{"width": 1280, "frame_count": 375, "video_id": "ILSVRC2015_train_00116002", "fps": 25, "trajectories": [[{"tid": 0, "generated": 0, "bbox": {"xmin": 419, "ymin": 371, "ymax": 657, "xmax": 947}}, {"tid": 1, "generated": 0, "bbox": {"xmin": 387, "ymin": 243, "ymax": 430, "xmax": 590}}], [{"tid": 0, "generated": 0, "bbox": {"xmin": 421, "ymin": 372, "ymax": 658, "xmax": 937}}, {"tid": 1, "generated": 0, "bbox": {"xmin": 382, "ymin": 243, "ymax": 430, "xmax": 586}}], [{"tid": 0, "generated": 0, "bbox": {"xmin": 423, "ymin": 374, "ymax": 659, "xmax": 927}}, {"tid": 1, "generated": 0, "bbox": {"xmin": 378, "ymin": 243, "ymax": 430, "xmax": 582}}], [{"tid": 0, "generated": 0, "bbox": {"xmin": 426, "ymin": 376, "ymax": 661, "xmax": 917}}, {"tid": 1, "generated": 0, "bbox": {"xmin": 373, "ymin": 243, "ymax": 430, "xmax": 578}}], [{"tid": 0, "generated": 0, "bbox": {"xmin": 428, "ymin": 376, "ymax": 663, "xmax": 908}}, {"tid": 1, "generated": 0, "bbox": {"xmin": 369, "ymin": 243, "ymax": 430, "xmax": 574}}], [{"tid": 0, "generated": 0, "bbox": {"xmin": 432, "ymin": 371, "ymax": 672, "xmax": 894}}, {"tid": 1, "generated": 0, "bbox": {"xmin": 365, "ymin": 243, "ymax": 430, "xmax": 571}}], [{"tid": 0, "generated": 0, "bbox": {"xmin": 433, "ymin": 373, "ymax": 684, "xmax": 885}}, {"tid": 1, "generated": 0, "bbox": {"xmin": 360, "ymin": 243, "ymax": 430, "xmax": 567}}], [{"tid": 0, "generated": 0, "bbox": {"xmin": 436, "ymin": 375, "ymax": 686, "xmax": 879}}, {"tid": 1, "generated": 0, "bbox": {"xmin": 356, "ymin": 243, "ymax": 430, "xmax": 563}}], [{"tid": 0, "generated": 0, "bbox": {"xmin": 439, "ymin": 377, "ymax": 688, "xmax": 874}}, {"tid": 1, "generated": 0, "bbox": {"xmin": 351, "ymin": 243, "ymax": 430, "xmax": 559}}], [{"tid": 0, "generated": 0, "bbox": {"xmin": 442, "ymin": 379, "ymax": 690, "xmax": 869}}, {"tid": 1, "generated": 0, "bbox": {"xmin": 347, "ymin": 243, "ymax": 430, "xmax": 555}}], [{"tid": 0, "generated": 0, "bbox": {"xmin": 446, "ymin": 382, "ymax": 693, "xmax": 864}}, {"tid": 1, "generated": 0, "bbox": {"xmin": 343, "ymin": 243, "ymax": 430, "xmax": 552}}], [{"tid": 0, "generated": 0, "bbox": {"xmin": 448, "ymin": 380, "ymax": 696, "xmax": 860}}, {"tid": 1, "generated": 0, "bbox": {"xmin": 341, "ymin": 241, "ymax": 426, "xmax": 549}}], [{"tid": 0, "generated": 0, "bbox": {"xmin": 446, "ymin": 378, "ymax": 693, "xmax": 840}}, {"tid": 1, "generated": 0, "bbox": {"xmin": 339, "ymin": 240, "ymax": 423, "xmax": 546}}], [{"tid": 0, "generated": 0, "bbox": {"xmin": 439, "ymin": 376, "ymax": 689, "xmax": 823}}, {"tid": 1, "generated": 0, "bbox": {"xmin": 337, "ymin": 238, "ymax": 420, "xmax": 543}}], [{"tid": 0, "generated": 0, "bbox": {"xmin": 448, "ymin": 375, "ymax": 689, "xmax": 808}}, {"tid": 1, "generated": 0, "bbox": {"xmin": 335, "ymin": 237, "ymax": 417, "xmax": 540}}], [{"tid": 0, "generated": 0, "bbox": {"xmin": 451, "ymin": 373, "ymax": 696, "xmax": 789}}, {"tid": 1, "generated": 0, "bbox": {"xmin": 334, "ymin": 236, "ymax": 414, "xmax": 538}}], [{"tid": 0, "generated": 0, "bbox": {"xmin": 481, "ymin": 376, "ymax": 689, "xmax": 776}}, {"tid": 1, "generated": 0, "bbox": {"xmin": 332, "ymin": 234, "ymax": 428, "xmax": 544}}], [{"tid": 0, "generated": 0, "bbox": {"xmin": 504, "ymin": 373, "ymax": 695, "xmax": 778}}, {"tid": 1, "generated": 0, "bbox": {"xmin": 341, "ymin": 232, "ymax": 419, "xmax": 540}}], [{"tid": 0, "generated": 0, "bbox": {"xmin": 522, "ymin": 369, "ymax": 693, "xmax": 775}}, {"tid": 1, "generated": 0, "bbox": {"xmin": 350, "ymin": 233, "ymax": 414, "xmax": 549}}], [{"tid": 0, "generated": 0, "bbox": {"xmin": 515, "ymin": 366, "ymax": 691, "xmax": 782}}, {"tid": 1, "generated": 0, "bbox": {"xmin": 359, "ymin": 234, "ymax": 410, "xmax": 558}}], [{"tid": 0, "generated": 0, "bbox": {"xmin": 602, "ymin": 364, "ymax": 698, "xmax": 792}}, {"tid": 1, "generated": 0, "bbox": {"xmin": 369, "ymin": 231, "ymax": 407, "xmax": 572}}], [{"tid": 0, "generated": 0, "bbox": {"xmin": 606, "ymin": 359, "ymax": 688, "xmax": 807}}, {"tid": 1, "generated": 0, "bbox": {"xmin": 379, "ymin": 223, "ymax": 401, "xmax": 582}}], [{"tid": 0, "generated": 0, "bbox": {"xmin": 606, "ymin": 348, "ymax": 677, "xmax": 819}}, {"tid": 1, "generated": 0, "bbox": {"xmin": 389, "ymin": 215, "ymax": 395, "xmax": 592}}], [{"tid": 0, "generated": 0, "bbox": {"xmin": 608, "ymin": 339, "ymax": 670, "xmax": 839}}, {"tid": 1, "generated": 0, "bbox": {"xmin": 400, "ymin": 208, "ymax": 389, "xmax": 602}}], [{"tid": 0, "generated": 0, "bbox": {"xmin": 600, "ymin": 330, "ymax": 664, "xmax": 848}}, {"tid": 1, "generated": 0, "bbox": {"xmin": 421, "ymin": 202, "ymax": 380, "xmax": 618}}], [{"tid": 0, "generated": 0, "bbox": {"xmin": 602, "ymin": 328, "ymax": 659, "xmax": 849}}, {"tid": 1, "generated": 0, "bbox": {"xmin": 429, "ymin": 197, "ymax": 373, "xmax": 633}}], [{"tid": 0, "generated": 0, "bbox": {"xmin": 595, "ymin": 327, "ymax": 654, "xmax": 839}}, {"tid": 1, "generated": 0, "bbox": {"xmin": 437, "ymin": 192, "ymax": 366, "xmax": 648}}], [{"tid": 0, "generated": 0, "bbox": {"xmin": 595, "ymin": 325, "ymax": 650, "xmax": 844}}, {"tid": 1, "generated": 0, "bbox": {"xmin": 445, "ymin": 187, "ymax": 361, "xmax": 655}}], [{"tid": 0, "generated": 0, "bbox": {"xmin": 586, "ymin": 323, "ymax": 646, "xmax": 846}}, {"tid": 1, "generated": 0, "bbox": {"xmin": 454, "ymin": 183, "ymax": 357, "xmax": 663}}], [{"tid": 0, "generated": 0, "bbox": {"xmin": 577, "ymin": 321, "ymax": 643, "xmax": 848}}, {"tid": 1, "generated": 0, "bbox": {"xmin": 462, "ymin": 178, "ymax": 352, "xmax": 671}}], [], [], [], [], [], [], [], [], [], [], [], [], [], [], [], [], [], [], [], [], [], [], [], [], [], [], [], [], [], [], [], [], [], [], [], [], [], [], [], [], [], [], [], [], [], [], [], [], [], [], [], [], [], [], [], [], [], [], [], [], [], [], [], [], [], [], [], [], [], [], [], [], [], [], [], [], [], [], [], [], [], [], [], [], [], [], [], [], [], [], [], [], [], [], [], [], [], [], [], [], [], [], [], [], [], [], [], [], [], [], [], [], [], [], [], [], [], [], [], [], [], [], [], [], [], [], [], [], [], [], [], [], [], [], [], [], [], [], [], [], [], [], [], [], [], [], [], [], [], [], [], [], [], [], [], [], [], [], [], [], [], [], [], [], [], [], [], [], [], [], [], [], [], [], [], [], [], [], [], [], [], [], [], [], [], [], [], [], [], [], [], [], [], [], [], [], [], [], [], [], [], [], [], [], [], [], [], [], [], [], [], [], [], [], [], [], [], [], [], [], [], [], [], [], [], [], [], [], [], [], [], [], [], [], [], [], [], [], [], [], [], [], [], [], [], [], [], [], [], [], [], [], [], [], [], [], [], [], [], [], [], [], [], [], [], [], [], [], [], [], [], [], [], [], [], [], [], [], [], [], [], [], [], [], [], [], [], [], [], [], [], [], [], [], [], [], [], [], [], [], [{"tid": 2, "generated": 0, "bbox": {"xmin": 627, "ymin": 400, "ymax": 456, "xmax": 693}}, {"tid": 3, "generated": 0, "bbox": {"xmin": 1106, "ymin": 373, "ymax": 707, "xmax": 1210}}], [{"tid": 2, "generated": 0, "bbox": {"xmin": 615, "ymin": 400, "ymax": 456, "xmax": 680}}, {"tid": 3, "generated": 0, "bbox": {"xmin": 1092, "ymin": 372, "ymax": 706, "xmax": 1198}}], [{"tid": 2, "generated": 0, "bbox": {"xmin": 593, "ymin": 401, "ymax": 458, "xmax": 659}}, {"tid": 3, "generated": 0, "bbox": {"xmin": 1078, "ymin": 373, "ymax": 707, "xmax": 1184}}], [{"tid": 2, "generated": 0, "bbox": {"xmin": 579, "ymin": 400, "ymax": 456, "xmax": 645}}, {"tid": 3, "generated": 0, "bbox": {"xmin": 1064, "ymin": 374, "ymax": 708, "xmax": 1170}}], [{"tid": 2, "generated": 0, "bbox": {"xmin": 567, "ymin": 400, "ymax": 456, "xmax": 632}}, {"tid": 3, "generated": 0, "bbox": {"xmin": 1050, "ymin": 376, "ymax": 710, "xmax": 1156}}], [{"tid": 2, "generated": 0, "bbox": {"xmin": 556, "ymin": 400, "ymax": 456, "xmax": 622}}, {"tid": 3, "generated": 0, "bbox": {"xmin": 1036, "ymin": 377, "ymax": 711, "xmax": 1142}}], [{"tid": 2, "generated": 0, "bbox": {"xmin": 549, "ymin": 408, "ymax": 465, "xmax": 615}}, {"tid": 3, "generated": 0, "bbox": {"xmin": 1022, "ymin": 378, "ymax": 712, "xmax": 1128}}], [{"tid": 2, "generated": 0, "bbox": {"xmin": 536, "ymin": 414, "ymax": 471, "xmax": 602}}, {"tid": 3, "generated": 0, "bbox": {"xmin": 1013, "ymin": 383, "ymax": 710, "xmax": 1119}}], [{"tid": 2, "generated": 0, "bbox": {"xmin": 526, "ymin": 417, "ymax": 474, "xmax": 592}}, {"tid": 3, "generated": 0, "bbox": {"xmin": 1004, "ymin": 388, "ymax": 709, "xmax": 1110}}], [{"tid": 2, "generated": 0, "bbox": {"xmin": 515, "ymin": 424, "ymax": 481, "xmax": 581}}, {"tid": 3, "generated": 0, "bbox": {"xmin": 996, "ymin": 394, "ymax": 707, "xmax": 1102}}], [{"tid": 2, "generated": 0, "bbox": {"xmin": 504, "ymin": 424, "ymax": 481, "xmax": 570}}, {"tid": 3, "generated": 0, "bbox": {"xmin": 987, "ymin": 399, "ymax": 706, "xmax": 1093}}], [{"tid": 2, "generated": 0, "bbox": {"xmin": 494, "ymin": 424, "ymax": 481, "xmax": 560}}, {"tid": 3, "generated": 0, "bbox": {"xmin": 978, "ymin": 404, "ymax": 704, "xmax": 1084}}], [{"tid": 2, "generated": 0, "bbox": {"xmin": 492, "ymin": 424, "ymax": 481, "xmax": 558}}, {"tid": 3, "generated": 0, "bbox": {"xmin": 968, "ymin": 404, "ymax": 704, "xmax": 1074}}], [{"tid": 2, "generated": 0, "bbox": {"xmin": 485, "ymin": 424, "ymax": 481, "xmax": 551}}, {"tid": 3, "generated": 0, "bbox": {"xmin": 957, "ymin": 404, "ymax": 704, "xmax": 1063}}], [{"tid": 2, "generated": 0, "bbox": {"xmin": 476, "ymin": 424, "ymax": 481, "xmax": 542}}, {"tid": 3, "generated": 0, "bbox": {"xmin": 947, "ymin": 404, "ymax": 704, "xmax": 1053}}], [{"tid": 2, "generated": 0, "bbox": {"xmin": 465, "ymin": 432, "ymax": 488, "xmax": 531}}, {"tid": 3, "generated": 0, "bbox": {"xmin": 936, "ymin": 404, "ymax": 704, "xmax": 1042}}], [{"tid": 2, "generated": 0, "bbox": {"xmin": 460, "ymin": 432, "ymax": 488, "xmax": 526}}, {"tid": 3, "generated": 0, "bbox": {"xmin": 926, "ymin": 404, "ymax": 704, "xmax": 1032}}], [{"tid": 2, "generated": 0, "bbox": {"xmin": 448, "ymin": 430, "ymax": 487, "xmax": 513}}, {"tid": 3, "generated": 0, "bbox": {"xmin": 916, "ymin": 404, "ymax": 704, "xmax": 1022}}], [{"tid": 2, "generated": 0, "bbox": {"xmin": 437, "ymin": 430, "ymax": 487, "xmax": 503}}, {"tid": 3, "generated": 0, "bbox": {"xmin": 906, "ymin": 404, "ymax": 704, "xmax": 1012}}], [{"tid": 2, "generated": 0, "bbox": {"xmin": 426, "ymin": 428, "ymax": 485, "xmax": 492}}, {"tid": 3, "generated": 0, "bbox": {"xmin": 896, "ymin": 404, "ymax": 704, "xmax": 1002}}], [{"tid": 2, "generated": 0, "bbox": {"xmin": 416, "ymin": 430, "ymax": 487, "xmax": 481}}, {"tid": 3, "generated": 0, "bbox": {"xmin": 886, "ymin": 404, "ymax": 704, "xmax": 992}}], [{"tid": 2, "generated": 0, "bbox": {"xmin": 400, "ymin": 432, "ymax": 488, "xmax": 465}}, {"tid": 3, "generated": 0, "bbox": {"xmin": 876, "ymin": 404, "ymax": 704, "xmax": 982}}], [{"tid": 2, "generated": 0, "bbox": {"xmin": 392, "ymin": 432, "ymax": 488, "xmax": 458}}, {"tid": 3, "generated": 0, "bbox": {"xmin": 876, "ymin": 404, "ymax": 704, "xmax": 982}}], [{"tid": 2, "generated": 0, "bbox": {"xmin": 387, "ymin": 432, "ymax": 488, "xmax": 453}}, {"tid": 3, "generated": 0, "bbox": {"xmin": 876, "ymin": 404, "ymax": 704, "xmax": 982}}], [{"tid": 2, "generated": 0, "bbox": {"xmin": 378, "ymin": 432, "ymax": 488, "xmax": 444}}, {"tid": 3, "generated": 0, "bbox": {"xmin": 876, "ymin": 404, "ymax": 704, "xmax": 982}}], [{"tid": 2, "generated": 0, "bbox": {"xmin": 371, "ymin": 432, "ymax": 488, "xmax": 437}}, {"tid": 3, "generated": 0, "bbox": {"xmin": 876, "ymin": 404, "ymax": 704, "xmax": 982}}], [{"tid": 2, "generated": 0, "bbox": {"xmin": 368, "ymin": 432, "ymax": 488, "xmax": 433}}, {"tid": 3, "generated": 0, "bbox": {"xmin": 876, "ymin": 404, "ymax": 704, "xmax": 982}}], [{"tid": 2, "generated": 0, "bbox": {"xmin": 359, "ymin": 432, "ymax": 488, "xmax": 424}}, {"tid": 3, "generated": 0, "bbox": {"xmin": 876, "ymin": 404, "ymax": 704, "xmax": 982}}], [{"tid": 2, "generated": 0, "bbox": {"xmin": 352, "ymin": 432, "ymax": 488, "xmax": 417}}, {"tid": 3, "generated": 0, "bbox": {"xmin": 876, "ymin": 404, "ymax": 704, "xmax": 982}}], [{"tid": 2, "generated": 0, "bbox": {"xmin": 343, "ymin": 433, "ymax": 490, "xmax": 408}}, {"tid": 3, "generated": 0, "bbox": {"xmin": 876, "ymin": 404, "ymax": 704, "xmax": 982}}]], "subject/objects": [{"category": "tiger", "tid": 0}, {"category": "tiger", "tid": 1}, {"category": "tiger", "tid": 2}, {"category": "person", "tid": 3}], "relation_instances": [{"end_fid": 30, "subject_tid": 0, "predicate": "walk_front", "begin_fid": 0, "object_tid": 1}, {"end_fid": 30, "subject_tid": 1, "predicate": "stand_behind", "begin_fid": 0, "object_tid": 0}, {"end_fid": 360, "subject_tid": 2, "predicate": "lie_behind", "begin_fid": 330, "object_tid": 3}, {"end_fid": 360, "subject_tid": 2, "predicate": "lie_left", "begin_fid": 330, "object_tid": 3}, {"end_fid": 360, "subject_tid": 3, "predicate": "stand_right", "begin_fid": 330, "object_tid": 2}, {"end_fid": 360, "subject_tid": 3, "predicate": "stand_front", "begin_fid": 330, "object_tid": 2}, {"end_fid": 360, "subject_tid": 3, "predicate": "watch", "begin_fid": 330, "object_tid": 2}], "height": 720}