{"width": 1280, "frame_count": 600, "video_id": "ILSVRC2015_train_00559000", "fps": 30, "trajectories": [[{"tid": 0, "generated": 0, "bbox": {"xmin": 48, "ymin": 339, "ymax": 565, "xmax": 348}}, {"tid": 1, "generated": 0, "bbox": {"xmin": 1029, "ymin": 273, "ymax": 496, "xmax": 1244}}], [{"tid": 0, "generated": 0, "bbox": {"xmin": 48, "ymin": 341, "ymax": 567, "xmax": 352}}, {"tid": 1, "generated": 0, "bbox": {"xmin": 1029, "ymin": 273, "ymax": 494, "xmax": 1244}}], [{"tid": 0, "generated": 0, "bbox": {"xmin": 46, "ymin": 341, "ymax": 565, "xmax": 350}}, {"tid": 1, "generated": 0, "bbox": {"xmin": 1029, "ymin": 273, "ymax": 494, "xmax": 1246}}], [{"tid": 0, "generated": 0, "bbox": {"xmin": 46, "ymin": 341, "ymax": 565, "xmax": 350}}, {"tid": 1, "generated": 0, "bbox": {"xmin": 1029, "ymin": 273, "ymax": 494, "xmax": 1246}}], [{"tid": 0, "generated": 0, "bbox": {"xmin": 46, "ymin": 341, "ymax": 565, "xmax": 350}}, {"tid": 1, "generated": 0, "bbox": {"xmin": 1029, "ymin": 273, "ymax": 494, "xmax": 1248}}], [{"tid": 0, "generated": 0, "bbox": {"xmin": 46, "ymin": 341, "ymax": 565, "xmax": 350}}, {"tid": 1, "generated": 0, "bbox": {"xmin": 1029, "ymin": 273, "ymax": 494, "xmax": 1248}}], [{"tid": 0, "generated": 0, "bbox": {"xmin": 46, "ymin": 341, "ymax": 563, "xmax": 350}}, {"tid": 1, "generated": 0, "bbox": {"xmin": 1029, "ymin": 273, "ymax": 494, "xmax": 1248}}], [{"tid": 0, "generated": 0, "bbox": {"xmin": 46, "ymin": 341, "ymax": 563, "xmax": 350}}, {"tid": 1, "generated": 0, "bbox": {"xmin": 1029, "ymin": 273, "ymax": 494, "xmax": 1249}}], [{"tid": 0, "generated": 0, "bbox": {"xmin": 46, "ymin": 341, "ymax": 563, "xmax": 350}}, {"tid": 1, "generated": 0, "bbox": {"xmin": 1029, "ymin": 273, "ymax": 494, "xmax": 1249}}], [{"tid": 0, "generated": 0, "bbox": {"xmin": 46, "ymin": 341, "ymax": 563, "xmax": 350}}, {"tid": 1, "generated": 0, "bbox": {"xmin": 1029, "ymin": 273, "ymax": 494, "xmax": 1251}}], [{"tid": 0, "generated": 0, "bbox": {"xmin": 46, "ymin": 341, "ymax": 563, "xmax": 350}}, {"tid": 1, "generated": 0, "bbox": {"xmin": 1029, "ymin": 275, "ymax": 492, "xmax": 1256}}], [{"tid": 0, "generated": 0, "bbox": {"xmin": 48, "ymin": 343, "ymax": 565, "xmax": 353}}, {"tid": 1, "generated": 0, "bbox": {"xmin": 1036, "ymin": 275, "ymax": 490, "xmax": 1258}}], [{"tid": 0, "generated": 0, "bbox": {"xmin": 48, "ymin": 343, "ymax": 565, "xmax": 353}}, {"tid": 1, "generated": 0, "bbox": {"xmin": 1038, "ymin": 275, "ymax": 490, "xmax": 1256}}], [{"tid": 0, "generated": 0, "bbox": {"xmin": 48, "ymin": 343, "ymax": 565, "xmax": 355}}, {"tid": 1, "generated": 0, "bbox": {"xmin": 1040, "ymin": 277, "ymax": 490, "xmax": 1260}}], [{"tid": 0, "generated": 0, "bbox": {"xmin": 49, "ymin": 341, "ymax": 563, "xmax": 353}}, {"tid": 1, "generated": 0, "bbox": {"xmin": 1047, "ymin": 277, "ymax": 490, "xmax": 1262}}], [{"tid": 0, "generated": 0, "bbox": {"xmin": 55, "ymin": 343, "ymax": 563, "xmax": 353}}, {"tid": 1, "generated": 0, "bbox": {"xmin": 1056, "ymin": 277, "ymax": 490, "xmax": 1265}}], [{"tid": 0, "generated": 0, "bbox": {"xmin": 53, "ymin": 343, "ymax": 563, "xmax": 355}}, {"tid": 1, "generated": 0, "bbox": {"xmin": 1068, "ymin": 279, "ymax": 488, "xmax": 1267}}], [{"tid": 0, "generated": 0, "bbox": {"xmin": 53, "ymin": 343, "ymax": 565, "xmax": 357}}, {"tid": 1, "generated": 0, "bbox": {"xmin": 1070, "ymin": 279, "ymax": 488, "xmax": 1264}}], [{"tid": 0, "generated": 0, "bbox": {"xmin": 51, "ymin": 343, "ymax": 567, "xmax": 359}}, {"tid": 1, "generated": 0, "bbox": {"xmin": 1084, "ymin": 279, "ymax": 487, "xmax": 1274}}], [{"tid": 0, "generated": 0, "bbox": {"xmin": 51, "ymin": 343, "ymax": 568, "xmax": 360}}, {"tid": 1, "generated": 0, "bbox": {"xmin": 1093, "ymin": 280, "ymax": 487, "xmax": 1274}}], [{"tid": 0, "generated": 0, "bbox": {"xmin": 51, "ymin": 343, "ymax": 570, "xmax": 364}}, {"tid": 1, "generated": 0, "bbox": {"xmin": 1095, "ymin": 282, "ymax": 490, "xmax": 1278}}], [{"tid": 0, "generated": 0, "bbox": {"xmin": 51, "ymin": 343, "ymax": 568, "xmax": 362}}, {"tid": 1, "generated": 0, "bbox": {"xmin": 1096, "ymin": 282, "ymax": 490, "xmax": 1278}}], [{"tid": 0, "generated": 0, "bbox": {"xmin": 51, "ymin": 343, "ymax": 568, "xmax": 360}}, {"tid": 1, "generated": 0, "bbox": {"xmin": 1096, "ymin": 282, "ymax": 490, "xmax": 1278}}], [{"tid": 0, "generated": 0, "bbox": {"xmin": 51, "ymin": 343, "ymax": 568, "xmax": 360}}, {"tid": 1, "generated": 0, "bbox": {"xmin": 1098, "ymin": 282, "ymax": 490, "xmax": 1278}}], [{"tid": 0, "generated": 0, "bbox": {"xmin": 51, "ymin": 343, "ymax": 568, "xmax": 359}}, {"tid": 1, "generated": 0, "bbox": {"xmin": 1098, "ymin": 282, "ymax": 490, "xmax": 1278}}], [{"tid": 0, "generated": 0, "bbox": {"xmin": 51, "ymin": 343, "ymax": 568, "xmax": 359}}, {"tid": 1, "generated": 0, "bbox": {"xmin": 1100, "ymin": 282, "ymax": 490, "xmax": 1278}}], [{"tid": 0, "generated": 0, "bbox": {"xmin": 51, "ymin": 343, "ymax": 568, "xmax": 357}}, {"tid": 1, "generated": 0, "bbox": {"xmin": 1100, "ymin": 282, "ymax": 490, "xmax": 1278}}], [{"tid": 0, "generated": 0, "bbox": {"xmin": 51, "ymin": 343, "ymax": 568, "xmax": 355}}, {"tid": 1, "generated": 0, "bbox": {"xmin": 1102, "ymin": 282, "ymax": 490, "xmax": 1278}}], [{"tid": 0, "generated": 0, "bbox": {"xmin": 51, "ymin": 343, "ymax": 568, "xmax": 355}}, {"tid": 1, "generated": 0, "bbox": {"xmin": 1102, "ymin": 282, "ymax": 490, "xmax": 1278}}], [{"tid": 0, "generated": 0, "bbox": {"xmin": 51, "ymin": 343, "ymax": 568, "xmax": 353}}, {"tid": 1, "generated": 0, "bbox": {"xmin": 1104, "ymin": 282, "ymax": 490, "xmax": 1278}}]], "subject/objects": [{"category": "antelope", "tid": 0}, {"category": "antelope", "tid": 1}], "relation_instances": [{"end_fid": 30, "subject_tid": 0, "predicate": "stand_left", "begin_fid": 0, "object_tid": 1}, {"end_fid": 30, "subject_tid": 1, "predicate": "walk_right", "begin_fid": 0, "object_tid": 0}, {"end_fid": 30, "subject_tid": 1, "predicate": "walk_away", "begin_fid": 0, "object_tid": 0}], "height": 720}