{"width": 1280, "frame_count": 43, "video_id": "ILSVRC2015_train_00119007", "fps": 30, "trajectories": [[{"tid": 0, "generated": 0, "bbox": {"xmin": 243, "ymin": 257, "ymax": 426, "xmax": 471}}, {"tid": 1, "generated": 0, "bbox": {"xmin": 443, "ymin": 130, "ymax": 421, "xmax": 710}}], [{"tid": 0, "generated": 0, "bbox": {"xmin": 246, "ymin": 269, "ymax": 437, "xmax": 473}}, {"tid": 1, "generated": 0, "bbox": {"xmin": 450, "ymin": 129, "ymax": 420, "xmax": 717}}], [{"tid": 0, "generated": 0, "bbox": {"xmin": 250, "ymin": 282, "ymax": 449, "xmax": 476}}, {"tid": 1, "generated": 0, "bbox": {"xmin": 457, "ymin": 128, "ymax": 419, "xmax": 724}}], [{"tid": 0, "generated": 0, "bbox": {"xmin": 254, "ymin": 295, "ymax": 463, "xmax": 476}}, {"tid": 1, "generated": 0, "bbox": {"xmin": 465, "ymin": 127, "ymax": 418, "xmax": 732}}], [{"tid": 0, "generated": 0, "bbox": {"xmin": 259, "ymin": 309, "ymax": 477, "xmax": 476}}, {"tid": 1, "generated": 0, "bbox": {"xmin": 472, "ymin": 126, "ymax": 417, "xmax": 739}}], [{"tid": 0, "generated": 0, "bbox": {"xmin": 264, "ymin": 323, "ymax": 492, "xmax": 476}}, {"tid": 1, "generated": 0, "bbox": {"xmin": 479, "ymin": 125, "ymax": 416, "xmax": 746}}], [{"tid": 0, "generated": 0, "bbox": {"xmin": 263, "ymin": 338, "ymax": 498, "xmax": 480}}, {"tid": 1, "generated": 0, "bbox": {"xmin": 505, "ymin": 126, "ymax": 419, "xmax": 748}}], [{"tid": 0, "generated": 0, "bbox": {"xmin": 263, "ymin": 353, "ymax": 505, "xmax": 485}}, {"tid": 1, "generated": 0, "bbox": {"xmin": 532, "ymin": 127, "ymax": 423, "xmax": 751}}], [{"tid": 0, "generated": 0, "bbox": {"xmin": 263, "ymin": 368, "ymax": 512, "xmax": 490}}, {"tid": 1, "generated": 0, "bbox": {"xmin": 558, "ymin": 128, "ymax": 426, "xmax": 753}}], [{"tid": 0, "generated": 0, "bbox": {"xmin": 268, "ymin": 385, "ymax": 490, "xmax": 497}}, {"tid": 1, "generated": 0, "bbox": {"xmin": 585, "ymin": 129, "ymax": 430, "xmax": 756}}], [{"tid": 0, "generated": 0, "bbox": {"xmin": 272, "ymin": 362, "ymax": 503, "xmax": 508}}, {"tid": 1, "generated": 0, "bbox": {"xmin": 611, "ymin": 130, "ymax": 433, "xmax": 758}}], [{"tid": 0, "generated": 0, "bbox": {"xmin": 286, "ymin": 343, "ymax": 444, "xmax": 522}}, {"tid": 1, "generated": 0, "bbox": {"xmin": 611, "ymin": 137, "ymax": 433, "xmax": 758}}], [{"tid": 0, "generated": 0, "bbox": {"xmin": 282, "ymin": 332, "ymax": 444, "xmax": 519}}, {"tid": 1, "generated": 0, "bbox": {"xmin": 611, "ymin": 144, "ymax": 433, "xmax": 758}}], [{"tid": 0, "generated": 0, "bbox": {"xmin": 311, "ymin": 321, "ymax": 462, "xmax": 520}}, {"tid": 1, "generated": 0, "bbox": {"xmin": 611, "ymin": 150, "ymax": 433, "xmax": 758}}], [{"tid": 0, "generated": 0, "bbox": {"xmin": 305, "ymin": 318, "ymax": 469, "xmax": 533}}, {"tid": 1, "generated": 0, "bbox": {"xmin": 611, "ymin": 157, "ymax": 433, "xmax": 758}}], [{"tid": 0, "generated": 0, "bbox": {"xmin": 302, "ymin": 315, "ymax": 476, "xmax": 530}}, {"tid": 1, "generated": 0, "bbox": {"xmin": 611, "ymin": 164, "ymax": 433, "xmax": 758}}], [{"tid": 0, "generated": 0, "bbox": {"xmin": 300, "ymin": 312, "ymax": 483, "xmax": 528}}, {"tid": 1, "generated": 0, "bbox": {"xmin": 598, "ymin": 168, "ymax": 440, "xmax": 762}}], [{"tid": 0, "generated": 0, "bbox": {"xmin": 306, "ymin": 313, "ymax": 479, "xmax": 534}}, {"tid": 1, "generated": 0, "bbox": {"xmin": 585, "ymin": 172, "ymax": 447, "xmax": 765}}], [{"tid": 0, "generated": 0, "bbox": {"xmin": 312, "ymin": 314, "ymax": 476, "xmax": 540}}, {"tid": 1, "generated": 0, "bbox": {"xmin": 571, "ymin": 177, "ymax": 455, "xmax": 769}}], [{"tid": 0, "generated": 0, "bbox": {"xmin": 313, "ymin": 318, "ymax": 509, "xmax": 534}}, {"tid": 1, "generated": 0, "bbox": {"xmin": 558, "ymin": 181, "ymax": 462, "xmax": 772}}], [{"tid": 0, "generated": 0, "bbox": {"xmin": 314, "ymin": 323, "ymax": 542, "xmax": 528}}, {"tid": 1, "generated": 0, "bbox": {"xmin": 545, "ymin": 185, "ymax": 469, "xmax": 776}}], [{"tid": 0, "generated": 0, "bbox": {"xmin": 309, "ymin": 332, "ymax": 551, "xmax": 522}}, {"tid": 1, "generated": 0, "bbox": {"xmin": 545, "ymin": 177, "ymax": 461, "xmax": 758}}], [{"tid": 0, "generated": 0, "bbox": {"xmin": 305, "ymin": 341, "ymax": 561, "xmax": 517}}, {"tid": 1, "generated": 0, "bbox": {"xmin": 545, "ymin": 170, "ymax": 454, "xmax": 740}}], [{"tid": 0, "generated": 0, "bbox": {"xmin": 298, "ymin": 351, "ymax": 575, "xmax": 510}}, {"tid": 1, "generated": 0, "bbox": {"xmin": 546, "ymin": 162, "ymax": 446, "xmax": 723}}], [{"tid": 0, "generated": 0, "bbox": {"xmin": 291, "ymin": 362, "ymax": 589, "xmax": 503}}, {"tid": 1, "generated": 0, "bbox": {"xmin": 546, "ymin": 155, "ymax": 439, "xmax": 705}}], [{"tid": 0, "generated": 0, "bbox": {"xmin": 284, "ymin": 373, "ymax": 604, "xmax": 497}}, {"tid": 1, "generated": 0, "bbox": {"xmin": 546, "ymin": 147, "ymax": 431, "xmax": 687}}], [{"tid": 0, "generated": 0, "bbox": {"xmin": 275, "ymin": 378, "ymax": 622, "xmax": 488}}, {"tid": 1, "generated": 0, "bbox": {"xmin": 545, "ymin": 127, "ymax": 411, "xmax": 686}}], [{"tid": 0, "generated": 0, "bbox": {"xmin": 267, "ymin": 383, "ymax": 640, "xmax": 479}}, {"tid": 1, "generated": 0, "bbox": {"xmin": 544, "ymin": 106, "ymax": 390, "xmax": 685}}], [{"tid": 0, "generated": 0, "bbox": {"xmin": 259, "ymin": 389, "ymax": 659, "xmax": 471}}, {"tid": 1, "generated": 0, "bbox": {"xmin": 542, "ymin": 86, "ymax": 370, "xmax": 683}}], [{"tid": 0, "generated": 0, "bbox": {"xmin": 264, "ymin": 396, "ymax": 652, "xmax": 474}}, {"tid": 1, "generated": 0, "bbox": {"xmin": 541, "ymin": 65, "ymax": 349, "xmax": 682}}]], "subject/objects": [{"category": "bicycle", "tid": 0}, {"category": "person", "tid": 1}], "relation_instances": [{"end_fid": 30, "subject_tid": 0, "predicate": "beneath", "begin_fid": 0, "object_tid": 1}, {"end_fid": 30, "subject_tid": 0, "predicate": "away", "begin_fid": 0, "object_tid": 1}, {"end_fid": 30, "subject_tid": 0, "predicate": "left", "begin_fid": 0, "object_tid": 1}, {"end_fid": 30, "subject_tid": 1, "predicate": "run_above", "begin_fid": 0, "object_tid": 0}, {"end_fid": 30, "subject_tid": 1, "predicate": "run_right", "begin_fid": 0, "object_tid": 0}, {"end_fid": 30, "subject_tid": 1, "predicate": "watch", "begin_fid": 0, "object_tid": 0}], "height": 720}