{"width": 1280, "frame_count": 424, "video_id": "ILSVRC2015_train_00284013", "fps": 30, "trajectories": [[{"tid": 0, "generated": 0, "bbox": {"xmin": 465, "ymin": 268, "ymax": 398, "xmax": 673}}, {"tid": 1, "generated": 0, "bbox": {"xmin": 588, "ymin": 211, "ymax": 291, "xmax": 760}}, {"tid": 2, "generated": 0, "bbox": {"xmin": 664, "ymin": 167, "ymax": 227, "xmax": 789}}], [{"tid": 0, "generated": 0, "bbox": {"xmin": 463, "ymin": 268, "ymax": 398, "xmax": 671}}, {"tid": 1, "generated": 0, "bbox": {"xmin": 586, "ymin": 211, "ymax": 291, "xmax": 758}}, {"tid": 2, "generated": 0, "bbox": {"xmin": 663, "ymin": 166, "ymax": 226, "xmax": 788}}], [{"tid": 0, "generated": 0, "bbox": {"xmin": 461, "ymin": 269, "ymax": 399, "xmax": 669}}, {"tid": 1, "generated": 0, "bbox": {"xmin": 585, "ymin": 211, "ymax": 291, "xmax": 757}}, {"tid": 2, "generated": 0, "bbox": {"xmin": 662, "ymin": 166, "ymax": 226, "xmax": 787}}], [{"tid": 0, "generated": 0, "bbox": {"xmin": 460, "ymin": 269, "ymax": 399, "xmax": 668}}, {"tid": 1, "generated": 0, "bbox": {"xmin": 584, "ymin": 211, "ymax": 291, "xmax": 756}}, {"tid": 2, "generated": 0, "bbox": {"xmin": 661, "ymin": 166, "ymax": 226, "xmax": 786}}], [{"tid": 0, "generated": 0, "bbox": {"xmin": 458, "ymin": 270, "ymax": 400, "xmax": 666}}, {"tid": 1, "generated": 0, "bbox": {"xmin": 583, "ymin": 211, "ymax": 291, "xmax": 755}}, {"tid": 2, "generated": 0, "bbox": {"xmin": 660, "ymin": 166, "ymax": 226, "xmax": 785}}], [{"tid": 0, "generated": 0, "bbox": {"xmin": 457, "ymin": 270, "ymax": 400, "xmax": 665}}, {"tid": 1, "generated": 0, "bbox": {"xmin": 582, "ymin": 211, "ymax": 291, "xmax": 754}}, {"tid": 2, "generated": 0, "bbox": {"xmin": 660, "ymin": 166, "ymax": 226, "xmax": 784}}], [{"tid": 0, "generated": 0, "bbox": {"xmin": 455, "ymin": 271, "ymax": 401, "xmax": 663}}, {"tid": 1, "generated": 0, "bbox": {"xmin": 580, "ymin": 211, "ymax": 291, "xmax": 752}}, {"tid": 2, "generated": 0, "bbox": {"xmin": 659, "ymin": 165, "ymax": 225, "xmax": 783}}], [{"tid": 0, "generated": 0, "bbox": {"xmin": 453, "ymin": 271, "ymax": 401, "xmax": 661}}, {"tid": 1, "generated": 0, "bbox": {"xmin": 579, "ymin": 211, "ymax": 291, "xmax": 751}}, {"tid": 2, "generated": 0, "bbox": {"xmin": 658, "ymin": 165, "ymax": 225, "xmax": 782}}], [{"tid": 0, "generated": 0, "bbox": {"xmin": 452, "ymin": 272, "ymax": 402, "xmax": 660}}, {"tid": 1, "generated": 0, "bbox": {"xmin": 578, "ymin": 211, "ymax": 291, "xmax": 750}}, {"tid": 2, "generated": 0, "bbox": {"xmin": 657, "ymin": 165, "ymax": 225, "xmax": 781}}], [{"tid": 0, "generated": 0, "bbox": {"xmin": 450, "ymin": 272, "ymax": 402, "xmax": 658}}, {"tid": 1, "generated": 0, "bbox": {"xmin": 577, "ymin": 211, "ymax": 291, "xmax": 749}}, {"tid": 2, "generated": 0, "bbox": {"xmin": 656, "ymin": 165, "ymax": 225, "xmax": 780}}], [{"tid": 0, "generated": 0, "bbox": {"xmin": 449, "ymin": 273, "ymax": 403, "xmax": 657}}, {"tid": 1, "generated": 0, "bbox": {"xmin": 576, "ymin": 211, "ymax": 291, "xmax": 748}}, {"tid": 2, "generated": 0, "bbox": {"xmin": 656, "ymin": 165, "ymax": 225, "xmax": 780}}], [{"tid": 0, "generated": 0, "bbox": {"xmin": 448, "ymin": 274, "ymax": 403, "xmax": 656}}, {"tid": 1, "generated": 0, "bbox": {"xmin": 575, "ymin": 211, "ymax": 291, "xmax": 747}}, {"tid": 2, "generated": 0, "bbox": {"xmin": 656, "ymin": 165, "ymax": 225, "xmax": 779}}], [{"tid": 0, "generated": 0, "bbox": {"xmin": 448, "ymin": 275, "ymax": 404, "xmax": 656}}, {"tid": 1, "generated": 0, "bbox": {"xmin": 575, "ymin": 212, "ymax": 292, "xmax": 747}}, {"tid": 2, "generated": 0, "bbox": {"xmin": 657, "ymin": 166, "ymax": 226, "xmax": 779}}], [{"tid": 0, "generated": 0, "bbox": {"xmin": 447, "ymin": 276, "ymax": 405, "xmax": 655}}, {"tid": 1, "generated": 0, "bbox": {"xmin": 575, "ymin": 213, "ymax": 293, "xmax": 747}}, {"tid": 2, "generated": 0, "bbox": {"xmin": 657, "ymin": 167, "ymax": 227, "xmax": 778}}], [{"tid": 0, "generated": 0, "bbox": {"xmin": 447, "ymin": 278, "ymax": 405, "xmax": 655}}, {"tid": 1, "generated": 0, "bbox": {"xmin": 575, "ymin": 214, "ymax": 294, "xmax": 747}}, {"tid": 2, "generated": 0, "bbox": {"xmin": 658, "ymin": 167, "ymax": 227, "xmax": 778}}], [{"tid": 0, "generated": 0, "bbox": {"xmin": 446, "ymin": 279, "ymax": 406, "xmax": 654}}, {"tid": 1, "generated": 0, "bbox": {"xmin": 575, "ymin": 215, "ymax": 295, "xmax": 747}}, {"tid": 2, "generated": 0, "bbox": {"xmin": 658, "ymin": 168, "ymax": 228, "xmax": 778}}], [{"tid": 0, "generated": 0, "bbox": {"xmin": 446, "ymin": 280, "ymax": 407, "xmax": 654}}, {"tid": 1, "generated": 0, "bbox": {"xmin": 574, "ymin": 216, "ymax": 296, "xmax": 746}}, {"tid": 2, "generated": 0, "bbox": {"xmin": 659, "ymin": 169, "ymax": 229, "xmax": 777}}], [{"tid": 0, "generated": 0, "bbox": {"xmin": 445, "ymin": 282, "ymax": 407, "xmax": 653}}, {"tid": 1, "generated": 0, "bbox": {"xmin": 574, "ymin": 217, "ymax": 297, "xmax": 746}}, {"tid": 2, "generated": 0, "bbox": {"xmin": 659, "ymin": 169, "ymax": 229, "xmax": 777}}], [{"tid": 0, "generated": 0, "bbox": {"xmin": 445, "ymin": 283, "ymax": 408, "xmax": 653}}, {"tid": 1, "generated": 0, "bbox": {"xmin": 574, "ymin": 218, "ymax": 298, "xmax": 746}}, {"tid": 2, "generated": 0, "bbox": {"xmin": 660, "ymin": 170, "ymax": 230, "xmax": 776}}], [{"tid": 0, "generated": 0, "bbox": {"xmin": 444, "ymin": 284, "ymax": 409, "xmax": 652}}, {"tid": 1, "generated": 0, "bbox": {"xmin": 574, "ymin": 219, "ymax": 299, "xmax": 746}}, {"tid": 2, "generated": 0, "bbox": {"xmin": 660, "ymin": 171, "ymax": 231, "xmax": 776}}], [{"tid": 0, "generated": 0, "bbox": {"xmin": 444, "ymin": 286, "ymax": 410, "xmax": 652}}, {"tid": 1, "generated": 0, "bbox": {"xmin": 574, "ymin": 220, "ymax": 300, "xmax": 746}}, {"tid": 2, "generated": 0, "bbox": {"xmin": 661, "ymin": 172, "ymax": 232, "xmax": 776}}], [{"tid": 0, "generated": 0, "bbox": {"xmin": 440, "ymin": 286, "ymax": 410, "xmax": 649}}, {"tid": 1, "generated": 0, "bbox": {"xmin": 572, "ymin": 220, "ymax": 300, "xmax": 744}}, {"tid": 2, "generated": 0, "bbox": {"xmin": 661, "ymin": 170, "ymax": 231, "xmax": 780}}], [{"tid": 0, "generated": 0, "bbox": {"xmin": 436, "ymin": 286, "ymax": 410, "xmax": 646}}, {"tid": 1, "generated": 0, "bbox": {"xmin": 570, "ymin": 220, "ymax": 300, "xmax": 742}}, {"tid": 2, "generated": 0, "bbox": {"xmin": 664, "ymin": 172, "ymax": 232, "xmax": 776}}], [{"tid": 0, "generated": 0, "bbox": {"xmin": 433, "ymin": 286, "ymax": 410, "xmax": 643}}, {"tid": 1, "generated": 0, "bbox": {"xmin": 568, "ymin": 220, "ymax": 300, "xmax": 740}}, {"tid": 2, "generated": 0, "bbox": {"xmin": 661, "ymin": 170, "ymax": 231, "xmax": 773}}], [{"tid": 0, "generated": 0, "bbox": {"xmin": 429, "ymin": 286, "ymax": 410, "xmax": 641}}, {"tid": 1, "generated": 0, "bbox": {"xmin": 566, "ymin": 220, "ymax": 300, "xmax": 738}}, {"tid": 2, "generated": 0, "bbox": {"xmin": 658, "ymin": 170, "ymax": 231, "xmax": 771}}], [{"tid": 0, "generated": 0, "bbox": {"xmin": 426, "ymin": 287, "ymax": 410, "xmax": 638}}, {"tid": 1, "generated": 0, "bbox": {"xmin": 564, "ymin": 220, "ymax": 300, "xmax": 736}}, {"tid": 2, "generated": 0, "bbox": {"xmin": 655, "ymin": 170, "ymax": 231, "xmax": 770}}], [{"tid": 0, "generated": 0, "bbox": {"xmin": 422, "ymin": 287, "ymax": 410, "xmax": 635}}, {"tid": 1, "generated": 0, "bbox": {"xmin": 562, "ymin": 220, "ymax": 300, "xmax": 734}}, {"tid": 2, "generated": 0, "bbox": {"xmin": 652, "ymin": 170, "ymax": 231, "xmax": 769}}], [{"tid": 0, "generated": 0, "bbox": {"xmin": 418, "ymin": 287, "ymax": 410, "xmax": 633}}, {"tid": 1, "generated": 0, "bbox": {"xmin": 560, "ymin": 220, "ymax": 300, "xmax": 732}}, {"tid": 2, "generated": 0, "bbox": {"xmin": 651, "ymin": 170, "ymax": 230, "xmax": 768}}], [{"tid": 0, "generated": 0, "bbox": {"xmin": 415, "ymin": 287, "ymax": 410, "xmax": 630}}, {"tid": 1, "generated": 0, "bbox": {"xmin": 558, "ymin": 220, "ymax": 300, "xmax": 730}}, {"tid": 2, "generated": 0, "bbox": {"xmin": 650, "ymin": 170, "ymax": 230, "xmax": 767}}], [{"tid": 0, "generated": 0, "bbox": {"xmin": 411, "ymin": 287, "ymax": 410, "xmax": 627}}, {"tid": 1, "generated": 0, "bbox": {"xmin": 556, "ymin": 220, "ymax": 300, "xmax": 728}}, {"tid": 2, "generated": 0, "bbox": {"xmin": 649, "ymin": 170, "ymax": 229, "xmax": 766}}], [], [], [], [], [], [], [], [], [], [], [], [], [], [], [], [], [], [], [], [], [], [], [], [], [], [], [], [], [], [], [], [], [], [], [], [], [], [], [], [], [], [], [], [], [], [], [], [], [], [], [], [], [], [], [], [], [], [], [], [], [], [], [], [], [], [], [], [], [], [], [], [], [], [], [], [], [], [], [], [], [], [], [], [], [], [], [], [], [], [], [], [], [], [], [], [], [], [], [], [], [], [], [], [], [], [], [], [], [], [], [], [], [], [], [], [], [], [], [], [], [], [], [], [], [], [], [], [], [], [], [], [], [], [], [], [], [], [], [], [], [], [], [], [], [], [], [], [], [], [], [], [], [], [], [], [], [], [], [], [], [], [], [], [], [], [], [], [], [], [], [], [], [], [], [], [], [], [], [], [], [], [], [], [], [], [], [], [], [], [], [], [], [], [], [], [], [], [], [], [], [], [], [], [], [], [], [], [], [], [], [], [], [], [], [], [], [], [], [], [], [], [], [], [], [], [], [], [], [], [], [], [], [], [], [], [], [], [], [], [], [], [], [], [], [], [], [], [], [], [], [], [], [], [], [], [], [], [], [], [], [], [], [], [], [], [], [], [], [], [], [], [], [], [], [], [], [], [], [], [], [], [], [], [], [], [], [], [], [], [], [], [], [], [], [], [], [], [], [], [], [], [], [], [], [], [], [], [], [], [], [], [], [], [], [], [], [], [], [], [], [], [], [], [], [], [], [], [], [], [], [], [], [], [], [], [], [], [], [], [], [], [], [], [], [], [], [], [], [], [], [], [], [], [], [], [], [], [], [], [], [{"tid": 0, "generated": 0, "bbox": {"xmin": 343, "ymin": 337, "ymax": 494, "xmax": 611}}, {"tid": 1, "generated": 0, "bbox": {"xmin": 597, "ymin": 238, "ymax": 337, "xmax": 787}}, {"tid": 2, "generated": 0, "bbox": {"xmin": 693, "ymin": 179, "ymax": 248, "xmax": 821}}], [{"tid": 0, "generated": 0, "bbox": {"xmin": 341, "ymin": 338, "ymax": 495, "xmax": 609}}, {"tid": 1, "generated": 0, "bbox": {"xmin": 597, "ymin": 238, "ymax": 337, "xmax": 786}}, {"tid": 2, "generated": 0, "bbox": {"xmin": 693, "ymin": 179, "ymax": 248, "xmax": 824}}], [{"tid": 0, "generated": 0, "bbox": {"xmin": 340, "ymin": 340, "ymax": 496, "xmax": 608}}, {"tid": 1, "generated": 0, "bbox": {"xmin": 597, "ymin": 239, "ymax": 338, "xmax": 786}}, {"tid": 2, "generated": 0, "bbox": {"xmin": 691, "ymin": 179, "ymax": 248, "xmax": 819}}], [{"tid": 0, "generated": 0, "bbox": {"xmin": 339, "ymin": 341, "ymax": 498, "xmax": 607}}, {"tid": 1, "generated": 0, "bbox": {"xmin": 597, "ymin": 240, "ymax": 339, "xmax": 785}}, {"tid": 2, "generated": 0, "bbox": {"xmin": 691, "ymin": 179, "ymax": 248, "xmax": 819}}], [{"tid": 0, "generated": 0, "bbox": {"xmin": 338, "ymin": 343, "ymax": 499, "xmax": 606}}, {"tid": 1, "generated": 0, "bbox": {"xmin": 597, "ymin": 240, "ymax": 340, "xmax": 785}}, {"tid": 2, "generated": 0, "bbox": {"xmin": 688, "ymin": 184, "ymax": 252, "xmax": 817}}], [{"tid": 0, "generated": 0, "bbox": {"xmin": 337, "ymin": 345, "ymax": 501, "xmax": 605}}, {"tid": 1, "generated": 0, "bbox": {"xmin": 598, "ymin": 241, "ymax": 341, "xmax": 784}}, {"tid": 2, "generated": 0, "bbox": {"xmin": 686, "ymin": 185, "ymax": 253, "xmax": 816}}], [{"tid": 0, "generated": 0, "bbox": {"xmin": 336, "ymin": 346, "ymax": 502, "xmax": 604}}, {"tid": 1, "generated": 0, "bbox": {"xmin": 598, "ymin": 242, "ymax": 342, "xmax": 784}}, {"tid": 2, "generated": 0, "bbox": {"xmin": 684, "ymin": 186, "ymax": 255, "xmax": 816}}], [{"tid": 0, "generated": 0, "bbox": {"xmin": 335, "ymin": 348, "ymax": 503, "xmax": 603}}, {"tid": 1, "generated": 0, "bbox": {"xmin": 598, "ymin": 242, "ymax": 343, "xmax": 783}}, {"tid": 2, "generated": 0, "bbox": {"xmin": 682, "ymin": 188, "ymax": 257, "xmax": 816}}], [{"tid": 0, "generated": 0, "bbox": {"xmin": 334, "ymin": 349, "ymax": 505, "xmax": 602}}, {"tid": 1, "generated": 0, "bbox": {"xmin": 598, "ymin": 243, "ymax": 344, "xmax": 783}}, {"tid": 2, "generated": 0, "bbox": {"xmin": 680, "ymin": 189, "ymax": 258, "xmax": 814}}], [{"tid": 0, "generated": 0, "bbox": {"xmin": 333, "ymin": 351, "ymax": 506, "xmax": 601}}, {"tid": 1, "generated": 0, "bbox": {"xmin": 598, "ymin": 244, "ymax": 345, "xmax": 782}}, {"tid": 2, "generated": 0, "bbox": {"xmin": 678, "ymin": 191, "ymax": 259, "xmax": 813}}], [{"tid": 0, "generated": 0, "bbox": {"xmin": 332, "ymin": 353, "ymax": 508, "xmax": 600}}, {"tid": 1, "generated": 0, "bbox": {"xmin": 599, "ymin": 245, "ymax": 346, "xmax": 782}}, {"tid": 2, "generated": 0, "bbox": {"xmin": 677, "ymin": 193, "ymax": 261, "xmax": 812}}], [{"tid": 0, "generated": 0, "bbox": {"xmin": 331, "ymin": 354, "ymax": 509, "xmax": 599}}, {"tid": 1, "generated": 0, "bbox": {"xmin": 599, "ymin": 246, "ymax": 346, "xmax": 781}}, {"tid": 2, "generated": 0, "bbox": {"xmin": 678, "ymin": 193, "ymax": 261, "xmax": 811}}], [{"tid": 0, "generated": 0, "bbox": {"xmin": 331, "ymin": 355, "ymax": 510, "xmax": 599}}, {"tid": 1, "generated": 0, "bbox": {"xmin": 599, "ymin": 247, "ymax": 347, "xmax": 781}}, {"tid": 2, "generated": 0, "bbox": {"xmin": 680, "ymin": 193, "ymax": 261, "xmax": 810}}], [{"tid": 0, "generated": 0, "bbox": {"xmin": 330, "ymin": 356, "ymax": 512, "xmax": 599}}, {"tid": 1, "generated": 0, "bbox": {"xmin": 599, "ymin": 248, "ymax": 347, "xmax": 780}}, {"tid": 2, "generated": 0, "bbox": {"xmin": 680, "ymin": 193, "ymax": 262, "xmax": 809}}], [{"tid": 0, "generated": 0, "bbox": {"xmin": 330, "ymin": 358, "ymax": 513, "xmax": 598}}, {"tid": 1, "generated": 0, "bbox": {"xmin": 600, "ymin": 249, "ymax": 348, "xmax": 780}}, {"tid": 2, "generated": 0, "bbox": {"xmin": 680, "ymin": 194, "ymax": 263, "xmax": 808}}], [{"tid": 0, "generated": 0, "bbox": {"xmin": 330, "ymin": 359, "ymax": 515, "xmax": 598}}, {"tid": 1, "generated": 0, "bbox": {"xmin": 600, "ymin": 250, "ymax": 349, "xmax": 780}}, {"tid": 2, "generated": 0, "bbox": {"xmin": 680, "ymin": 195, "ymax": 264, "xmax": 808}}], [{"tid": 0, "generated": 0, "bbox": {"xmin": 329, "ymin": 360, "ymax": 516, "xmax": 598}}, {"tid": 1, "generated": 0, "bbox": {"xmin": 600, "ymin": 251, "ymax": 349, "xmax": 779}}, {"tid": 2, "generated": 0, "bbox": {"xmin": 680, "ymin": 196, "ymax": 265, "xmax": 807}}], [{"tid": 0, "generated": 0, "bbox": {"xmin": 329, "ymin": 362, "ymax": 517, "xmax": 597}}, {"tid": 1, "generated": 0, "bbox": {"xmin": 601, "ymin": 252, "ymax": 350, "xmax": 779}}, {"tid": 2, "generated": 0, "bbox": {"xmin": 681, "ymin": 197, "ymax": 266, "xmax": 807}}], [{"tid": 0, "generated": 0, "bbox": {"xmin": 328, "ymin": 363, "ymax": 519, "xmax": 597}}, {"tid": 1, "generated": 0, "bbox": {"xmin": 601, "ymin": 253, "ymax": 350, "xmax": 778}}, {"tid": 2, "generated": 0, "bbox": {"xmin": 682, "ymin": 199, "ymax": 268, "xmax": 807}}], [{"tid": 0, "generated": 0, "bbox": {"xmin": 328, "ymin": 364, "ymax": 520, "xmax": 597}}, {"tid": 1, "generated": 0, "bbox": {"xmin": 601, "ymin": 254, "ymax": 351, "xmax": 778}}, {"tid": 2, "generated": 0, "bbox": {"xmin": 682, "ymin": 199, "ymax": 270, "xmax": 806}}], [{"tid": 0, "generated": 0, "bbox": {"xmin": 328, "ymin": 366, "ymax": 522, "xmax": 597}}, {"tid": 1, "generated": 0, "bbox": {"xmin": 602, "ymin": 256, "ymax": 352, "xmax": 778}}, {"tid": 2, "generated": 0, "bbox": {"xmin": 682, "ymin": 200, "ymax": 273, "xmax": 805}}], [{"tid": 0, "generated": 0, "bbox": {"xmin": 328, "ymin": 364, "ymax": 521, "xmax": 597}}, {"tid": 1, "generated": 0, "bbox": {"xmin": 602, "ymin": 255, "ymax": 351, "xmax": 779}}, {"tid": 2, "generated": 0, "bbox": {"xmin": 681, "ymin": 200, "ymax": 272, "xmax": 806}}], [{"tid": 0, "generated": 0, "bbox": {"xmin": 329, "ymin": 362, "ymax": 520, "xmax": 598}}, {"tid": 1, "generated": 0, "bbox": {"xmin": 603, "ymin": 255, "ymax": 351, "xmax": 780}}, {"tid": 2, "generated": 0, "bbox": {"xmin": 680, "ymin": 201, "ymax": 271, "xmax": 807}}], [{"tid": 0, "generated": 0, "bbox": {"xmin": 329, "ymin": 361, "ymax": 519, "xmax": 598}}, {"tid": 1, "generated": 0, "bbox": {"xmin": 604, "ymin": 255, "ymax": 351, "xmax": 781}}, {"tid": 2, "generated": 0, "bbox": {"xmin": 680, "ymin": 202, "ymax": 270, "xmax": 808}}], [{"tid": 0, "generated": 0, "bbox": {"xmin": 330, "ymin": 359, "ymax": 519, "xmax": 599}}, {"tid": 1, "generated": 0, "bbox": {"xmin": 604, "ymin": 255, "ymax": 351, "xmax": 782}}, {"tid": 2, "generated": 0, "bbox": {"xmin": 680, "ymin": 201, "ymax": 268, "xmax": 808}}], [{"tid": 0, "generated": 0, "bbox": {"xmin": 331, "ymin": 358, "ymax": 518, "xmax": 599}}, {"tid": 1, "generated": 0, "bbox": {"xmin": 605, "ymin": 255, "ymax": 351, "xmax": 783}}, {"tid": 2, "generated": 0, "bbox": {"xmin": 680, "ymin": 201, "ymax": 267, "xmax": 808}}], [{"tid": 0, "generated": 0, "bbox": {"xmin": 331, "ymin": 356, "ymax": 517, "xmax": 600}}, {"tid": 1, "generated": 0, "bbox": {"xmin": 606, "ymin": 254, "ymax": 350, "xmax": 784}}, {"tid": 2, "generated": 0, "bbox": {"xmin": 680, "ymin": 200, "ymax": 266, "xmax": 809}}], [{"tid": 0, "generated": 0, "bbox": {"xmin": 332, "ymin": 354, "ymax": 517, "xmax": 600}}, {"tid": 1, "generated": 0, "bbox": {"xmin": 606, "ymin": 254, "ymax": 350, "xmax": 785}}, {"tid": 2, "generated": 0, "bbox": {"xmin": 680, "ymin": 200, "ymax": 265, "xmax": 809}}], [{"tid": 0, "generated": 0, "bbox": {"xmin": 332, "ymin": 353, "ymax": 516, "xmax": 601}}, {"tid": 1, "generated": 0, "bbox": {"xmin": 607, "ymin": 254, "ymax": 350, "xmax": 786}}, {"tid": 2, "generated": 0, "bbox": {"xmin": 680, "ymin": 200, "ymax": 264, "xmax": 810}}], [{"tid": 0, "generated": 0, "bbox": {"xmin": 333, "ymin": 351, "ymax": 515, "xmax": 601}}, {"tid": 1, "generated": 0, "bbox": {"xmin": 608, "ymin": 254, "ymax": 350, "xmax": 787}}, {"tid": 2, "generated": 0, "bbox": {"xmin": 680, "ymin": 201, "ymax": 267, "xmax": 811}}]], "subject/objects": [{"category": "watercraft", "tid": 0}, {"category": "watercraft", "tid": 1}, {"category": "watercraft", "tid": 2}], "relation_instances": [{"end_fid": 30, "subject_tid": 0, "predicate": "move_right", "begin_fid": 0, "object_tid": 1}, {"end_fid": 30, "subject_tid": 0, "predicate": "move_behind", "begin_fid": 0, "object_tid": 1}, {"end_fid": 30, "subject_tid": 0, "predicate": "move_with", "begin_fid": 0, "object_tid": 1}, {"end_fid": 30, "subject_tid": 1, "predicate": "move_front", "begin_fid": 0, "object_tid": 0}, {"end_fid": 30, "subject_tid": 1, "predicate": "move_with", "begin_fid": 0, "object_tid": 0}, {"end_fid": 30, "subject_tid": 1, "predicate": "move_left", "begin_fid": 0, "object_tid": 0}, {"end_fid": 30, "subject_tid": 0, "predicate": "move_right", "begin_fid": 0, "object_tid": 2}, {"end_fid": 30, "subject_tid": 0, "predicate": "move_behind", "begin_fid": 0, "object_tid": 2}, {"end_fid": 30, "subject_tid": 0, "predicate": "move_with", "begin_fid": 0, "object_tid": 2}, {"end_fid": 30, "subject_tid": 2, "predicate": "move_front", "begin_fid": 0, "object_tid": 0}, {"end_fid": 30, "subject_tid": 2, "predicate": "move_with", "begin_fid": 0, "object_tid": 0}, {"end_fid": 30, "subject_tid": 2, "predicate": "move_left", "begin_fid": 0, "object_tid": 0}, {"end_fid": 30, "subject_tid": 1, "predicate": "move_right", "begin_fid": 0, "object_tid": 2}, {"end_fid": 30, "subject_tid": 1, "predicate": "move_behind", "begin_fid": 0, "object_tid": 2}, {"end_fid": 30, "subject_tid": 1, "predicate": "move_with", "begin_fid": 0, "object_tid": 2}, {"end_fid": 30, "subject_tid": 2, "predicate": "move_front", "begin_fid": 0, "object_tid": 1}, {"end_fid": 30, "subject_tid": 2, "predicate": "move_with", "begin_fid": 0, "object_tid": 1}, {"end_fid": 30, "subject_tid": 2, "predicate": "move_left", "begin_fid": 0, "object_tid": 1}, {"end_fid": 420, "subject_tid": 0, "predicate": "move_right", "begin_fid": 390, "object_tid": 1}, {"end_fid": 420, "subject_tid": 0, "predicate": "move_behind", "begin_fid": 390, "object_tid": 1}, {"end_fid": 420, "subject_tid": 0, "predicate": "move_with", "begin_fid": 390, "object_tid": 1}, {"end_fid": 420, "subject_tid": 1, "predicate": "move_front", "begin_fid": 390, "object_tid": 0}, {"end_fid": 420, "subject_tid": 1, "predicate": "move_with", "begin_fid": 390, "object_tid": 0}, {"end_fid": 420, "subject_tid": 1, "predicate": "move_left", "begin_fid": 390, "object_tid": 0}, {"end_fid": 420, "subject_tid": 0, "predicate": "move_right", "begin_fid": 390, "object_tid": 2}, {"end_fid": 420, "subject_tid": 0, "predicate": "move_behind", "begin_fid": 390, "object_tid": 2}, {"end_fid": 420, "subject_tid": 0, "predicate": "move_with", "begin_fid": 390, "object_tid": 2}, {"end_fid": 420, "subject_tid": 2, "predicate": "move_front", "begin_fid": 390, "object_tid": 0}, {"end_fid": 420, "subject_tid": 2, "predicate": "move_with", "begin_fid": 390, "object_tid": 0}, {"end_fid": 420, "subject_tid": 2, "predicate": "move_left", "begin_fid": 390, "object_tid": 0}, {"end_fid": 420, "subject_tid": 1, "predicate": "move_right", "begin_fid": 390, "object_tid": 2}, {"end_fid": 420, "subject_tid": 1, "predicate": "move_behind", "begin_fid": 390, "object_tid": 2}, {"end_fid": 420, "subject_tid": 1, "predicate": "move_with", "begin_fid": 390, "object_tid": 2}, {"end_fid": 420, "subject_tid": 2, "predicate": "move_front", "begin_fid": 390, "object_tid": 1}, {"end_fid": 420, "subject_tid": 2, "predicate": "move_with", "begin_fid": 390, "object_tid": 1}, {"end_fid": 420, "subject_tid": 2, "predicate": "move_left", "begin_fid": 390, "object_tid": 1}], "height": 720}