{"width": 1280, "frame_count": 112, "video_id": "ILSVRC2015_train_00159001", "fps": 29, "trajectories": [[{"tid": 0, "generated": 0, "bbox": {"xmin": 638, "ymin": 417, "ymax": 487, "xmax": 1086}}, {"tid": 2, "generated": 0, "bbox": {"xmin": 156, "ymin": 70, "ymax": 694, "xmax": 581}}], [{"tid": 0, "generated": 0, "bbox": {"xmin": 638, "ymin": 403, "ymax": 469, "xmax": 1088}}, {"tid": 2, "generated": 0, "bbox": {"xmin": 166, "ymin": 70, "ymax": 694, "xmax": 589}}], [{"tid": 0, "generated": 0, "bbox": {"xmin": 638, "ymin": 385, "ymax": 440, "xmax": 1091}}, {"tid": 2, "generated": 0, "bbox": {"xmin": 175, "ymin": 70, "ymax": 694, "xmax": 597}}], [{"tid": 0, "generated": 0, "bbox": {"xmin": 638, "ymin": 373, "ymax": 433, "xmax": 1104}}, {"tid": 2, "generated": 0, "bbox": {"xmin": 185, "ymin": 70, "ymax": 694, "xmax": 605}}], [{"tid": 0, "generated": 0, "bbox": {"xmin": 668, "ymin": 360, "ymax": 419, "xmax": 1107}}, {"tid": 2, "generated": 0, "bbox": {"xmin": 194, "ymin": 70, "ymax": 694, "xmax": 613}}], [{"tid": 0, "generated": 0, "bbox": {"xmin": 663, "ymin": 355, "ymax": 417, "xmax": 1112}}, {"tid": 2, "generated": 0, "bbox": {"xmin": 204, "ymin": 70, "ymax": 694, "xmax": 621}}], [{"tid": 0, "generated": 0, "bbox": {"xmin": 638, "ymin": 352, "ymax": 414, "xmax": 1121}}, {"tid": 2, "generated": 0, "bbox": {"xmin": 210, "ymin": 73, "ymax": 693, "xmax": 627}}], [{"tid": 0, "generated": 0, "bbox": {"xmin": 638, "ymin": 350, "ymax": 418, "xmax": 1124}}, {"tid": 2, "generated": 0, "bbox": {"xmin": 216, "ymin": 76, "ymax": 693, "xmax": 633}}], [{"tid": 0, "generated": 0, "bbox": {"xmin": 638, "ymin": 348, "ymax": 423, "xmax": 1127}}, {"tid": 2, "generated": 0, "bbox": {"xmin": 223, "ymin": 79, "ymax": 692, "xmax": 640}}], [{"tid": 0, "generated": 0, "bbox": {"xmin": 638, "ymin": 342, "ymax": 419, "xmax": 1129}}, {"tid": 2, "generated": 0, "bbox": {"xmin": 229, "ymin": 82, "ymax": 692, "xmax": 646}}], [{"tid": 0, "generated": 0, "bbox": {"xmin": 638, "ymin": 337, "ymax": 416, "xmax": 1132}}, {"tid": 2, "generated": 0, "bbox": {"xmin": 235, "ymin": 85, "ymax": 691, "xmax": 652}}], [{"tid": 0, "generated": 0, "bbox": {"xmin": 638, "ymin": 340, "ymax": 418, "xmax": 1129}}, {"tid": 2, "generated": 0, "bbox": {"xmin": 237, "ymin": 89, "ymax": 693, "xmax": 654}}], [{"tid": 0, "generated": 0, "bbox": {"xmin": 638, "ymin": 343, "ymax": 421, "xmax": 1127}}, {"tid": 2, "generated": 0, "bbox": {"xmin": 240, "ymin": 92, "ymax": 695, "xmax": 657}}], [{"tid": 0, "generated": 0, "bbox": {"xmin": 638, "ymin": 355, "ymax": 423, "xmax": 1127}}, {"tid": 2, "generated": 0, "bbox": {"xmin": 242, "ymin": 96, "ymax": 697, "xmax": 659}}], [{"tid": 0, "generated": 0, "bbox": {"xmin": 638, "ymin": 357, "ymax": 430, "xmax": 1127}}, {"tid": 2, "generated": 0, "bbox": {"xmin": 245, "ymin": 99, "ymax": 699, "xmax": 662}}], [{"tid": 0, "generated": 0, "bbox": {"xmin": 638, "ymin": 359, "ymax": 437, "xmax": 1128}}, {"tid": 2, "generated": 0, "bbox": {"xmin": 247, "ymin": 103, "ymax": 701, "xmax": 664}}], [{"tid": 0, "generated": 0, "bbox": {"xmin": 638, "ymin": 364, "ymax": 442, "xmax": 1132}}, {"tid": 2, "generated": 0, "bbox": {"xmin": 247, "ymin": 103, "ymax": 701, "xmax": 664}}], [{"tid": 0, "generated": 0, "bbox": {"xmin": 638, "ymin": 371, "ymax": 455, "xmax": 1134}}, {"tid": 2, "generated": 0, "bbox": {"xmin": 247, "ymin": 103, "ymax": 701, "xmax": 664}}], [{"tid": 0, "generated": 0, "bbox": {"xmin": 640, "ymin": 369, "ymax": 458, "xmax": 1137}}, {"tid": 2, "generated": 0, "bbox": {"xmin": 247, "ymin": 103, "ymax": 701, "xmax": 664}}], [{"tid": 0, "generated": 0, "bbox": {"xmin": 641, "ymin": 368, "ymax": 455, "xmax": 1136}}, {"tid": 2, "generated": 0, "bbox": {"xmin": 247, "ymin": 103, "ymax": 701, "xmax": 664}}], [{"tid": 0, "generated": 0, "bbox": {"xmin": 643, "ymin": 368, "ymax": 453, "xmax": 1136}}, {"tid": 2, "generated": 0, "bbox": {"xmin": 247, "ymin": 103, "ymax": 701, "xmax": 664}}], [{"tid": 0, "generated": 0, "bbox": {"xmin": 637, "ymin": 364, "ymax": 451, "xmax": 1135}}, {"tid": 2, "generated": 0, "bbox": {"xmin": 247, "ymin": 96, "ymax": 701, "xmax": 664}}], [{"tid": 0, "generated": 0, "bbox": {"xmin": 632, "ymin": 360, "ymax": 450, "xmax": 1134}}, {"tid": 2, "generated": 0, "bbox": {"xmin": 247, "ymin": 89, "ymax": 701, "xmax": 664}}], [{"tid": 0, "generated": 0, "bbox": {"xmin": 627, "ymin": 356, "ymax": 449, "xmax": 1133}}, {"tid": 2, "generated": 0, "bbox": {"xmin": 247, "ymin": 81, "ymax": 701, "xmax": 664}}], [{"tid": 0, "generated": 0, "bbox": {"xmin": 622, "ymin": 353, "ymax": 448, "xmax": 1132}}, {"tid": 2, "generated": 0, "bbox": {"xmin": 247, "ymin": 74, "ymax": 701, "xmax": 664}}], [{"tid": 0, "generated": 0, "bbox": {"xmin": 616, "ymin": 355, "ymax": 446, "xmax": 1128}}, {"tid": 2, "generated": 0, "bbox": {"xmin": 247, "ymin": 67, "ymax": 701, "xmax": 664}}], [{"tid": 0, "generated": 0, "bbox": {"xmin": 611, "ymin": 350, "ymax": 442, "xmax": 1130}}, {"tid": 2, "generated": 0, "bbox": {"xmin": 247, "ymin": 55, "ymax": 701, "xmax": 664}}], [{"tid": 0, "generated": 0, "bbox": {"xmin": 606, "ymin": 344, "ymax": 444, "xmax": 1125}}, {"tid": 2, "generated": 0, "bbox": {"xmin": 247, "ymin": 43, "ymax": 701, "xmax": 664}}], [{"tid": 0, "generated": 0, "bbox": {"xmin": 601, "ymin": 340, "ymax": 441, "xmax": 1123}}, {"tid": 2, "generated": 0, "bbox": {"xmin": 247, "ymin": 31, "ymax": 701, "xmax": 664}}], [{"tid": 0, "generated": 0, "bbox": {"xmin": 597, "ymin": 336, "ymax": 438, "xmax": 1121}}, {"tid": 2, "generated": 0, "bbox": {"xmin": 247, "ymin": 19, "ymax": 701, "xmax": 664}}], [], [], [], [], [], [], [], [], [], [], [], [], [], [], [], [], [], [], [], [], [], [], [], [], [], [], [], [], [], [], [{"tid": 0, "generated": 0, "bbox": {"xmin": 314, "ymin": 348, "ymax": 471, "xmax": 917}}, {"tid": 2, "generated": 0, "bbox": {"xmin": 5, "ymin": 3, "ymax": 697, "xmax": 407}}], [{"tid": 0, "generated": 0, "bbox": {"xmin": 309, "ymin": 366, "ymax": 488, "xmax": 906}}, {"tid": 2, "generated": 0, "bbox": {"xmin": 5, "ymin": 9, "ymax": 697, "xmax": 399}}], [{"tid": 0, "generated": 0, "bbox": {"xmin": 304, "ymin": 378, "ymax": 504, "xmax": 910}}, {"tid": 2, "generated": 0, "bbox": {"xmin": 5, "ymin": 15, "ymax": 697, "xmax": 392}}], [{"tid": 0, "generated": 0, "bbox": {"xmin": 298, "ymin": 391, "ymax": 520, "xmax": 901}}, {"tid": 2, "generated": 0, "bbox": {"xmin": 5, "ymin": 22, "ymax": 697, "xmax": 384}}], [{"tid": 0, "generated": 0, "bbox": {"xmin": 293, "ymin": 405, "ymax": 535, "xmax": 903}}, {"tid": 2, "generated": 0, "bbox": {"xmin": 5, "ymin": 28, "ymax": 697, "xmax": 377}}], [{"tid": 0, "generated": 0, "bbox": {"xmin": 287, "ymin": 406, "ymax": 538, "xmax": 895}}, {"tid": 2, "generated": 0, "bbox": {"xmin": 5, "ymin": 34, "ymax": 697, "xmax": 369}}], [{"tid": 0, "generated": 0, "bbox": {"xmin": 282, "ymin": 408, "ymax": 542, "xmax": 887}}, {"tid": 2, "generated": 0, "bbox": {"xmin": 5, "ymin": 36, "ymax": 697, "xmax": 369}}], [{"tid": 0, "generated": 0, "bbox": {"xmin": 277, "ymin": 414, "ymax": 538, "xmax": 880}}, {"tid": 2, "generated": 0, "bbox": {"xmin": 5, "ymin": 38, "ymax": 697, "xmax": 369}}], [{"tid": 0, "generated": 0, "bbox": {"xmin": 272, "ymin": 416, "ymax": 547, "xmax": 872}}, {"tid": 2, "generated": 0, "bbox": {"xmin": 5, "ymin": 39, "ymax": 697, "xmax": 369}}], [{"tid": 0, "generated": 0, "bbox": {"xmin": 266, "ymin": 424, "ymax": 559, "xmax": 868}}, {"tid": 2, "generated": 0, "bbox": {"xmin": 5, "ymin": 41, "ymax": 697, "xmax": 369}}], [{"tid": 0, "generated": 0, "bbox": {"xmin": 261, "ymin": 433, "ymax": 572, "xmax": 864}}, {"tid": 2, "generated": 0, "bbox": {"xmin": 5, "ymin": 43, "ymax": 697, "xmax": 369}}], [{"tid": 0, "generated": 0, "bbox": {"xmin": 257, "ymin": 444, "ymax": 579, "xmax": 858}}, {"tid": 2, "generated": 0, "bbox": {"xmin": 5, "ymin": 43, "ymax": 697, "xmax": 365}}], [{"tid": 0, "generated": 0, "bbox": {"xmin": 254, "ymin": 449, "ymax": 593, "xmax": 860}}, {"tid": 2, "generated": 0, "bbox": {"xmin": 5, "ymin": 43, "ymax": 697, "xmax": 360}}], [{"tid": 0, "generated": 0, "bbox": {"xmin": 250, "ymin": 460, "ymax": 602, "xmax": 865}}, {"tid": 2, "generated": 0, "bbox": {"xmin": 5, "ymin": 43, "ymax": 697, "xmax": 356}}], [{"tid": 0, "generated": 0, "bbox": {"xmin": 247, "ymin": 469, "ymax": 615, "xmax": 860}}, {"tid": 2, "generated": 0, "bbox": {"xmin": 5, "ymin": 43, "ymax": 697, "xmax": 351}}], [{"tid": 0, "generated": 0, "bbox": {"xmin": 243, "ymin": 476, "ymax": 622, "xmax": 856}}, {"tid": 2, "generated": 0, "bbox": {"xmin": 5, "ymin": 43, "ymax": 697, "xmax": 347}}], [{"tid": 0, "generated": 0, "bbox": {"xmin": 240, "ymin": 487, "ymax": 627, "xmax": 855}}, {"tid": 2, "generated": 0, "bbox": {"xmin": 5, "ymin": 60, "ymax": 697, "xmax": 341}}], [{"tid": 0, "generated": 0, "bbox": {"xmin": 236, "ymin": 490, "ymax": 634, "xmax": 842}}, {"tid": 2, "generated": 0, "bbox": {"xmin": 5, "ymin": 77, "ymax": 697, "xmax": 334}}], [{"tid": 0, "generated": 0, "bbox": {"xmin": 234, "ymin": 496, "ymax": 638, "xmax": 833}}, {"tid": 2, "generated": 0, "bbox": {"xmin": 5, "ymin": 93, "ymax": 697, "xmax": 328}}], [{"tid": 0, "generated": 0, "bbox": {"xmin": 232, "ymin": 501, "ymax": 637, "xmax": 827}}, {"tid": 2, "generated": 0, "bbox": {"xmin": 5, "ymin": 110, "ymax": 697, "xmax": 321}}], [{"tid": 0, "generated": 0, "bbox": {"xmin": 231, "ymin": 506, "ymax": 636, "xmax": 821}}, {"tid": 2, "generated": 0, "bbox": {"xmin": 5, "ymin": 127, "ymax": 697, "xmax": 315}}], [{"tid": 0, "generated": 0, "bbox": {"xmin": 231, "ymin": 510, "ymax": 654, "xmax": 816}}, {"tid": 2, "generated": 0, "bbox": {"xmin": 5, "ymin": 134, "ymax": 698, "xmax": 315}}], [{"tid": 0, "generated": 0, "bbox": {"xmin": 232, "ymin": 517, "ymax": 654, "xmax": 816}}, {"tid": 2, "generated": 0, "bbox": {"xmin": 6, "ymin": 141, "ymax": 699, "xmax": 316}}], [{"tid": 0, "generated": 0, "bbox": {"xmin": 232, "ymin": 520, "ymax": 659, "xmax": 814}}, {"tid": 2, "generated": 0, "bbox": {"xmin": 6, "ymin": 148, "ymax": 699, "xmax": 316}}], [{"tid": 0, "generated": 0, "bbox": {"xmin": 232, "ymin": 526, "ymax": 668, "xmax": 817}}, {"tid": 2, "generated": 0, "bbox": {"xmin": 7, "ymin": 155, "ymax": 700, "xmax": 317}}], [{"tid": 0, "generated": 0, "bbox": {"xmin": 232, "ymin": 531, "ymax": 668, "xmax": 816}}, {"tid": 2, "generated": 0, "bbox": {"xmin": 7, "ymin": 162, "ymax": 701, "xmax": 317}}], [{"tid": 0, "generated": 0, "bbox": {"xmin": 232, "ymin": 531, "ymax": 667, "xmax": 811}}, {"tid": 2, "generated": 0, "bbox": {"xmin": 7, "ymin": 158, "ymax": 700, "xmax": 317}}], [{"tid": 0, "generated": 0, "bbox": {"xmin": 232, "ymin": 531, "ymax": 666, "xmax": 807}}, {"tid": 2, "generated": 0, "bbox": {"xmin": 6, "ymin": 154, "ymax": 698, "xmax": 316}}], [{"tid": 0, "generated": 0, "bbox": {"xmin": 232, "ymin": 534, "ymax": 666, "xmax": 806}}, {"tid": 2, "generated": 0, "bbox": {"xmin": 6, "ymin": 149, "ymax": 697, "xmax": 316}}], [{"tid": 0, "generated": 0, "bbox": {"xmin": 232, "ymin": 538, "ymax": 666, "xmax": 805}}, {"tid": 2, "generated": 0, "bbox": {"xmin": 5, "ymin": 145, "ymax": 695, "xmax": 315}}]], "subject/objects": [{"category": "whale", "tid": 0}, {"category": "person", "tid": 2}], "relation_instances": [{"end_fid": 30, "subject_tid": 0, "predicate": "swim_right", "begin_fid": 0, "object_tid": 2}, {"end_fid": 30, "subject_tid": 0, "predicate": "swim_behind", "begin_fid": 0, "object_tid": 2}, {"end_fid": 30, "subject_tid": 2, "predicate": "stand_front", "begin_fid": 0, "object_tid": 0}, {"end_fid": 30, "subject_tid": 2, "predicate": "stand_left", "begin_fid": 0, "object_tid": 0}, {"end_fid": 30, "subject_tid": 2, "predicate": "watch", "begin_fid": 0, "object_tid": 0}, {"end_fid": 90, "subject_tid": 0, "predicate": "swim_right", "begin_fid": 60, "object_tid": 2}, {"end_fid": 90, "subject_tid": 0, "predicate": "swim_behind", "begin_fid": 60, "object_tid": 2}, {"end_fid": 90, "subject_tid": 2, "predicate": "stand_front", "begin_fid": 60, "object_tid": 0}, {"end_fid": 90, "subject_tid": 2, "predicate": "stand_left", "begin_fid": 60, "object_tid": 0}, {"end_fid": 90, "subject_tid": 2, "predicate": "watch", "begin_fid": 60, "object_tid": 0}], "height": 720}