{"width": 1280, "frame_count": 173, "video_id": "ILSVRC2015_train_00117035", "fps": 25, "trajectories": [[{"tid": 0, "generated": 0, "bbox": {"xmin": 524, "ymin": 476, "ymax": 533, "xmax": 558}}, {"tid": 1, "generated": 0, "bbox": {"xmin": 508, "ymin": 408, "ymax": 465, "xmax": 538}}, {"tid": 2, "generated": 0, "bbox": {"xmin": 492, "ymin": 332, "ymax": 387, "xmax": 524}}, {"tid": 3, "generated": 0, "bbox": {"xmin": 451, "ymin": 289, "ymax": 341, "xmax": 483}}, {"tid": 4, "generated": 0, "bbox": {"xmin": 412, "ymin": 232, "ymax": 291, "xmax": 446}}, {"tid": 5, "generated": 0, "bbox": {"xmin": 499, "ymin": 250, "ymax": 312, "xmax": 533}}, {"tid": 6, "generated": 0, "bbox": {"xmin": 536, "ymin": 298, "ymax": 353, "xmax": 572}}, {"tid": 7, "generated": 0, "bbox": {"xmin": 581, "ymin": 275, "ymax": 341, "xmax": 618}}, {"tid": 8, "generated": 0, "bbox": {"xmin": 558, "ymin": 387, "ymax": 446, "xmax": 592}}], [{"tid": 0, "generated": 0, "bbox": {"xmin": 525, "ymin": 470, "ymax": 528, "xmax": 560}}, {"tid": 1, "generated": 0, "bbox": {"xmin": 509, "ymin": 401, "ymax": 459, "xmax": 541}}, {"tid": 2, "generated": 0, "bbox": {"xmin": 493, "ymin": 326, "ymax": 383, "xmax": 526}}, {"tid": 3, "generated": 0, "bbox": {"xmin": 452, "ymin": 282, "ymax": 336, "xmax": 484}}, {"tid": 4, "generated": 0, "bbox": {"xmin": 412, "ymin": 226, "ymax": 285, "xmax": 447}}, {"tid": 5, "generated": 0, "bbox": {"xmin": 502, "ymin": 244, "ymax": 307, "xmax": 536}}, {"tid": 6, "generated": 0, "bbox": {"xmin": 539, "ymin": 295, "ymax": 353, "xmax": 576}}, {"tid": 7, "generated": 0, "bbox": {"xmin": 585, "ymin": 269, "ymax": 337, "xmax": 622}}, {"tid": 8, "generated": 0, "bbox": {"xmin": 559, "ymin": 380, "ymax": 440, "xmax": 593}}], [{"tid": 0, "generated": 0, "bbox": {"xmin": 527, "ymin": 464, "ymax": 524, "xmax": 562}}, {"tid": 1, "generated": 0, "bbox": {"xmin": 510, "ymin": 394, "ymax": 454, "xmax": 544}}, {"tid": 2, "generated": 0, "bbox": {"xmin": 495, "ymin": 321, "ymax": 379, "xmax": 528}}, {"tid": 3, "generated": 0, "bbox": {"xmin": 453, "ymin": 275, "ymax": 331, "xmax": 485}}, {"tid": 4, "generated": 0, "bbox": {"xmin": 413, "ymin": 221, "ymax": 280, "xmax": 448}}, {"tid": 5, "generated": 0, "bbox": {"xmin": 505, "ymin": 238, "ymax": 302, "xmax": 539}}, {"tid": 6, "generated": 0, "bbox": {"xmin": 543, "ymin": 293, "ymax": 354, "xmax": 580}}, {"tid": 7, "generated": 0, "bbox": {"xmin": 589, "ymin": 264, "ymax": 333, "xmax": 626}}, {"tid": 8, "generated": 0, "bbox": {"xmin": 560, "ymin": 374, "ymax": 435, "xmax": 594}}], [{"tid": 0, "generated": 0, "bbox": {"xmin": 529, "ymin": 458, "ymax": 520, "xmax": 565}}, {"tid": 1, "generated": 0, "bbox": {"xmin": 512, "ymin": 387, "ymax": 449, "xmax": 547}}, {"tid": 2, "generated": 0, "bbox": {"xmin": 497, "ymin": 316, "ymax": 376, "xmax": 531}}, {"tid": 3, "generated": 0, "bbox": {"xmin": 455, "ymin": 268, "ymax": 327, "xmax": 487}}, {"tid": 4, "generated": 0, "bbox": {"xmin": 414, "ymin": 216, "ymax": 275, "xmax": 449}}, {"tid": 5, "generated": 0, "bbox": {"xmin": 508, "ymin": 232, "ymax": 298, "xmax": 542}}, {"tid": 6, "generated": 0, "bbox": {"xmin": 547, "ymin": 291, "ymax": 355, "xmax": 584}}, {"tid": 7, "generated": 0, "bbox": {"xmin": 593, "ymin": 259, "ymax": 330, "xmax": 631}}, {"tid": 8, "generated": 0, "bbox": {"xmin": 561, "ymin": 368, "ymax": 430, "xmax": 595}}], [{"tid": 0, "generated": 0, "bbox": {"xmin": 531, "ymin": 455, "ymax": 518, "xmax": 568}}, {"tid": 1, "generated": 0, "bbox": {"xmin": 515, "ymin": 385, "ymax": 447, "xmax": 550}}, {"tid": 2, "generated": 0, "bbox": {"xmin": 500, "ymin": 312, "ymax": 374, "xmax": 536}}, {"tid": 3, "generated": 0, "bbox": {"xmin": 457, "ymin": 263, "ymax": 324, "xmax": 491}}, {"tid": 4, "generated": 0, "bbox": {"xmin": 417, "ymin": 212, "ymax": 271, "xmax": 452}}, {"tid": 5, "generated": 0, "bbox": {"xmin": 512, "ymin": 228, "ymax": 294, "xmax": 546}}, {"tid": 6, "generated": 0, "bbox": {"xmin": 551, "ymin": 287, "ymax": 351, "xmax": 588}}, {"tid": 7, "generated": 0, "bbox": {"xmin": 598, "ymin": 256, "ymax": 327, "xmax": 636}}, {"tid": 8, "generated": 0, "bbox": {"xmin": 564, "ymin": 365, "ymax": 427, "xmax": 600}}], [{"tid": 0, "generated": 0, "bbox": {"xmin": 533, "ymin": 453, "ymax": 516, "xmax": 571}}, {"tid": 1, "generated": 0, "bbox": {"xmin": 518, "ymin": 383, "ymax": 445, "xmax": 554}}, {"tid": 2, "generated": 0, "bbox": {"xmin": 504, "ymin": 308, "ymax": 372, "xmax": 541}}, {"tid": 3, "generated": 0, "bbox": {"xmin": 459, "ymin": 258, "ymax": 321, "xmax": 495}}, {"tid": 4, "generated": 0, "bbox": {"xmin": 420, "ymin": 208, "ymax": 267, "xmax": 455}}, {"tid": 5, "generated": 0, "bbox": {"xmin": 516, "ymin": 225, "ymax": 291, "xmax": 550}}, {"tid": 6, "generated": 0, "bbox": {"xmin": 556, "ymin": 283, "ymax": 347, "xmax": 592}}, {"tid": 7, "generated": 0, "bbox": {"xmin": 603, "ymin": 254, "ymax": 325, "xmax": 642}}, {"tid": 8, "generated": 0, "bbox": {"xmin": 568, "ymin": 362, "ymax": 424, "xmax": 605}}], [{"tid": 0, "generated": 0, "bbox": {"xmin": 535, "ymin": 451, "ymax": 515, "xmax": 574}}, {"tid": 1, "generated": 0, "bbox": {"xmin": 522, "ymin": 382, "ymax": 444, "xmax": 558}}, {"tid": 2, "generated": 0, "bbox": {"xmin": 508, "ymin": 305, "ymax": 371, "xmax": 547}}, {"tid": 3, "generated": 0, "bbox": {"xmin": 462, "ymin": 254, "ymax": 318, "xmax": 499}}, {"tid": 4, "generated": 0, "bbox": {"xmin": 424, "ymin": 204, "ymax": 264, "xmax": 458}}, {"tid": 5, "generated": 0, "bbox": {"xmin": 520, "ymin": 222, "ymax": 288, "xmax": 554}}, {"tid": 6, "generated": 0, "bbox": {"xmin": 561, "ymin": 280, "ymax": 344, "xmax": 597}}, {"tid": 7, "generated": 0, "bbox": {"xmin": 609, "ymin": 252, "ymax": 323, "xmax": 648}}, {"tid": 8, "generated": 0, "bbox": {"xmin": 572, "ymin": 359, "ymax": 421, "xmax": 611}}], [{"tid": 0, "generated": 0, "bbox": {"xmin": 535, "ymin": 451, "ymax": 515, "xmax": 574}}, {"tid": 1, "generated": 0, "bbox": {"xmin": 522, "ymin": 381, "ymax": 444, "xmax": 558}}, {"tid": 2, "generated": 0, "bbox": {"xmin": 508, "ymin": 303, "ymax": 371, "xmax": 547}}, {"tid": 3, "generated": 0, "bbox": {"xmin": 461, "ymin": 252, "ymax": 317, "xmax": 499}}, {"tid": 4, "generated": 0, "bbox": {"xmin": 423, "ymin": 201, "ymax": 262, "xmax": 457}}, {"tid": 5, "generated": 0, "bbox": {"xmin": 520, "ymin": 220, "ymax": 287, "xmax": 555}}, {"tid": 6, "generated": 0, "bbox": {"xmin": 561, "ymin": 278, "ymax": 344, "xmax": 598}}, {"tid": 7, "generated": 0, "bbox": {"xmin": 610, "ymin": 250, "ymax": 321, "xmax": 650}}, {"tid": 8, "generated": 0, "bbox": {"xmin": 572, "ymin": 358, "ymax": 421, "xmax": 612}}], [{"tid": 0, "generated": 0, "bbox": {"xmin": 535, "ymin": 452, "ymax": 516, "xmax": 574}}, {"tid": 1, "generated": 0, "bbox": {"xmin": 522, "ymin": 381, "ymax": 445, "xmax": 559}}, {"tid": 2, "generated": 0, "bbox": {"xmin": 508, "ymin": 302, "ymax": 371, "xmax": 548}}, {"tid": 3, "generated": 0, "bbox": {"xmin": 460, "ymin": 251, "ymax": 316, "xmax": 499}}, {"tid": 4, "generated": 0, "bbox": {"xmin": 422, "ymin": 198, "ymax": 260, "xmax": 457}}, {"tid": 5, "generated": 0, "bbox": {"xmin": 520, "ymin": 218, "ymax": 286, "xmax": 557}}, {"tid": 6, "generated": 0, "bbox": {"xmin": 562, "ymin": 277, "ymax": 344, "xmax": 600}}, {"tid": 7, "generated": 0, "bbox": {"xmin": 612, "ymin": 249, "ymax": 320, "xmax": 653}}, {"tid": 8, "generated": 0, "bbox": {"xmin": 573, "ymin": 358, "ymax": 421, "xmax": 613}}], [{"tid": 0, "generated": 0, "bbox": {"xmin": 535, "ymin": 453, "ymax": 517, "xmax": 574}}, {"tid": 1, "generated": 0, "bbox": {"xmin": 523, "ymin": 381, "ymax": 446, "xmax": 559}}, {"tid": 2, "generated": 0, "bbox": {"xmin": 508, "ymin": 301, "ymax": 371, "xmax": 549}}, {"tid": 3, "generated": 0, "bbox": {"xmin": 460, "ymin": 249, "ymax": 316, "xmax": 500}}, {"tid": 4, "generated": 0, "bbox": {"xmin": 421, "ymin": 196, "ymax": 258, "xmax": 457}}, {"tid": 5, "generated": 0, "bbox": {"xmin": 521, "ymin": 216, "ymax": 285, "xmax": 559}}, {"tid": 6, "generated": 0, "bbox": {"xmin": 563, "ymin": 276, "ymax": 344, "xmax": 602}}, {"tid": 7, "generated": 0, "bbox": {"xmin": 614, "ymin": 247, "ymax": 318, "xmax": 656}}, {"tid": 8, "generated": 0, "bbox": {"xmin": 574, "ymin": 358, "ymax": 421, "xmax": 614}}], [{"tid": 0, "generated": 0, "bbox": {"xmin": 535, "ymin": 454, "ymax": 518, "xmax": 574}}, {"tid": 1, "generated": 0, "bbox": {"xmin": 523, "ymin": 380, "ymax": 446, "xmax": 560}}, {"tid": 2, "generated": 0, "bbox": {"xmin": 508, "ymin": 300, "ymax": 371, "xmax": 550}}, {"tid": 3, "generated": 0, "bbox": {"xmin": 459, "ymin": 248, "ymax": 315, "xmax": 500}}, {"tid": 4, "generated": 0, "bbox": {"xmin": 420, "ymin": 193, "ymax": 256, "xmax": 456}}, {"tid": 5, "generated": 0, "bbox": {"xmin": 521, "ymin": 214, "ymax": 284, "xmax": 561}}, {"tid": 6, "generated": 0, "bbox": {"xmin": 563, "ymin": 274, "ymax": 344, "xmax": 604}}, {"tid": 7, "generated": 0, "bbox": {"xmin": 616, "ymin": 246, "ymax": 317, "xmax": 658}}, {"tid": 8, "generated": 0, "bbox": {"xmin": 575, "ymin": 357, "ymax": 421, "xmax": 615}}], [{"tid": 0, "generated": 0, "bbox": {"xmin": 535, "ymin": 455, "ymax": 519, "xmax": 574}}, {"tid": 1, "generated": 0, "bbox": {"xmin": 523, "ymin": 380, "ymax": 447, "xmax": 560}}, {"tid": 2, "generated": 0, "bbox": {"xmin": 508, "ymin": 299, "ymax": 371, "xmax": 551}}, {"tid": 3, "generated": 0, "bbox": {"xmin": 458, "ymin": 246, "ymax": 314, "xmax": 500}}, {"tid": 4, "generated": 0, "bbox": {"xmin": 419, "ymin": 190, "ymax": 254, "xmax": 456}}, {"tid": 5, "generated": 0, "bbox": {"xmin": 521, "ymin": 212, "ymax": 283, "xmax": 563}}, {"tid": 6, "generated": 0, "bbox": {"xmin": 564, "ymin": 273, "ymax": 344, "xmax": 606}}, {"tid": 7, "generated": 0, "bbox": {"xmin": 618, "ymin": 244, "ymax": 315, "xmax": 661}}, {"tid": 8, "generated": 0, "bbox": {"xmin": 576, "ymin": 357, "ymax": 421, "xmax": 616}}], [{"tid": 0, "generated": 0, "bbox": {"xmin": 536, "ymin": 456, "ymax": 520, "xmax": 574}}, {"tid": 1, "generated": 0, "bbox": {"xmin": 524, "ymin": 380, "ymax": 448, "xmax": 561}}, {"tid": 2, "generated": 0, "bbox": {"xmin": 508, "ymin": 298, "ymax": 371, "xmax": 552}}, {"tid": 3, "generated": 0, "bbox": {"xmin": 458, "ymin": 245, "ymax": 314, "xmax": 501}}, {"tid": 4, "generated": 0, "bbox": {"xmin": 419, "ymin": 188, "ymax": 252, "xmax": 456}}, {"tid": 5, "generated": 0, "bbox": {"xmin": 522, "ymin": 211, "ymax": 282, "xmax": 565}}, {"tid": 6, "generated": 0, "bbox": {"xmin": 565, "ymin": 272, "ymax": 344, "xmax": 608}}, {"tid": 7, "generated": 0, "bbox": {"xmin": 620, "ymin": 243, "ymax": 314, "xmax": 664}}, {"tid": 8, "generated": 0, "bbox": {"xmin": 577, "ymin": 357, "ymax": 421, "xmax": 618}}], [{"tid": 0, "generated": 0, "bbox": {"xmin": 530, "ymin": 459, "ymax": 524, "xmax": 568}}, {"tid": 1, "generated": 0, "bbox": {"xmin": 518, "ymin": 383, "ymax": 450, "xmax": 556}}, {"tid": 2, "generated": 0, "bbox": {"xmin": 504, "ymin": 300, "ymax": 372, "xmax": 546}}, {"tid": 3, "generated": 0, "bbox": {"xmin": 453, "ymin": 246, "ymax": 316, "xmax": 496}}, {"tid": 4, "generated": 0, "bbox": {"xmin": 413, "ymin": 189, "ymax": 253, "xmax": 449}}, {"tid": 5, "generated": 0, "bbox": {"xmin": 517, "ymin": 212, "ymax": 284, "xmax": 559}}, {"tid": 6, "generated": 0, "bbox": {"xmin": 561, "ymin": 274, "ymax": 346, "xmax": 604}}, {"tid": 7, "generated": 0, "bbox": {"xmin": 617, "ymin": 244, "ymax": 316, "xmax": 660}}, {"tid": 8, "generated": 0, "bbox": {"xmin": 572, "ymin": 360, "ymax": 424, "xmax": 612}}], [{"tid": 0, "generated": 0, "bbox": {"xmin": 524, "ymin": 463, "ymax": 528, "xmax": 563}}, {"tid": 1, "generated": 0, "bbox": {"xmin": 513, "ymin": 386, "ymax": 453, "xmax": 551}}, {"tid": 2, "generated": 0, "bbox": {"xmin": 500, "ymin": 302, "ymax": 374, "xmax": 541}}, {"tid": 3, "generated": 0, "bbox": {"xmin": 448, "ymin": 248, "ymax": 318, "xmax": 491}}, {"tid": 4, "generated": 0, "bbox": {"xmin": 407, "ymin": 191, "ymax": 255, "xmax": 443}}, {"tid": 5, "generated": 0, "bbox": {"xmin": 512, "ymin": 214, "ymax": 286, "xmax": 554}}, {"tid": 6, "generated": 0, "bbox": {"xmin": 557, "ymin": 276, "ymax": 348, "xmax": 600}}, {"tid": 7, "generated": 0, "bbox": {"xmin": 614, "ymin": 246, "ymax": 318, "xmax": 657}}, {"tid": 8, "generated": 0, "bbox": {"xmin": 567, "ymin": 363, "ymax": 428, "xmax": 607}}], [{"tid": 0, "generated": 0, "bbox": {"xmin": 519, "ymin": 467, "ymax": 533, "xmax": 558}}, {"tid": 1, "generated": 0, "bbox": {"xmin": 508, "ymin": 389, "ymax": 456, "xmax": 547}}, {"tid": 2, "generated": 0, "bbox": {"xmin": 496, "ymin": 305, "ymax": 376, "xmax": 536}}, {"tid": 3, "generated": 0, "bbox": {"xmin": 444, "ymin": 250, "ymax": 320, "xmax": 487}}, {"tid": 4, "generated": 0, "bbox": {"xmin": 401, "ymin": 193, "ymax": 257, "xmax": 437}}, {"tid": 5, "generated": 0, "bbox": {"xmin": 508, "ymin": 216, "ymax": 288, "xmax": 549}}, {"tid": 6, "generated": 0, "bbox": {"xmin": 554, "ymin": 279, "ymax": 350, "xmax": 597}}, {"tid": 7, "generated": 0, "bbox": {"xmin": 611, "ymin": 248, "ymax": 320, "xmax": 654}}, {"tid": 8, "generated": 0, "bbox": {"xmin": 563, "ymin": 366, "ymax": 432, "xmax": 602}}], [{"tid": 0, "generated": 0, "bbox": {"xmin": 517, "ymin": 470, "ymax": 537, "xmax": 556}}, {"tid": 1, "generated": 0, "bbox": {"xmin": 505, "ymin": 392, "ymax": 459, "xmax": 544}}, {"tid": 2, "generated": 0, "bbox": {"xmin": 493, "ymin": 308, "ymax": 379, "xmax": 533}}, {"tid": 3, "generated": 0, "bbox": {"xmin": 441, "ymin": 253, "ymax": 323, "xmax": 484}}, {"tid": 4, "generated": 0, "bbox": {"xmin": 397, "ymin": 195, "ymax": 260, "xmax": 433}}, {"tid": 5, "generated": 0, "bbox": {"xmin": 505, "ymin": 219, "ymax": 291, "xmax": 547}}, {"tid": 6, "generated": 0, "bbox": {"xmin": 553, "ymin": 282, "ymax": 353, "xmax": 596}}, {"tid": 7, "generated": 0, "bbox": {"xmin": 611, "ymin": 251, "ymax": 323, "xmax": 654}}, {"tid": 8, "generated": 0, "bbox": {"xmin": 562, "ymin": 368, "ymax": 434, "xmax": 601}}], [{"tid": 0, "generated": 0, "bbox": {"xmin": 515, "ymin": 474, "ymax": 541, "xmax": 554}}, {"tid": 1, "generated": 0, "bbox": {"xmin": 503, "ymin": 395, "ymax": 463, "xmax": 542}}, {"tid": 2, "generated": 0, "bbox": {"xmin": 490, "ymin": 311, "ymax": 382, "xmax": 530}}, {"tid": 3, "generated": 0, "bbox": {"xmin": 438, "ymin": 256, "ymax": 326, "xmax": 481}}, {"tid": 4, "generated": 0, "bbox": {"xmin": 393, "ymin": 197, "ymax": 264, "xmax": 429}}, {"tid": 5, "generated": 0, "bbox": {"xmin": 503, "ymin": 223, "ymax": 294, "xmax": 545}}, {"tid": 6, "generated": 0, "bbox": {"xmin": 552, "ymin": 285, "ymax": 356, "xmax": 595}}, {"tid": 7, "generated": 0, "bbox": {"xmin": 611, "ymin": 255, "ymax": 326, "xmax": 654}}, {"tid": 8, "generated": 0, "bbox": {"xmin": 561, "ymin": 370, "ymax": 436, "xmax": 600}}], [{"tid": 0, "generated": 0, "bbox": {"xmin": 513, "ymin": 478, "ymax": 545, "xmax": 552}}, {"tid": 1, "generated": 0, "bbox": {"xmin": 501, "ymin": 398, "ymax": 467, "xmax": 540}}, {"tid": 2, "generated": 0, "bbox": {"xmin": 488, "ymin": 314, "ymax": 385, "xmax": 528}}, {"tid": 3, "generated": 0, "bbox": {"xmin": 435, "ymin": 259, "ymax": 330, "xmax": 478}}, {"tid": 4, "generated": 0, "bbox": {"xmin": 389, "ymin": 199, "ymax": 268, "xmax": 426}}, {"tid": 5, "generated": 0, "bbox": {"xmin": 501, "ymin": 227, "ymax": 298, "xmax": 544}}, {"tid": 6, "generated": 0, "bbox": {"xmin": 552, "ymin": 289, "ymax": 360, "xmax": 595}}, {"tid": 7, "generated": 0, "bbox": {"xmin": 611, "ymin": 259, "ymax": 330, "xmax": 654}}, {"tid": 8, "generated": 0, "bbox": {"xmin": 561, "ymin": 373, "ymax": 439, "xmax": 600}}], [{"tid": 0, "generated": 0, "bbox": {"xmin": 516, "ymin": 477, "ymax": 544, "xmax": 557}}, {"tid": 1, "generated": 0, "bbox": {"xmin": 505, "ymin": 398, "ymax": 467, "xmax": 546}}, {"tid": 2, "generated": 0, "bbox": {"xmin": 492, "ymin": 312, "ymax": 384, "xmax": 534}}, {"tid": 3, "generated": 0, "bbox": {"xmin": 439, "ymin": 256, "ymax": 327, "xmax": 483}}, {"tid": 4, "generated": 0, "bbox": {"xmin": 392, "ymin": 196, "ymax": 265, "xmax": 431}}, {"tid": 5, "generated": 0, "bbox": {"xmin": 506, "ymin": 223, "ymax": 294, "xmax": 551}}, {"tid": 6, "generated": 0, "bbox": {"xmin": 557, "ymin": 285, "ymax": 357, "xmax": 601}}, {"tid": 7, "generated": 0, "bbox": {"xmin": 617, "ymin": 256, "ymax": 327, "xmax": 663}}, {"tid": 8, "generated": 0, "bbox": {"xmin": 565, "ymin": 370, "ymax": 439, "xmax": 607}}], [{"tid": 0, "generated": 0, "bbox": {"xmin": 520, "ymin": 476, "ymax": 543, "xmax": 562}}, {"tid": 1, "generated": 0, "bbox": {"xmin": 509, "ymin": 398, "ymax": 467, "xmax": 553}}, {"tid": 2, "generated": 0, "bbox": {"xmin": 496, "ymin": 310, "ymax": 383, "xmax": 540}}, {"tid": 3, "generated": 0, "bbox": {"xmin": 443, "ymin": 253, "ymax": 324, "xmax": 488}}, {"tid": 4, "generated": 0, "bbox": {"xmin": 396, "ymin": 193, "ymax": 262, "xmax": 436}}, {"tid": 5, "generated": 0, "bbox": {"xmin": 511, "ymin": 219, "ymax": 291, "xmax": 558}}, {"tid": 6, "generated": 0, "bbox": {"xmin": 562, "ymin": 282, "ymax": 355, "xmax": 607}}, {"tid": 7, "generated": 0, "bbox": {"xmin": 623, "ymin": 253, "ymax": 324, "xmax": 672}}, {"tid": 8, "generated": 0, "bbox": {"xmin": 569, "ymin": 368, "ymax": 439, "xmax": 614}}], [{"tid": 0, "generated": 0, "bbox": {"xmin": 524, "ymin": 476, "ymax": 542, "xmax": 568}}, {"tid": 1, "generated": 0, "bbox": {"xmin": 513, "ymin": 398, "ymax": 467, "xmax": 560}}, {"tid": 2, "generated": 0, "bbox": {"xmin": 501, "ymin": 309, "ymax": 382, "xmax": 547}}, {"tid": 3, "generated": 0, "bbox": {"xmin": 448, "ymin": 250, "ymax": 321, "xmax": 494}}, {"tid": 4, "generated": 0, "bbox": {"xmin": 400, "ymin": 190, "ymax": 259, "xmax": 442}}, {"tid": 5, "generated": 0, "bbox": {"xmin": 517, "ymin": 216, "ymax": 288, "xmax": 565}}, {"tid": 6, "generated": 0, "bbox": {"xmin": 567, "ymin": 279, "ymax": 353, "xmax": 613}}, {"tid": 7, "generated": 0, "bbox": {"xmin": 629, "ymin": 250, "ymax": 321, "xmax": 682}}, {"tid": 8, "generated": 0, "bbox": {"xmin": 574, "ymin": 366, "ymax": 440, "xmax": 622}}], [{"tid": 0, "generated": 0, "bbox": {"xmin": 531, "ymin": 475, "ymax": 542, "xmax": 576}}, {"tid": 1, "generated": 0, "bbox": {"xmin": 520, "ymin": 397, "ymax": 466, "xmax": 568}}, {"tid": 2, "generated": 0, "bbox": {"xmin": 509, "ymin": 306, "ymax": 380, "xmax": 555}}, {"tid": 3, "generated": 0, "bbox": {"xmin": 454, "ymin": 248, "ymax": 319, "xmax": 502}}, {"tid": 4, "generated": 0, "bbox": {"xmin": 405, "ymin": 187, "ymax": 256, "xmax": 448}}, {"tid": 5, "generated": 0, "bbox": {"xmin": 524, "ymin": 213, "ymax": 286, "xmax": 572}}, {"tid": 6, "generated": 0, "bbox": {"xmin": 575, "ymin": 276, "ymax": 351, "xmax": 623}}, {"tid": 7, "generated": 0, "bbox": {"xmin": 637, "ymin": 247, "ymax": 319, "xmax": 691}}, {"tid": 8, "generated": 0, "bbox": {"xmin": 582, "ymin": 365, "ymax": 439, "xmax": 631}}], [{"tid": 0, "generated": 0, "bbox": {"xmin": 538, "ymin": 475, "ymax": 543, "xmax": 584}}, {"tid": 1, "generated": 0, "bbox": {"xmin": 528, "ymin": 396, "ymax": 466, "xmax": 576}}, {"tid": 2, "generated": 0, "bbox": {"xmin": 517, "ymin": 303, "ymax": 379, "xmax": 564}}, {"tid": 3, "generated": 0, "bbox": {"xmin": 461, "ymin": 246, "ymax": 318, "xmax": 510}}, {"tid": 4, "generated": 0, "bbox": {"xmin": 410, "ymin": 184, "ymax": 254, "xmax": 455}}, {"tid": 5, "generated": 0, "bbox": {"xmin": 531, "ymin": 211, "ymax": 285, "xmax": 580}}, {"tid": 6, "generated": 0, "bbox": {"xmin": 584, "ymin": 274, "ymax": 350, "xmax": 633}}, {"tid": 7, "generated": 0, "bbox": {"xmin": 645, "ymin": 245, "ymax": 317, "xmax": 701}}, {"tid": 8, "generated": 0, "bbox": {"xmin": 591, "ymin": 364, "ymax": 438, "xmax": 641}}], [{"tid": 0, "generated": 0, "bbox": {"xmin": 545, "ymin": 475, "ymax": 544, "xmax": 593}}, {"tid": 1, "generated": 0, "bbox": {"xmin": 535, "ymin": 395, "ymax": 466, "xmax": 584}}, {"tid": 2, "generated": 0, "bbox": {"xmin": 525, "ymin": 301, "ymax": 377, "xmax": 573}}, {"tid": 3, "generated": 0, "bbox": {"xmin": 468, "ymin": 244, "ymax": 317, "xmax": 518}}, {"tid": 4, "generated": 0, "bbox": {"xmin": 416, "ymin": 181, "ymax": 252, "xmax": 461}}, {"tid": 5, "generated": 0, "bbox": {"xmin": 538, "ymin": 209, "ymax": 284, "xmax": 588}}, {"tid": 6, "generated": 0, "bbox": {"xmin": 593, "ymin": 272, "ymax": 348, "xmax": 643}}, {"tid": 7, "generated": 0, "bbox": {"xmin": 654, "ymin": 243, "ymax": 316, "xmax": 711}}, {"tid": 8, "generated": 0, "bbox": {"xmin": 599, "ymin": 363, "ymax": 437, "xmax": 650}}], [{"tid": 0, "generated": 0, "bbox": {"xmin": 552, "ymin": 474, "ymax": 545, "xmax": 601}}, {"tid": 1, "generated": 0, "bbox": {"xmin": 543, "ymin": 394, "ymax": 465, "xmax": 592}}, {"tid": 2, "generated": 0, "bbox": {"xmin": 533, "ymin": 298, "ymax": 376, "xmax": 582}}, {"tid": 3, "generated": 0, "bbox": {"xmin": 474, "ymin": 242, "ymax": 316, "xmax": 526}}, {"tid": 4, "generated": 0, "bbox": {"xmin": 421, "ymin": 178, "ymax": 249, "xmax": 468}}, {"tid": 5, "generated": 0, "bbox": {"xmin": 546, "ymin": 207, "ymax": 282, "xmax": 597}}, {"tid": 6, "generated": 0, "bbox": {"xmin": 602, "ymin": 270, "ymax": 347, "xmax": 653}}, {"tid": 7, "generated": 0, "bbox": {"xmin": 666, "ymin": 241, "ymax": 315, "xmax": 723}}, {"tid": 8, "generated": 0, "bbox": {"xmin": 608, "ymin": 362, "ymax": 436, "xmax": 660}}], [{"tid": 0, "generated": 0, "bbox": {"xmin": 559, "ymin": 474, "ymax": 546, "xmax": 609}}, {"tid": 1, "generated": 0, "bbox": {"xmin": 550, "ymin": 393, "ymax": 465, "xmax": 600}}, {"tid": 2, "generated": 0, "bbox": {"xmin": 541, "ymin": 295, "ymax": 374, "xmax": 591}}, {"tid": 3, "generated": 0, "bbox": {"xmin": 481, "ymin": 240, "ymax": 315, "xmax": 534}}, {"tid": 4, "generated": 0, "bbox": {"xmin": 426, "ymin": 175, "ymax": 247, "xmax": 474}}, {"tid": 5, "generated": 0, "bbox": {"xmin": 554, "ymin": 205, "ymax": 281, "xmax": 606}}, {"tid": 6, "generated": 0, "bbox": {"xmin": 611, "ymin": 268, "ymax": 345, "xmax": 663}}, {"tid": 7, "generated": 0, "bbox": {"xmin": 678, "ymin": 239, "ymax": 314, "xmax": 735}}, {"tid": 8, "generated": 0, "bbox": {"xmin": 616, "ymin": 361, "ymax": 435, "xmax": 669}}], [{"tid": 0, "generated": 0, "bbox": {"xmin": 567, "ymin": 474, "ymax": 547, "xmax": 618}}, {"tid": 1, "generated": 0, "bbox": {"xmin": 558, "ymin": 392, "ymax": 465, "xmax": 609}}, {"tid": 2, "generated": 0, "bbox": {"xmin": 549, "ymin": 293, "ymax": 373, "xmax": 600}}, {"tid": 3, "generated": 0, "bbox": {"xmin": 488, "ymin": 238, "ymax": 314, "xmax": 542}}, {"tid": 4, "generated": 0, "bbox": {"xmin": 432, "ymin": 172, "ymax": 245, "xmax": 481}}, {"tid": 5, "generated": 0, "bbox": {"xmin": 563, "ymin": 204, "ymax": 280, "xmax": 616}}, {"tid": 6, "generated": 0, "bbox": {"xmin": 620, "ymin": 266, "ymax": 344, "xmax": 673}}, {"tid": 7, "generated": 0, "bbox": {"xmin": 691, "ymin": 238, "ymax": 314, "xmax": 748}}, {"tid": 8, "generated": 0, "bbox": {"xmin": 625, "ymin": 360, "ymax": 435, "xmax": 679}}], [{"tid": 0, "generated": 0, "bbox": {"xmin": 574, "ymin": 477, "ymax": 550, "xmax": 625}}, {"tid": 1, "generated": 0, "bbox": {"xmin": 566, "ymin": 394, "ymax": 467, "xmax": 618}}, {"tid": 2, "generated": 0, "bbox": {"xmin": 558, "ymin": 295, "ymax": 375, "xmax": 609}}, {"tid": 3, "generated": 0, "bbox": {"xmin": 496, "ymin": 239, "ymax": 316, "xmax": 550}}, {"tid": 4, "generated": 0, "bbox": {"xmin": 439, "ymin": 173, "ymax": 248, "xmax": 488}}, {"tid": 5, "generated": 0, "bbox": {"xmin": 572, "ymin": 204, "ymax": 282, "xmax": 625}}, {"tid": 6, "generated": 0, "bbox": {"xmin": 629, "ymin": 267, "ymax": 346, "xmax": 682}}, {"tid": 7, "generated": 0, "bbox": {"xmin": 701, "ymin": 239, "ymax": 316, "xmax": 758}}, {"tid": 8, "generated": 0, "bbox": {"xmin": 634, "ymin": 363, "ymax": 437, "xmax": 687}}], [{"tid": 0, "generated": 0, "bbox": {"xmin": 581, "ymin": 481, "ymax": 554, "xmax": 632}}, {"tid": 1, "generated": 0, "bbox": {"xmin": 575, "ymin": 396, "ymax": 469, "xmax": 627}}, {"tid": 2, "generated": 0, "bbox": {"xmin": 567, "ymin": 297, "ymax": 377, "xmax": 618}}, {"tid": 3, "generated": 0, "bbox": {"xmin": 504, "ymin": 241, "ymax": 318, "xmax": 558}}, {"tid": 4, "generated": 0, "bbox": {"xmin": 447, "ymin": 175, "ymax": 251, "xmax": 496}}, {"tid": 5, "generated": 0, "bbox": {"xmin": 581, "ymin": 205, "ymax": 284, "xmax": 635}}, {"tid": 6, "generated": 0, "bbox": {"xmin": 638, "ymin": 268, "ymax": 348, "xmax": 692}}, {"tid": 7, "generated": 0, "bbox": {"xmin": 712, "ymin": 241, "ymax": 318, "xmax": 769}}, {"tid": 8, "generated": 0, "bbox": {"xmin": 643, "ymin": 366, "ymax": 439, "xmax": 696}}]], "subject/objects": [{"category": "airplane", "tid": 0}, {"category": "airplane", "tid": 1}, {"category": "airplane", "tid": 2}, {"category": "airplane", "tid": 3}, {"category": "airplane", "tid": 4}, {"category": "airplane", "tid": 5}, {"category": "airplane", "tid": 6}, {"category": "airplane", "tid": 7}, {"category": "airplane", "tid": 8}], "relation_instances": [{"end_fid": 30, "subject_tid": 0, "predicate": "fly_next_to", "begin_fid": 0, "object_tid": 1}, {"end_fid": 30, "subject_tid": 0, "predicate": "fly_with", "begin_fid": 0, "object_tid": 1}, {"end_fid": 30, "subject_tid": 1, "predicate": "fly_next_to", "begin_fid": 0, "object_tid": 0}, {"end_fid": 30, "subject_tid": 1, "predicate": "fly_with", "begin_fid": 0, "object_tid": 0}, {"end_fid": 30, "subject_tid": 0, "predicate": "fly_with", "begin_fid": 0, "object_tid": 2}, {"end_fid": 30, "subject_tid": 2, "predicate": "fly_with", "begin_fid": 0, "object_tid": 0}, {"end_fid": 30, "subject_tid": 0, "predicate": "fly_with", "begin_fid": 0, "object_tid": 3}, {"end_fid": 30, "subject_tid": 3, "predicate": "fly_with", "begin_fid": 0, "object_tid": 0}, {"end_fid": 30, "subject_tid": 0, "predicate": "fly_with", "begin_fid": 0, "object_tid": 4}, {"end_fid": 30, "subject_tid": 4, "predicate": "fly_with", "begin_fid": 0, "object_tid": 0}, {"end_fid": 30, "subject_tid": 0, "predicate": "fly_with", "begin_fid": 0, "object_tid": 5}, {"end_fid": 30, "subject_tid": 5, "predicate": "fly_with", "begin_fid": 0, "object_tid": 0}, {"end_fid": 30, "subject_tid": 0, "predicate": "fly_with", "begin_fid": 0, "object_tid": 6}, {"end_fid": 30, "subject_tid": 6, "predicate": "fly_with", "begin_fid": 0, "object_tid": 0}, {"end_fid": 30, "subject_tid": 0, "predicate": "fly_with", "begin_fid": 0, "object_tid": 7}, {"end_fid": 30, "subject_tid": 7, "predicate": "fly_with", "begin_fid": 0, "object_tid": 0}, {"end_fid": 30, "subject_tid": 0, "predicate": "fly_with", "begin_fid": 0, "object_tid": 8}, {"end_fid": 30, "subject_tid": 8, "predicate": "fly_with", "begin_fid": 0, "object_tid": 0}, {"end_fid": 30, "subject_tid": 1, "predicate": "fly_next_to", "begin_fid": 0, "object_tid": 2}, {"end_fid": 30, "subject_tid": 1, "predicate": "fly_with", "begin_fid": 0, "object_tid": 2}, {"end_fid": 30, "subject_tid": 2, "predicate": "fly_next_to", "begin_fid": 0, "object_tid": 1}, {"end_fid": 30, "subject_tid": 2, "predicate": "fly_with", "begin_fid": 0, "object_tid": 1}, {"end_fid": 30, "subject_tid": 1, "predicate": "fly_with", "begin_fid": 0, "object_tid": 3}, {"end_fid": 30, "subject_tid": 3, "predicate": "fly_with", "begin_fid": 0, "object_tid": 1}, {"end_fid": 30, "subject_tid": 1, "predicate": "fly_with", "begin_fid": 0, "object_tid": 4}, {"end_fid": 30, "subject_tid": 4, "predicate": "fly_with", "begin_fid": 0, "object_tid": 1}, {"end_fid": 30, "subject_tid": 1, "predicate": "fly_with", "begin_fid": 0, "object_tid": 5}, {"end_fid": 30, "subject_tid": 5, "predicate": "fly_with", "begin_fid": 0, "object_tid": 1}, {"end_fid": 30, "subject_tid": 1, "predicate": "fly_with", "begin_fid": 0, "object_tid": 6}, {"end_fid": 30, "subject_tid": 6, "predicate": "fly_with", "begin_fid": 0, "object_tid": 1}, {"end_fid": 30, "subject_tid": 1, "predicate": "fly_with", "begin_fid": 0, "object_tid": 7}, {"end_fid": 30, "subject_tid": 7, "predicate": "fly_with", "begin_fid": 0, "object_tid": 1}, {"end_fid": 30, "subject_tid": 1, "predicate": "fly_next_to", "begin_fid": 0, "object_tid": 8}, {"end_fid": 30, "subject_tid": 1, "predicate": "fly_with", "begin_fid": 0, "object_tid": 8}, {"end_fid": 30, "subject_tid": 8, "predicate": "fly_next_to", "begin_fid": 0, "object_tid": 1}, {"end_fid": 30, "subject_tid": 8, "predicate": "fly_with", "begin_fid": 0, "object_tid": 1}, {"end_fid": 30, "subject_tid": 2, "predicate": "fly_next_to", "begin_fid": 0, "object_tid": 3}, {"end_fid": 30, "subject_tid": 2, "predicate": "fly_with", "begin_fid": 0, "object_tid": 3}, {"end_fid": 30, "subject_tid": 3, "predicate": "fly_next_to", "begin_fid": 0, "object_tid": 2}, {"end_fid": 30, "subject_tid": 3, "predicate": "fly_with", "begin_fid": 0, "object_tid": 2}, {"end_fid": 30, "subject_tid": 2, "predicate": "fly_with", "begin_fid": 0, "object_tid": 4}, {"end_fid": 30, "subject_tid": 4, "predicate": "fly_with", "begin_fid": 0, "object_tid": 2}, {"end_fid": 30, "subject_tid": 2, "predicate": "fly_with", "begin_fid": 0, "object_tid": 5}, {"end_fid": 30, "subject_tid": 5, "predicate": "fly_with", "begin_fid": 0, "object_tid": 2}, {"end_fid": 30, "subject_tid": 2, "predicate": "fly_next_to", "begin_fid": 0, "object_tid": 6}, {"end_fid": 30, "subject_tid": 2, "predicate": "fly_with", "begin_fid": 0, "object_tid": 6}, {"end_fid": 30, "subject_tid": 6, "predicate": "fly_next_to", "begin_fid": 0, "object_tid": 2}, {"end_fid": 30, "subject_tid": 6, "predicate": "fly_with", "begin_fid": 0, "object_tid": 2}, {"end_fid": 30, "subject_tid": 2, "predicate": "fly_with", "begin_fid": 0, "object_tid": 7}, {"end_fid": 30, "subject_tid": 7, "predicate": "fly_with", "begin_fid": 0, "object_tid": 2}, {"end_fid": 30, "subject_tid": 2, "predicate": "fly_with", "begin_fid": 0, "object_tid": 8}, {"end_fid": 30, "subject_tid": 8, "predicate": "fly_with", "begin_fid": 0, "object_tid": 2}, {"end_fid": 30, "subject_tid": 3, "predicate": "fly_next_to", "begin_fid": 0, "object_tid": 4}, {"end_fid": 30, "subject_tid": 3, "predicate": "fly_with", "begin_fid": 0, "object_tid": 4}, {"end_fid": 30, "subject_tid": 4, "predicate": "fly_next_to", "begin_fid": 0, "object_tid": 3}, {"end_fid": 30, "subject_tid": 4, "predicate": "fly_with", "begin_fid": 0, "object_tid": 3}, {"end_fid": 30, "subject_tid": 3, "predicate": "fly_next_to", "begin_fid": 0, "object_tid": 5}, {"end_fid": 30, "subject_tid": 3, "predicate": "fly_with", "begin_fid": 0, "object_tid": 5}, {"end_fid": 30, "subject_tid": 5, "predicate": "fly_next_to", "begin_fid": 0, "object_tid": 3}, {"end_fid": 30, "subject_tid": 5, "predicate": "fly_with", "begin_fid": 0, "object_tid": 3}, {"end_fid": 30, "subject_tid": 3, "predicate": "fly_with", "begin_fid": 0, "object_tid": 6}, {"end_fid": 30, "subject_tid": 6, "predicate": "fly_with", "begin_fid": 0, "object_tid": 3}, {"end_fid": 30, "subject_tid": 3, "predicate": "fly_with", "begin_fid": 0, "object_tid": 7}, {"end_fid": 30, "subject_tid": 7, "predicate": "fly_with", "begin_fid": 0, "object_tid": 3}, {"end_fid": 30, "subject_tid": 3, "predicate": "fly_with", "begin_fid": 0, "object_tid": 8}, {"end_fid": 30, "subject_tid": 8, "predicate": "fly_with", "begin_fid": 0, "object_tid": 3}, {"end_fid": 30, "subject_tid": 4, "predicate": "fly_with", "begin_fid": 0, "object_tid": 5}, {"end_fid": 30, "subject_tid": 5, "predicate": "fly_with", "begin_fid": 0, "object_tid": 4}, {"end_fid": 30, "subject_tid": 4, "predicate": "fly_with", "begin_fid": 0, "object_tid": 6}, {"end_fid": 30, "subject_tid": 6, "predicate": "fly_with", "begin_fid": 0, "object_tid": 4}, {"end_fid": 30, "subject_tid": 4, "predicate": "fly_with", "begin_fid": 0, "object_tid": 7}, {"end_fid": 30, "subject_tid": 7, "predicate": "fly_with", "begin_fid": 0, "object_tid": 4}, {"end_fid": 30, "subject_tid": 4, "predicate": "fly_with", "begin_fid": 0, "object_tid": 8}, {"end_fid": 30, "subject_tid": 8, "predicate": "fly_with", "begin_fid": 0, "object_tid": 4}, {"end_fid": 30, "subject_tid": 5, "predicate": "fly_next_to", "begin_fid": 0, "object_tid": 6}, {"end_fid": 30, "subject_tid": 5, "predicate": "fly_with", "begin_fid": 0, "object_tid": 6}, {"end_fid": 30, "subject_tid": 6, "predicate": "fly_next_to", "begin_fid": 0, "object_tid": 5}, {"end_fid": 30, "subject_tid": 6, "predicate": "fly_with", "begin_fid": 0, "object_tid": 5}, {"end_fid": 30, "subject_tid": 5, "predicate": "fly_with", "begin_fid": 0, "object_tid": 7}, {"end_fid": 30, "subject_tid": 7, "predicate": "fly_with", "begin_fid": 0, "object_tid": 5}, {"end_fid": 30, "subject_tid": 5, "predicate": "fly_with", "begin_fid": 0, "object_tid": 8}, {"end_fid": 30, "subject_tid": 8, "predicate": "fly_with", "begin_fid": 0, "object_tid": 5}, {"end_fid": 30, "subject_tid": 6, "predicate": "fly_next_to", "begin_fid": 0, "object_tid": 7}, {"end_fid": 30, "subject_tid": 6, "predicate": "fly_with", "begin_fid": 0, "object_tid": 7}, {"end_fid": 30, "subject_tid": 7, "predicate": "fly_next_to", "begin_fid": 0, "object_tid": 6}, {"end_fid": 30, "subject_tid": 7, "predicate": "fly_with", "begin_fid": 0, "object_tid": 6}, {"end_fid": 30, "subject_tid": 6, "predicate": "fly_next_to", "begin_fid": 0, "object_tid": 8}, {"end_fid": 30, "subject_tid": 6, "predicate": "fly_with", "begin_fid": 0, "object_tid": 8}, {"end_fid": 30, "subject_tid": 8, "predicate": "fly_next_to", "begin_fid": 0, "object_tid": 6}, {"end_fid": 30, "subject_tid": 8, "predicate": "fly_with", "begin_fid": 0, "object_tid": 6}, {"end_fid": 30, "subject_tid": 7, "predicate": "fly_with", "begin_fid": 0, "object_tid": 8}, {"end_fid": 30, "subject_tid": 8, "predicate": "fly_with", "begin_fid": 0, "object_tid": 7}], "height": 720}