{"width": 640, "frame_count": 418, "video_id": "ILSVRC2015_train_00909005", "fps": 29, "trajectories": [[{"tid": 0, "generated": 0, "bbox": {"xmin": 190, "ymin": 102, "ymax": 358, "xmax": 560}}, {"tid": 1, "generated": 0, "bbox": {"xmin": 336, "ymin": 40, "ymax": 160, "xmax": 560}}, {"tid": 2, "generated": 0, "bbox": {"xmin": 79, "ymin": 0, "ymax": 330, "xmax": 250}}], [{"tid": 0, "generated": 0, "bbox": {"xmin": 190, "ymin": 101, "ymax": 357, "xmax": 560}}, {"tid": 1, "generated": 0, "bbox": {"xmin": 335, "ymin": 40, "ymax": 159, "xmax": 560}}, {"tid": 2, "generated": 0, "bbox": {"xmin": 79, "ymin": 0, "ymax": 329, "xmax": 250}}], [{"tid": 0, "generated": 0, "bbox": {"xmin": 191, "ymin": 100, "ymax": 357, "xmax": 560}}, {"tid": 1, "generated": 0, "bbox": {"xmin": 335, "ymin": 40, "ymax": 158, "xmax": 560}}, {"tid": 2, "generated": 0, "bbox": {"xmin": 79, "ymin": 0, "ymax": 329, "xmax": 250}}], [{"tid": 0, "generated": 0, "bbox": {"xmin": 192, "ymin": 100, "ymax": 357, "xmax": 560}}, {"tid": 1, "generated": 0, "bbox": {"xmin": 335, "ymin": 40, "ymax": 157, "xmax": 560}}, {"tid": 2, "generated": 0, "bbox": {"xmin": 79, "ymin": 0, "ymax": 329, "xmax": 251}}], [{"tid": 0, "generated": 0, "bbox": {"xmin": 193, "ymin": 99, "ymax": 356, "xmax": 560}}, {"tid": 1, "generated": 0, "bbox": {"xmin": 335, "ymin": 40, "ymax": 156, "xmax": 560}}, {"tid": 2, "generated": 0, "bbox": {"xmin": 79, "ymin": 0, "ymax": 329, "xmax": 251}}], [{"tid": 0, "generated": 0, "bbox": {"xmin": 194, "ymin": 98, "ymax": 356, "xmax": 560}}, {"tid": 1, "generated": 0, "bbox": {"xmin": 334, "ymin": 39, "ymax": 155, "xmax": 560}}, {"tid": 2, "generated": 0, "bbox": {"xmin": 79, "ymin": 0, "ymax": 329, "xmax": 252}}], [{"tid": 0, "generated": 0, "bbox": {"xmin": 195, "ymin": 97, "ymax": 356, "xmax": 560}}, {"tid": 1, "generated": 0, "bbox": {"xmin": 334, "ymin": 39, "ymax": 154, "xmax": 560}}, {"tid": 2, "generated": 0, "bbox": {"xmin": 79, "ymin": 0, "ymax": 329, "xmax": 252}}], [{"tid": 0, "generated": 0, "bbox": {"xmin": 196, "ymin": 96, "ymax": 356, "xmax": 560}}, {"tid": 1, "generated": 0, "bbox": {"xmin": 333, "ymin": 39, "ymax": 154, "xmax": 560}}, {"tid": 2, "generated": 0, "bbox": {"xmin": 79, "ymin": 0, "ymax": 329, "xmax": 253}}], [{"tid": 0, "generated": 0, "bbox": {"xmin": 198, "ymin": 96, "ymax": 356, "xmax": 560}}, {"tid": 1, "generated": 0, "bbox": {"xmin": 333, "ymin": 39, "ymax": 154, "xmax": 560}}, {"tid": 2, "generated": 0, "bbox": {"xmin": 79, "ymin": 0, "ymax": 329, "xmax": 253}}], [{"tid": 0, "generated": 0, "bbox": {"xmin": 196, "ymin": 96, "ymax": 356, "xmax": 559}}, {"tid": 1, "generated": 0, "bbox": {"xmin": 330, "ymin": 39, "ymax": 155, "xmax": 560}}, {"tid": 2, "generated": 0, "bbox": {"xmin": 79, "ymin": 0, "ymax": 329, "xmax": 254}}], [{"tid": 0, "generated": 0, "bbox": {"xmin": 194, "ymin": 96, "ymax": 356, "xmax": 558}}, {"tid": 1, "generated": 0, "bbox": {"xmin": 328, "ymin": 40, "ymax": 156, "xmax": 560}}, {"tid": 2, "generated": 0, "bbox": {"xmin": 79, "ymin": 0, "ymax": 329, "xmax": 254}}], [{"tid": 0, "generated": 0, "bbox": {"xmin": 192, "ymin": 96, "ymax": 356, "xmax": 558}}, {"tid": 1, "generated": 0, "bbox": {"xmin": 320, "ymin": 39, "ymax": 153, "xmax": 559}}, {"tid": 2, "generated": 0, "bbox": {"xmin": 79, "ymin": 0, "ymax": 329, "xmax": 255}}], [{"tid": 0, "generated": 0, "bbox": {"xmin": 191, "ymin": 96, "ymax": 356, "xmax": 558}}, {"tid": 1, "generated": 0, "bbox": {"xmin": 320, "ymin": 39, "ymax": 154, "xmax": 559}}, {"tid": 2, "generated": 0, "bbox": {"xmin": 79, "ymin": 0, "ymax": 329, "xmax": 255}}], [{"tid": 0, "generated": 0, "bbox": {"xmin": 189, "ymin": 96, "ymax": 356, "xmax": 558}}, {"tid": 1, "generated": 0, "bbox": {"xmin": 320, "ymin": 39, "ymax": 156, "xmax": 560}}, {"tid": 2, "generated": 0, "bbox": {"xmin": 79, "ymin": 0, "ymax": 329, "xmax": 256}}], [{"tid": 0, "generated": 0, "bbox": {"xmin": 186, "ymin": 96, "ymax": 359, "xmax": 557}}, {"tid": 1, "generated": 0, "bbox": {"xmin": 319, "ymin": 39, "ymax": 158, "xmax": 560}}, {"tid": 2, "generated": 0, "bbox": {"xmin": 79, "ymin": 0, "ymax": 329, "xmax": 256}}], [{"tid": 0, "generated": 0, "bbox": {"xmin": 185, "ymin": 94, "ymax": 359, "xmax": 559}}, {"tid": 1, "generated": 0, "bbox": {"xmin": 318, "ymin": 39, "ymax": 160, "xmax": 560}}, {"tid": 2, "generated": 0, "bbox": {"xmin": 79, "ymin": 0, "ymax": 328, "xmax": 257}}], [{"tid": 0, "generated": 0, "bbox": {"xmin": 184, "ymin": 95, "ymax": 358, "xmax": 558}}, {"tid": 1, "generated": 0, "bbox": {"xmin": 319, "ymin": 36, "ymax": 159, "xmax": 560}}, {"tid": 2, "generated": 0, "bbox": {"xmin": 79, "ymin": 0, "ymax": 328, "xmax": 257}}], [{"tid": 0, "generated": 0, "bbox": {"xmin": 184, "ymin": 97, "ymax": 358, "xmax": 557}}, {"tid": 1, "generated": 0, "bbox": {"xmin": 320, "ymin": 34, "ymax": 158, "xmax": 560}}, {"tid": 2, "generated": 0, "bbox": {"xmin": 79, "ymin": 0, "ymax": 328, "xmax": 258}}], [{"tid": 0, "generated": 0, "bbox": {"xmin": 184, "ymin": 98, "ymax": 357, "xmax": 559}}, {"tid": 1, "generated": 0, "bbox": {"xmin": 320, "ymin": 33, "ymax": 170, "xmax": 560}}, {"tid": 2, "generated": 0, "bbox": {"xmin": 79, "ymin": 0, "ymax": 328, "xmax": 258}}], [{"tid": 0, "generated": 0, "bbox": {"xmin": 184, "ymin": 109, "ymax": 357, "xmax": 557}}, {"tid": 1, "generated": 0, "bbox": {"xmin": 320, "ymin": 32, "ymax": 183, "xmax": 560}}, {"tid": 2, "generated": 0, "bbox": {"xmin": 79, "ymin": 0, "ymax": 328, "xmax": 259}}], [{"tid": 0, "generated": 0, "bbox": {"xmin": 184, "ymin": 109, "ymax": 359, "xmax": 556}}, {"tid": 1, "generated": 0, "bbox": {"xmin": 319, "ymin": 30, "ymax": 188, "xmax": 559}}, {"tid": 2, "generated": 0, "bbox": {"xmin": 79, "ymin": 0, "ymax": 328, "xmax": 259}}], [{"tid": 0, "generated": 0, "bbox": {"xmin": 184, "ymin": 111, "ymax": 357, "xmax": 559}}, {"tid": 1, "generated": 0, "bbox": {"xmin": 319, "ymin": 29, "ymax": 194, "xmax": 559}}, {"tid": 2, "generated": 0, "bbox": {"xmin": 79, "ymin": 0, "ymax": 328, "xmax": 260}}], [{"tid": 0, "generated": 0, "bbox": {"xmin": 160, "ymin": 111, "ymax": 354, "xmax": 559}}, {"tid": 1, "generated": 0, "bbox": {"xmin": 318, "ymin": 27, "ymax": 200, "xmax": 558}}, {"tid": 2, "generated": 0, "bbox": {"xmin": 79, "ymin": 0, "ymax": 328, "xmax": 260}}], [{"tid": 0, "generated": 0, "bbox": {"xmin": 162, "ymin": 112, "ymax": 354, "xmax": 558}}, {"tid": 1, "generated": 0, "bbox": {"xmin": 318, "ymin": 26, "ymax": 206, "xmax": 558}}, {"tid": 2, "generated": 0, "bbox": {"xmin": 79, "ymin": 0, "ymax": 328, "xmax": 261}}], [{"tid": 0, "generated": 0, "bbox": {"xmin": 164, "ymin": 114, "ymax": 355, "xmax": 558}}, {"tid": 1, "generated": 0, "bbox": {"xmin": 318, "ymin": 24, "ymax": 201, "xmax": 558}}, {"tid": 2, "generated": 0, "bbox": {"xmin": 79, "ymin": 0, "ymax": 328, "xmax": 261}}], [{"tid": 0, "generated": 0, "bbox": {"xmin": 166, "ymin": 116, "ymax": 355, "xmax": 557}}, {"tid": 1, "generated": 0, "bbox": {"xmin": 318, "ymin": 24, "ymax": 223, "xmax": 559}}, {"tid": 2, "generated": 0, "bbox": {"xmin": 79, "ymin": 0, "ymax": 328, "xmax": 262}}], [{"tid": 0, "generated": 0, "bbox": {"xmin": 168, "ymin": 118, "ymax": 356, "xmax": 557}}, {"tid": 1, "generated": 0, "bbox": {"xmin": 320, "ymin": 24, "ymax": 218, "xmax": 559}}, {"tid": 2, "generated": 0, "bbox": {"xmin": 79, "ymin": 0, "ymax": 328, "xmax": 262}}], [{"tid": 0, "generated": 0, "bbox": {"xmin": 168, "ymin": 117, "ymax": 353, "xmax": 560}}, {"tid": 1, "generated": 0, "bbox": {"xmin": 320, "ymin": 21, "ymax": 215, "xmax": 558}}, {"tid": 2, "generated": 0, "bbox": {"xmin": 79, "ymin": 0, "ymax": 328, "xmax": 263}}], [{"tid": 0, "generated": 0, "bbox": {"xmin": 170, "ymin": 117, "ymax": 359, "xmax": 559}}, {"tid": 1, "generated": 0, "bbox": {"xmin": 320, "ymin": 18, "ymax": 212, "xmax": 558}}, {"tid": 2, "generated": 0, "bbox": {"xmin": 79, "ymin": 0, "ymax": 328, "xmax": 263}}], [{"tid": 0, "generated": 0, "bbox": {"xmin": 185, "ymin": 112, "ymax": 357, "xmax": 558}}, {"tid": 1, "generated": 0, "bbox": {"xmin": 320, "ymin": 16, "ymax": 209, "xmax": 558}}, {"tid": 2, "generated": 0, "bbox": {"xmin": 79, "ymin": 0, "ymax": 328, "xmax": 264}}], [], [], [], [], [], [], [], [], [], [], [], [], [], [], [], [], [], [], [], [], [], [], [], [], [], [], [], [], [], [], [], [], [], [], [], [], [], [], [], [], [], [], [], [], [], [{"tid": 0, "generated": 0, "bbox": {"xmin": 138, "ymin": 128, "ymax": 359, "xmax": 558}}, {"tid": 1, "generated": 0, "bbox": {"xmin": 264, "ymin": 15, "ymax": 220, "xmax": 559}}, {"tid": 2, "generated": 0, "bbox": {"xmin": 79, "ymin": 0, "ymax": 256, "xmax": 229}}], [{"tid": 0, "generated": 0, "bbox": {"xmin": 138, "ymin": 128, "ymax": 358, "xmax": 556}}, {"tid": 1, "generated": 0, "bbox": {"xmin": 264, "ymin": 16, "ymax": 217, "xmax": 560}}, {"tid": 2, "generated": 0, "bbox": {"xmin": 79, "ymin": 0, "ymax": 256, "xmax": 231}}], [{"tid": 0, "generated": 0, "bbox": {"xmin": 154, "ymin": 127, "ymax": 358, "xmax": 558}}, {"tid": 1, "generated": 0, "bbox": {"xmin": 264, "ymin": 18, "ymax": 217, "xmax": 559}}, {"tid": 2, "generated": 0, "bbox": {"xmin": 79, "ymin": 0, "ymax": 256, "xmax": 233}}], [{"tid": 0, "generated": 0, "bbox": {"xmin": 157, "ymin": 123, "ymax": 357, "xmax": 558}}, {"tid": 1, "generated": 0, "bbox": {"xmin": 264, "ymin": 18, "ymax": 225, "xmax": 559}}, {"tid": 2, "generated": 0, "bbox": {"xmin": 79, "ymin": 0, "ymax": 256, "xmax": 236}}], [{"tid": 0, "generated": 0, "bbox": {"xmin": 160, "ymin": 120, "ymax": 357, "xmax": 558}}, {"tid": 1, "generated": 0, "bbox": {"xmin": 264, "ymin": 19, "ymax": 224, "xmax": 559}}, {"tid": 2, "generated": 0, "bbox": {"xmin": 79, "ymin": 0, "ymax": 252, "xmax": 239}}], [{"tid": 0, "generated": 0, "bbox": {"xmin": 160, "ymin": 121, "ymax": 359, "xmax": 559}}, {"tid": 1, "generated": 0, "bbox": {"xmin": 264, "ymin": 20, "ymax": 224, "xmax": 559}}, {"tid": 2, "generated": 0, "bbox": {"xmin": 79, "ymin": 0, "ymax": 248, "xmax": 243}}], [{"tid": 0, "generated": 0, "bbox": {"xmin": 161, "ymin": 117, "ymax": 358, "xmax": 559}}, {"tid": 1, "generated": 0, "bbox": {"xmin": 264, "ymin": 22, "ymax": 224, "xmax": 560}}, {"tid": 2, "generated": 0, "bbox": {"xmin": 79, "ymin": 0, "ymax": 245, "xmax": 247}}], [{"tid": 0, "generated": 0, "bbox": {"xmin": 162, "ymin": 114, "ymax": 357, "xmax": 559}}, {"tid": 1, "generated": 0, "bbox": {"xmin": 264, "ymin": 21, "ymax": 222, "xmax": 560}}, {"tid": 2, "generated": 0, "bbox": {"xmin": 79, "ymin": 0, "ymax": 244, "xmax": 248}}], [{"tid": 0, "generated": 0, "bbox": {"xmin": 162, "ymin": 110, "ymax": 356, "xmax": 559}}, {"tid": 1, "generated": 0, "bbox": {"xmin": 264, "ymin": 21, "ymax": 221, "xmax": 560}}, {"tid": 2, "generated": 0, "bbox": {"xmin": 79, "ymin": 0, "ymax": 216, "xmax": 249}}], [{"tid": 0, "generated": 0, "bbox": {"xmin": 163, "ymin": 107, "ymax": 356, "xmax": 559}}, {"tid": 1, "generated": 0, "bbox": {"xmin": 264, "ymin": 20, "ymax": 219, "xmax": 560}}, {"tid": 2, "generated": 0, "bbox": {"xmin": 79, "ymin": 0, "ymax": 220, "xmax": 252}}], [{"tid": 0, "generated": 0, "bbox": {"xmin": 164, "ymin": 104, "ymax": 356, "xmax": 560}}, {"tid": 1, "generated": 0, "bbox": {"xmin": 264, "ymin": 20, "ymax": 218, "xmax": 561}}, {"tid": 2, "generated": 0, "bbox": {"xmin": 79, "ymin": 0, "ymax": 232, "xmax": 255}}], [{"tid": 0, "generated": 0, "bbox": {"xmin": 162, "ymin": 105, "ymax": 359, "xmax": 558}}, {"tid": 1, "generated": 0, "bbox": {"xmin": 260, "ymin": 19, "ymax": 219, "xmax": 561}}, {"tid": 2, "generated": 0, "bbox": {"xmin": 79, "ymin": 0, "ymax": 241, "xmax": 257}}], [{"tid": 0, "generated": 0, "bbox": {"xmin": 160, "ymin": 106, "ymax": 358, "xmax": 559}}, {"tid": 1, "generated": 0, "bbox": {"xmin": 256, "ymin": 18, "ymax": 221, "xmax": 561}}, {"tid": 2, "generated": 0, "bbox": {"xmin": 79, "ymin": 0, "ymax": 250, "xmax": 260}}], [{"tid": 0, "generated": 0, "bbox": {"xmin": 152, "ymin": 107, "ymax": 357, "xmax": 559}}, {"tid": 1, "generated": 0, "bbox": {"xmin": 249, "ymin": 17, "ymax": 222, "xmax": 560}}, {"tid": 2, "generated": 0, "bbox": {"xmin": 79, "ymin": 0, "ymax": 249, "xmax": 260}}], [{"tid": 0, "generated": 0, "bbox": {"xmin": 145, "ymin": 109, "ymax": 356, "xmax": 560}}, {"tid": 1, "generated": 0, "bbox": {"xmin": 242, "ymin": 17, "ymax": 223, "xmax": 560}}, {"tid": 2, "generated": 0, "bbox": {"xmin": 79, "ymin": 0, "ymax": 249, "xmax": 260}}], [{"tid": 0, "generated": 0, "bbox": {"xmin": 149, "ymin": 110, "ymax": 354, "xmax": 560}}, {"tid": 1, "generated": 0, "bbox": {"xmin": 242, "ymin": 16, "ymax": 224, "xmax": 560}}, {"tid": 2, "generated": 0, "bbox": {"xmin": 79, "ymin": 0, "ymax": 249, "xmax": 261}}], [{"tid": 0, "generated": 0, "bbox": {"xmin": 146, "ymin": 111, "ymax": 355, "xmax": 560}}, {"tid": 1, "generated": 0, "bbox": {"xmin": 242, "ymin": 16, "ymax": 226, "xmax": 560}}, {"tid": 2, "generated": 0, "bbox": {"xmin": 79, "ymin": 0, "ymax": 249, "xmax": 261}}], [{"tid": 0, "generated": 0, "bbox": {"xmin": 143, "ymin": 112, "ymax": 356, "xmax": 560}}, {"tid": 1, "generated": 0, "bbox": {"xmin": 242, "ymin": 16, "ymax": 227, "xmax": 560}}, {"tid": 2, "generated": 0, "bbox": {"xmin": 79, "ymin": 0, "ymax": 248, "xmax": 261}}], [{"tid": 0, "generated": 0, "bbox": {"xmin": 141, "ymin": 113, "ymax": 357, "xmax": 560}}, {"tid": 1, "generated": 0, "bbox": {"xmin": 242, "ymin": 16, "ymax": 229, "xmax": 560}}, {"tid": 2, "generated": 0, "bbox": {"xmin": 79, "ymin": 0, "ymax": 248, "xmax": 262}}], [{"tid": 0, "generated": 0, "bbox": {"xmin": 138, "ymin": 114, "ymax": 358, "xmax": 560}}, {"tid": 1, "generated": 0, "bbox": {"xmin": 242, "ymin": 16, "ymax": 230, "xmax": 560}}, {"tid": 2, "generated": 0, "bbox": {"xmin": 79, "ymin": 0, "ymax": 248, "xmax": 262}}], [{"tid": 0, "generated": 0, "bbox": {"xmin": 136, "ymin": 116, "ymax": 359, "xmax": 560}}, {"tid": 1, "generated": 0, "bbox": {"xmin": 242, "ymin": 16, "ymax": 232, "xmax": 560}}, {"tid": 2, "generated": 0, "bbox": {"xmin": 79, "ymin": 0, "ymax": 248, "xmax": 263}}], [{"tid": 0, "generated": 0, "bbox": {"xmin": 138, "ymin": 117, "ymax": 358, "xmax": 559}}, {"tid": 1, "generated": 0, "bbox": {"xmin": 241, "ymin": 16, "ymax": 232, "xmax": 560}}, {"tid": 2, "generated": 0, "bbox": {"xmin": 78, "ymin": 0, "ymax": 254, "xmax": 262}}], [{"tid": 0, "generated": 0, "bbox": {"xmin": 140, "ymin": 118, "ymax": 358, "xmax": 559}}, {"tid": 1, "generated": 0, "bbox": {"xmin": 240, "ymin": 16, "ymax": 233, "xmax": 560}}, {"tid": 2, "generated": 0, "bbox": {"xmin": 77, "ymin": 0, "ymax": 253, "xmax": 260}}], [{"tid": 0, "generated": 0, "bbox": {"xmin": 142, "ymin": 119, "ymax": 358, "xmax": 558}}, {"tid": 1, "generated": 0, "bbox": {"xmin": 240, "ymin": 16, "ymax": 234, "xmax": 560}}, {"tid": 2, "generated": 0, "bbox": {"xmin": 77, "ymin": 0, "ymax": 253, "xmax": 259}}], [{"tid": 0, "generated": 0, "bbox": {"xmin": 144, "ymin": 120, "ymax": 358, "xmax": 558}}, {"tid": 1, "generated": 0, "bbox": {"xmin": 243, "ymin": 17, "ymax": 235, "xmax": 560}}, {"tid": 2, "generated": 0, "bbox": {"xmin": 77, "ymin": 0, "ymax": 252, "xmax": 258}}], [{"tid": 0, "generated": 0, "bbox": {"xmin": 146, "ymin": 120, "ymax": 358, "xmax": 558}}, {"tid": 1, "generated": 0, "bbox": {"xmin": 246, "ymin": 18, "ymax": 237, "xmax": 560}}, {"tid": 2, "generated": 0, "bbox": {"xmin": 77, "ymin": 0, "ymax": 252, "xmax": 257}}], [{"tid": 0, "generated": 0, "bbox": {"xmin": 149, "ymin": 121, "ymax": 358, "xmax": 558}}, {"tid": 1, "generated": 0, "bbox": {"xmin": 250, "ymin": 19, "ymax": 239, "xmax": 560}}, {"tid": 2, "generated": 0, "bbox": {"xmin": 77, "ymin": 0, "ymax": 252, "xmax": 255}}], [{"tid": 0, "generated": 0, "bbox": {"xmin": 152, "ymin": 122, "ymax": 358, "xmax": 558}}, {"tid": 1, "generated": 0, "bbox": {"xmin": 253, "ymin": 20, "ymax": 240, "xmax": 560}}, {"tid": 2, "generated": 0, "bbox": {"xmin": 77, "ymin": 0, "ymax": 252, "xmax": 253}}], [{"tid": 0, "generated": 0, "bbox": {"xmin": 154, "ymin": 122, "ymax": 358, "xmax": 558}}, {"tid": 1, "generated": 0, "bbox": {"xmin": 257, "ymin": 21, "ymax": 242, "xmax": 560}}, {"tid": 2, "generated": 0, "bbox": {"xmin": 77, "ymin": 0, "ymax": 252, "xmax": 251}}], [{"tid": 0, "generated": 0, "bbox": {"xmin": 157, "ymin": 123, "ymax": 358, "xmax": 558}}, {"tid": 1, "generated": 0, "bbox": {"xmin": 260, "ymin": 22, "ymax": 244, "xmax": 560}}, {"tid": 2, "generated": 0, "bbox": {"xmin": 77, "ymin": 0, "ymax": 252, "xmax": 249}}], [], [], [], [], [], [], [], [], [], [], [], [], [], [], [], [], [], [], [], [], [], [], [], [], [], [], [], [], [], [], [{"tid": 0, "generated": 0, "bbox": {"xmin": 176, "ymin": 120, "ymax": 359, "xmax": 560}}, {"tid": 1, "generated": 0, "bbox": {"xmin": 290, "ymin": 36, "ymax": 241, "xmax": 560}}, {"tid": 2, "generated": 0, "bbox": {"xmin": 142, "ymin": 16, "ymax": 197, "xmax": 240}}], [{"tid": 0, "generated": 0, "bbox": {"xmin": 178, "ymin": 122, "ymax": 358, "xmax": 559}}, {"tid": 1, "generated": 0, "bbox": {"xmin": 289, "ymin": 36, "ymax": 241, "xmax": 560}}, {"tid": 2, "generated": 0, "bbox": {"xmin": 142, "ymin": 16, "ymax": 198, "xmax": 239}}], [{"tid": 0, "generated": 0, "bbox": {"xmin": 180, "ymin": 125, "ymax": 357, "xmax": 559}}, {"tid": 1, "generated": 0, "bbox": {"xmin": 289, "ymin": 36, "ymax": 242, "xmax": 560}}, {"tid": 2, "generated": 0, "bbox": {"xmin": 142, "ymin": 17, "ymax": 199, "xmax": 239}}], [{"tid": 0, "generated": 0, "bbox": {"xmin": 181, "ymin": 125, "ymax": 356, "xmax": 559}}, {"tid": 1, "generated": 0, "bbox": {"xmin": 288, "ymin": 36, "ymax": 242, "xmax": 560}}, {"tid": 2, "generated": 0, "bbox": {"xmin": 143, "ymin": 18, "ymax": 201, "xmax": 239}}], [{"tid": 0, "generated": 0, "bbox": {"xmin": 182, "ymin": 125, "ymax": 355, "xmax": 559}}, {"tid": 1, "generated": 0, "bbox": {"xmin": 288, "ymin": 36, "ymax": 243, "xmax": 560}}, {"tid": 2, "generated": 0, "bbox": {"xmin": 143, "ymin": 20, "ymax": 200, "xmax": 244}}], [{"tid": 0, "generated": 0, "bbox": {"xmin": 184, "ymin": 126, "ymax": 354, "xmax": 559}}, {"tid": 1, "generated": 0, "bbox": {"xmin": 288, "ymin": 37, "ymax": 244, "xmax": 560}}, {"tid": 2, "generated": 0, "bbox": {"xmin": 144, "ymin": 21, "ymax": 198, "xmax": 244}}], [{"tid": 0, "generated": 0, "bbox": {"xmin": 184, "ymin": 126, "ymax": 359, "xmax": 558}}, {"tid": 1, "generated": 0, "bbox": {"xmin": 285, "ymin": 37, "ymax": 244, "xmax": 559}}, {"tid": 2, "generated": 0, "bbox": {"xmin": 143, "ymin": 22, "ymax": 196, "xmax": 242}}], [{"tid": 0, "generated": 0, "bbox": {"xmin": 183, "ymin": 127, "ymax": 358, "xmax": 562}}, {"tid": 1, "generated": 0, "bbox": {"xmin": 283, "ymin": 37, "ymax": 245, "xmax": 559}}, {"tid": 2, "generated": 0, "bbox": {"xmin": 142, "ymin": 23, "ymax": 194, "xmax": 241}}], [{"tid": 0, "generated": 0, "bbox": {"xmin": 182, "ymin": 127, "ymax": 357, "xmax": 560}}, {"tid": 1, "generated": 0, "bbox": {"xmin": 281, "ymin": 38, "ymax": 246, "xmax": 559}}, {"tid": 2, "generated": 0, "bbox": {"xmin": 141, "ymin": 24, "ymax": 192, "xmax": 240}}], [{"tid": 0, "generated": 0, "bbox": {"xmin": 181, "ymin": 127, "ymax": 357, "xmax": 559}}, {"tid": 1, "generated": 0, "bbox": {"xmin": 279, "ymin": 38, "ymax": 247, "xmax": 559}}, {"tid": 2, "generated": 0, "bbox": {"xmin": 141, "ymin": 25, "ymax": 197, "xmax": 239}}], [{"tid": 0, "generated": 0, "bbox": {"xmin": 180, "ymin": 128, "ymax": 357, "xmax": 558}}, {"tid": 1, "generated": 0, "bbox": {"xmin": 277, "ymin": 39, "ymax": 248, "xmax": 559}}, {"tid": 2, "generated": 0, "bbox": {"xmin": 141, "ymin": 26, "ymax": 197, "xmax": 238}}], [{"tid": 0, "generated": 0, "bbox": {"xmin": 178, "ymin": 128, "ymax": 357, "xmax": 558}}, {"tid": 1, "generated": 0, "bbox": {"xmin": 271, "ymin": 40, "ymax": 247, "xmax": 558}}, {"tid": 2, "generated": 0, "bbox": {"xmin": 142, "ymin": 27, "ymax": 198, "xmax": 237}}], [{"tid": 0, "generated": 0, "bbox": {"xmin": 177, "ymin": 128, "ymax": 357, "xmax": 558}}, {"tid": 1, "generated": 0, "bbox": {"xmin": 265, "ymin": 41, "ymax": 247, "xmax": 558}}, {"tid": 2, "generated": 0, "bbox": {"xmin": 142, "ymin": 29, "ymax": 198, "xmax": 237}}], [{"tid": 0, "generated": 0, "bbox": {"xmin": 176, "ymin": 128, "ymax": 357, "xmax": 558}}, {"tid": 1, "generated": 0, "bbox": {"xmin": 260, "ymin": 42, "ymax": 247, "xmax": 558}}, {"tid": 2, "generated": 0, "bbox": {"xmin": 143, "ymin": 30, "ymax": 199, "xmax": 236}}], [{"tid": 0, "generated": 0, "bbox": {"xmin": 174, "ymin": 128, "ymax": 357, "xmax": 558}}, {"tid": 1, "generated": 0, "bbox": {"xmin": 254, "ymin": 43, "ymax": 247, "xmax": 558}}, {"tid": 2, "generated": 0, "bbox": {"xmin": 144, "ymin": 32, "ymax": 200, "xmax": 236}}], [{"tid": 0, "generated": 0, "bbox": {"xmin": 173, "ymin": 128, "ymax": 357, "xmax": 558}}, {"tid": 1, "generated": 0, "bbox": {"xmin": 248, "ymin": 44, "ymax": 246, "xmax": 557}}, {"tid": 2, "generated": 0, "bbox": {"xmin": 146, "ymin": 34, "ymax": 200, "xmax": 237}}], [{"tid": 0, "generated": 0, "bbox": {"xmin": 172, "ymin": 128, "ymax": 357, "xmax": 558}}, {"tid": 1, "generated": 0, "bbox": {"xmin": 243, "ymin": 45, "ymax": 246, "xmax": 557}}, {"tid": 2, "generated": 0, "bbox": {"xmin": 146, "ymin": 35, "ymax": 199, "xmax": 236}}], [{"tid": 0, "generated": 0, "bbox": {"xmin": 170, "ymin": 128, "ymax": 357, "xmax": 558}}, {"tid": 1, "generated": 0, "bbox": {"xmin": 237, "ymin": 46, "ymax": 246, "xmax": 557}}, {"tid": 2, "generated": 0, "bbox": {"xmin": 147, "ymin": 37, "ymax": 199, "xmax": 235}}], [{"tid": 0, "generated": 0, "bbox": {"xmin": 169, "ymin": 128, "ymax": 357, "xmax": 558}}, {"tid": 1, "generated": 0, "bbox": {"xmin": 232, "ymin": 48, "ymax": 246, "xmax": 557}}, {"tid": 2, "generated": 0, "bbox": {"xmin": 147, "ymin": 38, "ymax": 198, "xmax": 234}}], [{"tid": 0, "generated": 0, "bbox": {"xmin": 168, "ymin": 128, "ymax": 357, "xmax": 558}}, {"tid": 1, "generated": 0, "bbox": {"xmin": 233, "ymin": 48, "ymax": 245, "xmax": 558}}, {"tid": 2, "generated": 0, "bbox": {"xmin": 148, "ymin": 40, "ymax": 198, "xmax": 233}}], [{"tid": 0, "generated": 0, "bbox": {"xmin": 167, "ymin": 128, "ymax": 358, "xmax": 559}}, {"tid": 1, "generated": 0, "bbox": {"xmin": 232, "ymin": 49, "ymax": 246, "xmax": 558}}, {"tid": 2, "generated": 0, "bbox": {"xmin": 149, "ymin": 42, "ymax": 185, "xmax": 234}}], [{"tid": 0, "generated": 0, "bbox": {"xmin": 166, "ymin": 125, "ymax": 357, "xmax": 558}}, {"tid": 1, "generated": 0, "bbox": {"xmin": 220, "ymin": 49, "ymax": 246, "xmax": 557}}, {"tid": 2, "generated": 0, "bbox": {"xmin": 148, "ymin": 42, "ymax": 182, "xmax": 234}}], [{"tid": 0, "generated": 0, "bbox": {"xmin": 165, "ymin": 122, "ymax": 357, "xmax": 558}}, {"tid": 1, "generated": 0, "bbox": {"xmin": 208, "ymin": 50, "ymax": 246, "xmax": 557}}, {"tid": 2, "generated": 0, "bbox": {"xmin": 148, "ymin": 42, "ymax": 180, "xmax": 235}}], [{"tid": 0, "generated": 0, "bbox": {"xmin": 164, "ymin": 120, "ymax": 357, "xmax": 558}}, {"tid": 1, "generated": 0, "bbox": {"xmin": 210, "ymin": 51, "ymax": 246, "xmax": 556}}, {"tid": 2, "generated": 0, "bbox": {"xmin": 148, "ymin": 42, "ymax": 178, "xmax": 236}}], [{"tid": 0, "generated": 0, "bbox": {"xmin": 163, "ymin": 117, "ymax": 357, "xmax": 557}}, {"tid": 1, "generated": 0, "bbox": {"xmin": 212, "ymin": 52, "ymax": 247, "xmax": 556}}, {"tid": 2, "generated": 0, "bbox": {"xmin": 149, "ymin": 42, "ymax": 176, "xmax": 236}}], [{"tid": 0, "generated": 0, "bbox": {"xmin": 162, "ymin": 115, "ymax": 357, "xmax": 557}}, {"tid": 1, "generated": 0, "bbox": {"xmin": 215, "ymin": 54, "ymax": 248, "xmax": 556}}, {"tid": 2, "generated": 0, "bbox": {"xmin": 150, "ymin": 42, "ymax": 174, "xmax": 237}}], [{"tid": 0, "generated": 0, "bbox": {"xmin": 162, "ymin": 113, "ymax": 357, "xmax": 557}}, {"tid": 1, "generated": 0, "bbox": {"xmin": 217, "ymin": 55, "ymax": 249, "xmax": 556}}, {"tid": 2, "generated": 0, "bbox": {"xmin": 151, "ymin": 42, "ymax": 172, "xmax": 238}}], [{"tid": 0, "generated": 0, "bbox": {"xmin": 165, "ymin": 112, "ymax": 356, "xmax": 558}}, {"tid": 1, "generated": 0, "bbox": {"xmin": 220, "ymin": 57, "ymax": 250, "xmax": 556}}, {"tid": 2, "generated": 0, "bbox": {"xmin": 153, "ymin": 42, "ymax": 170, "xmax": 238}}], [{"tid": 0, "generated": 0, "bbox": {"xmin": 157, "ymin": 104, "ymax": 356, "xmax": 556}}, {"tid": 1, "generated": 0, "bbox": {"xmin": 222, "ymin": 59, "ymax": 251, "xmax": 556}}, {"tid": 2, "generated": 0, "bbox": {"xmin": 154, "ymin": 42, "ymax": 168, "xmax": 239}}], [{"tid": 0, "generated": 0, "bbox": {"xmin": 152, "ymin": 104, "ymax": 357, "xmax": 558}}, {"tid": 1, "generated": 0, "bbox": {"xmin": 224, "ymin": 61, "ymax": 253, "xmax": 557}}, {"tid": 2, "generated": 0, "bbox": {"xmin": 155, "ymin": 42, "ymax": 166, "xmax": 240}}], [], [], [], [], [], [], [], [], [], [], [], [], [], [], [], [], [], [], [], [], [], [], [], [], [], [], [], [], [], [], [], [], [], [], [], [], [], [], [], [], [], [], [], [], [], [], [], [], [], [], [], [], [], [], [], [], [], [], [], [], [], [], [], [], [], [], [], [], [], [], [], [], [], [], [], [{"tid": 0, "generated": 0, "bbox": {"xmin": 78, "ymin": 150, "ymax": 356, "xmax": 525}}, {"tid": 1, "generated": 0, "bbox": {"xmin": 101, "ymin": 51, "ymax": 187, "xmax": 480}}, {"tid": 2, "generated": 0, "bbox": {"xmin": 78, "ymin": 73, "ymax": 138, "xmax": 187}}], [{"tid": 0, "generated": 0, "bbox": {"xmin": 78, "ymin": 146, "ymax": 356, "xmax": 523}}, {"tid": 1, "generated": 0, "bbox": {"xmin": 102, "ymin": 50, "ymax": 186, "xmax": 478}}, {"tid": 2, "generated": 0, "bbox": {"xmin": 78, "ymin": 73, "ymax": 142, "xmax": 185}}], [{"tid": 0, "generated": 0, "bbox": {"xmin": 78, "ymin": 143, "ymax": 356, "xmax": 521}}, {"tid": 1, "generated": 0, "bbox": {"xmin": 104, "ymin": 49, "ymax": 185, "xmax": 476}}, {"tid": 2, "generated": 0, "bbox": {"xmin": 78, "ymin": 74, "ymax": 146, "xmax": 184}}], [{"tid": 0, "generated": 0, "bbox": {"xmin": 78, "ymin": 139, "ymax": 356, "xmax": 519}}, {"tid": 1, "generated": 0, "bbox": {"xmin": 106, "ymin": 49, "ymax": 185, "xmax": 475}}, {"tid": 2, "generated": 0, "bbox": {"xmin": 78, "ymin": 74, "ymax": 150, "xmax": 182}}], [{"tid": 0, "generated": 0, "bbox": {"xmin": 78, "ymin": 136, "ymax": 356, "xmax": 517}}, {"tid": 1, "generated": 0, "bbox": {"xmin": 106, "ymin": 48, "ymax": 186, "xmax": 474}}, {"tid": 2, "generated": 0, "bbox": {"xmin": 78, "ymin": 75, "ymax": 154, "xmax": 181}}], [{"tid": 0, "generated": 0, "bbox": {"xmin": 78, "ymin": 133, "ymax": 356, "xmax": 515}}, {"tid": 1, "generated": 0, "bbox": {"xmin": 106, "ymin": 48, "ymax": 187, "xmax": 474}}, {"tid": 2, "generated": 0, "bbox": {"xmin": 78, "ymin": 75, "ymax": 158, "xmax": 179}}], [{"tid": 0, "generated": 0, "bbox": {"xmin": 78, "ymin": 129, "ymax": 356, "xmax": 513}}, {"tid": 1, "generated": 0, "bbox": {"xmin": 106, "ymin": 48, "ymax": 188, "xmax": 474}}, {"tid": 2, "generated": 0, "bbox": {"xmin": 78, "ymin": 76, "ymax": 163, "xmax": 178}}], [{"tid": 0, "generated": 0, "bbox": {"xmin": 78, "ymin": 126, "ymax": 356, "xmax": 511}}, {"tid": 1, "generated": 0, "bbox": {"xmin": 106, "ymin": 47, "ymax": 189, "xmax": 473}}, {"tid": 2, "generated": 0, "bbox": {"xmin": 78, "ymin": 76, "ymax": 162, "xmax": 172}}], [{"tid": 0, "generated": 0, "bbox": {"xmin": 78, "ymin": 122, "ymax": 356, "xmax": 509}}, {"tid": 1, "generated": 0, "bbox": {"xmin": 106, "ymin": 47, "ymax": 191, "xmax": 473}}, {"tid": 2, "generated": 0, "bbox": {"xmin": 78, "ymin": 76, "ymax": 162, "xmax": 167}}], [{"tid": 0, "generated": 0, "bbox": {"xmin": 78, "ymin": 119, "ymax": 356, "xmax": 507}}, {"tid": 1, "generated": 0, "bbox": {"xmin": 106, "ymin": 47, "ymax": 192, "xmax": 473}}, {"tid": 2, "generated": 0, "bbox": {"xmin": 78, "ymin": 76, "ymax": 162, "xmax": 161}}], [{"tid": 0, "generated": 0, "bbox": {"xmin": 79, "ymin": 116, "ymax": 357, "xmax": 505}}, {"tid": 1, "generated": 0, "bbox": {"xmin": 106, "ymin": 46, "ymax": 193, "xmax": 472}}, {"tid": 2, "generated": 0, "bbox": {"xmin": 78, "ymin": 76, "ymax": 162, "xmax": 156}}], [{"tid": 0, "generated": 0, "bbox": {"xmin": 78, "ymin": 117, "ymax": 357, "xmax": 499}}, {"tid": 1, "generated": 0, "bbox": {"xmin": 106, "ymin": 46, "ymax": 194, "xmax": 472}}, {"tid": 2, "generated": 0, "bbox": {"xmin": 78, "ymin": 76, "ymax": 162, "xmax": 150}}], [{"tid": 0, "generated": 0, "bbox": {"xmin": 78, "ymin": 118, "ymax": 357, "xmax": 493}}, {"tid": 1, "generated": 0, "bbox": {"xmin": 106, "ymin": 46, "ymax": 195, "xmax": 472}}, {"tid": 2, "generated": 0, "bbox": {"xmin": 78, "ymin": 76, "ymax": 161, "xmax": 145}}], [{"tid": 0, "generated": 0, "bbox": {"xmin": 78, "ymin": 119, "ymax": 357, "xmax": 487}}, {"tid": 1, "generated": 0, "bbox": {"xmin": 106, "ymin": 46, "ymax": 197, "xmax": 472}}, {"tid": 2, "generated": 0, "bbox": {"xmin": 78, "ymin": 76, "ymax": 161, "xmax": 139}}], [{"tid": 0, "generated": 0, "bbox": {"xmin": 78, "ymin": 120, "ymax": 357, "xmax": 481}}, {"tid": 1, "generated": 0, "bbox": {"xmin": 107, "ymin": 46, "ymax": 205, "xmax": 471}}, {"tid": 2, "generated": 0, "bbox": {"xmin": 78, "ymin": 76, "ymax": 161, "xmax": 134}}], [{"tid": 0, "generated": 0, "bbox": {"xmin": 78, "ymin": 121, "ymax": 357, "xmax": 476}}, {"tid": 1, "generated": 0, "bbox": {"xmin": 108, "ymin": 46, "ymax": 213, "xmax": 471}}, {"tid": 2, "generated": 0, "bbox": {"xmin": 78, "ymin": 76, "ymax": 161, "xmax": 128}}], [{"tid": 0, "generated": 0, "bbox": {"xmin": 77, "ymin": 122, "ymax": 357, "xmax": 470}}, {"tid": 1, "generated": 0, "bbox": {"xmin": 110, "ymin": 46, "ymax": 221, "xmax": 471}}, {"tid": 2, "generated": 0, "bbox": {"xmin": 78, "ymin": 76, "ymax": 161, "xmax": 123}}], [{"tid": 0, "generated": 0, "bbox": {"xmin": 77, "ymin": 123, "ymax": 357, "xmax": 464}}, {"tid": 1, "generated": 0, "bbox": {"xmin": 111, "ymin": 46, "ymax": 229, "xmax": 471}}, {"tid": 2, "generated": 0, "bbox": {"xmin": 78, "ymin": 76, "ymax": 160, "xmax": 131}}], [{"tid": 0, "generated": 0, "bbox": {"xmin": 77, "ymin": 124, "ymax": 357, "xmax": 458}}, {"tid": 1, "generated": 0, "bbox": {"xmin": 112, "ymin": 47, "ymax": 237, "xmax": 470}}, {"tid": 2, "generated": 0, "bbox": {"xmin": 78, "ymin": 77, "ymax": 160, "xmax": 139}}], [{"tid": 0, "generated": 0, "bbox": {"xmin": 77, "ymin": 125, "ymax": 357, "xmax": 452}}, {"tid": 1, "generated": 0, "bbox": {"xmin": 114, "ymin": 47, "ymax": 245, "xmax": 470}}, {"tid": 2, "generated": 0, "bbox": {"xmin": 78, "ymin": 77, "ymax": 160, "xmax": 147}}], [{"tid": 0, "generated": 0, "bbox": {"xmin": 77, "ymin": 126, "ymax": 357, "xmax": 447}}, {"tid": 1, "generated": 0, "bbox": {"xmin": 115, "ymin": 47, "ymax": 253, "xmax": 470}}, {"tid": 2, "generated": 0, "bbox": {"xmin": 78, "ymin": 78, "ymax": 160, "xmax": 156}}], [{"tid": 0, "generated": 0, "bbox": {"xmin": 77, "ymin": 124, "ymax": 357, "xmax": 445}}, {"tid": 1, "generated": 0, "bbox": {"xmin": 116, "ymin": 47, "ymax": 261, "xmax": 470}}, {"tid": 2, "generated": 0, "bbox": {"xmin": 78, "ymin": 78, "ymax": 160, "xmax": 156}}], [{"tid": 0, "generated": 0, "bbox": {"xmin": 77, "ymin": 122, "ymax": 357, "xmax": 443}}, {"tid": 1, "generated": 0, "bbox": {"xmin": 118, "ymin": 48, "ymax": 270, "xmax": 470}}, {"tid": 2, "generated": 0, "bbox": {"xmin": 78, "ymin": 78, "ymax": 160, "xmax": 157}}], [{"tid": 0, "generated": 0, "bbox": {"xmin": 77, "ymin": 120, "ymax": 357, "xmax": 441}}, {"tid": 1, "generated": 0, "bbox": {"xmin": 128, "ymin": 48, "ymax": 279, "xmax": 490}}, {"tid": 2, "generated": 0, "bbox": {"xmin": 78, "ymin": 79, "ymax": 161, "xmax": 158}}], [{"tid": 0, "generated": 0, "bbox": {"xmin": 77, "ymin": 118, "ymax": 357, "xmax": 439}}, {"tid": 1, "generated": 0, "bbox": {"xmin": 128, "ymin": 47, "ymax": 278, "xmax": 488}}, {"tid": 2, "generated": 0, "bbox": {"xmin": 78, "ymin": 79, "ymax": 161, "xmax": 159}}], [{"tid": 0, "generated": 0, "bbox": {"xmin": 77, "ymin": 116, "ymax": 357, "xmax": 437}}, {"tid": 1, "generated": 0, "bbox": {"xmin": 129, "ymin": 47, "ymax": 278, "xmax": 486}}, {"tid": 2, "generated": 0, "bbox": {"xmin": 78, "ymin": 79, "ymax": 161, "xmax": 160}}], [{"tid": 0, "generated": 0, "bbox": {"xmin": 77, "ymin": 114, "ymax": 357, "xmax": 435}}, {"tid": 1, "generated": 0, "bbox": {"xmin": 130, "ymin": 47, "ymax": 277, "xmax": 484}}, {"tid": 2, "generated": 0, "bbox": {"xmin": 78, "ymin": 80, "ymax": 162, "xmax": 161}}], [{"tid": 0, "generated": 0, "bbox": {"xmin": 77, "ymin": 112, "ymax": 357, "xmax": 433}}, {"tid": 1, "generated": 0, "bbox": {"xmin": 130, "ymin": 46, "ymax": 277, "xmax": 482}}, {"tid": 2, "generated": 0, "bbox": {"xmin": 78, "ymin": 81, "ymax": 160, "xmax": 160}}], [{"tid": 0, "generated": 0, "bbox": {"xmin": 77, "ymin": 110, "ymax": 357, "xmax": 431}}, {"tid": 1, "generated": 0, "bbox": {"xmin": 131, "ymin": 46, "ymax": 276, "xmax": 480}}, {"tid": 2, "generated": 0, "bbox": {"xmin": 79, "ymin": 82, "ymax": 158, "xmax": 159}}], [{"tid": 0, "generated": 0, "bbox": {"xmin": 77, "ymin": 108, "ymax": 357, "xmax": 429}}, {"tid": 1, "generated": 0, "bbox": {"xmin": 132, "ymin": 46, "ymax": 276, "xmax": 478}}, {"tid": 2, "generated": 0, "bbox": {"xmin": 79, "ymin": 83, "ymax": 156, "xmax": 158}}], [], [], [], [], [], [], [], [], [], [], [], [], [], [], [], [], [], [], [], [], [], [], [], [], [], [], [], [], [], [], [{"tid": 0, "generated": 0, "bbox": {"xmin": 79, "ymin": 137, "ymax": 358, "xmax": 480}}, {"tid": 1, "generated": 0, "bbox": {"xmin": 89, "ymin": 59, "ymax": 280, "xmax": 471}}], [{"tid": 0, "generated": 0, "bbox": {"xmin": 78, "ymin": 136, "ymax": 357, "xmax": 481}}, {"tid": 1, "generated": 0, "bbox": {"xmin": 89, "ymin": 59, "ymax": 280, "xmax": 471}}], [{"tid": 0, "generated": 0, "bbox": {"xmin": 78, "ymin": 136, "ymax": 357, "xmax": 482}}, {"tid": 1, "generated": 0, "bbox": {"xmin": 89, "ymin": 60, "ymax": 281, "xmax": 471}}], [{"tid": 0, "generated": 0, "bbox": {"xmin": 77, "ymin": 136, "ymax": 357, "xmax": 483}}, {"tid": 1, "generated": 0, "bbox": {"xmin": 87, "ymin": 59, "ymax": 280, "xmax": 471}}], [{"tid": 0, "generated": 0, "bbox": {"xmin": 77, "ymin": 136, "ymax": 357, "xmax": 484}}, {"tid": 1, "generated": 0, "bbox": {"xmin": 85, "ymin": 59, "ymax": 280, "xmax": 471}}], [{"tid": 0, "generated": 0, "bbox": {"xmin": 77, "ymin": 136, "ymax": 357, "xmax": 485}}, {"tid": 1, "generated": 0, "bbox": {"xmin": 84, "ymin": 58, "ymax": 279, "xmax": 471}}], [{"tid": 0, "generated": 0, "bbox": {"xmin": 76, "ymin": 135, "ymax": 357, "xmax": 486}}, {"tid": 1, "generated": 0, "bbox": {"xmin": 83, "ymin": 57, "ymax": 278, "xmax": 471}}], [{"tid": 0, "generated": 0, "bbox": {"xmin": 76, "ymin": 135, "ymax": 357, "xmax": 487}}, {"tid": 1, "generated": 0, "bbox": {"xmin": 82, "ymin": 57, "ymax": 277, "xmax": 471}}], [{"tid": 0, "generated": 0, "bbox": {"xmin": 75, "ymin": 135, "ymax": 357, "xmax": 488}}, {"tid": 1, "generated": 0, "bbox": {"xmin": 86, "ymin": 56, "ymax": 276, "xmax": 471}}], [{"tid": 0, "generated": 0, "bbox": {"xmin": 75, "ymin": 135, "ymax": 357, "xmax": 489}}, {"tid": 1, "generated": 0, "bbox": {"xmin": 90, "ymin": 56, "ymax": 276, "xmax": 471}}], [{"tid": 0, "generated": 0, "bbox": {"xmin": 75, "ymin": 135, "ymax": 357, "xmax": 490}}, {"tid": 1, "generated": 0, "bbox": {"xmin": 95, "ymin": 56, "ymax": 276, "xmax": 471}}], [{"tid": 0, "generated": 0, "bbox": {"xmin": 75, "ymin": 135, "ymax": 357, "xmax": 489}}, {"tid": 1, "generated": 0, "bbox": {"xmin": 99, "ymin": 56, "ymax": 276, "xmax": 471}}], [{"tid": 0, "generated": 0, "bbox": {"xmin": 75, "ymin": 136, "ymax": 357, "xmax": 489}}, {"tid": 1, "generated": 0, "bbox": {"xmin": 104, "ymin": 56, "ymax": 276, "xmax": 472}}], [{"tid": 0, "generated": 0, "bbox": {"xmin": 75, "ymin": 136, "ymax": 357, "xmax": 489}}, {"tid": 1, "generated": 0, "bbox": {"xmin": 108, "ymin": 54, "ymax": 276, "xmax": 472}}], [{"tid": 0, "generated": 0, "bbox": {"xmin": 76, "ymin": 137, "ymax": 357, "xmax": 489}}, {"tid": 1, "generated": 0, "bbox": {"xmin": 112, "ymin": 52, "ymax": 276, "xmax": 472}}], [{"tid": 0, "generated": 0, "bbox": {"xmin": 76, "ymin": 137, "ymax": 357, "xmax": 489}}, {"tid": 1, "generated": 0, "bbox": {"xmin": 116, "ymin": 50, "ymax": 276, "xmax": 472}}], [{"tid": 0, "generated": 0, "bbox": {"xmin": 76, "ymin": 138, "ymax": 357, "xmax": 488}}, {"tid": 1, "generated": 0, "bbox": {"xmin": 120, "ymin": 48, "ymax": 276, "xmax": 472}}], [{"tid": 0, "generated": 0, "bbox": {"xmin": 77, "ymin": 138, "ymax": 357, "xmax": 488}}, {"tid": 1, "generated": 0, "bbox": {"xmin": 124, "ymin": 47, "ymax": 277, "xmax": 472}}], [{"tid": 0, "generated": 0, "bbox": {"xmin": 77, "ymin": 139, "ymax": 357, "xmax": 488}}, {"tid": 1, "generated": 0, "bbox": {"xmin": 126, "ymin": 45, "ymax": 277, "xmax": 472}}], [{"tid": 0, "generated": 0, "bbox": {"xmin": 77, "ymin": 139, "ymax": 357, "xmax": 488}}, {"tid": 1, "generated": 0, "bbox": {"xmin": 128, "ymin": 43, "ymax": 277, "xmax": 472}}], [{"tid": 0, "generated": 0, "bbox": {"xmin": 78, "ymin": 140, "ymax": 358, "xmax": 488}}, {"tid": 1, "generated": 0, "bbox": {"xmin": 130, "ymin": 41, "ymax": 278, "xmax": 472}}], [{"tid": 0, "generated": 0, "bbox": {"xmin": 78, "ymin": 139, "ymax": 357, "xmax": 489}}, {"tid": 1, "generated": 0, "bbox": {"xmin": 132, "ymin": 39, "ymax": 278, "xmax": 472}}], [{"tid": 0, "generated": 0, "bbox": {"xmin": 78, "ymin": 139, "ymax": 357, "xmax": 491}}, {"tid": 1, "generated": 0, "bbox": {"xmin": 134, "ymin": 37, "ymax": 279, "xmax": 472}}], [{"tid": 0, "generated": 0, "bbox": {"xmin": 78, "ymin": 138, "ymax": 357, "xmax": 492}}, {"tid": 1, "generated": 0, "bbox": {"xmin": 139, "ymin": 27, "ymax": 279, "xmax": 471}}], [{"tid": 0, "generated": 0, "bbox": {"xmin": 78, "ymin": 138, "ymax": 357, "xmax": 494}}, {"tid": 1, "generated": 0, "bbox": {"xmin": 144, "ymin": 18, "ymax": 279, "xmax": 470}}], [{"tid": 0, "generated": 0, "bbox": {"xmin": 78, "ymin": 137, "ymax": 357, "xmax": 496}}, {"tid": 1, "generated": 0, "bbox": {"xmin": 146, "ymin": 16, "ymax": 278, "xmax": 469}}], [{"tid": 0, "generated": 0, "bbox": {"xmin": 78, "ymin": 137, "ymax": 356, "xmax": 497}}, {"tid": 1, "generated": 0, "bbox": {"xmin": 149, "ymin": 14, "ymax": 277, "xmax": 468}}], [{"tid": 0, "generated": 0, "bbox": {"xmin": 78, "ymin": 136, "ymax": 356, "xmax": 499}}, {"tid": 1, "generated": 0, "bbox": {"xmin": 152, "ymin": 12, "ymax": 276, "xmax": 468}}], [{"tid": 0, "generated": 0, "bbox": {"xmin": 78, "ymin": 136, "ymax": 356, "xmax": 500}}, {"tid": 1, "generated": 0, "bbox": {"xmin": 155, "ymin": 11, "ymax": 275, "xmax": 467}}], [{"tid": 0, "generated": 0, "bbox": {"xmin": 78, "ymin": 135, "ymax": 356, "xmax": 502}}, {"tid": 1, "generated": 0, "bbox": {"xmin": 157, "ymin": 9, "ymax": 274, "xmax": 466}}], [], [], [], [], [], [], [], [], [], [], [], [], [], [], [], [], [], [], [], [], [], [], [], [], [], [], [], [], [], [], [{"tid": 0, "generated": 0, "bbox": {"xmin": 78, "ymin": 104, "ymax": 357, "xmax": 376}}, {"tid": 1, "generated": 0, "bbox": {"xmin": 316, "ymin": 42, "ymax": 326, "xmax": 559}}], [{"tid": 0, "generated": 0, "bbox": {"xmin": 78, "ymin": 103, "ymax": 357, "xmax": 375}}, {"tid": 1, "generated": 0, "bbox": {"xmin": 315, "ymin": 43, "ymax": 327, "xmax": 559}}], [{"tid": 0, "generated": 0, "bbox": {"xmin": 78, "ymin": 103, "ymax": 357, "xmax": 374}}, {"tid": 1, "generated": 0, "bbox": {"xmin": 314, "ymin": 44, "ymax": 328, "xmax": 559}}], [{"tid": 0, "generated": 0, "bbox": {"xmin": 78, "ymin": 103, "ymax": 357, "xmax": 373}}, {"tid": 1, "generated": 0, "bbox": {"xmin": 313, "ymin": 43, "ymax": 327, "xmax": 558}}], [{"tid": 0, "generated": 0, "bbox": {"xmin": 78, "ymin": 102, "ymax": 357, "xmax": 373}}, {"tid": 1, "generated": 0, "bbox": {"xmin": 312, "ymin": 43, "ymax": 327, "xmax": 558}}], [{"tid": 0, "generated": 0, "bbox": {"xmin": 78, "ymin": 102, "ymax": 357, "xmax": 372}}, {"tid": 1, "generated": 0, "bbox": {"xmin": 311, "ymin": 42, "ymax": 327, "xmax": 558}}], [{"tid": 0, "generated": 0, "bbox": {"xmin": 78, "ymin": 102, "ymax": 357, "xmax": 371}}, {"tid": 1, "generated": 0, "bbox": {"xmin": 310, "ymin": 42, "ymax": 327, "xmax": 558}}], [{"tid": 0, "generated": 0, "bbox": {"xmin": 78, "ymin": 101, "ymax": 357, "xmax": 371}}, {"tid": 1, "generated": 0, "bbox": {"xmin": 309, "ymin": 41, "ymax": 327, "xmax": 558}}], [{"tid": 0, "generated": 0, "bbox": {"xmin": 78, "ymin": 101, "ymax": 357, "xmax": 370}}, {"tid": 1, "generated": 0, "bbox": {"xmin": 308, "ymin": 41, "ymax": 326, "xmax": 557}}], [{"tid": 0, "generated": 0, "bbox": {"xmin": 78, "ymin": 101, "ymax": 357, "xmax": 369}}, {"tid": 1, "generated": 0, "bbox": {"xmin": 307, "ymin": 40, "ymax": 326, "xmax": 557}}], [{"tid": 0, "generated": 0, "bbox": {"xmin": 78, "ymin": 101, "ymax": 357, "xmax": 369}}, {"tid": 1, "generated": 0, "bbox": {"xmin": 306, "ymin": 40, "ymax": 326, "xmax": 557}}], [{"tid": 0, "generated": 0, "bbox": {"xmin": 77, "ymin": 101, "ymax": 357, "xmax": 370}}, {"tid": 1, "generated": 0, "bbox": {"xmin": 305, "ymin": 39, "ymax": 326, "xmax": 557}}], [{"tid": 0, "generated": 0, "bbox": {"xmin": 77, "ymin": 101, "ymax": 357, "xmax": 371}}, {"tid": 1, "generated": 0, "bbox": {"xmin": 305, "ymin": 39, "ymax": 326, "xmax": 557}}], [{"tid": 0, "generated": 0, "bbox": {"xmin": 77, "ymin": 101, "ymax": 357, "xmax": 372}}, {"tid": 1, "generated": 0, "bbox": {"xmin": 305, "ymin": 37, "ymax": 329, "xmax": 557}}], [{"tid": 0, "generated": 0, "bbox": {"xmin": 77, "ymin": 101, "ymax": 357, "xmax": 374}}, {"tid": 1, "generated": 0, "bbox": {"xmin": 305, "ymin": 36, "ymax": 332, "xmax": 557}}], [{"tid": 0, "generated": 0, "bbox": {"xmin": 77, "ymin": 101, "ymax": 357, "xmax": 375}}, {"tid": 1, "generated": 0, "bbox": {"xmin": 305, "ymin": 34, "ymax": 335, "xmax": 557}}], [{"tid": 0, "generated": 0, "bbox": {"xmin": 77, "ymin": 101, "ymax": 357, "xmax": 376}}, {"tid": 1, "generated": 0, "bbox": {"xmin": 305, "ymin": 33, "ymax": 338, "xmax": 558}}], [{"tid": 0, "generated": 0, "bbox": {"xmin": 77, "ymin": 102, "ymax": 358, "xmax": 378}}, {"tid": 1, "generated": 0, "bbox": {"xmin": 306, "ymin": 32, "ymax": 341, "xmax": 558}}], [{"tid": 0, "generated": 0, "bbox": {"xmin": 77, "ymin": 100, "ymax": 358, "xmax": 379}}, {"tid": 1, "generated": 0, "bbox": {"xmin": 306, "ymin": 30, "ymax": 344, "xmax": 558}}], [{"tid": 0, "generated": 0, "bbox": {"xmin": 77, "ymin": 98, "ymax": 358, "xmax": 380}}, {"tid": 1, "generated": 0, "bbox": {"xmin": 306, "ymin": 29, "ymax": 347, "xmax": 559}}], [{"tid": 0, "generated": 0, "bbox": {"xmin": 77, "ymin": 96, "ymax": 358, "xmax": 382}}, {"tid": 1, "generated": 0, "bbox": {"xmin": 306, "ymin": 27, "ymax": 350, "xmax": 559}}], [{"tid": 0, "generated": 0, "bbox": {"xmin": 77, "ymin": 93, "ymax": 358, "xmax": 382}}, {"tid": 1, "generated": 0, "bbox": {"xmin": 306, "ymin": 26, "ymax": 353, "xmax": 559}}], [{"tid": 0, "generated": 0, "bbox": {"xmin": 77, "ymin": 91, "ymax": 358, "xmax": 382}}, {"tid": 1, "generated": 0, "bbox": {"xmin": 307, "ymin": 25, "ymax": 356, "xmax": 560}}], [{"tid": 0, "generated": 0, "bbox": {"xmin": 77, "ymin": 89, "ymax": 358, "xmax": 382}}, {"tid": 1, "generated": 0, "bbox": {"xmin": 312, "ymin": 25, "ymax": 354, "xmax": 559}}], [{"tid": 0, "generated": 0, "bbox": {"xmin": 78, "ymin": 86, "ymax": 358, "xmax": 383}}, {"tid": 1, "generated": 0, "bbox": {"xmin": 317, "ymin": 25, "ymax": 352, "xmax": 559}}], [{"tid": 0, "generated": 0, "bbox": {"xmin": 78, "ymin": 84, "ymax": 358, "xmax": 383}}, {"tid": 1, "generated": 0, "bbox": {"xmin": 322, "ymin": 26, "ymax": 350, "xmax": 559}}], [{"tid": 0, "generated": 0, "bbox": {"xmin": 78, "ymin": 82, "ymax": 358, "xmax": 383}}, {"tid": 1, "generated": 0, "bbox": {"xmin": 327, "ymin": 26, "ymax": 348, "xmax": 559}}], [{"tid": 0, "generated": 0, "bbox": {"xmin": 79, "ymin": 80, "ymax": 358, "xmax": 384}}, {"tid": 1, "generated": 0, "bbox": {"xmin": 332, "ymin": 27, "ymax": 347, "xmax": 559}}], [{"tid": 0, "generated": 0, "bbox": {"xmin": 78, "ymin": 73, "ymax": 357, "xmax": 383}}, {"tid": 1, "generated": 0, "bbox": {"xmin": 337, "ymin": 26, "ymax": 344, "xmax": 559}}], [{"tid": 0, "generated": 0, "bbox": {"xmin": 77, "ymin": 67, "ymax": 357, "xmax": 382}}, {"tid": 1, "generated": 0, "bbox": {"xmin": 342, "ymin": 25, "ymax": 341, "xmax": 559}}]], "subject/objects": [{"category": "bear", "tid": 0}, {"category": "bear", "tid": 1}, {"category": "bear", "tid": 2}], "relation_instances": [{"end_fid": 30, "subject_tid": 0, "predicate": "lie_next_to", "begin_fid": 0, "object_tid": 1}, {"end_fid": 30, "subject_tid": 0, "predicate": "lie_front", "begin_fid": 0, "object_tid": 1}, {"end_fid": 30, "subject_tid": 1, "predicate": "stand_next_to", "begin_fid": 0, "object_tid": 0}, {"end_fid": 30, "subject_tid": 1, "predicate": "stand_behind", "begin_fid": 0, "object_tid": 0}, {"end_fid": 30, "subject_tid": 0, "predicate": "lie_right", "begin_fid": 0, "object_tid": 2}, {"end_fid": 30, "subject_tid": 0, "predicate": "lie_next_to", "begin_fid": 0, "object_tid": 2}, {"end_fid": 30, "subject_tid": 2, "predicate": "stand_next_to", "begin_fid": 0, "object_tid": 0}, {"end_fid": 30, "subject_tid": 2, "predicate": "stand_left", "begin_fid": 0, "object_tid": 0}, {"end_fid": 30, "subject_tid": 1, "predicate": "stand_right", "begin_fid": 0, "object_tid": 2}, {"end_fid": 30, "subject_tid": 1, "predicate": "stand_behind", "begin_fid": 0, "object_tid": 2}, {"end_fid": 30, "subject_tid": 2, "predicate": "stand_front", "begin_fid": 0, "object_tid": 1}, {"end_fid": 30, "subject_tid": 2, "predicate": "stand_left", "begin_fid": 0, "object_tid": 1}, {"end_fid": 105, "subject_tid": 0, "predicate": "lie_next_to", "begin_fid": 75, "object_tid": 1}, {"end_fid": 105, "subject_tid": 0, "predicate": "lie_front", "begin_fid": 75, "object_tid": 1}, {"end_fid": 105, "subject_tid": 1, "predicate": "stand_next_to", "begin_fid": 75, "object_tid": 0}, {"end_fid": 105, "subject_tid": 1, "predicate": "stand_behind", "begin_fid": 75, "object_tid": 0}, {"end_fid": 105, "subject_tid": 0, "predicate": "lie_right", "begin_fid": 75, "object_tid": 2}, {"end_fid": 105, "subject_tid": 2, "predicate": "walk_left", "begin_fid": 75, "object_tid": 0}, {"end_fid": 105, "subject_tid": 1, "predicate": "stand_right", "begin_fid": 75, "object_tid": 2}, {"end_fid": 105, "subject_tid": 2, "predicate": "walk_past", "begin_fid": 75, "object_tid": 1}, {"end_fid": 105, "subject_tid": 2, "predicate": "walk_left", "begin_fid": 75, "object_tid": 1}, {"end_fid": 165, "subject_tid": 0, "predicate": "lie_front", "begin_fid": 135, "object_tid": 1}, {"end_fid": 165, "subject_tid": 1, "predicate": "stand_behind", "begin_fid": 135, "object_tid": 0}, {"end_fid": 165, "subject_tid": 0, "predicate": "lie_front", "begin_fid": 135, "object_tid": 2}, {"end_fid": 165, "subject_tid": 2, "predicate": "walk_behind", "begin_fid": 135, "object_tid": 0}, {"end_fid": 165, "subject_tid": 1, "predicate": "stand_right", "begin_fid": 135, "object_tid": 2}, {"end_fid": 165, "subject_tid": 1, "predicate": "stand_front", "begin_fid": 135, "object_tid": 2}, {"end_fid": 165, "subject_tid": 2, "predicate": "walk_behind", "begin_fid": 135, "object_tid": 1}, {"end_fid": 165, "subject_tid": 2, "predicate": "walk_left", "begin_fid": 135, "object_tid": 1}, {"end_fid": 270, "subject_tid": 0, "predicate": "lie_next_to", "begin_fid": 240, "object_tid": 1}, {"end_fid": 270, "subject_tid": 0, "predicate": "lie_front", "begin_fid": 240, "object_tid": 1}, {"end_fid": 270, "subject_tid": 1, "predicate": "stand_next_to", "begin_fid": 240, "object_tid": 0}, {"end_fid": 270, "subject_tid": 1, "predicate": "stand_behind", "begin_fid": 240, "object_tid": 0}, {"end_fid": 270, "subject_tid": 0, "predicate": "lie_front", "begin_fid": 240, "object_tid": 2}, {"end_fid": 270, "subject_tid": 2, "predicate": "walk_behind", "begin_fid": 240, "object_tid": 0}, {"end_fid": 270, "subject_tid": 1, "predicate": "stand_front", "begin_fid": 240, "object_tid": 2}, {"end_fid": 270, "subject_tid": 2, "predicate": "walk_behind", "begin_fid": 240, "object_tid": 1}, {"end_fid": 330, "subject_tid": 0, "predicate": "lie_next_to", "begin_fid": 300, "object_tid": 1}, {"end_fid": 330, "subject_tid": 0, "predicate": "lie_front", "begin_fid": 300, "object_tid": 1}, {"end_fid": 330, "subject_tid": 1, "predicate": "stand_next_to", "begin_fid": 300, "object_tid": 0}, {"end_fid": 330, "subject_tid": 1, "predicate": "stand_behind", "begin_fid": 300, "object_tid": 0}, {"end_fid": 390, "subject_tid": 0, "predicate": "lie_next_to", "begin_fid": 360, "object_tid": 1}, {"end_fid": 390, "subject_tid": 0, "predicate": "lie_left", "begin_fid": 360, "object_tid": 1}, {"end_fid": 390, "subject_tid": 1, "predicate": "walk_right", "begin_fid": 360, "object_tid": 0}, {"end_fid": 390, "subject_tid": 1, "predicate": "walk_next_to", "begin_fid": 360, "object_tid": 0}, {"end_fid": 390, "subject_tid": 1, "predicate": "walk_past", "begin_fid": 360, "object_tid": 0}], "height": 360}