{"width": 1280, "frame_count": 338, "video_id": "ILSVRC2015_train_00117034", "fps": 25, "trajectories": [[{"tid": 1, "generated": 0, "bbox": {"xmin": 871, "ymin": 304, "ymax": 382, "xmax": 981}}, {"tid": 2, "generated": 0, "bbox": {"xmin": 721, "ymin": 264, "ymax": 341, "xmax": 830}}, {"tid": 3, "generated": 0, "bbox": {"xmin": 595, "ymin": 229, "ymax": 311, "xmax": 705}}, {"tid": 4, "generated": 0, "bbox": {"xmin": 542, "ymin": 328, "ymax": 407, "xmax": 647}}, {"tid": 5, "generated": 0, "bbox": {"xmin": 609, "ymin": 442, "ymax": 522, "xmax": 718}}, {"tid": 6, "generated": 0, "bbox": {"xmin": 469, "ymin": 202, "ymax": 289, "xmax": 574}}, {"tid": 7, "generated": 0, "bbox": {"xmin": 428, "ymin": 282, "ymax": 366, "xmax": 536}}, {"tid": 8, "generated": 0, "bbox": {"xmin": 398, "ymin": 343, "ymax": 426, "xmax": 497}}, {"tid": 9, "generated": 0, "bbox": {"xmin": 369, "ymin": 403, "ymax": 481, "xmax": 472}}], [{"tid": 1, "generated": 0, "bbox": {"xmin": 875, "ymin": 308, "ymax": 385, "xmax": 985}}, {"tid": 2, "generated": 0, "bbox": {"xmin": 726, "ymin": 267, "ymax": 344, "xmax": 834}}, {"tid": 3, "generated": 0, "bbox": {"xmin": 603, "ymin": 233, "ymax": 314, "xmax": 711}}, {"tid": 4, "generated": 0, "bbox": {"xmin": 549, "ymin": 331, "ymax": 410, "xmax": 652}}, {"tid": 5, "generated": 0, "bbox": {"xmin": 618, "ymin": 446, "ymax": 525, "xmax": 724}}, {"tid": 6, "generated": 0, "bbox": {"xmin": 478, "ymin": 207, "ymax": 292, "xmax": 581}}, {"tid": 7, "generated": 0, "bbox": {"xmin": 438, "ymin": 285, "ymax": 368, "xmax": 542}}, {"tid": 8, "generated": 0, "bbox": {"xmin": 407, "ymin": 347, "ymax": 430, "xmax": 506}}, {"tid": 9, "generated": 0, "bbox": {"xmin": 379, "ymin": 407, "ymax": 485, "xmax": 480}}], [{"tid": 1, "generated": 0, "bbox": {"xmin": 880, "ymin": 312, "ymax": 388, "xmax": 989}}, {"tid": 2, "generated": 0, "bbox": {"xmin": 731, "ymin": 271, "ymax": 347, "xmax": 839}}, {"tid": 3, "generated": 0, "bbox": {"xmin": 611, "ymin": 238, "ymax": 317, "xmax": 717}}, {"tid": 4, "generated": 0, "bbox": {"xmin": 557, "ymin": 335, "ymax": 413, "xmax": 658}}, {"tid": 5, "generated": 0, "bbox": {"xmin": 627, "ymin": 450, "ymax": 529, "xmax": 730}}, {"tid": 6, "generated": 0, "bbox": {"xmin": 487, "ymin": 212, "ymax": 296, "xmax": 588}}, {"tid": 7, "generated": 0, "bbox": {"xmin": 449, "ymin": 289, "ymax": 370, "xmax": 549}}, {"tid": 8, "generated": 0, "bbox": {"xmin": 416, "ymin": 352, "ymax": 435, "xmax": 515}}, {"tid": 9, "generated": 0, "bbox": {"xmin": 389, "ymin": 411, "ymax": 489, "xmax": 488}}], [{"tid": 1, "generated": 0, "bbox": {"xmin": 885, "ymin": 316, "ymax": 392, "xmax": 993}}, {"tid": 2, "generated": 0, "bbox": {"xmin": 737, "ymin": 275, "ymax": 350, "xmax": 844}}, {"tid": 3, "generated": 0, "bbox": {"xmin": 620, "ymin": 243, "ymax": 321, "xmax": 723}}, {"tid": 4, "generated": 0, "bbox": {"xmin": 565, "ymin": 339, "ymax": 417, "xmax": 664}}, {"tid": 5, "generated": 0, "bbox": {"xmin": 636, "ymin": 455, "ymax": 533, "xmax": 736}}, {"tid": 6, "generated": 0, "bbox": {"xmin": 496, "ymin": 218, "ymax": 300, "xmax": 595}}, {"tid": 7, "generated": 0, "bbox": {"xmin": 460, "ymin": 293, "ymax": 373, "xmax": 556}}, {"tid": 8, "generated": 0, "bbox": {"xmin": 426, "ymin": 357, "ymax": 440, "xmax": 524}}, {"tid": 9, "generated": 0, "bbox": {"xmin": 400, "ymin": 416, "ymax": 494, "xmax": 496}}], [{"tid": 1, "generated": 0, "bbox": {"xmin": 885, "ymin": 318, "ymax": 392, "xmax": 1004}}, {"tid": 2, "generated": 0, "bbox": {"xmin": 737, "ymin": 277, "ymax": 355, "xmax": 853}}, {"tid": 3, "generated": 0, "bbox": {"xmin": 624, "ymin": 243, "ymax": 323, "xmax": 734}}, {"tid": 4, "generated": 0, "bbox": {"xmin": 565, "ymin": 337, "ymax": 417, "xmax": 679}}, {"tid": 5, "generated": 0, "bbox": {"xmin": 641, "ymin": 453, "ymax": 535, "xmax": 748}}, {"tid": 6, "generated": 0, "bbox": {"xmin": 494, "ymin": 218, "ymax": 302, "xmax": 606}}, {"tid": 7, "generated": 0, "bbox": {"xmin": 464, "ymin": 293, "ymax": 373, "xmax": 568}}, {"tid": 8, "generated": 0, "bbox": {"xmin": 430, "ymin": 355, "ymax": 444, "xmax": 538}}, {"tid": 9, "generated": 0, "bbox": {"xmin": 403, "ymin": 414, "ymax": 501, "xmax": 508}}], [{"tid": 1, "generated": 0, "bbox": {"xmin": 898, "ymin": 320, "ymax": 395, "xmax": 1013}}, {"tid": 2, "generated": 0, "bbox": {"xmin": 746, "ymin": 279, "ymax": 357, "xmax": 860}}, {"tid": 3, "generated": 0, "bbox": {"xmin": 636, "ymin": 250, "ymax": 332, "xmax": 744}}, {"tid": 4, "generated": 0, "bbox": {"xmin": 583, "ymin": 346, "ymax": 428, "xmax": 695}}, {"tid": 5, "generated": 0, "bbox": {"xmin": 654, "ymin": 464, "ymax": 547, "xmax": 760}}, {"tid": 6, "generated": 0, "bbox": {"xmin": 513, "ymin": 224, "ymax": 309, "xmax": 622}}, {"tid": 7, "generated": 0, "bbox": {"xmin": 481, "ymin": 296, "ymax": 378, "xmax": 584}}, {"tid": 8, "generated": 0, "bbox": {"xmin": 447, "ymin": 357, "ymax": 444, "xmax": 554}}, {"tid": 9, "generated": 0, "bbox": {"xmin": 422, "ymin": 415, "ymax": 502, "xmax": 526}}], [{"tid": 1, "generated": 0, "bbox": {"xmin": 912, "ymin": 323, "ymax": 398, "xmax": 1022}}, {"tid": 2, "generated": 0, "bbox": {"xmin": 764, "ymin": 282, "ymax": 360, "xmax": 876}}, {"tid": 3, "generated": 0, "bbox": {"xmin": 650, "ymin": 247, "ymax": 330, "xmax": 757}}, {"tid": 4, "generated": 0, "bbox": {"xmin": 595, "ymin": 341, "ymax": 424, "xmax": 705}}, {"tid": 5, "generated": 0, "bbox": {"xmin": 668, "ymin": 456, "ymax": 542, "xmax": 773}}, {"tid": 6, "generated": 0, "bbox": {"xmin": 526, "ymin": 220, "ymax": 307, "xmax": 631}}, {"tid": 7, "generated": 0, "bbox": {"xmin": 496, "ymin": 296, "ymax": 378, "xmax": 595}}, {"tid": 8, "generated": 0, "bbox": {"xmin": 465, "ymin": 360, "ymax": 444, "xmax": 570}}, {"tid": 9, "generated": 0, "bbox": {"xmin": 442, "ymin": 417, "ymax": 504, "xmax": 544}}], [{"tid": 1, "generated": 0, "bbox": {"xmin": 915, "ymin": 311, "ymax": 392, "xmax": 1027}}, {"tid": 2, "generated": 0, "bbox": {"xmin": 771, "ymin": 268, "ymax": 355, "xmax": 881}}, {"tid": 3, "generated": 0, "bbox": {"xmin": 657, "ymin": 238, "ymax": 325, "xmax": 764}}, {"tid": 4, "generated": 0, "bbox": {"xmin": 604, "ymin": 330, "ymax": 419, "xmax": 712}}, {"tid": 5, "generated": 0, "bbox": {"xmin": 675, "ymin": 446, "ymax": 536, "xmax": 780}}, {"tid": 6, "generated": 0, "bbox": {"xmin": 534, "ymin": 216, "ymax": 302, "xmax": 638}}, {"tid": 7, "generated": 0, "bbox": {"xmin": 504, "ymin": 286, "ymax": 373, "xmax": 604}}, {"tid": 8, "generated": 0, "bbox": {"xmin": 474, "ymin": 350, "ymax": 439, "xmax": 579}}, {"tid": 9, "generated": 0, "bbox": {"xmin": 453, "ymin": 405, "ymax": 497, "xmax": 554}}], [{"tid": 1, "generated": 0, "bbox": {"xmin": 921, "ymin": 309, "ymax": 388, "xmax": 1032}}, {"tid": 2, "generated": 0, "bbox": {"xmin": 777, "ymin": 268, "ymax": 351, "xmax": 886}}, {"tid": 3, "generated": 0, "bbox": {"xmin": 664, "ymin": 236, "ymax": 321, "xmax": 770}}, {"tid": 4, "generated": 0, "bbox": {"xmin": 612, "ymin": 329, "ymax": 415, "xmax": 718}}, {"tid": 5, "generated": 0, "bbox": {"xmin": 684, "ymin": 444, "ymax": 530, "xmax": 787}}, {"tid": 6, "generated": 0, "bbox": {"xmin": 543, "ymin": 212, "ymax": 297, "xmax": 646}}, {"tid": 7, "generated": 0, "bbox": {"xmin": 514, "ymin": 282, "ymax": 366, "xmax": 613}}, {"tid": 8, "generated": 0, "bbox": {"xmin": 484, "ymin": 346, "ymax": 434, "xmax": 588}}, {"tid": 9, "generated": 0, "bbox": {"xmin": 464, "ymin": 403, "ymax": 491, "xmax": 564}}], [{"tid": 1, "generated": 0, "bbox": {"xmin": 927, "ymin": 307, "ymax": 384, "xmax": 1037}}, {"tid": 2, "generated": 0, "bbox": {"xmin": 784, "ymin": 268, "ymax": 347, "xmax": 891}}, {"tid": 3, "generated": 0, "bbox": {"xmin": 672, "ymin": 235, "ymax": 317, "xmax": 776}}, {"tid": 4, "generated": 0, "bbox": {"xmin": 620, "ymin": 328, "ymax": 411, "xmax": 724}}, {"tid": 5, "generated": 0, "bbox": {"xmin": 693, "ymin": 442, "ymax": 525, "xmax": 795}}, {"tid": 6, "generated": 0, "bbox": {"xmin": 552, "ymin": 208, "ymax": 292, "xmax": 653}}, {"tid": 7, "generated": 0, "bbox": {"xmin": 524, "ymin": 278, "ymax": 359, "xmax": 622}}, {"tid": 8, "generated": 0, "bbox": {"xmin": 495, "ymin": 342, "ymax": 429, "xmax": 598}}, {"tid": 9, "generated": 0, "bbox": {"xmin": 475, "ymin": 402, "ymax": 486, "xmax": 575}}], [{"tid": 1, "generated": 0, "bbox": {"xmin": 933, "ymin": 305, "ymax": 380, "xmax": 1043}}, {"tid": 2, "generated": 0, "bbox": {"xmin": 791, "ymin": 268, "ymax": 344, "xmax": 897}}, {"tid": 3, "generated": 0, "bbox": {"xmin": 680, "ymin": 234, "ymax": 314, "xmax": 782}}, {"tid": 4, "generated": 0, "bbox": {"xmin": 629, "ymin": 327, "ymax": 408, "xmax": 730}}, {"tid": 5, "generated": 0, "bbox": {"xmin": 702, "ymin": 440, "ymax": 520, "xmax": 803}}, {"tid": 6, "generated": 0, "bbox": {"xmin": 561, "ymin": 204, "ymax": 288, "xmax": 661}}, {"tid": 7, "generated": 0, "bbox": {"xmin": 535, "ymin": 275, "ymax": 353, "xmax": 632}}, {"tid": 8, "generated": 0, "bbox": {"xmin": 506, "ymin": 339, "ymax": 424, "xmax": 608}}, {"tid": 9, "generated": 0, "bbox": {"xmin": 487, "ymin": 401, "ymax": 481, "xmax": 586}}], [{"tid": 1, "generated": 0, "bbox": {"xmin": 932, "ymin": 304, "ymax": 379, "xmax": 1042}}, {"tid": 2, "generated": 0, "bbox": {"xmin": 791, "ymin": 268, "ymax": 344, "xmax": 897}}, {"tid": 3, "generated": 0, "bbox": {"xmin": 682, "ymin": 233, "ymax": 313, "xmax": 784}}, {"tid": 4, "generated": 0, "bbox": {"xmin": 633, "ymin": 325, "ymax": 406, "xmax": 734}}, {"tid": 5, "generated": 0, "bbox": {"xmin": 705, "ymin": 439, "ymax": 518, "xmax": 806}}, {"tid": 6, "generated": 0, "bbox": {"xmin": 565, "ymin": 203, "ymax": 287, "xmax": 664}}, {"tid": 7, "generated": 0, "bbox": {"xmin": 540, "ymin": 274, "ymax": 352, "xmax": 637}}, {"tid": 8, "generated": 0, "bbox": {"xmin": 512, "ymin": 337, "ymax": 422, "xmax": 614}}, {"tid": 9, "generated": 0, "bbox": {"xmin": 494, "ymin": 399, "ymax": 479, "xmax": 592}}], [{"tid": 1, "generated": 0, "bbox": {"xmin": 931, "ymin": 304, "ymax": 379, "xmax": 1041}}, {"tid": 2, "generated": 0, "bbox": {"xmin": 792, "ymin": 269, "ymax": 344, "xmax": 898}}, {"tid": 3, "generated": 0, "bbox": {"xmin": 684, "ymin": 233, "ymax": 313, "xmax": 786}}, {"tid": 4, "generated": 0, "bbox": {"xmin": 637, "ymin": 324, "ymax": 405, "xmax": 738}}, {"tid": 5, "generated": 0, "bbox": {"xmin": 709, "ymin": 438, "ymax": 517, "xmax": 810}}, {"tid": 6, "generated": 0, "bbox": {"xmin": 569, "ymin": 203, "ymax": 287, "xmax": 668}}, {"tid": 7, "generated": 0, "bbox": {"xmin": 545, "ymin": 274, "ymax": 352, "xmax": 642}}, {"tid": 8, "generated": 0, "bbox": {"xmin": 519, "ymin": 336, "ymax": 421, "xmax": 620}}, {"tid": 9, "generated": 0, "bbox": {"xmin": 501, "ymin": 398, "ymax": 478, "xmax": 599}}], [{"tid": 1, "generated": 0, "bbox": {"xmin": 931, "ymin": 304, "ymax": 379, "xmax": 1041}}, {"tid": 2, "generated": 0, "bbox": {"xmin": 792, "ymin": 270, "ymax": 345, "xmax": 899}}, {"tid": 3, "generated": 0, "bbox": {"xmin": 686, "ymin": 233, "ymax": 313, "xmax": 788}}, {"tid": 4, "generated": 0, "bbox": {"xmin": 641, "ymin": 323, "ymax": 404, "xmax": 742}}, {"tid": 5, "generated": 0, "bbox": {"xmin": 713, "ymin": 437, "ymax": 516, "xmax": 814}}, {"tid": 6, "generated": 0, "bbox": {"xmin": 573, "ymin": 203, "ymax": 287, "xmax": 672}}, {"tid": 7, "generated": 0, "bbox": {"xmin": 550, "ymin": 273, "ymax": 351, "xmax": 648}}, {"tid": 8, "generated": 0, "bbox": {"xmin": 525, "ymin": 335, "ymax": 420, "xmax": 626}}, {"tid": 9, "generated": 0, "bbox": {"xmin": 508, "ymin": 397, "ymax": 477, "xmax": 606}}], [{"tid": 1, "generated": 0, "bbox": {"xmin": 930, "ymin": 304, "ymax": 379, "xmax": 1040}}, {"tid": 2, "generated": 0, "bbox": {"xmin": 793, "ymin": 271, "ymax": 345, "xmax": 899}}, {"tid": 3, "generated": 0, "bbox": {"xmin": 688, "ymin": 232, "ymax": 312, "xmax": 790}}, {"tid": 4, "generated": 0, "bbox": {"xmin": 645, "ymin": 322, "ymax": 403, "xmax": 746}}, {"tid": 5, "generated": 0, "bbox": {"xmin": 717, "ymin": 436, "ymax": 515, "xmax": 818}}, {"tid": 6, "generated": 0, "bbox": {"xmin": 577, "ymin": 202, "ymax": 286, "xmax": 676}}, {"tid": 7, "generated": 0, "bbox": {"xmin": 555, "ymin": 273, "ymax": 351, "xmax": 653}}, {"tid": 8, "generated": 0, "bbox": {"xmin": 532, "ymin": 334, "ymax": 418, "xmax": 632}}, {"tid": 9, "generated": 0, "bbox": {"xmin": 515, "ymin": 396, "ymax": 476, "xmax": 613}}], [{"tid": 1, "generated": 0, "bbox": {"xmin": 930, "ymin": 304, "ymax": 378, "xmax": 1040}}, {"tid": 2, "generated": 0, "bbox": {"xmin": 793, "ymin": 272, "ymax": 345, "xmax": 900}}, {"tid": 3, "generated": 0, "bbox": {"xmin": 690, "ymin": 232, "ymax": 312, "xmax": 792}}, {"tid": 4, "generated": 0, "bbox": {"xmin": 649, "ymin": 321, "ymax": 402, "xmax": 750}}, {"tid": 5, "generated": 0, "bbox": {"xmin": 721, "ymin": 435, "ymax": 514, "xmax": 822}}, {"tid": 6, "generated": 0, "bbox": {"xmin": 581, "ymin": 202, "ymax": 286, "xmax": 680}}, {"tid": 7, "generated": 0, "bbox": {"xmin": 560, "ymin": 272, "ymax": 350, "xmax": 658}}, {"tid": 8, "generated": 0, "bbox": {"xmin": 538, "ymin": 333, "ymax": 417, "xmax": 638}}, {"tid": 9, "generated": 0, "bbox": {"xmin": 522, "ymin": 395, "ymax": 475, "xmax": 620}}], [{"tid": 1, "generated": 0, "bbox": {"xmin": 929, "ymin": 304, "ymax": 378, "xmax": 1039}}, {"tid": 2, "generated": 0, "bbox": {"xmin": 794, "ymin": 273, "ymax": 346, "xmax": 901}}, {"tid": 3, "generated": 0, "bbox": {"xmin": 693, "ymin": 232, "ymax": 312, "xmax": 794}}, {"tid": 4, "generated": 0, "bbox": {"xmin": 654, "ymin": 320, "ymax": 401, "xmax": 755}}, {"tid": 5, "generated": 0, "bbox": {"xmin": 725, "ymin": 435, "ymax": 513, "xmax": 826}}, {"tid": 6, "generated": 0, "bbox": {"xmin": 586, "ymin": 202, "ymax": 286, "xmax": 684}}, {"tid": 7, "generated": 0, "bbox": {"xmin": 565, "ymin": 272, "ymax": 350, "xmax": 664}}, {"tid": 8, "generated": 0, "bbox": {"xmin": 545, "ymin": 332, "ymax": 416, "xmax": 645}}, {"tid": 9, "generated": 0, "bbox": {"xmin": 529, "ymin": 394, "ymax": 474, "xmax": 627}}], [{"tid": 1, "generated": 0, "bbox": {"xmin": 929, "ymin": 304, "ymax": 378, "xmax": 1039}}, {"tid": 2, "generated": 0, "bbox": {"xmin": 793, "ymin": 270, "ymax": 343, "xmax": 899}}, {"tid": 3, "generated": 0, "bbox": {"xmin": 694, "ymin": 230, "ymax": 310, "xmax": 795}}, {"tid": 4, "generated": 0, "bbox": {"xmin": 654, "ymin": 317, "ymax": 398, "xmax": 755}}, {"tid": 5, "generated": 0, "bbox": {"xmin": 728, "ymin": 426, "ymax": 506, "xmax": 832}}, {"tid": 6, "generated": 0, "bbox": {"xmin": 588, "ymin": 195, "ymax": 279, "xmax": 688}}, {"tid": 7, "generated": 0, "bbox": {"xmin": 567, "ymin": 269, "ymax": 347, "xmax": 666}}, {"tid": 8, "generated": 0, "bbox": {"xmin": 551, "ymin": 329, "ymax": 411, "xmax": 648}}, {"tid": 9, "generated": 0, "bbox": {"xmin": 534, "ymin": 390, "ymax": 471, "xmax": 632}}], [{"tid": 1, "generated": 0, "bbox": {"xmin": 928, "ymin": 304, "ymax": 378, "xmax": 1038}}, {"tid": 2, "generated": 0, "bbox": {"xmin": 792, "ymin": 268, "ymax": 341, "xmax": 898}}, {"tid": 3, "generated": 0, "bbox": {"xmin": 695, "ymin": 228, "ymax": 308, "xmax": 796}}, {"tid": 4, "generated": 0, "bbox": {"xmin": 654, "ymin": 314, "ymax": 395, "xmax": 755}}, {"tid": 5, "generated": 0, "bbox": {"xmin": 729, "ymin": 425, "ymax": 505, "xmax": 832}}, {"tid": 6, "generated": 0, "bbox": {"xmin": 589, "ymin": 194, "ymax": 278, "xmax": 688}}, {"tid": 7, "generated": 0, "bbox": {"xmin": 569, "ymin": 266, "ymax": 345, "xmax": 668}}, {"tid": 8, "generated": 0, "bbox": {"xmin": 557, "ymin": 326, "ymax": 407, "xmax": 651}}, {"tid": 9, "generated": 0, "bbox": {"xmin": 539, "ymin": 386, "ymax": 469, "xmax": 637}}], [{"tid": 1, "generated": 0, "bbox": {"xmin": 928, "ymin": 304, "ymax": 378, "xmax": 1038}}, {"tid": 2, "generated": 0, "bbox": {"xmin": 791, "ymin": 266, "ymax": 339, "xmax": 897}}, {"tid": 3, "generated": 0, "bbox": {"xmin": 696, "ymin": 227, "ymax": 307, "xmax": 798}}, {"tid": 4, "generated": 0, "bbox": {"xmin": 654, "ymin": 312, "ymax": 392, "xmax": 755}}, {"tid": 5, "generated": 0, "bbox": {"xmin": 730, "ymin": 424, "ymax": 504, "xmax": 833}}, {"tid": 6, "generated": 0, "bbox": {"xmin": 590, "ymin": 193, "ymax": 277, "xmax": 689}}, {"tid": 7, "generated": 0, "bbox": {"xmin": 572, "ymin": 264, "ymax": 343, "xmax": 670}}, {"tid": 8, "generated": 0, "bbox": {"xmin": 563, "ymin": 323, "ymax": 403, "xmax": 654}}, {"tid": 9, "generated": 0, "bbox": {"xmin": 545, "ymin": 382, "ymax": 467, "xmax": 643}}], [{"tid": 1, "generated": 0, "bbox": {"xmin": 918, "ymin": 301, "ymax": 376, "xmax": 1029}}, {"tid": 2, "generated": 0, "bbox": {"xmin": 782, "ymin": 264, "ymax": 337, "xmax": 889}}, {"tid": 3, "generated": 0, "bbox": {"xmin": 688, "ymin": 224, "ymax": 304, "xmax": 790}}, {"tid": 4, "generated": 0, "bbox": {"xmin": 649, "ymin": 310, "ymax": 389, "xmax": 749}}, {"tid": 5, "generated": 0, "bbox": {"xmin": 723, "ymin": 422, "ymax": 501, "xmax": 826}}, {"tid": 6, "generated": 0, "bbox": {"xmin": 582, "ymin": 190, "ymax": 273, "xmax": 683}}, {"tid": 7, "generated": 0, "bbox": {"xmin": 567, "ymin": 259, "ymax": 339, "xmax": 665}}, {"tid": 8, "generated": 0, "bbox": {"xmin": 559, "ymin": 318, "ymax": 398, "xmax": 650}}, {"tid": 9, "generated": 0, "bbox": {"xmin": 542, "ymin": 378, "ymax": 463, "xmax": 640}}], [{"tid": 1, "generated": 0, "bbox": {"xmin": 908, "ymin": 299, "ymax": 375, "xmax": 1021}}, {"tid": 2, "generated": 0, "bbox": {"xmin": 774, "ymin": 262, "ymax": 335, "xmax": 881}}, {"tid": 3, "generated": 0, "bbox": {"xmin": 680, "ymin": 222, "ymax": 301, "xmax": 782}}, {"tid": 4, "generated": 0, "bbox": {"xmin": 645, "ymin": 309, "ymax": 387, "xmax": 744}}, {"tid": 5, "generated": 0, "bbox": {"xmin": 716, "ymin": 420, "ymax": 499, "xmax": 820}}, {"tid": 6, "generated": 0, "bbox": {"xmin": 575, "ymin": 187, "ymax": 269, "xmax": 677}}, {"tid": 7, "generated": 0, "bbox": {"xmin": 562, "ymin": 255, "ymax": 335, "xmax": 661}}, {"tid": 8, "generated": 0, "bbox": {"xmin": 556, "ymin": 314, "ymax": 394, "xmax": 647}}, {"tid": 9, "generated": 0, "bbox": {"xmin": 540, "ymin": 374, "ymax": 459, "xmax": 638}}], [{"tid": 1, "generated": 0, "bbox": {"xmin": 898, "ymin": 297, "ymax": 373, "xmax": 1013}}, {"tid": 2, "generated": 0, "bbox": {"xmin": 766, "ymin": 260, "ymax": 333, "xmax": 873}}, {"tid": 3, "generated": 0, "bbox": {"xmin": 672, "ymin": 219, "ymax": 298, "xmax": 775}}, {"tid": 4, "generated": 0, "bbox": {"xmin": 640, "ymin": 307, "ymax": 384, "xmax": 738}}, {"tid": 5, "generated": 0, "bbox": {"xmin": 709, "ymin": 418, "ymax": 496, "xmax": 813}}, {"tid": 6, "generated": 0, "bbox": {"xmin": 568, "ymin": 184, "ymax": 266, "xmax": 671}}, {"tid": 7, "generated": 0, "bbox": {"xmin": 558, "ymin": 251, "ymax": 332, "xmax": 656}}, {"tid": 8, "generated": 0, "bbox": {"xmin": 553, "ymin": 310, "ymax": 390, "xmax": 644}}, {"tid": 9, "generated": 0, "bbox": {"xmin": 537, "ymin": 371, "ymax": 455, "xmax": 636}}], [{"tid": 1, "generated": 0, "bbox": {"xmin": 888, "ymin": 295, "ymax": 372, "xmax": 1005}}, {"tid": 2, "generated": 0, "bbox": {"xmin": 758, "ymin": 258, "ymax": 331, "xmax": 865}}, {"tid": 3, "generated": 0, "bbox": {"xmin": 664, "ymin": 217, "ymax": 295, "xmax": 767}}, {"tid": 4, "generated": 0, "bbox": {"xmin": 636, "ymin": 306, "ymax": 382, "xmax": 733}}, {"tid": 5, "generated": 0, "bbox": {"xmin": 702, "ymin": 416, "ymax": 494, "xmax": 807}}, {"tid": 6, "generated": 0, "bbox": {"xmin": 561, "ymin": 181, "ymax": 262, "xmax": 665}}, {"tid": 7, "generated": 0, "bbox": {"xmin": 553, "ymin": 247, "ymax": 328, "xmax": 652}}, {"tid": 8, "generated": 0, "bbox": {"xmin": 550, "ymin": 306, "ymax": 386, "xmax": 641}}, {"tid": 9, "generated": 0, "bbox": {"xmin": 535, "ymin": 367, "ymax": 451, "xmax": 634}}], [{"tid": 1, "generated": 0, "bbox": {"xmin": 878, "ymin": 293, "ymax": 371, "xmax": 997}}, {"tid": 2, "generated": 0, "bbox": {"xmin": 750, "ymin": 257, "ymax": 330, "xmax": 858}}, {"tid": 3, "generated": 0, "bbox": {"xmin": 657, "ymin": 215, "ymax": 293, "xmax": 760}}, {"tid": 4, "generated": 0, "bbox": {"xmin": 632, "ymin": 305, "ymax": 380, "xmax": 728}}, {"tid": 5, "generated": 0, "bbox": {"xmin": 695, "ymin": 414, "ymax": 492, "xmax": 801}}, {"tid": 6, "generated": 0, "bbox": {"xmin": 554, "ymin": 179, "ymax": 259, "xmax": 659}}, {"tid": 7, "generated": 0, "bbox": {"xmin": 549, "ymin": 243, "ymax": 325, "xmax": 648}}, {"tid": 8, "generated": 0, "bbox": {"xmin": 547, "ymin": 302, "ymax": 382, "xmax": 638}}, {"tid": 9, "generated": 0, "bbox": {"xmin": 533, "ymin": 364, "ymax": 448, "xmax": 632}}], [{"tid": 1, "generated": 0, "bbox": {"xmin": 864, "ymin": 293, "ymax": 373, "xmax": 983}}, {"tid": 2, "generated": 0, "bbox": {"xmin": 736, "ymin": 257, "ymax": 332, "xmax": 845}}, {"tid": 3, "generated": 0, "bbox": {"xmin": 644, "ymin": 214, "ymax": 293, "xmax": 747}}, {"tid": 4, "generated": 0, "bbox": {"xmin": 622, "ymin": 305, "ymax": 380, "xmax": 718}}, {"tid": 5, "generated": 0, "bbox": {"xmin": 683, "ymin": 412, "ymax": 492, "xmax": 792}}, {"tid": 6, "generated": 0, "bbox": {"xmin": 543, "ymin": 179, "ymax": 259, "xmax": 648}}, {"tid": 7, "generated": 0, "bbox": {"xmin": 540, "ymin": 242, "ymax": 324, "xmax": 639}}, {"tid": 8, "generated": 0, "bbox": {"xmin": 540, "ymin": 301, "ymax": 381, "xmax": 632}}, {"tid": 9, "generated": 0, "bbox": {"xmin": 527, "ymin": 363, "ymax": 447, "xmax": 626}}], [{"tid": 1, "generated": 0, "bbox": {"xmin": 850, "ymin": 293, "ymax": 375, "xmax": 969}}, {"tid": 2, "generated": 0, "bbox": {"xmin": 722, "ymin": 257, "ymax": 334, "xmax": 832}}, {"tid": 3, "generated": 0, "bbox": {"xmin": 631, "ymin": 213, "ymax": 293, "xmax": 734}}, {"tid": 4, "generated": 0, "bbox": {"xmin": 612, "ymin": 305, "ymax": 380, "xmax": 708}}, {"tid": 5, "generated": 0, "bbox": {"xmin": 672, "ymin": 411, "ymax": 493, "xmax": 784}}, {"tid": 6, "generated": 0, "bbox": {"xmin": 532, "ymin": 179, "ymax": 259, "xmax": 637}}, {"tid": 7, "generated": 0, "bbox": {"xmin": 532, "ymin": 241, "ymax": 323, "xmax": 630}}, {"tid": 8, "generated": 0, "bbox": {"xmin": 533, "ymin": 300, "ymax": 380, "xmax": 627}}, {"tid": 9, "generated": 0, "bbox": {"xmin": 522, "ymin": 362, "ymax": 446, "xmax": 621}}], [{"tid": 1, "generated": 0, "bbox": {"xmin": 837, "ymin": 293, "ymax": 378, "xmax": 956}}, {"tid": 2, "generated": 0, "bbox": {"xmin": 709, "ymin": 257, "ymax": 337, "xmax": 819}}, {"tid": 3, "generated": 0, "bbox": {"xmin": 618, "ymin": 213, "ymax": 293, "xmax": 721}}, {"tid": 4, "generated": 0, "bbox": {"xmin": 602, "ymin": 305, "ymax": 380, "xmax": 698}}, {"tid": 5, "generated": 0, "bbox": {"xmin": 661, "ymin": 410, "ymax": 494, "xmax": 776}}, {"tid": 6, "generated": 0, "bbox": {"xmin": 522, "ymin": 179, "ymax": 259, "xmax": 627}}, {"tid": 7, "generated": 0, "bbox": {"xmin": 524, "ymin": 241, "ymax": 323, "xmax": 622}}, {"tid": 8, "generated": 0, "bbox": {"xmin": 526, "ymin": 300, "ymax": 380, "xmax": 622}}, {"tid": 9, "generated": 0, "bbox": {"xmin": 517, "ymin": 362, "ymax": 446, "xmax": 616}}], [{"tid": 1, "generated": 0, "bbox": {"xmin": 824, "ymin": 300, "ymax": 384, "xmax": 943}}, {"tid": 2, "generated": 0, "bbox": {"xmin": 700, "ymin": 262, "ymax": 340, "xmax": 810}}, {"tid": 3, "generated": 0, "bbox": {"xmin": 611, "ymin": 217, "ymax": 297, "xmax": 714}}, {"tid": 4, "generated": 0, "bbox": {"xmin": 595, "ymin": 309, "ymax": 384, "xmax": 691}}, {"tid": 5, "generated": 0, "bbox": {"xmin": 654, "ymin": 415, "ymax": 499, "xmax": 767}}, {"tid": 6, "generated": 0, "bbox": {"xmin": 515, "ymin": 182, "ymax": 262, "xmax": 620}}, {"tid": 7, "generated": 0, "bbox": {"xmin": 517, "ymin": 244, "ymax": 326, "xmax": 615}}, {"tid": 8, "generated": 0, "bbox": {"xmin": 521, "ymin": 301, "ymax": 381, "xmax": 617}}, {"tid": 9, "generated": 0, "bbox": {"xmin": 514, "ymin": 363, "ymax": 447, "xmax": 613}}], [{"tid": 1, "generated": 0, "bbox": {"xmin": 812, "ymin": 307, "ymax": 390, "xmax": 931}}, {"tid": 2, "generated": 0, "bbox": {"xmin": 692, "ymin": 267, "ymax": 344, "xmax": 802}}, {"tid": 3, "generated": 0, "bbox": {"xmin": 604, "ymin": 222, "ymax": 302, "xmax": 707}}, {"tid": 4, "generated": 0, "bbox": {"xmin": 588, "ymin": 313, "ymax": 389, "xmax": 684}}, {"tid": 5, "generated": 0, "bbox": {"xmin": 647, "ymin": 420, "ymax": 504, "xmax": 758}}, {"tid": 6, "generated": 0, "bbox": {"xmin": 509, "ymin": 185, "ymax": 266, "xmax": 614}}, {"tid": 7, "generated": 0, "bbox": {"xmin": 510, "ymin": 248, "ymax": 330, "xmax": 608}}, {"tid": 8, "generated": 0, "bbox": {"xmin": 517, "ymin": 303, "ymax": 383, "xmax": 612}}, {"tid": 9, "generated": 0, "bbox": {"xmin": 512, "ymin": 364, "ymax": 449, "xmax": 611}}]], "subject/objects": [{"category": "airplane", "tid": 1}, {"category": "airplane", "tid": 2}, {"category": "airplane", "tid": 3}, {"category": "airplane", "tid": 4}, {"category": "airplane", "tid": 5}, {"category": "airplane", "tid": 6}, {"category": "airplane", "tid": 7}, {"category": "airplane", "tid": 8}, {"category": "airplane", "tid": 9}], "relation_instances": [{"end_fid": 30, "subject_tid": 1, "predicate": "fly_next_to", "begin_fid": 0, "object_tid": 2}, {"end_fid": 30, "subject_tid": 1, "predicate": "fly_with", "begin_fid": 0, "object_tid": 2}, {"end_fid": 30, "subject_tid": 2, "predicate": "fly_next_to", "begin_fid": 0, "object_tid": 1}, {"end_fid": 30, "subject_tid": 2, "predicate": "fly_with", "begin_fid": 0, "object_tid": 1}, {"end_fid": 30, "subject_tid": 1, "predicate": "fly_with", "begin_fid": 0, "object_tid": 3}, {"end_fid": 30, "subject_tid": 3, "predicate": "fly_with", "begin_fid": 0, "object_tid": 1}, {"end_fid": 30, "subject_tid": 1, "predicate": "fly_with", "begin_fid": 0, "object_tid": 4}, {"end_fid": 30, "subject_tid": 4, "predicate": "fly_with", "begin_fid": 0, "object_tid": 1}, {"end_fid": 30, "subject_tid": 1, "predicate": "fly_with", "begin_fid": 0, "object_tid": 5}, {"end_fid": 30, "subject_tid": 5, "predicate": "fly_with", "begin_fid": 0, "object_tid": 1}, {"end_fid": 30, "subject_tid": 1, "predicate": "fly_with", "begin_fid": 0, "object_tid": 6}, {"end_fid": 30, "subject_tid": 6, "predicate": "fly_with", "begin_fid": 0, "object_tid": 1}, {"end_fid": 30, "subject_tid": 1, "predicate": "fly_with", "begin_fid": 0, "object_tid": 7}, {"end_fid": 30, "subject_tid": 7, "predicate": "fly_with", "begin_fid": 0, "object_tid": 1}, {"end_fid": 30, "subject_tid": 1, "predicate": "fly_with", "begin_fid": 0, "object_tid": 8}, {"end_fid": 30, "subject_tid": 8, "predicate": "fly_with", "begin_fid": 0, "object_tid": 1}, {"end_fid": 30, "subject_tid": 1, "predicate": "fly_with", "begin_fid": 0, "object_tid": 9}, {"end_fid": 30, "subject_tid": 9, "predicate": "fly_with", "begin_fid": 0, "object_tid": 1}, {"end_fid": 30, "subject_tid": 2, "predicate": "fly_next_to", "begin_fid": 0, "object_tid": 3}, {"end_fid": 30, "subject_tid": 2, "predicate": "fly_with", "begin_fid": 0, "object_tid": 3}, {"end_fid": 30, "subject_tid": 3, "predicate": "fly_next_to", "begin_fid": 0, "object_tid": 2}, {"end_fid": 30, "subject_tid": 3, "predicate": "fly_with", "begin_fid": 0, "object_tid": 2}, {"end_fid": 30, "subject_tid": 2, "predicate": "fly_with", "begin_fid": 0, "object_tid": 4}, {"end_fid": 30, "subject_tid": 4, "predicate": "fly_with", "begin_fid": 0, "object_tid": 2}, {"end_fid": 30, "subject_tid": 2, "predicate": "fly_with", "begin_fid": 0, "object_tid": 5}, {"end_fid": 30, "subject_tid": 5, "predicate": "fly_with", "begin_fid": 0, "object_tid": 2}, {"end_fid": 30, "subject_tid": 2, "predicate": "fly_with", "begin_fid": 0, "object_tid": 6}, {"end_fid": 30, "subject_tid": 6, "predicate": "fly_with", "begin_fid": 0, "object_tid": 2}, {"end_fid": 30, "subject_tid": 2, "predicate": "fly_with", "begin_fid": 0, "object_tid": 7}, {"end_fid": 30, "subject_tid": 7, "predicate": "fly_with", "begin_fid": 0, "object_tid": 2}, {"end_fid": 30, "subject_tid": 2, "predicate": "fly_with", "begin_fid": 0, "object_tid": 8}, {"end_fid": 30, "subject_tid": 8, "predicate": "fly_with", "begin_fid": 0, "object_tid": 2}, {"end_fid": 30, "subject_tid": 2, "predicate": "fly_with", "begin_fid": 0, "object_tid": 9}, {"end_fid": 30, "subject_tid": 9, "predicate": "fly_with", "begin_fid": 0, "object_tid": 2}, {"end_fid": 30, "subject_tid": 3, "predicate": "fly_next_to", "begin_fid": 0, "object_tid": 4}, {"end_fid": 30, "subject_tid": 3, "predicate": "fly_with", "begin_fid": 0, "object_tid": 4}, {"end_fid": 30, "subject_tid": 4, "predicate": "fly_next_to", "begin_fid": 0, "object_tid": 3}, {"end_fid": 30, "subject_tid": 4, "predicate": "fly_with", "begin_fid": 0, "object_tid": 3}, {"end_fid": 30, "subject_tid": 3, "predicate": "fly_with", "begin_fid": 0, "object_tid": 5}, {"end_fid": 30, "subject_tid": 5, "predicate": "fly_with", "begin_fid": 0, "object_tid": 3}, {"end_fid": 30, "subject_tid": 3, "predicate": "fly_next_to", "begin_fid": 0, "object_tid": 6}, {"end_fid": 30, "subject_tid": 3, "predicate": "fly_with", "begin_fid": 0, "object_tid": 6}, {"end_fid": 30, "subject_tid": 6, "predicate": "fly_next_to", "begin_fid": 0, "object_tid": 3}, {"end_fid": 30, "subject_tid": 6, "predicate": "fly_with", "begin_fid": 0, "object_tid": 3}, {"end_fid": 30, "subject_tid": 3, "predicate": "fly_with", "begin_fid": 0, "object_tid": 7}, {"end_fid": 30, "subject_tid": 7, "predicate": "fly_with", "begin_fid": 0, "object_tid": 3}, {"end_fid": 30, "subject_tid": 3, "predicate": "fly_with", "begin_fid": 0, "object_tid": 8}, {"end_fid": 30, "subject_tid": 8, "predicate": "fly_with", "begin_fid": 0, "object_tid": 3}, {"end_fid": 30, "subject_tid": 3, "predicate": "fly_with", "begin_fid": 0, "object_tid": 9}, {"end_fid": 30, "subject_tid": 9, "predicate": "fly_with", "begin_fid": 0, "object_tid": 3}, {"end_fid": 30, "subject_tid": 4, "predicate": "fly_next_to", "begin_fid": 0, "object_tid": 5}, {"end_fid": 30, "subject_tid": 4, "predicate": "fly_with", "begin_fid": 0, "object_tid": 5}, {"end_fid": 30, "subject_tid": 5, "predicate": "fly_next_to", "begin_fid": 0, "object_tid": 4}, {"end_fid": 30, "subject_tid": 5, "predicate": "fly_with", "begin_fid": 0, "object_tid": 4}, {"end_fid": 30, "subject_tid": 4, "predicate": "fly_next_to", "begin_fid": 0, "object_tid": 6}, {"end_fid": 30, "subject_tid": 4, "predicate": "fly_with", "begin_fid": 0, "object_tid": 6}, {"end_fid": 30, "subject_tid": 6, "predicate": "fly_next_to", "begin_fid": 0, "object_tid": 4}, {"end_fid": 30, "subject_tid": 6, "predicate": "fly_with", "begin_fid": 0, "object_tid": 4}, {"end_fid": 30, "subject_tid": 4, "predicate": "fly_next_to", "begin_fid": 0, "object_tid": 7}, {"end_fid": 30, "subject_tid": 4, "predicate": "fly_with", "begin_fid": 0, "object_tid": 7}, {"end_fid": 30, "subject_tid": 7, "predicate": "fly_next_to", "begin_fid": 0, "object_tid": 4}, {"end_fid": 30, "subject_tid": 7, "predicate": "fly_with", "begin_fid": 0, "object_tid": 4}, {"end_fid": 30, "subject_tid": 4, "predicate": "fly_with", "begin_fid": 0, "object_tid": 8}, {"end_fid": 30, "subject_tid": 8, "predicate": "fly_with", "begin_fid": 0, "object_tid": 4}, {"end_fid": 30, "subject_tid": 4, "predicate": "fly_with", "begin_fid": 0, "object_tid": 9}, {"end_fid": 30, "subject_tid": 9, "predicate": "fly_with", "begin_fid": 0, "object_tid": 4}, {"end_fid": 30, "subject_tid": 5, "predicate": "fly_with", "begin_fid": 0, "object_tid": 6}, {"end_fid": 30, "subject_tid": 6, "predicate": "fly_with", "begin_fid": 0, "object_tid": 5}, {"end_fid": 30, "subject_tid": 5, "predicate": "fly_with", "begin_fid": 0, "object_tid": 7}, {"end_fid": 30, "subject_tid": 7, "predicate": "fly_with", "begin_fid": 0, "object_tid": 5}, {"end_fid": 30, "subject_tid": 5, "predicate": "fly_with", "begin_fid": 0, "object_tid": 8}, {"end_fid": 30, "subject_tid": 8, "predicate": "fly_with", "begin_fid": 0, "object_tid": 5}, {"end_fid": 30, "subject_tid": 5, "predicate": "fly_with", "begin_fid": 0, "object_tid": 9}, {"end_fid": 30, "subject_tid": 9, "predicate": "fly_with", "begin_fid": 0, "object_tid": 5}, {"end_fid": 30, "subject_tid": 6, "predicate": "fly_next_to", "begin_fid": 0, "object_tid": 7}, {"end_fid": 30, "subject_tid": 6, "predicate": "fly_with", "begin_fid": 0, "object_tid": 7}, {"end_fid": 30, "subject_tid": 7, "predicate": "fly_next_to", "begin_fid": 0, "object_tid": 6}, {"end_fid": 30, "subject_tid": 7, "predicate": "fly_with", "begin_fid": 0, "object_tid": 6}, {"end_fid": 30, "subject_tid": 6, "predicate": "fly_with", "begin_fid": 0, "object_tid": 8}, {"end_fid": 30, "subject_tid": 8, "predicate": "fly_with", "begin_fid": 0, "object_tid": 6}, {"end_fid": 30, "subject_tid": 6, "predicate": "fly_with", "begin_fid": 0, "object_tid": 9}, {"end_fid": 30, "subject_tid": 9, "predicate": "fly_with", "begin_fid": 0, "object_tid": 6}, {"end_fid": 30, "subject_tid": 7, "predicate": "fly_next_to", "begin_fid": 0, "object_tid": 8}, {"end_fid": 30, "subject_tid": 7, "predicate": "fly_with", "begin_fid": 0, "object_tid": 8}, {"end_fid": 30, "subject_tid": 8, "predicate": "fly_next_to", "begin_fid": 0, "object_tid": 7}, {"end_fid": 30, "subject_tid": 8, "predicate": "fly_with", "begin_fid": 0, "object_tid": 7}, {"end_fid": 30, "subject_tid": 7, "predicate": "fly_with", "begin_fid": 0, "object_tid": 9}, {"end_fid": 30, "subject_tid": 9, "predicate": "fly_with", "begin_fid": 0, "object_tid": 7}, {"end_fid": 30, "subject_tid": 8, "predicate": "fly_next_to", "begin_fid": 0, "object_tid": 9}, {"end_fid": 30, "subject_tid": 8, "predicate": "fly_with", "begin_fid": 0, "object_tid": 9}, {"end_fid": 30, "subject_tid": 9, "predicate": "fly_next_to", "begin_fid": 0, "object_tid": 8}, {"end_fid": 30, "subject_tid": 9, "predicate": "fly_with", "begin_fid": 0, "object_tid": 8}], "height": 720}