{"width": 480, "frame_count": 300, "video_id": "ILSVRC2015_train_00172007", "fps": 20, "trajectories": [[{"tid": 0, "generated": 0, "bbox": {"xmin": 287, "ymin": 55, "ymax": 122, "xmax": 415}}, {"tid": 1, "generated": 0, "bbox": {"xmin": 34, "ymin": 278, "ymax": 358, "xmax": 169}}], [{"tid": 0, "generated": 0, "bbox": {"xmin": 286, "ymin": 53, "ymax": 122, "xmax": 411}}, {"tid": 1, "generated": 0, "bbox": {"xmin": 32, "ymin": 276, "ymax": 359, "xmax": 167}}], [{"tid": 0, "generated": 0, "bbox": {"xmin": 284, "ymin": 53, "ymax": 122, "xmax": 407}}, {"tid": 1, "generated": 0, "bbox": {"xmin": 30, "ymin": 277, "ymax": 359, "xmax": 166}}], [{"tid": 0, "generated": 0, "bbox": {"xmin": 285, "ymin": 53, "ymax": 120, "xmax": 406}}, {"tid": 1, "generated": 0, "bbox": {"xmin": 28, "ymin": 277, "ymax": 358, "xmax": 165}}], [{"tid": 0, "generated": 0, "bbox": {"xmin": 286, "ymin": 53, "ymax": 121, "xmax": 406}}, {"tid": 1, "generated": 0, "bbox": {"xmin": 28, "ymin": 276, "ymax": 359, "xmax": 164}}], [{"tid": 0, "generated": 0, "bbox": {"xmin": 284, "ymin": 52, "ymax": 120, "xmax": 404}}, {"tid": 1, "generated": 0, "bbox": {"xmin": 28, "ymin": 277, "ymax": 358, "xmax": 164}}], [{"tid": 0, "generated": 0, "bbox": {"xmin": 285, "ymin": 56, "ymax": 124, "xmax": 404}}, {"tid": 1, "generated": 0, "bbox": {"xmin": 30, "ymin": 277, "ymax": 358, "xmax": 164}}], [{"tid": 0, "generated": 0, "bbox": {"xmin": 286, "ymin": 60, "ymax": 128, "xmax": 405}}, {"tid": 1, "generated": 0, "bbox": {"xmin": 30, "ymin": 282, "ymax": 358, "xmax": 166}}], [{"tid": 0, "generated": 0, "bbox": {"xmin": 287, "ymin": 61, "ymax": 128, "xmax": 406}}, {"tid": 1, "generated": 0, "bbox": {"xmin": 33, "ymin": 284, "ymax": 358, "xmax": 167}}], [{"tid": 0, "generated": 0, "bbox": {"xmin": 288, "ymin": 62, "ymax": 129, "xmax": 408}}, {"tid": 1, "generated": 0, "bbox": {"xmin": 35, "ymin": 285, "ymax": 358, "xmax": 170}}], [{"tid": 0, "generated": 0, "bbox": {"xmin": 290, "ymin": 64, "ymax": 131, "xmax": 410}}, {"tid": 1, "generated": 0, "bbox": {"xmin": 39, "ymin": 286, "ymax": 358, "xmax": 173}}], [{"tid": 0, "generated": 0, "bbox": {"xmin": 296, "ymin": 68, "ymax": 134, "xmax": 417}}, {"tid": 1, "generated": 0, "bbox": {"xmin": 44, "ymin": 288, "ymax": 359, "xmax": 179}}], [{"tid": 0, "generated": 0, "bbox": {"xmin": 297, "ymin": 68, "ymax": 134, "xmax": 418}}, {"tid": 1, "generated": 0, "bbox": {"xmin": 42, "ymin": 290, "ymax": 359, "xmax": 177}}], [{"tid": 0, "generated": 0, "bbox": {"xmin": 298, "ymin": 69, "ymax": 134, "xmax": 420}}, {"tid": 1, "generated": 0, "bbox": {"xmin": 46, "ymin": 290, "ymax": 358, "xmax": 181}}], [{"tid": 0, "generated": 0, "bbox": {"xmin": 300, "ymin": 70, "ymax": 134, "xmax": 422}}, {"tid": 1, "generated": 0, "bbox": {"xmin": 47, "ymin": 290, "ymax": 359, "xmax": 182}}], [{"tid": 0, "generated": 0, "bbox": {"xmin": 300, "ymin": 70, "ymax": 138, "xmax": 421}}, {"tid": 1, "generated": 0, "bbox": {"xmin": 50, "ymin": 292, "ymax": 359, "xmax": 183}}], [{"tid": 0, "generated": 0, "bbox": {"xmin": 298, "ymin": 70, "ymax": 138, "xmax": 420}}, {"tid": 1, "generated": 0, "bbox": {"xmin": 48, "ymin": 292, "ymax": 359, "xmax": 181}}], [{"tid": 0, "generated": 0, "bbox": {"xmin": 296, "ymin": 72, "ymax": 139, "xmax": 418}}, {"tid": 1, "generated": 0, "bbox": {"xmin": 47, "ymin": 293, "ymax": 359, "xmax": 180}}], [{"tid": 0, "generated": 0, "bbox": {"xmin": 298, "ymin": 72, "ymax": 140, "xmax": 418}}, {"tid": 1, "generated": 0, "bbox": {"xmin": 46, "ymin": 294, "ymax": 358, "xmax": 181}}], [{"tid": 0, "generated": 0, "bbox": {"xmin": 293, "ymin": 73, "ymax": 142, "xmax": 417}}, {"tid": 1, "generated": 0, "bbox": {"xmin": 44, "ymin": 297, "ymax": 359, "xmax": 178}}], [{"tid": 0, "generated": 0, "bbox": {"xmin": 292, "ymin": 74, "ymax": 140, "xmax": 419}}, {"tid": 1, "generated": 0, "bbox": {"xmin": 44, "ymin": 297, "ymax": 359, "xmax": 178}}], [{"tid": 0, "generated": 0, "bbox": {"xmin": 294, "ymin": 76, "ymax": 143, "xmax": 417}}, {"tid": 1, "generated": 0, "bbox": {"xmin": 46, "ymin": 298, "ymax": 359, "xmax": 178}}], [{"tid": 0, "generated": 0, "bbox": {"xmin": 290, "ymin": 77, "ymax": 144, "xmax": 418}}, {"tid": 1, "generated": 0, "bbox": {"xmin": 42, "ymin": 299, "ymax": 359, "xmax": 176}}], [{"tid": 0, "generated": 0, "bbox": {"xmin": 286, "ymin": 76, "ymax": 142, "xmax": 414}}, {"tid": 1, "generated": 0, "bbox": {"xmin": 38, "ymin": 300, "ymax": 359, "xmax": 172}}], [{"tid": 0, "generated": 0, "bbox": {"xmin": 285, "ymin": 76, "ymax": 143, "xmax": 413}}, {"tid": 1, "generated": 0, "bbox": {"xmin": 38, "ymin": 300, "ymax": 358, "xmax": 171}}], [{"tid": 0, "generated": 0, "bbox": {"xmin": 281, "ymin": 76, "ymax": 143, "xmax": 409}}, {"tid": 1, "generated": 0, "bbox": {"xmin": 34, "ymin": 300, "ymax": 359, "xmax": 166}}], [{"tid": 0, "generated": 0, "bbox": {"xmin": 278, "ymin": 76, "ymax": 141, "xmax": 410}}, {"tid": 1, "generated": 0, "bbox": {"xmin": 33, "ymin": 300, "ymax": 359, "xmax": 164}}], [{"tid": 0, "generated": 0, "bbox": {"xmin": 279, "ymin": 76, "ymax": 141, "xmax": 411}}, {"tid": 1, "generated": 0, "bbox": {"xmin": 33, "ymin": 299, "ymax": 359, "xmax": 166}}], [{"tid": 0, "generated": 0, "bbox": {"xmin": 281, "ymin": 76, "ymax": 141, "xmax": 412}}, {"tid": 1, "generated": 0, "bbox": {"xmin": 34, "ymin": 299, "ymax": 359, "xmax": 168}}], [{"tid": 0, "generated": 0, "bbox": {"xmin": 283, "ymin": 76, "ymax": 141, "xmax": 413}}, {"tid": 1, "generated": 0, "bbox": {"xmin": 35, "ymin": 298, "ymax": 359, "xmax": 169}}], [], [], [], [], [], [], [], [], [], [], [], [], [], [], [], [], [], [], [], [], [], [], [], [], [], [], [], [], [], [], [], [], [], [], [], [], [], [], [], [], [], [], [], [], [], [], [], [], [], [], [], [], [], [], [], [], [], [], [], [], [], [], [], [], [], [], [], [], [], [], [], [], [], [], [], [], [], [], [], [], [], [], [], [], [], [], [], [], [], [], [{"tid": 0, "generated": 0, "bbox": {"xmin": 271, "ymin": 44, "ymax": 117, "xmax": 395}}, {"tid": 1, "generated": 0, "bbox": {"xmin": 38, "ymin": 231, "ymax": 354, "xmax": 163}}], [{"tid": 0, "generated": 0, "bbox": {"xmin": 269, "ymin": 44, "ymax": 117, "xmax": 392}}, {"tid": 1, "generated": 0, "bbox": {"xmin": 36, "ymin": 230, "ymax": 353, "xmax": 163}}], [{"tid": 0, "generated": 0, "bbox": {"xmin": 268, "ymin": 44, "ymax": 117, "xmax": 390}}, {"tid": 1, "generated": 0, "bbox": {"xmin": 36, "ymin": 231, "ymax": 353, "xmax": 164}}], [{"tid": 0, "generated": 0, "bbox": {"xmin": 268, "ymin": 45, "ymax": 117, "xmax": 388}}, {"tid": 1, "generated": 0, "bbox": {"xmin": 38, "ymin": 232, "ymax": 352, "xmax": 166}}], [{"tid": 0, "generated": 0, "bbox": {"xmin": 268, "ymin": 46, "ymax": 117, "xmax": 387}}, {"tid": 1, "generated": 0, "bbox": {"xmin": 39, "ymin": 232, "ymax": 352, "xmax": 166}}], [{"tid": 0, "generated": 0, "bbox": {"xmin": 268, "ymin": 47, "ymax": 116, "xmax": 384}}, {"tid": 1, "generated": 0, "bbox": {"xmin": 40, "ymin": 232, "ymax": 352, "xmax": 168}}], [{"tid": 0, "generated": 0, "bbox": {"xmin": 268, "ymin": 48, "ymax": 122, "xmax": 381}}, {"tid": 1, "generated": 0, "bbox": {"xmin": 40, "ymin": 232, "ymax": 352, "xmax": 169}}], [{"tid": 0, "generated": 0, "bbox": {"xmin": 270, "ymin": 48, "ymax": 124, "xmax": 378}}, {"tid": 1, "generated": 0, "bbox": {"xmin": 42, "ymin": 233, "ymax": 352, "xmax": 170}}], [{"tid": 0, "generated": 0, "bbox": {"xmin": 271, "ymin": 50, "ymax": 124, "xmax": 376}}, {"tid": 1, "generated": 0, "bbox": {"xmin": 42, "ymin": 232, "ymax": 350, "xmax": 171}}], [{"tid": 0, "generated": 0, "bbox": {"xmin": 271, "ymin": 51, "ymax": 125, "xmax": 374}}, {"tid": 1, "generated": 0, "bbox": {"xmin": 44, "ymin": 233, "ymax": 354, "xmax": 172}}], [{"tid": 0, "generated": 0, "bbox": {"xmin": 271, "ymin": 52, "ymax": 127, "xmax": 372}}, {"tid": 1, "generated": 0, "bbox": {"xmin": 45, "ymin": 233, "ymax": 352, "xmax": 172}}], [{"tid": 0, "generated": 0, "bbox": {"xmin": 271, "ymin": 52, "ymax": 130, "xmax": 368}}, {"tid": 1, "generated": 0, "bbox": {"xmin": 46, "ymin": 231, "ymax": 350, "xmax": 173}}], [{"tid": 0, "generated": 0, "bbox": {"xmin": 270, "ymin": 52, "ymax": 132, "xmax": 368}}, {"tid": 1, "generated": 0, "bbox": {"xmin": 47, "ymin": 230, "ymax": 349, "xmax": 174}}], [{"tid": 0, "generated": 0, "bbox": {"xmin": 268, "ymin": 52, "ymax": 128, "xmax": 365}}, {"tid": 1, "generated": 0, "bbox": {"xmin": 47, "ymin": 228, "ymax": 350, "xmax": 174}}], [{"tid": 0, "generated": 0, "bbox": {"xmin": 270, "ymin": 52, "ymax": 129, "xmax": 364}}, {"tid": 1, "generated": 0, "bbox": {"xmin": 46, "ymin": 227, "ymax": 350, "xmax": 173}}], [{"tid": 0, "generated": 0, "bbox": {"xmin": 269, "ymin": 52, "ymax": 131, "xmax": 363}}, {"tid": 1, "generated": 0, "bbox": {"xmin": 48, "ymin": 228, "ymax": 350, "xmax": 173}}], [{"tid": 0, "generated": 0, "bbox": {"xmin": 268, "ymin": 53, "ymax": 133, "xmax": 362}}, {"tid": 1, "generated": 0, "bbox": {"xmin": 48, "ymin": 227, "ymax": 350, "xmax": 173}}], [{"tid": 0, "generated": 0, "bbox": {"xmin": 263, "ymin": 53, "ymax": 134, "xmax": 356}}, {"tid": 1, "generated": 0, "bbox": {"xmin": 48, "ymin": 225, "ymax": 348, "xmax": 173}}], [{"tid": 0, "generated": 0, "bbox": {"xmin": 262, "ymin": 53, "ymax": 133, "xmax": 355}}, {"tid": 1, "generated": 0, "bbox": {"xmin": 47, "ymin": 226, "ymax": 349, "xmax": 172}}], [{"tid": 0, "generated": 0, "bbox": {"xmin": 262, "ymin": 54, "ymax": 132, "xmax": 354}}, {"tid": 1, "generated": 0, "bbox": {"xmin": 48, "ymin": 223, "ymax": 346, "xmax": 174}}], [{"tid": 0, "generated": 0, "bbox": {"xmin": 259, "ymin": 54, "ymax": 132, "xmax": 353}}, {"tid": 1, "generated": 0, "bbox": {"xmin": 48, "ymin": 224, "ymax": 346, "xmax": 173}}], [{"tid": 0, "generated": 0, "bbox": {"xmin": 258, "ymin": 56, "ymax": 134, "xmax": 349}}, {"tid": 1, "generated": 0, "bbox": {"xmin": 44, "ymin": 222, "ymax": 345, "xmax": 170}}], [{"tid": 0, "generated": 0, "bbox": {"xmin": 256, "ymin": 54, "ymax": 133, "xmax": 348}}, {"tid": 1, "generated": 0, "bbox": {"xmin": 45, "ymin": 222, "ymax": 345, "xmax": 171}}], [{"tid": 0, "generated": 0, "bbox": {"xmin": 256, "ymin": 54, "ymax": 132, "xmax": 348}}, {"tid": 1, "generated": 0, "bbox": {"xmin": 45, "ymin": 220, "ymax": 344, "xmax": 170}}], [{"tid": 0, "generated": 0, "bbox": {"xmin": 255, "ymin": 55, "ymax": 132, "xmax": 348}}, {"tid": 1, "generated": 0, "bbox": {"xmin": 47, "ymin": 220, "ymax": 344, "xmax": 171}}], [{"tid": 0, "generated": 0, "bbox": {"xmin": 254, "ymin": 56, "ymax": 132, "xmax": 348}}, {"tid": 1, "generated": 0, "bbox": {"xmin": 48, "ymin": 219, "ymax": 343, "xmax": 172}}], [{"tid": 0, "generated": 0, "bbox": {"xmin": 250, "ymin": 56, "ymax": 132, "xmax": 346}}, {"tid": 1, "generated": 0, "bbox": {"xmin": 49, "ymin": 218, "ymax": 343, "xmax": 174}}], [{"tid": 0, "generated": 0, "bbox": {"xmin": 246, "ymin": 57, "ymax": 133, "xmax": 349}}, {"tid": 1, "generated": 0, "bbox": {"xmin": 50, "ymin": 217, "ymax": 343, "xmax": 175}}], [{"tid": 0, "generated": 0, "bbox": {"xmin": 242, "ymin": 58, "ymax": 134, "xmax": 352}}, {"tid": 1, "generated": 0, "bbox": {"xmin": 52, "ymin": 217, "ymax": 343, "xmax": 177}}], [{"tid": 0, "generated": 0, "bbox": {"xmin": 240, "ymin": 58, "ymax": 134, "xmax": 349}}, {"tid": 1, "generated": 0, "bbox": {"xmin": 54, "ymin": 216, "ymax": 342, "xmax": 178}}], [], [], [], [], [], [], [], [], [], [], [], [], [], [], [], [], [], [], [], [], [], [], [], [], [], [], [], [], [], [], [], [], [], [], [], [], [], [], [], [], [], [], [], [], [], [{"tid": 0, "generated": 0, "bbox": {"xmin": 205, "ymin": 62, "ymax": 140, "xmax": 318}}, {"tid": 1, "generated": 0, "bbox": {"xmin": 108, "ymin": 209, "ymax": 306, "xmax": 250}}], [{"tid": 0, "generated": 0, "bbox": {"xmin": 208, "ymin": 62, "ymax": 142, "xmax": 318}}, {"tid": 1, "generated": 0, "bbox": {"xmin": 110, "ymin": 208, "ymax": 306, "xmax": 252}}], [{"tid": 0, "generated": 0, "bbox": {"xmin": 210, "ymin": 64, "ymax": 144, "xmax": 318}}, {"tid": 1, "generated": 0, "bbox": {"xmin": 115, "ymin": 210, "ymax": 307, "xmax": 256}}], [{"tid": 0, "generated": 0, "bbox": {"xmin": 213, "ymin": 66, "ymax": 144, "xmax": 319}}, {"tid": 1, "generated": 0, "bbox": {"xmin": 116, "ymin": 209, "ymax": 307, "xmax": 258}}], [{"tid": 0, "generated": 0, "bbox": {"xmin": 216, "ymin": 66, "ymax": 145, "xmax": 320}}, {"tid": 1, "generated": 0, "bbox": {"xmin": 121, "ymin": 209, "ymax": 307, "xmax": 262}}], [{"tid": 0, "generated": 0, "bbox": {"xmin": 219, "ymin": 66, "ymax": 146, "xmax": 324}}, {"tid": 1, "generated": 0, "bbox": {"xmin": 124, "ymin": 209, "ymax": 308, "xmax": 266}}], [{"tid": 0, "generated": 0, "bbox": {"xmin": 221, "ymin": 67, "ymax": 146, "xmax": 322}}, {"tid": 1, "generated": 0, "bbox": {"xmin": 128, "ymin": 210, "ymax": 306, "xmax": 269}}], [{"tid": 0, "generated": 0, "bbox": {"xmin": 223, "ymin": 66, "ymax": 145, "xmax": 323}}, {"tid": 1, "generated": 0, "bbox": {"xmin": 130, "ymin": 209, "ymax": 307, "xmax": 272}}], [{"tid": 0, "generated": 0, "bbox": {"xmin": 225, "ymin": 66, "ymax": 145, "xmax": 325}}, {"tid": 1, "generated": 0, "bbox": {"xmin": 132, "ymin": 210, "ymax": 309, "xmax": 274}}], [{"tid": 0, "generated": 0, "bbox": {"xmin": 227, "ymin": 66, "ymax": 146, "xmax": 327}}, {"tid": 1, "generated": 0, "bbox": {"xmin": 135, "ymin": 210, "ymax": 307, "xmax": 275}}], [{"tid": 0, "generated": 0, "bbox": {"xmin": 228, "ymin": 66, "ymax": 146, "xmax": 328}}, {"tid": 1, "generated": 0, "bbox": {"xmin": 138, "ymin": 210, "ymax": 308, "xmax": 280}}], [{"tid": 0, "generated": 0, "bbox": {"xmin": 229, "ymin": 65, "ymax": 146, "xmax": 330}}, {"tid": 1, "generated": 0, "bbox": {"xmin": 140, "ymin": 210, "ymax": 307, "xmax": 280}}], [{"tid": 0, "generated": 0, "bbox": {"xmin": 231, "ymin": 65, "ymax": 146, "xmax": 332}}, {"tid": 1, "generated": 0, "bbox": {"xmin": 142, "ymin": 209, "ymax": 308, "xmax": 282}}], [{"tid": 0, "generated": 0, "bbox": {"xmin": 232, "ymin": 65, "ymax": 144, "xmax": 333}}, {"tid": 1, "generated": 0, "bbox": {"xmin": 143, "ymin": 207, "ymax": 307, "xmax": 284}}], [{"tid": 0, "generated": 0, "bbox": {"xmin": 234, "ymin": 65, "ymax": 145, "xmax": 334}}, {"tid": 1, "generated": 0, "bbox": {"xmin": 145, "ymin": 206, "ymax": 306, "xmax": 286}}], [{"tid": 0, "generated": 0, "bbox": {"xmin": 236, "ymin": 65, "ymax": 145, "xmax": 334}}, {"tid": 1, "generated": 0, "bbox": {"xmin": 146, "ymin": 209, "ymax": 308, "xmax": 286}}], [{"tid": 0, "generated": 0, "bbox": {"xmin": 236, "ymin": 65, "ymax": 146, "xmax": 335}}, {"tid": 1, "generated": 0, "bbox": {"xmin": 148, "ymin": 208, "ymax": 306, "xmax": 288}}], [{"tid": 0, "generated": 0, "bbox": {"xmin": 237, "ymin": 65, "ymax": 145, "xmax": 336}}, {"tid": 1, "generated": 0, "bbox": {"xmin": 150, "ymin": 208, "ymax": 308, "xmax": 288}}], [{"tid": 0, "generated": 0, "bbox": {"xmin": 238, "ymin": 65, "ymax": 145, "xmax": 336}}, {"tid": 1, "generated": 0, "bbox": {"xmin": 150, "ymin": 208, "ymax": 308, "xmax": 288}}], [{"tid": 0, "generated": 0, "bbox": {"xmin": 239, "ymin": 65, "ymax": 146, "xmax": 337}}, {"tid": 1, "generated": 0, "bbox": {"xmin": 150, "ymin": 208, "ymax": 308, "xmax": 290}}], [{"tid": 0, "generated": 0, "bbox": {"xmin": 236, "ymin": 65, "ymax": 146, "xmax": 334}}, {"tid": 1, "generated": 0, "bbox": {"xmin": 147, "ymin": 208, "ymax": 308, "xmax": 286}}], [{"tid": 0, "generated": 0, "bbox": {"xmin": 236, "ymin": 66, "ymax": 146, "xmax": 336}}, {"tid": 1, "generated": 0, "bbox": {"xmin": 146, "ymin": 208, "ymax": 308, "xmax": 285}}], [{"tid": 0, "generated": 0, "bbox": {"xmin": 234, "ymin": 68, "ymax": 148, "xmax": 334}}, {"tid": 1, "generated": 0, "bbox": {"xmin": 146, "ymin": 209, "ymax": 308, "xmax": 284}}], [{"tid": 0, "generated": 0, "bbox": {"xmin": 232, "ymin": 66, "ymax": 146, "xmax": 332}}, {"tid": 1, "generated": 0, "bbox": {"xmin": 143, "ymin": 209, "ymax": 309, "xmax": 281}}], [{"tid": 0, "generated": 0, "bbox": {"xmin": 232, "ymin": 66, "ymax": 145, "xmax": 331}}, {"tid": 1, "generated": 0, "bbox": {"xmin": 142, "ymin": 209, "ymax": 308, "xmax": 279}}], [{"tid": 0, "generated": 0, "bbox": {"xmin": 231, "ymin": 65, "ymax": 144, "xmax": 331}}, {"tid": 1, "generated": 0, "bbox": {"xmin": 144, "ymin": 208, "ymax": 308, "xmax": 279}}], [{"tid": 0, "generated": 0, "bbox": {"xmin": 231, "ymin": 65, "ymax": 144, "xmax": 331}}, {"tid": 1, "generated": 0, "bbox": {"xmin": 143, "ymin": 208, "ymax": 306, "xmax": 279}}], [{"tid": 0, "generated": 0, "bbox": {"xmin": 231, "ymin": 65, "ymax": 146, "xmax": 332}}, {"tid": 1, "generated": 0, "bbox": {"xmin": 144, "ymin": 208, "ymax": 308, "xmax": 279}}], [{"tid": 0, "generated": 0, "bbox": {"xmin": 232, "ymin": 66, "ymax": 147, "xmax": 331}}, {"tid": 1, "generated": 0, "bbox": {"xmin": 144, "ymin": 206, "ymax": 306, "xmax": 280}}], [{"tid": 0, "generated": 0, "bbox": {"xmin": 232, "ymin": 65, "ymax": 144, "xmax": 330}}, {"tid": 1, "generated": 0, "bbox": {"xmin": 144, "ymin": 206, "ymax": 306, "xmax": 280}}], [], [], [], [], [], [], [], [], [], [], [], [], [], [], [], [], [], [], [], [], [], [], [], [], [], [], [], [], [], [], [], [], [], [], [], [], [], [], [], [], [], [], [], [], [], [{"tid": 0, "generated": 0, "bbox": {"xmin": 202, "ymin": 73, "ymax": 154, "xmax": 304}}, {"tid": 1, "generated": 0, "bbox": {"xmin": 116, "ymin": 217, "ymax": 315, "xmax": 256}}], [{"tid": 0, "generated": 0, "bbox": {"xmin": 200, "ymin": 74, "ymax": 154, "xmax": 302}}, {"tid": 1, "generated": 0, "bbox": {"xmin": 112, "ymin": 218, "ymax": 316, "xmax": 254}}], [{"tid": 0, "generated": 0, "bbox": {"xmin": 200, "ymin": 74, "ymax": 154, "xmax": 300}}, {"tid": 1, "generated": 0, "bbox": {"xmin": 113, "ymin": 218, "ymax": 318, "xmax": 254}}], [{"tid": 0, "generated": 0, "bbox": {"xmin": 200, "ymin": 76, "ymax": 158, "xmax": 301}}, {"tid": 1, "generated": 0, "bbox": {"xmin": 113, "ymin": 221, "ymax": 320, "xmax": 252}}], [{"tid": 0, "generated": 0, "bbox": {"xmin": 199, "ymin": 78, "ymax": 159, "xmax": 301}}, {"tid": 1, "generated": 0, "bbox": {"xmin": 114, "ymin": 221, "ymax": 322, "xmax": 255}}], [{"tid": 0, "generated": 0, "bbox": {"xmin": 198, "ymin": 80, "ymax": 161, "xmax": 302}}, {"tid": 1, "generated": 0, "bbox": {"xmin": 114, "ymin": 224, "ymax": 324, "xmax": 253}}], [{"tid": 0, "generated": 0, "bbox": {"xmin": 199, "ymin": 81, "ymax": 163, "xmax": 303}}, {"tid": 1, "generated": 0, "bbox": {"xmin": 116, "ymin": 224, "ymax": 325, "xmax": 257}}], [{"tid": 0, "generated": 0, "bbox": {"xmin": 200, "ymin": 82, "ymax": 162, "xmax": 308}}, {"tid": 1, "generated": 0, "bbox": {"xmin": 120, "ymin": 227, "ymax": 327, "xmax": 262}}], [{"tid": 0, "generated": 0, "bbox": {"xmin": 200, "ymin": 82, "ymax": 165, "xmax": 308}}, {"tid": 1, "generated": 0, "bbox": {"xmin": 122, "ymin": 228, "ymax": 326, "xmax": 262}}], [{"tid": 0, "generated": 0, "bbox": {"xmin": 199, "ymin": 86, "ymax": 169, "xmax": 308}}, {"tid": 1, "generated": 0, "bbox": {"xmin": 120, "ymin": 230, "ymax": 329, "xmax": 261}}], [{"tid": 0, "generated": 0, "bbox": {"xmin": 198, "ymin": 86, "ymax": 166, "xmax": 308}}, {"tid": 1, "generated": 0, "bbox": {"xmin": 122, "ymin": 231, "ymax": 332, "xmax": 264}}], [{"tid": 0, "generated": 0, "bbox": {"xmin": 198, "ymin": 88, "ymax": 164, "xmax": 310}}, {"tid": 1, "generated": 0, "bbox": {"xmin": 124, "ymin": 232, "ymax": 331, "xmax": 266}}], [{"tid": 0, "generated": 0, "bbox": {"xmin": 197, "ymin": 88, "ymax": 165, "xmax": 309}}, {"tid": 1, "generated": 0, "bbox": {"xmin": 124, "ymin": 232, "ymax": 334, "xmax": 264}}], [{"tid": 0, "generated": 0, "bbox": {"xmin": 196, "ymin": 90, "ymax": 169, "xmax": 310}}, {"tid": 1, "generated": 0, "bbox": {"xmin": 126, "ymin": 234, "ymax": 334, "xmax": 266}}], [{"tid": 0, "generated": 0, "bbox": {"xmin": 192, "ymin": 89, "ymax": 170, "xmax": 312}}, {"tid": 1, "generated": 0, "bbox": {"xmin": 127, "ymin": 234, "ymax": 336, "xmax": 267}}], [{"tid": 0, "generated": 0, "bbox": {"xmin": 188, "ymin": 92, "ymax": 175, "xmax": 311}}, {"tid": 1, "generated": 0, "bbox": {"xmin": 127, "ymin": 232, "ymax": 335, "xmax": 266}}], [{"tid": 0, "generated": 0, "bbox": {"xmin": 188, "ymin": 92, "ymax": 176, "xmax": 313}}, {"tid": 1, "generated": 0, "bbox": {"xmin": 128, "ymin": 231, "ymax": 334, "xmax": 267}}], [{"tid": 0, "generated": 0, "bbox": {"xmin": 182, "ymin": 95, "ymax": 177, "xmax": 313}}, {"tid": 1, "generated": 0, "bbox": {"xmin": 128, "ymin": 233, "ymax": 337, "xmax": 268}}], [{"tid": 0, "generated": 0, "bbox": {"xmin": 180, "ymin": 96, "ymax": 177, "xmax": 314}}, {"tid": 1, "generated": 0, "bbox": {"xmin": 130, "ymin": 236, "ymax": 336, "xmax": 271}}], [{"tid": 0, "generated": 0, "bbox": {"xmin": 180, "ymin": 97, "ymax": 178, "xmax": 314}}, {"tid": 1, "generated": 0, "bbox": {"xmin": 130, "ymin": 238, "ymax": 336, "xmax": 272}}], [{"tid": 0, "generated": 0, "bbox": {"xmin": 180, "ymin": 98, "ymax": 177, "xmax": 314}}, {"tid": 1, "generated": 0, "bbox": {"xmin": 132, "ymin": 238, "ymax": 336, "xmax": 274}}], [{"tid": 0, "generated": 0, "bbox": {"xmin": 172, "ymin": 98, "ymax": 177, "xmax": 311}}, {"tid": 1, "generated": 0, "bbox": {"xmin": 134, "ymin": 239, "ymax": 337, "xmax": 272}}], [{"tid": 0, "generated": 0, "bbox": {"xmin": 173, "ymin": 98, "ymax": 178, "xmax": 313}}, {"tid": 1, "generated": 0, "bbox": {"xmin": 135, "ymin": 238, "ymax": 336, "xmax": 274}}], [{"tid": 0, "generated": 0, "bbox": {"xmin": 170, "ymin": 100, "ymax": 177, "xmax": 310}}, {"tid": 1, "generated": 0, "bbox": {"xmin": 134, "ymin": 237, "ymax": 335, "xmax": 274}}], [{"tid": 0, "generated": 0, "bbox": {"xmin": 166, "ymin": 100, "ymax": 178, "xmax": 307}}, {"tid": 1, "generated": 0, "bbox": {"xmin": 134, "ymin": 238, "ymax": 336, "xmax": 274}}], [{"tid": 0, "generated": 0, "bbox": {"xmin": 160, "ymin": 101, "ymax": 193, "xmax": 308}}, {"tid": 1, "generated": 0, "bbox": {"xmin": 138, "ymin": 238, "ymax": 336, "xmax": 279}}], [{"tid": 0, "generated": 0, "bbox": {"xmin": 159, "ymin": 103, "ymax": 198, "xmax": 308}}, {"tid": 1, "generated": 0, "bbox": {"xmin": 140, "ymin": 238, "ymax": 335, "xmax": 281}}], [{"tid": 0, "generated": 0, "bbox": {"xmin": 150, "ymin": 104, "ymax": 206, "xmax": 302}}, {"tid": 1, "generated": 0, "bbox": {"xmin": 140, "ymin": 240, "ymax": 335, "xmax": 278}}], [{"tid": 0, "generated": 0, "bbox": {"xmin": 146, "ymin": 106, "ymax": 206, "xmax": 300}}, {"tid": 1, "generated": 0, "bbox": {"xmin": 140, "ymin": 238, "ymax": 336, "xmax": 282}}], [{"tid": 0, "generated": 0, "bbox": {"xmin": 142, "ymin": 107, "ymax": 204, "xmax": 295}}, {"tid": 1, "generated": 0, "bbox": {"xmin": 145, "ymin": 237, "ymax": 335, "xmax": 286}}]], "subject/objects": [{"category": "fox", "tid": 0}, {"category": "dog", "tid": 1}], "relation_instances": [{"end_fid": 30, "subject_tid": 0, "predicate": "stand_right", "begin_fid": 0, "object_tid": 1}, {"end_fid": 30, "subject_tid": 0, "predicate": "stand_behind", "begin_fid": 0, "object_tid": 1}, {"end_fid": 30, "subject_tid": 0, "predicate": "watch", "begin_fid": 0, "object_tid": 1}, {"end_fid": 30, "subject_tid": 1, "predicate": "stand_front", "begin_fid": 0, "object_tid": 0}, {"end_fid": 30, "subject_tid": 1, "predicate": "stand_left", "begin_fid": 0, "object_tid": 0}, {"end_fid": 30, "subject_tid": 1, "predicate": "watch", "begin_fid": 0, "object_tid": 0}, {"end_fid": 150, "subject_tid": 0, "predicate": "walk_right", "begin_fid": 120, "object_tid": 1}, {"end_fid": 150, "subject_tid": 0, "predicate": "walk_behind", "begin_fid": 120, "object_tid": 1}, {"end_fid": 150, "subject_tid": 1, "predicate": "stand_front", "begin_fid": 120, "object_tid": 0}, {"end_fid": 150, "subject_tid": 1, "predicate": "stand_left", "begin_fid": 120, "object_tid": 0}, {"end_fid": 150, "subject_tid": 1, "predicate": "watch", "begin_fid": 120, "object_tid": 0}, {"end_fid": 225, "subject_tid": 0, "predicate": "stand_behind", "begin_fid": 195, "object_tid": 1}, {"end_fid": 225, "subject_tid": 0, "predicate": "watch", "begin_fid": 195, "object_tid": 1}, {"end_fid": 225, "subject_tid": 1, "predicate": "stand_front", "begin_fid": 195, "object_tid": 0}, {"end_fid": 300, "subject_tid": 0, "predicate": "walk_behind", "begin_fid": 270, "object_tid": 1}, {"end_fid": 300, "subject_tid": 1, "predicate": "stand_front", "begin_fid": 270, "object_tid": 0}], "height": 360}