{"width": 1280, "frame_count": 730, "video_id": "ILSVRC2015_train_00479003", "fps": 30, "trajectories": [[], [], [], [], [], [], [], [], [], [], [], [], [], [], [], [], [], [], [], [], [], [], [], [], [], [], [], [], [], [], [], [], [], [], [], [], [], [], [], [], [], [], [], [], [], [], [], [], [], [], [], [], [], [], [], [], [], [], [], [], [], [], [], [], [], [], [], [], [], [], [], [], [], [], [], [], [], [], [], [], [], [], [], [], [], [], [], [], [], [], [], [], [], [], [], [], [], [], [], [], [], [], [], [], [], [], [], [], [], [], [], [], [], [], [], [], [], [], [], [], [], [], [], [], [], [], [], [], [], [], [], [], [], [], [], [], [], [], [], [], [], [], [], [], [], [], [], [], [], [], [], [], [], [], [], [], [], [], [], [], [], [], [], [], [], [], [], [], [], [], [], [], [], [], [], [], [], [], [], [], [], [], [], [], [], [], [], [], [], [], [], [], [], [], [], [], [], [], [], [], [], [], [], [], [], [], [], [], [], [], [], [], [], [], [], [], [], [], [], [], [], [], [], [], [], [], [], [], [], [], [], [], [], [], [], [], [], [], [], [], [], [], [], [], [], [], [], [], [], [], [], [], [], [], [], [], [], [], [], [], [], [], [], [], [], [], [], [], [], [], [], [], [], [], [], [], [], [], [], [], [], [], [], [], [], [], [], [], [], [], [], [], [], [], [], [], [], [], [], [], [], [], [], [], [], [], [], [], [], [], [], [], [], [], [], [], [], [], [], [], [], [], [], [], [], [], [], [], [], [], [], [], [], [], [], [], [], [], [], [], [], [], [], [], [], [], [], [], [], [], [], [], [], [], [], [], [], [], [], [], [], [], [], [], [], [], [], [], [], [], [], [], [], [], [], [], [], [], [], [], [], [], [], [], [], [], [], [], [], [], [], [], [], [], [], [], [], [], [], [], [], [], [], [], [], [], [], [], [], [], [], [], [], [], [], [], [], [], [], [], [], [], [], [], [], [], [], [], [], [], [], [], [], [], [], [], [], [], [], [], [], [], [], [], [], [], [], [], [], [], [], [], [], [], [], [], [], [], [], [], [], [], [], [], [], [], [], [], [], [], [], [], [], [], [], [], [], [], [], [], [], [], [], [], [], [], [], [], [], [], [], [], [], [], [], [], [], [], [], [], [], [], [], [], [], [], [], [], [], [], [{"tid": 0, "generated": 0, "bbox": {"xmin": 890, "ymin": 517, "ymax": 606, "xmax": 1175}}, {"tid": 1, "generated": 0, "bbox": {"xmin": 808, "ymin": 512, "ymax": 582, "xmax": 897}}], [{"tid": 0, "generated": 0, "bbox": {"xmin": 892, "ymin": 517, "ymax": 606, "xmax": 1174}}, {"tid": 1, "generated": 0, "bbox": {"xmin": 808, "ymin": 512, "ymax": 584, "xmax": 899}}], [{"tid": 0, "generated": 0, "bbox": {"xmin": 894, "ymin": 517, "ymax": 606, "xmax": 1173}}, {"tid": 1, "generated": 0, "bbox": {"xmin": 808, "ymin": 512, "ymax": 585, "xmax": 901}}], [{"tid": 0, "generated": 0, "bbox": {"xmin": 896, "ymin": 517, "ymax": 606, "xmax": 1172}}, {"tid": 1, "generated": 0, "bbox": {"xmin": 808, "ymin": 512, "ymax": 586, "xmax": 903}}], [{"tid": 0, "generated": 0, "bbox": {"xmin": 898, "ymin": 517, "ymax": 606, "xmax": 1171}}, {"tid": 1, "generated": 0, "bbox": {"xmin": 808, "ymin": 512, "ymax": 588, "xmax": 905}}], [{"tid": 0, "generated": 0, "bbox": {"xmin": 900, "ymin": 517, "ymax": 606, "xmax": 1170}}, {"tid": 1, "generated": 0, "bbox": {"xmin": 808, "ymin": 512, "ymax": 589, "xmax": 907}}], [{"tid": 0, "generated": 0, "bbox": {"xmin": 902, "ymin": 517, "ymax": 606, "xmax": 1169}}, {"tid": 1, "generated": 0, "bbox": {"xmin": 808, "ymin": 512, "ymax": 590, "xmax": 908}}], [{"tid": 0, "generated": 0, "bbox": {"xmin": 904, "ymin": 518, "ymax": 606, "xmax": 1168}}, {"tid": 1, "generated": 0, "bbox": {"xmin": 808, "ymin": 512, "ymax": 592, "xmax": 910}}], [{"tid": 0, "generated": 0, "bbox": {"xmin": 906, "ymin": 518, "ymax": 606, "xmax": 1167}}, {"tid": 1, "generated": 0, "bbox": {"xmin": 808, "ymin": 512, "ymax": 593, "xmax": 912}}], [{"tid": 0, "generated": 0, "bbox": {"xmin": 908, "ymin": 518, "ymax": 606, "xmax": 1166}}, {"tid": 1, "generated": 0, "bbox": {"xmin": 808, "ymin": 512, "ymax": 594, "xmax": 914}}], [{"tid": 0, "generated": 0, "bbox": {"xmin": 910, "ymin": 518, "ymax": 606, "xmax": 1165}}, {"tid": 1, "generated": 0, "bbox": {"xmin": 808, "ymin": 512, "ymax": 596, "xmax": 916}}], [{"tid": 0, "generated": 0, "bbox": {"xmin": 912, "ymin": 518, "ymax": 606, "xmax": 1164}}, {"tid": 1, "generated": 0, "bbox": {"xmin": 808, "ymin": 512, "ymax": 597, "xmax": 918}}], [{"tid": 0, "generated": 0, "bbox": {"xmin": 914, "ymin": 518, "ymax": 606, "xmax": 1163}}, {"tid": 1, "generated": 0, "bbox": {"xmin": 808, "ymin": 512, "ymax": 599, "xmax": 920}}], [{"tid": 0, "generated": 0, "bbox": {"xmin": 916, "ymin": 518, "ymax": 606, "xmax": 1162}}, {"tid": 1, "generated": 0, "bbox": {"xmin": 808, "ymin": 512, "ymax": 599, "xmax": 922}}], [{"tid": 0, "generated": 0, "bbox": {"xmin": 918, "ymin": 519, "ymax": 606, "xmax": 1161}}, {"tid": 1, "generated": 0, "bbox": {"xmin": 808, "ymin": 512, "ymax": 599, "xmax": 924}}], [{"tid": 0, "generated": 0, "bbox": {"xmin": 920, "ymin": 519, "ymax": 606, "xmax": 1160}}, {"tid": 1, "generated": 0, "bbox": {"xmin": 808, "ymin": 513, "ymax": 599, "xmax": 926}}], [{"tid": 0, "generated": 0, "bbox": {"xmin": 922, "ymin": 519, "ymax": 606, "xmax": 1159}}, {"tid": 1, "generated": 0, "bbox": {"xmin": 808, "ymin": 513, "ymax": 600, "xmax": 928}}], [{"tid": 0, "generated": 0, "bbox": {"xmin": 924, "ymin": 519, "ymax": 606, "xmax": 1158}}, {"tid": 1, "generated": 0, "bbox": {"xmin": 808, "ymin": 513, "ymax": 600, "xmax": 930}}], [{"tid": 0, "generated": 0, "bbox": {"xmin": 926, "ymin": 519, "ymax": 606, "xmax": 1157}}, {"tid": 1, "generated": 0, "bbox": {"xmin": 808, "ymin": 514, "ymax": 600, "xmax": 932}}], [{"tid": 0, "generated": 0, "bbox": {"xmin": 928, "ymin": 519, "ymax": 606, "xmax": 1156}}, {"tid": 1, "generated": 0, "bbox": {"xmin": 808, "ymin": 514, "ymax": 600, "xmax": 934}}], [{"tid": 0, "generated": 0, "bbox": {"xmin": 931, "ymin": 520, "ymax": 606, "xmax": 1155}}, {"tid": 1, "generated": 0, "bbox": {"xmin": 808, "ymin": 514, "ymax": 601, "xmax": 936}}], [{"tid": 0, "generated": 0, "bbox": {"xmin": 933, "ymin": 520, "ymax": 606, "xmax": 1154}}, {"tid": 1, "generated": 0, "bbox": {"xmin": 808, "ymin": 515, "ymax": 601, "xmax": 938}}], [{"tid": 0, "generated": 0, "bbox": {"xmin": 935, "ymin": 520, "ymax": 606, "xmax": 1154}}, {"tid": 1, "generated": 0, "bbox": {"xmin": 808, "ymin": 515, "ymax": 601, "xmax": 940}}], [{"tid": 0, "generated": 0, "bbox": {"xmin": 937, "ymin": 521, "ymax": 606, "xmax": 1153}}, {"tid": 1, "generated": 0, "bbox": {"xmin": 808, "ymin": 515, "ymax": 601, "xmax": 942}}], [{"tid": 0, "generated": 0, "bbox": {"xmin": 939, "ymin": 521, "ymax": 606, "xmax": 1153}}, {"tid": 1, "generated": 0, "bbox": {"xmin": 808, "ymin": 516, "ymax": 602, "xmax": 944}}], [{"tid": 0, "generated": 0, "bbox": {"xmin": 941, "ymin": 522, "ymax": 606, "xmax": 1152}}, {"tid": 1, "generated": 0, "bbox": {"xmin": 808, "ymin": 516, "ymax": 602, "xmax": 946}}], [{"tid": 0, "generated": 0, "bbox": {"xmin": 943, "ymin": 522, "ymax": 606, "xmax": 1152}}, {"tid": 1, "generated": 0, "bbox": {"xmin": 808, "ymin": 516, "ymax": 602, "xmax": 948}}], [{"tid": 0, "generated": 0, "bbox": {"xmin": 945, "ymin": 522, "ymax": 606, "xmax": 1151}}, {"tid": 1, "generated": 0, "bbox": {"xmin": 808, "ymin": 517, "ymax": 602, "xmax": 950}}], [{"tid": 0, "generated": 0, "bbox": {"xmin": 947, "ymin": 523, "ymax": 606, "xmax": 1151}}, {"tid": 1, "generated": 0, "bbox": {"xmin": 808, "ymin": 517, "ymax": 603, "xmax": 952}}], [{"tid": 0, "generated": 0, "bbox": {"xmin": 949, "ymin": 523, "ymax": 606, "xmax": 1150}}, {"tid": 1, "generated": 0, "bbox": {"xmin": 808, "ymin": 517, "ymax": 603, "xmax": 954}}], [{"tid": 0, "generated": 0, "bbox": {"xmin": 952, "ymin": 524, "ymax": 606, "xmax": 1150}}, {"tid": 1, "generated": 0, "bbox": {"xmin": 808, "ymin": 518, "ymax": 603, "xmax": 956}}], [{"tid": 0, "generated": 0, "bbox": {"xmin": 953, "ymin": 524, "ymax": 606, "xmax": 1149}}, {"tid": 1, "generated": 0, "bbox": {"xmin": 808, "ymin": 518, "ymax": 603, "xmax": 958}}], [{"tid": 0, "generated": 0, "bbox": {"xmin": 955, "ymin": 524, "ymax": 607, "xmax": 1148}}, {"tid": 1, "generated": 0, "bbox": {"xmin": 808, "ymin": 519, "ymax": 604, "xmax": 960}}], [{"tid": 0, "generated": 0, "bbox": {"xmin": 957, "ymin": 524, "ymax": 608, "xmax": 1147}}, {"tid": 1, "generated": 0, "bbox": {"xmin": 808, "ymin": 519, "ymax": 604, "xmax": 961}}], [{"tid": 0, "generated": 0, "bbox": {"xmin": 959, "ymin": 524, "ymax": 608, "xmax": 1146}}, {"tid": 1, "generated": 0, "bbox": {"xmin": 808, "ymin": 519, "ymax": 605, "xmax": 963}}], [{"tid": 0, "generated": 0, "bbox": {"xmin": 961, "ymin": 524, "ymax": 609, "xmax": 1145}}, {"tid": 1, "generated": 0, "bbox": {"xmin": 808, "ymin": 519, "ymax": 605, "xmax": 965}}], [{"tid": 0, "generated": 0, "bbox": {"xmin": 962, "ymin": 524, "ymax": 610, "xmax": 1144}}, {"tid": 1, "generated": 0, "bbox": {"xmin": 808, "ymin": 519, "ymax": 606, "xmax": 967}}], [{"tid": 0, "generated": 0, "bbox": {"xmin": 964, "ymin": 524, "ymax": 610, "xmax": 1143}}, {"tid": 1, "generated": 0, "bbox": {"xmin": 808, "ymin": 519, "ymax": 607, "xmax": 969}}], [{"tid": 0, "generated": 0, "bbox": {"xmin": 966, "ymin": 524, "ymax": 611, "xmax": 1142}}, {"tid": 1, "generated": 0, "bbox": {"xmin": 808, "ymin": 519, "ymax": 607, "xmax": 971}}], [{"tid": 0, "generated": 0, "bbox": {"xmin": 968, "ymin": 524, "ymax": 612, "xmax": 1141}}, {"tid": 1, "generated": 0, "bbox": {"xmin": 808, "ymin": 519, "ymax": 608, "xmax": 972}}], [{"tid": 0, "generated": 0, "bbox": {"xmin": 970, "ymin": 524, "ymax": 613, "xmax": 1141}}, {"tid": 1, "generated": 0, "bbox": {"xmin": 808, "ymin": 519, "ymax": 608, "xmax": 974}}], [{"tid": 0, "generated": 0, "bbox": {"xmin": 972, "ymin": 524, "ymax": 612, "xmax": 1139}}, {"tid": 1, "generated": 0, "bbox": {"xmin": 808, "ymin": 519, "ymax": 609, "xmax": 976}}], [{"tid": 0, "generated": 0, "bbox": {"xmin": 974, "ymin": 524, "ymax": 612, "xmax": 1138}}, {"tid": 1, "generated": 0, "bbox": {"xmin": 808, "ymin": 519, "ymax": 610, "xmax": 978}}], [{"tid": 0, "generated": 0, "bbox": {"xmin": 976, "ymin": 524, "ymax": 611, "xmax": 1137}}, {"tid": 1, "generated": 0, "bbox": {"xmin": 808, "ymin": 519, "ymax": 610, "xmax": 980}}], [{"tid": 0, "generated": 0, "bbox": {"xmin": 978, "ymin": 524, "ymax": 611, "xmax": 1135}}, {"tid": 1, "generated": 0, "bbox": {"xmin": 808, "ymin": 519, "ymax": 611, "xmax": 982}}], [{"tid": 0, "generated": 0, "bbox": {"xmin": 981, "ymin": 524, "ymax": 611, "xmax": 1134}}, {"tid": 1, "generated": 0, "bbox": {"xmin": 808, "ymin": 519, "ymax": 611, "xmax": 984}}], [{"tid": 0, "generated": 0, "bbox": {"xmin": 983, "ymin": 524, "ymax": 610, "xmax": 1133}}, {"tid": 1, "generated": 0, "bbox": {"xmin": 808, "ymin": 519, "ymax": 612, "xmax": 985}}], [{"tid": 0, "generated": 0, "bbox": {"xmin": 985, "ymin": 524, "ymax": 610, "xmax": 1131}}, {"tid": 1, "generated": 0, "bbox": {"xmin": 808, "ymin": 519, "ymax": 613, "xmax": 987}}], [{"tid": 0, "generated": 0, "bbox": {"xmin": 987, "ymin": 524, "ymax": 609, "xmax": 1130}}, {"tid": 1, "generated": 0, "bbox": {"xmin": 808, "ymin": 519, "ymax": 613, "xmax": 989}}], [{"tid": 0, "generated": 0, "bbox": {"xmin": 989, "ymin": 524, "ymax": 609, "xmax": 1129}}, {"tid": 1, "generated": 0, "bbox": {"xmin": 808, "ymin": 519, "ymax": 614, "xmax": 991}}], [{"tid": 0, "generated": 0, "bbox": {"xmin": 992, "ymin": 524, "ymax": 609, "xmax": 1128}}, {"tid": 1, "generated": 0, "bbox": {"xmin": 808, "ymin": 519, "ymax": 614, "xmax": 993}}], [{"tid": 0, "generated": 0, "bbox": {"xmin": 993, "ymin": 524, "ymax": 609, "xmax": 1127}}, {"tid": 1, "generated": 0, "bbox": {"xmin": 808, "ymin": 519, "ymax": 615, "xmax": 995}}], [{"tid": 0, "generated": 0, "bbox": {"xmin": 995, "ymin": 525, "ymax": 609, "xmax": 1126}}, {"tid": 1, "generated": 0, "bbox": {"xmin": 808, "ymin": 519, "ymax": 616, "xmax": 997}}], [{"tid": 0, "generated": 0, "bbox": {"xmin": 997, "ymin": 525, "ymax": 609, "xmax": 1125}}, {"tid": 1, "generated": 0, "bbox": {"xmin": 808, "ymin": 519, "ymax": 616, "xmax": 999}}], [{"tid": 0, "generated": 0, "bbox": {"xmin": 999, "ymin": 526, "ymax": 609, "xmax": 1124}}, {"tid": 1, "generated": 0, "bbox": {"xmin": 808, "ymin": 519, "ymax": 617, "xmax": 1001}}], [{"tid": 0, "generated": 0, "bbox": {"xmin": 1001, "ymin": 526, "ymax": 610, "xmax": 1124}}, {"tid": 1, "generated": 0, "bbox": {"xmin": 808, "ymin": 519, "ymax": 618, "xmax": 1003}}], [{"tid": 0, "generated": 0, "bbox": {"xmin": 1003, "ymin": 527, "ymax": 610, "xmax": 1123}}, {"tid": 1, "generated": 0, "bbox": {"xmin": 808, "ymin": 519, "ymax": 619, "xmax": 1006}}], [{"tid": 0, "generated": 0, "bbox": {"xmin": 1005, "ymin": 527, "ymax": 610, "xmax": 1122}}, {"tid": 1, "generated": 0, "bbox": {"xmin": 808, "ymin": 519, "ymax": 620, "xmax": 1008}}], [{"tid": 0, "generated": 0, "bbox": {"xmin": 1007, "ymin": 528, "ymax": 610, "xmax": 1121}}, {"tid": 1, "generated": 0, "bbox": {"xmin": 808, "ymin": 519, "ymax": 621, "xmax": 1010}}], [{"tid": 0, "generated": 0, "bbox": {"xmin": 1009, "ymin": 528, "ymax": 610, "xmax": 1120}}, {"tid": 1, "generated": 0, "bbox": {"xmin": 808, "ymin": 519, "ymax": 622, "xmax": 1013}}], [], [], [], [], [], [], [], [], [], [], [], [], [], [], [], [], [], [], [], [], [], [], [], [], [], [], [], [], [], [], [], [], [], [], [], [], [], [], [], [], [], [], [], [], [], [], [], [], [], [], [], [], [], [], [], [], [], [], [], [], [], [], [], [], [], [], [], [], [], [], [], [], [], [], [], [{"tid": 0, "generated": 0, "bbox": {"xmin": 811, "ymin": 524, "ymax": 575, "xmax": 876}}, {"tid": 1, "generated": 0, "bbox": {"xmin": 865, "ymin": 517, "ymax": 636, "xmax": 1158}}], [{"tid": 0, "generated": 0, "bbox": {"xmin": 811, "ymin": 524, "ymax": 575, "xmax": 877}}, {"tid": 1, "generated": 0, "bbox": {"xmin": 866, "ymin": 517, "ymax": 637, "xmax": 1159}}], [{"tid": 0, "generated": 0, "bbox": {"xmin": 810, "ymin": 524, "ymax": 575, "xmax": 878}}, {"tid": 1, "generated": 0, "bbox": {"xmin": 867, "ymin": 517, "ymax": 638, "xmax": 1160}}], [{"tid": 0, "generated": 0, "bbox": {"xmin": 810, "ymin": 524, "ymax": 575, "xmax": 878}}, {"tid": 1, "generated": 0, "bbox": {"xmin": 868, "ymin": 517, "ymax": 638, "xmax": 1162}}], [{"tid": 0, "generated": 0, "bbox": {"xmin": 809, "ymin": 524, "ymax": 575, "xmax": 879}}, {"tid": 1, "generated": 0, "bbox": {"xmin": 869, "ymin": 517, "ymax": 639, "xmax": 1163}}], [{"tid": 0, "generated": 0, "bbox": {"xmin": 809, "ymin": 524, "ymax": 575, "xmax": 880}}, {"tid": 1, "generated": 0, "bbox": {"xmin": 870, "ymin": 517, "ymax": 640, "xmax": 1164}}], [{"tid": 0, "generated": 0, "bbox": {"xmin": 808, "ymin": 524, "ymax": 575, "xmax": 881}}, {"tid": 1, "generated": 0, "bbox": {"xmin": 871, "ymin": 517, "ymax": 641, "xmax": 1166}}], [{"tid": 0, "generated": 0, "bbox": {"xmin": 808, "ymin": 525, "ymax": 575, "xmax": 882}}, {"tid": 1, "generated": 0, "bbox": {"xmin": 872, "ymin": 517, "ymax": 642, "xmax": 1167}}], [{"tid": 0, "generated": 0, "bbox": {"xmin": 808, "ymin": 525, "ymax": 574, "xmax": 882}}, {"tid": 1, "generated": 0, "bbox": {"xmin": 873, "ymin": 517, "ymax": 643, "xmax": 1168}}], [{"tid": 0, "generated": 0, "bbox": {"xmin": 807, "ymin": 525, "ymax": 574, "xmax": 883}}, {"tid": 1, "generated": 0, "bbox": {"xmin": 874, "ymin": 517, "ymax": 644, "xmax": 1170}}], [{"tid": 0, "generated": 0, "bbox": {"xmin": 807, "ymin": 525, "ymax": 574, "xmax": 884}}, {"tid": 1, "generated": 0, "bbox": {"xmin": 875, "ymin": 517, "ymax": 645, "xmax": 1171}}], [{"tid": 0, "generated": 0, "bbox": {"xmin": 806, "ymin": 525, "ymax": 574, "xmax": 885}}, {"tid": 1, "generated": 0, "bbox": {"xmin": 876, "ymin": 517, "ymax": 646, "xmax": 1172}}], [{"tid": 0, "generated": 0, "bbox": {"xmin": 806, "ymin": 525, "ymax": 574, "xmax": 885}}, {"tid": 1, "generated": 0, "bbox": {"xmin": 877, "ymin": 517, "ymax": 646, "xmax": 1174}}], [{"tid": 0, "generated": 0, "bbox": {"xmin": 805, "ymin": 525, "ymax": 574, "xmax": 886}}, {"tid": 1, "generated": 0, "bbox": {"xmin": 878, "ymin": 517, "ymax": 647, "xmax": 1175}}], [{"tid": 0, "generated": 0, "bbox": {"xmin": 805, "ymin": 525, "ymax": 574, "xmax": 887}}, {"tid": 1, "generated": 0, "bbox": {"xmin": 879, "ymin": 517, "ymax": 648, "xmax": 1176}}], [{"tid": 0, "generated": 0, "bbox": {"xmin": 805, "ymin": 525, "ymax": 574, "xmax": 888}}, {"tid": 1, "generated": 0, "bbox": {"xmin": 880, "ymin": 517, "ymax": 649, "xmax": 1178}}], [{"tid": 0, "generated": 0, "bbox": {"xmin": 804, "ymin": 525, "ymax": 574, "xmax": 888}}, {"tid": 1, "generated": 0, "bbox": {"xmin": 881, "ymin": 517, "ymax": 650, "xmax": 1179}}], [{"tid": 0, "generated": 0, "bbox": {"xmin": 804, "ymin": 525, "ymax": 574, "xmax": 889}}, {"tid": 1, "generated": 0, "bbox": {"xmin": 882, "ymin": 517, "ymax": 651, "xmax": 1180}}], [{"tid": 0, "generated": 0, "bbox": {"xmin": 803, "ymin": 525, "ymax": 574, "xmax": 890}}, {"tid": 1, "generated": 0, "bbox": {"xmin": 883, "ymin": 517, "ymax": 652, "xmax": 1182}}], [{"tid": 0, "generated": 0, "bbox": {"xmin": 803, "ymin": 525, "ymax": 574, "xmax": 891}}, {"tid": 1, "generated": 0, "bbox": {"xmin": 884, "ymin": 517, "ymax": 653, "xmax": 1183}}], [{"tid": 0, "generated": 0, "bbox": {"xmin": 803, "ymin": 526, "ymax": 574, "xmax": 892}}, {"tid": 1, "generated": 0, "bbox": {"xmin": 885, "ymin": 517, "ymax": 654, "xmax": 1185}}], [{"tid": 0, "generated": 0, "bbox": {"xmin": 803, "ymin": 526, "ymax": 574, "xmax": 896}}, {"tid": 1, "generated": 0, "bbox": {"xmin": 886, "ymin": 516, "ymax": 653, "xmax": 1186}}], [{"tid": 0, "generated": 0, "bbox": {"xmin": 803, "ymin": 527, "ymax": 575, "xmax": 901}}, {"tid": 1, "generated": 0, "bbox": {"xmin": 888, "ymin": 516, "ymax": 653, "xmax": 1188}}], [{"tid": 0, "generated": 0, "bbox": {"xmin": 803, "ymin": 527, "ymax": 576, "xmax": 905}}, {"tid": 1, "generated": 0, "bbox": {"xmin": 889, "ymin": 516, "ymax": 653, "xmax": 1189}}], [{"tid": 0, "generated": 0, "bbox": {"xmin": 803, "ymin": 528, "ymax": 577, "xmax": 910}}, {"tid": 1, "generated": 0, "bbox": {"xmin": 891, "ymin": 516, "ymax": 653, "xmax": 1191}}], [{"tid": 0, "generated": 0, "bbox": {"xmin": 802, "ymin": 528, "ymax": 578, "xmax": 908}}, {"tid": 1, "generated": 0, "bbox": {"xmin": 893, "ymin": 516, "ymax": 653, "xmax": 1193}}], [{"tid": 0, "generated": 0, "bbox": {"xmin": 801, "ymin": 528, "ymax": 579, "xmax": 906}}, {"tid": 1, "generated": 0, "bbox": {"xmin": 894, "ymin": 515, "ymax": 652, "xmax": 1194}}], [{"tid": 0, "generated": 0, "bbox": {"xmin": 800, "ymin": 528, "ymax": 580, "xmax": 904}}, {"tid": 1, "generated": 0, "bbox": {"xmin": 896, "ymin": 515, "ymax": 652, "xmax": 1196}}], [{"tid": 0, "generated": 0, "bbox": {"xmin": 799, "ymin": 528, "ymax": 581, "xmax": 902}}, {"tid": 1, "generated": 0, "bbox": {"xmin": 897, "ymin": 515, "ymax": 652, "xmax": 1197}}], [{"tid": 0, "generated": 0, "bbox": {"xmin": 798, "ymin": 528, "ymax": 582, "xmax": 900}}, {"tid": 1, "generated": 0, "bbox": {"xmin": 899, "ymin": 515, "ymax": 652, "xmax": 1199}}], [{"tid": 0, "generated": 0, "bbox": {"xmin": 798, "ymin": 528, "ymax": 583, "xmax": 899}}, {"tid": 1, "generated": 0, "bbox": {"xmin": 901, "ymin": 515, "ymax": 652, "xmax": 1201}}], [{"tid": 0, "generated": 0, "bbox": {"xmin": 797, "ymin": 528, "ymax": 584, "xmax": 900}}, {"tid": 1, "generated": 0, "bbox": {"xmin": 902, "ymin": 514, "ymax": 652, "xmax": 1202}}], [{"tid": 0, "generated": 0, "bbox": {"xmin": 796, "ymin": 528, "ymax": 585, "xmax": 902}}, {"tid": 1, "generated": 0, "bbox": {"xmin": 903, "ymin": 513, "ymax": 653, "xmax": 1203}}], [{"tid": 0, "generated": 0, "bbox": {"xmin": 795, "ymin": 528, "ymax": 587, "xmax": 903}}, {"tid": 1, "generated": 0, "bbox": {"xmin": 904, "ymin": 513, "ymax": 653, "xmax": 1204}}], [{"tid": 0, "generated": 0, "bbox": {"xmin": 794, "ymin": 528, "ymax": 588, "xmax": 905}}, {"tid": 1, "generated": 0, "bbox": {"xmin": 905, "ymin": 512, "ymax": 654, "xmax": 1205}}], [{"tid": 0, "generated": 0, "bbox": {"xmin": 794, "ymin": 528, "ymax": 589, "xmax": 907}}, {"tid": 1, "generated": 0, "bbox": {"xmin": 906, "ymin": 512, "ymax": 654, "xmax": 1206}}], [{"tid": 0, "generated": 0, "bbox": {"xmin": 793, "ymin": 528, "ymax": 591, "xmax": 908}}, {"tid": 1, "generated": 0, "bbox": {"xmin": 907, "ymin": 511, "ymax": 655, "xmax": 1207}}], [{"tid": 0, "generated": 0, "bbox": {"xmin": 792, "ymin": 528, "ymax": 592, "xmax": 910}}, {"tid": 1, "generated": 0, "bbox": {"xmin": 908, "ymin": 511, "ymax": 655, "xmax": 1208}}], [{"tid": 0, "generated": 0, "bbox": {"xmin": 791, "ymin": 528, "ymax": 593, "xmax": 912}}, {"tid": 1, "generated": 0, "bbox": {"xmin": 909, "ymin": 510, "ymax": 656, "xmax": 1209}}], [{"tid": 0, "generated": 0, "bbox": {"xmin": 790, "ymin": 528, "ymax": 595, "xmax": 913}}, {"tid": 1, "generated": 0, "bbox": {"xmin": 910, "ymin": 510, "ymax": 656, "xmax": 1210}}], [{"tid": 0, "generated": 0, "bbox": {"xmin": 790, "ymin": 528, "ymax": 596, "xmax": 915}}, {"tid": 1, "generated": 0, "bbox": {"xmin": 911, "ymin": 509, "ymax": 657, "xmax": 1211}}], [{"tid": 0, "generated": 0, "bbox": {"xmin": 789, "ymin": 528, "ymax": 597, "xmax": 917}}, {"tid": 1, "generated": 0, "bbox": {"xmin": 912, "ymin": 508, "ymax": 658, "xmax": 1212}}], [{"tid": 0, "generated": 0, "bbox": {"xmin": 788, "ymin": 528, "ymax": 599, "xmax": 918}}, {"tid": 1, "generated": 0, "bbox": {"xmin": 913, "ymin": 508, "ymax": 658, "xmax": 1213}}], [{"tid": 0, "generated": 0, "bbox": {"xmin": 787, "ymin": 528, "ymax": 600, "xmax": 920}}, {"tid": 1, "generated": 0, "bbox": {"xmin": 914, "ymin": 507, "ymax": 659, "xmax": 1214}}], [{"tid": 0, "generated": 0, "bbox": {"xmin": 787, "ymin": 529, "ymax": 602, "xmax": 922}}, {"tid": 1, "generated": 0, "bbox": {"xmin": 915, "ymin": 507, "ymax": 659, "xmax": 1215}}], [{"tid": 0, "generated": 0, "bbox": {"xmin": 786, "ymin": 529, "ymax": 601, "xmax": 922}}, {"tid": 1, "generated": 0, "bbox": {"xmin": 916, "ymin": 506, "ymax": 660, "xmax": 1216}}], [{"tid": 0, "generated": 0, "bbox": {"xmin": 786, "ymin": 529, "ymax": 601, "xmax": 923}}, {"tid": 1, "generated": 0, "bbox": {"xmin": 917, "ymin": 506, "ymax": 660, "xmax": 1217}}], [{"tid": 0, "generated": 0, "bbox": {"xmin": 785, "ymin": 529, "ymax": 601, "xmax": 924}}, {"tid": 1, "generated": 0, "bbox": {"xmin": 918, "ymin": 505, "ymax": 661, "xmax": 1218}}], [{"tid": 0, "generated": 0, "bbox": {"xmin": 785, "ymin": 529, "ymax": 601, "xmax": 925}}, {"tid": 1, "generated": 0, "bbox": {"xmin": 919, "ymin": 505, "ymax": 661, "xmax": 1219}}], [{"tid": 0, "generated": 0, "bbox": {"xmin": 784, "ymin": 529, "ymax": 601, "xmax": 926}}, {"tid": 1, "generated": 0, "bbox": {"xmin": 920, "ymin": 504, "ymax": 662, "xmax": 1220}}], [{"tid": 0, "generated": 0, "bbox": {"xmin": 784, "ymin": 529, "ymax": 601, "xmax": 927}}, {"tid": 1, "generated": 0, "bbox": {"xmin": 922, "ymin": 504, "ymax": 663, "xmax": 1221}}], [{"tid": 0, "generated": 0, "bbox": {"xmin": 783, "ymin": 529, "ymax": 601, "xmax": 928}}, {"tid": 1, "generated": 0, "bbox": {"xmin": 923, "ymin": 504, "ymax": 664, "xmax": 1221}}], [{"tid": 0, "generated": 0, "bbox": {"xmin": 783, "ymin": 529, "ymax": 601, "xmax": 929}}, {"tid": 1, "generated": 0, "bbox": {"xmin": 924, "ymin": 504, "ymax": 665, "xmax": 1222}}], [{"tid": 0, "generated": 0, "bbox": {"xmin": 782, "ymin": 529, "ymax": 601, "xmax": 930}}, {"tid": 1, "generated": 0, "bbox": {"xmin": 925, "ymin": 504, "ymax": 666, "xmax": 1223}}], [{"tid": 0, "generated": 0, "bbox": {"xmin": 782, "ymin": 529, "ymax": 601, "xmax": 931}}, {"tid": 1, "generated": 0, "bbox": {"xmin": 926, "ymin": 504, "ymax": 667, "xmax": 1224}}], [{"tid": 0, "generated": 0, "bbox": {"xmin": 782, "ymin": 529, "ymax": 600, "xmax": 931}}, {"tid": 1, "generated": 0, "bbox": {"xmin": 927, "ymin": 504, "ymax": 668, "xmax": 1225}}], [{"tid": 0, "generated": 0, "bbox": {"xmin": 781, "ymin": 529, "ymax": 600, "xmax": 932}}, {"tid": 1, "generated": 0, "bbox": {"xmin": 928, "ymin": 504, "ymax": 669, "xmax": 1226}}], [{"tid": 0, "generated": 0, "bbox": {"xmin": 781, "ymin": 529, "ymax": 600, "xmax": 933}}, {"tid": 1, "generated": 0, "bbox": {"xmin": 929, "ymin": 504, "ymax": 670, "xmax": 1227}}], [{"tid": 0, "generated": 0, "bbox": {"xmin": 780, "ymin": 529, "ymax": 600, "xmax": 934}}, {"tid": 1, "generated": 0, "bbox": {"xmin": 930, "ymin": 504, "ymax": 671, "xmax": 1228}}], [{"tid": 0, "generated": 0, "bbox": {"xmin": 780, "ymin": 529, "ymax": 600, "xmax": 935}}, {"tid": 1, "generated": 0, "bbox": {"xmin": 931, "ymin": 504, "ymax": 672, "xmax": 1229}}], [{"tid": 0, "generated": 0, "bbox": {"xmin": 779, "ymin": 529, "ymax": 600, "xmax": 936}}, {"tid": 1, "generated": 0, "bbox": {"xmin": 933, "ymin": 504, "ymax": 673, "xmax": 1230}}], [{"tid": 0, "generated": 0, "bbox": {"xmin": 779, "ymin": 529, "ymax": 600, "xmax": 937}}, {"tid": 1, "generated": 0, "bbox": {"xmin": 933, "ymin": 503, "ymax": 673, "xmax": 1231}}], [{"tid": 0, "generated": 0, "bbox": {"xmin": 778, "ymin": 529, "ymax": 600, "xmax": 938}}, {"tid": 1, "generated": 0, "bbox": {"xmin": 934, "ymin": 503, "ymax": 673, "xmax": 1233}}], [{"tid": 0, "generated": 0, "bbox": {"xmin": 778, "ymin": 529, "ymax": 600, "xmax": 939}}, {"tid": 1, "generated": 0, "bbox": {"xmin": 935, "ymin": 502, "ymax": 674, "xmax": 1234}}], [{"tid": 0, "generated": 0, "bbox": {"xmin": 778, "ymin": 529, "ymax": 600, "xmax": 940}}, {"tid": 1, "generated": 0, "bbox": {"xmin": 936, "ymin": 502, "ymax": 674, "xmax": 1236}}], [{"tid": 0, "generated": 0, "bbox": {"xmin": 777, "ymin": 529, "ymax": 600, "xmax": 939}}, {"tid": 1, "generated": 0, "bbox": {"xmin": 937, "ymin": 502, "ymax": 674, "xmax": 1238}}], [{"tid": 0, "generated": 0, "bbox": {"xmin": 777, "ymin": 529, "ymax": 601, "xmax": 939}}, {"tid": 1, "generated": 0, "bbox": {"xmin": 938, "ymin": 501, "ymax": 675, "xmax": 1239}}], [{"tid": 0, "generated": 0, "bbox": {"xmin": 777, "ymin": 529, "ymax": 602, "xmax": 938}}, {"tid": 1, "generated": 0, "bbox": {"xmin": 939, "ymin": 501, "ymax": 675, "xmax": 1241}}], [{"tid": 0, "generated": 0, "bbox": {"xmin": 777, "ymin": 529, "ymax": 603, "xmax": 938}}, {"tid": 1, "generated": 0, "bbox": {"xmin": 940, "ymin": 501, "ymax": 675, "xmax": 1242}}], [{"tid": 0, "generated": 0, "bbox": {"xmin": 777, "ymin": 530, "ymax": 604, "xmax": 938}}, {"tid": 1, "generated": 0, "bbox": {"xmin": 941, "ymin": 500, "ymax": 676, "xmax": 1244}}], [{"tid": 0, "generated": 0, "bbox": {"xmin": 776, "ymin": 530, "ymax": 605, "xmax": 937}}, {"tid": 1, "generated": 0, "bbox": {"xmin": 942, "ymin": 500, "ymax": 676, "xmax": 1246}}], [{"tid": 0, "generated": 0, "bbox": {"xmin": 776, "ymin": 530, "ymax": 606, "xmax": 937}}, {"tid": 1, "generated": 0, "bbox": {"xmin": 942, "ymin": 500, "ymax": 676, "xmax": 1247}}], [{"tid": 0, "generated": 0, "bbox": {"xmin": 776, "ymin": 530, "ymax": 607, "xmax": 936}}, {"tid": 1, "generated": 0, "bbox": {"xmin": 943, "ymin": 499, "ymax": 677, "xmax": 1249}}], [{"tid": 0, "generated": 0, "bbox": {"xmin": 776, "ymin": 530, "ymax": 608, "xmax": 936}}, {"tid": 1, "generated": 0, "bbox": {"xmin": 944, "ymin": 499, "ymax": 677, "xmax": 1250}}], [{"tid": 0, "generated": 0, "bbox": {"xmin": 776, "ymin": 531, "ymax": 609, "xmax": 936}}, {"tid": 1, "generated": 0, "bbox": {"xmin": 945, "ymin": 499, "ymax": 677, "xmax": 1252}}]], "subject/objects": [{"category": "train", "tid": 0}, {"category": "train", "tid": 1}], "relation_instances": [{"end_fid": 540, "subject_tid": 0, "predicate": "move_right", "begin_fid": 510, "object_tid": 1}, {"end_fid": 540, "subject_tid": 0, "predicate": "move_next_to", "begin_fid": 510, "object_tid": 1}, {"end_fid": 540, "subject_tid": 0, "predicate": "move_past", "begin_fid": 510, "object_tid": 1}, {"end_fid": 540, "subject_tid": 1, "predicate": "move_next_to", "begin_fid": 510, "object_tid": 0}, {"end_fid": 540, "subject_tid": 1, "predicate": "move_past", "begin_fid": 510, "object_tid": 0}, {"end_fid": 540, "subject_tid": 1, "predicate": "move_left", "begin_fid": 510, "object_tid": 0}, {"end_fid": 555, "subject_tid": 0, "predicate": "move_right", "begin_fid": 525, "object_tid": 1}, {"end_fid": 555, "subject_tid": 0, "predicate": "move_next_to", "begin_fid": 525, "object_tid": 1}, {"end_fid": 555, "subject_tid": 0, "predicate": "move_past", "begin_fid": 525, "object_tid": 1}, {"end_fid": 555, "subject_tid": 1, "predicate": "move_next_to", "begin_fid": 525, "object_tid": 0}, {"end_fid": 555, "subject_tid": 1, "predicate": "move_past", "begin_fid": 525, "object_tid": 0}, {"end_fid": 555, "subject_tid": 1, "predicate": "move_left", "begin_fid": 525, "object_tid": 0}, {"end_fid": 570, "subject_tid": 0, "predicate": "move_right", "begin_fid": 540, "object_tid": 1}, {"end_fid": 570, "subject_tid": 0, "predicate": "move_next_to", "begin_fid": 540, "object_tid": 1}, {"end_fid": 570, "subject_tid": 0, "predicate": "move_past", "begin_fid": 540, "object_tid": 1}, {"end_fid": 570, "subject_tid": 1, "predicate": "move_next_to", "begin_fid": 540, "object_tid": 0}, {"end_fid": 570, "subject_tid": 1, "predicate": "move_past", "begin_fid": 540, "object_tid": 0}, {"end_fid": 570, "subject_tid": 1, "predicate": "move_left", "begin_fid": 540, "object_tid": 0}, {"end_fid": 675, "subject_tid": 0, "predicate": "move_past", "begin_fid": 645, "object_tid": 1}, {"end_fid": 675, "subject_tid": 0, "predicate": "move_behind", "begin_fid": 645, "object_tid": 1}, {"end_fid": 675, "subject_tid": 1, "predicate": "move_past", "begin_fid": 645, "object_tid": 0}, {"end_fid": 675, "subject_tid": 1, "predicate": "move_front", "begin_fid": 645, "object_tid": 0}, {"end_fid": 690, "subject_tid": 0, "predicate": "move_past", "begin_fid": 660, "object_tid": 1}, {"end_fid": 690, "subject_tid": 0, "predicate": "move_behind", "begin_fid": 660, "object_tid": 1}, {"end_fid": 690, "subject_tid": 1, "predicate": "move_past", "begin_fid": 660, "object_tid": 0}, {"end_fid": 690, "subject_tid": 1, "predicate": "move_front", "begin_fid": 660, "object_tid": 0}, {"end_fid": 705, "subject_tid": 0, "predicate": "move_past", "begin_fid": 675, "object_tid": 1}, {"end_fid": 705, "subject_tid": 0, "predicate": "move_behind", "begin_fid": 675, "object_tid": 1}, {"end_fid": 705, "subject_tid": 1, "predicate": "move_past", "begin_fid": 675, "object_tid": 0}, {"end_fid": 705, "subject_tid": 1, "predicate": "move_front", "begin_fid": 675, "object_tid": 0}, {"end_fid": 720, "subject_tid": 0, "predicate": "move_past", "begin_fid": 690, "object_tid": 1}, {"end_fid": 720, "subject_tid": 0, "predicate": "move_behind", "begin_fid": 690, "object_tid": 1}, {"end_fid": 720, "subject_tid": 1, "predicate": "move_past", "begin_fid": 690, "object_tid": 0}, {"end_fid": 720, "subject_tid": 1, "predicate": "move_front", "begin_fid": 690, "object_tid": 0}], "height": 720}