{"width": 1280, "frame_count": 226, "video_id": "ILSVRC2015_train_00185002", "fps": 29, "trajectories": [[{"tid": 0, "generated": 0, "bbox": {"xmin": 586, "ymin": 311, "ymax": 453, "xmax": 773}}, {"tid": 1, "generated": 0, "bbox": {"xmin": 675, "ymin": 369, "ymax": 442, "xmax": 769}}, {"tid": 6, "generated": 0, "bbox": {"xmin": 99, "ymin": 412, "ymax": 483, "xmax": 167}}], [{"tid": 0, "generated": 0, "bbox": {"xmin": 592, "ymin": 309, "ymax": 446, "xmax": 784}}, {"tid": 1, "generated": 0, "bbox": {"xmin": 679, "ymin": 371, "ymax": 444, "xmax": 776}}, {"tid": 6, "generated": 0, "bbox": {"xmin": 98, "ymin": 410, "ymax": 482, "xmax": 168}}], [{"tid": 0, "generated": 0, "bbox": {"xmin": 594, "ymin": 310, "ymax": 447, "xmax": 784}}, {"tid": 1, "generated": 0, "bbox": {"xmin": 682, "ymin": 367, "ymax": 444, "xmax": 778}}, {"tid": 6, "generated": 0, "bbox": {"xmin": 98, "ymin": 409, "ymax": 482, "xmax": 170}}], [{"tid": 0, "generated": 0, "bbox": {"xmin": 597, "ymin": 311, "ymax": 448, "xmax": 784}}, {"tid": 1, "generated": 0, "bbox": {"xmin": 686, "ymin": 364, "ymax": 444, "xmax": 780}}, {"tid": 6, "generated": 0, "bbox": {"xmin": 98, "ymin": 407, "ymax": 482, "xmax": 172}}], [{"tid": 0, "generated": 0, "bbox": {"xmin": 606, "ymin": 309, "ymax": 448, "xmax": 788}}, {"tid": 1, "generated": 0, "bbox": {"xmin": 690, "ymin": 364, "ymax": 444, "xmax": 784}}, {"tid": 6, "generated": 0, "bbox": {"xmin": 97, "ymin": 406, "ymax": 481, "xmax": 173}}], [{"tid": 0, "generated": 0, "bbox": {"xmin": 615, "ymin": 308, "ymax": 448, "xmax": 792}}, {"tid": 1, "generated": 0, "bbox": {"xmin": 694, "ymin": 364, "ymax": 444, "xmax": 789}}, {"tid": 6, "generated": 0, "bbox": {"xmin": 97, "ymin": 404, "ymax": 481, "xmax": 175}}], [{"tid": 0, "generated": 0, "bbox": {"xmin": 624, "ymin": 306, "ymax": 448, "xmax": 796}}, {"tid": 1, "generated": 0, "bbox": {"xmin": 698, "ymin": 364, "ymax": 444, "xmax": 794}}, {"tid": 6, "generated": 0, "bbox": {"xmin": 97, "ymin": 403, "ymax": 481, "xmax": 177}}], [{"tid": 0, "generated": 0, "bbox": {"xmin": 634, "ymin": 305, "ymax": 449, "xmax": 801}}, {"tid": 1, "generated": 0, "bbox": {"xmin": 702, "ymin": 364, "ymax": 443, "xmax": 796}}, {"tid": 6, "generated": 0, "bbox": {"xmin": 83, "ymin": 403, "ymax": 483, "xmax": 174}}], [{"tid": 0, "generated": 0, "bbox": {"xmin": 634, "ymin": 304, "ymax": 446, "xmax": 805}}, {"tid": 1, "generated": 0, "bbox": {"xmin": 707, "ymin": 364, "ymax": 442, "xmax": 799}}, {"tid": 6, "generated": 0, "bbox": {"xmin": 88, "ymin": 403, "ymax": 482, "xmax": 178}}], [{"tid": 0, "generated": 0, "bbox": {"xmin": 637, "ymin": 304, "ymax": 446, "xmax": 812}}, {"tid": 1, "generated": 0, "bbox": {"xmin": 711, "ymin": 364, "ymax": 441, "xmax": 802}}, {"tid": 6, "generated": 0, "bbox": {"xmin": 94, "ymin": 403, "ymax": 481, "xmax": 183}}], [{"tid": 0, "generated": 0, "bbox": {"xmin": 640, "ymin": 304, "ymax": 446, "xmax": 819}}, {"tid": 1, "generated": 0, "bbox": {"xmin": 716, "ymin": 364, "ymax": 440, "xmax": 805}}, {"tid": 6, "generated": 0, "bbox": {"xmin": 94, "ymin": 403, "ymax": 482, "xmax": 185}}], [{"tid": 0, "generated": 0, "bbox": {"xmin": 644, "ymin": 303, "ymax": 444, "xmax": 825}}, {"tid": 1, "generated": 0, "bbox": {"xmin": 720, "ymin": 362, "ymax": 440, "xmax": 808}}, {"tid": 6, "generated": 0, "bbox": {"xmin": 94, "ymin": 403, "ymax": 483, "xmax": 188}}], [{"tid": 0, "generated": 0, "bbox": {"xmin": 648, "ymin": 302, "ymax": 443, "xmax": 832}}, {"tid": 1, "generated": 0, "bbox": {"xmin": 722, "ymin": 361, "ymax": 440, "xmax": 813}}, {"tid": 6, "generated": 0, "bbox": {"xmin": 94, "ymin": 403, "ymax": 484, "xmax": 190}}], [{"tid": 0, "generated": 0, "bbox": {"xmin": 652, "ymin": 302, "ymax": 442, "xmax": 839}}, {"tid": 1, "generated": 0, "bbox": {"xmin": 725, "ymin": 360, "ymax": 440, "xmax": 819}}, {"tid": 6, "generated": 0, "bbox": {"xmin": 94, "ymin": 403, "ymax": 485, "xmax": 193}}], [{"tid": 0, "generated": 0, "bbox": {"xmin": 645, "ymin": 300, "ymax": 444, "xmax": 839}}, {"tid": 1, "generated": 0, "bbox": {"xmin": 731, "ymin": 359, "ymax": 440, "xmax": 822}}, {"tid": 6, "generated": 0, "bbox": {"xmin": 94, "ymin": 403, "ymax": 485, "xmax": 195}}], [{"tid": 0, "generated": 0, "bbox": {"xmin": 654, "ymin": 300, "ymax": 443, "xmax": 844}}, {"tid": 1, "generated": 0, "bbox": {"xmin": 737, "ymin": 359, "ymax": 441, "xmax": 826}}, {"tid": 6, "generated": 0, "bbox": {"xmin": 94, "ymin": 403, "ymax": 485, "xmax": 197}}], [{"tid": 0, "generated": 0, "bbox": {"xmin": 663, "ymin": 300, "ymax": 442, "xmax": 849}}, {"tid": 1, "generated": 0, "bbox": {"xmin": 743, "ymin": 359, "ymax": 442, "xmax": 830}}, {"tid": 6, "generated": 0, "bbox": {"xmin": 94, "ymin": 403, "ymax": 486, "xmax": 199}}], [{"tid": 0, "generated": 0, "bbox": {"xmin": 666, "ymin": 300, "ymax": 442, "xmax": 851}}, {"tid": 1, "generated": 0, "bbox": {"xmin": 748, "ymin": 357, "ymax": 437, "xmax": 833}}, {"tid": 6, "generated": 0, "bbox": {"xmin": 94, "ymin": 403, "ymax": 486, "xmax": 201}}], [{"tid": 0, "generated": 0, "bbox": {"xmin": 670, "ymin": 300, "ymax": 443, "xmax": 854}}, {"tid": 1, "generated": 0, "bbox": {"xmin": 757, "ymin": 357, "ymax": 440, "xmax": 837}}, {"tid": 6, "generated": 0, "bbox": {"xmin": 94, "ymin": 403, "ymax": 487, "xmax": 204}}], [{"tid": 0, "generated": 0, "bbox": {"xmin": 673, "ymin": 300, "ymax": 443, "xmax": 857}}, {"tid": 1, "generated": 0, "bbox": {"xmin": 761, "ymin": 358, "ymax": 439, "xmax": 837}}, {"tid": 6, "generated": 0, "bbox": {"xmin": 99, "ymin": 403, "ymax": 485, "xmax": 204}}], [{"tid": 0, "generated": 0, "bbox": {"xmin": 677, "ymin": 300, "ymax": 444, "xmax": 860}}, {"tid": 1, "generated": 0, "bbox": {"xmin": 766, "ymin": 360, "ymax": 439, "xmax": 837}}, {"tid": 6, "generated": 0, "bbox": {"xmin": 99, "ymin": 403, "ymax": 486, "xmax": 204}}], [{"tid": 0, "generated": 0, "bbox": {"xmin": 691, "ymin": 300, "ymax": 440, "xmax": 865}}, {"tid": 1, "generated": 0, "bbox": {"xmin": 769, "ymin": 359, "ymax": 440, "xmax": 846}}, {"tid": 6, "generated": 0, "bbox": {"xmin": 99, "ymin": 403, "ymax": 487, "xmax": 205}}], [{"tid": 0, "generated": 0, "bbox": {"xmin": 693, "ymin": 300, "ymax": 444, "xmax": 876}}, {"tid": 1, "generated": 0, "bbox": {"xmin": 772, "ymin": 359, "ymax": 440, "xmax": 850}}, {"tid": 6, "generated": 0, "bbox": {"xmin": 99, "ymin": 403, "ymax": 488, "xmax": 206}}], [{"tid": 0, "generated": 0, "bbox": {"xmin": 691, "ymin": 300, "ymax": 442, "xmax": 880}}, {"tid": 1, "generated": 0, "bbox": {"xmin": 775, "ymin": 359, "ymax": 440, "xmax": 855}}, {"tid": 6, "generated": 0, "bbox": {"xmin": 99, "ymin": 403, "ymax": 489, "xmax": 207}}], [{"tid": 0, "generated": 0, "bbox": {"xmin": 691, "ymin": 300, "ymax": 443, "xmax": 884}}, {"tid": 1, "generated": 0, "bbox": {"xmin": 778, "ymin": 359, "ymax": 440, "xmax": 859}}, {"tid": 6, "generated": 0, "bbox": {"xmin": 99, "ymin": 403, "ymax": 490, "xmax": 208}}], [{"tid": 0, "generated": 0, "bbox": {"xmin": 691, "ymin": 300, "ymax": 444, "xmax": 888}}, {"tid": 1, "generated": 0, "bbox": {"xmin": 781, "ymin": 359, "ymax": 440, "xmax": 864}}, {"tid": 6, "generated": 0, "bbox": {"xmin": 102, "ymin": 403, "ymax": 490, "xmax": 207}}], [{"tid": 0, "generated": 0, "bbox": {"xmin": 691, "ymin": 300, "ymax": 446, "xmax": 892}}, {"tid": 1, "generated": 0, "bbox": {"xmin": 784, "ymin": 359, "ymax": 440, "xmax": 869}}, {"tid": 6, "generated": 0, "bbox": {"xmin": 106, "ymin": 403, "ymax": 490, "xmax": 206}}], [{"tid": 0, "generated": 0, "bbox": {"xmin": 697, "ymin": 300, "ymax": 447, "xmax": 895}}, {"tid": 1, "generated": 0, "bbox": {"xmin": 790, "ymin": 359, "ymax": 439, "xmax": 874}}, {"tid": 6, "generated": 0, "bbox": {"xmin": 110, "ymin": 403, "ymax": 490, "xmax": 206}}], [{"tid": 0, "generated": 0, "bbox": {"xmin": 704, "ymin": 300, "ymax": 448, "xmax": 899}}, {"tid": 1, "generated": 0, "bbox": {"xmin": 796, "ymin": 359, "ymax": 439, "xmax": 879}}, {"tid": 6, "generated": 0, "bbox": {"xmin": 119, "ymin": 403, "ymax": 488, "xmax": 223}}], [{"tid": 0, "generated": 0, "bbox": {"xmin": 715, "ymin": 301, "ymax": 444, "xmax": 904}}, {"tid": 1, "generated": 0, "bbox": {"xmin": 802, "ymin": 359, "ymax": 439, "xmax": 884}}, {"tid": 6, "generated": 0, "bbox": {"xmin": 128, "ymin": 403, "ymax": 487, "xmax": 240}}], [], [], [], [], [], [], [], [], [], [], [], [], [], [], [], [{"tid": 0, "generated": 0, "bbox": {"xmin": 800, "ymin": 298, "ymax": 434, "xmax": 982}}, {"tid": 2, "generated": 0, "bbox": {"xmin": 327, "ymin": 352, "ymax": 475, "xmax": 479}}, {"tid": 6, "generated": 0, "bbox": {"xmin": 177, "ymin": 391, "ymax": 488, "xmax": 305}}], [{"tid": 0, "generated": 0, "bbox": {"xmin": 804, "ymin": 298, "ymax": 433, "xmax": 987}}, {"tid": 2, "generated": 0, "bbox": {"xmin": 332, "ymin": 352, "ymax": 475, "xmax": 484}}, {"tid": 6, "generated": 0, "bbox": {"xmin": 177, "ymin": 391, "ymax": 487, "xmax": 312}}], [{"tid": 0, "generated": 0, "bbox": {"xmin": 808, "ymin": 298, "ymax": 432, "xmax": 993}}, {"tid": 2, "generated": 0, "bbox": {"xmin": 337, "ymin": 352, "ymax": 475, "xmax": 489}}, {"tid": 6, "generated": 0, "bbox": {"xmin": 188, "ymin": 391, "ymax": 483, "xmax": 321}}], [{"tid": 0, "generated": 0, "bbox": {"xmin": 809, "ymin": 298, "ymax": 433, "xmax": 996}}, {"tid": 2, "generated": 0, "bbox": {"xmin": 342, "ymin": 352, "ymax": 475, "xmax": 494}}, {"tid": 6, "generated": 0, "bbox": {"xmin": 199, "ymin": 382, "ymax": 483, "xmax": 323}}], [{"tid": 0, "generated": 0, "bbox": {"xmin": 810, "ymin": 298, "ymax": 435, "xmax": 1000}}, {"tid": 2, "generated": 0, "bbox": {"xmin": 348, "ymin": 352, "ymax": 476, "xmax": 499}}, {"tid": 6, "generated": 0, "bbox": {"xmin": 234, "ymin": 382, "ymax": 481, "xmax": 328}}], [{"tid": 0, "generated": 0, "bbox": {"xmin": 812, "ymin": 298, "ymax": 437, "xmax": 1004}}, {"tid": 2, "generated": 0, "bbox": {"xmin": 350, "ymin": 352, "ymax": 472, "xmax": 504}}, {"tid": 6, "generated": 0, "bbox": {"xmin": 234, "ymin": 382, "ymax": 480, "xmax": 331}}], [{"tid": 0, "generated": 0, "bbox": {"xmin": 821, "ymin": 300, "ymax": 434, "xmax": 1002}}, {"tid": 2, "generated": 0, "bbox": {"xmin": 353, "ymin": 351, "ymax": 472, "xmax": 508}}, {"tid": 6, "generated": 0, "bbox": {"xmin": 234, "ymin": 382, "ymax": 480, "xmax": 334}}], [{"tid": 0, "generated": 0, "bbox": {"xmin": 830, "ymin": 302, "ymax": 432, "xmax": 1000}}, {"tid": 2, "generated": 0, "bbox": {"xmin": 357, "ymin": 350, "ymax": 473, "xmax": 513}}, {"tid": 6, "generated": 0, "bbox": {"xmin": 234, "ymin": 382, "ymax": 480, "xmax": 340}}], [{"tid": 0, "generated": 0, "bbox": {"xmin": 839, "ymin": 305, "ymax": 430, "xmax": 999}}, {"tid": 2, "generated": 0, "bbox": {"xmin": 361, "ymin": 350, "ymax": 474, "xmax": 517}}, {"tid": 6, "generated": 0, "bbox": {"xmin": 234, "ymin": 382, "ymax": 481, "xmax": 346}}], [{"tid": 0, "generated": 0, "bbox": {"xmin": 851, "ymin": 307, "ymax": 432, "xmax": 995}}, {"tid": 2, "generated": 0, "bbox": {"xmin": 365, "ymin": 349, "ymax": 474, "xmax": 522}}, {"tid": 6, "generated": 0, "bbox": {"xmin": 234, "ymin": 382, "ymax": 480, "xmax": 352}}], [{"tid": 0, "generated": 0, "bbox": {"xmin": 860, "ymin": 309, "ymax": 432, "xmax": 997}}, {"tid": 2, "generated": 0, "bbox": {"xmin": 369, "ymin": 348, "ymax": 475, "xmax": 526}}, {"tid": 6, "generated": 0, "bbox": {"xmin": 236, "ymin": 382, "ymax": 480, "xmax": 354}}], [{"tid": 0, "generated": 0, "bbox": {"xmin": 863, "ymin": 311, "ymax": 431, "xmax": 1000}}, {"tid": 2, "generated": 0, "bbox": {"xmin": 373, "ymin": 348, "ymax": 476, "xmax": 531}}, {"tid": 6, "generated": 0, "bbox": {"xmin": 238, "ymin": 382, "ymax": 480, "xmax": 357}}], [{"tid": 0, "generated": 0, "bbox": {"xmin": 866, "ymin": 314, "ymax": 430, "xmax": 1003}}, {"tid": 2, "generated": 0, "bbox": {"xmin": 377, "ymin": 347, "ymax": 474, "xmax": 536}}, {"tid": 6, "generated": 0, "bbox": {"xmin": 241, "ymin": 382, "ymax": 480, "xmax": 360}}], [{"tid": 0, "generated": 0, "bbox": {"xmin": 869, "ymin": 317, "ymax": 429, "xmax": 1006}}, {"tid": 2, "generated": 0, "bbox": {"xmin": 381, "ymin": 347, "ymax": 473, "xmax": 541}}, {"tid": 6, "generated": 0, "bbox": {"xmin": 245, "ymin": 382, "ymax": 481, "xmax": 368}}], [{"tid": 0, "generated": 0, "bbox": {"xmin": 872, "ymin": 320, "ymax": 428, "xmax": 1009}}, {"tid": 2, "generated": 0, "bbox": {"xmin": 385, "ymin": 346, "ymax": 472, "xmax": 546}}, {"tid": 6, "generated": 0, "bbox": {"xmin": 252, "ymin": 382, "ymax": 480, "xmax": 376}}], [{"tid": 0, "generated": 0, "bbox": {"xmin": 876, "ymin": 323, "ymax": 428, "xmax": 1013}}, {"tid": 2, "generated": 0, "bbox": {"xmin": 389, "ymin": 346, "ymax": 471, "xmax": 552}}, {"tid": 6, "generated": 0, "bbox": {"xmin": 259, "ymin": 382, "ymax": 480, "xmax": 384}}], [{"tid": 0, "generated": 0, "bbox": {"xmin": 876, "ymin": 322, "ymax": 429, "xmax": 1015}}, {"tid": 2, "generated": 0, "bbox": {"xmin": 408, "ymin": 344, "ymax": 474, "xmax": 558}}, {"tid": 6, "generated": 0, "bbox": {"xmin": 270, "ymin": 382, "ymax": 480, "xmax": 394}}], [{"tid": 0, "generated": 0, "bbox": {"xmin": 876, "ymin": 321, "ymax": 430, "xmax": 1018}}, {"tid": 2, "generated": 0, "bbox": {"xmin": 413, "ymin": 343, "ymax": 473, "xmax": 562}}, {"tid": 6, "generated": 0, "bbox": {"xmin": 271, "ymin": 381, "ymax": 480, "xmax": 397}}], [{"tid": 0, "generated": 0, "bbox": {"xmin": 884, "ymin": 320, "ymax": 429, "xmax": 1023}}, {"tid": 2, "generated": 0, "bbox": {"xmin": 418, "ymin": 342, "ymax": 472, "xmax": 566}}, {"tid": 6, "generated": 0, "bbox": {"xmin": 273, "ymin": 380, "ymax": 480, "xmax": 400}}], [{"tid": 0, "generated": 0, "bbox": {"xmin": 893, "ymin": 320, "ymax": 428, "xmax": 1029}}, {"tid": 2, "generated": 0, "bbox": {"xmin": 424, "ymin": 342, "ymax": 471, "xmax": 570}}, {"tid": 6, "generated": 0, "bbox": {"xmin": 275, "ymin": 380, "ymax": 481, "xmax": 403}}], [{"tid": 0, "generated": 0, "bbox": {"xmin": 901, "ymin": 320, "ymax": 427, "xmax": 1034}}, {"tid": 2, "generated": 0, "bbox": {"xmin": 429, "ymin": 341, "ymax": 470, "xmax": 574}}, {"tid": 6, "generated": 0, "bbox": {"xmin": 275, "ymin": 380, "ymax": 478, "xmax": 408}}], [{"tid": 0, "generated": 0, "bbox": {"xmin": 910, "ymin": 320, "ymax": 426, "xmax": 1040}}, {"tid": 2, "generated": 0, "bbox": {"xmin": 434, "ymin": 341, "ymax": 470, "xmax": 578}}, {"tid": 6, "generated": 0, "bbox": {"xmin": 279, "ymin": 380, "ymax": 481, "xmax": 416}}], [{"tid": 0, "generated": 0, "bbox": {"xmin": 912, "ymin": 320, "ymax": 426, "xmax": 1044}}, {"tid": 2, "generated": 0, "bbox": {"xmin": 440, "ymin": 340, "ymax": 469, "xmax": 582}}, {"tid": 6, "generated": 0, "bbox": {"xmin": 284, "ymin": 380, "ymax": 478, "xmax": 426}}], [{"tid": 0, "generated": 0, "bbox": {"xmin": 914, "ymin": 320, "ymax": 427, "xmax": 1049}}, {"tid": 2, "generated": 0, "bbox": {"xmin": 445, "ymin": 340, "ymax": 468, "xmax": 586}}, {"tid": 6, "generated": 0, "bbox": {"xmin": 290, "ymin": 380, "ymax": 478, "xmax": 430}}], [{"tid": 0, "generated": 0, "bbox": {"xmin": 916, "ymin": 320, "ymax": 427, "xmax": 1054}}, {"tid": 2, "generated": 0, "bbox": {"xmin": 450, "ymin": 339, "ymax": 467, "xmax": 590}}, {"tid": 6, "generated": 0, "bbox": {"xmin": 296, "ymin": 380, "ymax": 478, "xmax": 435}}], [{"tid": 0, "generated": 0, "bbox": {"xmin": 919, "ymin": 320, "ymax": 428, "xmax": 1059}}, {"tid": 2, "generated": 0, "bbox": {"xmin": 456, "ymin": 339, "ymax": 467, "xmax": 595}}, {"tid": 6, "generated": 0, "bbox": {"xmin": 304, "ymin": 380, "ymax": 476, "xmax": 435}}], [{"tid": 0, "generated": 0, "bbox": {"xmin": 921, "ymin": 319, "ymax": 429, "xmax": 1060}}, {"tid": 2, "generated": 0, "bbox": {"xmin": 460, "ymin": 338, "ymax": 467, "xmax": 603}}, {"tid": 6, "generated": 0, "bbox": {"xmin": 318, "ymin": 380, "ymax": 476, "xmax": 444}}], [{"tid": 0, "generated": 0, "bbox": {"xmin": 924, "ymin": 318, "ymax": 430, "xmax": 1061}}, {"tid": 2, "generated": 0, "bbox": {"xmin": 465, "ymin": 337, "ymax": 467, "xmax": 611}}, {"tid": 6, "generated": 0, "bbox": {"xmin": 320, "ymin": 380, "ymax": 474, "xmax": 451}}], [{"tid": 0, "generated": 0, "bbox": {"xmin": 926, "ymin": 317, "ymax": 428, "xmax": 1062}}, {"tid": 2, "generated": 0, "bbox": {"xmin": 464, "ymin": 337, "ymax": 467, "xmax": 616}}, {"tid": 6, "generated": 0, "bbox": {"xmin": 334, "ymin": 380, "ymax": 472, "xmax": 451}}], [{"tid": 0, "generated": 0, "bbox": {"xmin": 928, "ymin": 316, "ymax": 426, "xmax": 1063}}, {"tid": 2, "generated": 0, "bbox": {"xmin": 465, "ymin": 337, "ymax": 471, "xmax": 618}}, {"tid": 6, "generated": 0, "bbox": {"xmin": 338, "ymin": 380, "ymax": 473, "xmax": 450}}], [], [], [], [], [], [], [], [], [], [], [], [], [], [], [], [], [], [], [], [], [], [], [], [], [], [], [], [], [], [], [{"tid": 2, "generated": 0, "bbox": {"xmin": 615, "ymin": 332, "ymax": 458, "xmax": 764}}, {"tid": 6, "generated": 0, "bbox": {"xmin": 670, "ymin": 371, "ymax": 451, "xmax": 771}}], [{"tid": 2, "generated": 0, "bbox": {"xmin": 615, "ymin": 327, "ymax": 455, "xmax": 760}}, {"tid": 6, "generated": 0, "bbox": {"xmin": 677, "ymin": 371, "ymax": 451, "xmax": 778}}], [{"tid": 2, "generated": 0, "bbox": {"xmin": 616, "ymin": 327, "ymax": 455, "xmax": 764}}, {"tid": 6, "generated": 0, "bbox": {"xmin": 679, "ymin": 368, "ymax": 449, "xmax": 787}}], [{"tid": 2, "generated": 0, "bbox": {"xmin": 618, "ymin": 327, "ymax": 455, "xmax": 769}}, {"tid": 6, "generated": 0, "bbox": {"xmin": 679, "ymin": 368, "ymax": 448, "xmax": 792}}], [{"tid": 2, "generated": 0, "bbox": {"xmin": 620, "ymin": 327, "ymax": 455, "xmax": 773}}, {"tid": 6, "generated": 0, "bbox": {"xmin": 711, "ymin": 357, "ymax": 448, "xmax": 807}}], [{"tid": 2, "generated": 0, "bbox": {"xmin": 622, "ymin": 328, "ymax": 455, "xmax": 778}}, {"tid": 6, "generated": 0, "bbox": {"xmin": 716, "ymin": 357, "ymax": 448, "xmax": 812}}], [{"tid": 2, "generated": 0, "bbox": {"xmin": 627, "ymin": 327, "ymax": 453, "xmax": 782}}, {"tid": 6, "generated": 0, "bbox": {"xmin": 721, "ymin": 357, "ymax": 448, "xmax": 817}}], [{"tid": 2, "generated": 0, "bbox": {"xmin": 632, "ymin": 327, "ymax": 453, "xmax": 787}}, {"tid": 6, "generated": 0, "bbox": {"xmin": 721, "ymin": 355, "ymax": 444, "xmax": 830}}], [{"tid": 2, "generated": 0, "bbox": {"xmin": 641, "ymin": 327, "ymax": 451, "xmax": 791}}, {"tid": 6, "generated": 0, "bbox": {"xmin": 725, "ymin": 352, "ymax": 446, "xmax": 842}}], [{"tid": 2, "generated": 0, "bbox": {"xmin": 650, "ymin": 327, "ymax": 451, "xmax": 796}}, {"tid": 6, "generated": 0, "bbox": {"xmin": 744, "ymin": 346, "ymax": 448, "xmax": 860}}], [{"tid": 2, "generated": 0, "bbox": {"xmin": 661, "ymin": 327, "ymax": 451, "xmax": 801}}, {"tid": 6, "generated": 0, "bbox": {"xmin": 753, "ymin": 348, "ymax": 446, "xmax": 867}}], [{"tid": 2, "generated": 0, "bbox": {"xmin": 663, "ymin": 325, "ymax": 448, "xmax": 791}}, {"tid": 6, "generated": 0, "bbox": {"xmin": 756, "ymin": 349, "ymax": 447, "xmax": 870}}], [{"tid": 2, "generated": 0, "bbox": {"xmin": 664, "ymin": 325, "ymax": 449, "xmax": 796}}, {"tid": 6, "generated": 0, "bbox": {"xmin": 760, "ymin": 350, "ymax": 448, "xmax": 874}}], [{"tid": 2, "generated": 0, "bbox": {"xmin": 668, "ymin": 325, "ymax": 453, "xmax": 810}}, {"tid": 6, "generated": 0, "bbox": {"xmin": 764, "ymin": 350, "ymax": 446, "xmax": 883}}], [{"tid": 2, "generated": 0, "bbox": {"xmin": 672, "ymin": 325, "ymax": 451, "xmax": 817}}, {"tid": 6, "generated": 0, "bbox": {"xmin": 773, "ymin": 350, "ymax": 446, "xmax": 892}}], [{"tid": 2, "generated": 0, "bbox": {"xmin": 675, "ymin": 325, "ymax": 449, "xmax": 824}}, {"tid": 3, "generated": 0, "bbox": {"xmin": 0, "ymin": 375, "ymax": 481, "xmax": 101}}, {"tid": 6, "generated": 0, "bbox": {"xmin": 787, "ymin": 346, "ymax": 442, "xmax": 906}}], [{"tid": 2, "generated": 0, "bbox": {"xmin": 679, "ymin": 325, "ymax": 453, "xmax": 830}}, {"tid": 3, "generated": 0, "bbox": {"xmin": 0, "ymin": 375, "ymax": 479, "xmax": 106}}, {"tid": 6, "generated": 0, "bbox": {"xmin": 801, "ymin": 344, "ymax": 442, "xmax": 908}}], [{"tid": 2, "generated": 0, "bbox": {"xmin": 679, "ymin": 325, "ymax": 451, "xmax": 833}}, {"tid": 3, "generated": 0, "bbox": {"xmin": 0, "ymin": 375, "ymax": 477, "xmax": 111}}, {"tid": 6, "generated": 0, "bbox": {"xmin": 802, "ymin": 344, "ymax": 442, "xmax": 909}}], [{"tid": 2, "generated": 0, "bbox": {"xmin": 677, "ymin": 325, "ymax": 453, "xmax": 833}}, {"tid": 3, "generated": 0, "bbox": {"xmin": 1, "ymin": 376, "ymax": 476, "xmax": 117}}, {"tid": 6, "generated": 0, "bbox": {"xmin": 803, "ymin": 344, "ymax": 442, "xmax": 910}}], [{"tid": 2, "generated": 0, "bbox": {"xmin": 682, "ymin": 325, "ymax": 451, "xmax": 837}}, {"tid": 3, "generated": 0, "bbox": {"xmin": 3, "ymin": 376, "ymax": 474, "xmax": 124}}, {"tid": 6, "generated": 0, "bbox": {"xmin": 807, "ymin": 337, "ymax": 439, "xmax": 919}}], [{"tid": 2, "generated": 0, "bbox": {"xmin": 688, "ymin": 325, "ymax": 451, "xmax": 840}}, {"tid": 3, "generated": 0, "bbox": {"xmin": 7, "ymin": 376, "ymax": 472, "xmax": 144}}, {"tid": 6, "generated": 0, "bbox": {"xmin": 816, "ymin": 336, "ymax": 437, "xmax": 928}}], [{"tid": 2, "generated": 0, "bbox": {"xmin": 693, "ymin": 325, "ymax": 451, "xmax": 844}}, {"tid": 3, "generated": 0, "bbox": {"xmin": 10, "ymin": 376, "ymax": 472, "xmax": 149}}, {"tid": 6, "generated": 0, "bbox": {"xmin": 819, "ymin": 339, "ymax": 439, "xmax": 936}}], [{"tid": 2, "generated": 0, "bbox": {"xmin": 699, "ymin": 325, "ymax": 450, "xmax": 847}}, {"tid": 3, "generated": 0, "bbox": {"xmin": 14, "ymin": 373, "ymax": 471, "xmax": 158}}, {"tid": 6, "generated": 0, "bbox": {"xmin": 819, "ymin": 339, "ymax": 437, "xmax": 945}}], [{"tid": 2, "generated": 0, "bbox": {"xmin": 705, "ymin": 325, "ymax": 449, "xmax": 851}}, {"tid": 3, "generated": 0, "bbox": {"xmin": 25, "ymin": 374, "ymax": 473, "xmax": 157}}, {"tid": 6, "generated": 0, "bbox": {"xmin": 823, "ymin": 340, "ymax": 438, "xmax": 951}}], [{"tid": 2, "generated": 0, "bbox": {"xmin": 711, "ymin": 326, "ymax": 449, "xmax": 855}}, {"tid": 3, "generated": 0, "bbox": {"xmin": 37, "ymin": 375, "ymax": 476, "xmax": 156}}, {"tid": 6, "generated": 0, "bbox": {"xmin": 828, "ymin": 341, "ymax": 440, "xmax": 958}}], [{"tid": 2, "generated": 0, "bbox": {"xmin": 718, "ymin": 327, "ymax": 449, "xmax": 860}}, {"tid": 3, "generated": 0, "bbox": {"xmin": 49, "ymin": 376, "ymax": 481, "xmax": 183}}, {"tid": 6, "generated": 0, "bbox": {"xmin": 839, "ymin": 339, "ymax": 437, "xmax": 958}}], [{"tid": 2, "generated": 0, "bbox": {"xmin": 719, "ymin": 326, "ymax": 449, "xmax": 863}}, {"tid": 3, "generated": 0, "bbox": {"xmin": 69, "ymin": 375, "ymax": 476, "xmax": 192}}, {"tid": 6, "generated": 0, "bbox": {"xmin": 846, "ymin": 339, "ymax": 437, "xmax": 965}}], [{"tid": 2, "generated": 0, "bbox": {"xmin": 721, "ymin": 325, "ymax": 449, "xmax": 867}}, {"tid": 3, "generated": 0, "bbox": {"xmin": 81, "ymin": 373, "ymax": 487, "xmax": 211}}, {"tid": 6, "generated": 0, "bbox": {"xmin": 846, "ymin": 339, "ymax": 433, "xmax": 970}}], [{"tid": 2, "generated": 0, "bbox": {"xmin": 723, "ymin": 324, "ymax": 449, "xmax": 871}}, {"tid": 3, "generated": 0, "bbox": {"xmin": 91, "ymin": 373, "ymax": 487, "xmax": 222}}, {"tid": 6, "generated": 0, "bbox": {"xmin": 849, "ymin": 339, "ymax": 440, "xmax": 977}}], [{"tid": 2, "generated": 0, "bbox": {"xmin": 725, "ymin": 324, "ymax": 449, "xmax": 874}}, {"tid": 3, "generated": 0, "bbox": {"xmin": 101, "ymin": 373, "ymax": 487, "xmax": 233}}, {"tid": 6, "generated": 0, "bbox": {"xmin": 850, "ymin": 334, "ymax": 438, "xmax": 981}}], [{"tid": 2, "generated": 0, "bbox": {"xmin": 727, "ymin": 323, "ymax": 449, "xmax": 878}}, {"tid": 3, "generated": 0, "bbox": {"xmin": 111, "ymin": 373, "ymax": 487, "xmax": 245}}, {"tid": 6, "generated": 0, "bbox": {"xmin": 851, "ymin": 330, "ymax": 437, "xmax": 986}}], [{"tid": 2, "generated": 0, "bbox": {"xmin": 729, "ymin": 322, "ymax": 449, "xmax": 882}}, {"tid": 3, "generated": 0, "bbox": {"xmin": 121, "ymin": 373, "ymax": 487, "xmax": 256}}, {"tid": 6, "generated": 0, "bbox": {"xmin": 851, "ymin": 330, "ymax": 439, "xmax": 990}}], [{"tid": 2, "generated": 0, "bbox": {"xmin": 731, "ymin": 322, "ymax": 449, "xmax": 885}}, {"tid": 3, "generated": 0, "bbox": {"xmin": 131, "ymin": 373, "ymax": 487, "xmax": 268}}, {"tid": 6, "generated": 0, "bbox": {"xmin": 858, "ymin": 334, "ymax": 442, "xmax": 997}}], [{"tid": 2, "generated": 0, "bbox": {"xmin": 733, "ymin": 321, "ymax": 449, "xmax": 889}}, {"tid": 3, "generated": 0, "bbox": {"xmin": 137, "ymin": 373, "ymax": 484, "xmax": 275}}, {"tid": 6, "generated": 0, "bbox": {"xmin": 867, "ymin": 334, "ymax": 442, "xmax": 1006}}], [{"tid": 2, "generated": 0, "bbox": {"xmin": 735, "ymin": 320, "ymax": 449, "xmax": 893}}, {"tid": 3, "generated": 0, "bbox": {"xmin": 143, "ymin": 373, "ymax": 482, "xmax": 283}}, {"tid": 6, "generated": 0, "bbox": {"xmin": 874, "ymin": 334, "ymax": 440, "xmax": 1008}}], [{"tid": 2, "generated": 0, "bbox": {"xmin": 737, "ymin": 320, "ymax": 449, "xmax": 897}}, {"tid": 3, "generated": 0, "bbox": {"xmin": 149, "ymin": 373, "ymax": 480, "xmax": 291}}, {"tid": 6, "generated": 0, "bbox": {"xmin": 879, "ymin": 332, "ymax": 438, "xmax": 1013}}], [{"tid": 2, "generated": 0, "bbox": {"xmin": 745, "ymin": 319, "ymax": 446, "xmax": 902}}, {"tid": 3, "generated": 0, "bbox": {"xmin": 156, "ymin": 371, "ymax": 482, "xmax": 304}}, {"tid": 6, "generated": 0, "bbox": {"xmin": 885, "ymin": 330, "ymax": 437, "xmax": 1018}}], [{"tid": 2, "generated": 0, "bbox": {"xmin": 753, "ymin": 318, "ymax": 444, "xmax": 908}}, {"tid": 3, "generated": 0, "bbox": {"xmin": 164, "ymin": 370, "ymax": 484, "xmax": 317}}, {"tid": 6, "generated": 0, "bbox": {"xmin": 887, "ymin": 330, "ymax": 437, "xmax": 1020}}], [{"tid": 2, "generated": 0, "bbox": {"xmin": 768, "ymin": 316, "ymax": 440, "xmax": 913}}, {"tid": 3, "generated": 0, "bbox": {"xmin": 172, "ymin": 369, "ymax": 487, "xmax": 330}}, {"tid": 6, "generated": 0, "bbox": {"xmin": 901, "ymin": 332, "ymax": 437, "xmax": 1016}}], [{"tid": 2, "generated": 0, "bbox": {"xmin": 771, "ymin": 316, "ymax": 442, "xmax": 916}}, {"tid": 3, "generated": 0, "bbox": {"xmin": 184, "ymin": 368, "ymax": 488, "xmax": 339}}, {"tid": 6, "generated": 0, "bbox": {"xmin": 902, "ymin": 332, "ymax": 436, "xmax": 1022}}], [{"tid": 2, "generated": 0, "bbox": {"xmin": 775, "ymin": 316, "ymax": 444, "xmax": 919}}, {"tid": 3, "generated": 0, "bbox": {"xmin": 197, "ymin": 368, "ymax": 490, "xmax": 348}}, {"tid": 6, "generated": 0, "bbox": {"xmin": 904, "ymin": 332, "ymax": 435, "xmax": 1029}}], [{"tid": 2, "generated": 0, "bbox": {"xmin": 776, "ymin": 316, "ymax": 444, "xmax": 924}}, {"tid": 3, "generated": 0, "bbox": {"xmin": 209, "ymin": 366, "ymax": 483, "xmax": 352}}, {"tid": 6, "generated": 0, "bbox": {"xmin": 905, "ymin": 332, "ymax": 435, "xmax": 1030}}], [{"tid": 2, "generated": 0, "bbox": {"xmin": 778, "ymin": 316, "ymax": 444, "xmax": 930}}, {"tid": 3, "generated": 0, "bbox": {"xmin": 221, "ymin": 365, "ymax": 484, "xmax": 363}}, {"tid": 6, "generated": 0, "bbox": {"xmin": 906, "ymin": 332, "ymax": 435, "xmax": 1031}}], [{"tid": 2, "generated": 0, "bbox": {"xmin": 780, "ymin": 316, "ymax": 444, "xmax": 935}}, {"tid": 3, "generated": 0, "bbox": {"xmin": 234, "ymin": 364, "ymax": 485, "xmax": 374}}, {"tid": 6, "generated": 0, "bbox": {"xmin": 908, "ymin": 332, "ymax": 435, "xmax": 1032}}], [{"tid": 2, "generated": 0, "bbox": {"xmin": 782, "ymin": 316, "ymax": 444, "xmax": 941}}, {"tid": 3, "generated": 0, "bbox": {"xmin": 247, "ymin": 364, "ymax": 487, "xmax": 385}}, {"tid": 6, "generated": 0, "bbox": {"xmin": 915, "ymin": 332, "ymax": 435, "xmax": 1040}}], [{"tid": 2, "generated": 0, "bbox": {"xmin": 784, "ymin": 316, "ymax": 444, "xmax": 947}}, {"tid": 3, "generated": 0, "bbox": {"xmin": 259, "ymin": 364, "ymax": 476, "xmax": 398}}, {"tid": 4, "generated": 0, "bbox": {"xmin": 124, "ymin": 412, "ymax": 487, "xmax": 216}}, {"tid": 6, "generated": 0, "bbox": {"xmin": 920, "ymin": 332, "ymax": 433, "xmax": 1040}}], [{"tid": 2, "generated": 0, "bbox": {"xmin": 787, "ymin": 314, "ymax": 442, "xmax": 951}}, {"tid": 3, "generated": 0, "bbox": {"xmin": 272, "ymin": 362, "ymax": 481, "xmax": 412}}, {"tid": 4, "generated": 0, "bbox": {"xmin": 126, "ymin": 412, "ymax": 488, "xmax": 214}}, {"tid": 6, "generated": 0, "bbox": {"xmin": 929, "ymin": 332, "ymax": 432, "xmax": 1040}}], [{"tid": 2, "generated": 0, "bbox": {"xmin": 792, "ymin": 314, "ymax": 440, "xmax": 953}}, {"tid": 3, "generated": 0, "bbox": {"xmin": 272, "ymin": 362, "ymax": 481, "xmax": 414}}, {"tid": 4, "generated": 0, "bbox": {"xmin": 129, "ymin": 412, "ymax": 490, "xmax": 213}}, {"tid": 6, "generated": 0, "bbox": {"xmin": 934, "ymin": 332, "ymax": 431, "xmax": 1040}}], [{"tid": 2, "generated": 0, "bbox": {"xmin": 798, "ymin": 314, "ymax": 439, "xmax": 956}}, {"tid": 3, "generated": 0, "bbox": {"xmin": 275, "ymin": 360, "ymax": 480, "xmax": 426}}, {"tid": 4, "generated": 0, "bbox": {"xmin": 142, "ymin": 410, "ymax": 488, "xmax": 236}}, {"tid": 6, "generated": 0, "bbox": {"xmin": 940, "ymin": 332, "ymax": 430, "xmax": 1040}}], [{"tid": 2, "generated": 0, "bbox": {"xmin": 805, "ymin": 314, "ymax": 439, "xmax": 960}}, {"tid": 3, "generated": 0, "bbox": {"xmin": 286, "ymin": 359, "ymax": 480, "xmax": 433}}, {"tid": 4, "generated": 0, "bbox": {"xmin": 154, "ymin": 408, "ymax": 490, "xmax": 247}}, {"tid": 6, "generated": 0, "bbox": {"xmin": 940, "ymin": 332, "ymax": 430, "xmax": 1047}}], [{"tid": 2, "generated": 0, "bbox": {"xmin": 814, "ymin": 314, "ymax": 439, "xmax": 963}}, {"tid": 3, "generated": 0, "bbox": {"xmin": 297, "ymin": 359, "ymax": 480, "xmax": 441}}, {"tid": 4, "generated": 0, "bbox": {"xmin": 165, "ymin": 407, "ymax": 488, "xmax": 263}}, {"tid": 6, "generated": 0, "bbox": {"xmin": 940, "ymin": 332, "ymax": 430, "xmax": 1052}}], [{"tid": 2, "generated": 0, "bbox": {"xmin": 821, "ymin": 316, "ymax": 444, "xmax": 970}}, {"tid": 3, "generated": 0, "bbox": {"xmin": 309, "ymin": 359, "ymax": 480, "xmax": 449}}, {"tid": 4, "generated": 0, "bbox": {"xmin": 176, "ymin": 407, "ymax": 486, "xmax": 279}}, {"tid": 6, "generated": 0, "bbox": {"xmin": 945, "ymin": 332, "ymax": 430, "xmax": 1056}}], [{"tid": 2, "generated": 0, "bbox": {"xmin": 823, "ymin": 314, "ymax": 442, "xmax": 972}}, {"tid": 3, "generated": 0, "bbox": {"xmin": 320, "ymin": 364, "ymax": 478, "xmax": 446}}, {"tid": 4, "generated": 0, "bbox": {"xmin": 188, "ymin": 407, "ymax": 485, "xmax": 296}}, {"tid": 6, "generated": 0, "bbox": {"xmin": 954, "ymin": 332, "ymax": 428, "xmax": 1064}}], [{"tid": 2, "generated": 0, "bbox": {"xmin": 826, "ymin": 314, "ymax": 440, "xmax": 974}}, {"tid": 3, "generated": 0, "bbox": {"xmin": 330, "ymin": 369, "ymax": 480, "xmax": 444}}, {"tid": 4, "generated": 0, "bbox": {"xmin": 192, "ymin": 408, "ymax": 487, "xmax": 302}}, {"tid": 6, "generated": 0, "bbox": {"xmin": 954, "ymin": 332, "ymax": 428, "xmax": 1067}}], [{"tid": 2, "generated": 0, "bbox": {"xmin": 828, "ymin": 314, "ymax": 440, "xmax": 981}}, {"tid": 3, "generated": 0, "bbox": {"xmin": 341, "ymin": 364, "ymax": 480, "xmax": 474}}, {"tid": 4, "generated": 0, "bbox": {"xmin": 229, "ymin": 407, "ymax": 485, "xmax": 314}}, {"tid": 6, "generated": 0, "bbox": {"xmin": 954, "ymin": 332, "ymax": 428, "xmax": 1070}}], [{"tid": 2, "generated": 0, "bbox": {"xmin": 832, "ymin": 314, "ymax": 440, "xmax": 990}}, {"tid": 3, "generated": 0, "bbox": {"xmin": 352, "ymin": 359, "ymax": 476, "xmax": 488}}, {"tid": 4, "generated": 0, "bbox": {"xmin": 231, "ymin": 407, "ymax": 480, "xmax": 328}}, {"tid": 6, "generated": 0, "bbox": {"xmin": 958, "ymin": 332, "ymax": 424, "xmax": 1073}}], [{"tid": 2, "generated": 0, "bbox": {"xmin": 834, "ymin": 314, "ymax": 439, "xmax": 995}}, {"tid": 3, "generated": 0, "bbox": {"xmin": 362, "ymin": 352, "ymax": 481, "xmax": 494}}, {"tid": 4, "generated": 0, "bbox": {"xmin": 234, "ymin": 405, "ymax": 483, "xmax": 336}}, {"tid": 6, "generated": 0, "bbox": {"xmin": 958, "ymin": 332, "ymax": 432, "xmax": 1072}}], [{"tid": 2, "generated": 0, "bbox": {"xmin": 837, "ymin": 314, "ymax": 439, "xmax": 1000}}, {"tid": 3, "generated": 0, "bbox": {"xmin": 369, "ymin": 352, "ymax": 481, "xmax": 510}}, {"tid": 4, "generated": 0, "bbox": {"xmin": 248, "ymin": 403, "ymax": 483, "xmax": 344}}, {"tid": 6, "generated": 0, "bbox": {"xmin": 972, "ymin": 332, "ymax": 426, "xmax": 1075}}], [{"tid": 2, "generated": 0, "bbox": {"xmin": 839, "ymin": 314, "ymax": 439, "xmax": 1004}}, {"tid": 3, "generated": 0, "bbox": {"xmin": 373, "ymin": 352, "ymax": 474, "xmax": 524}}, {"tid": 4, "generated": 0, "bbox": {"xmin": 254, "ymin": 400, "ymax": 480, "xmax": 355}}, {"tid": 6, "generated": 0, "bbox": {"xmin": 979, "ymin": 332, "ymax": 428, "xmax": 1082}}], [{"tid": 2, "generated": 0, "bbox": {"xmin": 841, "ymin": 314, "ymax": 440, "xmax": 1005}}, {"tid": 3, "generated": 0, "bbox": {"xmin": 378, "ymin": 352, "ymax": 478, "xmax": 531}}, {"tid": 4, "generated": 0, "bbox": {"xmin": 254, "ymin": 403, "ymax": 485, "xmax": 355}}, {"tid": 6, "generated": 0, "bbox": {"xmin": 984, "ymin": 337, "ymax": 427, "xmax": 1084}}], [{"tid": 2, "generated": 0, "bbox": {"xmin": 844, "ymin": 314, "ymax": 442, "xmax": 1006}}, {"tid": 3, "generated": 0, "bbox": {"xmin": 398, "ymin": 352, "ymax": 474, "xmax": 542}}, {"tid": 4, "generated": 0, "bbox": {"xmin": 267, "ymin": 403, "ymax": 483, "xmax": 369}}, {"tid": 6, "generated": 0, "bbox": {"xmin": 990, "ymin": 343, "ymax": 426, "xmax": 1086}}], [{"tid": 2, "generated": 0, "bbox": {"xmin": 852, "ymin": 314, "ymax": 440, "xmax": 1010}}, {"tid": 3, "generated": 0, "bbox": {"xmin": 409, "ymin": 352, "ymax": 472, "xmax": 550}}, {"tid": 4, "generated": 0, "bbox": {"xmin": 280, "ymin": 403, "ymax": 482, "xmax": 383}}, {"tid": 6, "generated": 0, "bbox": {"xmin": 990, "ymin": 344, "ymax": 430, "xmax": 1084}}], [{"tid": 2, "generated": 0, "bbox": {"xmin": 860, "ymin": 314, "ymax": 439, "xmax": 1015}}, {"tid": 3, "generated": 0, "bbox": {"xmin": 420, "ymin": 352, "ymax": 470, "xmax": 559}}, {"tid": 4, "generated": 0, "bbox": {"xmin": 293, "ymin": 403, "ymax": 481, "xmax": 397}}, {"tid": 6, "generated": 0, "bbox": {"xmin": 993, "ymin": 339, "ymax": 428, "xmax": 1095}}], [{"tid": 2, "generated": 0, "bbox": {"xmin": 869, "ymin": 314, "ymax": 437, "xmax": 1020}}, {"tid": 3, "generated": 0, "bbox": {"xmin": 432, "ymin": 352, "ymax": 469, "xmax": 568}}, {"tid": 4, "generated": 0, "bbox": {"xmin": 306, "ymin": 403, "ymax": 480, "xmax": 411}}, {"tid": 6, "generated": 0, "bbox": {"xmin": 993, "ymin": 337, "ymax": 428, "xmax": 1102}}], [{"tid": 2, "generated": 0, "bbox": {"xmin": 878, "ymin": 314, "ymax": 436, "xmax": 1025}}, {"tid": 3, "generated": 0, "bbox": {"xmin": 450, "ymin": 352, "ymax": 465, "xmax": 579}}, {"tid": 4, "generated": 0, "bbox": {"xmin": 319, "ymin": 403, "ymax": 479, "xmax": 425}}, {"tid": 6, "generated": 0, "bbox": {"xmin": 997, "ymin": 336, "ymax": 433, "xmax": 1100}}], [{"tid": 2, "generated": 0, "bbox": {"xmin": 887, "ymin": 314, "ymax": 435, "xmax": 1031}}, {"tid": 3, "generated": 0, "bbox": {"xmin": 469, "ymin": 352, "ymax": 462, "xmax": 590}}, {"tid": 4, "generated": 0, "bbox": {"xmin": 332, "ymin": 403, "ymax": 478, "xmax": 439}}, {"tid": 6, "generated": 0, "bbox": {"xmin": 1000, "ymin": 336, "ymax": 432, "xmax": 1098}}], [{"tid": 2, "generated": 0, "bbox": {"xmin": 887, "ymin": 318, "ymax": 436, "xmax": 1026}}, {"tid": 3, "generated": 0, "bbox": {"xmin": 473, "ymin": 351, "ymax": 464, "xmax": 595}}, {"tid": 4, "generated": 0, "bbox": {"xmin": 341, "ymin": 402, "ymax": 476, "xmax": 443}}, {"tid": 6, "generated": 0, "bbox": {"xmin": 1004, "ymin": 336, "ymax": 430, "xmax": 1099}}], [{"tid": 2, "generated": 0, "bbox": {"xmin": 888, "ymin": 323, "ymax": 437, "xmax": 1022}}, {"tid": 3, "generated": 0, "bbox": {"xmin": 478, "ymin": 350, "ymax": 467, "xmax": 600}}, {"tid": 4, "generated": 0, "bbox": {"xmin": 350, "ymin": 401, "ymax": 474, "xmax": 448}}, {"tid": 6, "generated": 0, "bbox": {"xmin": 1008, "ymin": 337, "ymax": 428, "xmax": 1100}}], [{"tid": 2, "generated": 0, "bbox": {"xmin": 888, "ymin": 321, "ymax": 433, "xmax": 1025}}, {"tid": 3, "generated": 0, "bbox": {"xmin": 469, "ymin": 346, "ymax": 467, "xmax": 611}}, {"tid": 4, "generated": 0, "bbox": {"xmin": 359, "ymin": 401, "ymax": 478, "xmax": 451}}, {"tid": 6, "generated": 0, "bbox": {"xmin": 1013, "ymin": 337, "ymax": 426, "xmax": 1096}}], [{"tid": 2, "generated": 0, "bbox": {"xmin": 892, "ymin": 322, "ymax": 434, "xmax": 1027}}, {"tid": 3, "generated": 0, "bbox": {"xmin": 474, "ymin": 346, "ymax": 465, "xmax": 616}}, {"tid": 4, "generated": 0, "bbox": {"xmin": 369, "ymin": 400, "ymax": 476, "xmax": 455}}, {"tid": 6, "generated": 0, "bbox": {"xmin": 1020, "ymin": 344, "ymax": 428, "xmax": 1098}}], [{"tid": 2, "generated": 0, "bbox": {"xmin": 896, "ymin": 323, "ymax": 435, "xmax": 1029}}, {"tid": 3, "generated": 0, "bbox": {"xmin": 480, "ymin": 346, "ymax": 464, "xmax": 622}}, {"tid": 4, "generated": 0, "bbox": {"xmin": 378, "ymin": 410, "ymax": 474, "xmax": 453}}, {"tid": 6, "generated": 0, "bbox": {"xmin": 1027, "ymin": 343, "ymax": 424, "xmax": 1098}}], [{"tid": 2, "generated": 0, "bbox": {"xmin": 902, "ymin": 322, "ymax": 434, "xmax": 1036}}, {"tid": 3, "generated": 0, "bbox": {"xmin": 487, "ymin": 346, "ymax": 464, "xmax": 629}}, {"tid": 4, "generated": 0, "bbox": {"xmin": 387, "ymin": 387, "ymax": 481, "xmax": 488}}, {"tid": 6, "generated": 0, "bbox": {"xmin": 1032, "ymin": 343, "ymax": 424, "xmax": 1098}}], [{"tid": 2, "generated": 0, "bbox": {"xmin": 908, "ymin": 321, "ymax": 434, "xmax": 1043}}, {"tid": 3, "generated": 0, "bbox": {"xmin": 493, "ymin": 346, "ymax": 464, "xmax": 636}}, {"tid": 4, "generated": 0, "bbox": {"xmin": 396, "ymin": 390, "ymax": 479, "xmax": 498}}, {"tid": 6, "generated": 0, "bbox": {"xmin": 1032, "ymin": 343, "ymax": 424, "xmax": 1096}}], [{"tid": 2, "generated": 0, "bbox": {"xmin": 915, "ymin": 320, "ymax": 433, "xmax": 1051}}, {"tid": 3, "generated": 0, "bbox": {"xmin": 500, "ymin": 346, "ymax": 464, "xmax": 642}}, {"tid": 4, "generated": 0, "bbox": {"xmin": 405, "ymin": 394, "ymax": 478, "xmax": 509}}, {"tid": 6, "generated": 0, "bbox": {"xmin": 1032, "ymin": 343, "ymax": 424, "xmax": 1095}}], [{"tid": 2, "generated": 0, "bbox": {"xmin": 921, "ymin": 319, "ymax": 433, "xmax": 1058}}, {"tid": 3, "generated": 0, "bbox": {"xmin": 506, "ymin": 346, "ymax": 464, "xmax": 649}}, {"tid": 4, "generated": 0, "bbox": {"xmin": 414, "ymin": 397, "ymax": 477, "xmax": 520}}, {"tid": 6, "generated": 0, "bbox": {"xmin": 1033, "ymin": 348, "ymax": 426, "xmax": 1095}}], [], [], [], [], [], [], [], [], [], [], [], [], [], [], [], [{"tid": 3, "generated": 0, "bbox": {"xmin": 600, "ymin": 334, "ymax": 455, "xmax": 753}}, {"tid": 4, "generated": 0, "bbox": {"xmin": 564, "ymin": 382, "ymax": 460, "xmax": 647}}, {"tid": 5, "generated": 0, "bbox": {"xmin": 232, "ymin": 400, "ymax": 487, "xmax": 346}}], [{"tid": 3, "generated": 0, "bbox": {"xmin": 606, "ymin": 333, "ymax": 455, "xmax": 758}}, {"tid": 4, "generated": 0, "bbox": {"xmin": 571, "ymin": 382, "ymax": 460, "xmax": 653}}, {"tid": 5, "generated": 0, "bbox": {"xmin": 234, "ymin": 400, "ymax": 485, "xmax": 355}}], [{"tid": 3, "generated": 0, "bbox": {"xmin": 613, "ymin": 332, "ymax": 455, "xmax": 763}}, {"tid": 4, "generated": 0, "bbox": {"xmin": 577, "ymin": 382, "ymax": 460, "xmax": 659}}, {"tid": 5, "generated": 0, "bbox": {"xmin": 234, "ymin": 400, "ymax": 487, "xmax": 360}}], [{"tid": 3, "generated": 0, "bbox": {"xmin": 619, "ymin": 331, "ymax": 455, "xmax": 768}}, {"tid": 4, "generated": 0, "bbox": {"xmin": 584, "ymin": 382, "ymax": 460, "xmax": 665}}, {"tid": 5, "generated": 0, "bbox": {"xmin": 249, "ymin": 400, "ymax": 485, "xmax": 370}}], [{"tid": 3, "generated": 0, "bbox": {"xmin": 625, "ymin": 330, "ymax": 455, "xmax": 773}}, {"tid": 4, "generated": 0, "bbox": {"xmin": 590, "ymin": 382, "ymax": 460, "xmax": 671}}, {"tid": 5, "generated": 0, "bbox": {"xmin": 264, "ymin": 400, "ymax": 484, "xmax": 380}}], [{"tid": 3, "generated": 0, "bbox": {"xmin": 632, "ymin": 330, "ymax": 455, "xmax": 778}}, {"tid": 4, "generated": 0, "bbox": {"xmin": 597, "ymin": 382, "ymax": 460, "xmax": 677}}, {"tid": 5, "generated": 0, "bbox": {"xmin": 280, "ymin": 400, "ymax": 483, "xmax": 391}}], [{"tid": 3, "generated": 0, "bbox": {"xmin": 635, "ymin": 330, "ymax": 455, "xmax": 782}}, {"tid": 4, "generated": 0, "bbox": {"xmin": 602, "ymin": 381, "ymax": 459, "xmax": 682}}, {"tid": 5, "generated": 0, "bbox": {"xmin": 275, "ymin": 398, "ymax": 483, "xmax": 392}}], [{"tid": 3, "generated": 0, "bbox": {"xmin": 639, "ymin": 330, "ymax": 455, "xmax": 787}}, {"tid": 4, "generated": 0, "bbox": {"xmin": 607, "ymin": 381, "ymax": 459, "xmax": 688}}, {"tid": 5, "generated": 0, "bbox": {"xmin": 284, "ymin": 398, "ymax": 484, "xmax": 402}}], [{"tid": 3, "generated": 0, "bbox": {"xmin": 642, "ymin": 330, "ymax": 456, "xmax": 792}}, {"tid": 4, "generated": 0, "bbox": {"xmin": 612, "ymin": 381, "ymax": 458, "xmax": 694}}, {"tid": 5, "generated": 0, "bbox": {"xmin": 293, "ymin": 398, "ymax": 485, "xmax": 413}}], [{"tid": 3, "generated": 0, "bbox": {"xmin": 646, "ymin": 331, "ymax": 456, "xmax": 797}}, {"tid": 4, "generated": 0, "bbox": {"xmin": 618, "ymin": 381, "ymax": 458, "xmax": 699}}, {"tid": 5, "generated": 0, "bbox": {"xmin": 302, "ymin": 398, "ymax": 487, "xmax": 424}}], [{"tid": 3, "generated": 0, "bbox": {"xmin": 649, "ymin": 331, "ymax": 457, "xmax": 802}}, {"tid": 4, "generated": 0, "bbox": {"xmin": 623, "ymin": 381, "ymax": 458, "xmax": 705}}, {"tid": 5, "generated": 0, "bbox": {"xmin": 311, "ymin": 396, "ymax": 485, "xmax": 435}}], [{"tid": 3, "generated": 0, "bbox": {"xmin": 653, "ymin": 331, "ymax": 457, "xmax": 807}}, {"tid": 4, "generated": 0, "bbox": {"xmin": 628, "ymin": 380, "ymax": 457, "xmax": 711}}, {"tid": 5, "generated": 0, "bbox": {"xmin": 325, "ymin": 396, "ymax": 483, "xmax": 448}}], [{"tid": 3, "generated": 0, "bbox": {"xmin": 657, "ymin": 332, "ymax": 458, "xmax": 812}}, {"tid": 4, "generated": 0, "bbox": {"xmin": 634, "ymin": 380, "ymax": 457, "xmax": 716}}, {"tid": 5, "generated": 0, "bbox": {"xmin": 328, "ymin": 398, "ymax": 481, "xmax": 449}}], [{"tid": 3, "generated": 0, "bbox": {"xmin": 666, "ymin": 332, "ymax": 460, "xmax": 824}}, {"tid": 4, "generated": 0, "bbox": {"xmin": 639, "ymin": 380, "ymax": 456, "xmax": 722}}, {"tid": 5, "generated": 0, "bbox": {"xmin": 341, "ymin": 396, "ymax": 481, "xmax": 449}}], [{"tid": 3, "generated": 0, "bbox": {"xmin": 668, "ymin": 330, "ymax": 460, "xmax": 828}}, {"tid": 4, "generated": 0, "bbox": {"xmin": 644, "ymin": 380, "ymax": 456, "xmax": 728}}, {"tid": 5, "generated": 0, "bbox": {"xmin": 353, "ymin": 396, "ymax": 481, "xmax": 451}}], [{"tid": 3, "generated": 0, "bbox": {"xmin": 670, "ymin": 328, "ymax": 460, "xmax": 833}}, {"tid": 4, "generated": 0, "bbox": {"xmin": 650, "ymin": 380, "ymax": 456, "xmax": 734}}, {"tid": 5, "generated": 0, "bbox": {"xmin": 368, "ymin": 396, "ymax": 481, "xmax": 453}}], [{"tid": 3, "generated": 0, "bbox": {"xmin": 677, "ymin": 328, "ymax": 458, "xmax": 839}}, {"tid": 4, "generated": 0, "bbox": {"xmin": 654, "ymin": 380, "ymax": 455, "xmax": 738}}, {"tid": 5, "generated": 0, "bbox": {"xmin": 376, "ymin": 394, "ymax": 478, "xmax": 487}}], [{"tid": 3, "generated": 0, "bbox": {"xmin": 684, "ymin": 328, "ymax": 456, "xmax": 846}}, {"tid": 4, "generated": 0, "bbox": {"xmin": 658, "ymin": 380, "ymax": 455, "xmax": 743}}, {"tid": 5, "generated": 0, "bbox": {"xmin": 383, "ymin": 393, "ymax": 477, "xmax": 495}}], [{"tid": 3, "generated": 0, "bbox": {"xmin": 691, "ymin": 328, "ymax": 454, "xmax": 852}}, {"tid": 4, "generated": 0, "bbox": {"xmin": 662, "ymin": 380, "ymax": 455, "xmax": 748}}, {"tid": 5, "generated": 0, "bbox": {"xmin": 390, "ymin": 392, "ymax": 476, "xmax": 503}}], [{"tid": 3, "generated": 0, "bbox": {"xmin": 698, "ymin": 328, "ymax": 453, "xmax": 859}}, {"tid": 4, "generated": 0, "bbox": {"xmin": 666, "ymin": 380, "ymax": 455, "xmax": 753}}, {"tid": 5, "generated": 0, "bbox": {"xmin": 398, "ymin": 391, "ymax": 476, "xmax": 512}}], [{"tid": 3, "generated": 0, "bbox": {"xmin": 705, "ymin": 328, "ymax": 452, "xmax": 865}}, {"tid": 4, "generated": 0, "bbox": {"xmin": 671, "ymin": 380, "ymax": 454, "xmax": 757}}, {"tid": 5, "generated": 0, "bbox": {"xmin": 405, "ymin": 389, "ymax": 481, "xmax": 522}}], [{"tid": 3, "generated": 0, "bbox": {"xmin": 712, "ymin": 328, "ymax": 451, "xmax": 872}}, {"tid": 4, "generated": 0, "bbox": {"xmin": 677, "ymin": 380, "ymax": 453, "xmax": 762}}, {"tid": 5, "generated": 0, "bbox": {"xmin": 412, "ymin": 389, "ymax": 476, "xmax": 536}}], [{"tid": 3, "generated": 0, "bbox": {"xmin": 720, "ymin": 328, "ymax": 449, "xmax": 880}}, {"tid": 4, "generated": 0, "bbox": {"xmin": 674, "ymin": 380, "ymax": 454, "xmax": 767}}, {"tid": 5, "generated": 0, "bbox": {"xmin": 432, "ymin": 389, "ymax": 480, "xmax": 549}}], [{"tid": 3, "generated": 0, "bbox": {"xmin": 727, "ymin": 328, "ymax": 449, "xmax": 880}}, {"tid": 4, "generated": 0, "bbox": {"xmin": 672, "ymin": 380, "ymax": 455, "xmax": 772}}, {"tid": 5, "generated": 0, "bbox": {"xmin": 439, "ymin": 387, "ymax": 480, "xmax": 558}}], [{"tid": 3, "generated": 0, "bbox": {"xmin": 734, "ymin": 329, "ymax": 450, "xmax": 880}}, {"tid": 4, "generated": 0, "bbox": {"xmin": 670, "ymin": 380, "ymax": 456, "xmax": 778}}, {"tid": 5, "generated": 0, "bbox": {"xmin": 437, "ymin": 385, "ymax": 476, "xmax": 561}}], [{"tid": 3, "generated": 0, "bbox": {"xmin": 741, "ymin": 330, "ymax": 451, "xmax": 881}}, {"tid": 4, "generated": 0, "bbox": {"xmin": 675, "ymin": 380, "ymax": 455, "xmax": 785}}, {"tid": 5, "generated": 0, "bbox": {"xmin": 465, "ymin": 385, "ymax": 472, "xmax": 570}}], [{"tid": 3, "generated": 0, "bbox": {"xmin": 746, "ymin": 328, "ymax": 450, "xmax": 887}}, {"tid": 4, "generated": 0, "bbox": {"xmin": 689, "ymin": 380, "ymax": 453, "xmax": 788}}, {"tid": 5, "generated": 0, "bbox": {"xmin": 471, "ymin": 384, "ymax": 472, "xmax": 577}}], [{"tid": 3, "generated": 0, "bbox": {"xmin": 751, "ymin": 327, "ymax": 449, "xmax": 893}}, {"tid": 4, "generated": 0, "bbox": {"xmin": 704, "ymin": 380, "ymax": 451, "xmax": 791}}, {"tid": 5, "generated": 0, "bbox": {"xmin": 476, "ymin": 383, "ymax": 472, "xmax": 584}}], [{"tid": 3, "generated": 0, "bbox": {"xmin": 756, "ymin": 325, "ymax": 449, "xmax": 899}}, {"tid": 4, "generated": 0, "bbox": {"xmin": 704, "ymin": 381, "ymax": 452, "xmax": 795}}, {"tid": 5, "generated": 0, "bbox": {"xmin": 482, "ymin": 383, "ymax": 472, "xmax": 591}}], [{"tid": 3, "generated": 0, "bbox": {"xmin": 761, "ymin": 324, "ymax": 448, "xmax": 905}}, {"tid": 4, "generated": 0, "bbox": {"xmin": 704, "ymin": 382, "ymax": 454, "xmax": 800}}, {"tid": 5, "generated": 0, "bbox": {"xmin": 488, "ymin": 382, "ymax": 472, "xmax": 598}}]], "subject/objects": [{"category": "sheep", "tid": 0}, {"category": "sheep", "tid": 1}, {"category": "sheep", "tid": 2}, {"category": "sheep", "tid": 3}, {"category": "sheep", "tid": 4}, {"category": "sheep", "tid": 5}, {"category": "sheep", "tid": 6}], "relation_instances": [{"end_fid": 30, "subject_tid": 0, "predicate": "walk_next_to", "begin_fid": 0, "object_tid": 1}, {"end_fid": 30, "subject_tid": 0, "predicate": "walk_with", "begin_fid": 0, "object_tid": 1}, {"end_fid": 30, "subject_tid": 0, "predicate": "walk_left", "begin_fid": 0, "object_tid": 1}, {"end_fid": 30, "subject_tid": 0, "predicate": "taller", "begin_fid": 0, "object_tid": 1}, {"end_fid": 30, "subject_tid": 0, "predicate": "larger", "begin_fid": 0, "object_tid": 1}, {"end_fid": 30, "subject_tid": 1, "predicate": "walk_right", "begin_fid": 0, "object_tid": 0}, {"end_fid": 30, "subject_tid": 1, "predicate": "walk_next_to", "begin_fid": 0, "object_tid": 0}, {"end_fid": 30, "subject_tid": 1, "predicate": "walk_with", "begin_fid": 0, "object_tid": 0}, {"end_fid": 30, "subject_tid": 0, "predicate": "walk_front", "begin_fid": 0, "object_tid": 6}, {"end_fid": 30, "subject_tid": 0, "predicate": "taller", "begin_fid": 0, "object_tid": 6}, {"end_fid": 30, "subject_tid": 0, "predicate": "larger", "begin_fid": 0, "object_tid": 6}, {"end_fid": 30, "subject_tid": 6, "predicate": "walk_behind", "begin_fid": 0, "object_tid": 0}, {"end_fid": 30, "subject_tid": 6, "predicate": "follow", "begin_fid": 0, "object_tid": 0}, {"end_fid": 30, "subject_tid": 1, "predicate": "walk_front", "begin_fid": 0, "object_tid": 6}, {"end_fid": 30, "subject_tid": 6, "predicate": "walk_behind", "begin_fid": 0, "object_tid": 1}, {"end_fid": 30, "subject_tid": 6, "predicate": "follow", "begin_fid": 0, "object_tid": 1}, {"end_fid": 75, "subject_tid": 0, "predicate": "walk_front", "begin_fid": 45, "object_tid": 2}, {"end_fid": 75, "subject_tid": 2, "predicate": "walk_behind", "begin_fid": 45, "object_tid": 0}, {"end_fid": 75, "subject_tid": 2, "predicate": "follow", "begin_fid": 45, "object_tid": 0}, {"end_fid": 75, "subject_tid": 0, "predicate": "walk_front", "begin_fid": 45, "object_tid": 6}, {"end_fid": 75, "subject_tid": 0, "predicate": "taller", "begin_fid": 45, "object_tid": 6}, {"end_fid": 75, "subject_tid": 0, "predicate": "larger", "begin_fid": 45, "object_tid": 6}, {"end_fid": 75, "subject_tid": 6, "predicate": "walk_behind", "begin_fid": 45, "object_tid": 0}, {"end_fid": 75, "subject_tid": 6, "predicate": "follow", "begin_fid": 45, "object_tid": 0}, {"end_fid": 75, "subject_tid": 2, "predicate": "walk_next_to", "begin_fid": 45, "object_tid": 6}, {"end_fid": 75, "subject_tid": 2, "predicate": "walk_front", "begin_fid": 45, "object_tid": 6}, {"end_fid": 75, "subject_tid": 2, "predicate": "taller", "begin_fid": 45, "object_tid": 6}, {"end_fid": 75, "subject_tid": 2, "predicate": "larger", "begin_fid": 45, "object_tid": 6}, {"end_fid": 75, "subject_tid": 6, "predicate": "walk_next_to", "begin_fid": 45, "object_tid": 2}, {"end_fid": 75, "subject_tid": 6, "predicate": "walk_behind", "begin_fid": 45, "object_tid": 2}, {"end_fid": 75, "subject_tid": 6, "predicate": "follow", "begin_fid": 45, "object_tid": 2}, {"end_fid": 135, "subject_tid": 2, "predicate": "walk_right", "begin_fid": 105, "object_tid": 6}, {"end_fid": 135, "subject_tid": 2, "predicate": "taller", "begin_fid": 105, "object_tid": 6}, {"end_fid": 135, "subject_tid": 2, "predicate": "larger", "begin_fid": 105, "object_tid": 6}, {"end_fid": 135, "subject_tid": 6, "predicate": "run_past", "begin_fid": 105, "object_tid": 2}, {"end_fid": 135, "subject_tid": 6, "predicate": "run_left", "begin_fid": 105, "object_tid": 2}, {"end_fid": 135, "subject_tid": 6, "predicate": "faster", "begin_fid": 105, "object_tid": 2}, {"end_fid": 150, "subject_tid": 2, "predicate": "walk_front", "begin_fid": 120, "object_tid": 3}, {"end_fid": 150, "subject_tid": 3, "predicate": "run_behind", "begin_fid": 120, "object_tid": 2}, {"end_fid": 150, "subject_tid": 3, "predicate": "faster", "begin_fid": 120, "object_tid": 2}, {"end_fid": 150, "subject_tid": 3, "predicate": "chase", "begin_fid": 120, "object_tid": 2}, {"end_fid": 150, "subject_tid": 2, "predicate": "walk_next_to", "begin_fid": 120, "object_tid": 6}, {"end_fid": 150, "subject_tid": 2, "predicate": "walk_behind", "begin_fid": 120, "object_tid": 6}, {"end_fid": 150, "subject_tid": 2, "predicate": "taller", "begin_fid": 120, "object_tid": 6}, {"end_fid": 150, "subject_tid": 2, "predicate": "larger", "begin_fid": 120, "object_tid": 6}, {"end_fid": 150, "subject_tid": 2, "predicate": "follow", "begin_fid": 120, "object_tid": 6}, {"end_fid": 150, "subject_tid": 6, "predicate": "walk_next_to", "begin_fid": 120, "object_tid": 2}, {"end_fid": 150, "subject_tid": 6, "predicate": "walk_front", "begin_fid": 120, "object_tid": 2}, {"end_fid": 150, "subject_tid": 3, "predicate": "run_behind", "begin_fid": 120, "object_tid": 6}, {"end_fid": 150, "subject_tid": 3, "predicate": "faster", "begin_fid": 120, "object_tid": 6}, {"end_fid": 150, "subject_tid": 3, "predicate": "chase", "begin_fid": 120, "object_tid": 6}, {"end_fid": 150, "subject_tid": 6, "predicate": "walk_front", "begin_fid": 120, "object_tid": 3}, {"end_fid": 180, "subject_tid": 2, "predicate": "walk_front", "begin_fid": 150, "object_tid": 3}, {"end_fid": 180, "subject_tid": 3, "predicate": "run_behind", "begin_fid": 150, "object_tid": 2}, {"end_fid": 180, "subject_tid": 3, "predicate": "faster", "begin_fid": 150, "object_tid": 2}, {"end_fid": 180, "subject_tid": 3, "predicate": "chase", "begin_fid": 150, "object_tid": 2}, {"end_fid": 180, "subject_tid": 2, "predicate": "walk_front", "begin_fid": 150, "object_tid": 4}, {"end_fid": 180, "subject_tid": 2, "predicate": "taller", "begin_fid": 150, "object_tid": 4}, {"end_fid": 180, "subject_tid": 2, "predicate": "larger", "begin_fid": 150, "object_tid": 4}, {"end_fid": 180, "subject_tid": 4, "predicate": "run_behind", "begin_fid": 150, "object_tid": 2}, {"end_fid": 180, "subject_tid": 4, "predicate": "faster", "begin_fid": 150, "object_tid": 2}, {"end_fid": 180, "subject_tid": 4, "predicate": "chase", "begin_fid": 150, "object_tid": 2}, {"end_fid": 180, "subject_tid": 2, "predicate": "walk_next_to", "begin_fid": 150, "object_tid": 6}, {"end_fid": 180, "subject_tid": 2, "predicate": "walk_behind", "begin_fid": 150, "object_tid": 6}, {"end_fid": 180, "subject_tid": 2, "predicate": "taller", "begin_fid": 150, "object_tid": 6}, {"end_fid": 180, "subject_tid": 2, "predicate": "larger", "begin_fid": 150, "object_tid": 6}, {"end_fid": 180, "subject_tid": 6, "predicate": "walk_next_to", "begin_fid": 150, "object_tid": 2}, {"end_fid": 180, "subject_tid": 6, "predicate": "walk_front", "begin_fid": 150, "object_tid": 2}, {"end_fid": 180, "subject_tid": 3, "predicate": "run_next_to", "begin_fid": 150, "object_tid": 4}, {"end_fid": 180, "subject_tid": 3, "predicate": "run_front", "begin_fid": 150, "object_tid": 4}, {"end_fid": 180, "subject_tid": 4, "predicate": "run_next_to", "begin_fid": 150, "object_tid": 3}, {"end_fid": 180, "subject_tid": 4, "predicate": "run_behind", "begin_fid": 150, "object_tid": 3}, {"end_fid": 180, "subject_tid": 4, "predicate": "follow", "begin_fid": 150, "object_tid": 3}, {"end_fid": 180, "subject_tid": 3, "predicate": "run_behind", "begin_fid": 150, "object_tid": 6}, {"end_fid": 180, "subject_tid": 3, "predicate": "chase", "begin_fid": 150, "object_tid": 6}, {"end_fid": 180, "subject_tid": 6, "predicate": "walk_front", "begin_fid": 150, "object_tid": 3}, {"end_fid": 180, "subject_tid": 4, "predicate": "run_behind", "begin_fid": 150, "object_tid": 6}, {"end_fid": 180, "subject_tid": 4, "predicate": "chase", "begin_fid": 150, "object_tid": 6}, {"end_fid": 180, "subject_tid": 6, "predicate": "walk_front", "begin_fid": 150, "object_tid": 4}, {"end_fid": 225, "subject_tid": 3, "predicate": "walk_right", "begin_fid": 195, "object_tid": 4}, {"end_fid": 225, "subject_tid": 3, "predicate": "walk_next_to", "begin_fid": 195, "object_tid": 4}, {"end_fid": 225, "subject_tid": 3, "predicate": "walk_with", "begin_fid": 195, "object_tid": 4}, {"end_fid": 225, "subject_tid": 3, "predicate": "taller", "begin_fid": 195, "object_tid": 4}, {"end_fid": 225, "subject_tid": 3, "predicate": "larger", "begin_fid": 195, "object_tid": 4}, {"end_fid": 225, "subject_tid": 4, "predicate": "walk_next_to", "begin_fid": 195, "object_tid": 3}, {"end_fid": 225, "subject_tid": 4, "predicate": "walk_with", "begin_fid": 195, "object_tid": 3}, {"end_fid": 225, "subject_tid": 4, "predicate": "walk_left", "begin_fid": 195, "object_tid": 3}, {"end_fid": 225, "subject_tid": 3, "predicate": "walk_front", "begin_fid": 195, "object_tid": 5}, {"end_fid": 225, "subject_tid": 3, "predicate": "taller", "begin_fid": 195, "object_tid": 5}, {"end_fid": 225, "subject_tid": 3, "predicate": "larger", "begin_fid": 195, "object_tid": 5}, {"end_fid": 225, "subject_tid": 5, "predicate": "run_behind", "begin_fid": 195, "object_tid": 3}, {"end_fid": 225, "subject_tid": 5, "predicate": "faster", "begin_fid": 195, "object_tid": 3}, {"end_fid": 225, "subject_tid": 5, "predicate": "chase", "begin_fid": 195, "object_tid": 3}, {"end_fid": 225, "subject_tid": 4, "predicate": "walk_front", "begin_fid": 195, "object_tid": 5}, {"end_fid": 225, "subject_tid": 5, "predicate": "run_behind", "begin_fid": 195, "object_tid": 4}, {"end_fid": 225, "subject_tid": 5, "predicate": "faster", "begin_fid": 195, "object_tid": 4}, {"end_fid": 225, "subject_tid": 5, "predicate": "chase", "begin_fid": 195, "object_tid": 4}], "height": 720}