{"width": 1280, "frame_count": 39, "video_id": "ILSVRC2015_train_00596000", "fps": 24, "trajectories": [[{"tid": 0, "generated": 0, "bbox": {"xmin": 579, "ymin": 344, "ymax": 458, "xmax": 725}}, {"tid": 1, "generated": 0, "bbox": {"xmin": 574, "ymin": 306, "ymax": 452, "xmax": 727}}], [{"tid": 0, "generated": 0, "bbox": {"xmin": 565, "ymin": 318, "ymax": 462, "xmax": 720}}, {"tid": 1, "generated": 0, "bbox": {"xmin": 567, "ymin": 282, "ymax": 436, "xmax": 726}}], [{"tid": 0, "generated": 0, "bbox": {"xmin": 561, "ymin": 300, "ymax": 460, "xmax": 737}}, {"tid": 1, "generated": 0, "bbox": {"xmin": 559, "ymin": 258, "ymax": 419, "xmax": 725}}], [{"tid": 0, "generated": 0, "bbox": {"xmin": 551, "ymin": 279, "ymax": 460, "xmax": 760}}, {"tid": 1, "generated": 0, "bbox": {"xmin": 552, "ymin": 235, "ymax": 403, "xmax": 725}}], [{"tid": 0, "generated": 0, "bbox": {"xmin": 545, "ymin": 272, "ymax": 456, "xmax": 768}}, {"tid": 1, "generated": 0, "bbox": {"xmin": 544, "ymin": 211, "ymax": 386, "xmax": 724}}], [{"tid": 0, "generated": 0, "bbox": {"xmin": 544, "ymin": 261, "ymax": 449, "xmax": 776}}, {"tid": 1, "generated": 0, "bbox": {"xmin": 537, "ymin": 187, "ymax": 370, "xmax": 723}}], [{"tid": 0, "generated": 0, "bbox": {"xmin": 538, "ymin": 248, "ymax": 444, "xmax": 780}}, {"tid": 1, "generated": 0, "bbox": {"xmin": 536, "ymin": 187, "ymax": 372, "xmax": 724}}], [{"tid": 0, "generated": 0, "bbox": {"xmin": 533, "ymin": 254, "ymax": 451, "xmax": 787}}, {"tid": 1, "generated": 0, "bbox": {"xmin": 535, "ymin": 188, "ymax": 374, "xmax": 725}}], [{"tid": 0, "generated": 0, "bbox": {"xmin": 535, "ymin": 261, "ymax": 462, "xmax": 798}}, {"tid": 1, "generated": 0, "bbox": {"xmin": 533, "ymin": 188, "ymax": 376, "xmax": 727}}], [{"tid": 0, "generated": 0, "bbox": {"xmin": 535, "ymin": 275, "ymax": 481, "xmax": 808}}, {"tid": 1, "generated": 0, "bbox": {"xmin": 532, "ymin": 189, "ymax": 378, "xmax": 728}}], [{"tid": 0, "generated": 0, "bbox": {"xmin": 538, "ymin": 282, "ymax": 504, "xmax": 819}}, {"tid": 1, "generated": 0, "bbox": {"xmin": 531, "ymin": 189, "ymax": 380, "xmax": 729}}], [{"tid": 0, "generated": 0, "bbox": {"xmin": 545, "ymin": 295, "ymax": 512, "xmax": 839}}, {"tid": 1, "generated": 0, "bbox": {"xmin": 546, "ymin": 173, "ymax": 377, "xmax": 755}}], [{"tid": 0, "generated": 0, "bbox": {"xmin": 556, "ymin": 286, "ymax": 520, "xmax": 858}}, {"tid": 1, "generated": 0, "bbox": {"xmin": 561, "ymin": 157, "ymax": 374, "xmax": 781}}], [{"tid": 0, "generated": 0, "bbox": {"xmin": 576, "ymin": 266, "ymax": 513, "xmax": 887}}, {"tid": 1, "generated": 0, "bbox": {"xmin": 576, "ymin": 140, "ymax": 370, "xmax": 806}}], [{"tid": 0, "generated": 0, "bbox": {"xmin": 593, "ymin": 240, "ymax": 508, "xmax": 917}}, {"tid": 1, "generated": 0, "bbox": {"xmin": 591, "ymin": 124, "ymax": 367, "xmax": 832}}], [{"tid": 0, "generated": 0, "bbox": {"xmin": 611, "ymin": 227, "ymax": 510, "xmax": 949}}, {"tid": 1, "generated": 0, "bbox": {"xmin": 606, "ymin": 108, "ymax": 364, "xmax": 858}}], [{"tid": 0, "generated": 0, "bbox": {"xmin": 631, "ymin": 229, "ymax": 535, "xmax": 988}}, {"tid": 1, "generated": 0, "bbox": {"xmin": 617, "ymin": 109, "ymax": 396, "xmax": 890}}], [{"tid": 0, "generated": 0, "bbox": {"xmin": 670, "ymin": 229, "ymax": 560, "xmax": 1027}}, {"tid": 1, "generated": 0, "bbox": {"xmin": 627, "ymin": 109, "ymax": 428, "xmax": 922}}], [{"tid": 0, "generated": 0, "bbox": {"xmin": 684, "ymin": 248, "ymax": 608, "xmax": 1077}}, {"tid": 1, "generated": 0, "bbox": {"xmin": 638, "ymin": 110, "ymax": 461, "xmax": 955}}], [{"tid": 0, "generated": 0, "bbox": {"xmin": 689, "ymin": 264, "ymax": 663, "xmax": 1107}}, {"tid": 1, "generated": 0, "bbox": {"xmin": 648, "ymin": 110, "ymax": 493, "xmax": 987}}], [{"tid": 0, "generated": 0, "bbox": {"xmin": 695, "ymin": 288, "ymax": 709, "xmax": 1146}}, {"tid": 1, "generated": 0, "bbox": {"xmin": 659, "ymin": 111, "ymax": 525, "xmax": 1019}}], [{"tid": 0, "generated": 0, "bbox": {"xmin": 688, "ymin": 325, "ymax": 716, "xmax": 1171}}, {"tid": 1, "generated": 0, "bbox": {"xmin": 649, "ymin": 121, "ymax": 562, "xmax": 1030}}], [{"tid": 0, "generated": 0, "bbox": {"xmin": 691, "ymin": 343, "ymax": 716, "xmax": 1198}}, {"tid": 1, "generated": 0, "bbox": {"xmin": 639, "ymin": 131, "ymax": 599, "xmax": 1041}}], [{"tid": 0, "generated": 0, "bbox": {"xmin": 682, "ymin": 382, "ymax": 714, "xmax": 1201}}, {"tid": 1, "generated": 0, "bbox": {"xmin": 629, "ymin": 141, "ymax": 637, "xmax": 1052}}], [{"tid": 0, "generated": 0, "bbox": {"xmin": 661, "ymin": 401, "ymax": 714, "xmax": 1208}}, {"tid": 1, "generated": 0, "bbox": {"xmin": 619, "ymin": 151, "ymax": 674, "xmax": 1063}}], [{"tid": 0, "generated": 0, "bbox": {"xmin": 643, "ymin": 424, "ymax": 718, "xmax": 1191}}, {"tid": 1, "generated": 0, "bbox": {"xmin": 609, "ymin": 161, "ymax": 711, "xmax": 1074}}], [{"tid": 0, "generated": 0, "bbox": {"xmin": 618, "ymin": 435, "ymax": 712, "xmax": 1180}}, {"tid": 1, "generated": 0, "bbox": {"xmin": 567, "ymin": 129, "ymax": 702, "xmax": 1034}}], [{"tid": 0, "generated": 0, "bbox": {"xmin": 568, "ymin": 410, "ymax": 714, "xmax": 1139}}, {"tid": 1, "generated": 0, "bbox": {"xmin": 526, "ymin": 97, "ymax": 694, "xmax": 994}}], [{"tid": 0, "generated": 0, "bbox": {"xmin": 483, "ymin": 378, "ymax": 712, "xmax": 1100}}, {"tid": 1, "generated": 0, "bbox": {"xmin": 484, "ymin": 66, "ymax": 685, "xmax": 953}}], [{"tid": 0, "generated": 0, "bbox": {"xmin": 391, "ymin": 344, "ymax": 716, "xmax": 1068}}, {"tid": 1, "generated": 0, "bbox": {"xmin": 443, "ymin": 34, "ymax": 677, "xmax": 913}}]], "subject/objects": [{"category": "motorcycle", "tid": 0}, {"category": "person", "tid": 1}], "relation_instances": [{"end_fid": 30, "subject_tid": 0, "predicate": "jump_beneath", "begin_fid": 0, "object_tid": 1}, {"end_fid": 30, "subject_tid": 1, "predicate": "stand_above", "begin_fid": 0, "object_tid": 0}, {"end_fid": 30, "subject_tid": 1, "predicate": "ride", "begin_fid": 0, "object_tid": 0}], "height": 720}