{"width": 1920, "frame_count": 93, "video_id": "ILSVRC2015_train_00010028", "fps": 30, "trajectories": [[{"tid": 0, "generated": 0, "bbox": {"xmin": 1048, "ymin": 581, "ymax": 789, "xmax": 1274}}, {"tid": 2, "generated": 0, "bbox": {"xmin": 1072, "ymin": 468, "ymax": 754, "xmax": 1276}}], [{"tid": 0, "generated": 0, "bbox": {"xmin": 1061, "ymin": 584, "ymax": 794, "xmax": 1277}}, {"tid": 2, "generated": 0, "bbox": {"xmin": 1085, "ymin": 466, "ymax": 751, "xmax": 1285}}], [{"tid": 0, "generated": 0, "bbox": {"xmin": 1077, "ymin": 582, "ymax": 788, "xmax": 1286}}, {"tid": 2, "generated": 0, "bbox": {"xmin": 1098, "ymin": 464, "ymax": 748, "xmax": 1294}}], [{"tid": 0, "generated": 0, "bbox": {"xmin": 1094, "ymin": 580, "ymax": 782, "xmax": 1296}}, {"tid": 2, "generated": 0, "bbox": {"xmin": 1112, "ymin": 462, "ymax": 744, "xmax": 1304}}], [{"tid": 0, "generated": 0, "bbox": {"xmin": 1110, "ymin": 579, "ymax": 776, "xmax": 1305}}, {"tid": 2, "generated": 0, "bbox": {"xmin": 1125, "ymin": 460, "ymax": 741, "xmax": 1313}}], [{"tid": 0, "generated": 0, "bbox": {"xmin": 1127, "ymin": 577, "ymax": 770, "xmax": 1315}}, {"tid": 2, "generated": 0, "bbox": {"xmin": 1138, "ymin": 458, "ymax": 738, "xmax": 1322}}], [{"tid": 0, "generated": 0, "bbox": {"xmin": 1144, "ymin": 576, "ymax": 765, "xmax": 1325}}, {"tid": 2, "generated": 0, "bbox": {"xmin": 1153, "ymin": 457, "ymax": 732, "xmax": 1326}}], [{"tid": 0, "generated": 0, "bbox": {"xmin": 1158, "ymin": 572, "ymax": 759, "xmax": 1328}}, {"tid": 2, "generated": 0, "bbox": {"xmin": 1168, "ymin": 456, "ymax": 726, "xmax": 1330}}], [{"tid": 0, "generated": 0, "bbox": {"xmin": 1172, "ymin": 568, "ymax": 754, "xmax": 1331}}, {"tid": 2, "generated": 0, "bbox": {"xmin": 1182, "ymin": 456, "ymax": 720, "xmax": 1334}}], [{"tid": 0, "generated": 0, "bbox": {"xmin": 1187, "ymin": 564, "ymax": 748, "xmax": 1334}}, {"tid": 2, "generated": 0, "bbox": {"xmin": 1197, "ymin": 455, "ymax": 714, "xmax": 1338}}], [{"tid": 0, "generated": 0, "bbox": {"xmin": 1201, "ymin": 560, "ymax": 743, "xmax": 1337}}, {"tid": 2, "generated": 0, "bbox": {"xmin": 1212, "ymin": 454, "ymax": 708, "xmax": 1342}}], [{"tid": 0, "generated": 0, "bbox": {"xmin": 1216, "ymin": 557, "ymax": 738, "xmax": 1341}}, {"tid": 2, "generated": 0, "bbox": {"xmin": 1218, "ymin": 451, "ymax": 705, "xmax": 1348}}], [{"tid": 0, "generated": 0, "bbox": {"xmin": 1223, "ymin": 550, "ymax": 730, "xmax": 1344}}, {"tid": 2, "generated": 0, "bbox": {"xmin": 1225, "ymin": 448, "ymax": 702, "xmax": 1355}}], [{"tid": 0, "generated": 0, "bbox": {"xmin": 1230, "ymin": 544, "ymax": 722, "xmax": 1347}}, {"tid": 2, "generated": 0, "bbox": {"xmin": 1231, "ymin": 446, "ymax": 700, "xmax": 1361}}], [{"tid": 0, "generated": 0, "bbox": {"xmin": 1238, "ymin": 537, "ymax": 714, "xmax": 1350}}, {"tid": 2, "generated": 0, "bbox": {"xmin": 1238, "ymin": 443, "ymax": 697, "xmax": 1368}}], [{"tid": 0, "generated": 0, "bbox": {"xmin": 1245, "ymin": 531, "ymax": 706, "xmax": 1353}}, {"tid": 2, "generated": 0, "bbox": {"xmin": 1244, "ymin": 440, "ymax": 694, "xmax": 1374}}], [{"tid": 0, "generated": 0, "bbox": {"xmin": 1253, "ymin": 525, "ymax": 698, "xmax": 1357}}, {"tid": 2, "generated": 0, "bbox": {"xmin": 1249, "ymin": 435, "ymax": 685, "xmax": 1374}}], [{"tid": 0, "generated": 0, "bbox": {"xmin": 1258, "ymin": 517, "ymax": 689, "xmax": 1357}}, {"tid": 2, "generated": 0, "bbox": {"xmin": 1254, "ymin": 430, "ymax": 676, "xmax": 1373}}], [{"tid": 0, "generated": 0, "bbox": {"xmin": 1263, "ymin": 510, "ymax": 680, "xmax": 1358}}, {"tid": 2, "generated": 0, "bbox": {"xmin": 1260, "ymin": 426, "ymax": 668, "xmax": 1373}}], [{"tid": 0, "generated": 0, "bbox": {"xmin": 1269, "ymin": 502, "ymax": 671, "xmax": 1358}}, {"tid": 2, "generated": 0, "bbox": {"xmin": 1265, "ymin": 421, "ymax": 659, "xmax": 1372}}], [{"tid": 0, "generated": 0, "bbox": {"xmin": 1274, "ymin": 495, "ymax": 662, "xmax": 1359}}, {"tid": 2, "generated": 0, "bbox": {"xmin": 1270, "ymin": 416, "ymax": 650, "xmax": 1372}}], [{"tid": 0, "generated": 0, "bbox": {"xmin": 1280, "ymin": 488, "ymax": 653, "xmax": 1360}}, {"tid": 2, "generated": 0, "bbox": {"xmin": 1270, "ymin": 409, "ymax": 643, "xmax": 1372}}], [{"tid": 0, "generated": 0, "bbox": {"xmin": 1283, "ymin": 481, "ymax": 646, "xmax": 1358}}, {"tid": 2, "generated": 0, "bbox": {"xmin": 1270, "ymin": 402, "ymax": 636, "xmax": 1372}}], [{"tid": 0, "generated": 0, "bbox": {"xmin": 1286, "ymin": 474, "ymax": 639, "xmax": 1357}}, {"tid": 2, "generated": 0, "bbox": {"xmin": 1270, "ymin": 394, "ymax": 628, "xmax": 1372}}], [{"tid": 0, "generated": 0, "bbox": {"xmin": 1289, "ymin": 467, "ymax": 632, "xmax": 1356}}, {"tid": 2, "generated": 0, "bbox": {"xmin": 1270, "ymin": 387, "ymax": 621, "xmax": 1372}}], [{"tid": 0, "generated": 0, "bbox": {"xmin": 1292, "ymin": 460, "ymax": 625, "xmax": 1355}}, {"tid": 2, "generated": 0, "bbox": {"xmin": 1270, "ymin": 380, "ymax": 614, "xmax": 1372}}], [{"tid": 0, "generated": 0, "bbox": {"xmin": 1296, "ymin": 453, "ymax": 618, "xmax": 1354}}, {"tid": 2, "generated": 0, "bbox": {"xmin": 1274, "ymin": 377, "ymax": 611, "xmax": 1376}}], [{"tid": 0, "generated": 0, "bbox": {"xmin": 1298, "ymin": 453, "ymax": 610, "xmax": 1351}}, {"tid": 2, "generated": 0, "bbox": {"xmin": 1278, "ymin": 374, "ymax": 608, "xmax": 1380}}], [{"tid": 0, "generated": 0, "bbox": {"xmin": 1301, "ymin": 454, "ymax": 603, "xmax": 1348}}, {"tid": 2, "generated": 0, "bbox": {"xmin": 1282, "ymin": 372, "ymax": 606, "xmax": 1384}}], [{"tid": 0, "generated": 0, "bbox": {"xmin": 1303, "ymin": 454, "ymax": 595, "xmax": 1346}}, {"tid": 2, "generated": 0, "bbox": {"xmin": 1286, "ymin": 369, "ymax": 603, "xmax": 1388}}], [{"tid": 0, "generated": 0, "bbox": {"xmin": 1306, "ymin": 455, "ymax": 588, "xmax": 1343}}, {"tid": 1, "generated": 0, "bbox": {"xmin": 154, "ymin": 673, "ymax": 1073, "xmax": 620}}, {"tid": 2, "generated": 0, "bbox": {"xmin": 1290, "ymin": 366, "ymax": 600, "xmax": 1392}}, {"tid": 3, "generated": 0, "bbox": {"xmin": 121, "ymin": 444, "ymax": 1075, "xmax": 586}}], [{"tid": 0, "generated": 0, "bbox": {"xmin": 1309, "ymin": 456, "ymax": 581, "xmax": 1341}}, {"tid": 1, "generated": 0, "bbox": {"xmin": 154, "ymin": 661, "ymax": 1077, "xmax": 650}}, {"tid": 2, "generated": 0, "bbox": {"xmin": 1290, "ymin": 360, "ymax": 594, "xmax": 1392}}, {"tid": 3, "generated": 0, "bbox": {"xmin": 152, "ymin": 438, "ymax": 1078, "xmax": 640}}], [{"tid": 0, "generated": 0, "bbox": {"xmin": 1306, "ymin": 445, "ymax": 572, "xmax": 1345}}, {"tid": 1, "generated": 0, "bbox": {"xmin": 180, "ymin": 660, "ymax": 1076, "xmax": 668}}, {"tid": 2, "generated": 0, "bbox": {"xmin": 1291, "ymin": 354, "ymax": 588, "xmax": 1393}}, {"tid": 3, "generated": 0, "bbox": {"xmin": 202, "ymin": 441, "ymax": 1062, "xmax": 660}}], [{"tid": 0, "generated": 0, "bbox": {"xmin": 1304, "ymin": 435, "ymax": 563, "xmax": 1349}}, {"tid": 1, "generated": 0, "bbox": {"xmin": 207, "ymin": 659, "ymax": 1075, "xmax": 687}}, {"tid": 2, "generated": 0, "bbox": {"xmin": 1291, "ymin": 348, "ymax": 582, "xmax": 1393}}, {"tid": 3, "generated": 0, "bbox": {"xmin": 252, "ymin": 444, "ymax": 1046, "xmax": 679}}], [{"tid": 0, "generated": 0, "bbox": {"xmin": 1302, "ymin": 425, "ymax": 555, "xmax": 1353}}, {"tid": 1, "generated": 0, "bbox": {"xmin": 234, "ymin": 658, "ymax": 1075, "xmax": 706}}, {"tid": 2, "generated": 0, "bbox": {"xmin": 1292, "ymin": 342, "ymax": 576, "xmax": 1394}}, {"tid": 3, "generated": 0, "bbox": {"xmin": 302, "ymin": 448, "ymax": 1030, "xmax": 699}}], [{"tid": 0, "generated": 0, "bbox": {"xmin": 1300, "ymin": 415, "ymax": 546, "xmax": 1357}}, {"tid": 1, "generated": 0, "bbox": {"xmin": 261, "ymin": 657, "ymax": 1074, "xmax": 725}}, {"tid": 2, "generated": 0, "bbox": {"xmin": 1292, "ymin": 336, "ymax": 570, "xmax": 1394}}, {"tid": 3, "generated": 0, "bbox": {"xmin": 352, "ymin": 451, "ymax": 1014, "xmax": 718}}], [{"tid": 0, "generated": 0, "bbox": {"xmin": 1298, "ymin": 405, "ymax": 538, "xmax": 1362}}, {"tid": 1, "generated": 0, "bbox": {"xmin": 288, "ymin": 656, "ymax": 1074, "xmax": 744}}, {"tid": 2, "generated": 0, "bbox": {"xmin": 1292, "ymin": 336, "ymax": 552, "xmax": 1388}}, {"tid": 3, "generated": 0, "bbox": {"xmin": 402, "ymin": 454, "ymax": 998, "xmax": 738}}], [{"tid": 0, "generated": 0, "bbox": {"xmin": 1297, "ymin": 404, "ymax": 534, "xmax": 1359}}, {"tid": 1, "generated": 0, "bbox": {"xmin": 321, "ymin": 654, "ymax": 1061, "xmax": 765}}, {"tid": 2, "generated": 0, "bbox": {"xmin": 1292, "ymin": 336, "ymax": 534, "xmax": 1383}}, {"tid": 3, "generated": 0, "bbox": {"xmin": 426, "ymin": 452, "ymax": 996, "xmax": 762}}], [{"tid": 0, "generated": 0, "bbox": {"xmin": 1296, "ymin": 403, "ymax": 530, "xmax": 1356}}, {"tid": 1, "generated": 0, "bbox": {"xmin": 354, "ymin": 652, "ymax": 1049, "xmax": 786}}, {"tid": 2, "generated": 0, "bbox": {"xmin": 1292, "ymin": 336, "ymax": 516, "xmax": 1377}}, {"tid": 3, "generated": 0, "bbox": {"xmin": 449, "ymin": 449, "ymax": 993, "xmax": 785}}], [{"tid": 0, "generated": 0, "bbox": {"xmin": 1295, "ymin": 403, "ymax": 527, "xmax": 1354}}, {"tid": 1, "generated": 0, "bbox": {"xmin": 387, "ymin": 651, "ymax": 1037, "xmax": 807}}, {"tid": 2, "generated": 0, "bbox": {"xmin": 1292, "ymin": 336, "ymax": 498, "xmax": 1372}}, {"tid": 3, "generated": 0, "bbox": {"xmin": 473, "ymin": 447, "ymax": 991, "xmax": 809}}], [{"tid": 0, "generated": 0, "bbox": {"xmin": 1294, "ymin": 402, "ymax": 523, "xmax": 1351}}, {"tid": 1, "generated": 0, "bbox": {"xmin": 420, "ymin": 649, "ymax": 1025, "xmax": 828}}, {"tid": 2, "generated": 0, "bbox": {"xmin": 1292, "ymin": 336, "ymax": 480, "xmax": 1366}}, {"tid": 3, "generated": 0, "bbox": {"xmin": 496, "ymin": 444, "ymax": 988, "xmax": 832}}], [{"tid": 0, "generated": 0, "bbox": {"xmin": 1293, "ymin": 402, "ymax": 520, "xmax": 1349}}, {"tid": 1, "generated": 0, "bbox": {"xmin": 453, "ymin": 648, "ymax": 1013, "xmax": 850}}, {"tid": 2, "generated": 0, "bbox": {"xmin": 1289, "ymin": 335, "ymax": 479, "xmax": 1363}}, {"tid": 3, "generated": 0, "bbox": {"xmin": 520, "ymin": 442, "ymax": 986, "xmax": 856}}], [{"tid": 0, "generated": 0, "bbox": {"xmin": 1292, "ymin": 399, "ymax": 518, "xmax": 1346}}, {"tid": 1, "generated": 0, "bbox": {"xmin": 484, "ymin": 646, "ymax": 1004, "xmax": 867}}, {"tid": 2, "generated": 0, "bbox": {"xmin": 1286, "ymin": 334, "ymax": 478, "xmax": 1360}}, {"tid": 3, "generated": 0, "bbox": {"xmin": 552, "ymin": 452, "ymax": 977, "xmax": 874}}], [{"tid": 0, "generated": 0, "bbox": {"xmin": 1291, "ymin": 396, "ymax": 516, "xmax": 1343}}, {"tid": 1, "generated": 0, "bbox": {"xmin": 515, "ymin": 644, "ymax": 995, "xmax": 884}}, {"tid": 2, "generated": 0, "bbox": {"xmin": 1282, "ymin": 332, "ymax": 476, "xmax": 1356}}, {"tid": 3, "generated": 0, "bbox": {"xmin": 584, "ymin": 463, "ymax": 968, "xmax": 892}}], [{"tid": 0, "generated": 0, "bbox": {"xmin": 1290, "ymin": 394, "ymax": 515, "xmax": 1341}}, {"tid": 1, "generated": 0, "bbox": {"xmin": 547, "ymin": 643, "ymax": 987, "xmax": 901}}, {"tid": 2, "generated": 0, "bbox": {"xmin": 1279, "ymin": 331, "ymax": 475, "xmax": 1353}}, {"tid": 3, "generated": 0, "bbox": {"xmin": 616, "ymin": 473, "ymax": 960, "xmax": 910}}], [{"tid": 0, "generated": 0, "bbox": {"xmin": 1289, "ymin": 391, "ymax": 513, "xmax": 1338}}, {"tid": 1, "generated": 0, "bbox": {"xmin": 578, "ymin": 641, "ymax": 978, "xmax": 918}}, {"tid": 2, "generated": 0, "bbox": {"xmin": 1276, "ymin": 330, "ymax": 474, "xmax": 1350}}, {"tid": 3, "generated": 0, "bbox": {"xmin": 648, "ymin": 484, "ymax": 951, "xmax": 928}}], [{"tid": 0, "generated": 0, "bbox": {"xmin": 1288, "ymin": 389, "ymax": 512, "xmax": 1336}}, {"tid": 1, "generated": 0, "bbox": {"xmin": 610, "ymin": 640, "ymax": 970, "xmax": 936}}, {"tid": 2, "generated": 0, "bbox": {"xmin": 1274, "ymin": 332, "ymax": 476, "xmax": 1348}}, {"tid": 3, "generated": 0, "bbox": {"xmin": 680, "ymin": 494, "ymax": 942, "xmax": 946}}], [{"tid": 0, "generated": 0, "bbox": {"xmin": 1283, "ymin": 389, "ymax": 512, "xmax": 1331}}, {"tid": 1, "generated": 0, "bbox": {"xmin": 637, "ymin": 638, "ymax": 958, "xmax": 950}}, {"tid": 2, "generated": 0, "bbox": {"xmin": 1273, "ymin": 335, "ymax": 479, "xmax": 1347}}, {"tid": 3, "generated": 0, "bbox": {"xmin": 705, "ymin": 493, "ymax": 935, "xmax": 958}}], [{"tid": 0, "generated": 0, "bbox": {"xmin": 1278, "ymin": 390, "ymax": 512, "xmax": 1326}}, {"tid": 1, "generated": 0, "bbox": {"xmin": 664, "ymin": 637, "ymax": 947, "xmax": 964}}, {"tid": 2, "generated": 0, "bbox": {"xmin": 1271, "ymin": 337, "ymax": 481, "xmax": 1345}}, {"tid": 3, "generated": 0, "bbox": {"xmin": 730, "ymin": 492, "ymax": 928, "xmax": 971}}], [{"tid": 0, "generated": 0, "bbox": {"xmin": 1273, "ymin": 390, "ymax": 513, "xmax": 1321}}, {"tid": 1, "generated": 0, "bbox": {"xmin": 691, "ymin": 636, "ymax": 936, "xmax": 979}}, {"tid": 2, "generated": 0, "bbox": {"xmin": 1270, "ymin": 340, "ymax": 484, "xmax": 1344}}, {"tid": 3, "generated": 0, "bbox": {"xmin": 756, "ymin": 492, "ymax": 920, "xmax": 983}}], [{"tid": 0, "generated": 0, "bbox": {"xmin": 1268, "ymin": 391, "ymax": 513, "xmax": 1316}}, {"tid": 1, "generated": 0, "bbox": {"xmin": 718, "ymin": 635, "ymax": 925, "xmax": 993}}, {"tid": 2, "generated": 0, "bbox": {"xmin": 1268, "ymin": 342, "ymax": 486, "xmax": 1342}}, {"tid": 3, "generated": 0, "bbox": {"xmin": 781, "ymin": 491, "ymax": 913, "xmax": 996}}], [{"tid": 0, "generated": 0, "bbox": {"xmin": 1264, "ymin": 392, "ymax": 514, "xmax": 1312}}, {"tid": 1, "generated": 0, "bbox": {"xmin": 746, "ymin": 634, "ymax": 914, "xmax": 1008}}, {"tid": 2, "generated": 0, "bbox": {"xmin": 1264, "ymin": 344, "ymax": 488, "xmax": 1338}}, {"tid": 3, "generated": 0, "bbox": {"xmin": 806, "ymin": 490, "ymax": 906, "xmax": 1008}}], [{"tid": 0, "generated": 0, "bbox": {"xmin": 1261, "ymin": 398, "ymax": 516, "xmax": 1305}}, {"tid": 1, "generated": 0, "bbox": {"xmin": 765, "ymin": 633, "ymax": 908, "xmax": 1013}}, {"tid": 2, "generated": 0, "bbox": {"xmin": 1259, "ymin": 346, "ymax": 490, "xmax": 1333}}, {"tid": 3, "generated": 0, "bbox": {"xmin": 816, "ymin": 485, "ymax": 901, "xmax": 1018}}], [{"tid": 0, "generated": 0, "bbox": {"xmin": 1258, "ymin": 405, "ymax": 518, "xmax": 1299}}, {"tid": 1, "generated": 0, "bbox": {"xmin": 785, "ymin": 632, "ymax": 902, "xmax": 1019}}, {"tid": 2, "generated": 0, "bbox": {"xmin": 1255, "ymin": 348, "ymax": 492, "xmax": 1329}}, {"tid": 3, "generated": 0, "bbox": {"xmin": 827, "ymin": 480, "ymax": 896, "xmax": 1029}}], [{"tid": 0, "generated": 0, "bbox": {"xmin": 1255, "ymin": 412, "ymax": 520, "xmax": 1292}}, {"tid": 1, "generated": 0, "bbox": {"xmin": 805, "ymin": 631, "ymax": 896, "xmax": 1025}}, {"tid": 2, "generated": 0, "bbox": {"xmin": 1250, "ymin": 350, "ymax": 494, "xmax": 1324}}, {"tid": 3, "generated": 0, "bbox": {"xmin": 837, "ymin": 476, "ymax": 892, "xmax": 1039}}], [{"tid": 0, "generated": 0, "bbox": {"xmin": 1252, "ymin": 419, "ymax": 522, "xmax": 1286}}, {"tid": 1, "generated": 0, "bbox": {"xmin": 825, "ymin": 630, "ymax": 890, "xmax": 1031}}, {"tid": 2, "generated": 0, "bbox": {"xmin": 1246, "ymin": 352, "ymax": 496, "xmax": 1320}}, {"tid": 3, "generated": 0, "bbox": {"xmin": 848, "ymin": 471, "ymax": 887, "xmax": 1050}}], [{"tid": 0, "generated": 0, "bbox": {"xmin": 1250, "ymin": 426, "ymax": 525, "xmax": 1280}}, {"tid": 1, "generated": 0, "bbox": {"xmin": 845, "ymin": 629, "ymax": 885, "xmax": 1037}}, {"tid": 2, "generated": 0, "bbox": {"xmin": 1243, "ymin": 356, "ymax": 500, "xmax": 1317}}, {"tid": 3, "generated": 0, "bbox": {"xmin": 858, "ymin": 466, "ymax": 882, "xmax": 1060}}], [{"tid": 0, "generated": 0, "bbox": {"xmin": 1247, "ymin": 427, "ymax": 526, "xmax": 1280}}, {"tid": 1, "generated": 0, "bbox": {"xmin": 857, "ymin": 631, "ymax": 879, "xmax": 1048}}, {"tid": 2, "generated": 0, "bbox": {"xmin": 1240, "ymin": 359, "ymax": 503, "xmax": 1314}}, {"tid": 3, "generated": 0, "bbox": {"xmin": 872, "ymin": 481, "ymax": 869, "xmax": 1067}}], [{"tid": 0, "generated": 0, "bbox": {"xmin": 1244, "ymin": 428, "ymax": 528, "xmax": 1280}}, {"tid": 1, "generated": 0, "bbox": {"xmin": 870, "ymin": 633, "ymax": 873, "xmax": 1059}}, {"tid": 2, "generated": 0, "bbox": {"xmin": 1236, "ymin": 363, "ymax": 507, "xmax": 1310}}, {"tid": 3, "generated": 0, "bbox": {"xmin": 885, "ymin": 496, "ymax": 856, "xmax": 1074}}], [{"tid": 0, "generated": 0, "bbox": {"xmin": 1242, "ymin": 429, "ymax": 529, "xmax": 1280}}, {"tid": 1, "generated": 0, "bbox": {"xmin": 883, "ymin": 635, "ymax": 867, "xmax": 1070}}, {"tid": 2, "generated": 0, "bbox": {"xmin": 1233, "ymin": 366, "ymax": 510, "xmax": 1307}}, {"tid": 3, "generated": 0, "bbox": {"xmin": 899, "ymin": 512, "ymax": 844, "xmax": 1080}}]], "subject/objects": [{"category": "bicycle", "tid": 0}, {"category": "bicycle", "tid": 1}, {"category": "person", "tid": 2}, {"category": "person", "tid": 3}], "relation_instances": [{"end_fid": 30, "subject_tid": 0, "predicate": "move_beneath", "begin_fid": 0, "object_tid": 2}, {"end_fid": 30, "subject_tid": 2, "predicate": "sit_above", "begin_fid": 0, "object_tid": 0}, {"end_fid": 30, "subject_tid": 2, "predicate": "ride", "begin_fid": 0, "object_tid": 0}, {"end_fid": 60, "subject_tid": 0, "predicate": "move_front", "begin_fid": 30, "object_tid": 1}, {"end_fid": 60, "subject_tid": 1, "predicate": "move_behind", "begin_fid": 30, "object_tid": 0}, {"end_fid": 60, "subject_tid": 0, "predicate": "move_beneath", "begin_fid": 30, "object_tid": 2}, {"end_fid": 60, "subject_tid": 2, "predicate": "sit_above", "begin_fid": 30, "object_tid": 0}, {"end_fid": 60, "subject_tid": 2, "predicate": "ride", "begin_fid": 30, "object_tid": 0}, {"end_fid": 60, "subject_tid": 0, "predicate": "move_front", "begin_fid": 30, "object_tid": 3}, {"end_fid": 60, "subject_tid": 3, "predicate": "behind", "begin_fid": 30, "object_tid": 0}, {"end_fid": 60, "subject_tid": 1, "predicate": "move_behind", "begin_fid": 30, "object_tid": 2}, {"end_fid": 60, "subject_tid": 2, "predicate": "front", "begin_fid": 30, "object_tid": 1}, {"end_fid": 60, "subject_tid": 1, "predicate": "move_beneath", "begin_fid": 30, "object_tid": 3}, {"end_fid": 60, "subject_tid": 3, "predicate": "sit_above", "begin_fid": 30, "object_tid": 1}, {"end_fid": 60, "subject_tid": 3, "predicate": "ride", "begin_fid": 30, "object_tid": 1}, {"end_fid": 60, "subject_tid": 2, "predicate": "front", "begin_fid": 30, "object_tid": 3}, {"end_fid": 60, "subject_tid": 3, "predicate": "behind", "begin_fid": 30, "object_tid": 2}, {"end_fid": 60, "subject_tid": 3, "predicate": "follow", "begin_fid": 30, "object_tid": 2}], "height": 1080}