{"width": 640, "frame_count": 240, "video_id": "ILSVRC2015_train_00300008", "fps": 30, "trajectories": [[{"tid": 0, "generated": 0, "bbox": {"xmin": 50, "ymin": 162, "ymax": 274, "xmax": 146}}, {"tid": 1, "generated": 0, "bbox": {"xmin": 252, "ymin": 164, "ymax": 281, "xmax": 424}}], [{"tid": 0, "generated": 0, "bbox": {"xmin": 64, "ymin": 152, "ymax": 268, "xmax": 165}}, {"tid": 1, "generated": 0, "bbox": {"xmin": 266, "ymin": 160, "ymax": 280, "xmax": 456}}], [{"tid": 0, "generated": 0, "bbox": {"xmin": 80, "ymin": 146, "ymax": 268, "xmax": 178}}, {"tid": 1, "generated": 0, "bbox": {"xmin": 284, "ymin": 157, "ymax": 277, "xmax": 472}}], [{"tid": 0, "generated": 0, "bbox": {"xmin": 93, "ymin": 144, "ymax": 264, "xmax": 192}}, {"tid": 1, "generated": 0, "bbox": {"xmin": 298, "ymin": 153, "ymax": 272, "xmax": 488}}], [{"tid": 0, "generated": 0, "bbox": {"xmin": 105, "ymin": 144, "ymax": 260, "xmax": 202}}, {"tid": 1, "generated": 0, "bbox": {"xmin": 310, "ymin": 148, "ymax": 265, "xmax": 500}}], [{"tid": 0, "generated": 0, "bbox": {"xmin": 116, "ymin": 141, "ymax": 257, "xmax": 217}}, {"tid": 1, "generated": 0, "bbox": {"xmin": 320, "ymin": 144, "ymax": 260, "xmax": 506}}], [{"tid": 0, "generated": 0, "bbox": {"xmin": 130, "ymin": 142, "ymax": 253, "xmax": 228}}, {"tid": 1, "generated": 0, "bbox": {"xmin": 332, "ymin": 142, "ymax": 260, "xmax": 520}}], [{"tid": 0, "generated": 0, "bbox": {"xmin": 140, "ymin": 142, "ymax": 250, "xmax": 236}}, {"tid": 1, "generated": 0, "bbox": {"xmin": 344, "ymin": 140, "ymax": 257, "xmax": 530}}], [{"tid": 0, "generated": 0, "bbox": {"xmin": 145, "ymin": 136, "ymax": 248, "xmax": 239}}, {"tid": 1, "generated": 0, "bbox": {"xmin": 351, "ymin": 138, "ymax": 255, "xmax": 544}}], [{"tid": 0, "generated": 0, "bbox": {"xmin": 153, "ymin": 135, "ymax": 245, "xmax": 248}}, {"tid": 1, "generated": 0, "bbox": {"xmin": 360, "ymin": 136, "ymax": 254, "xmax": 556}}], [{"tid": 0, "generated": 0, "bbox": {"xmin": 164, "ymin": 132, "ymax": 244, "xmax": 256}}, {"tid": 1, "generated": 0, "bbox": {"xmin": 368, "ymin": 133, "ymax": 248, "xmax": 568}}], [{"tid": 0, "generated": 0, "bbox": {"xmin": 165, "ymin": 129, "ymax": 242, "xmax": 257}}, {"tid": 1, "generated": 0, "bbox": {"xmin": 368, "ymin": 130, "ymax": 248, "xmax": 570}}], [{"tid": 0, "generated": 0, "bbox": {"xmin": 174, "ymin": 128, "ymax": 240, "xmax": 263}}, {"tid": 1, "generated": 0, "bbox": {"xmin": 373, "ymin": 130, "ymax": 245, "xmax": 578}}], [{"tid": 0, "generated": 0, "bbox": {"xmin": 174, "ymin": 128, "ymax": 238, "xmax": 260}}, {"tid": 1, "generated": 0, "bbox": {"xmin": 375, "ymin": 128, "ymax": 242, "xmax": 588}}], [{"tid": 0, "generated": 0, "bbox": {"xmin": 170, "ymin": 121, "ymax": 234, "xmax": 258}}, {"tid": 1, "generated": 0, "bbox": {"xmin": 372, "ymin": 122, "ymax": 240, "xmax": 593}}], [{"tid": 0, "generated": 0, "bbox": {"xmin": 170, "ymin": 120, "ymax": 232, "xmax": 249}}, {"tid": 1, "generated": 0, "bbox": {"xmin": 368, "ymin": 124, "ymax": 237, "xmax": 592}}], [{"tid": 0, "generated": 0, "bbox": {"xmin": 170, "ymin": 118, "ymax": 229, "xmax": 248}}, {"tid": 1, "generated": 0, "bbox": {"xmin": 368, "ymin": 119, "ymax": 232, "xmax": 598}}], [{"tid": 0, "generated": 0, "bbox": {"xmin": 168, "ymin": 120, "ymax": 232, "xmax": 247}}, {"tid": 1, "generated": 0, "bbox": {"xmin": 362, "ymin": 122, "ymax": 234, "xmax": 605}}], [{"tid": 0, "generated": 0, "bbox": {"xmin": 170, "ymin": 124, "ymax": 232, "xmax": 247}}, {"tid": 1, "generated": 0, "bbox": {"xmin": 362, "ymin": 125, "ymax": 237, "xmax": 606}}], [{"tid": 0, "generated": 0, "bbox": {"xmin": 174, "ymin": 126, "ymax": 237, "xmax": 249}}, {"tid": 1, "generated": 0, "bbox": {"xmin": 368, "ymin": 128, "ymax": 237, "xmax": 615}}], [{"tid": 0, "generated": 0, "bbox": {"xmin": 192, "ymin": 129, "ymax": 239, "xmax": 260}}, {"tid": 1, "generated": 0, "bbox": {"xmin": 381, "ymin": 130, "ymax": 240, "xmax": 630}}], [{"tid": 0, "generated": 0, "bbox": {"xmin": 189, "ymin": 129, "ymax": 234, "xmax": 256}}, {"tid": 1, "generated": 0, "bbox": {"xmin": 384, "ymin": 129, "ymax": 240, "xmax": 628}}], [{"tid": 0, "generated": 0, "bbox": {"xmin": 168, "ymin": 130, "ymax": 237, "xmax": 232}}, {"tid": 1, "generated": 0, "bbox": {"xmin": 360, "ymin": 129, "ymax": 240, "xmax": 606}}], [{"tid": 0, "generated": 0, "bbox": {"xmin": 152, "ymin": 132, "ymax": 238, "xmax": 225}}, {"tid": 1, "generated": 0, "bbox": {"xmin": 352, "ymin": 127, "ymax": 238, "xmax": 598}}], [{"tid": 0, "generated": 0, "bbox": {"xmin": 145, "ymin": 130, "ymax": 239, "xmax": 232}}, {"tid": 1, "generated": 0, "bbox": {"xmin": 362, "ymin": 128, "ymax": 238, "xmax": 608}}], [{"tid": 0, "generated": 0, "bbox": {"xmin": 156, "ymin": 134, "ymax": 239, "xmax": 248}}, {"tid": 1, "generated": 0, "bbox": {"xmin": 376, "ymin": 128, "ymax": 240, "xmax": 620}}], [{"tid": 0, "generated": 0, "bbox": {"xmin": 161, "ymin": 136, "ymax": 242, "xmax": 260}}, {"tid": 1, "generated": 0, "bbox": {"xmin": 392, "ymin": 128, "ymax": 241, "xmax": 637}}], [{"tid": 0, "generated": 0, "bbox": {"xmin": 176, "ymin": 134, "ymax": 240, "xmax": 277}}, {"tid": 1, "generated": 0, "bbox": {"xmin": 401, "ymin": 130, "ymax": 240, "xmax": 639}}], [{"tid": 0, "generated": 0, "bbox": {"xmin": 176, "ymin": 136, "ymax": 242, "xmax": 280}}, {"tid": 1, "generated": 0, "bbox": {"xmin": 412, "ymin": 129, "ymax": 239, "xmax": 639}}], [{"tid": 0, "generated": 0, "bbox": {"xmin": 159, "ymin": 137, "ymax": 246, "xmax": 280}}, {"tid": 1, "generated": 0, "bbox": {"xmin": 415, "ymin": 128, "ymax": 237, "xmax": 639}}], [{"tid": 0, "generated": 0, "bbox": {"xmin": 160, "ymin": 133, "ymax": 238, "xmax": 297}}, {"tid": 2, "generated": 0, "bbox": {"xmin": 0, "ymin": 162, "ymax": 246, "xmax": 23}}], [{"tid": 0, "generated": 0, "bbox": {"xmin": 160, "ymin": 129, "ymax": 234, "xmax": 318}}, {"tid": 2, "generated": 0, "bbox": {"xmin": 0, "ymin": 160, "ymax": 254, "xmax": 40}}], [{"tid": 0, "generated": 0, "bbox": {"xmin": 151, "ymin": 127, "ymax": 233, "xmax": 318}}, {"tid": 2, "generated": 0, "bbox": {"xmin": 0, "ymin": 159, "ymax": 254, "xmax": 46}}], [{"tid": 0, "generated": 0, "bbox": {"xmin": 160, "ymin": 124, "ymax": 232, "xmax": 330}}, {"tid": 2, "generated": 0, "bbox": {"xmin": 0, "ymin": 154, "ymax": 252, "xmax": 56}}], [{"tid": 0, "generated": 0, "bbox": {"xmin": 167, "ymin": 118, "ymax": 225, "xmax": 320}}, {"tid": 2, "generated": 0, "bbox": {"xmin": 7, "ymin": 149, "ymax": 248, "xmax": 72}}], [{"tid": 0, "generated": 0, "bbox": {"xmin": 169, "ymin": 112, "ymax": 224, "xmax": 324}}, {"tid": 2, "generated": 0, "bbox": {"xmin": 10, "ymin": 144, "ymax": 240, "xmax": 77}}], [{"tid": 0, "generated": 0, "bbox": {"xmin": 184, "ymin": 111, "ymax": 216, "xmax": 304}}, {"tid": 2, "generated": 0, "bbox": {"xmin": 15, "ymin": 142, "ymax": 232, "xmax": 86}}], [{"tid": 0, "generated": 0, "bbox": {"xmin": 199, "ymin": 106, "ymax": 216, "xmax": 318}}, {"tid": 2, "generated": 0, "bbox": {"xmin": 30, "ymin": 142, "ymax": 229, "xmax": 97}}], [{"tid": 0, "generated": 0, "bbox": {"xmin": 209, "ymin": 108, "ymax": 214, "xmax": 337}}, {"tid": 2, "generated": 0, "bbox": {"xmin": 46, "ymin": 142, "ymax": 229, "xmax": 117}}], [{"tid": 0, "generated": 0, "bbox": {"xmin": 216, "ymin": 104, "ymax": 210, "xmax": 350}}, {"tid": 2, "generated": 0, "bbox": {"xmin": 58, "ymin": 142, "ymax": 225, "xmax": 128}}], [{"tid": 0, "generated": 0, "bbox": {"xmin": 223, "ymin": 102, "ymax": 208, "xmax": 359}}, {"tid": 2, "generated": 0, "bbox": {"xmin": 68, "ymin": 143, "ymax": 230, "xmax": 144}}], [{"tid": 0, "generated": 0, "bbox": {"xmin": 217, "ymin": 100, "ymax": 208, "xmax": 366}}, {"tid": 2, "generated": 0, "bbox": {"xmin": 72, "ymin": 142, "ymax": 224, "xmax": 152}}], [{"tid": 0, "generated": 0, "bbox": {"xmin": 226, "ymin": 101, "ymax": 207, "xmax": 380}}, {"tid": 2, "generated": 0, "bbox": {"xmin": 81, "ymin": 144, "ymax": 226, "xmax": 165}}], [{"tid": 0, "generated": 0, "bbox": {"xmin": 237, "ymin": 101, "ymax": 206, "xmax": 392}}, {"tid": 2, "generated": 0, "bbox": {"xmin": 96, "ymin": 146, "ymax": 224, "xmax": 182}}], [{"tid": 0, "generated": 0, "bbox": {"xmin": 232, "ymin": 104, "ymax": 214, "xmax": 400}}, {"tid": 2, "generated": 0, "bbox": {"xmin": 100, "ymin": 150, "ymax": 232, "xmax": 205}}], [{"tid": 0, "generated": 0, "bbox": {"xmin": 232, "ymin": 104, "ymax": 208, "xmax": 406}}, {"tid": 2, "generated": 0, "bbox": {"xmin": 104, "ymin": 152, "ymax": 234, "xmax": 209}}], [{"tid": 0, "generated": 0, "bbox": {"xmin": 238, "ymin": 104, "ymax": 209, "xmax": 414}}, {"tid": 2, "generated": 0, "bbox": {"xmin": 114, "ymin": 152, "ymax": 234, "xmax": 224}}], [{"tid": 0, "generated": 0, "bbox": {"xmin": 233, "ymin": 104, "ymax": 210, "xmax": 415}}, {"tid": 2, "generated": 0, "bbox": {"xmin": 116, "ymin": 152, "ymax": 232, "xmax": 226}}], [{"tid": 0, "generated": 0, "bbox": {"xmin": 224, "ymin": 104, "ymax": 208, "xmax": 409}}, {"tid": 2, "generated": 0, "bbox": {"xmin": 114, "ymin": 149, "ymax": 232, "xmax": 228}}], [{"tid": 0, "generated": 0, "bbox": {"xmin": 216, "ymin": 104, "ymax": 205, "xmax": 413}}, {"tid": 2, "generated": 0, "bbox": {"xmin": 118, "ymin": 149, "ymax": 224, "xmax": 232}}], [{"tid": 0, "generated": 0, "bbox": {"xmin": 223, "ymin": 109, "ymax": 206, "xmax": 416}}, {"tid": 2, "generated": 0, "bbox": {"xmin": 120, "ymin": 150, "ymax": 229, "xmax": 241}}], [{"tid": 0, "generated": 0, "bbox": {"xmin": 224, "ymin": 110, "ymax": 197, "xmax": 417}}, {"tid": 2, "generated": 0, "bbox": {"xmin": 120, "ymin": 150, "ymax": 230, "xmax": 240}}], [{"tid": 0, "generated": 0, "bbox": {"xmin": 220, "ymin": 108, "ymax": 192, "xmax": 413}}, {"tid": 2, "generated": 0, "bbox": {"xmin": 120, "ymin": 149, "ymax": 228, "xmax": 246}}], [{"tid": 0, "generated": 0, "bbox": {"xmin": 209, "ymin": 106, "ymax": 197, "xmax": 409}}, {"tid": 2, "generated": 0, "bbox": {"xmin": 121, "ymin": 148, "ymax": 232, "xmax": 247}}], [{"tid": 0, "generated": 0, "bbox": {"xmin": 209, "ymin": 104, "ymax": 192, "xmax": 408}}, {"tid": 2, "generated": 0, "bbox": {"xmin": 119, "ymin": 146, "ymax": 228, "xmax": 250}}], [{"tid": 0, "generated": 0, "bbox": {"xmin": 204, "ymin": 104, "ymax": 192, "xmax": 398}}, {"tid": 2, "generated": 0, "bbox": {"xmin": 118, "ymin": 146, "ymax": 223, "xmax": 247}}], [{"tid": 0, "generated": 0, "bbox": {"xmin": 197, "ymin": 100, "ymax": 192, "xmax": 391}}, {"tid": 2, "generated": 0, "bbox": {"xmin": 111, "ymin": 141, "ymax": 225, "xmax": 240}}], [{"tid": 0, "generated": 0, "bbox": {"xmin": 188, "ymin": 101, "ymax": 192, "xmax": 384}}, {"tid": 2, "generated": 0, "bbox": {"xmin": 110, "ymin": 144, "ymax": 226, "xmax": 240}}], [{"tid": 0, "generated": 0, "bbox": {"xmin": 180, "ymin": 103, "ymax": 192, "xmax": 377}}, {"tid": 2, "generated": 0, "bbox": {"xmin": 105, "ymin": 142, "ymax": 228, "xmax": 236}}], [{"tid": 0, "generated": 0, "bbox": {"xmin": 176, "ymin": 104, "ymax": 196, "xmax": 376}}, {"tid": 2, "generated": 0, "bbox": {"xmin": 108, "ymin": 141, "ymax": 229, "xmax": 237}}], [{"tid": 0, "generated": 0, "bbox": {"xmin": 168, "ymin": 104, "ymax": 192, "xmax": 360}}, {"tid": 1, "generated": 0, "bbox": {"xmin": 592, "ymin": 72, "ymax": 209, "xmax": 639}}, {"tid": 2, "generated": 0, "bbox": {"xmin": 100, "ymin": 144, "ymax": 232, "xmax": 224}}], [{"tid": 0, "generated": 0, "bbox": {"xmin": 153, "ymin": 106, "ymax": 197, "xmax": 344}}, {"tid": 1, "generated": 0, "bbox": {"xmin": 573, "ymin": 72, "ymax": 208, "xmax": 638}}, {"tid": 2, "generated": 0, "bbox": {"xmin": 88, "ymin": 141, "ymax": 231, "xmax": 216}}], [{"tid": 0, "generated": 0, "bbox": {"xmin": 144, "ymin": 108, "ymax": 201, "xmax": 337}}, {"tid": 1, "generated": 0, "bbox": {"xmin": 568, "ymin": 74, "ymax": 208, "xmax": 638}}, {"tid": 2, "generated": 0, "bbox": {"xmin": 88, "ymin": 145, "ymax": 233, "xmax": 214}}], [{"tid": 0, "generated": 0, "bbox": {"xmin": 135, "ymin": 111, "ymax": 192, "xmax": 336}}, {"tid": 1, "generated": 0, "bbox": {"xmin": 562, "ymin": 79, "ymax": 213, "xmax": 639}}, {"tid": 2, "generated": 0, "bbox": {"xmin": 88, "ymin": 144, "ymax": 237, "xmax": 221}}], [{"tid": 0, "generated": 0, "bbox": {"xmin": 126, "ymin": 112, "ymax": 200, "xmax": 316}}, {"tid": 1, "generated": 0, "bbox": {"xmin": 549, "ymin": 78, "ymax": 210, "xmax": 638}}, {"tid": 2, "generated": 0, "bbox": {"xmin": 76, "ymin": 150, "ymax": 240, "xmax": 210}}], [{"tid": 0, "generated": 0, "bbox": {"xmin": 117, "ymin": 120, "ymax": 198, "xmax": 296}}, {"tid": 1, "generated": 0, "bbox": {"xmin": 528, "ymin": 80, "ymax": 194, "xmax": 638}}, {"tid": 2, "generated": 0, "bbox": {"xmin": 56, "ymin": 152, "ymax": 242, "xmax": 192}}], [{"tid": 0, "generated": 0, "bbox": {"xmin": 93, "ymin": 120, "ymax": 200, "xmax": 280}}, {"tid": 1, "generated": 0, "bbox": {"xmin": 512, "ymin": 82, "ymax": 196, "xmax": 638}}, {"tid": 2, "generated": 0, "bbox": {"xmin": 44, "ymin": 145, "ymax": 247, "xmax": 184}}], [{"tid": 0, "generated": 0, "bbox": {"xmin": 80, "ymin": 125, "ymax": 204, "xmax": 240}}, {"tid": 1, "generated": 0, "bbox": {"xmin": 500, "ymin": 82, "ymax": 198, "xmax": 637}}, {"tid": 2, "generated": 0, "bbox": {"xmin": 38, "ymin": 144, "ymax": 242, "xmax": 176}}], [{"tid": 0, "generated": 0, "bbox": {"xmin": 80, "ymin": 124, "ymax": 184, "xmax": 237}}, {"tid": 1, "generated": 0, "bbox": {"xmin": 488, "ymin": 82, "ymax": 200, "xmax": 636}}, {"tid": 2, "generated": 0, "bbox": {"xmin": 33, "ymin": 152, "ymax": 248, "xmax": 181}}], [{"tid": 0, "generated": 0, "bbox": {"xmin": 74, "ymin": 122, "ymax": 176, "xmax": 222}}, {"tid": 1, "generated": 0, "bbox": {"xmin": 478, "ymin": 65, "ymax": 202, "xmax": 636}}, {"tid": 2, "generated": 0, "bbox": {"xmin": 24, "ymin": 160, "ymax": 249, "xmax": 178}}], [{"tid": 0, "generated": 0, "bbox": {"xmin": 57, "ymin": 125, "ymax": 194, "xmax": 208}}, {"tid": 1, "generated": 0, "bbox": {"xmin": 465, "ymin": 63, "ymax": 205, "xmax": 636}}, {"tid": 2, "generated": 0, "bbox": {"xmin": 22, "ymin": 164, "ymax": 254, "xmax": 178}}], [{"tid": 0, "generated": 0, "bbox": {"xmin": 58, "ymin": 128, "ymax": 199, "xmax": 208}}, {"tid": 1, "generated": 0, "bbox": {"xmin": 455, "ymin": 50, "ymax": 201, "xmax": 638}}, {"tid": 2, "generated": 0, "bbox": {"xmin": 24, "ymin": 165, "ymax": 256, "xmax": 184}}], [{"tid": 0, "generated": 0, "bbox": {"xmin": 54, "ymin": 129, "ymax": 202, "xmax": 200}}, {"tid": 1, "generated": 0, "bbox": {"xmin": 444, "ymin": 37, "ymax": 201, "xmax": 623}}, {"tid": 2, "generated": 0, "bbox": {"xmin": 21, "ymin": 167, "ymax": 256, "xmax": 184}}], [{"tid": 0, "generated": 0, "bbox": {"xmin": 55, "ymin": 136, "ymax": 208, "xmax": 196}}, {"tid": 1, "generated": 0, "bbox": {"xmin": 439, "ymin": 32, "ymax": 201, "xmax": 607}}, {"tid": 2, "generated": 0, "bbox": {"xmin": 24, "ymin": 173, "ymax": 262, "xmax": 193}}], [{"tid": 0, "generated": 0, "bbox": {"xmin": 61, "ymin": 140, "ymax": 214, "xmax": 205}}, {"tid": 1, "generated": 0, "bbox": {"xmin": 432, "ymin": 24, "ymax": 178, "xmax": 597}}, {"tid": 2, "generated": 0, "bbox": {"xmin": 38, "ymin": 176, "ymax": 264, "xmax": 212}}], [{"tid": 0, "generated": 0, "bbox": {"xmin": 63, "ymin": 142, "ymax": 213, "xmax": 200}}, {"tid": 1, "generated": 0, "bbox": {"xmin": 429, "ymin": 2, "ymax": 190, "xmax": 562}}, {"tid": 2, "generated": 0, "bbox": {"xmin": 39, "ymin": 176, "ymax": 268, "xmax": 216}}], [{"tid": 0, "generated": 0, "bbox": {"xmin": 55, "ymin": 143, "ymax": 208, "xmax": 184}}, {"tid": 1, "generated": 0, "bbox": {"xmin": 420, "ymin": 0, "ymax": 184, "xmax": 559}}, {"tid": 2, "generated": 0, "bbox": {"xmin": 32, "ymin": 176, "ymax": 269, "xmax": 216}}], [{"tid": 0, "generated": 0, "bbox": {"xmin": 57, "ymin": 144, "ymax": 214, "xmax": 167}}, {"tid": 1, "generated": 0, "bbox": {"xmin": 416, "ymin": 7, "ymax": 170, "xmax": 556}}, {"tid": 2, "generated": 0, "bbox": {"xmin": 32, "ymin": 176, "ymax": 270, "xmax": 223}}], [{"tid": 0, "generated": 0, "bbox": {"xmin": 64, "ymin": 144, "ymax": 213, "xmax": 149}}, {"tid": 1, "generated": 0, "bbox": {"xmin": 413, "ymin": 5, "ymax": 160, "xmax": 566}}, {"tid": 2, "generated": 0, "bbox": {"xmin": 40, "ymin": 176, "ymax": 265, "xmax": 229}}], [{"tid": 0, "generated": 0, "bbox": {"xmin": 76, "ymin": 144, "ymax": 207, "xmax": 157}}, {"tid": 1, "generated": 0, "bbox": {"xmin": 408, "ymin": 0, "ymax": 152, "xmax": 576}}, {"tid": 2, "generated": 0, "bbox": {"xmin": 48, "ymin": 174, "ymax": 264, "xmax": 238}}], [{"tid": 0, "generated": 0, "bbox": {"xmin": 84, "ymin": 144, "ymax": 215, "xmax": 159}}, {"tid": 1, "generated": 0, "bbox": {"xmin": 405, "ymin": 5, "ymax": 150, "xmax": 570}}, {"tid": 2, "generated": 0, "bbox": {"xmin": 90, "ymin": 174, "ymax": 264, "xmax": 248}}], [{"tid": 0, "generated": 0, "bbox": {"xmin": 84, "ymin": 144, "ymax": 216, "xmax": 157}}, {"tid": 1, "generated": 0, "bbox": {"xmin": 384, "ymin": 0, "ymax": 152, "xmax": 561}}, {"tid": 2, "generated": 0, "bbox": {"xmin": 93, "ymin": 174, "ymax": 264, "xmax": 256}}], [{"tid": 0, "generated": 0, "bbox": {"xmin": 86, "ymin": 144, "ymax": 216, "xmax": 152}}, {"tid": 1, "generated": 0, "bbox": {"xmin": 376, "ymin": 0, "ymax": 152, "xmax": 560}}, {"tid": 2, "generated": 0, "bbox": {"xmin": 96, "ymin": 175, "ymax": 264, "xmax": 255}}], [{"tid": 0, "generated": 0, "bbox": {"xmin": 80, "ymin": 141, "ymax": 218, "xmax": 158}}, {"tid": 1, "generated": 0, "bbox": {"xmin": 366, "ymin": 21, "ymax": 148, "xmax": 552}}, {"tid": 2, "generated": 0, "bbox": {"xmin": 96, "ymin": 174, "ymax": 264, "xmax": 258}}], [{"tid": 0, "generated": 0, "bbox": {"xmin": 78, "ymin": 137, "ymax": 214, "xmax": 152}}, {"tid": 1, "generated": 0, "bbox": {"xmin": 348, "ymin": 24, "ymax": 145, "xmax": 534}}, {"tid": 2, "generated": 0, "bbox": {"xmin": 100, "ymin": 170, "ymax": 264, "xmax": 268}}], [{"tid": 0, "generated": 0, "bbox": {"xmin": 97, "ymin": 133, "ymax": 213, "xmax": 165}}, {"tid": 1, "generated": 0, "bbox": {"xmin": 336, "ymin": 8, "ymax": 137, "xmax": 514}}, {"tid": 2, "generated": 0, "bbox": {"xmin": 104, "ymin": 170, "ymax": 264, "xmax": 272}}], [{"tid": 0, "generated": 0, "bbox": {"xmin": 111, "ymin": 132, "ymax": 215, "xmax": 176}}, {"tid": 1, "generated": 0, "bbox": {"xmin": 336, "ymin": 9, "ymax": 141, "xmax": 492}}, {"tid": 2, "generated": 0, "bbox": {"xmin": 117, "ymin": 175, "ymax": 265, "xmax": 286}}], [{"tid": 0, "generated": 0, "bbox": {"xmin": 118, "ymin": 125, "ymax": 217, "xmax": 183}}, {"tid": 1, "generated": 0, "bbox": {"xmin": 336, "ymin": 13, "ymax": 134, "xmax": 487}}, {"tid": 2, "generated": 0, "bbox": {"xmin": 121, "ymin": 176, "ymax": 268, "xmax": 296}}], [{"tid": 0, "generated": 0, "bbox": {"xmin": 126, "ymin": 106, "ymax": 216, "xmax": 194}}, {"tid": 1, "generated": 0, "bbox": {"xmin": 328, "ymin": 12, "ymax": 128, "xmax": 473}}, {"tid": 2, "generated": 0, "bbox": {"xmin": 122, "ymin": 176, "ymax": 270, "xmax": 304}}], [{"tid": 0, "generated": 0, "bbox": {"xmin": 127, "ymin": 71, "ymax": 208, "xmax": 200}}, {"tid": 1, "generated": 0, "bbox": {"xmin": 313, "ymin": 21, "ymax": 120, "xmax": 488}}, {"tid": 2, "generated": 0, "bbox": {"xmin": 118, "ymin": 176, "ymax": 273, "xmax": 314}}], [{"tid": 0, "generated": 0, "bbox": {"xmin": 128, "ymin": 68, "ymax": 210, "xmax": 193}}, {"tid": 1, "generated": 0, "bbox": {"xmin": 300, "ymin": 18, "ymax": 120, "xmax": 424}}, {"tid": 2, "generated": 0, "bbox": {"xmin": 114, "ymin": 177, "ymax": 277, "xmax": 324}}], [{"tid": 0, "generated": 0, "bbox": {"xmin": 129, "ymin": 44, "ymax": 188, "xmax": 199}}, {"tid": 1, "generated": 0, "bbox": {"xmin": 281, "ymin": 16, "ymax": 113, "xmax": 442}}, {"tid": 2, "generated": 0, "bbox": {"xmin": 120, "ymin": 177, "ymax": 277, "xmax": 333}}], [{"tid": 0, "generated": 0, "bbox": {"xmin": 136, "ymin": 30, "ymax": 168, "xmax": 202}}, {"tid": 1, "generated": 0, "bbox": {"xmin": 262, "ymin": 12, "ymax": 120, "xmax": 408}}, {"tid": 2, "generated": 0, "bbox": {"xmin": 120, "ymin": 177, "ymax": 274, "xmax": 351}}], [{"tid": 0, "generated": 0, "bbox": {"xmin": 142, "ymin": 26, "ymax": 166, "xmax": 208}}, {"tid": 1, "generated": 0, "bbox": {"xmin": 254, "ymin": 8, "ymax": 128, "xmax": 392}}, {"tid": 2, "generated": 0, "bbox": {"xmin": 124, "ymin": 177, "ymax": 273, "xmax": 360}}], [{"tid": 0, "generated": 0, "bbox": {"xmin": 149, "ymin": 33, "ymax": 150, "xmax": 222}}, {"tid": 1, "generated": 0, "bbox": {"xmin": 234, "ymin": 9, "ymax": 125, "xmax": 373}}, {"tid": 2, "generated": 0, "bbox": {"xmin": 128, "ymin": 177, "ymax": 272, "xmax": 364}}], [{"tid": 0, "generated": 0, "bbox": {"xmin": 152, "ymin": 49, "ymax": 153, "xmax": 216}}, {"tid": 1, "generated": 0, "bbox": {"xmin": 212, "ymin": 0, "ymax": 121, "xmax": 344}}, {"tid": 2, "generated": 0, "bbox": {"xmin": 128, "ymin": 177, "ymax": 276, "xmax": 360}}], [{"tid": 0, "generated": 0, "bbox": {"xmin": 152, "ymin": 64, "ymax": 160, "xmax": 209}}, {"tid": 1, "generated": 0, "bbox": {"xmin": 200, "ymin": 0, "ymax": 122, "xmax": 332}}, {"tid": 2, "generated": 0, "bbox": {"xmin": 137, "ymin": 177, "ymax": 280, "xmax": 359}}], [{"tid": 0, "generated": 0, "bbox": {"xmin": 152, "ymin": 57, "ymax": 149, "xmax": 220}}, {"tid": 1, "generated": 0, "bbox": {"xmin": 199, "ymin": 0, "ymax": 127, "xmax": 320}}, {"tid": 2, "generated": 0, "bbox": {"xmin": 151, "ymin": 177, "ymax": 273, "xmax": 372}}], [{"tid": 0, "generated": 0, "bbox": {"xmin": 156, "ymin": 52, "ymax": 149, "xmax": 231}}, {"tid": 1, "generated": 0, "bbox": {"xmin": 206, "ymin": 0, "ymax": 111, "xmax": 319}}, {"tid": 2, "generated": 0, "bbox": {"xmin": 175, "ymin": 177, "ymax": 275, "xmax": 389}}], [{"tid": 0, "generated": 0, "bbox": {"xmin": 166, "ymin": 48, "ymax": 150, "xmax": 240}}, {"tid": 1, "generated": 0, "bbox": {"xmin": 214, "ymin": 0, "ymax": 96, "xmax": 318}}, {"tid": 2, "generated": 0, "bbox": {"xmin": 200, "ymin": 178, "ymax": 278, "xmax": 406}}], [{"tid": 0, "generated": 0, "bbox": {"xmin": 176, "ymin": 48, "ymax": 154, "xmax": 250}}, {"tid": 1, "generated": 0, "bbox": {"xmin": 222, "ymin": 0, "ymax": 65, "xmax": 309}}, {"tid": 2, "generated": 0, "bbox": {"xmin": 216, "ymin": 172, "ymax": 278, "xmax": 422}}], [{"tid": 0, "generated": 0, "bbox": {"xmin": 174, "ymin": 44, "ymax": 128, "xmax": 247}}, {"tid": 1, "generated": 0, "bbox": {"xmin": 221, "ymin": 0, "ymax": 69, "xmax": 330}}, {"tid": 2, "generated": 0, "bbox": {"xmin": 224, "ymin": 173, "ymax": 288, "xmax": 437}}], [{"tid": 0, "generated": 0, "bbox": {"xmin": 184, "ymin": 34, "ymax": 108, "xmax": 246}}, {"tid": 1, "generated": 0, "bbox": {"xmin": 224, "ymin": 0, "ymax": 68, "xmax": 324}}, {"tid": 2, "generated": 0, "bbox": {"xmin": 247, "ymin": 169, "ymax": 286, "xmax": 456}}], [{"tid": 0, "generated": 0, "bbox": {"xmin": 183, "ymin": 38, "ymax": 116, "xmax": 245}}, {"tid": 1, "generated": 0, "bbox": {"xmin": 232, "ymin": 4, "ymax": 88, "xmax": 328}}, {"tid": 2, "generated": 0, "bbox": {"xmin": 261, "ymin": 176, "ymax": 292, "xmax": 476}}], [{"tid": 0, "generated": 0, "bbox": {"xmin": 194, "ymin": 40, "ymax": 117, "xmax": 252}}, {"tid": 1, "generated": 0, "bbox": {"xmin": 245, "ymin": 10, "ymax": 103, "xmax": 327}}, {"tid": 2, "generated": 0, "bbox": {"xmin": 288, "ymin": 184, "ymax": 305, "xmax": 496}}], [], [], [], [], [], [], [], [], [], [], [], [], [], [], [], [], [], [], [], [], [], [], [], [], [], [], [], [], [], [], [], [], [], [], [], [], [], [], [], [], [], [], [], [], [], [], [], [], [], [], [], [], [], [], [], [], [], [], [], [], [], [], [], [], [], [], [], [], [], [], [], [], [], [], [], [], [], [], [], [], [], [], [], [], [], [], [], [], [], [], [{"tid": 2, "generated": 0, "bbox": {"xmin": 80, "ymin": 165, "ymax": 272, "xmax": 249}}, {"tid": 3, "generated": 0, "bbox": {"xmin": 518, "ymin": 218, "ymax": 320, "xmax": 639}}], [{"tid": 2, "generated": 0, "bbox": {"xmin": 72, "ymin": 176, "ymax": 284, "xmax": 244}}, {"tid": 3, "generated": 0, "bbox": {"xmin": 520, "ymin": 223, "ymax": 320, "xmax": 637}}], [{"tid": 2, "generated": 0, "bbox": {"xmin": 86, "ymin": 176, "ymax": 286, "xmax": 256}}, {"tid": 3, "generated": 0, "bbox": {"xmin": 520, "ymin": 222, "ymax": 328, "xmax": 639}}], [{"tid": 2, "generated": 0, "bbox": {"xmin": 96, "ymin": 174, "ymax": 284, "xmax": 264}}, {"tid": 3, "generated": 0, "bbox": {"xmin": 522, "ymin": 224, "ymax": 328, "xmax": 638}}], [{"tid": 2, "generated": 0, "bbox": {"xmin": 88, "ymin": 172, "ymax": 282, "xmax": 255}}, {"tid": 3, "generated": 0, "bbox": {"xmin": 525, "ymin": 222, "ymax": 328, "xmax": 638}}], [{"tid": 2, "generated": 0, "bbox": {"xmin": 89, "ymin": 169, "ymax": 281, "xmax": 256}}, {"tid": 3, "generated": 0, "bbox": {"xmin": 528, "ymin": 220, "ymax": 328, "xmax": 639}}], [{"tid": 2, "generated": 0, "bbox": {"xmin": 98, "ymin": 165, "ymax": 277, "xmax": 264}}, {"tid": 3, "generated": 0, "bbox": {"xmin": 527, "ymin": 216, "ymax": 319, "xmax": 638}}], [{"tid": 2, "generated": 0, "bbox": {"xmin": 97, "ymin": 159, "ymax": 271, "xmax": 264}}, {"tid": 3, "generated": 0, "bbox": {"xmin": 520, "ymin": 210, "ymax": 312, "xmax": 639}}], [{"tid": 2, "generated": 0, "bbox": {"xmin": 84, "ymin": 152, "ymax": 263, "xmax": 249}}, {"tid": 3, "generated": 0, "bbox": {"xmin": 515, "ymin": 205, "ymax": 306, "xmax": 638}}], [{"tid": 2, "generated": 0, "bbox": {"xmin": 72, "ymin": 144, "ymax": 256, "xmax": 239}}, {"tid": 3, "generated": 0, "bbox": {"xmin": 511, "ymin": 200, "ymax": 301, "xmax": 638}}], [{"tid": 2, "generated": 0, "bbox": {"xmin": 64, "ymin": 137, "ymax": 248, "xmax": 232}}, {"tid": 3, "generated": 0, "bbox": {"xmin": 488, "ymin": 191, "ymax": 288, "xmax": 638}}], [{"tid": 2, "generated": 0, "bbox": {"xmin": 65, "ymin": 127, "ymax": 237, "xmax": 232}}, {"tid": 3, "generated": 0, "bbox": {"xmin": 488, "ymin": 182, "ymax": 274, "xmax": 638}}], [{"tid": 2, "generated": 0, "bbox": {"xmin": 50, "ymin": 118, "ymax": 226, "xmax": 218}}, {"tid": 3, "generated": 0, "bbox": {"xmin": 478, "ymin": 162, "ymax": 268, "xmax": 638}}], [{"tid": 2, "generated": 0, "bbox": {"xmin": 30, "ymin": 110, "ymax": 220, "xmax": 194}}, {"tid": 3, "generated": 0, "bbox": {"xmin": 454, "ymin": 156, "ymax": 254, "xmax": 637}}], [{"tid": 2, "generated": 0, "bbox": {"xmin": 34, "ymin": 106, "ymax": 216, "xmax": 202}}, {"tid": 3, "generated": 0, "bbox": {"xmin": 460, "ymin": 151, "ymax": 253, "xmax": 637}}], [{"tid": 2, "generated": 0, "bbox": {"xmin": 52, "ymin": 111, "ymax": 221, "xmax": 216}}, {"tid": 3, "generated": 0, "bbox": {"xmin": 480, "ymin": 157, "ymax": 269, "xmax": 638}}], [{"tid": 2, "generated": 0, "bbox": {"xmin": 40, "ymin": 109, "ymax": 218, "xmax": 210}}, {"tid": 3, "generated": 0, "bbox": {"xmin": 469, "ymin": 152, "ymax": 258, "xmax": 638}}], [{"tid": 2, "generated": 0, "bbox": {"xmin": 29, "ymin": 106, "ymax": 216, "xmax": 194}}, {"tid": 3, "generated": 0, "bbox": {"xmin": 449, "ymin": 149, "ymax": 257, "xmax": 638}}], [{"tid": 2, "generated": 0, "bbox": {"xmin": 17, "ymin": 106, "ymax": 217, "xmax": 182}}, {"tid": 3, "generated": 0, "bbox": {"xmin": 440, "ymin": 144, "ymax": 257, "xmax": 638}}], [{"tid": 2, "generated": 0, "bbox": {"xmin": 8, "ymin": 105, "ymax": 216, "xmax": 174}}, {"tid": 3, "generated": 0, "bbox": {"xmin": 440, "ymin": 144, "ymax": 264, "xmax": 639}}], [{"tid": 2, "generated": 0, "bbox": {"xmin": 10, "ymin": 109, "ymax": 221, "xmax": 173}}, {"tid": 3, "generated": 0, "bbox": {"xmin": 442, "ymin": 144, "ymax": 266, "xmax": 639}}], [{"tid": 2, "generated": 0, "bbox": {"xmin": 10, "ymin": 110, "ymax": 222, "xmax": 172}}, {"tid": 3, "generated": 0, "bbox": {"xmin": 444, "ymin": 144, "ymax": 268, "xmax": 639}}], [{"tid": 2, "generated": 0, "bbox": {"xmin": 12, "ymin": 109, "ymax": 219, "xmax": 172}}, {"tid": 3, "generated": 0, "bbox": {"xmin": 444, "ymin": 148, "ymax": 272, "xmax": 638}}], [{"tid": 2, "generated": 0, "bbox": {"xmin": 15, "ymin": 108, "ymax": 217, "xmax": 173}}, {"tid": 3, "generated": 0, "bbox": {"xmin": 445, "ymin": 144, "ymax": 272, "xmax": 638}}], [{"tid": 2, "generated": 0, "bbox": {"xmin": 16, "ymin": 104, "ymax": 216, "xmax": 176}}, {"tid": 3, "generated": 0, "bbox": {"xmin": 446, "ymin": 140, "ymax": 269, "xmax": 639}}], [{"tid": 2, "generated": 0, "bbox": {"xmin": 15, "ymin": 96, "ymax": 208, "xmax": 175}}, {"tid": 3, "generated": 0, "bbox": {"xmin": 447, "ymin": 140, "ymax": 271, "xmax": 639}}], [{"tid": 2, "generated": 0, "bbox": {"xmin": 6, "ymin": 88, "ymax": 199, "xmax": 168}}, {"tid": 3, "generated": 0, "bbox": {"xmin": 430, "ymin": 128, "ymax": 260, "xmax": 639}}], [{"tid": 2, "generated": 0, "bbox": {"xmin": 0, "ymin": 81, "ymax": 193, "xmax": 152}}, {"tid": 3, "generated": 0, "bbox": {"xmin": 415, "ymin": 127, "ymax": 256, "xmax": 638}}], [{"tid": 2, "generated": 0, "bbox": {"xmin": 0, "ymin": 72, "ymax": 184, "xmax": 152}}, {"tid": 3, "generated": 0, "bbox": {"xmin": 416, "ymin": 120, "ymax": 247, "xmax": 638}}], [{"tid": 2, "generated": 0, "bbox": {"xmin": 0, "ymin": 66, "ymax": 178, "xmax": 152}}, {"tid": 3, "generated": 0, "bbox": {"xmin": 417, "ymin": 112, "ymax": 240, "xmax": 638}}], [{"tid": 2, "generated": 0, "bbox": {"xmin": 4, "ymin": 64, "ymax": 175, "xmax": 156}}, {"tid": 3, "generated": 0, "bbox": {"xmin": 417, "ymin": 105, "ymax": 237, "xmax": 637}}], [{"tid": 2, "generated": 0, "bbox": {"xmin": 0, "ymin": 63, "ymax": 173, "xmax": 160}}, {"tid": 3, "generated": 0, "bbox": {"xmin": 431, "ymin": 104, "ymax": 232, "xmax": 639}}], [{"tid": 2, "generated": 0, "bbox": {"xmin": 5, "ymin": 63, "ymax": 175, "xmax": 164}}, {"tid": 3, "generated": 0, "bbox": {"xmin": 438, "ymin": 105, "ymax": 236, "xmax": 638}}], [{"tid": 2, "generated": 0, "bbox": {"xmin": 12, "ymin": 64, "ymax": 175, "xmax": 174}}, {"tid": 3, "generated": 0, "bbox": {"xmin": 440, "ymin": 105, "ymax": 232, "xmax": 639}}], [{"tid": 2, "generated": 0, "bbox": {"xmin": 23, "ymin": 63, "ymax": 174, "xmax": 184}}, {"tid": 3, "generated": 0, "bbox": {"xmin": 455, "ymin": 106, "ymax": 232, "xmax": 637}}], [{"tid": 2, "generated": 0, "bbox": {"xmin": 34, "ymin": 64, "ymax": 175, "xmax": 196}}, {"tid": 3, "generated": 0, "bbox": {"xmin": 465, "ymin": 109, "ymax": 230, "xmax": 638}}], [{"tid": 2, "generated": 0, "bbox": {"xmin": 32, "ymin": 61, "ymax": 172, "xmax": 192}}, {"tid": 3, "generated": 0, "bbox": {"xmin": 461, "ymin": 111, "ymax": 226, "xmax": 638}}], [{"tid": 2, "generated": 0, "bbox": {"xmin": 21, "ymin": 56, "ymax": 168, "xmax": 181}}, {"tid": 3, "generated": 0, "bbox": {"xmin": 450, "ymin": 105, "ymax": 223, "xmax": 639}}], [{"tid": 2, "generated": 0, "bbox": {"xmin": 13, "ymin": 60, "ymax": 170, "xmax": 172}}, {"tid": 3, "generated": 0, "bbox": {"xmin": 445, "ymin": 104, "ymax": 225, "xmax": 638}}], [{"tid": 2, "generated": 0, "bbox": {"xmin": 16, "ymin": 60, "ymax": 170, "xmax": 174}}, {"tid": 3, "generated": 0, "bbox": {"xmin": 440, "ymin": 104, "ymax": 225, "xmax": 637}}], [{"tid": 2, "generated": 0, "bbox": {"xmin": 22, "ymin": 66, "ymax": 177, "xmax": 178}}, {"tid": 3, "generated": 0, "bbox": {"xmin": 447, "ymin": 108, "ymax": 232, "xmax": 638}}], [{"tid": 2, "generated": 0, "bbox": {"xmin": 21, "ymin": 73, "ymax": 184, "xmax": 177}}, {"tid": 3, "generated": 0, "bbox": {"xmin": 448, "ymin": 112, "ymax": 242, "xmax": 637}}], [{"tid": 2, "generated": 0, "bbox": {"xmin": 20, "ymin": 80, "ymax": 192, "xmax": 176}}, {"tid": 3, "generated": 0, "bbox": {"xmin": 448, "ymin": 121, "ymax": 253, "xmax": 638}}], [{"tid": 2, "generated": 0, "bbox": {"xmin": 20, "ymin": 86, "ymax": 196, "xmax": 176}}, {"tid": 3, "generated": 0, "bbox": {"xmin": 448, "ymin": 126, "ymax": 252, "xmax": 638}}], [{"tid": 2, "generated": 0, "bbox": {"xmin": 30, "ymin": 88, "ymax": 199, "xmax": 184}}, {"tid": 3, "generated": 0, "bbox": {"xmin": 455, "ymin": 127, "ymax": 252, "xmax": 639}}]], "subject/objects": [{"category": "monkey", "tid": 0}, {"category": "monkey", "tid": 1}, {"category": "monkey", "tid": 2}, {"category": "lizard", "tid": 3}], "relation_instances": [{"end_fid": 30, "subject_tid": 0, "predicate": "stand_left", "begin_fid": 0, "object_tid": 1}, {"end_fid": 30, "subject_tid": 1, "predicate": "sit_right", "begin_fid": 0, "object_tid": 0}, {"end_fid": 60, "subject_tid": 0, "predicate": "walk_right", "begin_fid": 30, "object_tid": 2}, {"end_fid": 60, "subject_tid": 0, "predicate": "walk_past", "begin_fid": 30, "object_tid": 2}, {"end_fid": 60, "subject_tid": 0, "predicate": "walk_behind", "begin_fid": 30, "object_tid": 2}, {"end_fid": 60, "subject_tid": 2, "predicate": "walk_past", "begin_fid": 30, "object_tid": 0}, {"end_fid": 60, "subject_tid": 2, "predicate": "walk_front", "begin_fid": 30, "object_tid": 0}, {"end_fid": 60, "subject_tid": 2, "predicate": "walk_left", "begin_fid": 30, "object_tid": 0}, {"end_fid": 75, "subject_tid": 0, "predicate": "walk_past", "begin_fid": 45, "object_tid": 2}, {"end_fid": 75, "subject_tid": 0, "predicate": "walk_behind", "begin_fid": 45, "object_tid": 2}, {"end_fid": 75, "subject_tid": 2, "predicate": "walk_past", "begin_fid": 45, "object_tid": 0}, {"end_fid": 75, "subject_tid": 2, "predicate": "walk_front", "begin_fid": 45, "object_tid": 0}, {"end_fid": 90, "subject_tid": 0, "predicate": "run_left", "begin_fid": 60, "object_tid": 1}, {"end_fid": 90, "subject_tid": 1, "predicate": "run_right", "begin_fid": 60, "object_tid": 0}, {"end_fid": 90, "subject_tid": 0, "predicate": "run_behind", "begin_fid": 60, "object_tid": 2}, {"end_fid": 90, "subject_tid": 2, "predicate": "walk_front", "begin_fid": 60, "object_tid": 0}, {"end_fid": 90, "subject_tid": 1, "predicate": "run_right", "begin_fid": 60, "object_tid": 2}, {"end_fid": 90, "subject_tid": 1, "predicate": "run_behind", "begin_fid": 60, "object_tid": 2}, {"end_fid": 90, "subject_tid": 2, "predicate": "walk_front", "begin_fid": 60, "object_tid": 1}, {"end_fid": 90, "subject_tid": 2, "predicate": "walk_left", "begin_fid": 60, "object_tid": 1}, {"end_fid": 105, "subject_tid": 0, "predicate": "run_front", "begin_fid": 75, "object_tid": 1}, {"end_fid": 105, "subject_tid": 0, "predicate": "run_left", "begin_fid": 75, "object_tid": 1}, {"end_fid": 105, "subject_tid": 0, "predicate": "play", "begin_fid": 75, "object_tid": 1}, {"end_fid": 105, "subject_tid": 1, "predicate": "run_behind", "begin_fid": 75, "object_tid": 0}, {"end_fid": 105, "subject_tid": 1, "predicate": "run_right", "begin_fid": 75, "object_tid": 0}, {"end_fid": 105, "subject_tid": 1, "predicate": "play", "begin_fid": 75, "object_tid": 0}, {"end_fid": 105, "subject_tid": 0, "predicate": "run_behind", "begin_fid": 75, "object_tid": 2}, {"end_fid": 105, "subject_tid": 2, "predicate": "walk_front", "begin_fid": 75, "object_tid": 0}, {"end_fid": 105, "subject_tid": 1, "predicate": "run_behind", "begin_fid": 75, "object_tid": 2}, {"end_fid": 105, "subject_tid": 2, "predicate": "walk_front", "begin_fid": 75, "object_tid": 1}, {"end_fid": 225, "subject_tid": 2, "predicate": "stand_left", "begin_fid": 195, "object_tid": 3}, {"end_fid": 225, "subject_tid": 3, "predicate": "lie_right", "begin_fid": 195, "object_tid": 2}, {"end_fid": 240, "subject_tid": 2, "predicate": "stand_left", "begin_fid": 210, "object_tid": 3}, {"end_fid": 240, "subject_tid": 3, "predicate": "lie_right", "begin_fid": 210, "object_tid": 2}], "height": 360}