{"width": 1280, "frame_count": 391, "video_id": "ILSVRC2015_train_01038001", "fps": 23, "trajectories": [[{"tid": 0, "generated": 0, "bbox": {"xmin": 142, "ymin": 0, "ymax": 448, "xmax": 1086}}, {"tid": 1, "generated": 0, "bbox": {"xmin": 391, "ymin": 302, "ymax": 501, "xmax": 803}}], [{"tid": 0, "generated": 0, "bbox": {"xmin": 152, "ymin": 0, "ymax": 444, "xmax": 1098}}, {"tid": 1, "generated": 0, "bbox": {"xmin": 407, "ymin": 296, "ymax": 503, "xmax": 808}}], [{"tid": 0, "generated": 0, "bbox": {"xmin": 167, "ymin": 0, "ymax": 437, "xmax": 1100}}, {"tid": 1, "generated": 0, "bbox": {"xmin": 412, "ymin": 295, "ymax": 501, "xmax": 812}}], [{"tid": 0, "generated": 0, "bbox": {"xmin": 163, "ymin": 0, "ymax": 435, "xmax": 1098}}, {"tid": 1, "generated": 0, "bbox": {"xmin": 417, "ymin": 295, "ymax": 499, "xmax": 817}}], [{"tid": 0, "generated": 0, "bbox": {"xmin": 160, "ymin": 0, "ymax": 437, "xmax": 1088}}, {"tid": 1, "generated": 0, "bbox": {"xmin": 414, "ymin": 296, "ymax": 499, "xmax": 807}}], [{"tid": 0, "generated": 0, "bbox": {"xmin": 156, "ymin": 0, "ymax": 437, "xmax": 1082}}, {"tid": 1, "generated": 0, "bbox": {"xmin": 410, "ymin": 298, "ymax": 499, "xmax": 798}}], [{"tid": 0, "generated": 0, "bbox": {"xmin": 152, "ymin": 0, "ymax": 437, "xmax": 1088}}, {"tid": 1, "generated": 0, "bbox": {"xmin": 401, "ymin": 302, "ymax": 499, "xmax": 787}}], [{"tid": 0, "generated": 0, "bbox": {"xmin": 149, "ymin": 0, "ymax": 437, "xmax": 1093}}, {"tid": 1, "generated": 0, "bbox": {"xmin": 398, "ymin": 302, "ymax": 499, "xmax": 785}}], [{"tid": 0, "generated": 0, "bbox": {"xmin": 145, "ymin": 0, "ymax": 439, "xmax": 1095}}, {"tid": 1, "generated": 0, "bbox": {"xmin": 396, "ymin": 302, "ymax": 501, "xmax": 784}}], [{"tid": 0, "generated": 0, "bbox": {"xmin": 144, "ymin": 0, "ymax": 440, "xmax": 1095}}, {"tid": 1, "generated": 0, "bbox": {"xmin": 394, "ymin": 302, "ymax": 501, "xmax": 782}}], [{"tid": 0, "generated": 0, "bbox": {"xmin": 142, "ymin": 0, "ymax": 446, "xmax": 1100}}, {"tid": 1, "generated": 0, "bbox": {"xmin": 392, "ymin": 304, "ymax": 503, "xmax": 782}}], [{"tid": 0, "generated": 0, "bbox": {"xmin": 144, "ymin": 0, "ymax": 444, "xmax": 1104}}, {"tid": 1, "generated": 0, "bbox": {"xmin": 391, "ymin": 304, "ymax": 501, "xmax": 776}}], [{"tid": 0, "generated": 0, "bbox": {"xmin": 145, "ymin": 0, "ymax": 442, "xmax": 1109}}, {"tid": 1, "generated": 0, "bbox": {"xmin": 389, "ymin": 293, "ymax": 499, "xmax": 744}}], [{"tid": 0, "generated": 0, "bbox": {"xmin": 147, "ymin": 0, "ymax": 440, "xmax": 1112}}, {"tid": 1, "generated": 0, "bbox": {"xmin": 387, "ymin": 289, "ymax": 501, "xmax": 743}}], [{"tid": 0, "generated": 0, "bbox": {"xmin": 149, "ymin": 0, "ymax": 439, "xmax": 1114}}, {"tid": 1, "generated": 0, "bbox": {"xmin": 385, "ymin": 288, "ymax": 501, "xmax": 741}}], [{"tid": 0, "generated": 0, "bbox": {"xmin": 152, "ymin": 0, "ymax": 437, "xmax": 1118}}, {"tid": 1, "generated": 0, "bbox": {"xmin": 387, "ymin": 272, "ymax": 496, "xmax": 739}}], [{"tid": 0, "generated": 0, "bbox": {"xmin": 156, "ymin": 0, "ymax": 435, "xmax": 1121}}, {"tid": 1, "generated": 0, "bbox": {"xmin": 389, "ymin": 257, "ymax": 492, "xmax": 737}}], [{"tid": 0, "generated": 0, "bbox": {"xmin": 160, "ymin": 0, "ymax": 435, "xmax": 1127}}, {"tid": 1, "generated": 0, "bbox": {"xmin": 385, "ymin": 245, "ymax": 496, "xmax": 737}}], [{"tid": 0, "generated": 0, "bbox": {"xmin": 163, "ymin": 0, "ymax": 433, "xmax": 1125}}, {"tid": 1, "generated": 0, "bbox": {"xmin": 382, "ymin": 232, "ymax": 499, "xmax": 739}}], [{"tid": 0, "generated": 0, "bbox": {"xmin": 167, "ymin": 0, "ymax": 433, "xmax": 1123}}, {"tid": 1, "generated": 0, "bbox": {"xmin": 378, "ymin": 220, "ymax": 503, "xmax": 739}}], [{"tid": 0, "generated": 0, "bbox": {"xmin": 170, "ymin": 0, "ymax": 439, "xmax": 1121}}, {"tid": 1, "generated": 0, "bbox": {"xmin": 376, "ymin": 209, "ymax": 508, "xmax": 741}}], [{"tid": 0, "generated": 0, "bbox": {"xmin": 172, "ymin": 0, "ymax": 437, "xmax": 1120}}, {"tid": 1, "generated": 0, "bbox": {"xmin": 362, "ymin": 199, "ymax": 510, "xmax": 728}}], [{"tid": 0, "generated": 0, "bbox": {"xmin": 174, "ymin": 0, "ymax": 435, "xmax": 1121}}, {"tid": 1, "generated": 0, "bbox": {"xmin": 357, "ymin": 186, "ymax": 510, "xmax": 725}}], [{"tid": 0, "generated": 0, "bbox": {"xmin": 176, "ymin": 0, "ymax": 433, "xmax": 1125}}, {"tid": 1, "generated": 0, "bbox": {"xmin": 353, "ymin": 176, "ymax": 512, "xmax": 721}}], [{"tid": 0, "generated": 0, "bbox": {"xmin": 177, "ymin": 0, "ymax": 432, "xmax": 1123}}, {"tid": 1, "generated": 0, "bbox": {"xmin": 350, "ymin": 163, "ymax": 513, "xmax": 718}}], [{"tid": 0, "generated": 0, "bbox": {"xmin": 179, "ymin": 0, "ymax": 432, "xmax": 1121}}, {"tid": 1, "generated": 0, "bbox": {"xmin": 346, "ymin": 152, "ymax": 513, "xmax": 714}}], [{"tid": 0, "generated": 0, "bbox": {"xmin": 183, "ymin": 0, "ymax": 432, "xmax": 1125}}, {"tid": 1, "generated": 0, "bbox": {"xmin": 343, "ymin": 140, "ymax": 515, "xmax": 711}}], [{"tid": 0, "generated": 0, "bbox": {"xmin": 186, "ymin": 0, "ymax": 432, "xmax": 1125}}, {"tid": 1, "generated": 0, "bbox": {"xmin": 339, "ymin": 129, "ymax": 517, "xmax": 709}}], [{"tid": 0, "generated": 0, "bbox": {"xmin": 190, "ymin": 0, "ymax": 432, "xmax": 1120}}, {"tid": 1, "generated": 0, "bbox": {"xmin": 336, "ymin": 122, "ymax": 517, "xmax": 698}}], [{"tid": 0, "generated": 0, "bbox": {"xmin": 193, "ymin": 0, "ymax": 433, "xmax": 1121}}, {"tid": 1, "generated": 0, "bbox": {"xmin": 332, "ymin": 115, "ymax": 520, "xmax": 700}}], [], [], [], [], [], [], [], [], [], [], [], [], [], [], [], [], [], [], [], [], [], [], [], [], [], [], [], [], [], [], [{"tid": 0, "generated": 0, "bbox": {"xmin": 170, "ymin": 0, "ymax": 412, "xmax": 1139}}, {"tid": 1, "generated": 0, "bbox": {"xmin": 87, "ymin": 108, "ymax": 524, "xmax": 577}}], [{"tid": 0, "generated": 0, "bbox": {"xmin": 174, "ymin": 0, "ymax": 417, "xmax": 1144}}, {"tid": 1, "generated": 0, "bbox": {"xmin": 81, "ymin": 110, "ymax": 524, "xmax": 577}}], [{"tid": 0, "generated": 0, "bbox": {"xmin": 177, "ymin": 0, "ymax": 424, "xmax": 1150}}, {"tid": 1, "generated": 0, "bbox": {"xmin": 78, "ymin": 112, "ymax": 524, "xmax": 579}}], [{"tid": 0, "generated": 0, "bbox": {"xmin": 181, "ymin": 0, "ymax": 432, "xmax": 1155}}, {"tid": 1, "generated": 0, "bbox": {"xmin": 72, "ymin": 117, "ymax": 524, "xmax": 579}}], [{"tid": 0, "generated": 0, "bbox": {"xmin": 186, "ymin": 0, "ymax": 439, "xmax": 1160}}, {"tid": 1, "generated": 0, "bbox": {"xmin": 67, "ymin": 115, "ymax": 524, "xmax": 583}}], [{"tid": 0, "generated": 0, "bbox": {"xmin": 190, "ymin": 0, "ymax": 437, "xmax": 1166}}, {"tid": 1, "generated": 0, "bbox": {"xmin": 64, "ymin": 115, "ymax": 524, "xmax": 588}}], [{"tid": 0, "generated": 0, "bbox": {"xmin": 195, "ymin": 0, "ymax": 435, "xmax": 1171}}, {"tid": 1, "generated": 0, "bbox": {"xmin": 58, "ymin": 113, "ymax": 524, "xmax": 593}}], [{"tid": 0, "generated": 0, "bbox": {"xmin": 199, "ymin": 0, "ymax": 433, "xmax": 1189}}, {"tid": 1, "generated": 0, "bbox": {"xmin": 55, "ymin": 113, "ymax": 524, "xmax": 599}}], [{"tid": 0, "generated": 0, "bbox": {"xmin": 203, "ymin": 0, "ymax": 431, "xmax": 1192}}, {"tid": 1, "generated": 0, "bbox": {"xmin": 49, "ymin": 113, "ymax": 524, "xmax": 600}}], [{"tid": 0, "generated": 0, "bbox": {"xmin": 208, "ymin": 0, "ymax": 429, "xmax": 1196}}, {"tid": 1, "generated": 0, "bbox": {"xmin": 46, "ymin": 115, "ymax": 526, "xmax": 602}}], [{"tid": 0, "generated": 0, "bbox": {"xmin": 213, "ymin": 0, "ymax": 428, "xmax": 1200}}, {"tid": 1, "generated": 0, "bbox": {"xmin": 42, "ymin": 115, "ymax": 526, "xmax": 606}}], [{"tid": 0, "generated": 0, "bbox": {"xmin": 218, "ymin": 0, "ymax": 426, "xmax": 1239}}, {"tid": 1, "generated": 0, "bbox": {"xmin": 37, "ymin": 120, "ymax": 524, "xmax": 602}}], [{"tid": 0, "generated": 0, "bbox": {"xmin": 225, "ymin": 0, "ymax": 430, "xmax": 1256}}, {"tid": 1, "generated": 0, "bbox": {"xmin": 32, "ymin": 119, "ymax": 522, "xmax": 600}}], [{"tid": 0, "generated": 0, "bbox": {"xmin": 229, "ymin": 0, "ymax": 437, "xmax": 1256}}, {"tid": 1, "generated": 0, "bbox": {"xmin": 28, "ymin": 119, "ymax": 520, "xmax": 600}}], [{"tid": 0, "generated": 0, "bbox": {"xmin": 234, "ymin": 0, "ymax": 437, "xmax": 1255}}, {"tid": 1, "generated": 0, "bbox": {"xmin": 24, "ymin": 119, "ymax": 519, "xmax": 600}}], [{"tid": 0, "generated": 0, "bbox": {"xmin": 240, "ymin": 0, "ymax": 437, "xmax": 1255}}, {"tid": 1, "generated": 0, "bbox": {"xmin": 19, "ymin": 119, "ymax": 517, "xmax": 600}}], [{"tid": 0, "generated": 0, "bbox": {"xmin": 245, "ymin": 0, "ymax": 437, "xmax": 1260}}, {"tid": 1, "generated": 0, "bbox": {"xmin": 16, "ymin": 119, "ymax": 517, "xmax": 600}}], [{"tid": 0, "generated": 0, "bbox": {"xmin": 250, "ymin": 0, "ymax": 437, "xmax": 1256}}, {"tid": 1, "generated": 0, "bbox": {"xmin": 12, "ymin": 119, "ymax": 515, "xmax": 600}}], [{"tid": 0, "generated": 0, "bbox": {"xmin": 257, "ymin": 0, "ymax": 437, "xmax": 1264}}, {"tid": 1, "generated": 0, "bbox": {"xmin": 7, "ymin": 119, "ymax": 513, "xmax": 600}}], [{"tid": 0, "generated": 0, "bbox": {"xmin": 263, "ymin": 0, "ymax": 437, "xmax": 1262}}, {"tid": 1, "generated": 0, "bbox": {"xmin": 3, "ymin": 119, "ymax": 512, "xmax": 600}}], [{"tid": 0, "generated": 0, "bbox": {"xmin": 270, "ymin": 0, "ymax": 435, "xmax": 1271}}, {"tid": 1, "generated": 0, "bbox": {"xmin": 0, "ymin": 119, "ymax": 512, "xmax": 600}}], [{"tid": 0, "generated": 0, "bbox": {"xmin": 282, "ymin": 0, "ymax": 428, "xmax": 1278}}, {"tid": 1, "generated": 0, "bbox": {"xmin": 0, "ymin": 122, "ymax": 512, "xmax": 604}}], [{"tid": 0, "generated": 0, "bbox": {"xmin": 289, "ymin": 0, "ymax": 428, "xmax": 1274}}, {"tid": 1, "generated": 0, "bbox": {"xmin": 0, "ymin": 126, "ymax": 512, "xmax": 608}}], [{"tid": 0, "generated": 0, "bbox": {"xmin": 298, "ymin": 0, "ymax": 430, "xmax": 1272}}, {"tid": 1, "generated": 0, "bbox": {"xmin": 0, "ymin": 129, "ymax": 512, "xmax": 613}}], [{"tid": 0, "generated": 0, "bbox": {"xmin": 305, "ymin": 0, "ymax": 432, "xmax": 1272}}, {"tid": 1, "generated": 0, "bbox": {"xmin": 0, "ymin": 128, "ymax": 510, "xmax": 616}}], [{"tid": 0, "generated": 0, "bbox": {"xmin": 314, "ymin": 0, "ymax": 433, "xmax": 1272}}, {"tid": 1, "generated": 0, "bbox": {"xmin": 0, "ymin": 126, "ymax": 508, "xmax": 620}}], [{"tid": 0, "generated": 0, "bbox": {"xmin": 323, "ymin": 0, "ymax": 437, "xmax": 1272}}, {"tid": 1, "generated": 0, "bbox": {"xmin": 0, "ymin": 124, "ymax": 506, "xmax": 624}}], [{"tid": 0, "generated": 0, "bbox": {"xmin": 330, "ymin": 0, "ymax": 439, "xmax": 1274}}, {"tid": 1, "generated": 0, "bbox": {"xmin": 0, "ymin": 122, "ymax": 506, "xmax": 629}}], [{"tid": 0, "generated": 0, "bbox": {"xmin": 339, "ymin": 0, "ymax": 442, "xmax": 1274}}, {"tid": 1, "generated": 0, "bbox": {"xmin": 0, "ymin": 129, "ymax": 508, "xmax": 634}}], [{"tid": 0, "generated": 0, "bbox": {"xmin": 348, "ymin": 0, "ymax": 444, "xmax": 1274}}, {"tid": 1, "generated": 0, "bbox": {"xmin": 0, "ymin": 133, "ymax": 510, "xmax": 640}}], [], [], [], [], [], [], [], [], [], [], [], [], [], [], [], [], [], [], [], [], [], [], [], [], [], [], [], [], [], [], [], [], [], [], [], [], [], [], [], [], [], [], [], [], [], [{"tid": 0, "generated": 0, "bbox": {"xmin": 563, "ymin": 0, "ymax": 458, "xmax": 1278}}, {"tid": 1, "generated": 0, "bbox": {"xmin": 0, "ymin": 464, "ymax": 545, "xmax": 558}}], [{"tid": 0, "generated": 0, "bbox": {"xmin": 563, "ymin": 0, "ymax": 458, "xmax": 1278}}, {"tid": 1, "generated": 0, "bbox": {"xmin": 0, "ymin": 467, "ymax": 549, "xmax": 547}}], [{"tid": 0, "generated": 0, "bbox": {"xmin": 563, "ymin": 0, "ymax": 458, "xmax": 1278}}, {"tid": 1, "generated": 0, "bbox": {"xmin": 0, "ymin": 460, "ymax": 542, "xmax": 497}}], [{"tid": 0, "generated": 0, "bbox": {"xmin": 563, "ymin": 0, "ymax": 458, "xmax": 1278}}, {"tid": 1, "generated": 0, "bbox": {"xmin": 0, "ymin": 456, "ymax": 536, "xmax": 460}}], [{"tid": 0, "generated": 0, "bbox": {"xmin": 563, "ymin": 0, "ymax": 458, "xmax": 1278}}, {"tid": 1, "generated": 0, "bbox": {"xmin": 0, "ymin": 460, "ymax": 545, "xmax": 467}}], [{"tid": 0, "generated": 0, "bbox": {"xmin": 565, "ymin": 0, "ymax": 458, "xmax": 1278}}, {"tid": 1, "generated": 0, "bbox": {"xmin": 0, "ymin": 460, "ymax": 542, "xmax": 471}}], [{"tid": 0, "generated": 0, "bbox": {"xmin": 565, "ymin": 0, "ymax": 458, "xmax": 1278}}, {"tid": 1, "generated": 0, "bbox": {"xmin": 3, "ymin": 467, "ymax": 547, "xmax": 476}}], [{"tid": 0, "generated": 0, "bbox": {"xmin": 565, "ymin": 0, "ymax": 458, "xmax": 1278}}, {"tid": 1, "generated": 0, "bbox": {"xmin": 0, "ymin": 465, "ymax": 544, "xmax": 480}}], [{"tid": 0, "generated": 0, "bbox": {"xmin": 565, "ymin": 0, "ymax": 458, "xmax": 1278}}, {"tid": 1, "generated": 0, "bbox": {"xmin": 0, "ymin": 464, "ymax": 549, "xmax": 462}}], [{"tid": 0, "generated": 0, "bbox": {"xmin": 567, "ymin": 0, "ymax": 458, "xmax": 1278}}, {"tid": 1, "generated": 0, "bbox": {"xmin": 0, "ymin": 462, "ymax": 551, "xmax": 451}}], [{"tid": 0, "generated": 0, "bbox": {"xmin": 570, "ymin": 0, "ymax": 458, "xmax": 1276}}, {"tid": 1, "generated": 0, "bbox": {"xmin": 0, "ymin": 460, "ymax": 549, "xmax": 456}}], [{"tid": 0, "generated": 0, "bbox": {"xmin": 576, "ymin": 0, "ymax": 458, "xmax": 1276}}, {"tid": 1, "generated": 0, "bbox": {"xmin": 0, "ymin": 460, "ymax": 544, "xmax": 472}}], [{"tid": 0, "generated": 0, "bbox": {"xmin": 581, "ymin": 0, "ymax": 458, "xmax": 1276}}, {"tid": 1, "generated": 0, "bbox": {"xmin": 0, "ymin": 460, "ymax": 542, "xmax": 481}}], [{"tid": 0, "generated": 0, "bbox": {"xmin": 577, "ymin": 0, "ymax": 456, "xmax": 1276}}, {"tid": 1, "generated": 0, "bbox": {"xmin": 1, "ymin": 464, "ymax": 556, "xmax": 480}}], [{"tid": 0, "generated": 0, "bbox": {"xmin": 576, "ymin": 0, "ymax": 456, "xmax": 1276}}, {"tid": 1, "generated": 0, "bbox": {"xmin": 1, "ymin": 465, "ymax": 549, "xmax": 467}}], [{"tid": 0, "generated": 0, "bbox": {"xmin": 574, "ymin": 0, "ymax": 456, "xmax": 1276}}, {"tid": 1, "generated": 0, "bbox": {"xmin": 0, "ymin": 464, "ymax": 545, "xmax": 460}}], [{"tid": 0, "generated": 0, "bbox": {"xmin": 572, "ymin": 0, "ymax": 456, "xmax": 1276}}, {"tid": 1, "generated": 0, "bbox": {"xmin": 0, "ymin": 460, "ymax": 542, "xmax": 476}}], [{"tid": 0, "generated": 0, "bbox": {"xmin": 570, "ymin": 0, "ymax": 456, "xmax": 1276}}, {"tid": 1, "generated": 0, "bbox": {"xmin": 0, "ymin": 460, "ymax": 542, "xmax": 455}}], [{"tid": 0, "generated": 0, "bbox": {"xmin": 568, "ymin": 0, "ymax": 456, "xmax": 1276}}, {"tid": 1, "generated": 0, "bbox": {"xmin": 0, "ymin": 460, "ymax": 547, "xmax": 449}}], [{"tid": 0, "generated": 0, "bbox": {"xmin": 567, "ymin": 0, "ymax": 455, "xmax": 1276}}, {"tid": 1, "generated": 0, "bbox": {"xmin": 0, "ymin": 464, "ymax": 552, "xmax": 451}}], [{"tid": 0, "generated": 0, "bbox": {"xmin": 565, "ymin": 0, "ymax": 455, "xmax": 1276}}, {"tid": 1, "generated": 0, "bbox": {"xmin": 3, "ymin": 467, "ymax": 547, "xmax": 455}}], [{"tid": 0, "generated": 0, "bbox": {"xmin": 563, "ymin": 0, "ymax": 455, "xmax": 1276}}, {"tid": 1, "generated": 0, "bbox": {"xmin": 0, "ymin": 460, "ymax": 554, "xmax": 458}}], [{"tid": 0, "generated": 0, "bbox": {"xmin": 561, "ymin": 0, "ymax": 455, "xmax": 1276}}, {"tid": 1, "generated": 0, "bbox": {"xmin": 0, "ymin": 460, "ymax": 549, "xmax": 444}}], [{"tid": 0, "generated": 0, "bbox": {"xmin": 560, "ymin": 0, "ymax": 455, "xmax": 1276}}, {"tid": 1, "generated": 0, "bbox": {"xmin": 0, "ymin": 460, "ymax": 549, "xmax": 439}}], [{"tid": 0, "generated": 0, "bbox": {"xmin": 558, "ymin": 0, "ymax": 455, "xmax": 1276}}, {"tid": 1, "generated": 0, "bbox": {"xmin": 0, "ymin": 460, "ymax": 545, "xmax": 440}}], [{"tid": 0, "generated": 0, "bbox": {"xmin": 556, "ymin": 0, "ymax": 455, "xmax": 1276}}, {"tid": 1, "generated": 0, "bbox": {"xmin": 0, "ymin": 469, "ymax": 551, "xmax": 437}}], [{"tid": 0, "generated": 0, "bbox": {"xmin": 556, "ymin": 0, "ymax": 455, "xmax": 1276}}, {"tid": 1, "generated": 0, "bbox": {"xmin": 0, "ymin": 467, "ymax": 552, "xmax": 439}}], [{"tid": 0, "generated": 0, "bbox": {"xmin": 556, "ymin": 0, "ymax": 455, "xmax": 1276}}, {"tid": 1, "generated": 0, "bbox": {"xmin": 0, "ymin": 465, "ymax": 552, "xmax": 442}}], [{"tid": 0, "generated": 0, "bbox": {"xmin": 556, "ymin": 0, "ymax": 455, "xmax": 1276}}, {"tid": 1, "generated": 0, "bbox": {"xmin": 0, "ymin": 464, "ymax": 542, "xmax": 448}}], [{"tid": 0, "generated": 0, "bbox": {"xmin": 556, "ymin": 0, "ymax": 455, "xmax": 1276}}, {"tid": 1, "generated": 0, "bbox": {"xmin": 0, "ymin": 464, "ymax": 542, "xmax": 448}}], [], [], [], [], [], [], [], [], [], [], [], [], [], [], [], [], [], [], [], [], [], [], [], [], [], [], [], [], [], [], [], [], [], [], [], [], [], [], [], [], [], [], [], [], [], [], [], [], [], [], [], [], [], [], [], [], [], [], [], [], [], [], [], [], [], [], [], [], [], [], [], [], [], [], [], [], [], [], [], [], [], [], [], [], [], [], [], [], [], [], [], [], [], [], [], [], [], [], [], [], [], [], [], [], [], [], [], [], [], [], [], [], [], [], [], [], [], [], [], [], [{"tid": 0, "generated": 0, "bbox": {"xmin": 474, "ymin": 0, "ymax": 478, "xmax": 1272}}, {"tid": 1, "generated": 0, "bbox": {"xmin": 0, "ymin": 487, "ymax": 586, "xmax": 394}}], [{"tid": 0, "generated": 0, "bbox": {"xmin": 471, "ymin": 0, "ymax": 480, "xmax": 1272}}, {"tid": 1, "generated": 0, "bbox": {"xmin": 0, "ymin": 483, "ymax": 586, "xmax": 382}}], [{"tid": 0, "generated": 0, "bbox": {"xmin": 467, "ymin": 0, "ymax": 487, "xmax": 1272}}, {"tid": 1, "generated": 0, "bbox": {"xmin": 0, "ymin": 488, "ymax": 583, "xmax": 389}}], [{"tid": 0, "generated": 0, "bbox": {"xmin": 464, "ymin": 0, "ymax": 492, "xmax": 1272}}, {"tid": 1, "generated": 0, "bbox": {"xmin": 0, "ymin": 488, "ymax": 590, "xmax": 371}}], [{"tid": 0, "generated": 0, "bbox": {"xmin": 481, "ymin": 0, "ymax": 474, "xmax": 1274}}, {"tid": 1, "generated": 0, "bbox": {"xmin": 0, "ymin": 492, "ymax": 593, "xmax": 380}}], [{"tid": 0, "generated": 0, "bbox": {"xmin": 464, "ymin": 0, "ymax": 499, "xmax": 1267}}, {"tid": 1, "generated": 0, "bbox": {"xmin": 0, "ymin": 497, "ymax": 590, "xmax": 368}}], [{"tid": 0, "generated": 0, "bbox": {"xmin": 464, "ymin": 0, "ymax": 501, "xmax": 1271}}, {"tid": 1, "generated": 0, "bbox": {"xmin": 0, "ymin": 496, "ymax": 595, "xmax": 375}}], [{"tid": 0, "generated": 0, "bbox": {"xmin": 464, "ymin": 1, "ymax": 494, "xmax": 1276}}, {"tid": 1, "generated": 0, "bbox": {"xmin": 0, "ymin": 490, "ymax": 593, "xmax": 380}}], [{"tid": 0, "generated": 0, "bbox": {"xmin": 462, "ymin": 1, "ymax": 497, "xmax": 1272}}, {"tid": 1, "generated": 0, "bbox": {"xmin": 0, "ymin": 494, "ymax": 600, "xmax": 369}}], [{"tid": 0, "generated": 0, "bbox": {"xmin": 462, "ymin": 1, "ymax": 494, "xmax": 1273}}, {"tid": 1, "generated": 0, "bbox": {"xmin": 1, "ymin": 490, "ymax": 581, "xmax": 368}}], [{"tid": 0, "generated": 0, "bbox": {"xmin": 462, "ymin": 1, "ymax": 492, "xmax": 1274}}, {"tid": 1, "generated": 0, "bbox": {"xmin": 0, "ymin": 490, "ymax": 577, "xmax": 391}}], [{"tid": 0, "generated": 0, "bbox": {"xmin": 462, "ymin": 1, "ymax": 496, "xmax": 1274}}, {"tid": 1, "generated": 0, "bbox": {"xmin": 0, "ymin": 490, "ymax": 577, "xmax": 373}}], [{"tid": 0, "generated": 0, "bbox": {"xmin": 462, "ymin": 3, "ymax": 503, "xmax": 1276}}, {"tid": 1, "generated": 0, "bbox": {"xmin": 0, "ymin": 487, "ymax": 584, "xmax": 368}}], [{"tid": 0, "generated": 0, "bbox": {"xmin": 465, "ymin": 3, "ymax": 499, "xmax": 1276}}, {"tid": 1, "generated": 0, "bbox": {"xmin": 0, "ymin": 494, "ymax": 588, "xmax": 376}}], [{"tid": 0, "generated": 0, "bbox": {"xmin": 471, "ymin": 3, "ymax": 496, "xmax": 1276}}, {"tid": 1, "generated": 0, "bbox": {"xmin": 0, "ymin": 492, "ymax": 583, "xmax": 382}}], [{"tid": 0, "generated": 0, "bbox": {"xmin": 476, "ymin": 5, "ymax": 496, "xmax": 1276}}, {"tid": 1, "generated": 0, "bbox": {"xmin": 0, "ymin": 490, "ymax": 588, "xmax": 366}}], [{"tid": 0, "generated": 0, "bbox": {"xmin": 474, "ymin": 5, "ymax": 485, "xmax": 1274}}, {"tid": 1, "generated": 0, "bbox": {"xmin": 0, "ymin": 490, "ymax": 590, "xmax": 400}}], [{"tid": 0, "generated": 0, "bbox": {"xmin": 472, "ymin": 5, "ymax": 488, "xmax": 1272}}, {"tid": 1, "generated": 0, "bbox": {"xmin": 0, "ymin": 492, "ymax": 595, "xmax": 392}}], [{"tid": 0, "generated": 0, "bbox": {"xmin": 471, "ymin": 5, "ymax": 487, "xmax": 1272}}, {"tid": 1, "generated": 0, "bbox": {"xmin": 0, "ymin": 488, "ymax": 592, "xmax": 382}}], [{"tid": 0, "generated": 0, "bbox": {"xmin": 469, "ymin": 5, "ymax": 485, "xmax": 1272}}, {"tid": 1, "generated": 0, "bbox": {"xmin": 0, "ymin": 494, "ymax": 602, "xmax": 373}}], [{"tid": 0, "generated": 0, "bbox": {"xmin": 467, "ymin": 5, "ymax": 483, "xmax": 1272}}, {"tid": 1, "generated": 0, "bbox": {"xmin": 0, "ymin": 494, "ymax": 611, "xmax": 371}}], [{"tid": 0, "generated": 0, "bbox": {"xmin": 465, "ymin": 5, "ymax": 483, "xmax": 1272}}, {"tid": 1, "generated": 0, "bbox": {"xmin": 0, "ymin": 496, "ymax": 597, "xmax": 369}}], [{"tid": 0, "generated": 0, "bbox": {"xmin": 464, "ymin": 5, "ymax": 481, "xmax": 1272}}, {"tid": 1, "generated": 0, "bbox": {"xmin": 0, "ymin": 503, "ymax": 608, "xmax": 371}}], [{"tid": 0, "generated": 0, "bbox": {"xmin": 464, "ymin": 5, "ymax": 480, "xmax": 1272}}, {"tid": 1, "generated": 0, "bbox": {"xmin": 0, "ymin": 499, "ymax": 600, "xmax": 373}}], [{"tid": 0, "generated": 0, "bbox": {"xmin": 462, "ymin": 5, "ymax": 480, "xmax": 1272}}, {"tid": 1, "generated": 0, "bbox": {"xmin": 0, "ymin": 503, "ymax": 608, "xmax": 366}}], [{"tid": 0, "generated": 0, "bbox": {"xmin": 460, "ymin": 5, "ymax": 478, "xmax": 1272}}, {"tid": 1, "generated": 0, "bbox": {"xmin": 0, "ymin": 504, "ymax": 608, "xmax": 378}}], [{"tid": 0, "generated": 0, "bbox": {"xmin": 458, "ymin": 5, "ymax": 476, "xmax": 1272}}, {"tid": 1, "generated": 0, "bbox": {"xmin": 0, "ymin": 496, "ymax": 609, "xmax": 376}}], [{"tid": 0, "generated": 0, "bbox": {"xmin": 458, "ymin": 5, "ymax": 476, "xmax": 1274}}, {"tid": 1, "generated": 0, "bbox": {"xmin": 0, "ymin": 503, "ymax": 602, "xmax": 371}}], [{"tid": 0, "generated": 0, "bbox": {"xmin": 456, "ymin": 3, "ymax": 476, "xmax": 1274}}, {"tid": 1, "generated": 0, "bbox": {"xmin": 0, "ymin": 504, "ymax": 609, "xmax": 360}}], [{"tid": 0, "generated": 0, "bbox": {"xmin": 455, "ymin": 3, "ymax": 478, "xmax": 1274}}, {"tid": 1, "generated": 0, "bbox": {"xmin": 0, "ymin": 501, "ymax": 592, "xmax": 373}}], [], [], [], [], [], [], [], [], [], [], [], [], [], [], [], [], [], [], [], [], [], [], [], [], [], [], [], [], [], [], [], [], [], [], [], [], [], [], [], [], [], [], [], [], [], [{"tid": 0, "generated": 0, "bbox": {"xmin": 424, "ymin": 5, "ymax": 536, "xmax": 1260}}, {"tid": 1, "generated": 0, "bbox": {"xmin": 0, "ymin": 540, "ymax": 638, "xmax": 321}}], [{"tid": 0, "generated": 0, "bbox": {"xmin": 410, "ymin": 5, "ymax": 538, "xmax": 1248}}, {"tid": 1, "generated": 0, "bbox": {"xmin": 0, "ymin": 540, "ymax": 638, "xmax": 327}}], [{"tid": 0, "generated": 0, "bbox": {"xmin": 408, "ymin": 23, "ymax": 538, "xmax": 1244}}, {"tid": 1, "generated": 0, "bbox": {"xmin": 0, "ymin": 540, "ymax": 634, "xmax": 330}}], [{"tid": 0, "generated": 0, "bbox": {"xmin": 407, "ymin": 23, "ymax": 538, "xmax": 1242}}, {"tid": 1, "generated": 0, "bbox": {"xmin": 0, "ymin": 540, "ymax": 636, "xmax": 309}}], [{"tid": 0, "generated": 0, "bbox": {"xmin": 405, "ymin": 23, "ymax": 540, "xmax": 1242}}, {"tid": 1, "generated": 0, "bbox": {"xmin": 0, "ymin": 542, "ymax": 625, "xmax": 316}}], [{"tid": 0, "generated": 0, "bbox": {"xmin": 403, "ymin": 23, "ymax": 540, "xmax": 1240}}, {"tid": 1, "generated": 0, "bbox": {"xmin": 0, "ymin": 536, "ymax": 643, "xmax": 321}}], [{"tid": 0, "generated": 0, "bbox": {"xmin": 401, "ymin": 23, "ymax": 542, "xmax": 1240}}, {"tid": 1, "generated": 0, "bbox": {"xmin": 0, "ymin": 544, "ymax": 634, "xmax": 318}}], [{"tid": 0, "generated": 0, "bbox": {"xmin": 401, "ymin": 23, "ymax": 544, "xmax": 1240}}, {"tid": 1, "generated": 0, "bbox": {"xmin": 0, "ymin": 547, "ymax": 643, "xmax": 316}}], [{"tid": 0, "generated": 0, "bbox": {"xmin": 400, "ymin": 23, "ymax": 545, "xmax": 1239}}, {"tid": 1, "generated": 0, "bbox": {"xmin": 0, "ymin": 545, "ymax": 645, "xmax": 327}}], [{"tid": 0, "generated": 0, "bbox": {"xmin": 398, "ymin": 23, "ymax": 547, "xmax": 1237}}, {"tid": 1, "generated": 0, "bbox": {"xmin": 0, "ymin": 540, "ymax": 632, "xmax": 320}}], [{"tid": 0, "generated": 0, "bbox": {"xmin": 398, "ymin": 32, "ymax": 549, "xmax": 1239}}, {"tid": 1, "generated": 0, "bbox": {"xmin": 0, "ymin": 542, "ymax": 648, "xmax": 321}}], [{"tid": 0, "generated": 0, "bbox": {"xmin": 394, "ymin": 32, "ymax": 547, "xmax": 1239}}, {"tid": 1, "generated": 0, "bbox": {"xmin": 0, "ymin": 544, "ymax": 645, "xmax": 325}}], [{"tid": 0, "generated": 0, "bbox": {"xmin": 392, "ymin": 32, "ymax": 547, "xmax": 1239}}, {"tid": 1, "generated": 0, "bbox": {"xmin": 0, "ymin": 545, "ymax": 632, "xmax": 321}}], [{"tid": 0, "generated": 0, "bbox": {"xmin": 389, "ymin": 32, "ymax": 547, "xmax": 1239}}, {"tid": 1, "generated": 0, "bbox": {"xmin": 0, "ymin": 542, "ymax": 631, "xmax": 307}}], [{"tid": 0, "generated": 0, "bbox": {"xmin": 387, "ymin": 32, "ymax": 547, "xmax": 1239}}, {"tid": 1, "generated": 0, "bbox": {"xmin": 0, "ymin": 549, "ymax": 640, "xmax": 311}}], [{"tid": 0, "generated": 0, "bbox": {"xmin": 385, "ymin": 33, "ymax": 547, "xmax": 1239}}, {"tid": 1, "generated": 0, "bbox": {"xmin": 0, "ymin": 552, "ymax": 650, "xmax": 304}}], [{"tid": 0, "generated": 0, "bbox": {"xmin": 387, "ymin": 33, "ymax": 547, "xmax": 1239}}, {"tid": 1, "generated": 0, "bbox": {"xmin": 0, "ymin": 552, "ymax": 645, "xmax": 314}}], [{"tid": 0, "generated": 0, "bbox": {"xmin": 389, "ymin": 33, "ymax": 547, "xmax": 1239}}, {"tid": 1, "generated": 0, "bbox": {"xmin": 0, "ymin": 545, "ymax": 638, "xmax": 318}}], [{"tid": 0, "generated": 0, "bbox": {"xmin": 392, "ymin": 33, "ymax": 547, "xmax": 1239}}, {"tid": 1, "generated": 0, "bbox": {"xmin": 0, "ymin": 542, "ymax": 640, "xmax": 316}}], [{"tid": 0, "generated": 0, "bbox": {"xmin": 394, "ymin": 33, "ymax": 547, "xmax": 1239}}, {"tid": 1, "generated": 0, "bbox": {"xmin": 0, "ymin": 547, "ymax": 636, "xmax": 316}}], [{"tid": 0, "generated": 0, "bbox": {"xmin": 398, "ymin": 35, "ymax": 549, "xmax": 1239}}, {"tid": 1, "generated": 0, "bbox": {"xmin": 0, "ymin": 549, "ymax": 632, "xmax": 305}}], [{"tid": 0, "generated": 0, "bbox": {"xmin": 392, "ymin": 28, "ymax": 551, "xmax": 1239}}, {"tid": 1, "generated": 0, "bbox": {"xmin": 0, "ymin": 542, "ymax": 641, "xmax": 318}}], [{"tid": 0, "generated": 0, "bbox": {"xmin": 389, "ymin": 21, "ymax": 552, "xmax": 1240}}, {"tid": 1, "generated": 0, "bbox": {"xmin": 0, "ymin": 552, "ymax": 640, "xmax": 318}}], [{"tid": 0, "generated": 0, "bbox": {"xmin": 391, "ymin": 21, "ymax": 551, "xmax": 1240}}, {"tid": 1, "generated": 0, "bbox": {"xmin": 0, "ymin": 545, "ymax": 640, "xmax": 307}}], [{"tid": 0, "generated": 0, "bbox": {"xmin": 385, "ymin": 23, "ymax": 549, "xmax": 1242}}, {"tid": 1, "generated": 0, "bbox": {"xmin": 0, "ymin": 544, "ymax": 638, "xmax": 302}}], [{"tid": 0, "generated": 0, "bbox": {"xmin": 391, "ymin": 23, "ymax": 551, "xmax": 1244}}, {"tid": 1, "generated": 0, "bbox": {"xmin": 0, "ymin": 554, "ymax": 638, "xmax": 307}}], [{"tid": 0, "generated": 0, "bbox": {"xmin": 396, "ymin": 17, "ymax": 547, "xmax": 1249}}, {"tid": 1, "generated": 0, "bbox": {"xmin": 0, "ymin": 552, "ymax": 640, "xmax": 304}}], [{"tid": 0, "generated": 0, "bbox": {"xmin": 396, "ymin": 19, "ymax": 547, "xmax": 1251}}, {"tid": 1, "generated": 0, "bbox": {"xmin": 0, "ymin": 549, "ymax": 632, "xmax": 316}}], [{"tid": 0, "generated": 0, "bbox": {"xmin": 403, "ymin": 21, "ymax": 531, "xmax": 1255}}, {"tid": 1, "generated": 0, "bbox": {"xmin": 0, "ymin": 542, "ymax": 636, "xmax": 304}}], [{"tid": 0, "generated": 0, "bbox": {"xmin": 403, "ymin": 24, "ymax": 529, "xmax": 1262}}, {"tid": 1, "generated": 0, "bbox": {"xmin": 0, "ymin": 547, "ymax": 641, "xmax": 309}}]], "subject/objects": [{"category": "lion", "tid": 0}, {"category": "lion", "tid": 1}], "relation_instances": [{"end_fid": 30, "subject_tid": 0, "predicate": "stand_behind", "begin_fid": 0, "object_tid": 1}, {"end_fid": 30, "subject_tid": 0, "predicate": "taller", "begin_fid": 0, "object_tid": 1}, {"end_fid": 30, "subject_tid": 0, "predicate": "larger", "begin_fid": 0, "object_tid": 1}, {"end_fid": 30, "subject_tid": 1, "predicate": "lie_front", "begin_fid": 0, "object_tid": 0}, {"end_fid": 90, "subject_tid": 0, "predicate": "stand_right", "begin_fid": 60, "object_tid": 1}, {"end_fid": 90, "subject_tid": 0, "predicate": "stand_behind", "begin_fid": 60, "object_tid": 1}, {"end_fid": 90, "subject_tid": 0, "predicate": "taller", "begin_fid": 60, "object_tid": 1}, {"end_fid": 90, "subject_tid": 0, "predicate": "larger", "begin_fid": 60, "object_tid": 1}, {"end_fid": 90, "subject_tid": 1, "predicate": "walk_away", "begin_fid": 60, "object_tid": 0}, {"end_fid": 90, "subject_tid": 1, "predicate": "walk_front", "begin_fid": 60, "object_tid": 0}, {"end_fid": 90, "subject_tid": 1, "predicate": "walk_left", "begin_fid": 60, "object_tid": 0}, {"end_fid": 165, "subject_tid": 0, "predicate": "stand_right", "begin_fid": 135, "object_tid": 1}, {"end_fid": 165, "subject_tid": 0, "predicate": "stand_behind", "begin_fid": 135, "object_tid": 1}, {"end_fid": 165, "subject_tid": 0, "predicate": "taller", "begin_fid": 135, "object_tid": 1}, {"end_fid": 165, "subject_tid": 0, "predicate": "larger", "begin_fid": 135, "object_tid": 1}, {"end_fid": 165, "subject_tid": 1, "predicate": "lie_front", "begin_fid": 135, "object_tid": 0}, {"end_fid": 165, "subject_tid": 1, "predicate": "lie_left", "begin_fid": 135, "object_tid": 0}, {"end_fid": 315, "subject_tid": 0, "predicate": "stand_right", "begin_fid": 285, "object_tid": 1}, {"end_fid": 315, "subject_tid": 0, "predicate": "stand_behind", "begin_fid": 285, "object_tid": 1}, {"end_fid": 315, "subject_tid": 0, "predicate": "taller", "begin_fid": 285, "object_tid": 1}, {"end_fid": 315, "subject_tid": 0, "predicate": "larger", "begin_fid": 285, "object_tid": 1}, {"end_fid": 315, "subject_tid": 1, "predicate": "lie_front", "begin_fid": 285, "object_tid": 0}, {"end_fid": 315, "subject_tid": 1, "predicate": "lie_left", "begin_fid": 285, "object_tid": 0}, {"end_fid": 390, "subject_tid": 0, "predicate": "stand_right", "begin_fid": 360, "object_tid": 1}, {"end_fid": 390, "subject_tid": 0, "predicate": "stand_behind", "begin_fid": 360, "object_tid": 1}, {"end_fid": 390, "subject_tid": 0, "predicate": "taller", "begin_fid": 360, "object_tid": 1}, {"end_fid": 390, "subject_tid": 0, "predicate": "larger", "begin_fid": 360, "object_tid": 1}, {"end_fid": 390, "subject_tid": 1, "predicate": "lie_front", "begin_fid": 360, "object_tid": 0}, {"end_fid": 390, "subject_tid": 1, "predicate": "lie_left", "begin_fid": 360, "object_tid": 0}], "height": 720}