{"width": 1280, "frame_count": 522, "video_id": "ILSVRC2015_train_01001001", "fps": 29, "trajectories": [[], [], [], [], [], [], [], [], [], [], [], [], [], [], [], [], [], [], [], [], [], [], [], [], [], [], [], [], [], [], [], [], [], [], [], [], [], [], [], [], [], [], [], [], [], [], [], [], [], [], [], [], [], [], [], [], [], [], [], [], [], [], [], [], [], [], [], [], [], [], [], [], [], [], [], [], [], [], [], [], [], [], [], [], [], [], [], [], [], [], [], [], [], [], [], [], [], [], [], [], [], [], [], [], [], [], [], [], [], [], [], [], [], [], [], [], [], [], [], [], [], [], [], [], [], [], [], [], [], [], [], [], [], [], [], [], [], [], [], [], [], [], [], [], [], [], [], [], [], [], [], [], [], [], [], [], [], [], [], [], [], [], [], [], [], [], [], [], [], [], [], [], [], [], [], [], [], [], [], [], [], [], [], [], [], [], [], [], [], [], [], [], [], [], [], [], [], [], [], [], [], [], [], [], [], [], [], [], [], [], [], [], [], [], [], [], [], [], [], [], [], [], [], [], [], [], [], [], [], [], [], [], [], [], [], [], [], [], [], [], [], [], [], [], [], [], [], [], [], [], [], [], [], [], [], [], [], [], [], [], [], [], [], [], [], [], [], [], [], [], [], [], [], [], [], [], [], [], [], [], [], [], [], [], [], [], [], [], [], [], [], [], [], [], [], [], [], [], [], [], [], [], [], [], [], [], [], [], [], [], [], [], [], [], [], [], [], [], [], [], [], [], [], [], [], [], [], [], [], [], [], [], [], [], [], [], [], [], [], [], [], [], [], [], [], [], [], [], [], [], [], [], [], [], [], [], [], [], [], [], [], [], [], [], [], [], [], [], [], [], [], [], [], [], [], [], [], [], [], [], [], [], [], [], [], [], [], [], [], [], [], [], [], [], [], [], [], [], [], [], [], [], [], [], [], [], [], [], [], [], [], [], [], [], [], [], [], [], [], [], [], [], [], [], [], [], [], [], [], [], [], [], [], [], [], [], [], [], [], [], [], [], [], [], [], [], [], [], [], [], [{"tid": 0, "generated": 0, "bbox": {"xmin": 381, "ymin": 446, "ymax": 606, "xmax": 712}}, {"tid": 1, "generated": 0, "bbox": {"xmin": 0, "ymin": 167, "ymax": 492, "xmax": 88}}], [{"tid": 0, "generated": 0, "bbox": {"xmin": 382, "ymin": 446, "ymax": 607, "xmax": 712}}, {"tid": 1, "generated": 0, "bbox": {"xmin": 0, "ymin": 140, "ymax": 561, "xmax": 96}}], [{"tid": 0, "generated": 0, "bbox": {"xmin": 384, "ymin": 446, "ymax": 608, "xmax": 712}}, {"tid": 1, "generated": 0, "bbox": {"xmin": 0, "ymin": 140, "ymax": 570, "xmax": 112}}], [{"tid": 0, "generated": 0, "bbox": {"xmin": 385, "ymin": 446, "ymax": 609, "xmax": 712}}, {"tid": 1, "generated": 0, "bbox": {"xmin": 0, "ymin": 44, "ymax": 568, "xmax": 117}}], [{"tid": 0, "generated": 0, "bbox": {"xmin": 386, "ymin": 446, "ymax": 610, "xmax": 713}}, {"tid": 1, "generated": 0, "bbox": {"xmin": 0, "ymin": 40, "ymax": 570, "xmax": 129}}], [{"tid": 0, "generated": 0, "bbox": {"xmin": 387, "ymin": 446, "ymax": 611, "xmax": 714}}, {"tid": 1, "generated": 0, "bbox": {"xmin": 0, "ymin": 35, "ymax": 572, "xmax": 142}}], [{"tid": 0, "generated": 0, "bbox": {"xmin": 388, "ymin": 446, "ymax": 612, "xmax": 714}}, {"tid": 1, "generated": 0, "bbox": {"xmin": 0, "ymin": 32, "ymax": 584, "xmax": 149}}], [{"tid": 0, "generated": 0, "bbox": {"xmin": 389, "ymin": 446, "ymax": 613, "xmax": 715}}, {"tid": 1, "generated": 0, "bbox": {"xmin": 0, "ymin": 30, "ymax": 584, "xmax": 160}}], [{"tid": 0, "generated": 0, "bbox": {"xmin": 391, "ymin": 446, "ymax": 615, "xmax": 716}}, {"tid": 1, "generated": 0, "bbox": {"xmin": 0, "ymin": 16, "ymax": 584, "xmax": 170}}], [{"tid": 0, "generated": 0, "bbox": {"xmin": 392, "ymin": 446, "ymax": 616, "xmax": 720}}, {"tid": 1, "generated": 0, "bbox": {"xmin": 0, "ymin": 3, "ymax": 583, "xmax": 183}}], [{"tid": 0, "generated": 0, "bbox": {"xmin": 394, "ymin": 446, "ymax": 618, "xmax": 724}}, {"tid": 1, "generated": 0, "bbox": {"xmin": 0, "ymin": 0, "ymax": 592, "xmax": 192}}], [{"tid": 0, "generated": 0, "bbox": {"xmin": 396, "ymin": 446, "ymax": 620, "xmax": 728}}, {"tid": 1, "generated": 0, "bbox": {"xmin": 0, "ymin": 0, "ymax": 590, "xmax": 204}}], [{"tid": 0, "generated": 0, "bbox": {"xmin": 398, "ymin": 446, "ymax": 622, "xmax": 732}}, {"tid": 1, "generated": 0, "bbox": {"xmin": 0, "ymin": 0, "ymax": 588, "xmax": 214}}], [{"tid": 0, "generated": 0, "bbox": {"xmin": 399, "ymin": 446, "ymax": 620, "xmax": 734}}, {"tid": 1, "generated": 0, "bbox": {"xmin": 0, "ymin": 0, "ymax": 586, "xmax": 224}}], [{"tid": 0, "generated": 0, "bbox": {"xmin": 400, "ymin": 446, "ymax": 619, "xmax": 736}}, {"tid": 1, "generated": 0, "bbox": {"xmin": 0, "ymin": 0, "ymax": 584, "xmax": 234}}], [{"tid": 0, "generated": 0, "bbox": {"xmin": 401, "ymin": 446, "ymax": 618, "xmax": 739}}, {"tid": 1, "generated": 0, "bbox": {"xmin": 0, "ymin": 0, "ymax": 582, "xmax": 244}}], [{"tid": 0, "generated": 0, "bbox": {"xmin": 400, "ymin": 446, "ymax": 618, "xmax": 748}}, {"tid": 1, "generated": 0, "bbox": {"xmin": 0, "ymin": 0, "ymax": 581, "xmax": 254}}], [{"tid": 0, "generated": 0, "bbox": {"xmin": 401, "ymin": 446, "ymax": 618, "xmax": 748}}, {"tid": 1, "generated": 0, "bbox": {"xmin": 0, "ymin": 0, "ymax": 579, "xmax": 264}}], [{"tid": 0, "generated": 0, "bbox": {"xmin": 400, "ymin": 447, "ymax": 620, "xmax": 749}}, {"tid": 1, "generated": 0, "bbox": {"xmin": 0, "ymin": 0, "ymax": 577, "xmax": 274}}], [{"tid": 0, "generated": 0, "bbox": {"xmin": 400, "ymin": 448, "ymax": 622, "xmax": 750}}, {"tid": 1, "generated": 0, "bbox": {"xmin": 0, "ymin": 0, "ymax": 575, "xmax": 284}}], [{"tid": 0, "generated": 0, "bbox": {"xmin": 401, "ymin": 448, "ymax": 622, "xmax": 747}}, {"tid": 1, "generated": 0, "bbox": {"xmin": 0, "ymin": 0, "ymax": 573, "xmax": 294}}], [{"tid": 0, "generated": 0, "bbox": {"xmin": 402, "ymin": 448, "ymax": 623, "xmax": 744}}, {"tid": 1, "generated": 0, "bbox": {"xmin": 0, "ymin": 0, "ymax": 572, "xmax": 304}}], [{"tid": 0, "generated": 0, "bbox": {"xmin": 403, "ymin": 449, "ymax": 624, "xmax": 741}}, {"tid": 1, "generated": 0, "bbox": {"xmin": 0, "ymin": 0, "ymax": 571, "xmax": 313}}], [{"tid": 0, "generated": 0, "bbox": {"xmin": 401, "ymin": 449, "ymax": 624, "xmax": 743}}, {"tid": 1, "generated": 0, "bbox": {"xmin": 0, "ymin": 0, "ymax": 570, "xmax": 322}}], [{"tid": 0, "generated": 0, "bbox": {"xmin": 400, "ymin": 449, "ymax": 625, "xmax": 746}}, {"tid": 1, "generated": 0, "bbox": {"xmin": 0, "ymin": 0, "ymax": 569, "xmax": 332}}], [{"tid": 0, "generated": 0, "bbox": {"xmin": 398, "ymin": 449, "ymax": 625, "xmax": 753}}, {"tid": 1, "generated": 0, "bbox": {"xmin": 0, "ymin": 0, "ymax": 569, "xmax": 341}}], [{"tid": 0, "generated": 0, "bbox": {"xmin": 396, "ymin": 449, "ymax": 625, "xmax": 764}}, {"tid": 1, "generated": 0, "bbox": {"xmin": 0, "ymin": 0, "ymax": 568, "xmax": 351}}], [{"tid": 0, "generated": 0, "bbox": {"xmin": 394, "ymin": 449, "ymax": 625, "xmax": 773}}, {"tid": 1, "generated": 0, "bbox": {"xmin": 0, "ymin": 0, "ymax": 567, "xmax": 360}}], [{"tid": 0, "generated": 0, "bbox": {"xmin": 393, "ymin": 449, "ymax": 628, "xmax": 767}}, {"tid": 1, "generated": 0, "bbox": {"xmin": 0, "ymin": 0, "ymax": 567, "xmax": 369}}], [{"tid": 0, "generated": 0, "bbox": {"xmin": 393, "ymin": 449, "ymax": 631, "xmax": 761}}, {"tid": 1, "generated": 0, "bbox": {"xmin": 0, "ymin": 0, "ymax": 566, "xmax": 379}}]], "subject/objects": [{"category": "fox", "tid": 0}, {"category": "car", "tid": 1}], "relation_instances": [{"end_fid": 480, "subject_tid": 0, "predicate": "walk_right", "begin_fid": 450, "object_tid": 1}, {"end_fid": 480, "subject_tid": 0, "predicate": "walk_front", "begin_fid": 450, "object_tid": 1}, {"end_fid": 480, "subject_tid": 0, "predicate": "walk_toward", "begin_fid": 450, "object_tid": 1}, {"end_fid": 480, "subject_tid": 1, "predicate": "behind", "begin_fid": 450, "object_tid": 0}, {"end_fid": 480, "subject_tid": 1, "predicate": "left", "begin_fid": 450, "object_tid": 0}, {"end_fid": 480, "subject_tid": 1, "predicate": "taller", "begin_fid": 450, "object_tid": 0}, {"end_fid": 480, "subject_tid": 1, "predicate": "larger", "begin_fid": 450, "object_tid": 0}], "height": 720}