{"width": 1280, "frame_count": 92, "video_id": "ILSVRC2015_train_00290008", "fps": 30, "trajectories": [[{"tid": 0, "generated": 0, "bbox": {"xmin": 147, "ymin": 238, "ymax": 467, "xmax": 469}}, {"tid": 1, "generated": 0, "bbox": {"xmin": 14, "ymin": 250, "ymax": 446, "xmax": 220}}], [{"tid": 0, "generated": 0, "bbox": {"xmin": 153, "ymin": 236, "ymax": 470, "xmax": 483}}, {"tid": 1, "generated": 0, "bbox": {"xmin": 22, "ymin": 244, "ymax": 448, "xmax": 229}}], [{"tid": 0, "generated": 0, "bbox": {"xmin": 159, "ymin": 235, "ymax": 473, "xmax": 498}}, {"tid": 1, "generated": 0, "bbox": {"xmin": 31, "ymin": 239, "ymax": 450, "xmax": 238}}], [{"tid": 0, "generated": 0, "bbox": {"xmin": 165, "ymin": 234, "ymax": 476, "xmax": 513}}, {"tid": 1, "generated": 0, "bbox": {"xmin": 40, "ymin": 234, "ymax": 453, "xmax": 247}}], [{"tid": 0, "generated": 0, "bbox": {"xmin": 172, "ymin": 234, "ymax": 476, "xmax": 523}}, {"tid": 1, "generated": 0, "bbox": {"xmin": 46, "ymin": 234, "ymax": 458, "xmax": 253}}], [{"tid": 0, "generated": 0, "bbox": {"xmin": 179, "ymin": 234, "ymax": 476, "xmax": 534}}, {"tid": 1, "generated": 0, "bbox": {"xmin": 53, "ymin": 235, "ymax": 463, "xmax": 259}}], [{"tid": 0, "generated": 0, "bbox": {"xmin": 186, "ymin": 234, "ymax": 476, "xmax": 545}}, {"tid": 1, "generated": 0, "bbox": {"xmin": 60, "ymin": 236, "ymax": 469, "xmax": 266}}], [{"tid": 0, "generated": 0, "bbox": {"xmin": 202, "ymin": 233, "ymax": 479, "xmax": 558}}, {"tid": 1, "generated": 0, "bbox": {"xmin": 68, "ymin": 236, "ymax": 476, "xmax": 279}}], [{"tid": 0, "generated": 0, "bbox": {"xmin": 218, "ymin": 232, "ymax": 482, "xmax": 572}}, {"tid": 1, "generated": 0, "bbox": {"xmin": 76, "ymin": 236, "ymax": 484, "xmax": 293}}], [{"tid": 0, "generated": 0, "bbox": {"xmin": 234, "ymin": 232, "ymax": 485, "xmax": 586}}, {"tid": 1, "generated": 0, "bbox": {"xmin": 85, "ymin": 236, "ymax": 492, "xmax": 307}}], [{"tid": 0, "generated": 0, "bbox": {"xmin": 256, "ymin": 229, "ymax": 482, "xmax": 608}}, {"tid": 1, "generated": 0, "bbox": {"xmin": 99, "ymin": 232, "ymax": 496, "xmax": 320}}], [{"tid": 0, "generated": 0, "bbox": {"xmin": 279, "ymin": 226, "ymax": 479, "xmax": 631}}, {"tid": 1, "generated": 0, "bbox": {"xmin": 113, "ymin": 228, "ymax": 500, "xmax": 334}}], [{"tid": 0, "generated": 0, "bbox": {"xmin": 302, "ymin": 224, "ymax": 476, "xmax": 654}}, {"tid": 1, "generated": 0, "bbox": {"xmin": 128, "ymin": 225, "ymax": 504, "xmax": 348}}], [{"tid": 0, "generated": 0, "bbox": {"xmin": 320, "ymin": 222, "ymax": 490, "xmax": 670}}, {"tid": 1, "generated": 0, "bbox": {"xmin": 139, "ymin": 220, "ymax": 504, "xmax": 363}}], [{"tid": 0, "generated": 0, "bbox": {"xmin": 338, "ymin": 220, "ymax": 505, "xmax": 686}}, {"tid": 1, "generated": 0, "bbox": {"xmin": 151, "ymin": 215, "ymax": 505, "xmax": 378}}], [{"tid": 0, "generated": 0, "bbox": {"xmin": 357, "ymin": 218, "ymax": 520, "xmax": 702}}, {"tid": 1, "generated": 0, "bbox": {"xmin": 163, "ymin": 211, "ymax": 506, "xmax": 394}}], [{"tid": 0, "generated": 0, "bbox": {"xmin": 373, "ymin": 211, "ymax": 525, "xmax": 715}}, {"tid": 1, "generated": 0, "bbox": {"xmin": 170, "ymin": 211, "ymax": 506, "xmax": 413}}], [{"tid": 0, "generated": 0, "bbox": {"xmin": 389, "ymin": 204, "ymax": 530, "xmax": 728}}, {"tid": 1, "generated": 0, "bbox": {"xmin": 178, "ymin": 212, "ymax": 507, "xmax": 432}}], [{"tid": 0, "generated": 0, "bbox": {"xmin": 405, "ymin": 197, "ymax": 536, "xmax": 741}}, {"tid": 1, "generated": 0, "bbox": {"xmin": 186, "ymin": 213, "ymax": 508, "xmax": 451}}], [{"tid": 0, "generated": 0, "bbox": {"xmin": 419, "ymin": 207, "ymax": 559, "xmax": 746}}, {"tid": 1, "generated": 0, "bbox": {"xmin": 186, "ymin": 214, "ymax": 508, "xmax": 470}}], [{"tid": 0, "generated": 0, "bbox": {"xmin": 434, "ymin": 217, "ymax": 582, "xmax": 751}}, {"tid": 1, "generated": 0, "bbox": {"xmin": 186, "ymin": 215, "ymax": 509, "xmax": 490}}], [{"tid": 0, "generated": 0, "bbox": {"xmin": 449, "ymin": 227, "ymax": 606, "xmax": 757}}, {"tid": 1, "generated": 0, "bbox": {"xmin": 186, "ymin": 216, "ymax": 510, "xmax": 510}}], [{"tid": 0, "generated": 0, "bbox": {"xmin": 475, "ymin": 231, "ymax": 635, "xmax": 765}}, {"tid": 1, "generated": 0, "bbox": {"xmin": 165, "ymin": 218, "ymax": 529, "xmax": 529}}], [{"tid": 0, "generated": 0, "bbox": {"xmin": 501, "ymin": 235, "ymax": 664, "xmax": 773}}, {"tid": 1, "generated": 0, "bbox": {"xmin": 144, "ymin": 221, "ymax": 548, "xmax": 548}}], [{"tid": 0, "generated": 0, "bbox": {"xmin": 528, "ymin": 240, "ymax": 693, "xmax": 782}}, {"tid": 1, "generated": 0, "bbox": {"xmin": 124, "ymin": 224, "ymax": 567, "xmax": 568}}], [{"tid": 0, "generated": 0, "bbox": {"xmin": 553, "ymin": 245, "ymax": 701, "xmax": 831}}, {"tid": 1, "generated": 0, "bbox": {"xmin": 128, "ymin": 216, "ymax": 583, "xmax": 593}}], [{"tid": 0, "generated": 0, "bbox": {"xmin": 578, "ymin": 250, "ymax": 709, "xmax": 881}}, {"tid": 1, "generated": 0, "bbox": {"xmin": 133, "ymin": 209, "ymax": 599, "xmax": 618}}], [{"tid": 0, "generated": 0, "bbox": {"xmin": 604, "ymin": 256, "ymax": 718, "xmax": 931}}, {"tid": 1, "generated": 0, "bbox": {"xmin": 138, "ymin": 202, "ymax": 616, "xmax": 643}}], [{"tid": 0, "generated": 0, "bbox": {"xmin": 624, "ymin": 264, "ymax": 718, "xmax": 1022}}, {"tid": 1, "generated": 0, "bbox": {"xmin": 128, "ymin": 193, "ymax": 625, "xmax": 648}}], [{"tid": 0, "generated": 0, "bbox": {"xmin": 640, "ymin": 266, "ymax": 718, "xmax": 1111}}, {"tid": 1, "generated": 0, "bbox": {"xmin": 132, "ymin": 194, "ymax": 641, "xmax": 659}}], [], [], [], [], [], [], [], [], [], [], [], [], [], [], [], [{"tid": 0, "generated": 0, "bbox": {"xmin": 689, "ymin": 272, "ymax": 563, "xmax": 1156}}, {"tid": 1, "generated": 0, "bbox": {"xmin": 218, "ymin": 221, "ymax": 600, "xmax": 703}}], [{"tid": 0, "generated": 0, "bbox": {"xmin": 699, "ymin": 270, "ymax": 546, "xmax": 1126}}, {"tid": 1, "generated": 0, "bbox": {"xmin": 189, "ymin": 239, "ymax": 600, "xmax": 697}}], [{"tid": 0, "generated": 0, "bbox": {"xmin": 709, "ymin": 268, "ymax": 529, "xmax": 1096}}, {"tid": 1, "generated": 0, "bbox": {"xmin": 161, "ymin": 257, "ymax": 600, "xmax": 691}}], [{"tid": 0, "generated": 0, "bbox": {"xmin": 730, "ymin": 264, "ymax": 515, "xmax": 1072}}, {"tid": 1, "generated": 0, "bbox": {"xmin": 97, "ymin": 261, "ymax": 611, "xmax": 684}}], [{"tid": 0, "generated": 0, "bbox": {"xmin": 720, "ymin": 268, "ymax": 509, "xmax": 1040}}, {"tid": 1, "generated": 0, "bbox": {"xmin": 124, "ymin": 264, "ymax": 601, "xmax": 678}}], [{"tid": 0, "generated": 0, "bbox": {"xmin": 711, "ymin": 273, "ymax": 504, "xmax": 1008}}, {"tid": 1, "generated": 0, "bbox": {"xmin": 152, "ymin": 268, "ymax": 592, "xmax": 672}}], [{"tid": 0, "generated": 0, "bbox": {"xmin": 702, "ymin": 286, "ymax": 499, "xmax": 977}}, {"tid": 1, "generated": 0, "bbox": {"xmin": 161, "ymin": 272, "ymax": 597, "xmax": 680}}], [{"tid": 0, "generated": 0, "bbox": {"xmin": 690, "ymin": 295, "ymax": 506, "xmax": 958}}, {"tid": 1, "generated": 0, "bbox": {"xmin": 180, "ymin": 298, "ymax": 601, "xmax": 674}}], [{"tid": 0, "generated": 0, "bbox": {"xmin": 678, "ymin": 304, "ymax": 513, "xmax": 939}}, {"tid": 1, "generated": 0, "bbox": {"xmin": 200, "ymin": 324, "ymax": 605, "xmax": 669}}], [{"tid": 0, "generated": 0, "bbox": {"xmin": 666, "ymin": 314, "ymax": 520, "xmax": 920}}, {"tid": 1, "generated": 0, "bbox": {"xmin": 220, "ymin": 350, "ymax": 609, "xmax": 664}}], [{"tid": 0, "generated": 0, "bbox": {"xmin": 670, "ymin": 327, "ymax": 517, "xmax": 901}}, {"tid": 1, "generated": 0, "bbox": {"xmin": 233, "ymin": 352, "ymax": 591, "xmax": 650}}], [{"tid": 0, "generated": 0, "bbox": {"xmin": 675, "ymin": 340, "ymax": 514, "xmax": 883}}, {"tid": 1, "generated": 0, "bbox": {"xmin": 246, "ymin": 354, "ymax": 573, "xmax": 636}}], [{"tid": 0, "generated": 0, "bbox": {"xmin": 680, "ymin": 353, "ymax": 512, "xmax": 865}}, {"tid": 1, "generated": 0, "bbox": {"xmin": 259, "ymin": 357, "ymax": 556, "xmax": 622}}], [{"tid": 0, "generated": 0, "bbox": {"xmin": 680, "ymin": 356, "ymax": 508, "xmax": 857}}, {"tid": 1, "generated": 0, "bbox": {"xmin": 298, "ymin": 355, "ymax": 558, "xmax": 616}}], [{"tid": 0, "generated": 0, "bbox": {"xmin": 680, "ymin": 359, "ymax": 504, "xmax": 849}}, {"tid": 1, "generated": 0, "bbox": {"xmin": 337, "ymin": 353, "ymax": 560, "xmax": 611}}], [{"tid": 0, "generated": 0, "bbox": {"xmin": 680, "ymin": 362, "ymax": 501, "xmax": 842}}, {"tid": 1, "generated": 0, "bbox": {"xmin": 376, "ymin": 352, "ymax": 563, "xmax": 606}}, {"tid": 2, "generated": 0, "bbox": {"xmin": 1014, "ymin": 300, "ymax": 470, "xmax": 1184}}], [{"tid": 0, "generated": 0, "bbox": {"xmin": 676, "ymin": 369, "ymax": 497, "xmax": 831}}, {"tid": 1, "generated": 0, "bbox": {"xmin": 384, "ymin": 361, "ymax": 547, "xmax": 603}}, {"tid": 2, "generated": 0, "bbox": {"xmin": 983, "ymin": 309, "ymax": 467, "xmax": 1147}}], [{"tid": 0, "generated": 0, "bbox": {"xmin": 673, "ymin": 377, "ymax": 493, "xmax": 820}}, {"tid": 1, "generated": 0, "bbox": {"xmin": 392, "ymin": 370, "ymax": 531, "xmax": 600}}, {"tid": 2, "generated": 0, "bbox": {"xmin": 953, "ymin": 317, "ymax": 463, "xmax": 1109}}], [{"tid": 0, "generated": 0, "bbox": {"xmin": 670, "ymin": 385, "ymax": 490, "xmax": 810}}, {"tid": 1, "generated": 0, "bbox": {"xmin": 401, "ymin": 380, "ymax": 515, "xmax": 597}}, {"tid": 2, "generated": 0, "bbox": {"xmin": 922, "ymin": 326, "ymax": 460, "xmax": 1072}}], [{"tid": 0, "generated": 0, "bbox": {"xmin": 674, "ymin": 379, "ymax": 485, "xmax": 796}}, {"tid": 1, "generated": 0, "bbox": {"xmin": 412, "ymin": 381, "ymax": 505, "xmax": 597}}, {"tid": 2, "generated": 0, "bbox": {"xmin": 892, "ymin": 334, "ymax": 456, "xmax": 1034}}], [{"tid": 0, "generated": 0, "bbox": {"xmin": 678, "ymin": 374, "ymax": 480, "xmax": 782}}, {"tid": 1, "generated": 0, "bbox": {"xmin": 423, "ymin": 382, "ymax": 496, "xmax": 598}}, {"tid": 2, "generated": 0, "bbox": {"xmin": 873, "ymin": 338, "ymax": 457, "xmax": 1012}}], [{"tid": 0, "generated": 0, "bbox": {"xmin": 682, "ymin": 369, "ymax": 476, "xmax": 769}}, {"tid": 1, "generated": 0, "bbox": {"xmin": 435, "ymin": 384, "ymax": 487, "xmax": 599}}, {"tid": 2, "generated": 0, "bbox": {"xmin": 854, "ymin": 342, "ymax": 458, "xmax": 991}}], [{"tid": 0, "generated": 0, "bbox": {"xmin": 681, "ymin": 376, "ymax": 480, "xmax": 761}}, {"tid": 1, "generated": 0, "bbox": {"xmin": 454, "ymin": 379, "ymax": 487, "xmax": 598}}, {"tid": 2, "generated": 0, "bbox": {"xmin": 834, "ymin": 346, "ymax": 460, "xmax": 969}}], [{"tid": 0, "generated": 0, "bbox": {"xmin": 680, "ymin": 384, "ymax": 484, "xmax": 753}}, {"tid": 1, "generated": 0, "bbox": {"xmin": 474, "ymin": 375, "ymax": 487, "xmax": 597}}, {"tid": 2, "generated": 0, "bbox": {"xmin": 815, "ymin": 350, "ymax": 461, "xmax": 948}}], [{"tid": 0, "generated": 0, "bbox": {"xmin": 679, "ymin": 392, "ymax": 488, "xmax": 746}}, {"tid": 1, "generated": 0, "bbox": {"xmin": 494, "ymin": 371, "ymax": 488, "xmax": 597}}, {"tid": 2, "generated": 0, "bbox": {"xmin": 796, "ymin": 354, "ymax": 462, "xmax": 926}}], [{"tid": 0, "generated": 0, "bbox": {"xmin": 676, "ymin": 392, "ymax": 486, "xmax": 744}}, {"tid": 1, "generated": 0, "bbox": {"xmin": 499, "ymin": 374, "ymax": 483, "xmax": 603}}, {"tid": 2, "generated": 0, "bbox": {"xmin": 792, "ymin": 358, "ymax": 462, "xmax": 918}}], [{"tid": 0, "generated": 0, "bbox": {"xmin": 673, "ymin": 392, "ymax": 484, "xmax": 742}}, {"tid": 1, "generated": 0, "bbox": {"xmin": 504, "ymin": 377, "ymax": 478, "xmax": 609}}, {"tid": 2, "generated": 0, "bbox": {"xmin": 787, "ymin": 361, "ymax": 462, "xmax": 911}}], [{"tid": 0, "generated": 0, "bbox": {"xmin": 670, "ymin": 392, "ymax": 483, "xmax": 741}}, {"tid": 1, "generated": 0, "bbox": {"xmin": 510, "ymin": 380, "ymax": 474, "xmax": 615}}, {"tid": 2, "generated": 0, "bbox": {"xmin": 783, "ymin": 365, "ymax": 462, "xmax": 903}}], [{"tid": 0, "generated": 0, "bbox": {"xmin": 671, "ymin": 395, "ymax": 480, "xmax": 741}}, {"tid": 1, "generated": 0, "bbox": {"xmin": 517, "ymin": 385, "ymax": 471, "xmax": 617}}, {"tid": 2, "generated": 0, "bbox": {"xmin": 778, "ymin": 368, "ymax": 462, "xmax": 896}}], [{"tid": 0, "generated": 0, "bbox": {"xmin": 673, "ymin": 398, "ymax": 478, "xmax": 741}}, {"tid": 1, "generated": 0, "bbox": {"xmin": 525, "ymin": 390, "ymax": 468, "xmax": 619}}, {"tid": 2, "generated": 0, "bbox": {"xmin": 774, "ymin": 372, "ymax": 462, "xmax": 888}}], [{"tid": 0, "generated": 0, "bbox": {"xmin": 675, "ymin": 401, "ymax": 476, "xmax": 741}}, {"tid": 1, "generated": 0, "bbox": {"xmin": 533, "ymin": 396, "ymax": 465, "xmax": 622}}, {"tid": 2, "generated": 0, "bbox": {"xmin": 765, "ymin": 376, "ymax": 460, "xmax": 882}}], [{"tid": 0, "generated": 0, "bbox": {"xmin": 670, "ymin": 400, "ymax": 471, "xmax": 734}}, {"tid": 1, "generated": 0, "bbox": {"xmin": 540, "ymin": 395, "ymax": 461, "xmax": 626}}, {"tid": 2, "generated": 0, "bbox": {"xmin": 756, "ymin": 380, "ymax": 457, "xmax": 875}}], [{"tid": 0, "generated": 0, "bbox": {"xmin": 665, "ymin": 399, "ymax": 466, "xmax": 727}}, {"tid": 1, "generated": 0, "bbox": {"xmin": 548, "ymin": 394, "ymax": 458, "xmax": 630}}, {"tid": 2, "generated": 0, "bbox": {"xmin": 748, "ymin": 384, "ymax": 455, "xmax": 869}}], [{"tid": 0, "generated": 0, "bbox": {"xmin": 661, "ymin": 398, "ymax": 462, "xmax": 720}}, {"tid": 1, "generated": 0, "bbox": {"xmin": 556, "ymin": 394, "ymax": 455, "xmax": 634}}, {"tid": 2, "generated": 0, "bbox": {"xmin": 739, "ymin": 388, "ymax": 452, "xmax": 862}}], [{"tid": 0, "generated": 0, "bbox": {"xmin": 653, "ymin": 397, "ymax": 460, "xmax": 709}}, {"tid": 1, "generated": 0, "bbox": {"xmin": 553, "ymin": 389, "ymax": 453, "xmax": 631}}, {"tid": 2, "generated": 0, "bbox": {"xmin": 730, "ymin": 392, "ymax": 450, "xmax": 856}}], [{"tid": 0, "generated": 0, "bbox": {"xmin": 645, "ymin": 396, "ymax": 459, "xmax": 698}}, {"tid": 1, "generated": 0, "bbox": {"xmin": 550, "ymin": 384, "ymax": 451, "xmax": 628}}, {"tid": 2, "generated": 0, "bbox": {"xmin": 719, "ymin": 394, "ymax": 452, "xmax": 849}}], [{"tid": 0, "generated": 0, "bbox": {"xmin": 638, "ymin": 396, "ymax": 458, "xmax": 688}}, {"tid": 1, "generated": 0, "bbox": {"xmin": 547, "ymin": 380, "ymax": 449, "xmax": 625}}, {"tid": 2, "generated": 0, "bbox": {"xmin": 708, "ymin": 395, "ymax": 453, "xmax": 842}}], [{"tid": 0, "generated": 0, "bbox": {"xmin": 629, "ymin": 402, "ymax": 457, "xmax": 678}}, {"tid": 1, "generated": 0, "bbox": {"xmin": 553, "ymin": 388, "ymax": 451, "xmax": 623}}, {"tid": 2, "generated": 0, "bbox": {"xmin": 696, "ymin": 397, "ymax": 455, "xmax": 834}}], [{"tid": 0, "generated": 0, "bbox": {"xmin": 620, "ymin": 409, "ymax": 456, "xmax": 668}}, {"tid": 1, "generated": 0, "bbox": {"xmin": 559, "ymin": 396, "ymax": 453, "xmax": 621}}, {"tid": 2, "generated": 0, "bbox": {"xmin": 685, "ymin": 398, "ymax": 456, "xmax": 827}}], [{"tid": 0, "generated": 0, "bbox": {"xmin": 611, "ymin": 416, "ymax": 456, "xmax": 659}}, {"tid": 1, "generated": 0, "bbox": {"xmin": 565, "ymin": 405, "ymax": 455, "xmax": 620}}, {"tid": 2, "generated": 0, "bbox": {"xmin": 674, "ymin": 400, "ymax": 458, "xmax": 820}}], [{"tid": 0, "generated": 0, "bbox": {"xmin": 600, "ymin": 411, "ymax": 451, "xmax": 648}}, {"tid": 1, "generated": 0, "bbox": {"xmin": 556, "ymin": 402, "ymax": 451, "xmax": 617}}, {"tid": 2, "generated": 0, "bbox": {"xmin": 665, "ymin": 396, "ymax": 454, "xmax": 811}}], [{"tid": 0, "generated": 0, "bbox": {"xmin": 589, "ymin": 406, "ymax": 446, "xmax": 637}}, {"tid": 1, "generated": 0, "bbox": {"xmin": 548, "ymin": 400, "ymax": 447, "xmax": 614}}, {"tid": 2, "generated": 0, "bbox": {"xmin": 656, "ymin": 391, "ymax": 449, "xmax": 802}}], [{"tid": 0, "generated": 0, "bbox": {"xmin": 579, "ymin": 401, "ymax": 442, "xmax": 627}}, {"tid": 1, "generated": 0, "bbox": {"xmin": 540, "ymin": 398, "ymax": 444, "xmax": 611}}, {"tid": 2, "generated": 0, "bbox": {"xmin": 646, "ymin": 387, "ymax": 445, "xmax": 792}}], [{"tid": 0, "generated": 0, "bbox": {"xmin": 575, "ymin": 394, "ymax": 435, "xmax": 616}}, {"tid": 1, "generated": 0, "bbox": {"xmin": 536, "ymin": 393, "ymax": 436, "xmax": 602}}, {"tid": 2, "generated": 0, "bbox": {"xmin": 637, "ymin": 382, "ymax": 440, "xmax": 783}}], [{"tid": 0, "generated": 0, "bbox": {"xmin": 571, "ymin": 388, "ymax": 428, "xmax": 605}}, {"tid": 1, "generated": 0, "bbox": {"xmin": 531, "ymin": 387, "ymax": 427, "xmax": 593}}, {"tid": 2, "generated": 0, "bbox": {"xmin": 628, "ymin": 378, "ymax": 436, "xmax": 774}}]], "subject/objects": [{"category": "dog", "tid": 0}, {"category": "dog", "tid": 1}, {"category": "person", "tid": 2}], "relation_instances": [{"end_fid": 30, "subject_tid": 0, "predicate": "stand_right", "begin_fid": 0, "object_tid": 1}, {"end_fid": 30, "subject_tid": 0, "predicate": "stand_next_to", "begin_fid": 0, "object_tid": 1}, {"end_fid": 30, "subject_tid": 0, "predicate": "stand_with", "begin_fid": 0, "object_tid": 1}, {"end_fid": 30, "subject_tid": 1, "predicate": "stand_next_to", "begin_fid": 0, "object_tid": 0}, {"end_fid": 30, "subject_tid": 1, "predicate": "stand_left", "begin_fid": 0, "object_tid": 0}, {"end_fid": 30, "subject_tid": 1, "predicate": "stand_with", "begin_fid": 0, "object_tid": 0}, {"end_fid": 75, "subject_tid": 0, "predicate": "run_front", "begin_fid": 45, "object_tid": 1}, {"end_fid": 75, "subject_tid": 0, "predicate": "run_with", "begin_fid": 45, "object_tid": 1}, {"end_fid": 75, "subject_tid": 1, "predicate": "run_behind", "begin_fid": 45, "object_tid": 0}, {"end_fid": 75, "subject_tid": 1, "predicate": "run_with", "begin_fid": 45, "object_tid": 0}, {"end_fid": 90, "subject_tid": 0, "predicate": "run_right", "begin_fid": 60, "object_tid": 1}, {"end_fid": 90, "subject_tid": 0, "predicate": "run_with", "begin_fid": 60, "object_tid": 1}, {"end_fid": 90, "subject_tid": 1, "predicate": "run_left", "begin_fid": 60, "object_tid": 0}, {"end_fid": 90, "subject_tid": 1, "predicate": "run_with", "begin_fid": 60, "object_tid": 0}, {"end_fid": 90, "subject_tid": 0, "predicate": "run_left", "begin_fid": 60, "object_tid": 2}, {"end_fid": 90, "subject_tid": 2, "predicate": "lie_right", "begin_fid": 60, "object_tid": 0}, {"end_fid": 90, "subject_tid": 1, "predicate": "run_left", "begin_fid": 60, "object_tid": 2}, {"end_fid": 90, "subject_tid": 2, "predicate": "lie_right", "begin_fid": 60, "object_tid": 1}], "height": 720}