{"width": 540, "frame_count": 2700, "video_id": "ILSVRC2015_train_00657000", "fps": 29, "trajectories": [[{"tid": 1, "generated": 0, "bbox": {"xmin": 482, "ymin": 182, "ymax": 190, "xmax": 503}}, {"tid": 5, "generated": 0, "bbox": {"xmin": 330, "ymin": 182, "ymax": 197, "xmax": 351}}], [{"tid": 1, "generated": 0, "bbox": {"xmin": 481, "ymin": 182, "ymax": 190, "xmax": 502}}, {"tid": 5, "generated": 0, "bbox": {"xmin": 329, "ymin": 181, "ymax": 196, "xmax": 350}}], [{"tid": 1, "generated": 0, "bbox": {"xmin": 481, "ymin": 182, "ymax": 190, "xmax": 502}}, {"tid": 5, "generated": 0, "bbox": {"xmin": 329, "ymin": 181, "ymax": 196, "xmax": 350}}], [{"tid": 1, "generated": 0, "bbox": {"xmin": 481, "ymin": 182, "ymax": 190, "xmax": 502}}, {"tid": 5, "generated": 0, "bbox": {"xmin": 329, "ymin": 181, "ymax": 196, "xmax": 350}}], [{"tid": 1, "generated": 0, "bbox": {"xmin": 481, "ymin": 182, "ymax": 190, "xmax": 502}}, {"tid": 5, "generated": 0, "bbox": {"xmin": 329, "ymin": 181, "ymax": 196, "xmax": 350}}], [{"tid": 1, "generated": 0, "bbox": {"xmin": 481, "ymin": 182, "ymax": 190, "xmax": 502}}, {"tid": 5, "generated": 0, "bbox": {"xmin": 329, "ymin": 181, "ymax": 196, "xmax": 350}}], [{"tid": 1, "generated": 0, "bbox": {"xmin": 481, "ymin": 182, "ymax": 190, "xmax": 502}}, {"tid": 5, "generated": 0, "bbox": {"xmin": 329, "ymin": 181, "ymax": 196, "xmax": 350}}], [{"tid": 1, "generated": 0, "bbox": {"xmin": 481, "ymin": 182, "ymax": 190, "xmax": 502}}, {"tid": 5, "generated": 0, "bbox": {"xmin": 329, "ymin": 181, "ymax": 196, "xmax": 350}}], [{"tid": 1, "generated": 0, "bbox": {"xmin": 481, "ymin": 182, "ymax": 190, "xmax": 502}}, {"tid": 5, "generated": 0, "bbox": {"xmin": 329, "ymin": 181, "ymax": 196, "xmax": 350}}], [{"tid": 1, "generated": 0, "bbox": {"xmin": 481, "ymin": 182, "ymax": 190, "xmax": 502}}, {"tid": 5, "generated": 0, "bbox": {"xmin": 329, "ymin": 181, "ymax": 196, "xmax": 350}}], [{"tid": 1, "generated": 0, "bbox": {"xmin": 481, "ymin": 182, "ymax": 190, "xmax": 502}}, {"tid": 5, "generated": 0, "bbox": {"xmin": 329, "ymin": 181, "ymax": 196, "xmax": 350}}], [{"tid": 1, "generated": 0, "bbox": {"xmin": 481, "ymin": 182, "ymax": 190, "xmax": 501}}, {"tid": 5, "generated": 0, "bbox": {"xmin": 329, "ymin": 181, "ymax": 195, "xmax": 350}}], [{"tid": 1, "generated": 0, "bbox": {"xmin": 481, "ymin": 182, "ymax": 190, "xmax": 501}}, {"tid": 5, "generated": 0, "bbox": {"xmin": 329, "ymin": 181, "ymax": 195, "xmax": 350}}], [{"tid": 1, "generated": 0, "bbox": {"xmin": 481, "ymin": 182, "ymax": 190, "xmax": 501}}, {"tid": 5, "generated": 0, "bbox": {"xmin": 329, "ymin": 180, "ymax": 195, "xmax": 350}}], [{"tid": 1, "generated": 0, "bbox": {"xmin": 481, "ymin": 182, "ymax": 190, "xmax": 501}}, {"tid": 5, "generated": 0, "bbox": {"xmin": 329, "ymin": 180, "ymax": 195, "xmax": 350}}], [{"tid": 1, "generated": 0, "bbox": {"xmin": 481, "ymin": 182, "ymax": 190, "xmax": 501}}, {"tid": 5, "generated": 0, "bbox": {"xmin": 329, "ymin": 180, "ymax": 195, "xmax": 350}}], [{"tid": 1, "generated": 0, "bbox": {"xmin": 480, "ymin": 182, "ymax": 190, "xmax": 501}}, {"tid": 5, "generated": 0, "bbox": {"xmin": 329, "ymin": 180, "ymax": 195, "xmax": 350}}], [{"tid": 1, "generated": 0, "bbox": {"xmin": 480, "ymin": 182, "ymax": 190, "xmax": 501}}, {"tid": 5, "generated": 0, "bbox": {"xmin": 329, "ymin": 180, "ymax": 195, "xmax": 350}}], [{"tid": 1, "generated": 0, "bbox": {"xmin": 480, "ymin": 182, "ymax": 190, "xmax": 501}}, {"tid": 5, "generated": 0, "bbox": {"xmin": 329, "ymin": 180, "ymax": 195, "xmax": 350}}], [{"tid": 1, "generated": 0, "bbox": {"xmin": 480, "ymin": 182, "ymax": 190, "xmax": 501}}, {"tid": 5, "generated": 0, "bbox": {"xmin": 329, "ymin": 180, "ymax": 195, "xmax": 350}}], [{"tid": 1, "generated": 0, "bbox": {"xmin": 480, "ymin": 182, "ymax": 190, "xmax": 501}}, {"tid": 5, "generated": 0, "bbox": {"xmin": 329, "ymin": 180, "ymax": 195, "xmax": 350}}], [{"tid": 1, "generated": 0, "bbox": {"xmin": 480, "ymin": 182, "ymax": 190, "xmax": 500}}, {"tid": 5, "generated": 0, "bbox": {"xmin": 329, "ymin": 180, "ymax": 194, "xmax": 350}}], [{"tid": 1, "generated": 0, "bbox": {"xmin": 480, "ymin": 182, "ymax": 190, "xmax": 500}}, {"tid": 5, "generated": 0, "bbox": {"xmin": 329, "ymin": 180, "ymax": 194, "xmax": 350}}], [{"tid": 1, "generated": 0, "bbox": {"xmin": 480, "ymin": 182, "ymax": 190, "xmax": 500}}, {"tid": 5, "generated": 0, "bbox": {"xmin": 329, "ymin": 180, "ymax": 194, "xmax": 350}}], [{"tid": 1, "generated": 0, "bbox": {"xmin": 480, "ymin": 182, "ymax": 190, "xmax": 500}}, {"tid": 5, "generated": 0, "bbox": {"xmin": 329, "ymin": 180, "ymax": 194, "xmax": 350}}], [{"tid": 1, "generated": 0, "bbox": {"xmin": 480, "ymin": 182, "ymax": 190, "xmax": 500}}, {"tid": 5, "generated": 0, "bbox": {"xmin": 329, "ymin": 179, "ymax": 194, "xmax": 350}}], [{"tid": 1, "generated": 0, "bbox": {"xmin": 480, "ymin": 182, "ymax": 190, "xmax": 500}}, {"tid": 5, "generated": 0, "bbox": {"xmin": 329, "ymin": 179, "ymax": 194, "xmax": 350}}], [{"tid": 1, "generated": 0, "bbox": {"xmin": 480, "ymin": 182, "ymax": 190, "xmax": 500}}, {"tid": 5, "generated": 0, "bbox": {"xmin": 329, "ymin": 179, "ymax": 194, "xmax": 350}}], [{"tid": 1, "generated": 0, "bbox": {"xmin": 480, "ymin": 182, "ymax": 190, "xmax": 500}}, {"tid": 5, "generated": 0, "bbox": {"xmin": 329, "ymin": 179, "ymax": 194, "xmax": 350}}], [{"tid": 1, "generated": 0, "bbox": {"xmin": 480, "ymin": 182, "ymax": 190, "xmax": 500}}, {"tid": 5, "generated": 0, "bbox": {"xmin": 329, "ymin": 179, "ymax": 194, "xmax": 350}}], [], [], [], [], [], [], [], [], [], [], [], [], [], [], [], [], [], [], [], [], [], [], [], [], [], [], [], [], [], [], [], [], [], [], [], [], [], [], [], [], [], [], [], [], [], [], [], [], [], [], [], [], [], [], [], [], [], [], [], [], [], [], [], [], [], [], [], [], [], [], [], [], [], [], [], [], [], [], [], [], [], [], [], [], [], [], [], [], [], [], [], [], [], [], [], [], [], [], [], [], [], [], [], [], [], [], [], [], [], [], [], [], [], [], [], [], [], [], [], [], [], [], [], [], [], [], [], [], [], [], [], [], [], [], [], [], [], [], [], [], [], [], [], [], [], [], [], [], [], [], [], [], [], [], [], [], [], [], [], [], [], [], [], [], [], [], [], [], [], [], [], [], [], [], [], [], [], [], [], [], [], [], [], [], [], [], [], [], [], [], [], [], [], [], [], [], [], [], [], [], [], [], [], [], [], [], [], [], [], [], [], [], [], [], [], [], [], [], [], [], [], [], [], [], [], [], [], [], [], [], [], [], [], [], [], [], [], [], [], [], [], [], [], [], [], [], [], [], [], [], [], [], [], [], [], [], [], [], [], [], [], [], [], [], [], [], [], [], [], [], [], [], [], [], [], [], [], [], [], [], [], [], [], [], [], [], [], [], [], [], [], [], [], [], [], [], [], [], [], [], [], [], [], [], [], [], [], [], [], [], [], [], [], [], [], [], [], [], [], [], [], [], [], [], [], [], [], [], [], [], [], [], [], [], [], [], [], [], [], [], [], [], [], [], [], [], [], [], [], [], [], [], [], [], [], [], [], [], [], [], [], [], [], [], [], [], [], [], [], [], [], [], [], [], [], [], [], [], [], [], [], [], [], [], [], [], [], [], [], [], [], [], [], [], [], [], [], [], [], [], [], [], [], [], [], [], [], [], [], [], [], [], [], [], [], [], [], [], [], [], [], [], [], [], [], [], [], [], [], [], [], [], [], [], [], [], [], [], [], [], [], [], [], [], [], [], [], [], [], [], [], [], [], [], [], [], [], [], [], [], [], [], [], [], [], [], [], [], [], [], [], [], [], [], [], [], [], [], [], [], [], [], [], [], [], [], [], [], [], [], [], [], [], [], [], [], [], [], [], [], [], [], [], [], [], [], [], [], [], [], [], [], [], [], [], [], [], [], [], [], [], [], [], [], [], [], [], [], [], [], [], [], [], [], [], [], [], [], [], [], [], [], [], [], [], [], [], [], [], [], [], [], [], [], [], [], [], [], [], [], [], [], [], [], [], [], [], [], [], [], [], [], [], [], [], [], [], [], [], [], [], [], [], [], [], [], [], [], [], [], [], [], [], [], [], [], [], [], [], [], [], [], [], [], [], [], [], [], [], [], [], [], [], [], [], [], [], [], [], [], [], [], [], [], [], [], [], [], [], [], [], [], [], [], [], [], [], [], [], [], [], [], [], [], [], [], [], [], [], [], [], [], [], [], [], [], [], [], [], [], [], [], [], [], [], [], [], [], [], [], [], [], [], [], [], [], [], [], [], [], [], [], [], [], [], [], [], [], [], [], [], [], [], [], [], [], [], [], [], [], [], [], [], [], [], [], [], [], [], [], [], [], [], [], [], [], [], [], [], [], [], [], [], [], [], [], [], [], [], [], [], [], [], [], [], [], [], [], [], [], [], [], [], [], [], [], [], [], [], [], [], [], [], [], [], [], [], [], [], [], [], [], [], [], [], [], [], [], [], [], [], [], [], [], [], [], [], [], [], [], [], [], [], [], [], [], [], [], [], [], [], [], [], [], [], [], [], [], [], [], [], [], [], [], [], [], [], [], [], [], [], [], [], [], [], [], [], [], [], [], [], [], [], [], [], [], [], [], [], [], [], [], [], [], [], [], [], [], [], [], [], [], [], [], [], [], [], [], [], [], [], [], [], [], [], [], [], [], [], [], [], [], [], [], [], [], [], [], [], [], [], [], [], [], [], [], [], [], [], [], [], [], [], [], [], [], [], [], [], [], [], [], [], [], [], [], [], [], [], [], [], [], [], [], [], [], [], [], [], [], [], [], [], [], [], [], [], [], [], [], [], [], [], [], [], [], [], [], [], [], [], [], [], [], [], [], [], [], [], [], [], [], [], [], [], [], [], [], [], [], [], [], [], [], [], [], [], [], [], [], [], [], [], [], [], [], [], [], [], [], [], [], [], [], [], [], [], [], [], [], [], [], [], [], [], [], [], [], [], [], [], [], [], [], [], [], [], [], [], [], [], [], [], [], [], [], [], [], [], [], [], [], [], [], [], [], [], [], [], [], [], [], [], [], [], [], [], [], [], [], [], [], [], [], [], [], [], [], [], [], [], [], [], [], [], [], [], [], [], [], [], [], [], [], [], [], [], [], [], [], [], [], [], [], [], [], [], [], [], [], [], [], [], [], [], [], [], [], [], [], [], [], [], [], [], [], [], [], [], [], [], [], [], [], [], [], [], [], [], [], [], [], [], [], [], [], [], [], [], [], [], [], [], [], [], [], [], [], [], [], [], [], [], [], [], [], [], [], [], [], [], [], [], [], [], [], [], [], [], [], [], [], [], [], [], [], [], [], [], [], [], [], [], [], [], [], [], [], [], [], [], [], [], [], [], [], [], [], [], [], [], [], [], [], [], [], [], [], [], [], [], [], [], [], [], [], [], [], [], [], [], [], [], [], [], [], [], [], [], [], [], [], [], [], [], [], [], [], [], [], [], [], [], [], [], [], [], [], [], [], [], [], [], [], [], [], [], [], [], [], [], [], [], [], [], [], [], [], [], [], [], [], [], [], [], [], [], [], [], [], [], [], [], [], [], [], [], [], [], [], [], [], [], [], [], [], [], [], [], [], [], [], [], [], [], [], [], [], [], [], [], [], [], [], [], [], [], [], [], [], [], [], [], [], [], [], [], [], [], [], [], [], [], [], [], [], [], [], [], [], [], [], [], [], [], [], [], [], [], [], [], [], [], [], [], [], [], [], [], [], [], [], [], [], [], [], [], [], [], [], [], [], [], [], [], [], [], [], [], [], [], [], [], [], [], [], [], [], [], [], [], [], [], [], [], [], [], [], [], [], [], [], [], [], [], [], [], [], [], [], [], [], [], [], [], [], [], [], [], [], [], [], [], [], [], [], [], [], [], [], [], [], [], [], [], [], [], [], [], [], [], [], [], [], [], [], [], [], [], [], [], [], [], [], [], [], [], [], [], [], [], [], [], [], [], [], [], [], [], [], [], [], [], [], [], [], [], [], [], [], [], [], [], [], [], [], [], [], [], [], [], [], [], [], [], [], [], [], [], [], [], [], [], [], [], [], [], [], [], [], [], [], [], [], [], [], [], [], [], [], [], [], [], [], [], [], [], [], [], [], [], [], [], [], [], [], [], [], [], [], [], [], [], [], [], [], [], [], [], [], [], [], [], [], [], [], [], [], [], [], [], [], [], [], [], [], [], [], [], [], [], [], [], [], [], [], [], [], [], [], [], [], [], [], [], [], [], [], [], [], [], [], [], [], [], [], [], [], [], [], [], [], [], [], [], [], [], [], [], [], [], [], [], [], [], [], [], [], [], [], [], [], [], [], [], [], [], [], [], [], [], [], [], [], [], [], [], [], [], [], [], [], [], [], [], [], [], [], [], [], [], [], [], [], [], [], [], [], [], [], [], [], [], [], [], [], [], [], [], [], [], [], [], [], [], [], [], [], [], [], [], [], [], [], [], [], [], [], [], [], [], [], [], [], [], [], [], [], [], [], [], [], [], [], [], [], [], [], [], [], [], [], [], [], [], [], [], [], [], [], [], [], [], [], [], [], [], [], [], [], [], [], [], [], [], [], [], [], [], [], [], [], [], [], [], [], [], [], [], [], [], [], [], [], [], [], [], [], [], [], [], [], [], [], [], [], [], [], [], [], [], [], [], [], [], [], [], [], [], [], [], [], [], [], [], [], [], [], [], [], [], [], [], [], [], [], [], [], [], [], [], [], [], [], [], [], [], [], [], [], [], [], [], [], [], [], [], [], [], [], [], [], [], [], [], [], [], [], [], [], [], [], [], [], [], [], [], [], [], [], [], [], [], [], [], [], [], [], [], [], [], [], [], [], [], [], [], [], [], [], [], [], [], [], [], [], [], [], [], [], [], [], [], [], [], [], [], [], [], [], [], [], [], [], [], [], [], [], [], [], [], [], [], [], [], [], [], [], [], [], [], [], [], [], [], [], [], [], [], [], [], [], [], [], [], [], [], [], [], [], [], [], [], [], [], [], [], [], [], [], [], [], [], [], [], [], [], [], [], [], [], [], [], [], [], [], [], [], [], [], [], [], [], [], [], [], [], [], [], [], [], [], [], [], [], [], [], [], [], [], [], [], [], [], [], [], [], [], [], [], [], [], [], [], [], [], [], [], [], [], [], [], [], [], [], [], [], [], [], [], [], [], [], [], [], [], [], [], [], [], [], [], [], [], [], [], [], [], [], [], [], [], [], [], [], [], [], [], [], [], [], [], [], [], [], [], [], [], [], [], [], [], [], [], [], [], [], [], [], [], [], [], [], [], [], [], [], [], [], [], [], [], [], [], [], [], [], [], [], [], [], [], [], [], [], [], [], [], [], [], [], [], [], [], [], [], [], [], [], [], [], [], [], [], [], [], [], [], [], [], [], [], [], [], [], [], [], [], [], [], [], [], [], [], [], [], [], [], [], [], [], [], [], [], [], [], [], [], [], [], [], [], [], [], [], [], [], [], [], [], [], [], [], [], [], [], [], [], [], [], [], [], [], [], [], [], [], [], [], [], [], [], [], [], [], [], [], [], [], [], [], [], [], [], [], [], [], [], [], [], [], [], [], [], [], [], [], [], [], [], [{"tid": 0, "generated": 0, "bbox": {"xmin": 109, "ymin": 97, "ymax": 200, "xmax": 504}}, {"tid": 2, "generated": 0, "bbox": {"xmin": 443, "ymin": 164, "ymax": 185, "xmax": 503}}], [{"tid": 0, "generated": 0, "bbox": {"xmin": 107, "ymin": 96, "ymax": 200, "xmax": 503}}, {"tid": 2, "generated": 0, "bbox": {"xmin": 441, "ymin": 165, "ymax": 187, "xmax": 502}}], [{"tid": 0, "generated": 0, "bbox": {"xmin": 105, "ymin": 96, "ymax": 200, "xmax": 501}}, {"tid": 2, "generated": 0, "bbox": {"xmin": 440, "ymin": 165, "ymax": 187, "xmax": 502}}], [{"tid": 0, "generated": 0, "bbox": {"xmin": 103, "ymin": 95, "ymax": 200, "xmax": 500}}, {"tid": 2, "generated": 0, "bbox": {"xmin": 439, "ymin": 165, "ymax": 187, "xmax": 502}}], [{"tid": 0, "generated": 0, "bbox": {"xmin": 101, "ymin": 95, "ymax": 199, "xmax": 499}}, {"tid": 2, "generated": 0, "bbox": {"xmin": 438, "ymin": 165, "ymax": 188, "xmax": 502}}], [{"tid": 0, "generated": 0, "bbox": {"xmin": 99, "ymin": 94, "ymax": 199, "xmax": 497}}, {"tid": 2, "generated": 0, "bbox": {"xmin": 437, "ymin": 165, "ymax": 188, "xmax": 502}}], [{"tid": 0, "generated": 0, "bbox": {"xmin": 97, "ymin": 94, "ymax": 199, "xmax": 496}}, {"tid": 2, "generated": 0, "bbox": {"xmin": 437, "ymin": 165, "ymax": 189, "xmax": 503}}], [{"tid": 0, "generated": 0, "bbox": {"xmin": 95, "ymin": 93, "ymax": 199, "xmax": 495}}, {"tid": 2, "generated": 0, "bbox": {"xmin": 439, "ymin": 164, "ymax": 189, "xmax": 505}}], [{"tid": 0, "generated": 0, "bbox": {"xmin": 93, "ymin": 93, "ymax": 199, "xmax": 493}}, {"tid": 2, "generated": 0, "bbox": {"xmin": 441, "ymin": 164, "ymax": 189, "xmax": 508}}], [{"tid": 0, "generated": 0, "bbox": {"xmin": 91, "ymin": 92, "ymax": 199, "xmax": 492}}, {"tid": 2, "generated": 0, "bbox": {"xmin": 443, "ymin": 164, "ymax": 189, "xmax": 511}}], [{"tid": 0, "generated": 0, "bbox": {"xmin": 90, "ymin": 92, "ymax": 199, "xmax": 491}}, {"tid": 2, "generated": 0, "bbox": {"xmin": 441, "ymin": 164, "ymax": 189, "xmax": 510}}], [{"tid": 0, "generated": 0, "bbox": {"xmin": 88, "ymin": 91, "ymax": 199, "xmax": 491}}, {"tid": 2, "generated": 0, "bbox": {"xmin": 438, "ymin": 164, "ymax": 189, "xmax": 508}}], [{"tid": 0, "generated": 0, "bbox": {"xmin": 86, "ymin": 91, "ymax": 199, "xmax": 491}}, {"tid": 2, "generated": 0, "bbox": {"xmin": 436, "ymin": 164, "ymax": 189, "xmax": 507}}], [{"tid": 0, "generated": 0, "bbox": {"xmin": 84, "ymin": 90, "ymax": 199, "xmax": 491}}, {"tid": 2, "generated": 0, "bbox": {"xmin": 434, "ymin": 164, "ymax": 189, "xmax": 506}}], [{"tid": 0, "generated": 0, "bbox": {"xmin": 82, "ymin": 90, "ymax": 199, "xmax": 491}}, {"tid": 2, "generated": 0, "bbox": {"xmin": 434, "ymin": 163, "ymax": 188, "xmax": 507}}], [{"tid": 0, "generated": 0, "bbox": {"xmin": 80, "ymin": 90, "ymax": 199, "xmax": 491}}, {"tid": 2, "generated": 0, "bbox": {"xmin": 435, "ymin": 163, "ymax": 188, "xmax": 508}}], [{"tid": 0, "generated": 0, "bbox": {"xmin": 78, "ymin": 89, "ymax": 199, "xmax": 491}}, {"tid": 2, "generated": 0, "bbox": {"xmin": 435, "ymin": 163, "ymax": 188, "xmax": 509}}], [{"tid": 0, "generated": 0, "bbox": {"xmin": 76, "ymin": 89, "ymax": 199, "xmax": 491}}, {"tid": 2, "generated": 0, "bbox": {"xmin": 436, "ymin": 162, "ymax": 188, "xmax": 510}}], [{"tid": 0, "generated": 0, "bbox": {"xmin": 74, "ymin": 88, "ymax": 199, "xmax": 491}}, {"tid": 2, "generated": 0, "bbox": {"xmin": 436, "ymin": 162, "ymax": 188, "xmax": 511}}], [{"tid": 0, "generated": 0, "bbox": {"xmin": 72, "ymin": 88, "ymax": 199, "xmax": 491}}, {"tid": 2, "generated": 0, "bbox": {"xmin": 437, "ymin": 162, "ymax": 188, "xmax": 512}}], [{"tid": 0, "generated": 0, "bbox": {"xmin": 71, "ymin": 88, "ymax": 200, "xmax": 491}}, {"tid": 2, "generated": 0, "bbox": {"xmin": 438, "ymin": 162, "ymax": 188, "xmax": 514}}], [{"tid": 0, "generated": 0, "bbox": {"xmin": 72, "ymin": 88, "ymax": 200, "xmax": 490}}, {"tid": 2, "generated": 0, "bbox": {"xmin": 438, "ymin": 160, "ymax": 187, "xmax": 516}}], [{"tid": 0, "generated": 0, "bbox": {"xmin": 74, "ymin": 88, "ymax": 200, "xmax": 490}}, {"tid": 2, "generated": 0, "bbox": {"xmin": 438, "ymin": 159, "ymax": 186, "xmax": 518}}], [{"tid": 0, "generated": 0, "bbox": {"xmin": 75, "ymin": 88, "ymax": 200, "xmax": 490}}, {"tid": 2, "generated": 0, "bbox": {"xmin": 439, "ymin": 158, "ymax": 186, "xmax": 521}}], [{"tid": 0, "generated": 0, "bbox": {"xmin": 77, "ymin": 88, "ymax": 200, "xmax": 490}}, {"tid": 2, "generated": 0, "bbox": {"xmin": 437, "ymin": 158, "ymax": 186, "xmax": 519}}], [{"tid": 0, "generated": 0, "bbox": {"xmin": 78, "ymin": 89, "ymax": 200, "xmax": 490}}, {"tid": 2, "generated": 0, "bbox": {"xmin": 436, "ymin": 158, "ymax": 186, "xmax": 518}}], [{"tid": 0, "generated": 0, "bbox": {"xmin": 80, "ymin": 89, "ymax": 200, "xmax": 490}}, {"tid": 2, "generated": 0, "bbox": {"xmin": 435, "ymin": 158, "ymax": 186, "xmax": 517}}], [{"tid": 0, "generated": 0, "bbox": {"xmin": 81, "ymin": 89, "ymax": 200, "xmax": 490}}, {"tid": 2, "generated": 0, "bbox": {"xmin": 434, "ymin": 158, "ymax": 186, "xmax": 515}}], [{"tid": 0, "generated": 0, "bbox": {"xmin": 83, "ymin": 89, "ymax": 200, "xmax": 490}}, {"tid": 2, "generated": 0, "bbox": {"xmin": 433, "ymin": 158, "ymax": 186, "xmax": 514}}], [{"tid": 0, "generated": 0, "bbox": {"xmin": 84, "ymin": 89, "ymax": 200, "xmax": 490}}, {"tid": 2, "generated": 0, "bbox": {"xmin": 432, "ymin": 158, "ymax": 186, "xmax": 513}}], [], [], [], [], [], [], [], [], [], [], [], [], [], [], [], [], [], [], [], [], [], [], [], [], [], [], [], [], [], [], [], [], [], [], [], [], [], [], [], [], [], [], [], [], [], [], [], [], [], [], [], [], [], [], [], [], [], [], [], [], [], [], [], [], [], [], [], [], [], [], [], [], [], [], [], [], [], [], [], [], [], [], [], [], [], [], [], [], [], [], [], [], [], [], [], [], [], [], [], [], [], [], [], [], [], [], [], [], [], [], [], [], [], [], [], [], [], [], [], [], [], [], [], [], [], [], [], [], [], [], [], [], [], [], [], [], [], [], [], [], [], [], [], [], [], [], [], [], [], [], [], [], [], [], [], [], [], [], [], [], [], [], [], [], [], [], [], [], [], [], [], [], [], [], [], [], [], [], [], [], [], [], [], [], [], [], [], [], [], [], [], [], [], [], [], [], [], [], [], [], [], [], [], [], [], [], [], [], [], [], [], [], [], [], [], [], [], [], [], [], [], [], [], [], [], [{"tid": 0, "generated": 0, "bbox": {"xmin": 74, "ymin": 92, "ymax": 184, "xmax": 362}}, {"tid": 2, "generated": 0, "bbox": {"xmin": 209, "ymin": 146, "ymax": 218, "xmax": 416}}, {"tid": 3, "generated": 0, "bbox": {"xmin": 443, "ymin": 159, "ymax": 185, "xmax": 517}}, {"tid": 4, "generated": 0, "bbox": {"xmin": 520, "ymin": 158, "ymax": 189, "xmax": 538}}], [{"tid": 0, "generated": 0, "bbox": {"xmin": 75, "ymin": 91, "ymax": 183, "xmax": 361}}, {"tid": 2, "generated": 0, "bbox": {"xmin": 209, "ymin": 145, "ymax": 217, "xmax": 416}}, {"tid": 3, "generated": 0, "bbox": {"xmin": 442, "ymin": 158, "ymax": 184, "xmax": 516}}, {"tid": 4, "generated": 0, "bbox": {"xmin": 519, "ymin": 158, "ymax": 188, "xmax": 538}}], [{"tid": 0, "generated": 0, "bbox": {"xmin": 76, "ymin": 90, "ymax": 182, "xmax": 360}}, {"tid": 2, "generated": 0, "bbox": {"xmin": 209, "ymin": 144, "ymax": 216, "xmax": 416}}, {"tid": 3, "generated": 0, "bbox": {"xmin": 441, "ymin": 157, "ymax": 183, "xmax": 515}}, {"tid": 4, "generated": 0, "bbox": {"xmin": 518, "ymin": 157, "ymax": 187, "xmax": 538}}], [{"tid": 0, "generated": 0, "bbox": {"xmin": 77, "ymin": 90, "ymax": 181, "xmax": 360}}, {"tid": 2, "generated": 0, "bbox": {"xmin": 208, "ymin": 143, "ymax": 215, "xmax": 415}}, {"tid": 3, "generated": 0, "bbox": {"xmin": 441, "ymin": 156, "ymax": 182, "xmax": 515}}, {"tid": 4, "generated": 0, "bbox": {"xmin": 517, "ymin": 157, "ymax": 186, "xmax": 538}}], [{"tid": 0, "generated": 0, "bbox": {"xmin": 78, "ymin": 89, "ymax": 180, "xmax": 359}}, {"tid": 2, "generated": 0, "bbox": {"xmin": 207, "ymin": 142, "ymax": 214, "xmax": 414}}, {"tid": 3, "generated": 0, "bbox": {"xmin": 440, "ymin": 155, "ymax": 181, "xmax": 514}}, {"tid": 4, "generated": 0, "bbox": {"xmin": 516, "ymin": 156, "ymax": 185, "xmax": 538}}], [{"tid": 0, "generated": 0, "bbox": {"xmin": 80, "ymin": 89, "ymax": 179, "xmax": 359}}, {"tid": 2, "generated": 0, "bbox": {"xmin": 206, "ymin": 141, "ymax": 213, "xmax": 413}}, {"tid": 3, "generated": 0, "bbox": {"xmin": 440, "ymin": 154, "ymax": 180, "xmax": 514}}, {"tid": 4, "generated": 0, "bbox": {"xmin": 516, "ymin": 156, "ymax": 185, "xmax": 538}}], [{"tid": 0, "generated": 0, "bbox": {"xmin": 80, "ymin": 88, "ymax": 177, "xmax": 358}}, {"tid": 2, "generated": 0, "bbox": {"xmin": 205, "ymin": 140, "ymax": 212, "xmax": 412}}, {"tid": 3, "generated": 0, "bbox": {"xmin": 439, "ymin": 153, "ymax": 179, "xmax": 513}}, {"tid": 4, "generated": 0, "bbox": {"xmin": 515, "ymin": 155, "ymax": 184, "xmax": 537}}], [{"tid": 0, "generated": 0, "bbox": {"xmin": 81, "ymin": 87, "ymax": 176, "xmax": 358}}, {"tid": 2, "generated": 0, "bbox": {"xmin": 205, "ymin": 139, "ymax": 211, "xmax": 412}}, {"tid": 3, "generated": 0, "bbox": {"xmin": 438, "ymin": 152, "ymax": 178, "xmax": 513}}, {"tid": 4, "generated": 0, "bbox": {"xmin": 515, "ymin": 154, "ymax": 183, "xmax": 537}}], [{"tid": 0, "generated": 0, "bbox": {"xmin": 82, "ymin": 86, "ymax": 175, "xmax": 358}}, {"tid": 2, "generated": 0, "bbox": {"xmin": 204, "ymin": 139, "ymax": 211, "xmax": 411}}, {"tid": 3, "generated": 0, "bbox": {"xmin": 438, "ymin": 151, "ymax": 177, "xmax": 512}}, {"tid": 4, "generated": 0, "bbox": {"xmin": 515, "ymin": 153, "ymax": 183, "xmax": 537}}], [{"tid": 0, "generated": 0, "bbox": {"xmin": 83, "ymin": 85, "ymax": 174, "xmax": 357}}, {"tid": 2, "generated": 0, "bbox": {"xmin": 204, "ymin": 138, "ymax": 210, "xmax": 411}}, {"tid": 3, "generated": 0, "bbox": {"xmin": 437, "ymin": 150, "ymax": 176, "xmax": 512}}, {"tid": 4, "generated": 0, "bbox": {"xmin": 515, "ymin": 153, "ymax": 182, "xmax": 537}}], [{"tid": 0, "generated": 0, "bbox": {"xmin": 84, "ymin": 84, "ymax": 173, "xmax": 357}}, {"tid": 2, "generated": 0, "bbox": {"xmin": 203, "ymin": 138, "ymax": 210, "xmax": 410}}, {"tid": 3, "generated": 0, "bbox": {"xmin": 437, "ymin": 150, "ymax": 176, "xmax": 511}}, {"tid": 4, "generated": 0, "bbox": {"xmin": 515, "ymin": 152, "ymax": 182, "xmax": 537}}], [{"tid": 0, "generated": 0, "bbox": {"xmin": 84, "ymin": 83, "ymax": 172, "xmax": 357}}, {"tid": 2, "generated": 0, "bbox": {"xmin": 203, "ymin": 137, "ymax": 209, "xmax": 410}}, {"tid": 3, "generated": 0, "bbox": {"xmin": 436, "ymin": 149, "ymax": 175, "xmax": 511}}, {"tid": 4, "generated": 0, "bbox": {"xmin": 515, "ymin": 151, "ymax": 181, "xmax": 537}}], [{"tid": 0, "generated": 0, "bbox": {"xmin": 85, "ymin": 82, "ymax": 171, "xmax": 356}}, {"tid": 2, "generated": 0, "bbox": {"xmin": 202, "ymin": 136, "ymax": 208, "xmax": 409}}, {"tid": 3, "generated": 0, "bbox": {"xmin": 435, "ymin": 148, "ymax": 174, "xmax": 510}}, {"tid": 4, "generated": 0, "bbox": {"xmin": 515, "ymin": 151, "ymax": 180, "xmax": 537}}], [{"tid": 0, "generated": 0, "bbox": {"xmin": 86, "ymin": 81, "ymax": 170, "xmax": 356}}, {"tid": 2, "generated": 0, "bbox": {"xmin": 202, "ymin": 136, "ymax": 208, "xmax": 409}}, {"tid": 3, "generated": 0, "bbox": {"xmin": 435, "ymin": 147, "ymax": 173, "xmax": 510}}, {"tid": 4, "generated": 0, "bbox": {"xmin": 515, "ymin": 150, "ymax": 180, "xmax": 537}}], [{"tid": 0, "generated": 0, "bbox": {"xmin": 87, "ymin": 80, "ymax": 169, "xmax": 356}}, {"tid": 2, "generated": 0, "bbox": {"xmin": 201, "ymin": 135, "ymax": 207, "xmax": 408}}, {"tid": 3, "generated": 0, "bbox": {"xmin": 434, "ymin": 146, "ymax": 172, "xmax": 509}}, {"tid": 4, "generated": 0, "bbox": {"xmin": 515, "ymin": 149, "ymax": 179, "xmax": 537}}], [{"tid": 0, "generated": 0, "bbox": {"xmin": 88, "ymin": 80, "ymax": 168, "xmax": 356}}, {"tid": 2, "generated": 0, "bbox": {"xmin": 201, "ymin": 135, "ymax": 207, "xmax": 408}}, {"tid": 3, "generated": 0, "bbox": {"xmin": 434, "ymin": 146, "ymax": 172, "xmax": 509}}, {"tid": 4, "generated": 0, "bbox": {"xmin": 515, "ymin": 149, "ymax": 179, "xmax": 537}}], [{"tid": 0, "generated": 0, "bbox": {"xmin": 88, "ymin": 78, "ymax": 166, "xmax": 354}}, {"tid": 2, "generated": 0, "bbox": {"xmin": 200, "ymin": 133, "ymax": 205, "xmax": 407}}, {"tid": 3, "generated": 0, "bbox": {"xmin": 433, "ymin": 144, "ymax": 170, "xmax": 508}}, {"tid": 4, "generated": 0, "bbox": {"xmin": 514, "ymin": 147, "ymax": 177, "xmax": 537}}], [{"tid": 0, "generated": 0, "bbox": {"xmin": 88, "ymin": 77, "ymax": 165, "xmax": 353}}, {"tid": 2, "generated": 0, "bbox": {"xmin": 199, "ymin": 131, "ymax": 203, "xmax": 406}}, {"tid": 3, "generated": 0, "bbox": {"xmin": 432, "ymin": 142, "ymax": 168, "xmax": 507}}, {"tid": 4, "generated": 0, "bbox": {"xmin": 513, "ymin": 146, "ymax": 175, "xmax": 537}}], [{"tid": 0, "generated": 0, "bbox": {"xmin": 88, "ymin": 76, "ymax": 164, "xmax": 352}}, {"tid": 2, "generated": 0, "bbox": {"xmin": 198, "ymin": 130, "ymax": 202, "xmax": 405}}, {"tid": 3, "generated": 0, "bbox": {"xmin": 431, "ymin": 141, "ymax": 167, "xmax": 506}}, {"tid": 4, "generated": 0, "bbox": {"xmin": 512, "ymin": 144, "ymax": 173, "xmax": 537}}], [{"tid": 0, "generated": 0, "bbox": {"xmin": 88, "ymin": 75, "ymax": 163, "xmax": 351}}, {"tid": 2, "generated": 0, "bbox": {"xmin": 197, "ymin": 128, "ymax": 200, "xmax": 404}}, {"tid": 3, "generated": 0, "bbox": {"xmin": 430, "ymin": 139, "ymax": 165, "xmax": 505}}, {"tid": 4, "generated": 0, "bbox": {"xmin": 511, "ymin": 143, "ymax": 171, "xmax": 537}}], [{"tid": 0, "generated": 0, "bbox": {"xmin": 88, "ymin": 74, "ymax": 162, "xmax": 350}}, {"tid": 2, "generated": 0, "bbox": {"xmin": 197, "ymin": 127, "ymax": 199, "xmax": 404}}, {"tid": 3, "generated": 0, "bbox": {"xmin": 430, "ymin": 138, "ymax": 164, "xmax": 504}}, {"tid": 4, "generated": 0, "bbox": {"xmin": 510, "ymin": 142, "ymax": 170, "xmax": 538}}], [{"tid": 0, "generated": 0, "bbox": {"xmin": 87, "ymin": 73, "ymax": 160, "xmax": 347}}, {"tid": 2, "generated": 0, "bbox": {"xmin": 195, "ymin": 126, "ymax": 198, "xmax": 402}}, {"tid": 3, "generated": 0, "bbox": {"xmin": 427, "ymin": 137, "ymax": 163, "xmax": 501}}, {"tid": 4, "generated": 0, "bbox": {"xmin": 507, "ymin": 141, "ymax": 168, "xmax": 537}}], [{"tid": 0, "generated": 0, "bbox": {"xmin": 86, "ymin": 72, "ymax": 159, "xmax": 344}}, {"tid": 2, "generated": 0, "bbox": {"xmin": 193, "ymin": 125, "ymax": 197, "xmax": 401}}, {"tid": 3, "generated": 0, "bbox": {"xmin": 424, "ymin": 136, "ymax": 162, "xmax": 498}}, {"tid": 4, "generated": 0, "bbox": {"xmin": 505, "ymin": 140, "ymax": 167, "xmax": 537}}], [{"tid": 0, "generated": 0, "bbox": {"xmin": 85, "ymin": 71, "ymax": 158, "xmax": 342}}, {"tid": 2, "generated": 0, "bbox": {"xmin": 191, "ymin": 124, "ymax": 196, "xmax": 399}}, {"tid": 3, "generated": 0, "bbox": {"xmin": 421, "ymin": 135, "ymax": 162, "xmax": 495}}, {"tid": 4, "generated": 0, "bbox": {"xmin": 502, "ymin": 140, "ymax": 166, "xmax": 537}}], [{"tid": 0, "generated": 0, "bbox": {"xmin": 84, "ymin": 70, "ymax": 157, "xmax": 339}}, {"tid": 2, "generated": 0, "bbox": {"xmin": 190, "ymin": 124, "ymax": 196, "xmax": 398}}, {"tid": 3, "generated": 0, "bbox": {"xmin": 418, "ymin": 134, "ymax": 161, "xmax": 492}}, {"tid": 4, "generated": 0, "bbox": {"xmin": 500, "ymin": 139, "ymax": 165, "xmax": 537}}], [{"tid": 0, "generated": 0, "bbox": {"xmin": 83, "ymin": 69, "ymax": 156, "xmax": 337}}, {"tid": 2, "generated": 0, "bbox": {"xmin": 183, "ymin": 123, "ymax": 195, "xmax": 391}}, {"tid": 3, "generated": 0, "bbox": {"xmin": 416, "ymin": 134, "ymax": 161, "xmax": 490}}, {"tid": 4, "generated": 0, "bbox": {"xmin": 498, "ymin": 139, "ymax": 164, "xmax": 537}}], [{"tid": 0, "generated": 0, "bbox": {"xmin": 82, "ymin": 69, "ymax": 155, "xmax": 336}}, {"tid": 2, "generated": 0, "bbox": {"xmin": 181, "ymin": 123, "ymax": 194, "xmax": 389}}, {"tid": 3, "generated": 0, "bbox": {"xmin": 414, "ymin": 134, "ymax": 161, "xmax": 488}}, {"tid": 4, "generated": 0, "bbox": {"xmin": 496, "ymin": 138, "ymax": 164, "xmax": 537}}], [{"tid": 0, "generated": 0, "bbox": {"xmin": 82, "ymin": 69, "ymax": 154, "xmax": 335}}, {"tid": 2, "generated": 0, "bbox": {"xmin": 180, "ymin": 123, "ymax": 194, "xmax": 388}}, {"tid": 3, "generated": 0, "bbox": {"xmin": 413, "ymin": 134, "ymax": 161, "xmax": 487}}, {"tid": 4, "generated": 0, "bbox": {"xmin": 495, "ymin": 138, "ymax": 164, "xmax": 537}}], [{"tid": 0, "generated": 0, "bbox": {"xmin": 82, "ymin": 69, "ymax": 153, "xmax": 334}}, {"tid": 2, "generated": 0, "bbox": {"xmin": 179, "ymin": 123, "ymax": 194, "xmax": 387}}, {"tid": 3, "generated": 0, "bbox": {"xmin": 412, "ymin": 134, "ymax": 161, "xmax": 486}}, {"tid": 4, "generated": 0, "bbox": {"xmin": 493, "ymin": 138, "ymax": 164, "xmax": 537}}], [{"tid": 0, "generated": 0, "bbox": {"xmin": 82, "ymin": 69, "ymax": 153, "xmax": 333}}, {"tid": 2, "generated": 0, "bbox": {"xmin": 178, "ymin": 123, "ymax": 194, "xmax": 386}}, {"tid": 3, "generated": 0, "bbox": {"xmin": 411, "ymin": 134, "ymax": 161, "xmax": 485}}, {"tid": 4, "generated": 0, "bbox": {"xmin": 492, "ymin": 138, "ymax": 164, "xmax": 538}}]], "subject/objects": [{"category": "train", "tid": 0}, {"category": "car", "tid": 1}, {"category": "car", "tid": 2}, {"category": "car", "tid": 3}, {"category": "car", "tid": 4}, {"category": "car", "tid": 5}], "relation_instances": [{"end_fid": 30, "subject_tid": 1, "predicate": "stop_right", "begin_fid": 0, "object_tid": 5}, {"end_fid": 30, "subject_tid": 1, "predicate": "stop_front", "begin_fid": 0, "object_tid": 5}, {"end_fid": 30, "subject_tid": 5, "predicate": "stop_behind", "begin_fid": 0, "object_tid": 1}, {"end_fid": 30, "subject_tid": 5, "predicate": "stop_left", "begin_fid": 0, "object_tid": 1}, {"end_fid": 2220, "subject_tid": 0, "predicate": "move_past", "begin_fid": 2190, "object_tid": 2}, {"end_fid": 2220, "subject_tid": 0, "predicate": "move_left", "begin_fid": 2190, "object_tid": 2}, {"end_fid": 2220, "subject_tid": 2, "predicate": "stop_right", "begin_fid": 2190, "object_tid": 0}, {"end_fid": 2475, "subject_tid": 0, "predicate": "move_behind", "begin_fid": 2445, "object_tid": 2}, {"end_fid": 2475, "subject_tid": 0, "predicate": "move_left", "begin_fid": 2445, "object_tid": 2}, {"end_fid": 2475, "subject_tid": 2, "predicate": "stop_right", "begin_fid": 2445, "object_tid": 0}, {"end_fid": 2475, "subject_tid": 2, "predicate": "stop_front", "begin_fid": 2445, "object_tid": 0}, {"end_fid": 2475, "subject_tid": 0, "predicate": "move_past", "begin_fid": 2445, "object_tid": 3}, {"end_fid": 2475, "subject_tid": 0, "predicate": "move_left", "begin_fid": 2445, "object_tid": 3}, {"end_fid": 2475, "subject_tid": 3, "predicate": "stop_right", "begin_fid": 2445, "object_tid": 0}, {"end_fid": 2475, "subject_tid": 0, "predicate": "move_left", "begin_fid": 2445, "object_tid": 4}, {"end_fid": 2475, "subject_tid": 4, "predicate": "stop_right", "begin_fid": 2445, "object_tid": 0}, {"end_fid": 2475, "subject_tid": 2, "predicate": "stop_front", "begin_fid": 2445, "object_tid": 3}, {"end_fid": 2475, "subject_tid": 2, "predicate": "stop_left", "begin_fid": 2445, "object_tid": 3}, {"end_fid": 2475, "subject_tid": 3, "predicate": "stop_right", "begin_fid": 2445, "object_tid": 2}, {"end_fid": 2475, "subject_tid": 3, "predicate": "stop_behind", "begin_fid": 2445, "object_tid": 2}, {"end_fid": 2475, "subject_tid": 2, "predicate": "stop_front", "begin_fid": 2445, "object_tid": 4}, {"end_fid": 2475, "subject_tid": 2, "predicate": "stop_left", "begin_fid": 2445, "object_tid": 4}, {"end_fid": 2475, "subject_tid": 4, "predicate": "stop_right", "begin_fid": 2445, "object_tid": 2}, {"end_fid": 2475, "subject_tid": 4, "predicate": "stop_behind", "begin_fid": 2445, "object_tid": 2}, {"end_fid": 2475, "subject_tid": 3, "predicate": "stop_left", "begin_fid": 2445, "object_tid": 4}, {"end_fid": 2475, "subject_tid": 4, "predicate": "stop_right", "begin_fid": 2445, "object_tid": 3}], "height": 360}