{"width": 1280, "frame_count": 153, "video_id": "ILSVRC2015_train_00272012", "fps": 25, "trajectories": [[{"tid": 0, "generated": 0, "bbox": {"xmin": 401, "ymin": 435, "ymax": 718, "xmax": 828}}, {"tid": 2, "generated": 0, "bbox": {"xmin": 376, "ymin": 102, "ymax": 704, "xmax": 964}}, {"tid": 3, "generated": 0, "bbox": {"xmin": 856, "ymin": 246, "ymax": 710, "xmax": 1278}}], [{"tid": 0, "generated": 0, "bbox": {"xmin": 388, "ymin": 426, "ymax": 718, "xmax": 815}}, {"tid": 2, "generated": 0, "bbox": {"xmin": 376, "ymin": 102, "ymax": 704, "xmax": 953}}, {"tid": 3, "generated": 0, "bbox": {"xmin": 856, "ymin": 246, "ymax": 710, "xmax": 1278}}], [{"tid": 0, "generated": 0, "bbox": {"xmin": 376, "ymin": 418, "ymax": 718, "xmax": 803}}, {"tid": 2, "generated": 0, "bbox": {"xmin": 376, "ymin": 102, "ymax": 704, "xmax": 942}}, {"tid": 3, "generated": 0, "bbox": {"xmin": 856, "ymin": 246, "ymax": 710, "xmax": 1278}}], [{"tid": 0, "generated": 0, "bbox": {"xmin": 364, "ymin": 410, "ymax": 718, "xmax": 791}}, {"tid": 2, "generated": 0, "bbox": {"xmin": 376, "ymin": 102, "ymax": 704, "xmax": 930}}, {"tid": 3, "generated": 0, "bbox": {"xmin": 856, "ymin": 246, "ymax": 710, "xmax": 1278}}], [{"tid": 0, "generated": 0, "bbox": {"xmin": 350, "ymin": 410, "ymax": 718, "xmax": 777}}, {"tid": 2, "generated": 0, "bbox": {"xmin": 376, "ymin": 102, "ymax": 704, "xmax": 919}}, {"tid": 3, "generated": 0, "bbox": {"xmin": 856, "ymin": 246, "ymax": 710, "xmax": 1278}}], [{"tid": 0, "generated": 0, "bbox": {"xmin": 336, "ymin": 411, "ymax": 718, "xmax": 763}}, {"tid": 2, "generated": 0, "bbox": {"xmin": 376, "ymin": 102, "ymax": 704, "xmax": 908}}, {"tid": 3, "generated": 0, "bbox": {"xmin": 856, "ymin": 246, "ymax": 710, "xmax": 1278}}], [{"tid": 0, "generated": 0, "bbox": {"xmin": 323, "ymin": 412, "ymax": 718, "xmax": 750}}, {"tid": 2, "generated": 0, "bbox": {"xmin": 367, "ymin": 99, "ymax": 701, "xmax": 899}}, {"tid": 3, "generated": 0, "bbox": {"xmin": 843, "ymin": 240, "ymax": 710, "xmax": 1278}}], [{"tid": 0, "generated": 0, "bbox": {"xmin": 310, "ymin": 397, "ymax": 718, "xmax": 741}}, {"tid": 2, "generated": 0, "bbox": {"xmin": 358, "ymin": 96, "ymax": 698, "xmax": 890}}, {"tid": 3, "generated": 0, "bbox": {"xmin": 830, "ymin": 234, "ymax": 710, "xmax": 1278}}], [{"tid": 0, "generated": 0, "bbox": {"xmin": 297, "ymin": 383, "ymax": 718, "xmax": 732}}, {"tid": 2, "generated": 0, "bbox": {"xmin": 350, "ymin": 94, "ymax": 696, "xmax": 882}}, {"tid": 3, "generated": 0, "bbox": {"xmin": 818, "ymin": 228, "ymax": 710, "xmax": 1278}}], [{"tid": 0, "generated": 0, "bbox": {"xmin": 284, "ymin": 369, "ymax": 718, "xmax": 723}}, {"tid": 2, "generated": 0, "bbox": {"xmin": 341, "ymin": 91, "ymax": 693, "xmax": 873}}, {"tid": 3, "generated": 0, "bbox": {"xmin": 805, "ymin": 222, "ymax": 710, "xmax": 1278}}], [{"tid": 0, "generated": 0, "bbox": {"xmin": 278, "ymin": 363, "ymax": 718, "xmax": 717}}, {"tid": 2, "generated": 0, "bbox": {"xmin": 332, "ymin": 88, "ymax": 690, "xmax": 864}}, {"tid": 3, "generated": 0, "bbox": {"xmin": 792, "ymin": 216, "ymax": 710, "xmax": 1278}}], [{"tid": 0, "generated": 0, "bbox": {"xmin": 272, "ymin": 357, "ymax": 718, "xmax": 711}}, {"tid": 2, "generated": 0, "bbox": {"xmin": 317, "ymin": 85, "ymax": 695, "xmax": 848}}, {"tid": 3, "generated": 0, "bbox": {"xmin": 784, "ymin": 205, "ymax": 710, "xmax": 1278}}], [{"tid": 0, "generated": 0, "bbox": {"xmin": 266, "ymin": 352, "ymax": 718, "xmax": 705}}, {"tid": 2, "generated": 0, "bbox": {"xmin": 302, "ymin": 82, "ymax": 700, "xmax": 833}}, {"tid": 3, "generated": 0, "bbox": {"xmin": 775, "ymin": 194, "ymax": 710, "xmax": 1278}}], [{"tid": 0, "generated": 0, "bbox": {"xmin": 253, "ymin": 348, "ymax": 718, "xmax": 692}}, {"tid": 2, "generated": 0, "bbox": {"xmin": 286, "ymin": 80, "ymax": 706, "xmax": 817}}, {"tid": 3, "generated": 0, "bbox": {"xmin": 767, "ymin": 182, "ymax": 710, "xmax": 1278}}], [{"tid": 0, "generated": 0, "bbox": {"xmin": 240, "ymin": 344, "ymax": 718, "xmax": 679}}, {"tid": 2, "generated": 0, "bbox": {"xmin": 271, "ymin": 77, "ymax": 711, "xmax": 802}}, {"tid": 3, "generated": 0, "bbox": {"xmin": 758, "ymin": 171, "ymax": 710, "xmax": 1278}}], [{"tid": 0, "generated": 0, "bbox": {"xmin": 227, "ymin": 341, "ymax": 718, "xmax": 666}}, {"tid": 2, "generated": 0, "bbox": {"xmin": 256, "ymin": 74, "ymax": 716, "xmax": 786}}, {"tid": 3, "generated": 0, "bbox": {"xmin": 750, "ymin": 160, "ymax": 710, "xmax": 1278}}], [{"tid": 0, "generated": 0, "bbox": {"xmin": 217, "ymin": 334, "ymax": 716, "xmax": 656}}, {"tid": 2, "generated": 0, "bbox": {"xmin": 252, "ymin": 68, "ymax": 716, "xmax": 782}}, {"tid": 3, "generated": 0, "bbox": {"xmin": 740, "ymin": 160, "ymax": 710, "xmax": 1278}}], [{"tid": 0, "generated": 0, "bbox": {"xmin": 207, "ymin": 327, "ymax": 715, "xmax": 646}}, {"tid": 2, "generated": 0, "bbox": {"xmin": 247, "ymin": 61, "ymax": 715, "xmax": 777}}, {"tid": 3, "generated": 0, "bbox": {"xmin": 731, "ymin": 160, "ymax": 710, "xmax": 1278}}], [{"tid": 0, "generated": 0, "bbox": {"xmin": 197, "ymin": 320, "ymax": 714, "xmax": 636}}, {"tid": 2, "generated": 0, "bbox": {"xmin": 243, "ymin": 55, "ymax": 715, "xmax": 773}}, {"tid": 3, "generated": 0, "bbox": {"xmin": 721, "ymin": 160, "ymax": 710, "xmax": 1278}}], [{"tid": 0, "generated": 0, "bbox": {"xmin": 188, "ymin": 313, "ymax": 713, "xmax": 627}}, {"tid": 2, "generated": 0, "bbox": {"xmin": 238, "ymin": 48, "ymax": 714, "xmax": 768}}, {"tid": 3, "generated": 0, "bbox": {"xmin": 712, "ymin": 160, "ymax": 710, "xmax": 1278}}], [{"tid": 0, "generated": 0, "bbox": {"xmin": 180, "ymin": 306, "ymax": 712, "xmax": 619}}, {"tid": 2, "generated": 0, "bbox": {"xmin": 234, "ymin": 42, "ymax": 714, "xmax": 764}}, {"tid": 3, "generated": 0, "bbox": {"xmin": 702, "ymin": 160, "ymax": 710, "xmax": 1278}}], [{"tid": 0, "generated": 0, "bbox": {"xmin": 172, "ymin": 300, "ymax": 712, "xmax": 611}}, {"tid": 2, "generated": 0, "bbox": {"xmin": 228, "ymin": 39, "ymax": 711, "xmax": 758}}, {"tid": 3, "generated": 0, "bbox": {"xmin": 695, "ymin": 151, "ymax": 710, "xmax": 1278}}], [{"tid": 0, "generated": 0, "bbox": {"xmin": 167, "ymin": 300, "ymax": 712, "xmax": 606}}, {"tid": 2, "generated": 0, "bbox": {"xmin": 223, "ymin": 36, "ymax": 708, "xmax": 753}}, {"tid": 3, "generated": 0, "bbox": {"xmin": 688, "ymin": 142, "ymax": 710, "xmax": 1278}}], [{"tid": 0, "generated": 0, "bbox": {"xmin": 162, "ymin": 301, "ymax": 713, "xmax": 601}}, {"tid": 2, "generated": 0, "bbox": {"xmin": 217, "ymin": 34, "ymax": 706, "xmax": 747}}, {"tid": 3, "generated": 0, "bbox": {"xmin": 680, "ymin": 132, "ymax": 710, "xmax": 1278}}], [{"tid": 0, "generated": 0, "bbox": {"xmin": 158, "ymin": 302, "ymax": 714, "xmax": 597}}, {"tid": 2, "generated": 0, "bbox": {"xmin": 212, "ymin": 31, "ymax": 703, "xmax": 742}}, {"tid": 3, "generated": 0, "bbox": {"xmin": 673, "ymin": 123, "ymax": 710, "xmax": 1278}}], [{"tid": 0, "generated": 0, "bbox": {"xmin": 151, "ymin": 297, "ymax": 715, "xmax": 592}}, {"tid": 2, "generated": 0, "bbox": {"xmin": 206, "ymin": 28, "ymax": 700, "xmax": 736}}, {"tid": 3, "generated": 0, "bbox": {"xmin": 666, "ymin": 114, "ymax": 710, "xmax": 1278}}], [{"tid": 0, "generated": 0, "bbox": {"xmin": 144, "ymin": 292, "ymax": 716, "xmax": 588}}, {"tid": 2, "generated": 0, "bbox": {"xmin": 200, "ymin": 26, "ymax": 698, "xmax": 730}}, {"tid": 3, "generated": 0, "bbox": {"xmin": 666, "ymin": 114, "ymax": 710, "xmax": 1278}}], [{"tid": 0, "generated": 0, "bbox": {"xmin": 138, "ymin": 288, "ymax": 718, "xmax": 584}}, {"tid": 2, "generated": 0, "bbox": {"xmin": 194, "ymin": 25, "ymax": 697, "xmax": 724}}, {"tid": 3, "generated": 0, "bbox": {"xmin": 666, "ymin": 114, "ymax": 710, "xmax": 1278}}], [{"tid": 0, "generated": 0, "bbox": {"xmin": 133, "ymin": 288, "ymax": 718, "xmax": 579}}, {"tid": 2, "generated": 0, "bbox": {"xmin": 188, "ymin": 23, "ymax": 695, "xmax": 718}}, {"tid": 3, "generated": 0, "bbox": {"xmin": 666, "ymin": 114, "ymax": 710, "xmax": 1278}}], [{"tid": 0, "generated": 0, "bbox": {"xmin": 128, "ymin": 288, "ymax": 718, "xmax": 574}}, {"tid": 2, "generated": 0, "bbox": {"xmin": 182, "ymin": 22, "ymax": 694, "xmax": 712}}, {"tid": 3, "generated": 0, "bbox": {"xmin": 666, "ymin": 114, "ymax": 710, "xmax": 1278}}], [], [], [], [], [], [], [], [], [], [], [], [], [], [], [], [], [], [], [], [], [], [], [], [], [], [], [], [], [], [], [{"tid": 0, "generated": 0, "bbox": {"xmin": 257, "ymin": 428, "ymax": 718, "xmax": 653}}, {"tid": 1, "generated": 0, "bbox": {"xmin": 832, "ymin": 594, "ymax": 718, "xmax": 1278}}, {"tid": 2, "generated": 0, "bbox": {"xmin": 284, "ymin": 18, "ymax": 714, "xmax": 700}}, {"tid": 3, "generated": 0, "bbox": {"xmin": 692, "ymin": 132, "ymax": 710, "xmax": 1278}}], [{"tid": 0, "generated": 0, "bbox": {"xmin": 261, "ymin": 430, "ymax": 718, "xmax": 654}}, {"tid": 1, "generated": 0, "bbox": {"xmin": 836, "ymin": 595, "ymax": 718, "xmax": 1278}}, {"tid": 2, "generated": 0, "bbox": {"xmin": 284, "ymin": 22, "ymax": 714, "xmax": 700}}, {"tid": 3, "generated": 0, "bbox": {"xmin": 692, "ymin": 132, "ymax": 710, "xmax": 1278}}], [{"tid": 0, "generated": 0, "bbox": {"xmin": 265, "ymin": 432, "ymax": 718, "xmax": 655}}, {"tid": 1, "generated": 0, "bbox": {"xmin": 839, "ymin": 595, "ymax": 718, "xmax": 1278}}, {"tid": 2, "generated": 0, "bbox": {"xmin": 284, "ymin": 26, "ymax": 714, "xmax": 700}}, {"tid": 3, "generated": 0, "bbox": {"xmin": 692, "ymin": 132, "ymax": 710, "xmax": 1278}}], [{"tid": 0, "generated": 0, "bbox": {"xmin": 268, "ymin": 435, "ymax": 718, "xmax": 657}}, {"tid": 1, "generated": 0, "bbox": {"xmin": 842, "ymin": 595, "ymax": 718, "xmax": 1278}}, {"tid": 2, "generated": 0, "bbox": {"xmin": 284, "ymin": 30, "ymax": 714, "xmax": 700}}, {"tid": 3, "generated": 0, "bbox": {"xmin": 692, "ymin": 132, "ymax": 710, "xmax": 1278}}], [{"tid": 0, "generated": 0, "bbox": {"xmin": 272, "ymin": 437, "ymax": 718, "xmax": 658}}, {"tid": 1, "generated": 0, "bbox": {"xmin": 846, "ymin": 596, "ymax": 718, "xmax": 1278}}, {"tid": 2, "generated": 0, "bbox": {"xmin": 284, "ymin": 34, "ymax": 714, "xmax": 700}}, {"tid": 3, "generated": 0, "bbox": {"xmin": 692, "ymin": 132, "ymax": 710, "xmax": 1278}}], [{"tid": 0, "generated": 0, "bbox": {"xmin": 276, "ymin": 439, "ymax": 718, "xmax": 659}}, {"tid": 1, "generated": 0, "bbox": {"xmin": 849, "ymin": 596, "ymax": 718, "xmax": 1278}}, {"tid": 2, "generated": 0, "bbox": {"xmin": 284, "ymin": 38, "ymax": 714, "xmax": 700}}, {"tid": 3, "generated": 0, "bbox": {"xmin": 692, "ymin": 132, "ymax": 710, "xmax": 1278}}], [{"tid": 0, "generated": 0, "bbox": {"xmin": 280, "ymin": 442, "ymax": 718, "xmax": 661}}, {"tid": 1, "generated": 0, "bbox": {"xmin": 853, "ymin": 597, "ymax": 718, "xmax": 1278}}, {"tid": 2, "generated": 0, "bbox": {"xmin": 292, "ymin": 38, "ymax": 714, "xmax": 700}}, {"tid": 3, "generated": 0, "bbox": {"xmin": 692, "ymin": 132, "ymax": 710, "xmax": 1278}}], [{"tid": 0, "generated": 0, "bbox": {"xmin": 280, "ymin": 442, "ymax": 718, "xmax": 659}}, {"tid": 1, "generated": 0, "bbox": {"xmin": 851, "ymin": 595, "ymax": 718, "xmax": 1278}}, {"tid": 2, "generated": 0, "bbox": {"xmin": 301, "ymin": 38, "ymax": 714, "xmax": 700}}, {"tid": 3, "generated": 0, "bbox": {"xmin": 692, "ymin": 132, "ymax": 710, "xmax": 1278}}], [{"tid": 0, "generated": 0, "bbox": {"xmin": 281, "ymin": 442, "ymax": 718, "xmax": 658}}, {"tid": 1, "generated": 0, "bbox": {"xmin": 849, "ymin": 593, "ymax": 718, "xmax": 1278}}, {"tid": 2, "generated": 0, "bbox": {"xmin": 309, "ymin": 38, "ymax": 714, "xmax": 700}}, {"tid": 3, "generated": 0, "bbox": {"xmin": 692, "ymin": 132, "ymax": 710, "xmax": 1278}}], [{"tid": 0, "generated": 0, "bbox": {"xmin": 282, "ymin": 442, "ymax": 718, "xmax": 657}}, {"tid": 1, "generated": 0, "bbox": {"xmin": 847, "ymin": 592, "ymax": 718, "xmax": 1278}}, {"tid": 2, "generated": 0, "bbox": {"xmin": 318, "ymin": 38, "ymax": 714, "xmax": 700}}, {"tid": 3, "generated": 0, "bbox": {"xmin": 692, "ymin": 132, "ymax": 710, "xmax": 1278}}], [{"tid": 0, "generated": 0, "bbox": {"xmin": 283, "ymin": 442, "ymax": 718, "xmax": 656}}, {"tid": 1, "generated": 0, "bbox": {"xmin": 845, "ymin": 590, "ymax": 718, "xmax": 1278}}, {"tid": 2, "generated": 0, "bbox": {"xmin": 326, "ymin": 38, "ymax": 714, "xmax": 700}}, {"tid": 3, "generated": 0, "bbox": {"xmin": 692, "ymin": 132, "ymax": 710, "xmax": 1278}}], [{"tid": 0, "generated": 0, "bbox": {"xmin": 284, "ymin": 442, "ymax": 718, "xmax": 655}}, {"tid": 1, "generated": 0, "bbox": {"xmin": 843, "ymin": 589, "ymax": 718, "xmax": 1278}}, {"tid": 2, "generated": 0, "bbox": {"xmin": 326, "ymin": 38, "ymax": 714, "xmax": 700}}, {"tid": 3, "generated": 0, "bbox": {"xmin": 692, "ymin": 135, "ymax": 710, "xmax": 1278}}], [{"tid": 0, "generated": 0, "bbox": {"xmin": 284, "ymin": 442, "ymax": 718, "xmax": 654}}, {"tid": 1, "generated": 0, "bbox": {"xmin": 841, "ymin": 587, "ymax": 718, "xmax": 1278}}, {"tid": 2, "generated": 0, "bbox": {"xmin": 326, "ymin": 38, "ymax": 714, "xmax": 700}}, {"tid": 3, "generated": 0, "bbox": {"xmin": 692, "ymin": 138, "ymax": 710, "xmax": 1278}}], [{"tid": 0, "generated": 0, "bbox": {"xmin": 285, "ymin": 442, "ymax": 718, "xmax": 653}}, {"tid": 1, "generated": 0, "bbox": {"xmin": 839, "ymin": 585, "ymax": 718, "xmax": 1278}}, {"tid": 2, "generated": 0, "bbox": {"xmin": 326, "ymin": 38, "ymax": 714, "xmax": 700}}, {"tid": 3, "generated": 0, "bbox": {"xmin": 692, "ymin": 142, "ymax": 710, "xmax": 1278}}], [{"tid": 0, "generated": 0, "bbox": {"xmin": 286, "ymin": 442, "ymax": 718, "xmax": 652}}, {"tid": 1, "generated": 0, "bbox": {"xmin": 837, "ymin": 584, "ymax": 718, "xmax": 1278}}, {"tid": 2, "generated": 0, "bbox": {"xmin": 326, "ymin": 38, "ymax": 714, "xmax": 700}}, {"tid": 3, "generated": 0, "bbox": {"xmin": 692, "ymin": 145, "ymax": 710, "xmax": 1278}}], [{"tid": 0, "generated": 0, "bbox": {"xmin": 287, "ymin": 442, "ymax": 718, "xmax": 651}}, {"tid": 1, "generated": 0, "bbox": {"xmin": 835, "ymin": 582, "ymax": 718, "xmax": 1278}}, {"tid": 2, "generated": 0, "bbox": {"xmin": 326, "ymin": 38, "ymax": 714, "xmax": 700}}, {"tid": 3, "generated": 0, "bbox": {"xmin": 692, "ymin": 148, "ymax": 710, "xmax": 1278}}], [{"tid": 0, "generated": 0, "bbox": {"xmin": 288, "ymin": 442, "ymax": 718, "xmax": 650}}, {"tid": 1, "generated": 0, "bbox": {"xmin": 833, "ymin": 581, "ymax": 718, "xmax": 1278}}, {"tid": 2, "generated": 0, "bbox": {"xmin": 326, "ymin": 38, "ymax": 714, "xmax": 700}}, {"tid": 3, "generated": 0, "bbox": {"xmin": 697, "ymin": 148, "ymax": 710, "xmax": 1278}}], [{"tid": 0, "generated": 0, "bbox": {"xmin": 288, "ymin": 442, "ymax": 718, "xmax": 650}}, {"tid": 1, "generated": 0, "bbox": {"xmin": 832, "ymin": 579, "ymax": 718, "xmax": 1274}}, {"tid": 2, "generated": 0, "bbox": {"xmin": 326, "ymin": 38, "ymax": 714, "xmax": 700}}, {"tid": 3, "generated": 0, "bbox": {"xmin": 702, "ymin": 148, "ymax": 710, "xmax": 1278}}], [{"tid": 0, "generated": 0, "bbox": {"xmin": 289, "ymin": 443, "ymax": 718, "xmax": 650}}, {"tid": 1, "generated": 0, "bbox": {"xmin": 831, "ymin": 577, "ymax": 718, "xmax": 1270}}, {"tid": 2, "generated": 0, "bbox": {"xmin": 326, "ymin": 38, "ymax": 714, "xmax": 700}}, {"tid": 3, "generated": 0, "bbox": {"xmin": 708, "ymin": 148, "ymax": 710, "xmax": 1278}}], [{"tid": 0, "generated": 0, "bbox": {"xmin": 290, "ymin": 444, "ymax": 718, "xmax": 650}}, {"tid": 1, "generated": 0, "bbox": {"xmin": 830, "ymin": 576, "ymax": 718, "xmax": 1266}}, {"tid": 2, "generated": 0, "bbox": {"xmin": 326, "ymin": 38, "ymax": 714, "xmax": 700}}, {"tid": 3, "generated": 0, "bbox": {"xmin": 713, "ymin": 148, "ymax": 710, "xmax": 1278}}], [{"tid": 0, "generated": 0, "bbox": {"xmin": 291, "ymin": 445, "ymax": 718, "xmax": 650}}, {"tid": 1, "generated": 0, "bbox": {"xmin": 829, "ymin": 574, "ymax": 718, "xmax": 1263}}, {"tid": 2, "generated": 0, "bbox": {"xmin": 326, "ymin": 38, "ymax": 714, "xmax": 700}}, {"tid": 3, "generated": 0, "bbox": {"xmin": 718, "ymin": 148, "ymax": 710, "xmax": 1278}}], [{"tid": 0, "generated": 0, "bbox": {"xmin": 292, "ymin": 446, "ymax": 718, "xmax": 650}}, {"tid": 1, "generated": 0, "bbox": {"xmin": 828, "ymin": 573, "ymax": 718, "xmax": 1259}}, {"tid": 2, "generated": 0, "bbox": {"xmin": 326, "ymin": 34, "ymax": 714, "xmax": 700}}, {"tid": 3, "generated": 0, "bbox": {"xmin": 718, "ymin": 148, "ymax": 710, "xmax": 1278}}], [{"tid": 0, "generated": 0, "bbox": {"xmin": 293, "ymin": 447, "ymax": 718, "xmax": 650}}, {"tid": 1, "generated": 0, "bbox": {"xmin": 827, "ymin": 571, "ymax": 718, "xmax": 1255}}, {"tid": 2, "generated": 0, "bbox": {"xmin": 326, "ymin": 30, "ymax": 714, "xmax": 700}}, {"tid": 3, "generated": 0, "bbox": {"xmin": 718, "ymin": 148, "ymax": 710, "xmax": 1278}}], [{"tid": 0, "generated": 0, "bbox": {"xmin": 293, "ymin": 448, "ymax": 718, "xmax": 650}}, {"tid": 1, "generated": 0, "bbox": {"xmin": 826, "ymin": 570, "ymax": 718, "xmax": 1252}}, {"tid": 2, "generated": 0, "bbox": {"xmin": 326, "ymin": 26, "ymax": 714, "xmax": 700}}, {"tid": 3, "generated": 0, "bbox": {"xmin": 718, "ymin": 148, "ymax": 710, "xmax": 1278}}], [{"tid": 0, "generated": 0, "bbox": {"xmin": 294, "ymin": 449, "ymax": 718, "xmax": 650}}, {"tid": 1, "generated": 0, "bbox": {"xmin": 826, "ymin": 568, "ymax": 718, "xmax": 1248}}, {"tid": 2, "generated": 0, "bbox": {"xmin": 326, "ymin": 22, "ymax": 714, "xmax": 700}}, {"tid": 3, "generated": 0, "bbox": {"xmin": 718, "ymin": 148, "ymax": 710, "xmax": 1278}}], [{"tid": 0, "generated": 0, "bbox": {"xmin": 295, "ymin": 450, "ymax": 718, "xmax": 650}}, {"tid": 1, "generated": 0, "bbox": {"xmin": 825, "ymin": 566, "ymax": 718, "xmax": 1244}}, {"tid": 2, "generated": 0, "bbox": {"xmin": 326, "ymin": 18, "ymax": 714, "xmax": 700}}, {"tid": 3, "generated": 0, "bbox": {"xmin": 718, "ymin": 148, "ymax": 710, "xmax": 1278}}], [{"tid": 0, "generated": 0, "bbox": {"xmin": 296, "ymin": 451, "ymax": 718, "xmax": 650}}, {"tid": 1, "generated": 0, "bbox": {"xmin": 824, "ymin": 565, "ymax": 718, "xmax": 1241}}, {"tid": 2, "generated": 0, "bbox": {"xmin": 326, "ymin": 18, "ymax": 714, "xmax": 705}}, {"tid": 3, "generated": 0, "bbox": {"xmin": 718, "ymin": 148, "ymax": 710, "xmax": 1278}}], [{"tid": 0, "generated": 0, "bbox": {"xmin": 297, "ymin": 452, "ymax": 718, "xmax": 650}}, {"tid": 1, "generated": 0, "bbox": {"xmin": 823, "ymin": 563, "ymax": 718, "xmax": 1237}}, {"tid": 2, "generated": 0, "bbox": {"xmin": 326, "ymin": 18, "ymax": 714, "xmax": 710}}, {"tid": 3, "generated": 0, "bbox": {"xmin": 718, "ymin": 148, "ymax": 710, "xmax": 1278}}], [{"tid": 0, "generated": 0, "bbox": {"xmin": 298, "ymin": 453, "ymax": 718, "xmax": 650}}, {"tid": 1, "generated": 0, "bbox": {"xmin": 822, "ymin": 562, "ymax": 718, "xmax": 1233}}, {"tid": 2, "generated": 0, "bbox": {"xmin": 326, "ymin": 18, "ymax": 714, "xmax": 714}}, {"tid": 3, "generated": 0, "bbox": {"xmin": 718, "ymin": 148, "ymax": 710, "xmax": 1278}}], [{"tid": 0, "generated": 0, "bbox": {"xmin": 298, "ymin": 454, "ymax": 718, "xmax": 650}}, {"tid": 1, "generated": 0, "bbox": {"xmin": 821, "ymin": 560, "ymax": 718, "xmax": 1230}}, {"tid": 2, "generated": 0, "bbox": {"xmin": 326, "ymin": 18, "ymax": 714, "xmax": 719}}, {"tid": 3, "generated": 0, "bbox": {"xmin": 718, "ymin": 148, "ymax": 710, "xmax": 1278}}]], "subject/objects": [{"category": "bicycle", "tid": 0}, {"category": "bicycle", "tid": 1}, {"category": "person", "tid": 2}, {"category": "person", "tid": 3}], "relation_instances": [{"end_fid": 30, "subject_tid": 0, "predicate": "move_beneath", "begin_fid": 0, "object_tid": 2}, {"end_fid": 30, "subject_tid": 2, "predicate": "sit_above", "begin_fid": 0, "object_tid": 0}, {"end_fid": 30, "subject_tid": 2, "predicate": "ride", "begin_fid": 0, "object_tid": 0}, {"end_fid": 30, "subject_tid": 0, "predicate": "move_right", "begin_fid": 0, "object_tid": 3}, {"end_fid": 30, "subject_tid": 3, "predicate": "left", "begin_fid": 0, "object_tid": 0}, {"end_fid": 30, "subject_tid": 2, "predicate": "right", "begin_fid": 0, "object_tid": 3}, {"end_fid": 30, "subject_tid": 2, "predicate": "watch", "begin_fid": 0, "object_tid": 3}, {"end_fid": 30, "subject_tid": 2, "predicate": "touch", "begin_fid": 0, "object_tid": 3}, {"end_fid": 30, "subject_tid": 3, "predicate": "left", "begin_fid": 0, "object_tid": 2}, {"end_fid": 30, "subject_tid": 3, "predicate": "watch", "begin_fid": 0, "object_tid": 2}, {"end_fid": 30, "subject_tid": 3, "predicate": "touch", "begin_fid": 0, "object_tid": 2}, {"end_fid": 90, "subject_tid": 0, "predicate": "move_behind", "begin_fid": 60, "object_tid": 1}, {"end_fid": 90, "subject_tid": 1, "predicate": "move_front", "begin_fid": 60, "object_tid": 0}, {"end_fid": 90, "subject_tid": 0, "predicate": "move_beneath", "begin_fid": 60, "object_tid": 2}, {"end_fid": 90, "subject_tid": 2, "predicate": "sit_above", "begin_fid": 60, "object_tid": 0}, {"end_fid": 90, "subject_tid": 2, "predicate": "ride", "begin_fid": 60, "object_tid": 0}, {"end_fid": 90, "subject_tid": 0, "predicate": "move_behind", "begin_fid": 60, "object_tid": 3}, {"end_fid": 90, "subject_tid": 3, "predicate": "sit_front", "begin_fid": 60, "object_tid": 0}, {"end_fid": 90, "subject_tid": 1, "predicate": "move_front", "begin_fid": 60, "object_tid": 2}, {"end_fid": 90, "subject_tid": 2, "predicate": "sit_behind", "begin_fid": 60, "object_tid": 1}, {"end_fid": 90, "subject_tid": 1, "predicate": "move_beneath", "begin_fid": 60, "object_tid": 3}, {"end_fid": 90, "subject_tid": 3, "predicate": "sit_above", "begin_fid": 60, "object_tid": 1}, {"end_fid": 90, "subject_tid": 3, "predicate": "ride", "begin_fid": 60, "object_tid": 1}, {"end_fid": 90, "subject_tid": 2, "predicate": "behind", "begin_fid": 60, "object_tid": 3}, {"end_fid": 90, "subject_tid": 2, "predicate": "watch", "begin_fid": 60, "object_tid": 3}, {"end_fid": 90, "subject_tid": 2, "predicate": "touch", "begin_fid": 60, "object_tid": 3}, {"end_fid": 90, "subject_tid": 3, "predicate": "front", "begin_fid": 60, "object_tid": 2}, {"end_fid": 90, "subject_tid": 3, "predicate": "watch", "begin_fid": 60, "object_tid": 2}, {"end_fid": 90, "subject_tid": 3, "predicate": "touch", "begin_fid": 60, "object_tid": 2}], "height": 720}