{"width": 1280, "frame_count": 49, "video_id": "ILSVRC2015_train_00415008", "fps": 24, "trajectories": [[{"tid": 0, "generated": 0, "bbox": {"xmin": 142, "ymin": 273, "ymax": 382, "xmax": 256}}, {"tid": 1, "generated": 0, "bbox": {"xmin": 142, "ymin": 204, "ymax": 363, "xmax": 239}}], [{"tid": 0, "generated": 0, "bbox": {"xmin": 145, "ymin": 261, "ymax": 384, "xmax": 266}}, {"tid": 1, "generated": 0, "bbox": {"xmin": 149, "ymin": 204, "ymax": 366, "xmax": 250}}], [{"tid": 0, "generated": 0, "bbox": {"xmin": 149, "ymin": 263, "ymax": 387, "xmax": 277}}, {"tid": 1, "generated": 0, "bbox": {"xmin": 155, "ymin": 204, "ymax": 370, "xmax": 260}}], [{"tid": 0, "generated": 0, "bbox": {"xmin": 152, "ymin": 264, "ymax": 389, "xmax": 286}}, {"tid": 1, "generated": 0, "bbox": {"xmin": 162, "ymin": 204, "ymax": 373, "xmax": 271}}], [{"tid": 0, "generated": 0, "bbox": {"xmin": 156, "ymin": 266, "ymax": 392, "xmax": 296}}, {"tid": 1, "generated": 0, "bbox": {"xmin": 168, "ymin": 204, "ymax": 377, "xmax": 281}}], [{"tid": 0, "generated": 0, "bbox": {"xmin": 160, "ymin": 268, "ymax": 396, "xmax": 307}}, {"tid": 1, "generated": 0, "bbox": {"xmin": 175, "ymin": 204, "ymax": 380, "xmax": 292}}], [{"tid": 0, "generated": 0, "bbox": {"xmin": 168, "ymin": 268, "ymax": 400, "xmax": 320}}, {"tid": 1, "generated": 0, "bbox": {"xmin": 182, "ymin": 204, "ymax": 381, "xmax": 302}}], [{"tid": 0, "generated": 0, "bbox": {"xmin": 179, "ymin": 270, "ymax": 403, "xmax": 332}}, {"tid": 1, "generated": 0, "bbox": {"xmin": 189, "ymin": 203, "ymax": 382, "xmax": 312}}], [{"tid": 0, "generated": 0, "bbox": {"xmin": 188, "ymin": 272, "ymax": 407, "xmax": 344}}, {"tid": 1, "generated": 0, "bbox": {"xmin": 195, "ymin": 203, "ymax": 383, "xmax": 321}}], [{"tid": 0, "generated": 0, "bbox": {"xmin": 190, "ymin": 273, "ymax": 410, "xmax": 359}}, {"tid": 1, "generated": 0, "bbox": {"xmin": 202, "ymin": 202, "ymax": 384, "xmax": 331}}], [{"tid": 0, "generated": 0, "bbox": {"xmin": 197, "ymin": 275, "ymax": 414, "xmax": 371}}, {"tid": 1, "generated": 0, "bbox": {"xmin": 209, "ymin": 202, "ymax": 385, "xmax": 341}}], [{"tid": 0, "generated": 0, "bbox": {"xmin": 195, "ymin": 275, "ymax": 419, "xmax": 382}}, {"tid": 1, "generated": 0, "bbox": {"xmin": 213, "ymin": 199, "ymax": 391, "xmax": 349}}], [{"tid": 0, "generated": 0, "bbox": {"xmin": 195, "ymin": 277, "ymax": 424, "xmax": 392}}, {"tid": 1, "generated": 0, "bbox": {"xmin": 217, "ymin": 197, "ymax": 397, "xmax": 357}}], [{"tid": 0, "generated": 0, "bbox": {"xmin": 193, "ymin": 277, "ymax": 430, "xmax": 403}}, {"tid": 1, "generated": 0, "bbox": {"xmin": 220, "ymin": 194, "ymax": 402, "xmax": 366}}], [{"tid": 0, "generated": 0, "bbox": {"xmin": 197, "ymin": 279, "ymax": 433, "xmax": 414}}, {"tid": 1, "generated": 0, "bbox": {"xmin": 224, "ymin": 192, "ymax": 408, "xmax": 374}}], [{"tid": 0, "generated": 0, "bbox": {"xmin": 193, "ymin": 280, "ymax": 440, "xmax": 424}}, {"tid": 1, "generated": 0, "bbox": {"xmin": 228, "ymin": 189, "ymax": 414, "xmax": 382}}], [{"tid": 0, "generated": 0, "bbox": {"xmin": 199, "ymin": 280, "ymax": 442, "xmax": 433}}, {"tid": 1, "generated": 0, "bbox": {"xmin": 240, "ymin": 188, "ymax": 419, "xmax": 396}}], [{"tid": 0, "generated": 0, "bbox": {"xmin": 206, "ymin": 282, "ymax": 451, "xmax": 460}}, {"tid": 1, "generated": 0, "bbox": {"xmin": 252, "ymin": 187, "ymax": 423, "xmax": 410}}], [{"tid": 0, "generated": 0, "bbox": {"xmin": 213, "ymin": 282, "ymax": 456, "xmax": 478}}, {"tid": 1, "generated": 0, "bbox": {"xmin": 265, "ymin": 185, "ymax": 428, "xmax": 424}}], [{"tid": 0, "generated": 0, "bbox": {"xmin": 220, "ymin": 284, "ymax": 462, "xmax": 496}}, {"tid": 1, "generated": 0, "bbox": {"xmin": 277, "ymin": 184, "ymax": 432, "xmax": 438}}], [{"tid": 0, "generated": 0, "bbox": {"xmin": 227, "ymin": 286, "ymax": 467, "xmax": 513}}, {"tid": 1, "generated": 0, "bbox": {"xmin": 289, "ymin": 183, "ymax": 437, "xmax": 452}}], [{"tid": 0, "generated": 0, "bbox": {"xmin": 240, "ymin": 288, "ymax": 472, "xmax": 540}}, {"tid": 1, "generated": 0, "bbox": {"xmin": 300, "ymin": 181, "ymax": 441, "xmax": 463}}], [{"tid": 0, "generated": 0, "bbox": {"xmin": 252, "ymin": 289, "ymax": 478, "xmax": 563}}, {"tid": 1, "generated": 0, "bbox": {"xmin": 312, "ymin": 179, "ymax": 445, "xmax": 475}}], [{"tid": 0, "generated": 0, "bbox": {"xmin": 264, "ymin": 291, "ymax": 485, "xmax": 595}}, {"tid": 1, "generated": 0, "bbox": {"xmin": 323, "ymin": 178, "ymax": 450, "xmax": 486}}], [{"tid": 0, "generated": 0, "bbox": {"xmin": 277, "ymin": 293, "ymax": 496, "xmax": 615}}, {"tid": 1, "generated": 0, "bbox": {"xmin": 335, "ymin": 176, "ymax": 454, "xmax": 498}}], [{"tid": 0, "generated": 0, "bbox": {"xmin": 291, "ymin": 296, "ymax": 499, "xmax": 650}}, {"tid": 1, "generated": 0, "bbox": {"xmin": 346, "ymin": 174, "ymax": 458, "xmax": 509}}], [{"tid": 0, "generated": 0, "bbox": {"xmin": 318, "ymin": 298, "ymax": 504, "xmax": 689}}, {"tid": 1, "generated": 0, "bbox": {"xmin": 384, "ymin": 175, "ymax": 465, "xmax": 554}}], [{"tid": 0, "generated": 0, "bbox": {"xmin": 344, "ymin": 300, "ymax": 510, "xmax": 728}}, {"tid": 1, "generated": 0, "bbox": {"xmin": 421, "ymin": 176, "ymax": 472, "xmax": 598}}], [{"tid": 0, "generated": 0, "bbox": {"xmin": 371, "ymin": 302, "ymax": 519, "xmax": 764}}, {"tid": 1, "generated": 0, "bbox": {"xmin": 459, "ymin": 176, "ymax": 479, "xmax": 643}}], [{"tid": 0, "generated": 0, "bbox": {"xmin": 405, "ymin": 304, "ymax": 517, "xmax": 814}}, {"tid": 1, "generated": 0, "bbox": {"xmin": 496, "ymin": 177, "ymax": 486, "xmax": 687}}], [{"tid": 0, "generated": 0, "bbox": {"xmin": 426, "ymin": 307, "ymax": 528, "xmax": 846}}, {"tid": 1, "generated": 0, "bbox": {"xmin": 534, "ymin": 178, "ymax": 493, "xmax": 732}}], [{"tid": 0, "generated": 0, "bbox": {"xmin": 469, "ymin": 307, "ymax": 528, "xmax": 901}}, {"tid": 1, "generated": 0, "bbox": {"xmin": 579, "ymin": 179, "ymax": 494, "xmax": 777}}], [{"tid": 0, "generated": 0, "bbox": {"xmin": 513, "ymin": 307, "ymax": 535, "xmax": 935}}, {"tid": 1, "generated": 0, "bbox": {"xmin": 624, "ymin": 180, "ymax": 495, "xmax": 822}}], [{"tid": 0, "generated": 0, "bbox": {"xmin": 558, "ymin": 307, "ymax": 531, "xmax": 1000}}, {"tid": 1, "generated": 0, "bbox": {"xmin": 669, "ymin": 181, "ymax": 496, "xmax": 867}}], [{"tid": 0, "generated": 0, "bbox": {"xmin": 590, "ymin": 307, "ymax": 536, "xmax": 1032}}, {"tid": 1, "generated": 0, "bbox": {"xmin": 714, "ymin": 182, "ymax": 497, "xmax": 912}}], [{"tid": 0, "generated": 0, "bbox": {"xmin": 647, "ymin": 307, "ymax": 529, "xmax": 1086}}, {"tid": 1, "generated": 0, "bbox": {"xmin": 759, "ymin": 183, "ymax": 498, "xmax": 957}}], [{"tid": 0, "generated": 0, "bbox": {"xmin": 691, "ymin": 307, "ymax": 535, "xmax": 1116}}, {"tid": 1, "generated": 0, "bbox": {"xmin": 797, "ymin": 183, "ymax": 498, "xmax": 997}}], [{"tid": 0, "generated": 0, "bbox": {"xmin": 737, "ymin": 307, "ymax": 531, "xmax": 1175}}, {"tid": 1, "generated": 0, "bbox": {"xmin": 834, "ymin": 184, "ymax": 499, "xmax": 1038}}], [{"tid": 0, "generated": 0, "bbox": {"xmin": 784, "ymin": 307, "ymax": 528, "xmax": 1212}}, {"tid": 1, "generated": 0, "bbox": {"xmin": 872, "ymin": 184, "ymax": 499, "xmax": 1078}}], [{"tid": 0, "generated": 0, "bbox": {"xmin": 839, "ymin": 307, "ymax": 522, "xmax": 1260}}, {"tid": 1, "generated": 0, "bbox": {"xmin": 909, "ymin": 185, "ymax": 500, "xmax": 1119}}], [{"tid": 0, "generated": 0, "bbox": {"xmin": 876, "ymin": 307, "ymax": 524, "xmax": 1278}}, {"tid": 1, "generated": 0, "bbox": {"xmin": 947, "ymin": 185, "ymax": 500, "xmax": 1159}}], [{"tid": 0, "generated": 0, "bbox": {"xmin": 928, "ymin": 311, "ymax": 517, "xmax": 1278}}, {"tid": 1, "generated": 0, "bbox": {"xmin": 994, "ymin": 186, "ymax": 491, "xmax": 1183}}], [{"tid": 0, "generated": 0, "bbox": {"xmin": 967, "ymin": 318, "ymax": 512, "xmax": 1278}}, {"tid": 1, "generated": 0, "bbox": {"xmin": 1042, "ymin": 186, "ymax": 483, "xmax": 1206}}], [{"tid": 0, "generated": 0, "bbox": {"xmin": 1016, "ymin": 348, "ymax": 510, "xmax": 1276}}, {"tid": 1, "generated": 0, "bbox": {"xmin": 1089, "ymin": 187, "ymax": 474, "xmax": 1230}}], [{"tid": 0, "generated": 0, "bbox": {"xmin": 1043, "ymin": 350, "ymax": 506, "xmax": 1276}}, {"tid": 1, "generated": 0, "bbox": {"xmin": 1137, "ymin": 187, "ymax": 466, "xmax": 1253}}]], "subject/objects": [{"category": "motorcycle", "tid": 0}, {"category": "person", "tid": 1}], "relation_instances": [{"end_fid": 30, "subject_tid": 0, "predicate": "move_beneath", "begin_fid": 0, "object_tid": 1}, {"end_fid": 30, "subject_tid": 1, "predicate": "sit_above", "begin_fid": 0, "object_tid": 0}, {"end_fid": 30, "subject_tid": 1, "predicate": "ride", "begin_fid": 0, "object_tid": 0}, {"end_fid": 45, "subject_tid": 0, "predicate": "move_beneath", "begin_fid": 15, "object_tid": 1}, {"end_fid": 45, "subject_tid": 1, "predicate": "sit_above", "begin_fid": 15, "object_tid": 0}, {"end_fid": 45, "subject_tid": 1, "predicate": "ride", "begin_fid": 15, "object_tid": 0}], "height": 720}