{"width": 1280, "frame_count": 312, "video_id": "ILSVRC2015_train_00052005", "fps": 29, "trajectories": [[], [], [], [], [], [], [], [], [], [], [], [], [], [], [], [], [], [], [], [], [], [], [], [], [], [], [], [], [], [], [], [], [], [], [], [], [], [], [], [], [], [], [], [], [], [{"tid": 1, "generated": 0, "bbox": {"xmin": 720, "ymin": 42, "ymax": 190, "xmax": 851}}, {"tid": 2, "generated": 0, "bbox": {"xmin": 1216, "ymin": 5, "ymax": 72, "xmax": 1279}}], [{"tid": 1, "generated": 0, "bbox": {"xmin": 716, "ymin": 48, "ymax": 181, "xmax": 846}}, {"tid": 2, "generated": 0, "bbox": {"xmin": 1216, "ymin": 5, "ymax": 72, "xmax": 1279}}], [{"tid": 1, "generated": 0, "bbox": {"xmin": 711, "ymin": 64, "ymax": 176, "xmax": 832}}, {"tid": 2, "generated": 0, "bbox": {"xmin": 1216, "ymin": 5, "ymax": 72, "xmax": 1279}}], [{"tid": 1, "generated": 0, "bbox": {"xmin": 707, "ymin": 64, "ymax": 184, "xmax": 835}}, {"tid": 2, "generated": 0, "bbox": {"xmin": 1216, "ymin": 5, "ymax": 72, "xmax": 1279}}], [{"tid": 1, "generated": 0, "bbox": {"xmin": 705, "ymin": 65, "ymax": 177, "xmax": 826}}, {"tid": 2, "generated": 0, "bbox": {"xmin": 1216, "ymin": 5, "ymax": 72, "xmax": 1279}}], [{"tid": 1, "generated": 0, "bbox": {"xmin": 700, "ymin": 67, "ymax": 178, "xmax": 824}}, {"tid": 2, "generated": 0, "bbox": {"xmin": 1216, "ymin": 5, "ymax": 72, "xmax": 1279}}], [{"tid": 1, "generated": 0, "bbox": {"xmin": 695, "ymin": 69, "ymax": 179, "xmax": 823}}, {"tid": 2, "generated": 0, "bbox": {"xmin": 1214, "ymin": 4, "ymax": 71, "xmax": 1278}}], [{"tid": 1, "generated": 0, "bbox": {"xmin": 689, "ymin": 69, "ymax": 183, "xmax": 819}}, {"tid": 2, "generated": 0, "bbox": {"xmin": 1212, "ymin": 3, "ymax": 70, "xmax": 1276}}], [{"tid": 1, "generated": 0, "bbox": {"xmin": 686, "ymin": 70, "ymax": 181, "xmax": 816}}, {"tid": 2, "generated": 0, "bbox": {"xmin": 1209, "ymin": 3, "ymax": 70, "xmax": 1273}}], [{"tid": 1, "generated": 0, "bbox": {"xmin": 684, "ymin": 71, "ymax": 179, "xmax": 814}}, {"tid": 2, "generated": 0, "bbox": {"xmin": 1207, "ymin": 2, "ymax": 69, "xmax": 1271}}], [{"tid": 1, "generated": 0, "bbox": {"xmin": 673, "ymin": 65, "ymax": 186, "xmax": 810}}, {"tid": 2, "generated": 0, "bbox": {"xmin": 1205, "ymin": 1, "ymax": 68, "xmax": 1269}}], [{"tid": 1, "generated": 0, "bbox": {"xmin": 671, "ymin": 66, "ymax": 186, "xmax": 808}}, {"tid": 2, "generated": 0, "bbox": {"xmin": 1203, "ymin": 1, "ymax": 68, "xmax": 1269}}], [{"tid": 1, "generated": 0, "bbox": {"xmin": 669, "ymin": 67, "ymax": 187, "xmax": 806}}, {"tid": 2, "generated": 0, "bbox": {"xmin": 1201, "ymin": 1, "ymax": 68, "xmax": 1269}}], [{"tid": 1, "generated": 0, "bbox": {"xmin": 667, "ymin": 68, "ymax": 188, "xmax": 804}}, {"tid": 2, "generated": 0, "bbox": {"xmin": 1200, "ymin": 1, "ymax": 68, "xmax": 1269}}], [{"tid": 1, "generated": 0, "bbox": {"xmin": 665, "ymin": 69, "ymax": 189, "xmax": 802}}, {"tid": 2, "generated": 0, "bbox": {"xmin": 1198, "ymin": 1, "ymax": 68, "xmax": 1269}}], [{"tid": 1, "generated": 0, "bbox": {"xmin": 664, "ymin": 71, "ymax": 190, "xmax": 800}}, {"tid": 2, "generated": 0, "bbox": {"xmin": 1196, "ymin": 1, "ymax": 68, "xmax": 1269}}], [{"tid": 1, "generated": 0, "bbox": {"xmin": 666, "ymin": 78, "ymax": 190, "xmax": 798}}, {"tid": 2, "generated": 0, "bbox": {"xmin": 1204, "ymin": 3, "ymax": 78, "xmax": 1271}}], [{"tid": 1, "generated": 0, "bbox": {"xmin": 663, "ymin": 80, "ymax": 191, "xmax": 795}}, {"tid": 2, "generated": 0, "bbox": {"xmin": 1212, "ymin": 5, "ymax": 88, "xmax": 1273}}], [{"tid": 1, "generated": 0, "bbox": {"xmin": 661, "ymin": 82, "ymax": 193, "xmax": 793}}, {"tid": 2, "generated": 0, "bbox": {"xmin": 1221, "ymin": 6, "ymax": 97, "xmax": 1276}}], [{"tid": 1, "generated": 0, "bbox": {"xmin": 659, "ymin": 84, "ymax": 195, "xmax": 791}}, {"tid": 2, "generated": 0, "bbox": {"xmin": 1229, "ymin": 8, "ymax": 107, "xmax": 1278}}], [{"tid": 1, "generated": 0, "bbox": {"xmin": 657, "ymin": 87, "ymax": 197, "xmax": 789}}, {"tid": 2, "generated": 0, "bbox": {"xmin": 1237, "ymin": 10, "ymax": 117, "xmax": 1279}}], [{"tid": 1, "generated": 0, "bbox": {"xmin": 657, "ymin": 83, "ymax": 199, "xmax": 776}}, {"tid": 2, "generated": 0, "bbox": {"xmin": 1237, "ymin": 10, "ymax": 117, "xmax": 1279}}], [{"tid": 1, "generated": 0, "bbox": {"xmin": 657, "ymin": 94, "ymax": 208, "xmax": 773}}, {"tid": 2, "generated": 0, "bbox": {"xmin": 1237, "ymin": 10, "ymax": 117, "xmax": 1279}}], [{"tid": 1, "generated": 0, "bbox": {"xmin": 657, "ymin": 90, "ymax": 222, "xmax": 773}}, {"tid": 2, "generated": 0, "bbox": {"xmin": 1237, "ymin": 10, "ymax": 117, "xmax": 1279}}], [{"tid": 1, "generated": 0, "bbox": {"xmin": 647, "ymin": 90, "ymax": 220, "xmax": 773}}, {"tid": 2, "generated": 0, "bbox": {"xmin": 1237, "ymin": 10, "ymax": 117, "xmax": 1279}}], [{"tid": 1, "generated": 0, "bbox": {"xmin": 640, "ymin": 99, "ymax": 224, "xmax": 766}}, {"tid": 2, "generated": 0, "bbox": {"xmin": 1237, "ymin": 10, "ymax": 117, "xmax": 1279}}], [{"tid": 1, "generated": 0, "bbox": {"xmin": 624, "ymin": 103, "ymax": 231, "xmax": 769}}, {"tid": 2, "generated": 0, "bbox": {"xmin": 1235, "ymin": 9, "ymax": 121, "xmax": 1279}}], [{"tid": 1, "generated": 0, "bbox": {"xmin": 626, "ymin": 103, "ymax": 229, "xmax": 769}}, {"tid": 2, "generated": 0, "bbox": {"xmin": 1232, "ymin": 8, "ymax": 125, "xmax": 1279}}], [{"tid": 1, "generated": 0, "bbox": {"xmin": 629, "ymin": 103, "ymax": 228, "xmax": 769}}, {"tid": 2, "generated": 0, "bbox": {"xmin": 1230, "ymin": 7, "ymax": 129, "xmax": 1279}}], [{"tid": 1, "generated": 0, "bbox": {"xmin": 632, "ymin": 104, "ymax": 227, "xmax": 769}}, {"tid": 2, "generated": 0, "bbox": {"xmin": 1227, "ymin": 6, "ymax": 133, "xmax": 1279}}], [{"tid": 1, "generated": 0, "bbox": {"xmin": 627, "ymin": 104, "ymax": 234, "xmax": 766}}, {"tid": 2, "generated": 0, "bbox": {"xmin": 1225, "ymin": 5, "ymax": 137, "xmax": 1279}}], [{"tid": 1, "generated": 0, "bbox": {"xmin": 617, "ymin": 105, "ymax": 234, "xmax": 766}}, {"tid": 2, "generated": 0, "bbox": {"xmin": 1220, "ymin": 5, "ymax": 137, "xmax": 1279}}], [{"tid": 1, "generated": 0, "bbox": {"xmin": 608, "ymin": 106, "ymax": 234, "xmax": 766}}, {"tid": 2, "generated": 0, "bbox": {"xmin": 1215, "ymin": 5, "ymax": 137, "xmax": 1279}}], [{"tid": 1, "generated": 0, "bbox": {"xmin": 615, "ymin": 104, "ymax": 240, "xmax": 762}}, {"tid": 2, "generated": 0, "bbox": {"xmin": 1210, "ymin": 5, "ymax": 137, "xmax": 1279}}], [{"tid": 1, "generated": 0, "bbox": {"xmin": 602, "ymin": 115, "ymax": 250, "xmax": 750}}, {"tid": 2, "generated": 0, "bbox": {"xmin": 1205, "ymin": 5, "ymax": 137, "xmax": 1279}}], [{"tid": 1, "generated": 0, "bbox": {"xmin": 556, "ymin": 126, "ymax": 250, "xmax": 741}}, {"tid": 2, "generated": 0, "bbox": {"xmin": 1200, "ymin": 5, "ymax": 137, "xmax": 1279}}], [{"tid": 1, "generated": 0, "bbox": {"xmin": 556, "ymin": 126, "ymax": 254, "xmax": 746}}, {"tid": 2, "generated": 0, "bbox": {"xmin": 1189, "ymin": 5, "ymax": 130, "xmax": 1279}}], [{"tid": 1, "generated": 0, "bbox": {"xmin": 554, "ymin": 126, "ymax": 261, "xmax": 743}}, {"tid": 2, "generated": 0, "bbox": {"xmin": 1178, "ymin": 5, "ymax": 123, "xmax": 1279}}], [{"tid": 1, "generated": 0, "bbox": {"xmin": 554, "ymin": 128, "ymax": 268, "xmax": 744}}, {"tid": 2, "generated": 0, "bbox": {"xmin": 1166, "ymin": 5, "ymax": 117, "xmax": 1279}}], [{"tid": 1, "generated": 0, "bbox": {"xmin": 554, "ymin": 128, "ymax": 266, "xmax": 743}}, {"tid": 2, "generated": 0, "bbox": {"xmin": 1155, "ymin": 5, "ymax": 110, "xmax": 1279}}], [{"tid": 1, "generated": 0, "bbox": {"xmin": 554, "ymin": 128, "ymax": 265, "xmax": 743}}, {"tid": 2, "generated": 0, "bbox": {"xmin": 1144, "ymin": 5, "ymax": 103, "xmax": 1279}}], [{"tid": 1, "generated": 0, "bbox": {"xmin": 554, "ymin": 129, "ymax": 264, "xmax": 743}}, {"tid": 2, "generated": 0, "bbox": {"xmin": 1138, "ymin": 5, "ymax": 97, "xmax": 1279}}], [{"tid": 1, "generated": 0, "bbox": {"xmin": 556, "ymin": 131, "ymax": 261, "xmax": 746}}, {"tid": 2, "generated": 0, "bbox": {"xmin": 1133, "ymin": 5, "ymax": 91, "xmax": 1279}}], [{"tid": 1, "generated": 0, "bbox": {"xmin": 554, "ymin": 126, "ymax": 263, "xmax": 746}}, {"tid": 2, "generated": 0, "bbox": {"xmin": 1127, "ymin": 5, "ymax": 86, "xmax": 1279}}], [{"tid": 1, "generated": 0, "bbox": {"xmin": 558, "ymin": 126, "ymax": 268, "xmax": 746}}, {"tid": 2, "generated": 0, "bbox": {"xmin": 1122, "ymin": 5, "ymax": 80, "xmax": 1279}}], [], [], [], [], [], [], [], [], [], [], [], [], [], [], [], [], [], [], [], [], [], [], [], [], [], [], [], [], [], [], [{"tid": 1, "generated": 0, "bbox": {"xmin": 536, "ymin": 243, "ymax": 430, "xmax": 773}}, {"tid": 2, "generated": 0, "bbox": {"xmin": 1001, "ymin": 1, "ymax": 54, "xmax": 1165}}, {"tid": 3, "generated": 0, "bbox": {"xmin": 726, "ymin": 673, "ymax": 717, "xmax": 960}}], [{"tid": 1, "generated": 0, "bbox": {"xmin": 535, "ymin": 243, "ymax": 424, "xmax": 769}}, {"tid": 2, "generated": 0, "bbox": {"xmin": 999, "ymin": 1, "ymax": 54, "xmax": 1163}}, {"tid": 3, "generated": 0, "bbox": {"xmin": 723, "ymin": 673, "ymax": 717, "xmax": 957}}], [{"tid": 1, "generated": 0, "bbox": {"xmin": 536, "ymin": 243, "ymax": 435, "xmax": 778}}, {"tid": 2, "generated": 0, "bbox": {"xmin": 996, "ymin": 1, "ymax": 54, "xmax": 1160}}, {"tid": 3, "generated": 0, "bbox": {"xmin": 720, "ymin": 673, "ymax": 717, "xmax": 954}}], [{"tid": 1, "generated": 0, "bbox": {"xmin": 535, "ymin": 243, "ymax": 433, "xmax": 784}}, {"tid": 2, "generated": 0, "bbox": {"xmin": 994, "ymin": 1, "ymax": 54, "xmax": 1158}}, {"tid": 3, "generated": 0, "bbox": {"xmin": 716, "ymin": 673, "ymax": 717, "xmax": 950}}], [{"tid": 1, "generated": 0, "bbox": {"xmin": 536, "ymin": 243, "ymax": 439, "xmax": 782}}, {"tid": 2, "generated": 0, "bbox": {"xmin": 991, "ymin": 1, "ymax": 54, "xmax": 1155}}, {"tid": 3, "generated": 0, "bbox": {"xmin": 713, "ymin": 673, "ymax": 717, "xmax": 947}}], [{"tid": 1, "generated": 0, "bbox": {"xmin": 536, "ymin": 273, "ymax": 446, "xmax": 784}}, {"tid": 2, "generated": 0, "bbox": {"xmin": 989, "ymin": 1, "ymax": 54, "xmax": 1153}}, {"tid": 3, "generated": 0, "bbox": {"xmin": 710, "ymin": 673, "ymax": 717, "xmax": 944}}], [{"tid": 1, "generated": 0, "bbox": {"xmin": 536, "ymin": 273, "ymax": 462, "xmax": 775}}, {"tid": 2, "generated": 0, "bbox": {"xmin": 988, "ymin": 1, "ymax": 65, "xmax": 1154}}, {"tid": 3, "generated": 0, "bbox": {"xmin": 681, "ymin": 670, "ymax": 717, "xmax": 920}}], [{"tid": 1, "generated": 0, "bbox": {"xmin": 538, "ymin": 291, "ymax": 472, "xmax": 773}}, {"tid": 2, "generated": 0, "bbox": {"xmin": 986, "ymin": 2, "ymax": 76, "xmax": 1156}}, {"tid": 3, "generated": 0, "bbox": {"xmin": 653, "ymin": 667, "ymax": 716, "xmax": 897}}], [{"tid": 1, "generated": 0, "bbox": {"xmin": 538, "ymin": 282, "ymax": 478, "xmax": 773}}, {"tid": 2, "generated": 0, "bbox": {"xmin": 985, "ymin": 2, "ymax": 87, "xmax": 1157}}, {"tid": 3, "generated": 0, "bbox": {"xmin": 624, "ymin": 663, "ymax": 716, "xmax": 873}}], [{"tid": 1, "generated": 0, "bbox": {"xmin": 565, "ymin": 318, "ymax": 494, "xmax": 800}}, {"tid": 2, "generated": 0, "bbox": {"xmin": 983, "ymin": 3, "ymax": 98, "xmax": 1159}}, {"tid": 3, "generated": 0, "bbox": {"xmin": 596, "ymin": 660, "ymax": 715, "xmax": 850}}], [{"tid": 1, "generated": 0, "bbox": {"xmin": 572, "ymin": 318, "ymax": 499, "xmax": 796}}, {"tid": 2, "generated": 0, "bbox": {"xmin": 982, "ymin": 3, "ymax": 109, "xmax": 1160}}, {"tid": 3, "generated": 0, "bbox": {"xmin": 567, "ymin": 657, "ymax": 715, "xmax": 826}}], [{"tid": 1, "generated": 0, "bbox": {"xmin": 584, "ymin": 378, "ymax": 597, "xmax": 807}}, {"tid": 2, "generated": 0, "bbox": {"xmin": 982, "ymin": 3, "ymax": 109, "xmax": 1164}}, {"tid": 3, "generated": 0, "bbox": {"xmin": 567, "ymin": 651, "ymax": 715, "xmax": 829}}], [{"tid": 1, "generated": 0, "bbox": {"xmin": 592, "ymin": 385, "ymax": 595, "xmax": 819}}, {"tid": 2, "generated": 0, "bbox": {"xmin": 982, "ymin": 3, "ymax": 109, "xmax": 1168}}, {"tid": 3, "generated": 0, "bbox": {"xmin": 567, "ymin": 645, "ymax": 715, "xmax": 831}}], [{"tid": 1, "generated": 0, "bbox": {"xmin": 586, "ymin": 384, "ymax": 592, "xmax": 816}}, {"tid": 2, "generated": 0, "bbox": {"xmin": 982, "ymin": 3, "ymax": 109, "xmax": 1173}}, {"tid": 3, "generated": 0, "bbox": {"xmin": 567, "ymin": 640, "ymax": 715, "xmax": 834}}], [{"tid": 1, "generated": 0, "bbox": {"xmin": 588, "ymin": 384, "ymax": 592, "xmax": 826}}, {"tid": 2, "generated": 0, "bbox": {"xmin": 982, "ymin": 3, "ymax": 109, "xmax": 1177}}, {"tid": 3, "generated": 0, "bbox": {"xmin": 567, "ymin": 634, "ymax": 715, "xmax": 836}}], [{"tid": 1, "generated": 0, "bbox": {"xmin": 606, "ymin": 380, "ymax": 600, "xmax": 839}}, {"tid": 2, "generated": 0, "bbox": {"xmin": 982, "ymin": 3, "ymax": 109, "xmax": 1181}}, {"tid": 3, "generated": 0, "bbox": {"xmin": 567, "ymin": 628, "ymax": 715, "xmax": 839}}], [{"tid": 1, "generated": 0, "bbox": {"xmin": 608, "ymin": 388, "ymax": 599, "xmax": 836}}, {"tid": 2, "generated": 0, "bbox": {"xmin": 987, "ymin": 2, "ymax": 108, "xmax": 1186}}, {"tid": 3, "generated": 0, "bbox": {"xmin": 567, "ymin": 626, "ymax": 715, "xmax": 839}}], [{"tid": 1, "generated": 0, "bbox": {"xmin": 611, "ymin": 396, "ymax": 599, "xmax": 833}}, {"tid": 2, "generated": 0, "bbox": {"xmin": 993, "ymin": 1, "ymax": 107, "xmax": 1192}}, {"tid": 3, "generated": 0, "bbox": {"xmin": 567, "ymin": 624, "ymax": 715, "xmax": 839}}], [{"tid": 1, "generated": 0, "bbox": {"xmin": 616, "ymin": 403, "ymax": 600, "xmax": 837}}, {"tid": 2, "generated": 0, "bbox": {"xmin": 998, "ymin": 0, "ymax": 106, "xmax": 1197}}, {"tid": 3, "generated": 0, "bbox": {"xmin": 567, "ymin": 622, "ymax": 715, "xmax": 839}}], [{"tid": 1, "generated": 0, "bbox": {"xmin": 620, "ymin": 414, "ymax": 600, "xmax": 835}}, {"tid": 2, "generated": 0, "bbox": {"xmin": 1004, "ymin": 0, "ymax": 105, "xmax": 1203}}, {"tid": 3, "generated": 0, "bbox": {"xmin": 567, "ymin": 620, "ymax": 715, "xmax": 839}}], [{"tid": 1, "generated": 0, "bbox": {"xmin": 627, "ymin": 435, "ymax": 611, "xmax": 832}}, {"tid": 2, "generated": 0, "bbox": {"xmin": 1009, "ymin": 0, "ymax": 104, "xmax": 1208}}, {"tid": 3, "generated": 0, "bbox": {"xmin": 567, "ymin": 618, "ymax": 715, "xmax": 839}}], [{"tid": 1, "generated": 0, "bbox": {"xmin": 634, "ymin": 437, "ymax": 609, "xmax": 842}}, {"tid": 2, "generated": 0, "bbox": {"xmin": 1010, "ymin": 0, "ymax": 104, "xmax": 1209}}, {"tid": 3, "generated": 0, "bbox": {"xmin": 570, "ymin": 607, "ymax": 715, "xmax": 842}}], [{"tid": 1, "generated": 0, "bbox": {"xmin": 645, "ymin": 442, "ymax": 604, "xmax": 855}}, {"tid": 2, "generated": 0, "bbox": {"xmin": 1012, "ymin": 0, "ymax": 104, "xmax": 1211}}, {"tid": 3, "generated": 0, "bbox": {"xmin": 573, "ymin": 596, "ymax": 715, "xmax": 845}}], [{"tid": 1, "generated": 0, "bbox": {"xmin": 650, "ymin": 449, "ymax": 606, "xmax": 856}}, {"tid": 2, "generated": 0, "bbox": {"xmin": 1013, "ymin": 0, "ymax": 104, "xmax": 1212}}, {"tid": 3, "generated": 0, "bbox": {"xmin": 576, "ymin": 585, "ymax": 715, "xmax": 848}}], [{"tid": 1, "generated": 0, "bbox": {"xmin": 656, "ymin": 449, "ymax": 607, "xmax": 863}}, {"tid": 2, "generated": 0, "bbox": {"xmin": 1015, "ymin": 0, "ymax": 104, "xmax": 1214}}, {"tid": 3, "generated": 0, "bbox": {"xmin": 579, "ymin": 574, "ymax": 715, "xmax": 851}}], [{"tid": 1, "generated": 0, "bbox": {"xmin": 663, "ymin": 449, "ymax": 609, "xmax": 870}}, {"tid": 2, "generated": 0, "bbox": {"xmin": 1016, "ymin": 0, "ymax": 104, "xmax": 1215}}, {"tid": 3, "generated": 0, "bbox": {"xmin": 582, "ymin": 563, "ymax": 715, "xmax": 854}}], [{"tid": 1, "generated": 0, "bbox": {"xmin": 670, "ymin": 449, "ymax": 611, "xmax": 878}}, {"tid": 2, "generated": 0, "bbox": {"xmin": 1019, "ymin": 0, "ymax": 104, "xmax": 1218}}, {"tid": 3, "generated": 0, "bbox": {"xmin": 583, "ymin": 562, "ymax": 714, "xmax": 855}}], [{"tid": 1, "generated": 0, "bbox": {"xmin": 670, "ymin": 449, "ymax": 612, "xmax": 878}}, {"tid": 2, "generated": 0, "bbox": {"xmin": 1022, "ymin": 0, "ymax": 104, "xmax": 1221}}, {"tid": 3, "generated": 0, "bbox": {"xmin": 583, "ymin": 561, "ymax": 713, "xmax": 855}}], [{"tid": 1, "generated": 0, "bbox": {"xmin": 671, "ymin": 450, "ymax": 613, "xmax": 879}}, {"tid": 2, "generated": 0, "bbox": {"xmin": 1024, "ymin": 0, "ymax": 104, "xmax": 1223}}, {"tid": 3, "generated": 0, "bbox": {"xmin": 584, "ymin": 559, "ymax": 711, "xmax": 856}}], [{"tid": 1, "generated": 0, "bbox": {"xmin": 671, "ymin": 451, "ymax": 614, "xmax": 879}}, {"tid": 2, "generated": 0, "bbox": {"xmin": 1027, "ymin": 0, "ymax": 104, "xmax": 1226}}, {"tid": 3, "generated": 0, "bbox": {"xmin": 584, "ymin": 558, "ymax": 710, "xmax": 856}}], [], [], [], [], [], [], [], [], [], [], [], [], [], [], [], [], [], [], [], [], [], [], [], [], [], [], [], [], [], [], [], [], [], [], [], [], [], [], [], [], [], [], [], [], [], [], [], [], [], [], [], [], [], [], [], [], [], [], [], [], [], [], [], [], [], [], [], [], [], [], [], [], [], [], [], [], [], [], [], [], [], [], [], [], [], [], [], [], [], [], [], [], [], [], [], [], [], [], [], [], [], [], [], [], [], [], [], [], [], [], [], [], [], [], [], [], [], [], [], [], [{"tid": 0, "generated": 0, "bbox": {"xmin": 0, "ymin": 472, "ymax": 716, "xmax": 579}}, {"tid": 1, "generated": 0, "bbox": {"xmin": 648, "ymin": 407, "ymax": 627, "xmax": 956}}, {"tid": 3, "generated": 0, "bbox": {"xmin": 422, "ymin": 281, "ymax": 523, "xmax": 665}}], [{"tid": 0, "generated": 0, "bbox": {"xmin": 0, "ymin": 446, "ymax": 716, "xmax": 579}}, {"tid": 1, "generated": 0, "bbox": {"xmin": 664, "ymin": 384, "ymax": 627, "xmax": 1025}}, {"tid": 3, "generated": 0, "bbox": {"xmin": 437, "ymin": 281, "ymax": 523, "xmax": 680}}], [{"tid": 0, "generated": 0, "bbox": {"xmin": 0, "ymin": 444, "ymax": 714, "xmax": 581}}, {"tid": 1, "generated": 0, "bbox": {"xmin": 737, "ymin": 389, "ymax": 602, "xmax": 1016}}, {"tid": 3, "generated": 0, "bbox": {"xmin": 453, "ymin": 281, "ymax": 523, "xmax": 696}}], [{"tid": 0, "generated": 0, "bbox": {"xmin": 0, "ymin": 436, "ymax": 714, "xmax": 583}}, {"tid": 1, "generated": 0, "bbox": {"xmin": 739, "ymin": 382, "ymax": 604, "xmax": 1009}}, {"tid": 3, "generated": 0, "bbox": {"xmin": 468, "ymin": 280, "ymax": 522, "xmax": 711}}], [{"tid": 0, "generated": 0, "bbox": {"xmin": 0, "ymin": 428, "ymax": 714, "xmax": 586}}, {"tid": 1, "generated": 0, "bbox": {"xmin": 739, "ymin": 360, "ymax": 609, "xmax": 1022}}, {"tid": 3, "generated": 0, "bbox": {"xmin": 484, "ymin": 280, "ymax": 522, "xmax": 727}}], [{"tid": 0, "generated": 0, "bbox": {"xmin": 0, "ymin": 348, "ymax": 714, "xmax": 586}}, {"tid": 1, "generated": 0, "bbox": {"xmin": 739, "ymin": 344, "ymax": 599, "xmax": 1022}}, {"tid": 3, "generated": 0, "bbox": {"xmin": 499, "ymin": 280, "ymax": 522, "xmax": 742}}], [{"tid": 0, "generated": 0, "bbox": {"xmin": 0, "ymin": 339, "ymax": 714, "xmax": 593}}, {"tid": 1, "generated": 0, "bbox": {"xmin": 748, "ymin": 342, "ymax": 595, "xmax": 1023}}, {"tid": 3, "generated": 0, "bbox": {"xmin": 524, "ymin": 279, "ymax": 511, "xmax": 752}}], [{"tid": 0, "generated": 0, "bbox": {"xmin": 0, "ymin": 306, "ymax": 714, "xmax": 596}}, {"tid": 1, "generated": 0, "bbox": {"xmin": 757, "ymin": 341, "ymax": 592, "xmax": 1025}}, {"tid": 3, "generated": 0, "bbox": {"xmin": 550, "ymin": 277, "ymax": 500, "xmax": 761}}], [{"tid": 0, "generated": 0, "bbox": {"xmin": 0, "ymin": 273, "ymax": 714, "xmax": 600}}, {"tid": 1, "generated": 0, "bbox": {"xmin": 757, "ymin": 337, "ymax": 588, "xmax": 1031}}, {"tid": 3, "generated": 0, "bbox": {"xmin": 575, "ymin": 276, "ymax": 489, "xmax": 771}}], [{"tid": 0, "generated": 0, "bbox": {"xmin": 0, "ymin": 241, "ymax": 714, "xmax": 604}}, {"tid": 1, "generated": 0, "bbox": {"xmin": 769, "ymin": 343, "ymax": 597, "xmax": 1047}}, {"tid": 3, "generated": 0, "bbox": {"xmin": 601, "ymin": 274, "ymax": 478, "xmax": 780}}], [{"tid": 0, "generated": 0, "bbox": {"xmin": 0, "ymin": 167, "ymax": 711, "xmax": 616}}, {"tid": 1, "generated": 0, "bbox": {"xmin": 785, "ymin": 348, "ymax": 538, "xmax": 997}}, {"tid": 3, "generated": 0, "bbox": {"xmin": 626, "ymin": 273, "ymax": 467, "xmax": 790}}], [{"tid": 0, "generated": 0, "bbox": {"xmin": 0, "ymin": 167, "ymax": 714, "xmax": 668}}, {"tid": 1, "generated": 0, "bbox": {"xmin": 826, "ymin": 353, "ymax": 590, "xmax": 1063}}, {"tid": 3, "generated": 0, "bbox": {"xmin": 631, "ymin": 270, "ymax": 468, "xmax": 803}}], [{"tid": 0, "generated": 0, "bbox": {"xmin": 0, "ymin": 163, "ymax": 712, "xmax": 670}}, {"tid": 1, "generated": 0, "bbox": {"xmin": 842, "ymin": 346, "ymax": 595, "xmax": 1057}}, {"tid": 3, "generated": 0, "bbox": {"xmin": 635, "ymin": 268, "ymax": 468, "xmax": 816}}], [{"tid": 0, "generated": 0, "bbox": {"xmin": 0, "ymin": 154, "ymax": 709, "xmax": 668}}, {"tid": 1, "generated": 0, "bbox": {"xmin": 848, "ymin": 357, "ymax": 595, "xmax": 1068}}, {"tid": 3, "generated": 0, "bbox": {"xmin": 640, "ymin": 265, "ymax": 469, "xmax": 829}}], [{"tid": 0, "generated": 0, "bbox": {"xmin": 0, "ymin": 92, "ymax": 705, "xmax": 668}}, {"tid": 1, "generated": 0, "bbox": {"xmin": 848, "ymin": 359, "ymax": 593, "xmax": 1072}}, {"tid": 3, "generated": 0, "bbox": {"xmin": 644, "ymin": 263, "ymax": 469, "xmax": 842}}], [{"tid": 0, "generated": 0, "bbox": {"xmin": 0, "ymin": 90, "ymax": 705, "xmax": 673}}, {"tid": 1, "generated": 0, "bbox": {"xmin": 842, "ymin": 359, "ymax": 611, "xmax": 1080}}, {"tid": 3, "generated": 0, "bbox": {"xmin": 649, "ymin": 260, "ymax": 470, "xmax": 855}}], [{"tid": 0, "generated": 0, "bbox": {"xmin": 0, "ymin": 67, "ymax": 709, "xmax": 695}}, {"tid": 1, "generated": 0, "bbox": {"xmin": 837, "ymin": 380, "ymax": 592, "xmax": 1056}}, {"tid": 3, "generated": 0, "bbox": {"xmin": 645, "ymin": 263, "ymax": 473, "xmax": 851}}], [{"tid": 0, "generated": 0, "bbox": {"xmin": 0, "ymin": 60, "ymax": 712, "xmax": 696}}, {"tid": 1, "generated": 0, "bbox": {"xmin": 846, "ymin": 385, "ymax": 576, "xmax": 1068}}, {"tid": 3, "generated": 0, "bbox": {"xmin": 640, "ymin": 265, "ymax": 475, "xmax": 846}}], [{"tid": 0, "generated": 0, "bbox": {"xmin": 0, "ymin": 65, "ymax": 716, "xmax": 695}}, {"tid": 1, "generated": 0, "bbox": {"xmin": 855, "ymin": 392, "ymax": 574, "xmax": 1057}}, {"tid": 3, "generated": 0, "bbox": {"xmin": 636, "ymin": 268, "ymax": 478, "xmax": 842}}], [{"tid": 0, "generated": 0, "bbox": {"xmin": 0, "ymin": 67, "ymax": 718, "xmax": 700}}, {"tid": 1, "generated": 0, "bbox": {"xmin": 855, "ymin": 391, "ymax": 584, "xmax": 1073}}, {"tid": 3, "generated": 0, "bbox": {"xmin": 631, "ymin": 270, "ymax": 480, "xmax": 837}}], [{"tid": 0, "generated": 0, "bbox": {"xmin": 0, "ymin": 23, "ymax": 718, "xmax": 688}}, {"tid": 1, "generated": 0, "bbox": {"xmin": 842, "ymin": 382, "ymax": 586, "xmax": 1048}}, {"tid": 3, "generated": 0, "bbox": {"xmin": 627, "ymin": 273, "ymax": 483, "xmax": 833}}], [{"tid": 0, "generated": 0, "bbox": {"xmin": 0, "ymin": 17, "ymax": 718, "xmax": 689}}, {"tid": 1, "generated": 0, "bbox": {"xmin": 824, "ymin": 380, "ymax": 561, "xmax": 1048}}, {"tid": 3, "generated": 0, "bbox": {"xmin": 620, "ymin": 276, "ymax": 486, "xmax": 826}}], [{"tid": 0, "generated": 0, "bbox": {"xmin": 0, "ymin": 0, "ymax": 712, "xmax": 684}}, {"tid": 1, "generated": 0, "bbox": {"xmin": 816, "ymin": 375, "ymax": 558, "xmax": 1045}}, {"tid": 3, "generated": 0, "bbox": {"xmin": 612, "ymin": 280, "ymax": 490, "xmax": 818}}], [{"tid": 0, "generated": 0, "bbox": {"xmin": 0, "ymin": 0, "ymax": 715, "xmax": 679}}, {"tid": 1, "generated": 0, "bbox": {"xmin": 803, "ymin": 374, "ymax": 564, "xmax": 1038}}, {"tid": 3, "generated": 0, "bbox": {"xmin": 605, "ymin": 283, "ymax": 493, "xmax": 811}}], [{"tid": 0, "generated": 0, "bbox": {"xmin": 0, "ymin": 0, "ymax": 718, "xmax": 675}}, {"tid": 1, "generated": 0, "bbox": {"xmin": 791, "ymin": 373, "ymax": 570, "xmax": 1031}}, {"tid": 3, "generated": 0, "bbox": {"xmin": 597, "ymin": 287, "ymax": 497, "xmax": 803}}], [{"tid": 0, "generated": 0, "bbox": {"xmin": 0, "ymin": 0, "ymax": 718, "xmax": 672}}, {"tid": 1, "generated": 0, "bbox": {"xmin": 787, "ymin": 380, "ymax": 577, "xmax": 997}}, {"tid": 3, "generated": 0, "bbox": {"xmin": 590, "ymin": 290, "ymax": 500, "xmax": 796}}], [{"tid": 0, "generated": 0, "bbox": {"xmin": 0, "ymin": 7, "ymax": 716, "xmax": 688}}, {"tid": 1, "generated": 0, "bbox": {"xmin": 789, "ymin": 382, "ymax": 584, "xmax": 1011}}, {"tid": 3, "generated": 0, "bbox": {"xmin": 592, "ymin": 293, "ymax": 503, "xmax": 798}}], [{"tid": 0, "generated": 0, "bbox": {"xmin": 0, "ymin": 15, "ymax": 715, "xmax": 704}}, {"tid": 1, "generated": 0, "bbox": {"xmin": 787, "ymin": 380, "ymax": 579, "xmax": 1004}}, {"tid": 3, "generated": 0, "bbox": {"xmin": 594, "ymin": 296, "ymax": 506, "xmax": 800}}], [{"tid": 0, "generated": 0, "bbox": {"xmin": 0, "ymin": 23, "ymax": 714, "xmax": 721}}, {"tid": 1, "generated": 0, "bbox": {"xmin": 792, "ymin": 378, "ymax": 584, "xmax": 1009}}, {"tid": 3, "generated": 0, "bbox": {"xmin": 597, "ymin": 298, "ymax": 508, "xmax": 803}}], [{"tid": 0, "generated": 0, "bbox": {"xmin": 0, "ymin": 35, "ymax": 716, "xmax": 757}}, {"tid": 1, "generated": 0, "bbox": {"xmin": 791, "ymin": 369, "ymax": 577, "xmax": 1009}}, {"tid": 3, "generated": 0, "bbox": {"xmin": 599, "ymin": 301, "ymax": 511, "xmax": 805}}]], "subject/objects": [{"category": "dog", "tid": 0}, {"category": "turtle", "tid": 1}, {"category": "ball", "tid": 2}, {"category": "ball", "tid": 3}], "relation_instances": [{"end_fid": 75, "subject_tid": 1, "predicate": "creep_past", "begin_fid": 45, "object_tid": 2}, {"end_fid": 75, "subject_tid": 1, "predicate": "creep_right", "begin_fid": 45, "object_tid": 2}, {"end_fid": 75, "subject_tid": 2, "predicate": "left", "begin_fid": 45, "object_tid": 1}, {"end_fid": 90, "subject_tid": 1, "predicate": "creep_past", "begin_fid": 60, "object_tid": 2}, {"end_fid": 90, "subject_tid": 1, "predicate": "creep_right", "begin_fid": 60, "object_tid": 2}, {"end_fid": 90, "subject_tid": 2, "predicate": "left", "begin_fid": 60, "object_tid": 1}, {"end_fid": 150, "subject_tid": 1, "predicate": "creep_away", "begin_fid": 120, "object_tid": 2}, {"end_fid": 150, "subject_tid": 1, "predicate": "creep_front", "begin_fid": 120, "object_tid": 2}, {"end_fid": 150, "subject_tid": 2, "predicate": "behind", "begin_fid": 120, "object_tid": 1}, {"end_fid": 150, "subject_tid": 1, "predicate": "creep_toward", "begin_fid": 120, "object_tid": 3}, {"end_fid": 150, "subject_tid": 1, "predicate": "creep_behind", "begin_fid": 120, "object_tid": 3}, {"end_fid": 150, "subject_tid": 1, "predicate": "play", "begin_fid": 120, "object_tid": 3}, {"end_fid": 150, "subject_tid": 3, "predicate": "front", "begin_fid": 120, "object_tid": 1}, {"end_fid": 150, "subject_tid": 3, "predicate": "toward", "begin_fid": 120, "object_tid": 1}, {"end_fid": 150, "subject_tid": 3, "predicate": "toward", "begin_fid": 120, "object_tid": 2}, {"end_fid": 300, "subject_tid": 0, "predicate": "walk_left", "begin_fid": 270, "object_tid": 1}, {"end_fid": 300, "subject_tid": 0, "predicate": "taller", "begin_fid": 270, "object_tid": 1}, {"end_fid": 300, "subject_tid": 0, "predicate": "larger", "begin_fid": 270, "object_tid": 1}, {"end_fid": 300, "subject_tid": 0, "predicate": "watch", "begin_fid": 270, "object_tid": 1}, {"end_fid": 300, "subject_tid": 1, "predicate": "creep_right", "begin_fid": 270, "object_tid": 0}, {"end_fid": 300, "subject_tid": 0, "predicate": "walk_behind", "begin_fid": 270, "object_tid": 3}, {"end_fid": 300, "subject_tid": 3, "predicate": "front", "begin_fid": 270, "object_tid": 0}, {"end_fid": 300, "subject_tid": 1, "predicate": "creep_behind", "begin_fid": 270, "object_tid": 3}, {"end_fid": 300, "subject_tid": 1, "predicate": "play", "begin_fid": 270, "object_tid": 3}, {"end_fid": 300, "subject_tid": 3, "predicate": "front", "begin_fid": 270, "object_tid": 1}], "height": 720}