{"width": 1920, "frame_count": 125, "video_id": "ILSVRC2015_train_00125005", "fps": 25, "trajectories": [[{"tid": 0, "generated": 0, "bbox": {"xmin": 80, "ymin": 349, "ymax": 466, "xmax": 210}}, {"tid": 1, "generated": 0, "bbox": {"xmin": 200, "ymin": 378, "ymax": 490, "xmax": 394}}, {"tid": 2, "generated": 0, "bbox": {"xmin": 320, "ymin": 410, "ymax": 517, "xmax": 442}}, {"tid": 3, "generated": 0, "bbox": {"xmin": 378, "ymin": 458, "ymax": 576, "xmax": 512}}, {"tid": 4, "generated": 0, "bbox": {"xmin": 408, "ymin": 509, "ymax": 605, "xmax": 544}}], [{"tid": 0, "generated": 0, "bbox": {"xmin": 80, "ymin": 349, "ymax": 466, "xmax": 210}}, {"tid": 1, "generated": 0, "bbox": {"xmin": 200, "ymin": 378, "ymax": 490, "xmax": 394}}, {"tid": 2, "generated": 0, "bbox": {"xmin": 319, "ymin": 409, "ymax": 516, "xmax": 441}}, {"tid": 3, "generated": 0, "bbox": {"xmin": 378, "ymin": 458, "ymax": 575, "xmax": 512}}, {"tid": 4, "generated": 0, "bbox": {"xmin": 407, "ymin": 509, "ymax": 604, "xmax": 544}}], [{"tid": 0, "generated": 0, "bbox": {"xmin": 80, "ymin": 349, "ymax": 466, "xmax": 210}}, {"tid": 1, "generated": 0, "bbox": {"xmin": 200, "ymin": 378, "ymax": 490, "xmax": 394}}, {"tid": 2, "generated": 0, "bbox": {"xmin": 319, "ymin": 409, "ymax": 516, "xmax": 441}}, {"tid": 3, "generated": 0, "bbox": {"xmin": 378, "ymin": 458, "ymax": 574, "xmax": 512}}, {"tid": 4, "generated": 0, "bbox": {"xmin": 407, "ymin": 509, "ymax": 604, "xmax": 544}}], [{"tid": 0, "generated": 0, "bbox": {"xmin": 80, "ymin": 349, "ymax": 466, "xmax": 210}}, {"tid": 1, "generated": 0, "bbox": {"xmin": 200, "ymin": 378, "ymax": 490, "xmax": 394}}, {"tid": 2, "generated": 0, "bbox": {"xmin": 319, "ymin": 409, "ymax": 516, "xmax": 441}}, {"tid": 3, "generated": 0, "bbox": {"xmin": 378, "ymin": 458, "ymax": 574, "xmax": 512}}, {"tid": 4, "generated": 0, "bbox": {"xmin": 407, "ymin": 509, "ymax": 603, "xmax": 544}}], [{"tid": 0, "generated": 0, "bbox": {"xmin": 81, "ymin": 350, "ymax": 467, "xmax": 210}}, {"tid": 1, "generated": 0, "bbox": {"xmin": 200, "ymin": 378, "ymax": 490, "xmax": 394}}, {"tid": 2, "generated": 0, "bbox": {"xmin": 319, "ymin": 409, "ymax": 516, "xmax": 441}}, {"tid": 3, "generated": 0, "bbox": {"xmin": 378, "ymin": 458, "ymax": 573, "xmax": 512}}, {"tid": 4, "generated": 0, "bbox": {"xmin": 407, "ymin": 509, "ymax": 603, "xmax": 544}}], [{"tid": 0, "generated": 0, "bbox": {"xmin": 81, "ymin": 350, "ymax": 467, "xmax": 210}}, {"tid": 1, "generated": 0, "bbox": {"xmin": 200, "ymin": 378, "ymax": 490, "xmax": 394}}, {"tid": 2, "generated": 0, "bbox": {"xmin": 319, "ymin": 409, "ymax": 516, "xmax": 441}}, {"tid": 3, "generated": 0, "bbox": {"xmin": 378, "ymin": 459, "ymax": 573, "xmax": 512}}, {"tid": 4, "generated": 0, "bbox": {"xmin": 407, "ymin": 509, "ymax": 603, "xmax": 544}}], [{"tid": 0, "generated": 0, "bbox": {"xmin": 81, "ymin": 350, "ymax": 467, "xmax": 210}}, {"tid": 1, "generated": 0, "bbox": {"xmin": 200, "ymin": 378, "ymax": 490, "xmax": 394}}, {"tid": 2, "generated": 0, "bbox": {"xmin": 319, "ymin": 409, "ymax": 516, "xmax": 441}}, {"tid": 3, "generated": 0, "bbox": {"xmin": 378, "ymin": 459, "ymax": 572, "xmax": 512}}, {"tid": 4, "generated": 0, "bbox": {"xmin": 407, "ymin": 509, "ymax": 602, "xmax": 544}}], [{"tid": 0, "generated": 0, "bbox": {"xmin": 81, "ymin": 350, "ymax": 468, "xmax": 210}}, {"tid": 1, "generated": 0, "bbox": {"xmin": 200, "ymin": 378, "ymax": 490, "xmax": 394}}, {"tid": 2, "generated": 0, "bbox": {"xmin": 319, "ymin": 409, "ymax": 516, "xmax": 441}}, {"tid": 3, "generated": 0, "bbox": {"xmin": 378, "ymin": 459, "ymax": 572, "xmax": 512}}, {"tid": 4, "generated": 0, "bbox": {"xmin": 407, "ymin": 509, "ymax": 602, "xmax": 544}}], [{"tid": 0, "generated": 0, "bbox": {"xmin": 82, "ymin": 351, "ymax": 468, "xmax": 210}}, {"tid": 1, "generated": 0, "bbox": {"xmin": 200, "ymin": 378, "ymax": 490, "xmax": 394}}, {"tid": 2, "generated": 0, "bbox": {"xmin": 319, "ymin": 409, "ymax": 516, "xmax": 441}}, {"tid": 3, "generated": 0, "bbox": {"xmin": 378, "ymin": 459, "ymax": 571, "xmax": 512}}, {"tid": 4, "generated": 0, "bbox": {"xmin": 407, "ymin": 509, "ymax": 602, "xmax": 544}}], [{"tid": 0, "generated": 0, "bbox": {"xmin": 82, "ymin": 351, "ymax": 468, "xmax": 210}}, {"tid": 1, "generated": 0, "bbox": {"xmin": 200, "ymin": 378, "ymax": 490, "xmax": 394}}, {"tid": 2, "generated": 0, "bbox": {"xmin": 319, "ymin": 409, "ymax": 516, "xmax": 441}}, {"tid": 3, "generated": 0, "bbox": {"xmin": 378, "ymin": 459, "ymax": 571, "xmax": 512}}, {"tid": 4, "generated": 0, "bbox": {"xmin": 407, "ymin": 509, "ymax": 601, "xmax": 544}}], [{"tid": 0, "generated": 0, "bbox": {"xmin": 82, "ymin": 351, "ymax": 469, "xmax": 210}}, {"tid": 1, "generated": 0, "bbox": {"xmin": 200, "ymin": 378, "ymax": 490, "xmax": 394}}, {"tid": 2, "generated": 0, "bbox": {"xmin": 319, "ymin": 409, "ymax": 516, "xmax": 441}}, {"tid": 3, "generated": 0, "bbox": {"xmin": 379, "ymin": 460, "ymax": 570, "xmax": 512}}, {"tid": 4, "generated": 0, "bbox": {"xmin": 407, "ymin": 509, "ymax": 601, "xmax": 544}}], [{"tid": 0, "generated": 0, "bbox": {"xmin": 82, "ymin": 351, "ymax": 469, "xmax": 210}}, {"tid": 1, "generated": 0, "bbox": {"xmin": 200, "ymin": 378, "ymax": 490, "xmax": 394}}, {"tid": 2, "generated": 0, "bbox": {"xmin": 319, "ymin": 409, "ymax": 516, "xmax": 441}}, {"tid": 3, "generated": 0, "bbox": {"xmin": 379, "ymin": 460, "ymax": 570, "xmax": 512}}, {"tid": 4, "generated": 0, "bbox": {"xmin": 406, "ymin": 509, "ymax": 600, "xmax": 544}}], [{"tid": 0, "generated": 0, "bbox": {"xmin": 83, "ymin": 352, "ymax": 469, "xmax": 210}}, {"tid": 1, "generated": 0, "bbox": {"xmin": 200, "ymin": 378, "ymax": 490, "xmax": 394}}, {"tid": 2, "generated": 0, "bbox": {"xmin": 319, "ymin": 409, "ymax": 516, "xmax": 441}}, {"tid": 3, "generated": 0, "bbox": {"xmin": 379, "ymin": 460, "ymax": 569, "xmax": 512}}, {"tid": 4, "generated": 0, "bbox": {"xmin": 406, "ymin": 509, "ymax": 600, "xmax": 544}}], [{"tid": 0, "generated": 0, "bbox": {"xmin": 83, "ymin": 352, "ymax": 469, "xmax": 210}}, {"tid": 1, "generated": 0, "bbox": {"xmin": 200, "ymin": 378, "ymax": 490, "xmax": 394}}, {"tid": 2, "generated": 0, "bbox": {"xmin": 319, "ymin": 409, "ymax": 516, "xmax": 441}}, {"tid": 3, "generated": 0, "bbox": {"xmin": 379, "ymin": 460, "ymax": 569, "xmax": 512}}, {"tid": 4, "generated": 0, "bbox": {"xmin": 406, "ymin": 509, "ymax": 600, "xmax": 544}}], [{"tid": 0, "generated": 0, "bbox": {"xmin": 83, "ymin": 352, "ymax": 470, "xmax": 210}}, {"tid": 1, "generated": 0, "bbox": {"xmin": 200, "ymin": 378, "ymax": 490, "xmax": 394}}, {"tid": 2, "generated": 0, "bbox": {"xmin": 319, "ymin": 409, "ymax": 516, "xmax": 441}}, {"tid": 3, "generated": 0, "bbox": {"xmin": 379, "ymin": 460, "ymax": 568, "xmax": 512}}, {"tid": 4, "generated": 0, "bbox": {"xmin": 406, "ymin": 509, "ymax": 599, "xmax": 544}}], [{"tid": 0, "generated": 0, "bbox": {"xmin": 83, "ymin": 352, "ymax": 470, "xmax": 210}}, {"tid": 1, "generated": 0, "bbox": {"xmin": 200, "ymin": 378, "ymax": 490, "xmax": 394}}, {"tid": 2, "generated": 0, "bbox": {"xmin": 319, "ymin": 409, "ymax": 515, "xmax": 441}}, {"tid": 3, "generated": 0, "bbox": {"xmin": 379, "ymin": 461, "ymax": 568, "xmax": 513}}, {"tid": 4, "generated": 0, "bbox": {"xmin": 406, "ymin": 509, "ymax": 599, "xmax": 544}}], [{"tid": 0, "generated": 0, "bbox": {"xmin": 84, "ymin": 353, "ymax": 470, "xmax": 210}}, {"tid": 1, "generated": 0, "bbox": {"xmin": 200, "ymin": 378, "ymax": 490, "xmax": 394}}, {"tid": 2, "generated": 0, "bbox": {"xmin": 319, "ymin": 409, "ymax": 515, "xmax": 441}}, {"tid": 3, "generated": 0, "bbox": {"xmin": 379, "ymin": 461, "ymax": 567, "xmax": 513}}, {"tid": 4, "generated": 0, "bbox": {"xmin": 406, "ymin": 509, "ymax": 599, "xmax": 544}}], [{"tid": 0, "generated": 0, "bbox": {"xmin": 84, "ymin": 353, "ymax": 471, "xmax": 210}}, {"tid": 1, "generated": 0, "bbox": {"xmin": 200, "ymin": 378, "ymax": 490, "xmax": 394}}, {"tid": 2, "generated": 0, "bbox": {"xmin": 319, "ymin": 409, "ymax": 515, "xmax": 441}}, {"tid": 3, "generated": 0, "bbox": {"xmin": 379, "ymin": 461, "ymax": 566, "xmax": 513}}, {"tid": 4, "generated": 0, "bbox": {"xmin": 406, "ymin": 509, "ymax": 598, "xmax": 544}}], [{"tid": 0, "generated": 0, "bbox": {"xmin": 84, "ymin": 353, "ymax": 471, "xmax": 210}}, {"tid": 1, "generated": 0, "bbox": {"xmin": 200, "ymin": 378, "ymax": 490, "xmax": 394}}, {"tid": 2, "generated": 0, "bbox": {"xmin": 319, "ymin": 409, "ymax": 515, "xmax": 441}}, {"tid": 3, "generated": 0, "bbox": {"xmin": 379, "ymin": 461, "ymax": 566, "xmax": 513}}, {"tid": 4, "generated": 0, "bbox": {"xmin": 406, "ymin": 509, "ymax": 598, "xmax": 544}}], [{"tid": 0, "generated": 0, "bbox": {"xmin": 84, "ymin": 353, "ymax": 471, "xmax": 210}}, {"tid": 1, "generated": 0, "bbox": {"xmin": 200, "ymin": 378, "ymax": 490, "xmax": 394}}, {"tid": 2, "generated": 0, "bbox": {"xmin": 319, "ymin": 409, "ymax": 515, "xmax": 441}}, {"tid": 3, "generated": 0, "bbox": {"xmin": 379, "ymin": 461, "ymax": 565, "xmax": 513}}, {"tid": 4, "generated": 0, "bbox": {"xmin": 406, "ymin": 509, "ymax": 598, "xmax": 544}}], [{"tid": 0, "generated": 0, "bbox": {"xmin": 85, "ymin": 354, "ymax": 472, "xmax": 210}}, {"tid": 1, "generated": 0, "bbox": {"xmin": 200, "ymin": 378, "ymax": 490, "xmax": 394}}, {"tid": 2, "generated": 0, "bbox": {"xmin": 319, "ymin": 409, "ymax": 515, "xmax": 441}}, {"tid": 3, "generated": 0, "bbox": {"xmin": 380, "ymin": 462, "ymax": 565, "xmax": 513}}, {"tid": 4, "generated": 0, "bbox": {"xmin": 406, "ymin": 509, "ymax": 597, "xmax": 544}}], [{"tid": 0, "generated": 0, "bbox": {"xmin": 85, "ymin": 354, "ymax": 472, "xmax": 210}}, {"tid": 1, "generated": 0, "bbox": {"xmin": 200, "ymin": 378, "ymax": 490, "xmax": 394}}, {"tid": 2, "generated": 0, "bbox": {"xmin": 319, "ymin": 409, "ymax": 515, "xmax": 441}}, {"tid": 3, "generated": 0, "bbox": {"xmin": 380, "ymin": 462, "ymax": 564, "xmax": 513}}, {"tid": 4, "generated": 0, "bbox": {"xmin": 405, "ymin": 509, "ymax": 597, "xmax": 544}}], [{"tid": 0, "generated": 0, "bbox": {"xmin": 85, "ymin": 354, "ymax": 472, "xmax": 210}}, {"tid": 1, "generated": 0, "bbox": {"xmin": 200, "ymin": 378, "ymax": 490, "xmax": 394}}, {"tid": 2, "generated": 0, "bbox": {"xmin": 319, "ymin": 409, "ymax": 515, "xmax": 441}}, {"tid": 3, "generated": 0, "bbox": {"xmin": 380, "ymin": 462, "ymax": 564, "xmax": 513}}, {"tid": 4, "generated": 0, "bbox": {"xmin": 405, "ymin": 509, "ymax": 596, "xmax": 544}}], [{"tid": 0, "generated": 0, "bbox": {"xmin": 85, "ymin": 354, "ymax": 472, "xmax": 210}}, {"tid": 1, "generated": 0, "bbox": {"xmin": 200, "ymin": 378, "ymax": 490, "xmax": 394}}, {"tid": 2, "generated": 0, "bbox": {"xmin": 319, "ymin": 409, "ymax": 515, "xmax": 441}}, {"tid": 3, "generated": 0, "bbox": {"xmin": 380, "ymin": 462, "ymax": 563, "xmax": 513}}, {"tid": 4, "generated": 0, "bbox": {"xmin": 405, "ymin": 509, "ymax": 596, "xmax": 544}}], [{"tid": 0, "generated": 0, "bbox": {"xmin": 85, "ymin": 354, "ymax": 472, "xmax": 210}}, {"tid": 1, "generated": 0, "bbox": {"xmin": 200, "ymin": 378, "ymax": 490, "xmax": 394}}, {"tid": 2, "generated": 0, "bbox": {"xmin": 318, "ymin": 409, "ymax": 515, "xmax": 441}}, {"tid": 3, "generated": 0, "bbox": {"xmin": 380, "ymin": 462, "ymax": 563, "xmax": 513}}, {"tid": 4, "generated": 0, "bbox": {"xmin": 405, "ymin": 509, "ymax": 596, "xmax": 544}}], [{"tid": 0, "generated": 0, "bbox": {"xmin": 85, "ymin": 354, "ymax": 472, "xmax": 210}}, {"tid": 1, "generated": 0, "bbox": {"xmin": 200, "ymin": 378, "ymax": 490, "xmax": 394}}, {"tid": 2, "generated": 0, "bbox": {"xmin": 318, "ymin": 409, "ymax": 515, "xmax": 441}}, {"tid": 3, "generated": 0, "bbox": {"xmin": 380, "ymin": 463, "ymax": 562, "xmax": 513}}, {"tid": 4, "generated": 0, "bbox": {"xmin": 405, "ymin": 509, "ymax": 595, "xmax": 544}}], [{"tid": 0, "generated": 0, "bbox": {"xmin": 85, "ymin": 354, "ymax": 472, "xmax": 210}}, {"tid": 1, "generated": 0, "bbox": {"xmin": 200, "ymin": 378, "ymax": 490, "xmax": 394}}, {"tid": 2, "generated": 0, "bbox": {"xmin": 318, "ymin": 409, "ymax": 515, "xmax": 441}}, {"tid": 3, "generated": 0, "bbox": {"xmin": 380, "ymin": 463, "ymax": 562, "xmax": 513}}, {"tid": 4, "generated": 0, "bbox": {"xmin": 405, "ymin": 509, "ymax": 595, "xmax": 544}}], [{"tid": 0, "generated": 0, "bbox": {"xmin": 85, "ymin": 354, "ymax": 472, "xmax": 210}}, {"tid": 1, "generated": 0, "bbox": {"xmin": 200, "ymin": 378, "ymax": 490, "xmax": 394}}, {"tid": 2, "generated": 0, "bbox": {"xmin": 318, "ymin": 409, "ymax": 515, "xmax": 441}}, {"tid": 3, "generated": 0, "bbox": {"xmin": 380, "ymin": 463, "ymax": 561, "xmax": 513}}, {"tid": 4, "generated": 0, "bbox": {"xmin": 405, "ymin": 509, "ymax": 595, "xmax": 544}}], [{"tid": 0, "generated": 0, "bbox": {"xmin": 85, "ymin": 354, "ymax": 472, "xmax": 210}}, {"tid": 1, "generated": 0, "bbox": {"xmin": 200, "ymin": 378, "ymax": 490, "xmax": 394}}, {"tid": 2, "generated": 0, "bbox": {"xmin": 318, "ymin": 409, "ymax": 515, "xmax": 441}}, {"tid": 3, "generated": 0, "bbox": {"xmin": 380, "ymin": 463, "ymax": 561, "xmax": 513}}, {"tid": 4, "generated": 0, "bbox": {"xmin": 405, "ymin": 509, "ymax": 594, "xmax": 544}}], [{"tid": 0, "generated": 0, "bbox": {"xmin": 85, "ymin": 354, "ymax": 472, "xmax": 210}}, {"tid": 1, "generated": 0, "bbox": {"xmin": 200, "ymin": 378, "ymax": 490, "xmax": 394}}, {"tid": 2, "generated": 0, "bbox": {"xmin": 318, "ymin": 409, "ymax": 514, "xmax": 441}}, {"tid": 3, "generated": 0, "bbox": {"xmin": 380, "ymin": 463, "ymax": 560, "xmax": 513}}, {"tid": 4, "generated": 0, "bbox": {"xmin": 405, "ymin": 509, "ymax": 594, "xmax": 544}}]], "subject/objects": [{"category": "sheep", "tid": 0}, {"category": "sheep", "tid": 1}, {"category": "sheep", "tid": 2}, {"category": "sheep", "tid": 3}, {"category": "sheep", "tid": 4}], "relation_instances": [{"end_fid": 30, "subject_tid": 0, "predicate": "stand_next_to", "begin_fid": 0, "object_tid": 1}, {"end_fid": 30, "subject_tid": 0, "predicate": "stand_left", "begin_fid": 0, "object_tid": 1}, {"end_fid": 30, "subject_tid": 1, "predicate": "stand_next_to", "begin_fid": 0, "object_tid": 0}, {"end_fid": 30, "subject_tid": 1, "predicate": "stand_right", "begin_fid": 0, "object_tid": 0}, {"end_fid": 30, "subject_tid": 0, "predicate": "stand_left", "begin_fid": 0, "object_tid": 2}, {"end_fid": 30, "subject_tid": 2, "predicate": "stand_right", "begin_fid": 0, "object_tid": 0}, {"end_fid": 30, "subject_tid": 0, "predicate": "stand_above", "begin_fid": 0, "object_tid": 3}, {"end_fid": 30, "subject_tid": 0, "predicate": "stand_left", "begin_fid": 0, "object_tid": 3}, {"end_fid": 30, "subject_tid": 3, "predicate": "stand_beneath", "begin_fid": 0, "object_tid": 0}, {"end_fid": 30, "subject_tid": 3, "predicate": "stand_right", "begin_fid": 0, "object_tid": 0}, {"end_fid": 30, "subject_tid": 0, "predicate": "stand_above", "begin_fid": 0, "object_tid": 4}, {"end_fid": 30, "subject_tid": 0, "predicate": "stand_left", "begin_fid": 0, "object_tid": 4}, {"end_fid": 30, "subject_tid": 4, "predicate": "stand_beneath", "begin_fid": 0, "object_tid": 0}, {"end_fid": 30, "subject_tid": 4, "predicate": "stand_right", "begin_fid": 0, "object_tid": 0}, {"end_fid": 30, "subject_tid": 1, "predicate": "stand_next_to", "begin_fid": 0, "object_tid": 2}, {"end_fid": 30, "subject_tid": 1, "predicate": "stand_front", "begin_fid": 0, "object_tid": 2}, {"end_fid": 30, "subject_tid": 2, "predicate": "stand_next_to", "begin_fid": 0, "object_tid": 1}, {"end_fid": 30, "subject_tid": 2, "predicate": "stand_behind", "begin_fid": 0, "object_tid": 1}, {"end_fid": 30, "subject_tid": 1, "predicate": "stand_next_to", "begin_fid": 0, "object_tid": 3}, {"end_fid": 30, "subject_tid": 1, "predicate": "stand_above", "begin_fid": 0, "object_tid": 3}, {"end_fid": 30, "subject_tid": 1, "predicate": "stand_left", "begin_fid": 0, "object_tid": 3}, {"end_fid": 30, "subject_tid": 3, "predicate": "stand_next_to", "begin_fid": 0, "object_tid": 1}, {"end_fid": 30, "subject_tid": 3, "predicate": "stand_beneath", "begin_fid": 0, "object_tid": 1}, {"end_fid": 30, "subject_tid": 3, "predicate": "stand_right", "begin_fid": 0, "object_tid": 1}, {"end_fid": 30, "subject_tid": 1, "predicate": "stand_above", "begin_fid": 0, "object_tid": 4}, {"end_fid": 30, "subject_tid": 1, "predicate": "stand_left", "begin_fid": 0, "object_tid": 4}, {"end_fid": 30, "subject_tid": 4, "predicate": "stand_beneath", "begin_fid": 0, "object_tid": 1}, {"end_fid": 30, "subject_tid": 4, "predicate": "stand_right", "begin_fid": 0, "object_tid": 1}, {"end_fid": 30, "subject_tid": 2, "predicate": "stand_next_to", "begin_fid": 0, "object_tid": 3}, {"end_fid": 30, "subject_tid": 2, "predicate": "stand_above", "begin_fid": 0, "object_tid": 3}, {"end_fid": 30, "subject_tid": 2, "predicate": "stand_left", "begin_fid": 0, "object_tid": 3}, {"end_fid": 30, "subject_tid": 3, "predicate": "stand_next_to", "begin_fid": 0, "object_tid": 2}, {"end_fid": 30, "subject_tid": 3, "predicate": "stand_beneath", "begin_fid": 0, "object_tid": 2}, {"end_fid": 30, "subject_tid": 3, "predicate": "stand_right", "begin_fid": 0, "object_tid": 2}, {"end_fid": 30, "subject_tid": 2, "predicate": "stand_above", "begin_fid": 0, "object_tid": 4}, {"end_fid": 30, "subject_tid": 2, "predicate": "stand_left", "begin_fid": 0, "object_tid": 4}, {"end_fid": 30, "subject_tid": 4, "predicate": "stand_beneath", "begin_fid": 0, "object_tid": 2}, {"end_fid": 30, "subject_tid": 4, "predicate": "stand_right", "begin_fid": 0, "object_tid": 2}, {"end_fid": 30, "subject_tid": 3, "predicate": "stand_next_to", "begin_fid": 0, "object_tid": 4}, {"end_fid": 30, "subject_tid": 3, "predicate": "stand_front", "begin_fid": 0, "object_tid": 4}, {"end_fid": 30, "subject_tid": 4, "predicate": "stand_next_to", "begin_fid": 0, "object_tid": 3}, {"end_fid": 30, "subject_tid": 4, "predicate": "stand_behind", "begin_fid": 0, "object_tid": 3}], "height": 1080}