{"width": 1920, "frame_count": 212, "video_id": "ILSVRC2015_train_00125006", "fps": 25, "trajectories": [[{"tid": 0, "generated": 0, "bbox": {"xmin": 936, "ymin": 800, "ymax": 949, "xmax": 1141}}, {"tid": 1, "generated": 0, "bbox": {"xmin": 1514, "ymin": 541, "ymax": 712, "xmax": 1730}}], [{"tid": 0, "generated": 0, "bbox": {"xmin": 932, "ymin": 800, "ymax": 947, "xmax": 1135}}, {"tid": 1, "generated": 0, "bbox": {"xmin": 1511, "ymin": 543, "ymax": 714, "xmax": 1727}}], [{"tid": 0, "generated": 0, "bbox": {"xmin": 928, "ymin": 800, "ymax": 946, "xmax": 1130}}, {"tid": 1, "generated": 0, "bbox": {"xmin": 1509, "ymin": 545, "ymax": 716, "xmax": 1725}}], [{"tid": 0, "generated": 0, "bbox": {"xmin": 924, "ymin": 800, "ymax": 945, "xmax": 1125}}, {"tid": 1, "generated": 0, "bbox": {"xmin": 1506, "ymin": 547, "ymax": 718, "xmax": 1722}}], [{"tid": 0, "generated": 0, "bbox": {"xmin": 920, "ymin": 800, "ymax": 943, "xmax": 1119}}, {"tid": 1, "generated": 0, "bbox": {"xmin": 1504, "ymin": 549, "ymax": 720, "xmax": 1720}}], [{"tid": 0, "generated": 0, "bbox": {"xmin": 917, "ymin": 800, "ymax": 942, "xmax": 1114}}, {"tid": 1, "generated": 0, "bbox": {"xmin": 1502, "ymin": 551, "ymax": 722, "xmax": 1718}}], [{"tid": 0, "generated": 0, "bbox": {"xmin": 913, "ymin": 800, "ymax": 941, "xmax": 1109}}, {"tid": 1, "generated": 0, "bbox": {"xmin": 1499, "ymin": 553, "ymax": 724, "xmax": 1715}}], [{"tid": 0, "generated": 0, "bbox": {"xmin": 909, "ymin": 800, "ymax": 939, "xmax": 1103}}, {"tid": 1, "generated": 0, "bbox": {"xmin": 1497, "ymin": 555, "ymax": 726, "xmax": 1713}}], [{"tid": 0, "generated": 0, "bbox": {"xmin": 905, "ymin": 800, "ymax": 938, "xmax": 1098}}, {"tid": 1, "generated": 0, "bbox": {"xmin": 1494, "ymin": 557, "ymax": 728, "xmax": 1710}}], [{"tid": 0, "generated": 0, "bbox": {"xmin": 901, "ymin": 800, "ymax": 937, "xmax": 1093}}, {"tid": 1, "generated": 0, "bbox": {"xmin": 1492, "ymin": 559, "ymax": 730, "xmax": 1708}}], [{"tid": 0, "generated": 0, "bbox": {"xmin": 898, "ymin": 800, "ymax": 936, "xmax": 1088}}, {"tid": 1, "generated": 0, "bbox": {"xmin": 1490, "ymin": 562, "ymax": 733, "xmax": 1706}}], [{"tid": 0, "generated": 0, "bbox": {"xmin": 896, "ymin": 800, "ymax": 936, "xmax": 1086}}, {"tid": 1, "generated": 0, "bbox": {"xmin": 1487, "ymin": 563, "ymax": 733, "xmax": 1703}}], [{"tid": 0, "generated": 0, "bbox": {"xmin": 894, "ymin": 800, "ymax": 936, "xmax": 1084}}, {"tid": 1, "generated": 0, "bbox": {"xmin": 1485, "ymin": 564, "ymax": 734, "xmax": 1701}}], [{"tid": 0, "generated": 0, "bbox": {"xmin": 893, "ymin": 800, "ymax": 936, "xmax": 1083}}, {"tid": 1, "generated": 0, "bbox": {"xmin": 1482, "ymin": 566, "ymax": 735, "xmax": 1698}}], [{"tid": 0, "generated": 0, "bbox": {"xmin": 891, "ymin": 800, "ymax": 936, "xmax": 1081}}, {"tid": 1, "generated": 0, "bbox": {"xmin": 1480, "ymin": 567, "ymax": 736, "xmax": 1696}}], [{"tid": 0, "generated": 0, "bbox": {"xmin": 890, "ymin": 801, "ymax": 937, "xmax": 1080}}, {"tid": 1, "generated": 0, "bbox": {"xmin": 1478, "ymin": 569, "ymax": 737, "xmax": 1694}}], [{"tid": 0, "generated": 0, "bbox": {"xmin": 888, "ymin": 801, "ymax": 937, "xmax": 1078}}, {"tid": 1, "generated": 0, "bbox": {"xmin": 1475, "ymin": 570, "ymax": 737, "xmax": 1691}}], [{"tid": 0, "generated": 0, "bbox": {"xmin": 886, "ymin": 801, "ymax": 937, "xmax": 1076}}, {"tid": 1, "generated": 0, "bbox": {"xmin": 1473, "ymin": 571, "ymax": 738, "xmax": 1689}}], [{"tid": 0, "generated": 0, "bbox": {"xmin": 885, "ymin": 801, "ymax": 937, "xmax": 1075}}, {"tid": 1, "generated": 0, "bbox": {"xmin": 1470, "ymin": 573, "ymax": 739, "xmax": 1686}}], [{"tid": 0, "generated": 0, "bbox": {"xmin": 883, "ymin": 801, "ymax": 937, "xmax": 1073}}, {"tid": 1, "generated": 0, "bbox": {"xmin": 1468, "ymin": 574, "ymax": 740, "xmax": 1684}}], [{"tid": 0, "generated": 0, "bbox": {"xmin": 882, "ymin": 802, "ymax": 938, "xmax": 1072}}, {"tid": 1, "generated": 0, "bbox": {"xmin": 1466, "ymin": 576, "ymax": 741, "xmax": 1682}}], [{"tid": 0, "generated": 0, "bbox": {"xmin": 880, "ymin": 801, "ymax": 937, "xmax": 1071}}, {"tid": 1, "generated": 0, "bbox": {"xmin": 1464, "ymin": 577, "ymax": 742, "xmax": 1680}}], [{"tid": 0, "generated": 0, "bbox": {"xmin": 879, "ymin": 801, "ymax": 937, "xmax": 1070}}, {"tid": 1, "generated": 0, "bbox": {"xmin": 1462, "ymin": 579, "ymax": 743, "xmax": 1678}}], [{"tid": 0, "generated": 0, "bbox": {"xmin": 878, "ymin": 801, "ymax": 936, "xmax": 1069}}, {"tid": 1, "generated": 0, "bbox": {"xmin": 1460, "ymin": 580, "ymax": 744, "xmax": 1676}}], [{"tid": 0, "generated": 0, "bbox": {"xmin": 876, "ymin": 801, "ymax": 936, "xmax": 1068}}, {"tid": 1, "generated": 0, "bbox": {"xmin": 1458, "ymin": 582, "ymax": 745, "xmax": 1674}}], [{"tid": 0, "generated": 0, "bbox": {"xmin": 875, "ymin": 801, "ymax": 935, "xmax": 1068}}, {"tid": 1, "generated": 0, "bbox": {"xmin": 1457, "ymin": 584, "ymax": 746, "xmax": 1673}}], [{"tid": 0, "generated": 0, "bbox": {"xmin": 874, "ymin": 800, "ymax": 935, "xmax": 1067}}, {"tid": 1, "generated": 0, "bbox": {"xmin": 1455, "ymin": 585, "ymax": 747, "xmax": 1671}}], [{"tid": 0, "generated": 0, "bbox": {"xmin": 872, "ymin": 800, "ymax": 934, "xmax": 1066}}, {"tid": 1, "generated": 0, "bbox": {"xmin": 1453, "ymin": 587, "ymax": 748, "xmax": 1669}}], [{"tid": 0, "generated": 0, "bbox": {"xmin": 871, "ymin": 800, "ymax": 934, "xmax": 1065}}, {"tid": 1, "generated": 0, "bbox": {"xmin": 1451, "ymin": 588, "ymax": 749, "xmax": 1667}}], [{"tid": 0, "generated": 0, "bbox": {"xmin": 870, "ymin": 800, "ymax": 933, "xmax": 1064}}, {"tid": 1, "generated": 0, "bbox": {"xmin": 1449, "ymin": 590, "ymax": 750, "xmax": 1665}}], [], [], [], [], [], [], [], [], [], [], [], [], [], [], [], [{"tid": 0, "generated": 0, "bbox": {"xmin": 873, "ymin": 797, "ymax": 933, "xmax": 1042}}, {"tid": 1, "generated": 0, "bbox": {"xmin": 1395, "ymin": 644, "ymax": 845, "xmax": 1611}}], [{"tid": 0, "generated": 0, "bbox": {"xmin": 872, "ymin": 797, "ymax": 933, "xmax": 1042}}, {"tid": 1, "generated": 0, "bbox": {"xmin": 1388, "ymin": 651, "ymax": 850, "xmax": 1604}}], [{"tid": 0, "generated": 0, "bbox": {"xmin": 872, "ymin": 797, "ymax": 933, "xmax": 1041}}, {"tid": 1, "generated": 0, "bbox": {"xmin": 1381, "ymin": 658, "ymax": 856, "xmax": 1597}}], [{"tid": 0, "generated": 0, "bbox": {"xmin": 872, "ymin": 797, "ymax": 933, "xmax": 1041}}, {"tid": 1, "generated": 0, "bbox": {"xmin": 1373, "ymin": 670, "ymax": 860, "xmax": 1589}}], [{"tid": 0, "generated": 0, "bbox": {"xmin": 872, "ymin": 797, "ymax": 933, "xmax": 1040}}, {"tid": 1, "generated": 0, "bbox": {"xmin": 1365, "ymin": 683, "ymax": 864, "xmax": 1581}}], [{"tid": 0, "generated": 0, "bbox": {"xmin": 872, "ymin": 797, "ymax": 933, "xmax": 1040}}, {"tid": 1, "generated": 0, "bbox": {"xmin": 1357, "ymin": 696, "ymax": 869, "xmax": 1573}}], [{"tid": 0, "generated": 0, "bbox": {"xmin": 873, "ymin": 797, "ymax": 932, "xmax": 1040}}, {"tid": 1, "generated": 0, "bbox": {"xmin": 1351, "ymin": 700, "ymax": 874, "xmax": 1567}}], [{"tid": 0, "generated": 0, "bbox": {"xmin": 875, "ymin": 798, "ymax": 932, "xmax": 1040}}, {"tid": 1, "generated": 0, "bbox": {"xmin": 1346, "ymin": 704, "ymax": 879, "xmax": 1562}}], [{"tid": 0, "generated": 0, "bbox": {"xmin": 877, "ymin": 798, "ymax": 931, "xmax": 1040}}, {"tid": 1, "generated": 0, "bbox": {"xmin": 1341, "ymin": 709, "ymax": 885, "xmax": 1557}}], [{"tid": 0, "generated": 0, "bbox": {"xmin": 878, "ymin": 799, "ymax": 931, "xmax": 1040}}, {"tid": 1, "generated": 0, "bbox": {"xmin": 1331, "ymin": 715, "ymax": 886, "xmax": 1556}}], [{"tid": 0, "generated": 0, "bbox": {"xmin": 880, "ymin": 799, "ymax": 930, "xmax": 1040}}, {"tid": 1, "generated": 0, "bbox": {"xmin": 1321, "ymin": 721, "ymax": 887, "xmax": 1555}}], [{"tid": 0, "generated": 0, "bbox": {"xmin": 882, "ymin": 800, "ymax": 930, "xmax": 1040}}, {"tid": 1, "generated": 0, "bbox": {"xmin": 1312, "ymin": 728, "ymax": 888, "xmax": 1554}}], [{"tid": 0, "generated": 0, "bbox": {"xmin": 881, "ymin": 800, "ymax": 930, "xmax": 1038}}, {"tid": 1, "generated": 0, "bbox": {"xmin": 1305, "ymin": 731, "ymax": 894, "xmax": 1544}}], [{"tid": 0, "generated": 0, "bbox": {"xmin": 880, "ymin": 801, "ymax": 930, "xmax": 1037}}, {"tid": 1, "generated": 0, "bbox": {"xmin": 1298, "ymin": 734, "ymax": 901, "xmax": 1535}}], [{"tid": 0, "generated": 0, "bbox": {"xmin": 879, "ymin": 801, "ymax": 930, "xmax": 1035}}, {"tid": 1, "generated": 0, "bbox": {"xmin": 1291, "ymin": 737, "ymax": 907, "xmax": 1526}}], [{"tid": 0, "generated": 0, "bbox": {"xmin": 878, "ymin": 802, "ymax": 931, "xmax": 1034}}, {"tid": 1, "generated": 0, "bbox": {"xmin": 1285, "ymin": 741, "ymax": 914, "xmax": 1517}}], [{"tid": 0, "generated": 0, "bbox": {"xmin": 877, "ymin": 802, "ymax": 931, "xmax": 1033}}, {"tid": 1, "generated": 0, "bbox": {"xmin": 1274, "ymin": 749, "ymax": 916, "xmax": 1503}}], [{"tid": 0, "generated": 0, "bbox": {"xmin": 876, "ymin": 803, "ymax": 931, "xmax": 1031}}, {"tid": 1, "generated": 0, "bbox": {"xmin": 1263, "ymin": 757, "ymax": 919, "xmax": 1490}}], [{"tid": 0, "generated": 0, "bbox": {"xmin": 875, "ymin": 803, "ymax": 932, "xmax": 1030}}, {"tid": 1, "generated": 0, "bbox": {"xmin": 1253, "ymin": 765, "ymax": 922, "xmax": 1477}}], [{"tid": 0, "generated": 0, "bbox": {"xmin": 874, "ymin": 804, "ymax": 932, "xmax": 1028}}, {"tid": 1, "generated": 0, "bbox": {"xmin": 1248, "ymin": 766, "ymax": 924, "xmax": 1471}}], [{"tid": 0, "generated": 0, "bbox": {"xmin": 873, "ymin": 804, "ymax": 932, "xmax": 1027}}, {"tid": 1, "generated": 0, "bbox": {"xmin": 1244, "ymin": 768, "ymax": 926, "xmax": 1466}}], [{"tid": 0, "generated": 0, "bbox": {"xmin": 872, "ymin": 805, "ymax": 933, "xmax": 1026}}, {"tid": 1, "generated": 0, "bbox": {"xmin": 1240, "ymin": 770, "ymax": 928, "xmax": 1461}}], [{"tid": 0, "generated": 0, "bbox": {"xmin": 876, "ymin": 805, "ymax": 933, "xmax": 1030}}, {"tid": 1, "generated": 0, "bbox": {"xmin": 1229, "ymin": 773, "ymax": 929, "xmax": 1449}}], [{"tid": 0, "generated": 0, "bbox": {"xmin": 880, "ymin": 805, "ymax": 933, "xmax": 1035}}, {"tid": 1, "generated": 0, "bbox": {"xmin": 1218, "ymin": 777, "ymax": 931, "xmax": 1437}}], [{"tid": 0, "generated": 0, "bbox": {"xmin": 885, "ymin": 805, "ymax": 933, "xmax": 1040}}, {"tid": 1, "generated": 0, "bbox": {"xmin": 1208, "ymin": 781, "ymax": 933, "xmax": 1426}}], [{"tid": 0, "generated": 0, "bbox": {"xmin": 882, "ymin": 807, "ymax": 934, "xmax": 1037}}, {"tid": 1, "generated": 0, "bbox": {"xmin": 1202, "ymin": 783, "ymax": 931, "xmax": 1420}}], [{"tid": 0, "generated": 0, "bbox": {"xmin": 879, "ymin": 810, "ymax": 935, "xmax": 1034}}, {"tid": 1, "generated": 0, "bbox": {"xmin": 1197, "ymin": 786, "ymax": 929, "xmax": 1415}}], [{"tid": 0, "generated": 0, "bbox": {"xmin": 877, "ymin": 813, "ymax": 936, "xmax": 1032}}, {"tid": 1, "generated": 0, "bbox": {"xmin": 1192, "ymin": 789, "ymax": 928, "xmax": 1410}}], [{"tid": 0, "generated": 0, "bbox": {"xmin": 878, "ymin": 813, "ymax": 935, "xmax": 1031}}, {"tid": 1, "generated": 0, "bbox": {"xmin": 1188, "ymin": 789, "ymax": 926, "xmax": 1401}}], [{"tid": 0, "generated": 0, "bbox": {"xmin": 879, "ymin": 813, "ymax": 934, "xmax": 1030}}, {"tid": 1, "generated": 0, "bbox": {"xmin": 1184, "ymin": 789, "ymax": 924, "xmax": 1392}}], [], [], [], [], [], [], [], [], [], [], [], [], [], [], [], [], [], [], [], [], [], [], [], [], [], [], [], [], [], [], [{"tid": 0, "generated": 0, "bbox": {"xmin": 869, "ymin": 815, "ymax": 943, "xmax": 1038}}, {"tid": 1, "generated": 0, "bbox": {"xmin": 1086, "ymin": 801, "ymax": 935, "xmax": 1289}}], [{"tid": 0, "generated": 0, "bbox": {"xmin": 869, "ymin": 816, "ymax": 944, "xmax": 1040}}, {"tid": 1, "generated": 0, "bbox": {"xmin": 1085, "ymin": 802, "ymax": 936, "xmax": 1288}}], [{"tid": 0, "generated": 0, "bbox": {"xmin": 868, "ymin": 817, "ymax": 942, "xmax": 1034}}, {"tid": 1, "generated": 0, "bbox": {"xmin": 1083, "ymin": 801, "ymax": 934, "xmax": 1283}}], [{"tid": 0, "generated": 0, "bbox": {"xmin": 867, "ymin": 818, "ymax": 941, "xmax": 1029}}, {"tid": 1, "generated": 0, "bbox": {"xmin": 1081, "ymin": 801, "ymax": 933, "xmax": 1279}}], [{"tid": 0, "generated": 0, "bbox": {"xmin": 866, "ymin": 819, "ymax": 940, "xmax": 1023}}, {"tid": 1, "generated": 0, "bbox": {"xmin": 1080, "ymin": 800, "ymax": 932, "xmax": 1274}}], [{"tid": 0, "generated": 0, "bbox": {"xmin": 865, "ymin": 820, "ymax": 939, "xmax": 1018}}, {"tid": 1, "generated": 0, "bbox": {"xmin": 1078, "ymin": 800, "ymax": 931, "xmax": 1270}}], [{"tid": 0, "generated": 0, "bbox": {"xmin": 864, "ymin": 821, "ymax": 938, "xmax": 1013}}, {"tid": 1, "generated": 0, "bbox": {"xmin": 1077, "ymin": 800, "ymax": 930, "xmax": 1266}}], [{"tid": 0, "generated": 0, "bbox": {"xmin": 863, "ymin": 821, "ymax": 938, "xmax": 1013}}, {"tid": 1, "generated": 0, "bbox": {"xmin": 1074, "ymin": 800, "ymax": 930, "xmax": 1264}}], [{"tid": 0, "generated": 0, "bbox": {"xmin": 862, "ymin": 821, "ymax": 938, "xmax": 1013}}, {"tid": 1, "generated": 0, "bbox": {"xmin": 1072, "ymin": 800, "ymax": 931, "xmax": 1262}}], [{"tid": 0, "generated": 0, "bbox": {"xmin": 862, "ymin": 821, "ymax": 938, "xmax": 1013}}, {"tid": 1, "generated": 0, "bbox": {"xmin": 1070, "ymin": 800, "ymax": 931, "xmax": 1260}}], [{"tid": 0, "generated": 0, "bbox": {"xmin": 861, "ymin": 821, "ymax": 938, "xmax": 1013}}, {"tid": 1, "generated": 0, "bbox": {"xmin": 1068, "ymin": 800, "ymax": 932, "xmax": 1258}}], [{"tid": 0, "generated": 0, "bbox": {"xmin": 861, "ymin": 821, "ymax": 938, "xmax": 1013}}, {"tid": 1, "generated": 0, "bbox": {"xmin": 1066, "ymin": 800, "ymax": 933, "xmax": 1256}}], [{"tid": 0, "generated": 0, "bbox": {"xmin": 860, "ymin": 821, "ymax": 938, "xmax": 1013}}, {"tid": 1, "generated": 0, "bbox": {"xmin": 1065, "ymin": 800, "ymax": 933, "xmax": 1252}}], [{"tid": 0, "generated": 0, "bbox": {"xmin": 859, "ymin": 821, "ymax": 938, "xmax": 1013}}, {"tid": 1, "generated": 0, "bbox": {"xmin": 1064, "ymin": 800, "ymax": 933, "xmax": 1249}}], [{"tid": 0, "generated": 0, "bbox": {"xmin": 859, "ymin": 821, "ymax": 938, "xmax": 1013}}, {"tid": 1, "generated": 0, "bbox": {"xmin": 1063, "ymin": 801, "ymax": 933, "xmax": 1246}}], [{"tid": 0, "generated": 0, "bbox": {"xmin": 858, "ymin": 821, "ymax": 938, "xmax": 1013}}, {"tid": 1, "generated": 0, "bbox": {"xmin": 1062, "ymin": 801, "ymax": 933, "xmax": 1243}}], [{"tid": 0, "generated": 0, "bbox": {"xmin": 858, "ymin": 821, "ymax": 938, "xmax": 1013}}, {"tid": 1, "generated": 0, "bbox": {"xmin": 1061, "ymin": 802, "ymax": 933, "xmax": 1240}}], [{"tid": 0, "generated": 0, "bbox": {"xmin": 856, "ymin": 821, "ymax": 938, "xmax": 1011}}, {"tid": 1, "generated": 0, "bbox": {"xmin": 1058, "ymin": 802, "ymax": 933, "xmax": 1236}}], [{"tid": 0, "generated": 0, "bbox": {"xmin": 855, "ymin": 821, "ymax": 938, "xmax": 1010}}, {"tid": 1, "generated": 0, "bbox": {"xmin": 1055, "ymin": 802, "ymax": 933, "xmax": 1232}}], [{"tid": 0, "generated": 0, "bbox": {"xmin": 854, "ymin": 821, "ymax": 938, "xmax": 1009}}, {"tid": 1, "generated": 0, "bbox": {"xmin": 1052, "ymin": 802, "ymax": 933, "xmax": 1228}}], [{"tid": 0, "generated": 0, "bbox": {"xmin": 852, "ymin": 822, "ymax": 939, "xmax": 1008}}, {"tid": 1, "generated": 0, "bbox": {"xmin": 1050, "ymin": 803, "ymax": 933, "xmax": 1224}}], [{"tid": 0, "generated": 0, "bbox": {"xmin": 851, "ymin": 822, "ymax": 939, "xmax": 1007}}, {"tid": 1, "generated": 0, "bbox": {"xmin": 1047, "ymin": 803, "ymax": 933, "xmax": 1221}}], [{"tid": 0, "generated": 0, "bbox": {"xmin": 850, "ymin": 822, "ymax": 939, "xmax": 1006}}, {"tid": 1, "generated": 0, "bbox": {"xmin": 1044, "ymin": 803, "ymax": 933, "xmax": 1217}}], [{"tid": 0, "generated": 0, "bbox": {"xmin": 848, "ymin": 823, "ymax": 940, "xmax": 1005}}, {"tid": 1, "generated": 0, "bbox": {"xmin": 1042, "ymin": 804, "ymax": 933, "xmax": 1213}}], [{"tid": 0, "generated": 0, "bbox": {"xmin": 847, "ymin": 823, "ymax": 940, "xmax": 1004}}, {"tid": 1, "generated": 0, "bbox": {"xmin": 1039, "ymin": 804, "ymax": 933, "xmax": 1209}}], [{"tid": 0, "generated": 0, "bbox": {"xmin": 846, "ymin": 823, "ymax": 940, "xmax": 1003}}, {"tid": 1, "generated": 0, "bbox": {"xmin": 1036, "ymin": 804, "ymax": 933, "xmax": 1205}}], [{"tid": 0, "generated": 0, "bbox": {"xmin": 845, "ymin": 824, "ymax": 941, "xmax": 1002}}, {"tid": 1, "generated": 0, "bbox": {"xmin": 1034, "ymin": 805, "ymax": 933, "xmax": 1202}}], [{"tid": 0, "generated": 0, "bbox": {"xmin": 844, "ymin": 824, "ymax": 941, "xmax": 1001}}, {"tid": 1, "generated": 0, "bbox": {"xmin": 1033, "ymin": 805, "ymax": 933, "xmax": 1201}}], [{"tid": 0, "generated": 0, "bbox": {"xmin": 844, "ymin": 824, "ymax": 941, "xmax": 1001}}, {"tid": 1, "generated": 0, "bbox": {"xmin": 1033, "ymin": 805, "ymax": 933, "xmax": 1201}}], [{"tid": 0, "generated": 0, "bbox": {"xmin": 844, "ymin": 824, "ymax": 941, "xmax": 1001}}, {"tid": 1, "generated": 0, "bbox": {"xmin": 1033, "ymin": 805, "ymax": 933, "xmax": 1201}}]], "subject/objects": [{"category": "sheep", "tid": 0}, {"category": "sheep", "tid": 1}], "relation_instances": [{"end_fid": 30, "subject_tid": 0, "predicate": "walk_beneath", "begin_fid": 0, "object_tid": 1}, {"end_fid": 30, "subject_tid": 0, "predicate": "walk_left", "begin_fid": 0, "object_tid": 1}, {"end_fid": 30, "subject_tid": 1, "predicate": "walk_right", "begin_fid": 0, "object_tid": 0}, {"end_fid": 30, "subject_tid": 1, "predicate": "walk_above", "begin_fid": 0, "object_tid": 0}, {"end_fid": 30, "subject_tid": 1, "predicate": "follow", "begin_fid": 0, "object_tid": 0}, {"end_fid": 75, "subject_tid": 0, "predicate": "walk_left", "begin_fid": 45, "object_tid": 1}, {"end_fid": 75, "subject_tid": 1, "predicate": "run_right", "begin_fid": 45, "object_tid": 0}, {"end_fid": 75, "subject_tid": 1, "predicate": "chase", "begin_fid": 45, "object_tid": 0}, {"end_fid": 135, "subject_tid": 0, "predicate": "walk_left", "begin_fid": 105, "object_tid": 1}, {"end_fid": 135, "subject_tid": 1, "predicate": "walk_right", "begin_fid": 105, "object_tid": 0}, {"end_fid": 135, "subject_tid": 1, "predicate": "follow", "begin_fid": 105, "object_tid": 0}], "height": 1080}