{"width": 640, "frame_count": 48, "video_id": "ILSVRC2015_train_00897011", "fps": 25, "trajectories": [[{"tid": 0, "generated": 0, "bbox": {"xmin": 158, "ymin": 128, "ymax": 288, "xmax": 333}}, {"tid": 1, "generated": 0, "bbox": {"xmin": 72, "ymin": 138, "ymax": 228, "xmax": 170}}, {"tid": 2, "generated": 0, "bbox": {"xmin": 157, "ymin": 152, "ymax": 177, "xmax": 184}}], [{"tid": 0, "generated": 0, "bbox": {"xmin": 158, "ymin": 128, "ymax": 288, "xmax": 336}}, {"tid": 1, "generated": 0, "bbox": {"xmin": 70, "ymin": 138, "ymax": 225, "xmax": 173}}, {"tid": 2, "generated": 0, "bbox": {"xmin": 160, "ymin": 151, "ymax": 181, "xmax": 184}}], [{"tid": 0, "generated": 0, "bbox": {"xmin": 159, "ymin": 128, "ymax": 288, "xmax": 340}}, {"tid": 1, "generated": 0, "bbox": {"xmin": 71, "ymin": 141, "ymax": 228, "xmax": 174}}, {"tid": 2, "generated": 0, "bbox": {"xmin": 159, "ymin": 150, "ymax": 181, "xmax": 184}}], [{"tid": 0, "generated": 0, "bbox": {"xmin": 160, "ymin": 128, "ymax": 288, "xmax": 344}}, {"tid": 1, "generated": 0, "bbox": {"xmin": 70, "ymin": 141, "ymax": 227, "xmax": 173}}, {"tid": 2, "generated": 0, "bbox": {"xmin": 158, "ymin": 149, "ymax": 181, "xmax": 184}}], [{"tid": 0, "generated": 0, "bbox": {"xmin": 161, "ymin": 128, "ymax": 288, "xmax": 348}}, {"tid": 1, "generated": 0, "bbox": {"xmin": 70, "ymin": 141, "ymax": 227, "xmax": 173}}, {"tid": 2, "generated": 0, "bbox": {"xmin": 157, "ymin": 149, "ymax": 181, "xmax": 185}}], [{"tid": 0, "generated": 0, "bbox": {"xmin": 162, "ymin": 128, "ymax": 288, "xmax": 352}}, {"tid": 1, "generated": 0, "bbox": {"xmin": 70, "ymin": 141, "ymax": 227, "xmax": 172}}, {"tid": 2, "generated": 0, "bbox": {"xmin": 157, "ymin": 149, "ymax": 181, "xmax": 186}}], [{"tid": 0, "generated": 0, "bbox": {"xmin": 163, "ymin": 128, "ymax": 288, "xmax": 356}}, {"tid": 1, "generated": 0, "bbox": {"xmin": 70, "ymin": 141, "ymax": 227, "xmax": 172}}, {"tid": 2, "generated": 0, "bbox": {"xmin": 156, "ymin": 149, "ymax": 181, "xmax": 187}}], [{"tid": 0, "generated": 0, "bbox": {"xmin": 165, "ymin": 128, "ymax": 289, "xmax": 360}}, {"tid": 1, "generated": 0, "bbox": {"xmin": 70, "ymin": 141, "ymax": 226, "xmax": 171}}, {"tid": 2, "generated": 0, "bbox": {"xmin": 156, "ymin": 149, "ymax": 181, "xmax": 189}}], [{"tid": 0, "generated": 0, "bbox": {"xmin": 166, "ymin": 127, "ymax": 290, "xmax": 364}}, {"tid": 1, "generated": 0, "bbox": {"xmin": 70, "ymin": 141, "ymax": 226, "xmax": 171}}, {"tid": 2, "generated": 0, "bbox": {"xmin": 154, "ymin": 150, "ymax": 181, "xmax": 190}}], [{"tid": 0, "generated": 0, "bbox": {"xmin": 167, "ymin": 126, "ymax": 292, "xmax": 369}}, {"tid": 1, "generated": 0, "bbox": {"xmin": 70, "ymin": 141, "ymax": 226, "xmax": 170}}, {"tid": 2, "generated": 0, "bbox": {"xmin": 153, "ymin": 152, "ymax": 181, "xmax": 192}}], [{"tid": 0, "generated": 0, "bbox": {"xmin": 168, "ymin": 126, "ymax": 294, "xmax": 375}}, {"tid": 1, "generated": 0, "bbox": {"xmin": 70, "ymin": 141, "ymax": 226, "xmax": 170}}, {"tid": 2, "generated": 0, "bbox": {"xmin": 153, "ymin": 152, "ymax": 181, "xmax": 192}}], [{"tid": 0, "generated": 0, "bbox": {"xmin": 170, "ymin": 125, "ymax": 296, "xmax": 380}}, {"tid": 1, "generated": 0, "bbox": {"xmin": 68, "ymin": 140, "ymax": 225, "xmax": 172}}, {"tid": 2, "generated": 0, "bbox": {"xmin": 153, "ymin": 151, "ymax": 181, "xmax": 196}}], [{"tid": 0, "generated": 0, "bbox": {"xmin": 173, "ymin": 125, "ymax": 298, "xmax": 386}}, {"tid": 1, "generated": 0, "bbox": {"xmin": 67, "ymin": 140, "ymax": 224, "xmax": 175}}, {"tid": 2, "generated": 0, "bbox": {"xmin": 153, "ymin": 150, "ymax": 182, "xmax": 197}}], [{"tid": 0, "generated": 0, "bbox": {"xmin": 176, "ymin": 125, "ymax": 301, "xmax": 392}}, {"tid": 1, "generated": 0, "bbox": {"xmin": 66, "ymin": 140, "ymax": 224, "xmax": 178}}, {"tid": 2, "generated": 0, "bbox": {"xmin": 153, "ymin": 149, "ymax": 191, "xmax": 199}}], [{"tid": 0, "generated": 0, "bbox": {"xmin": 174, "ymin": 126, "ymax": 304, "xmax": 393}}, {"tid": 1, "generated": 0, "bbox": {"xmin": 65, "ymin": 138, "ymax": 225, "xmax": 176}}, {"tid": 2, "generated": 0, "bbox": {"xmin": 153, "ymin": 149, "ymax": 192, "xmax": 200}}], [{"tid": 0, "generated": 0, "bbox": {"xmin": 177, "ymin": 125, "ymax": 303, "xmax": 400}}, {"tid": 1, "generated": 0, "bbox": {"xmin": 64, "ymin": 138, "ymax": 224, "xmax": 175}}, {"tid": 2, "generated": 0, "bbox": {"xmin": 153, "ymin": 149, "ymax": 197, "xmax": 200}}], [{"tid": 0, "generated": 0, "bbox": {"xmin": 180, "ymin": 124, "ymax": 303, "xmax": 408}}, {"tid": 1, "generated": 0, "bbox": {"xmin": 64, "ymin": 138, "ymax": 224, "xmax": 175}}, {"tid": 2, "generated": 0, "bbox": {"xmin": 153, "ymin": 149, "ymax": 203, "xmax": 200}}], [{"tid": 0, "generated": 0, "bbox": {"xmin": 183, "ymin": 123, "ymax": 303, "xmax": 415}}, {"tid": 1, "generated": 0, "bbox": {"xmin": 63, "ymin": 138, "ymax": 224, "xmax": 175}}, {"tid": 2, "generated": 0, "bbox": {"xmin": 153, "ymin": 149, "ymax": 209, "xmax": 201}}], [{"tid": 0, "generated": 0, "bbox": {"xmin": 186, "ymin": 122, "ymax": 303, "xmax": 423}}, {"tid": 1, "generated": 0, "bbox": {"xmin": 63, "ymin": 138, "ymax": 224, "xmax": 174}}, {"tid": 2, "generated": 0, "bbox": {"xmin": 153, "ymin": 149, "ymax": 215, "xmax": 201}}], [{"tid": 0, "generated": 0, "bbox": {"xmin": 189, "ymin": 121, "ymax": 303, "xmax": 430}}, {"tid": 1, "generated": 0, "bbox": {"xmin": 62, "ymin": 138, "ymax": 224, "xmax": 174}}, {"tid": 2, "generated": 0, "bbox": {"xmin": 153, "ymin": 150, "ymax": 221, "xmax": 202}}], [{"tid": 0, "generated": 0, "bbox": {"xmin": 192, "ymin": 120, "ymax": 303, "xmax": 438}}, {"tid": 1, "generated": 0, "bbox": {"xmin": 62, "ymin": 138, "ymax": 224, "xmax": 174}}, {"tid": 2, "generated": 0, "bbox": {"xmin": 153, "ymin": 151, "ymax": 222, "xmax": 205}}], [{"tid": 0, "generated": 0, "bbox": {"xmin": 196, "ymin": 119, "ymax": 304, "xmax": 446}}, {"tid": 1, "generated": 0, "bbox": {"xmin": 60, "ymin": 137, "ymax": 224, "xmax": 172}}, {"tid": 2, "generated": 0, "bbox": {"xmin": 151, "ymin": 150, "ymax": 221, "xmax": 209}}], [{"tid": 0, "generated": 0, "bbox": {"xmin": 200, "ymin": 119, "ymax": 306, "xmax": 455}}, {"tid": 1, "generated": 0, "bbox": {"xmin": 57, "ymin": 137, "ymax": 224, "xmax": 169}}, {"tid": 2, "generated": 0, "bbox": {"xmin": 149, "ymin": 150, "ymax": 220, "xmax": 213}}], [{"tid": 0, "generated": 0, "bbox": {"xmin": 204, "ymin": 118, "ymax": 308, "xmax": 463}}, {"tid": 1, "generated": 0, "bbox": {"xmin": 56, "ymin": 137, "ymax": 224, "xmax": 168}}, {"tid": 2, "generated": 0, "bbox": {"xmin": 147, "ymin": 149, "ymax": 219, "xmax": 217}}], [{"tid": 0, "generated": 0, "bbox": {"xmin": 208, "ymin": 117, "ymax": 310, "xmax": 472}}, {"tid": 1, "generated": 0, "bbox": {"xmin": 56, "ymin": 137, "ymax": 224, "xmax": 168}}, {"tid": 2, "generated": 0, "bbox": {"xmin": 145, "ymin": 149, "ymax": 218, "xmax": 221}}], [{"tid": 0, "generated": 0, "bbox": {"xmin": 212, "ymin": 116, "ymax": 312, "xmax": 481}}, {"tid": 1, "generated": 0, "bbox": {"xmin": 54, "ymin": 137, "ymax": 224, "xmax": 166}}, {"tid": 2, "generated": 0, "bbox": {"xmin": 144, "ymin": 149, "ymax": 218, "xmax": 225}}], [{"tid": 0, "generated": 0, "bbox": {"xmin": 217, "ymin": 115, "ymax": 314, "xmax": 490}}, {"tid": 1, "generated": 0, "bbox": {"xmin": 52, "ymin": 137, "ymax": 224, "xmax": 164}}, {"tid": 2, "generated": 0, "bbox": {"xmin": 142, "ymin": 148, "ymax": 216, "xmax": 229}}], [{"tid": 0, "generated": 0, "bbox": {"xmin": 221, "ymin": 114, "ymax": 316, "xmax": 499}}, {"tid": 1, "generated": 0, "bbox": {"xmin": 50, "ymin": 137, "ymax": 224, "xmax": 162}}, {"tid": 2, "generated": 0, "bbox": {"xmin": 140, "ymin": 146, "ymax": 216, "xmax": 233}}], [{"tid": 0, "generated": 0, "bbox": {"xmin": 225, "ymin": 113, "ymax": 318, "xmax": 508}}, {"tid": 1, "generated": 0, "bbox": {"xmin": 48, "ymin": 137, "ymax": 224, "xmax": 160}}, {"tid": 2, "generated": 0, "bbox": {"xmin": 137, "ymin": 146, "ymax": 216, "xmax": 234}}], [{"tid": 0, "generated": 0, "bbox": {"xmin": 229, "ymin": 112, "ymax": 320, "xmax": 517}}, {"tid": 1, "generated": 0, "bbox": {"xmin": 48, "ymin": 137, "ymax": 224, "xmax": 160}}, {"tid": 2, "generated": 0, "bbox": {"xmin": 136, "ymin": 146, "ymax": 216, "xmax": 237}}]], "subject/objects": [{"category": "car", "tid": 0}, {"category": "car", "tid": 1}, {"category": "car", "tid": 2}], "relation_instances": [{"end_fid": 30, "subject_tid": 0, "predicate": "move_right", "begin_fid": 0, "object_tid": 1}, {"end_fid": 30, "subject_tid": 0, "predicate": "move_front", "begin_fid": 0, "object_tid": 1}, {"end_fid": 30, "subject_tid": 0, "predicate": "move_away", "begin_fid": 0, "object_tid": 1}, {"end_fid": 30, "subject_tid": 1, "predicate": "stop_behind", "begin_fid": 0, "object_tid": 0}, {"end_fid": 30, "subject_tid": 1, "predicate": "stop_left", "begin_fid": 0, "object_tid": 0}, {"end_fid": 30, "subject_tid": 0, "predicate": "move_right", "begin_fid": 0, "object_tid": 2}, {"end_fid": 30, "subject_tid": 0, "predicate": "move_front", "begin_fid": 0, "object_tid": 2}, {"end_fid": 30, "subject_tid": 0, "predicate": "move_away", "begin_fid": 0, "object_tid": 2}, {"end_fid": 30, "subject_tid": 2, "predicate": "stop_behind", "begin_fid": 0, "object_tid": 0}, {"end_fid": 30, "subject_tid": 2, "predicate": "stop_left", "begin_fid": 0, "object_tid": 0}, {"end_fid": 30, "subject_tid": 1, "predicate": "stop_front", "begin_fid": 0, "object_tid": 2}, {"end_fid": 30, "subject_tid": 1, "predicate": "stop_left", "begin_fid": 0, "object_tid": 2}, {"end_fid": 30, "subject_tid": 2, "predicate": "stop_behind", "begin_fid": 0, "object_tid": 1}, {"end_fid": 30, "subject_tid": 2, "predicate": "stop_right", "begin_fid": 0, "object_tid": 1}], "height": 360}