{"width": 1280, "frame_count": 93, "video_id": "ILSVRC2015_train_00124003", "fps": 30, "trajectories": [[{"tid": 1, "generated": 0, "bbox": {"xmin": 570, "ymin": 236, "ymax": 325, "xmax": 728}}, {"tid": 2, "generated": 0, "bbox": {"xmin": 586, "ymin": 252, "ymax": 366, "xmax": 824}}], [{"tid": 1, "generated": 0, "bbox": {"xmin": 559, "ymin": 235, "ymax": 324, "xmax": 717}}, {"tid": 2, "generated": 0, "bbox": {"xmin": 579, "ymin": 250, "ymax": 363, "xmax": 819}}], [{"tid": 1, "generated": 0, "bbox": {"xmin": 548, "ymin": 235, "ymax": 324, "xmax": 706}}, {"tid": 2, "generated": 0, "bbox": {"xmin": 572, "ymin": 249, "ymax": 361, "xmax": 815}}], [{"tid": 1, "generated": 0, "bbox": {"xmin": 537, "ymin": 234, "ymax": 323, "xmax": 695}}, {"tid": 2, "generated": 0, "bbox": {"xmin": 566, "ymin": 248, "ymax": 359, "xmax": 811}}], [{"tid": 1, "generated": 0, "bbox": {"xmin": 526, "ymin": 234, "ymax": 323, "xmax": 684}}, {"tid": 2, "generated": 0, "bbox": {"xmin": 559, "ymin": 247, "ymax": 357, "xmax": 807}}], [{"tid": 1, "generated": 0, "bbox": {"xmin": 515, "ymin": 234, "ymax": 323, "xmax": 674}}, {"tid": 2, "generated": 0, "bbox": {"xmin": 553, "ymin": 246, "ymax": 355, "xmax": 803}}], [{"tid": 1, "generated": 0, "bbox": {"xmin": 504, "ymin": 233, "ymax": 322, "xmax": 663}}, {"tid": 2, "generated": 0, "bbox": {"xmin": 546, "ymin": 244, "ymax": 352, "xmax": 798}}], [{"tid": 1, "generated": 0, "bbox": {"xmin": 493, "ymin": 233, "ymax": 322, "xmax": 652}}, {"tid": 2, "generated": 0, "bbox": {"xmin": 539, "ymin": 243, "ymax": 350, "xmax": 794}}], [{"tid": 1, "generated": 0, "bbox": {"xmin": 482, "ymin": 232, "ymax": 321, "xmax": 641}}, {"tid": 2, "generated": 0, "bbox": {"xmin": 533, "ymin": 242, "ymax": 348, "xmax": 790}}], [{"tid": 1, "generated": 0, "bbox": {"xmin": 471, "ymin": 232, "ymax": 321, "xmax": 630}}, {"tid": 2, "generated": 0, "bbox": {"xmin": 526, "ymin": 241, "ymax": 346, "xmax": 786}}], [{"tid": 1, "generated": 0, "bbox": {"xmin": 460, "ymin": 232, "ymax": 321, "xmax": 620}}, {"tid": 2, "generated": 0, "bbox": {"xmin": 520, "ymin": 240, "ymax": 344, "xmax": 782}}], [{"tid": 1, "generated": 0, "bbox": {"xmin": 447, "ymin": 232, "ymax": 320, "xmax": 606}}, {"tid": 2, "generated": 0, "bbox": {"xmin": 510, "ymin": 239, "ymax": 342, "xmax": 771}}], [{"tid": 1, "generated": 0, "bbox": {"xmin": 435, "ymin": 232, "ymax": 320, "xmax": 593}}, {"tid": 2, "generated": 0, "bbox": {"xmin": 501, "ymin": 239, "ymax": 340, "xmax": 760}}], [{"tid": 1, "generated": 0, "bbox": {"xmin": 423, "ymin": 232, "ymax": 319, "xmax": 580}}, {"tid": 2, "generated": 0, "bbox": {"xmin": 492, "ymin": 239, "ymax": 338, "xmax": 749}}], [{"tid": 1, "generated": 0, "bbox": {"xmin": 411, "ymin": 232, "ymax": 319, "xmax": 567}}, {"tid": 2, "generated": 0, "bbox": {"xmin": 483, "ymin": 239, "ymax": 336, "xmax": 739}}], [{"tid": 1, "generated": 0, "bbox": {"xmin": 399, "ymin": 233, "ymax": 318, "xmax": 554}}, {"tid": 2, "generated": 0, "bbox": {"xmin": 474, "ymin": 239, "ymax": 334, "xmax": 728}}, {"tid": 3, "generated": 0, "bbox": {"xmin": 227, "ymin": 357, "ymax": 522, "xmax": 499}}], [{"tid": 1, "generated": 0, "bbox": {"xmin": 387, "ymin": 233, "ymax": 318, "xmax": 540}}, {"tid": 2, "generated": 0, "bbox": {"xmin": 464, "ymin": 238, "ymax": 332, "xmax": 717}}, {"tid": 3, "generated": 0, "bbox": {"xmin": 263, "ymin": 353, "ymax": 517, "xmax": 520}}], [{"tid": 1, "generated": 0, "bbox": {"xmin": 375, "ymin": 233, "ymax": 317, "xmax": 527}}, {"tid": 2, "generated": 0, "bbox": {"xmin": 455, "ymin": 238, "ymax": 330, "xmax": 707}}, {"tid": 3, "generated": 0, "bbox": {"xmin": 299, "ymin": 349, "ymax": 513, "xmax": 542}}], [{"tid": 1, "generated": 0, "bbox": {"xmin": 363, "ymin": 233, "ymax": 317, "xmax": 514}}, {"tid": 2, "generated": 0, "bbox": {"xmin": 446, "ymin": 238, "ymax": 328, "xmax": 696}}, {"tid": 3, "generated": 0, "bbox": {"xmin": 335, "ymin": 346, "ymax": 509, "xmax": 564}}], [{"tid": 1, "generated": 0, "bbox": {"xmin": 351, "ymin": 233, "ymax": 316, "xmax": 501}}, {"tid": 2, "generated": 0, "bbox": {"xmin": 437, "ymin": 238, "ymax": 326, "xmax": 685}}, {"tid": 3, "generated": 0, "bbox": {"xmin": 371, "ymin": 342, "ymax": 505, "xmax": 586}}], [{"tid": 1, "generated": 0, "bbox": {"xmin": 339, "ymin": 234, "ymax": 316, "xmax": 488}}, {"tid": 2, "generated": 0, "bbox": {"xmin": 428, "ymin": 238, "ymax": 325, "xmax": 675}}, {"tid": 3, "generated": 0, "bbox": {"xmin": 408, "ymin": 339, "ymax": 501, "xmax": 608}}], [{"tid": 1, "generated": 0, "bbox": {"xmin": 326, "ymin": 233, "ymax": 315, "xmax": 474}}, {"tid": 2, "generated": 0, "bbox": {"xmin": 416, "ymin": 238, "ymax": 325, "xmax": 662}}, {"tid": 3, "generated": 0, "bbox": {"xmin": 432, "ymin": 335, "ymax": 496, "xmax": 632}}], [{"tid": 1, "generated": 0, "bbox": {"xmin": 313, "ymin": 233, "ymax": 315, "xmax": 461}}, {"tid": 2, "generated": 0, "bbox": {"xmin": 404, "ymin": 238, "ymax": 325, "xmax": 650}}, {"tid": 3, "generated": 0, "bbox": {"xmin": 457, "ymin": 331, "ymax": 492, "xmax": 656}}], [{"tid": 1, "generated": 0, "bbox": {"xmin": 300, "ymin": 233, "ymax": 314, "xmax": 448}}, {"tid": 2, "generated": 0, "bbox": {"xmin": 392, "ymin": 238, "ymax": 325, "xmax": 638}}, {"tid": 3, "generated": 0, "bbox": {"xmin": 481, "ymin": 328, "ymax": 488, "xmax": 681}}], [{"tid": 1, "generated": 0, "bbox": {"xmin": 287, "ymin": 232, "ymax": 314, "xmax": 435}}, {"tid": 2, "generated": 0, "bbox": {"xmin": 381, "ymin": 238, "ymax": 325, "xmax": 625}}, {"tid": 3, "generated": 0, "bbox": {"xmin": 506, "ymin": 324, "ymax": 484, "xmax": 705}}], [{"tid": 1, "generated": 0, "bbox": {"xmin": 274, "ymin": 232, "ymax": 314, "xmax": 422}}, {"tid": 2, "generated": 0, "bbox": {"xmin": 369, "ymin": 238, "ymax": 325, "xmax": 613}}, {"tid": 3, "generated": 0, "bbox": {"xmin": 531, "ymin": 321, "ymax": 480, "xmax": 730}}], [{"tid": 1, "generated": 0, "bbox": {"xmin": 261, "ymin": 232, "ymax": 313, "xmax": 409}}, {"tid": 2, "generated": 0, "bbox": {"xmin": 357, "ymin": 238, "ymax": 325, "xmax": 601}}, {"tid": 3, "generated": 0, "bbox": {"xmin": 543, "ymin": 317, "ymax": 474, "xmax": 745}}], [{"tid": 1, "generated": 0, "bbox": {"xmin": 248, "ymin": 231, "ymax": 313, "xmax": 396}}, {"tid": 2, "generated": 0, "bbox": {"xmin": 346, "ymin": 238, "ymax": 325, "xmax": 588}}, {"tid": 3, "generated": 0, "bbox": {"xmin": 556, "ymin": 313, "ymax": 468, "xmax": 760}}], [{"tid": 1, "generated": 0, "bbox": {"xmin": 235, "ymin": 231, "ymax": 312, "xmax": 383}}, {"tid": 2, "generated": 0, "bbox": {"xmin": 334, "ymin": 238, "ymax": 325, "xmax": 576}}, {"tid": 3, "generated": 0, "bbox": {"xmin": 569, "ymin": 309, "ymax": 462, "xmax": 775}}], [{"tid": 1, "generated": 0, "bbox": {"xmin": 222, "ymin": 231, "ymax": 312, "xmax": 370}}, {"tid": 2, "generated": 0, "bbox": {"xmin": 322, "ymin": 238, "ymax": 325, "xmax": 564}}, {"tid": 3, "generated": 0, "bbox": {"xmin": 582, "ymin": 305, "ymax": 456, "xmax": 790}}], [{"tid": 2, "generated": 0, "bbox": {"xmin": 311, "ymin": 238, "ymax": 325, "xmax": 552}}, {"tid": 3, "generated": 0, "bbox": {"xmin": 595, "ymin": 302, "ymax": 451, "xmax": 805}}], [{"tid": 2, "generated": 0, "bbox": {"xmin": 297, "ymin": 238, "ymax": 325, "xmax": 536}}, {"tid": 3, "generated": 0, "bbox": {"xmin": 601, "ymin": 298, "ymax": 445, "xmax": 821}}], [{"tid": 2, "generated": 0, "bbox": {"xmin": 284, "ymin": 238, "ymax": 325, "xmax": 521}}, {"tid": 3, "generated": 0, "bbox": {"xmin": 607, "ymin": 294, "ymax": 440, "xmax": 838}}], [{"tid": 2, "generated": 0, "bbox": {"xmin": 270, "ymin": 238, "ymax": 325, "xmax": 505}}, {"tid": 3, "generated": 0, "bbox": {"xmin": 613, "ymin": 291, "ymax": 435, "xmax": 855}}], [{"tid": 2, "generated": 0, "bbox": {"xmin": 257, "ymin": 238, "ymax": 325, "xmax": 490}}, {"tid": 3, "generated": 0, "bbox": {"xmin": 616, "ymin": 288, "ymax": 431, "xmax": 862}}], [{"tid": 2, "generated": 0, "bbox": {"xmin": 245, "ymin": 237, "ymax": 324, "xmax": 475}}, {"tid": 3, "generated": 0, "bbox": {"xmin": 620, "ymin": 286, "ymax": 427, "xmax": 869}}], [{"tid": 2, "generated": 0, "bbox": {"xmin": 233, "ymin": 237, "ymax": 324, "xmax": 460}}, {"tid": 3, "generated": 0, "bbox": {"xmin": 624, "ymin": 284, "ymax": 424, "xmax": 876}}], [{"tid": 2, "generated": 0, "bbox": {"xmin": 222, "ymin": 236, "ymax": 323, "xmax": 445}}, {"tid": 3, "generated": 0, "bbox": {"xmin": 628, "ymin": 282, "ymax": 420, "xmax": 883}}], [{"tid": 2, "generated": 0, "bbox": {"xmin": 210, "ymin": 236, "ymax": 323, "xmax": 430}}, {"tid": 3, "generated": 0, "bbox": {"xmin": 632, "ymin": 280, "ymax": 417, "xmax": 890}}], [{"tid": 2, "generated": 0, "bbox": {"xmin": 199, "ymin": 236, "ymax": 323, "xmax": 416}}, {"tid": 3, "generated": 0, "bbox": {"xmin": 631, "ymin": 278, "ymax": 412, "xmax": 887}}], [{"tid": 2, "generated": 0, "bbox": {"xmin": 190, "ymin": 237, "ymax": 322, "xmax": 400}}, {"tid": 3, "generated": 0, "bbox": {"xmin": 631, "ymin": 276, "ymax": 407, "xmax": 884}}], [{"tid": 2, "generated": 0, "bbox": {"xmin": 181, "ymin": 239, "ymax": 322, "xmax": 384}}, {"tid": 3, "generated": 0, "bbox": {"xmin": 630, "ymin": 275, "ymax": 402, "xmax": 882}}], [{"tid": 2, "generated": 0, "bbox": {"xmin": 172, "ymin": 241, "ymax": 321, "xmax": 368}}, {"tid": 3, "generated": 0, "bbox": {"xmin": 630, "ymin": 273, "ymax": 397, "xmax": 879}}], [{"tid": 2, "generated": 0, "bbox": {"xmin": 163, "ymin": 243, "ymax": 321, "xmax": 352}}, {"tid": 3, "generated": 0, "bbox": {"xmin": 629, "ymin": 271, "ymax": 392, "xmax": 876}}], [{"tid": 2, "generated": 0, "bbox": {"xmin": 154, "ymin": 245, "ymax": 321, "xmax": 336}}, {"tid": 3, "generated": 0, "bbox": {"xmin": 629, "ymin": 270, "ymax": 387, "xmax": 874}}]], "subject/objects": [{"category": "car", "tid": 1}, {"category": "car", "tid": 2}, {"category": "car", "tid": 3}], "relation_instances": [{"end_fid": 30, "subject_tid": 1, "predicate": "move_front", "begin_fid": 0, "object_tid": 2}, {"end_fid": 30, "subject_tid": 2, "predicate": "move_behind", "begin_fid": 0, "object_tid": 1}, {"end_fid": 30, "subject_tid": 2, "predicate": "chase", "begin_fid": 0, "object_tid": 1}, {"end_fid": 45, "subject_tid": 2, "predicate": "move_front", "begin_fid": 15, "object_tid": 3}, {"end_fid": 45, "subject_tid": 3, "predicate": "move_behind", "begin_fid": 15, "object_tid": 2}, {"end_fid": 45, "subject_tid": 3, "predicate": "chase", "begin_fid": 15, "object_tid": 2}], "height": 720}