{"width": 1280, "frame_count": 425, "video_id": "ILSVRC2015_train_00044005", "fps": 25, "trajectories": [[{"tid": 0, "generated": 0, "bbox": {"xmin": 705, "ymin": 426, "ymax": 577, "xmax": 1098}}, {"tid": 1, "generated": 0, "bbox": {"xmin": 316, "ymin": 236, "ymax": 574, "xmax": 632}}], [{"tid": 0, "generated": 0, "bbox": {"xmin": 718, "ymin": 430, "ymax": 581, "xmax": 1111}}, {"tid": 1, "generated": 0, "bbox": {"xmin": 327, "ymin": 240, "ymax": 579, "xmax": 670}}], [{"tid": 0, "generated": 0, "bbox": {"xmin": 731, "ymin": 435, "ymax": 586, "xmax": 1124}}, {"tid": 1, "generated": 0, "bbox": {"xmin": 337, "ymin": 243, "ymax": 577, "xmax": 695}}], [{"tid": 0, "generated": 0, "bbox": {"xmin": 744, "ymin": 439, "ymax": 590, "xmax": 1137}}, {"tid": 1, "generated": 0, "bbox": {"xmin": 348, "ymin": 247, "ymax": 579, "xmax": 723}}], [{"tid": 0, "generated": 0, "bbox": {"xmin": 757, "ymin": 444, "ymax": 595, "xmax": 1150}}, {"tid": 1, "generated": 0, "bbox": {"xmin": 358, "ymin": 250, "ymax": 581, "xmax": 742}}], [{"tid": 0, "generated": 0, "bbox": {"xmin": 771, "ymin": 448, "ymax": 599, "xmax": 1164}}, {"tid": 1, "generated": 0, "bbox": {"xmin": 369, "ymin": 254, "ymax": 584, "xmax": 762}}], [{"tid": 0, "generated": 0, "bbox": {"xmin": 784, "ymin": 453, "ymax": 604, "xmax": 1177}}, {"tid": 1, "generated": 0, "bbox": {"xmin": 380, "ymin": 257, "ymax": 587, "xmax": 774}}], [{"tid": 0, "generated": 0, "bbox": {"xmin": 797, "ymin": 457, "ymax": 608, "xmax": 1190}}, {"tid": 1, "generated": 0, "bbox": {"xmin": 391, "ymin": 261, "ymax": 590, "xmax": 787}}], [{"tid": 0, "generated": 0, "bbox": {"xmin": 810, "ymin": 462, "ymax": 613, "xmax": 1203}}, {"tid": 1, "generated": 0, "bbox": {"xmin": 403, "ymin": 266, "ymax": 597, "xmax": 787}}], [{"tid": 0, "generated": 0, "bbox": {"xmin": 823, "ymin": 466, "ymax": 617, "xmax": 1216}}, {"tid": 1, "generated": 0, "bbox": {"xmin": 414, "ymin": 270, "ymax": 603, "xmax": 790}}], [{"tid": 0, "generated": 0, "bbox": {"xmin": 837, "ymin": 471, "ymax": 622, "xmax": 1230}}, {"tid": 1, "generated": 0, "bbox": {"xmin": 426, "ymin": 275, "ymax": 609, "xmax": 794}}], [{"tid": 0, "generated": 0, "bbox": {"xmin": 847, "ymin": 474, "ymax": 625, "xmax": 1243}}, {"tid": 1, "generated": 0, "bbox": {"xmin": 437, "ymin": 278, "ymax": 611, "xmax": 803}}], [{"tid": 0, "generated": 0, "bbox": {"xmin": 858, "ymin": 477, "ymax": 628, "xmax": 1257}}, {"tid": 1, "generated": 0, "bbox": {"xmin": 448, "ymin": 281, "ymax": 614, "xmax": 812}}], [{"tid": 0, "generated": 0, "bbox": {"xmin": 869, "ymin": 480, "ymax": 631, "xmax": 1271}}, {"tid": 1, "generated": 0, "bbox": {"xmin": 459, "ymin": 284, "ymax": 617, "xmax": 821}}], [{"tid": 0, "generated": 0, "bbox": {"xmin": 880, "ymin": 483, "ymax": 629, "xmax": 1278}}, {"tid": 1, "generated": 0, "bbox": {"xmin": 471, "ymin": 288, "ymax": 620, "xmax": 830}}], [{"tid": 0, "generated": 0, "bbox": {"xmin": 892, "ymin": 487, "ymax": 632, "xmax": 1278}}, {"tid": 1, "generated": 0, "bbox": {"xmin": 483, "ymin": 291, "ymax": 623, "xmax": 838}}, {"tid": 2, "generated": 0, "bbox": {"xmin": 0, "ymin": 28, "ymax": 266, "xmax": 254}}], [{"tid": 0, "generated": 0, "bbox": {"xmin": 905, "ymin": 490, "ymax": 636, "xmax": 1278}}, {"tid": 1, "generated": 0, "bbox": {"xmin": 496, "ymin": 294, "ymax": 626, "xmax": 847}}, {"tid": 2, "generated": 0, "bbox": {"xmin": 0, "ymin": 32, "ymax": 275, "xmax": 263}}], [{"tid": 0, "generated": 0, "bbox": {"xmin": 919, "ymin": 494, "ymax": 640, "xmax": 1278}}, {"tid": 1, "generated": 0, "bbox": {"xmin": 509, "ymin": 297, "ymax": 630, "xmax": 855}}, {"tid": 2, "generated": 0, "bbox": {"xmin": 0, "ymin": 37, "ymax": 284, "xmax": 273}}], [{"tid": 0, "generated": 0, "bbox": {"xmin": 931, "ymin": 497, "ymax": 643, "xmax": 1278}}, {"tid": 1, "generated": 0, "bbox": {"xmin": 521, "ymin": 300, "ymax": 633, "xmax": 864}}, {"tid": 2, "generated": 0, "bbox": {"xmin": 0, "ymin": 41, "ymax": 287, "xmax": 283}}], [{"tid": 0, "generated": 0, "bbox": {"xmin": 945, "ymin": 501, "ymax": 647, "xmax": 1278}}, {"tid": 1, "generated": 0, "bbox": {"xmin": 534, "ymin": 303, "ymax": 636, "xmax": 872}}, {"tid": 2, "generated": 0, "bbox": {"xmin": 0, "ymin": 46, "ymax": 291, "xmax": 293}}], [{"tid": 0, "generated": 0, "bbox": {"xmin": 960, "ymin": 504, "ymax": 652, "xmax": 1278}}, {"tid": 1, "generated": 0, "bbox": {"xmin": 547, "ymin": 307, "ymax": 640, "xmax": 881}}, {"tid": 2, "generated": 0, "bbox": {"xmin": 0, "ymin": 51, "ymax": 295, "xmax": 304}}], [{"tid": 0, "generated": 0, "bbox": {"xmin": 967, "ymin": 503, "ymax": 648, "xmax": 1278}}, {"tid": 1, "generated": 0, "bbox": {"xmin": 555, "ymin": 308, "ymax": 640, "xmax": 886}}, {"tid": 2, "generated": 0, "bbox": {"xmin": 0, "ymin": 53, "ymax": 297, "xmax": 310}}], [{"tid": 0, "generated": 0, "bbox": {"xmin": 976, "ymin": 504, "ymax": 654, "xmax": 1278}}, {"tid": 1, "generated": 0, "bbox": {"xmin": 563, "ymin": 310, "ymax": 640, "xmax": 891}}, {"tid": 2, "generated": 0, "bbox": {"xmin": 0, "ymin": 56, "ymax": 300, "xmax": 316}}], [{"tid": 0, "generated": 0, "bbox": {"xmin": 984, "ymin": 503, "ymax": 656, "xmax": 1278}}, {"tid": 1, "generated": 0, "bbox": {"xmin": 572, "ymin": 312, "ymax": 641, "xmax": 897}}, {"tid": 2, "generated": 0, "bbox": {"xmin": 0, "ymin": 58, "ymax": 303, "xmax": 322}}], [{"tid": 0, "generated": 0, "bbox": {"xmin": 993, "ymin": 503, "ymax": 657, "xmax": 1278}}, {"tid": 1, "generated": 0, "bbox": {"xmin": 580, "ymin": 314, "ymax": 641, "xmax": 902}}, {"tid": 2, "generated": 0, "bbox": {"xmin": 0, "ymin": 61, "ymax": 306, "xmax": 328}}], [{"tid": 0, "generated": 0, "bbox": {"xmin": 1002, "ymin": 503, "ymax": 659, "xmax": 1278}}, {"tid": 1, "generated": 0, "bbox": {"xmin": 589, "ymin": 316, "ymax": 642, "xmax": 908}}, {"tid": 2, "generated": 0, "bbox": {"xmin": 0, "ymin": 63, "ymax": 309, "xmax": 335}}], [{"tid": 0, "generated": 0, "bbox": {"xmin": 1008, "ymin": 501, "ymax": 659, "xmax": 1278}}, {"tid": 1, "generated": 0, "bbox": {"xmin": 597, "ymin": 318, "ymax": 642, "xmax": 913}}, {"tid": 2, "generated": 0, "bbox": {"xmin": 0, "ymin": 66, "ymax": 312, "xmax": 341}}], [{"tid": 0, "generated": 0, "bbox": {"xmin": 1013, "ymin": 501, "ymax": 659, "xmax": 1278}}, {"tid": 1, "generated": 0, "bbox": {"xmin": 606, "ymin": 320, "ymax": 643, "xmax": 919}}, {"tid": 2, "generated": 0, "bbox": {"xmin": 0, "ymin": 68, "ymax": 315, "xmax": 347}}], [{"tid": 0, "generated": 0, "bbox": {"xmin": 1018, "ymin": 501, "ymax": 659, "xmax": 1278}}, {"tid": 1, "generated": 0, "bbox": {"xmin": 611, "ymin": 320, "ymax": 643, "xmax": 933}}, {"tid": 2, "generated": 0, "bbox": {"xmin": 0, "ymin": 71, "ymax": 318, "xmax": 353}}], [{"tid": 0, "generated": 0, "bbox": {"xmin": 1024, "ymin": 501, "ymax": 659, "xmax": 1276}}, {"tid": 1, "generated": 0, "bbox": {"xmin": 617, "ymin": 320, "ymax": 646, "xmax": 935}}, {"tid": 2, "generated": 0, "bbox": {"xmin": 0, "ymin": 74, "ymax": 321, "xmax": 360}}], [{"tid": 0, "generated": 0, "bbox": {"xmin": 1031, "ymin": 501, "ymax": 661, "xmax": 1276}}, {"tid": 1, "generated": 0, "bbox": {"xmin": 624, "ymin": 320, "ymax": 650, "xmax": 938}}, {"tid": 2, "generated": 0, "bbox": {"xmin": 0, "ymin": 78, "ymax": 328, "xmax": 355}}], [{"tid": 0, "generated": 0, "bbox": {"xmin": 1040, "ymin": 499, "ymax": 659, "xmax": 1276}}, {"tid": 1, "generated": 0, "bbox": {"xmin": 628, "ymin": 318, "ymax": 649, "xmax": 947}}, {"tid": 2, "generated": 0, "bbox": {"xmin": 0, "ymin": 76, "ymax": 333, "xmax": 352}}], [{"tid": 0, "generated": 0, "bbox": {"xmin": 1047, "ymin": 497, "ymax": 656, "xmax": 1276}}, {"tid": 1, "generated": 0, "bbox": {"xmin": 633, "ymin": 317, "ymax": 648, "xmax": 957}}, {"tid": 2, "generated": 0, "bbox": {"xmin": 0, "ymin": 74, "ymax": 339, "xmax": 350}}], [{"tid": 0, "generated": 0, "bbox": {"xmin": 1055, "ymin": 495, "ymax": 654, "xmax": 1276}}, {"tid": 1, "generated": 0, "bbox": {"xmin": 638, "ymin": 316, "ymax": 647, "xmax": 967}}, {"tid": 2, "generated": 0, "bbox": {"xmin": 0, "ymin": 72, "ymax": 344, "xmax": 348}}], [{"tid": 0, "generated": 0, "bbox": {"xmin": 1063, "ymin": 493, "ymax": 651, "xmax": 1276}}, {"tid": 1, "generated": 0, "bbox": {"xmin": 643, "ymin": 314, "ymax": 650, "xmax": 976}}, {"tid": 2, "generated": 0, "bbox": {"xmin": 0, "ymin": 71, "ymax": 350, "xmax": 346}}], [{"tid": 0, "generated": 0, "bbox": {"xmin": 1071, "ymin": 491, "ymax": 649, "xmax": 1276}}, {"tid": 1, "generated": 0, "bbox": {"xmin": 648, "ymin": 314, "ymax": 652, "xmax": 986}}, {"tid": 2, "generated": 0, "bbox": {"xmin": 0, "ymin": 69, "ymax": 343, "xmax": 344}}], [{"tid": 0, "generated": 0, "bbox": {"xmin": 1079, "ymin": 490, "ymax": 647, "xmax": 1276}}, {"tid": 1, "generated": 0, "bbox": {"xmin": 654, "ymin": 314, "ymax": 647, "xmax": 999}}, {"tid": 2, "generated": 0, "bbox": {"xmin": 0, "ymin": 67, "ymax": 336, "xmax": 343}}], [{"tid": 0, "generated": 0, "bbox": {"xmin": 1075, "ymin": 488, "ymax": 645, "xmax": 1276}}, {"tid": 1, "generated": 0, "bbox": {"xmin": 666, "ymin": 308, "ymax": 640, "xmax": 1010}}, {"tid": 2, "generated": 0, "bbox": {"xmin": 0, "ymin": 65, "ymax": 328, "xmax": 341}}], [{"tid": 0, "generated": 0, "bbox": {"xmin": 1090, "ymin": 486, "ymax": 642, "xmax": 1276}}, {"tid": 1, "generated": 0, "bbox": {"xmin": 679, "ymin": 302, "ymax": 633, "xmax": 1022}}, {"tid": 2, "generated": 0, "bbox": {"xmin": 0, "ymin": 64, "ymax": 322, "xmax": 347}}], [{"tid": 0, "generated": 0, "bbox": {"xmin": 1105, "ymin": 485, "ymax": 640, "xmax": 1276}}, {"tid": 1, "generated": 0, "bbox": {"xmin": 691, "ymin": 296, "ymax": 626, "xmax": 1033}}, {"tid": 2, "generated": 0, "bbox": {"xmin": 0, "ymin": 63, "ymax": 316, "xmax": 353}}], [{"tid": 0, "generated": 0, "bbox": {"xmin": 1130, "ymin": 485, "ymax": 625, "xmax": 1276}}, {"tid": 1, "generated": 0, "bbox": {"xmin": 704, "ymin": 291, "ymax": 620, "xmax": 1045}}, {"tid": 2, "generated": 0, "bbox": {"xmin": 0, "ymin": 62, "ymax": 311, "xmax": 360}}], [{"tid": 0, "generated": 0, "bbox": {"xmin": 1128, "ymin": 471, "ymax": 618, "xmax": 1278}}, {"tid": 1, "generated": 0, "bbox": {"xmin": 711, "ymin": 289, "ymax": 604, "xmax": 1063}}, {"tid": 2, "generated": 0, "bbox": {"xmin": 0, "ymin": 62, "ymax": 309, "xmax": 371}}], [{"tid": 0, "generated": 0, "bbox": {"xmin": 1134, "ymin": 471, "ymax": 614, "xmax": 1277}}, {"tid": 1, "generated": 0, "bbox": {"xmin": 719, "ymin": 287, "ymax": 606, "xmax": 1067}}, {"tid": 2, "generated": 0, "bbox": {"xmin": 0, "ymin": 48, "ymax": 309, "xmax": 369}}], [{"tid": 0, "generated": 0, "bbox": {"xmin": 1141, "ymin": 471, "ymax": 611, "xmax": 1276}}, {"tid": 1, "generated": 0, "bbox": {"xmin": 727, "ymin": 286, "ymax": 609, "xmax": 1072}}, {"tid": 2, "generated": 0, "bbox": {"xmin": 0, "ymin": 49, "ymax": 309, "xmax": 376}}], [{"tid": 0, "generated": 0, "bbox": {"xmin": 1153, "ymin": 471, "ymax": 608, "xmax": 1274}}, {"tid": 1, "generated": 0, "bbox": {"xmin": 736, "ymin": 284, "ymax": 604, "xmax": 1089}}, {"tid": 2, "generated": 0, "bbox": {"xmin": 0, "ymin": 51, "ymax": 309, "xmax": 384}}], [], [], [], [], [], [], [], [], [], [], [], [], [], [], [], [{"tid": 0, "generated": 0, "bbox": {"xmin": 1089, "ymin": 460, "ymax": 579, "xmax": 1272}}, {"tid": 1, "generated": 0, "bbox": {"xmin": 743, "ymin": 314, "ymax": 567, "xmax": 1025}}, {"tid": 2, "generated": 0, "bbox": {"xmin": 0, "ymin": 64, "ymax": 311, "xmax": 348}}], [{"tid": 0, "generated": 0, "bbox": {"xmin": 1088, "ymin": 458, "ymax": 577, "xmax": 1272}}, {"tid": 1, "generated": 0, "bbox": {"xmin": 743, "ymin": 314, "ymax": 563, "xmax": 1021}}, {"tid": 2, "generated": 0, "bbox": {"xmin": 12, "ymin": 67, "ymax": 310, "xmax": 349}}], [{"tid": 0, "generated": 0, "bbox": {"xmin": 1087, "ymin": 457, "ymax": 576, "xmax": 1273}}, {"tid": 1, "generated": 0, "bbox": {"xmin": 744, "ymin": 314, "ymax": 560, "xmax": 1018}}, {"tid": 2, "generated": 0, "bbox": {"xmin": 24, "ymin": 70, "ymax": 310, "xmax": 350}}], [{"tid": 0, "generated": 0, "bbox": {"xmin": 1086, "ymin": 455, "ymax": 574, "xmax": 1273}}, {"tid": 1, "generated": 0, "bbox": {"xmin": 745, "ymin": 314, "ymax": 559, "xmax": 1017}}, {"tid": 2, "generated": 0, "bbox": {"xmin": 36, "ymin": 73, "ymax": 309, "xmax": 351}}], [{"tid": 0, "generated": 0, "bbox": {"xmin": 1085, "ymin": 454, "ymax": 573, "xmax": 1274}}, {"tid": 1, "generated": 0, "bbox": {"xmin": 747, "ymin": 314, "ymax": 558, "xmax": 1016}}, {"tid": 2, "generated": 0, "bbox": {"xmin": 48, "ymin": 76, "ymax": 309, "xmax": 353}}], [{"tid": 0, "generated": 0, "bbox": {"xmin": 1084, "ymin": 453, "ymax": 572, "xmax": 1275}}, {"tid": 1, "generated": 0, "bbox": {"xmin": 748, "ymin": 314, "ymax": 557, "xmax": 1015}}, {"tid": 2, "generated": 0, "bbox": {"xmin": 49, "ymin": 80, "ymax": 309, "xmax": 353}}], [{"tid": 0, "generated": 0, "bbox": {"xmin": 1083, "ymin": 451, "ymax": 570, "xmax": 1275}}, {"tid": 1, "generated": 0, "bbox": {"xmin": 750, "ymin": 314, "ymax": 556, "xmax": 1015}}, {"tid": 2, "generated": 0, "bbox": {"xmin": 52, "ymin": 83, "ymax": 310, "xmax": 354}}], [{"tid": 0, "generated": 0, "bbox": {"xmin": 1082, "ymin": 450, "ymax": 569, "xmax": 1276}}, {"tid": 1, "generated": 0, "bbox": {"xmin": 751, "ymin": 314, "ymax": 556, "xmax": 1019}}, {"tid": 2, "generated": 0, "bbox": {"xmin": 56, "ymin": 87, "ymax": 312, "xmax": 356}}], [{"tid": 0, "generated": 0, "bbox": {"xmin": 1081, "ymin": 448, "ymax": 567, "xmax": 1276}}, {"tid": 1, "generated": 0, "bbox": {"xmin": 753, "ymin": 314, "ymax": 556, "xmax": 1023}}, {"tid": 2, "generated": 0, "bbox": {"xmin": 60, "ymin": 90, "ymax": 314, "xmax": 358}}], [{"tid": 0, "generated": 0, "bbox": {"xmin": 1080, "ymin": 447, "ymax": 566, "xmax": 1277}}, {"tid": 1, "generated": 0, "bbox": {"xmin": 755, "ymin": 314, "ymax": 556, "xmax": 1027}}, {"tid": 2, "generated": 0, "bbox": {"xmin": 64, "ymin": 94, "ymax": 316, "xmax": 360}}], [{"tid": 0, "generated": 0, "bbox": {"xmin": 1079, "ymin": 446, "ymax": 565, "xmax": 1278}}, {"tid": 1, "generated": 0, "bbox": {"xmin": 757, "ymin": 314, "ymax": 556, "xmax": 1032}}, {"tid": 2, "generated": 0, "bbox": {"xmin": 71, "ymin": 97, "ymax": 314, "xmax": 352}}], [{"tid": 0, "generated": 0, "bbox": {"xmin": 1080, "ymin": 447, "ymax": 565, "xmax": 1278}}, {"tid": 1, "generated": 0, "bbox": {"xmin": 759, "ymin": 316, "ymax": 556, "xmax": 1033}}, {"tid": 2, "generated": 0, "bbox": {"xmin": 75, "ymin": 100, "ymax": 317, "xmax": 351}}], [{"tid": 0, "generated": 0, "bbox": {"xmin": 1081, "ymin": 448, "ymax": 566, "xmax": 1278}}, {"tid": 1, "generated": 0, "bbox": {"xmin": 761, "ymin": 319, "ymax": 557, "xmax": 1034}}, {"tid": 2, "generated": 0, "bbox": {"xmin": 79, "ymin": 104, "ymax": 320, "xmax": 351}}], [{"tid": 0, "generated": 0, "bbox": {"xmin": 1082, "ymin": 449, "ymax": 567, "xmax": 1278}}, {"tid": 1, "generated": 0, "bbox": {"xmin": 764, "ymin": 321, "ymax": 558, "xmax": 1036}}, {"tid": 2, "generated": 0, "bbox": {"xmin": 83, "ymin": 107, "ymax": 323, "xmax": 350}}], [{"tid": 0, "generated": 0, "bbox": {"xmin": 1083, "ymin": 450, "ymax": 568, "xmax": 1278}}, {"tid": 1, "generated": 0, "bbox": {"xmin": 766, "ymin": 324, "ymax": 559, "xmax": 1037}}, {"tid": 2, "generated": 0, "bbox": {"xmin": 87, "ymin": 111, "ymax": 326, "xmax": 350}}], [{"tid": 0, "generated": 0, "bbox": {"xmin": 1084, "ymin": 451, "ymax": 569, "xmax": 1278}}, {"tid": 1, "generated": 0, "bbox": {"xmin": 768, "ymin": 326, "ymax": 560, "xmax": 1038}}, {"tid": 2, "generated": 0, "bbox": {"xmin": 91, "ymin": 115, "ymax": 330, "xmax": 350}}], [{"tid": 0, "generated": 0, "bbox": {"xmin": 1085, "ymin": 452, "ymax": 570, "xmax": 1278}}, {"tid": 1, "generated": 0, "bbox": {"xmin": 771, "ymin": 329, "ymax": 561, "xmax": 1040}}, {"tid": 2, "generated": 0, "bbox": {"xmin": 95, "ymin": 118, "ymax": 333, "xmax": 349}}], [{"tid": 0, "generated": 0, "bbox": {"xmin": 1086, "ymin": 453, "ymax": 571, "xmax": 1278}}, {"tid": 1, "generated": 0, "bbox": {"xmin": 773, "ymin": 331, "ymax": 562, "xmax": 1041}}, {"tid": 2, "generated": 0, "bbox": {"xmin": 99, "ymin": 122, "ymax": 336, "xmax": 349}}], [{"tid": 0, "generated": 0, "bbox": {"xmin": 1087, "ymin": 454, "ymax": 572, "xmax": 1278}}, {"tid": 1, "generated": 0, "bbox": {"xmin": 776, "ymin": 334, "ymax": 563, "xmax": 1043}}, {"tid": 2, "generated": 0, "bbox": {"xmin": 103, "ymin": 125, "ymax": 339, "xmax": 348}}], [{"tid": 0, "generated": 0, "bbox": {"xmin": 1088, "ymin": 455, "ymax": 573, "xmax": 1278}}, {"tid": 1, "generated": 0, "bbox": {"xmin": 779, "ymin": 336, "ymax": 565, "xmax": 1042}}, {"tid": 2, "generated": 0, "bbox": {"xmin": 107, "ymin": 129, "ymax": 342, "xmax": 348}}], [{"tid": 0, "generated": 0, "bbox": {"xmin": 1089, "ymin": 456, "ymax": 574, "xmax": 1278}}, {"tid": 1, "generated": 0, "bbox": {"xmin": 782, "ymin": 339, "ymax": 567, "xmax": 1041}}, {"tid": 2, "generated": 0, "bbox": {"xmin": 112, "ymin": 133, "ymax": 346, "xmax": 348}}], [{"tid": 0, "generated": 0, "bbox": {"xmin": 1091, "ymin": 455, "ymax": 572, "xmax": 1277}}, {"tid": 1, "generated": 0, "bbox": {"xmin": 784, "ymin": 337, "ymax": 563, "xmax": 1052}}, {"tid": 2, "generated": 0, "bbox": {"xmin": 119, "ymin": 130, "ymax": 350, "xmax": 350}}], [{"tid": 0, "generated": 0, "bbox": {"xmin": 1093, "ymin": 454, "ymax": 570, "xmax": 1277}}, {"tid": 1, "generated": 0, "bbox": {"xmin": 787, "ymin": 336, "ymax": 572, "xmax": 1052}}, {"tid": 2, "generated": 0, "bbox": {"xmin": 126, "ymin": 128, "ymax": 355, "xmax": 352}}], [{"tid": 0, "generated": 0, "bbox": {"xmin": 1095, "ymin": 453, "ymax": 568, "xmax": 1276}}, {"tid": 1, "generated": 0, "bbox": {"xmin": 790, "ymin": 334, "ymax": 569, "xmax": 1054}}, {"tid": 2, "generated": 0, "bbox": {"xmin": 130, "ymin": 125, "ymax": 352, "xmax": 354}}], [{"tid": 0, "generated": 0, "bbox": {"xmin": 1098, "ymin": 453, "ymax": 566, "xmax": 1276}}, {"tid": 1, "generated": 0, "bbox": {"xmin": 794, "ymin": 333, "ymax": 567, "xmax": 1057}}, {"tid": 2, "generated": 0, "bbox": {"xmin": 134, "ymin": 123, "ymax": 349, "xmax": 356}}], [{"tid": 0, "generated": 0, "bbox": {"xmin": 1100, "ymin": 452, "ymax": 564, "xmax": 1276}}, {"tid": 1, "generated": 0, "bbox": {"xmin": 797, "ymin": 332, "ymax": 565, "xmax": 1060}}, {"tid": 2, "generated": 0, "bbox": {"xmin": 138, "ymin": 121, "ymax": 346, "xmax": 358}}], [{"tid": 0, "generated": 0, "bbox": {"xmin": 1102, "ymin": 451, "ymax": 562, "xmax": 1275}}, {"tid": 1, "generated": 0, "bbox": {"xmin": 801, "ymin": 331, "ymax": 563, "xmax": 1063}}, {"tid": 2, "generated": 0, "bbox": {"xmin": 142, "ymin": 119, "ymax": 343, "xmax": 360}}], [{"tid": 0, "generated": 0, "bbox": {"xmin": 1105, "ymin": 451, "ymax": 560, "xmax": 1275}}, {"tid": 1, "generated": 0, "bbox": {"xmin": 805, "ymin": 330, "ymax": 560, "xmax": 1066}}, {"tid": 2, "generated": 0, "bbox": {"xmin": 147, "ymin": 117, "ymax": 337, "xmax": 362}}], [{"tid": 0, "generated": 0, "bbox": {"xmin": 1107, "ymin": 450, "ymax": 558, "xmax": 1274}}, {"tid": 1, "generated": 0, "bbox": {"xmin": 808, "ymin": 329, "ymax": 558, "xmax": 1069}}, {"tid": 2, "generated": 0, "bbox": {"xmin": 149, "ymin": 115, "ymax": 332, "xmax": 366}}], [{"tid": 0, "generated": 0, "bbox": {"xmin": 1109, "ymin": 449, "ymax": 556, "xmax": 1274}}, {"tid": 1, "generated": 0, "bbox": {"xmin": 812, "ymin": 328, "ymax": 556, "xmax": 1072}}, {"tid": 2, "generated": 0, "bbox": {"xmin": 156, "ymin": 113, "ymax": 323, "xmax": 371}}], [], [], [], [], [], [], [], [], [], [], [], [], [], [], [], [], [], [], [], [], [], [], [], [], [], [], [], [], [], [], [], [], [], [], [], [], [], [], [], [], [], [], [], [], [], [], [], [], [], [], [], [], [], [], [], [], [], [], [], [], [], [], [], [], [], [], [], [], [], [], [], [], [], [], [], [{"tid": 0, "generated": 0, "bbox": {"xmin": 1066, "ymin": 392, "ymax": 498, "xmax": 1278}}, {"tid": 1, "generated": 0, "bbox": {"xmin": 769, "ymin": 254, "ymax": 493, "xmax": 1017}}, {"tid": 2, "generated": 0, "bbox": {"xmin": 0, "ymin": 148, "ymax": 320, "xmax": 299}}], [{"tid": 0, "generated": 0, "bbox": {"xmin": 1065, "ymin": 390, "ymax": 496, "xmax": 1278}}, {"tid": 1, "generated": 0, "bbox": {"xmin": 768, "ymin": 253, "ymax": 492, "xmax": 1015}}, {"tid": 2, "generated": 0, "bbox": {"xmin": 0, "ymin": 149, "ymax": 318, "xmax": 298}}], [{"tid": 0, "generated": 0, "bbox": {"xmin": 1065, "ymin": 389, "ymax": 494, "xmax": 1278}}, {"tid": 1, "generated": 0, "bbox": {"xmin": 766, "ymin": 251, "ymax": 492, "xmax": 1014}}, {"tid": 2, "generated": 0, "bbox": {"xmin": 0, "ymin": 149, "ymax": 316, "xmax": 298}}], [{"tid": 0, "generated": 0, "bbox": {"xmin": 1064, "ymin": 387, "ymax": 493, "xmax": 1278}}, {"tid": 1, "generated": 0, "bbox": {"xmin": 765, "ymin": 250, "ymax": 492, "xmax": 1013}}, {"tid": 2, "generated": 0, "bbox": {"xmin": 0, "ymin": 150, "ymax": 315, "xmax": 298}}], [{"tid": 0, "generated": 0, "bbox": {"xmin": 1063, "ymin": 385, "ymax": 491, "xmax": 1278}}, {"tid": 1, "generated": 0, "bbox": {"xmin": 763, "ymin": 248, "ymax": 492, "xmax": 1012}}, {"tid": 2, "generated": 0, "bbox": {"xmin": 0, "ymin": 151, "ymax": 313, "xmax": 298}}], [{"tid": 0, "generated": 0, "bbox": {"xmin": 1063, "ymin": 384, "ymax": 490, "xmax": 1278}}, {"tid": 1, "generated": 0, "bbox": {"xmin": 762, "ymin": 247, "ymax": 492, "xmax": 1011}}, {"tid": 2, "generated": 0, "bbox": {"xmin": 0, "ymin": 152, "ymax": 312, "xmax": 298}}], [{"tid": 0, "generated": 0, "bbox": {"xmin": 1061, "ymin": 384, "ymax": 490, "xmax": 1278}}, {"tid": 1, "generated": 0, "bbox": {"xmin": 761, "ymin": 247, "ymax": 491, "xmax": 1010}}, {"tid": 2, "generated": 0, "bbox": {"xmin": 0, "ymin": 152, "ymax": 306, "xmax": 295}}], [{"tid": 0, "generated": 0, "bbox": {"xmin": 1059, "ymin": 385, "ymax": 491, "xmax": 1278}}, {"tid": 1, "generated": 0, "bbox": {"xmin": 761, "ymin": 247, "ymax": 490, "xmax": 1010}}, {"tid": 2, "generated": 0, "bbox": {"xmin": 0, "ymin": 153, "ymax": 300, "xmax": 292}}], [{"tid": 0, "generated": 0, "bbox": {"xmin": 1058, "ymin": 386, "ymax": 491, "xmax": 1278}}, {"tid": 1, "generated": 0, "bbox": {"xmin": 761, "ymin": 247, "ymax": 490, "xmax": 1009}}, {"tid": 2, "generated": 0, "bbox": {"xmin": 0, "ymin": 154, "ymax": 295, "xmax": 289}}], [{"tid": 0, "generated": 0, "bbox": {"xmin": 1056, "ymin": 386, "ymax": 492, "xmax": 1278}}, {"tid": 1, "generated": 0, "bbox": {"xmin": 760, "ymin": 247, "ymax": 489, "xmax": 1009}}, {"tid": 2, "generated": 0, "bbox": {"xmin": 0, "ymin": 155, "ymax": 294, "xmax": 286}}], [{"tid": 0, "generated": 0, "bbox": {"xmin": 1055, "ymin": 387, "ymax": 493, "xmax": 1278}}, {"tid": 1, "generated": 0, "bbox": {"xmin": 760, "ymin": 247, "ymax": 488, "xmax": 1008}}, {"tid": 2, "generated": 0, "bbox": {"xmin": 0, "ymin": 156, "ymax": 294, "xmax": 284}}], [{"tid": 0, "generated": 0, "bbox": {"xmin": 1053, "ymin": 388, "ymax": 493, "xmax": 1278}}, {"tid": 1, "generated": 0, "bbox": {"xmin": 760, "ymin": 248, "ymax": 488, "xmax": 1008}}, {"tid": 2, "generated": 0, "bbox": {"xmin": 0, "ymin": 157, "ymax": 294, "xmax": 281}}], [{"tid": 0, "generated": 0, "bbox": {"xmin": 1051, "ymin": 388, "ymax": 494, "xmax": 1278}}, {"tid": 1, "generated": 0, "bbox": {"xmin": 758, "ymin": 249, "ymax": 489, "xmax": 1007}}, {"tid": 2, "generated": 0, "bbox": {"xmin": 0, "ymin": 159, "ymax": 293, "xmax": 279}}], [{"tid": 0, "generated": 0, "bbox": {"xmin": 1050, "ymin": 389, "ymax": 494, "xmax": 1278}}, {"tid": 1, "generated": 0, "bbox": {"xmin": 756, "ymin": 250, "ymax": 490, "xmax": 1006}}, {"tid": 2, "generated": 0, "bbox": {"xmin": 0, "ymin": 160, "ymax": 293, "xmax": 276}}], [{"tid": 0, "generated": 0, "bbox": {"xmin": 1048, "ymin": 390, "ymax": 495, "xmax": 1278}}, {"tid": 1, "generated": 0, "bbox": {"xmin": 754, "ymin": 251, "ymax": 491, "xmax": 1005}}, {"tid": 2, "generated": 0, "bbox": {"xmin": 0, "ymin": 161, "ymax": 293, "xmax": 274}}], [{"tid": 0, "generated": 0, "bbox": {"xmin": 1047, "ymin": 391, "ymax": 496, "xmax": 1278}}, {"tid": 1, "generated": 0, "bbox": {"xmin": 752, "ymin": 252, "ymax": 492, "xmax": 1004}}, {"tid": 2, "generated": 0, "bbox": {"xmin": 0, "ymin": 163, "ymax": 293, "xmax": 272}}], [{"tid": 0, "generated": 0, "bbox": {"xmin": 1045, "ymin": 390, "ymax": 496, "xmax": 1277}}, {"tid": 1, "generated": 0, "bbox": {"xmin": 751, "ymin": 251, "ymax": 492, "xmax": 1002}}, {"tid": 2, "generated": 0, "bbox": {"xmin": 0, "ymin": 163, "ymax": 293, "xmax": 270}}], [{"tid": 0, "generated": 0, "bbox": {"xmin": 1044, "ymin": 389, "ymax": 496, "xmax": 1277}}, {"tid": 1, "generated": 0, "bbox": {"xmin": 750, "ymin": 251, "ymax": 492, "xmax": 1000}}, {"tid": 2, "generated": 0, "bbox": {"xmin": 0, "ymin": 163, "ymax": 294, "xmax": 268}}], [{"tid": 0, "generated": 0, "bbox": {"xmin": 1042, "ymin": 388, "ymax": 496, "xmax": 1277}}, {"tid": 1, "generated": 0, "bbox": {"xmin": 749, "ymin": 251, "ymax": 492, "xmax": 998}}, {"tid": 2, "generated": 0, "bbox": {"xmin": 0, "ymin": 163, "ymax": 295, "xmax": 267}}], [{"tid": 0, "generated": 0, "bbox": {"xmin": 1041, "ymin": 388, "ymax": 496, "xmax": 1277}}, {"tid": 1, "generated": 0, "bbox": {"xmin": 748, "ymin": 251, "ymax": 492, "xmax": 996}}, {"tid": 2, "generated": 0, "bbox": {"xmin": 0, "ymin": 163, "ymax": 295, "xmax": 265}}], [{"tid": 0, "generated": 0, "bbox": {"xmin": 1039, "ymin": 387, "ymax": 496, "xmax": 1277}}, {"tid": 1, "generated": 0, "bbox": {"xmin": 748, "ymin": 251, "ymax": 492, "xmax": 995}}, {"tid": 2, "generated": 0, "bbox": {"xmin": 0, "ymin": 163, "ymax": 296, "xmax": 264}}], [{"tid": 0, "generated": 0, "bbox": {"xmin": 1038, "ymin": 386, "ymax": 496, "xmax": 1276}}, {"tid": 1, "generated": 0, "bbox": {"xmin": 747, "ymin": 250, "ymax": 492, "xmax": 993}}, {"tid": 2, "generated": 0, "bbox": {"xmin": 0, "ymin": 163, "ymax": 297, "xmax": 262}}], [{"tid": 0, "generated": 0, "bbox": {"xmin": 1036, "ymin": 386, "ymax": 496, "xmax": 1276}}, {"tid": 1, "generated": 0, "bbox": {"xmin": 746, "ymin": 250, "ymax": 492, "xmax": 991}}, {"tid": 2, "generated": 0, "bbox": {"xmin": 0, "ymin": 163, "ymax": 297, "xmax": 260}}], [{"tid": 0, "generated": 0, "bbox": {"xmin": 1035, "ymin": 385, "ymax": 496, "xmax": 1276}}, {"tid": 1, "generated": 0, "bbox": {"xmin": 745, "ymin": 250, "ymax": 492, "xmax": 989}}, {"tid": 2, "generated": 0, "bbox": {"xmin": 0, "ymin": 163, "ymax": 298, "xmax": 259}}], [{"tid": 0, "generated": 0, "bbox": {"xmin": 1033, "ymin": 384, "ymax": 496, "xmax": 1276}}, {"tid": 1, "generated": 0, "bbox": {"xmin": 744, "ymin": 250, "ymax": 492, "xmax": 987}}, {"tid": 2, "generated": 0, "bbox": {"xmin": 0, "ymin": 163, "ymax": 299, "xmax": 257}}], [{"tid": 0, "generated": 0, "bbox": {"xmin": 1032, "ymin": 384, "ymax": 496, "xmax": 1276}}, {"tid": 1, "generated": 0, "bbox": {"xmin": 744, "ymin": 250, "ymax": 492, "xmax": 986}}, {"tid": 2, "generated": 0, "bbox": {"xmin": 0, "ymin": 163, "ymax": 300, "xmax": 256}}], [{"tid": 0, "generated": 0, "bbox": {"xmin": 1036, "ymin": 384, "ymax": 496, "xmax": 1276}}, {"tid": 1, "generated": 0, "bbox": {"xmin": 747, "ymin": 250, "ymax": 491, "xmax": 989}}, {"tid": 2, "generated": 0, "bbox": {"xmin": 0, "ymin": 163, "ymax": 300, "xmax": 259}}], [{"tid": 0, "generated": 0, "bbox": {"xmin": 1041, "ymin": 384, "ymax": 496, "xmax": 1276}}, {"tid": 1, "generated": 0, "bbox": {"xmin": 751, "ymin": 250, "ymax": 491, "xmax": 993}}, {"tid": 2, "generated": 0, "bbox": {"xmin": 0, "ymin": 164, "ymax": 301, "xmax": 263}}], [{"tid": 0, "generated": 0, "bbox": {"xmin": 1046, "ymin": 384, "ymax": 496, "xmax": 1276}}, {"tid": 1, "generated": 0, "bbox": {"xmin": 755, "ymin": 250, "ymax": 490, "xmax": 997}}, {"tid": 2, "generated": 0, "bbox": {"xmin": 0, "ymin": 165, "ymax": 301, "xmax": 267}}], [{"tid": 0, "generated": 0, "bbox": {"xmin": 1050, "ymin": 384, "ymax": 496, "xmax": 1276}}, {"tid": 1, "generated": 0, "bbox": {"xmin": 759, "ymin": 250, "ymax": 490, "xmax": 1001}}, {"tid": 2, "generated": 0, "bbox": {"xmin": 0, "ymin": 165, "ymax": 302, "xmax": 270}}], [], [], [], [], [], [], [], [], [], [], [], [], [], [], [], [], [], [], [], [], [], [], [], [], [], [], [], [], [], [], [], [], [], [], [], [], [], [], [], [], [], [], [], [], [], [], [], [], [], [], [], [], [], [], [], [], [], [], [], [], [], [], [], [], [], [], [], [], [], [], [], [], [], [], [], [], [], [], [], [], [], [], [], [], [], [], [], [], [], [], [], [], [], [], [], [], [], [], [], [], [], [], [], [], [], [], [], [], [], [], [], [], [], [], [], [], [], [], [], [], [], [], [], [], [], [], [], [], [], [], [], [], [], [], [], [{"tid": 0, "generated": 0, "bbox": {"xmin": 787, "ymin": 387, "ymax": 497, "xmax": 1075}}, {"tid": 1, "generated": 0, "bbox": {"xmin": 574, "ymin": 275, "ymax": 501, "xmax": 711}}], [{"tid": 0, "generated": 0, "bbox": {"xmin": 784, "ymin": 385, "ymax": 497, "xmax": 1071}}, {"tid": 1, "generated": 0, "bbox": {"xmin": 571, "ymin": 274, "ymax": 501, "xmax": 706}}], [{"tid": 0, "generated": 0, "bbox": {"xmin": 781, "ymin": 384, "ymax": 497, "xmax": 1068}}, {"tid": 1, "generated": 0, "bbox": {"xmin": 568, "ymin": 274, "ymax": 501, "xmax": 702}}], [{"tid": 0, "generated": 0, "bbox": {"xmin": 779, "ymin": 382, "ymax": 497, "xmax": 1064}}, {"tid": 1, "generated": 0, "bbox": {"xmin": 565, "ymin": 273, "ymax": 501, "xmax": 697}}], [{"tid": 0, "generated": 0, "bbox": {"xmin": 776, "ymin": 381, "ymax": 497, "xmax": 1061}}, {"tid": 1, "generated": 0, "bbox": {"xmin": 562, "ymin": 273, "ymax": 502, "xmax": 693}}], [{"tid": 0, "generated": 0, "bbox": {"xmin": 773, "ymin": 379, "ymax": 497, "xmax": 1057}}, {"tid": 1, "generated": 0, "bbox": {"xmin": 559, "ymin": 272, "ymax": 502, "xmax": 688}}], [{"tid": 0, "generated": 0, "bbox": {"xmin": 771, "ymin": 378, "ymax": 497, "xmax": 1054}}, {"tid": 1, "generated": 0, "bbox": {"xmin": 556, "ymin": 272, "ymax": 502, "xmax": 684}}], [{"tid": 0, "generated": 0, "bbox": {"xmin": 768, "ymin": 376, "ymax": 495, "xmax": 1051}}, {"tid": 1, "generated": 0, "bbox": {"xmin": 553, "ymin": 271, "ymax": 503, "xmax": 679}}], [{"tid": 0, "generated": 0, "bbox": {"xmin": 765, "ymin": 375, "ymax": 494, "xmax": 1048}}, {"tid": 1, "generated": 0, "bbox": {"xmin": 550, "ymin": 271, "ymax": 503, "xmax": 675}}], [{"tid": 0, "generated": 0, "bbox": {"xmin": 762, "ymin": 374, "ymax": 493, "xmax": 1045}}, {"tid": 1, "generated": 0, "bbox": {"xmin": 547, "ymin": 270, "ymax": 503, "xmax": 670}}], [{"tid": 0, "generated": 0, "bbox": {"xmin": 760, "ymin": 373, "ymax": 492, "xmax": 1043}}, {"tid": 1, "generated": 0, "bbox": {"xmin": 545, "ymin": 270, "ymax": 504, "xmax": 666}}], [{"tid": 0, "generated": 0, "bbox": {"xmin": 758, "ymin": 371, "ymax": 496, "xmax": 1040}}, {"tid": 1, "generated": 0, "bbox": {"xmin": 545, "ymin": 269, "ymax": 501, "xmax": 665}}], [{"tid": 0, "generated": 0, "bbox": {"xmin": 757, "ymin": 369, "ymax": 501, "xmax": 1038}}, {"tid": 1, "generated": 0, "bbox": {"xmin": 546, "ymin": 268, "ymax": 499, "xmax": 664}}], [{"tid": 0, "generated": 0, "bbox": {"xmin": 755, "ymin": 367, "ymax": 496, "xmax": 1037}}, {"tid": 1, "generated": 0, "bbox": {"xmin": 546, "ymin": 267, "ymax": 496, "xmax": 663}}], [{"tid": 0, "generated": 0, "bbox": {"xmin": 753, "ymin": 365, "ymax": 492, "xmax": 1036}}, {"tid": 1, "generated": 0, "bbox": {"xmin": 547, "ymin": 266, "ymax": 494, "xmax": 662}}], [{"tid": 0, "generated": 0, "bbox": {"xmin": 752, "ymin": 364, "ymax": 488, "xmax": 1036}}, {"tid": 1, "generated": 0, "bbox": {"xmin": 547, "ymin": 265, "ymax": 491, "xmax": 661}}], [{"tid": 0, "generated": 0, "bbox": {"xmin": 750, "ymin": 363, "ymax": 485, "xmax": 1036}}, {"tid": 1, "generated": 0, "bbox": {"xmin": 548, "ymin": 264, "ymax": 489, "xmax": 660}}], [{"tid": 0, "generated": 0, "bbox": {"xmin": 748, "ymin": 362, "ymax": 483, "xmax": 1036}}, {"tid": 1, "generated": 0, "bbox": {"xmin": 549, "ymin": 264, "ymax": 487, "xmax": 659}}], [{"tid": 0, "generated": 0, "bbox": {"xmin": 747, "ymin": 361, "ymax": 483, "xmax": 1032}}, {"tid": 1, "generated": 0, "bbox": {"xmin": 550, "ymin": 264, "ymax": 485, "xmax": 659}}], [{"tid": 0, "generated": 0, "bbox": {"xmin": 746, "ymin": 360, "ymax": 483, "xmax": 1029}}, {"tid": 1, "generated": 0, "bbox": {"xmin": 552, "ymin": 264, "ymax": 484, "xmax": 659}}], [{"tid": 0, "generated": 0, "bbox": {"xmin": 746, "ymin": 368, "ymax": 485, "xmax": 1020}}, {"tid": 1, "generated": 0, "bbox": {"xmin": 554, "ymin": 264, "ymax": 483, "xmax": 659}}], [{"tid": 0, "generated": 0, "bbox": {"xmin": 737, "ymin": 367, "ymax": 482, "xmax": 1025}}, {"tid": 1, "generated": 0, "bbox": {"xmin": 554, "ymin": 264, "ymax": 481, "xmax": 664}}], [{"tid": 0, "generated": 0, "bbox": {"xmin": 729, "ymin": 366, "ymax": 479, "xmax": 1030}}, {"tid": 1, "generated": 0, "bbox": {"xmin": 560, "ymin": 264, "ymax": 480, "xmax": 664}}], [{"tid": 0, "generated": 0, "bbox": {"xmin": 720, "ymin": 365, "ymax": 476, "xmax": 1035}}, {"tid": 1, "generated": 0, "bbox": {"xmin": 560, "ymin": 264, "ymax": 479, "xmax": 663}}], [{"tid": 0, "generated": 0, "bbox": {"xmin": 712, "ymin": 364, "ymax": 474, "xmax": 1040}}, {"tid": 1, "generated": 0, "bbox": {"xmin": 560, "ymin": 264, "ymax": 479, "xmax": 663}}], [{"tid": 0, "generated": 0, "bbox": {"xmin": 704, "ymin": 364, "ymax": 474, "xmax": 1023}}, {"tid": 1, "generated": 0, "bbox": {"xmin": 560, "ymin": 264, "ymax": 479, "xmax": 663}}], [{"tid": 0, "generated": 0, "bbox": {"xmin": 696, "ymin": 364, "ymax": 474, "xmax": 1006}}, {"tid": 1, "generated": 0, "bbox": {"xmin": 560, "ymin": 264, "ymax": 479, "xmax": 663}}], [{"tid": 0, "generated": 0, "bbox": {"xmin": 688, "ymin": 362, "ymax": 471, "xmax": 981}}, {"tid": 1, "generated": 0, "bbox": {"xmin": 560, "ymin": 264, "ymax": 478, "xmax": 663}}], [{"tid": 0, "generated": 0, "bbox": {"xmin": 679, "ymin": 362, "ymax": 469, "xmax": 960}}, {"tid": 1, "generated": 0, "bbox": {"xmin": 560, "ymin": 264, "ymax": 478, "xmax": 663}}], [{"tid": 0, "generated": 0, "bbox": {"xmin": 672, "ymin": 362, "ymax": 469, "xmax": 944}}, {"tid": 1, "generated": 0, "bbox": {"xmin": 560, "ymin": 264, "ymax": 478, "xmax": 663}}], [{"tid": 0, "generated": 0, "bbox": {"xmin": 664, "ymin": 362, "ymax": 472, "xmax": 952}}, {"tid": 1, "generated": 0, "bbox": {"xmin": 561, "ymin": 264, "ymax": 478, "xmax": 663}}], [{"tid": 0, "generated": 0, "bbox": {"xmin": 664, "ymin": 360, "ymax": 467, "xmax": 942}}, {"tid": 1, "generated": 0, "bbox": {"xmin": 561, "ymin": 262, "ymax": 476, "xmax": 662}}], [{"tid": 0, "generated": 0, "bbox": {"xmin": 664, "ymin": 359, "ymax": 465, "xmax": 952}}, {"tid": 1, "generated": 0, "bbox": {"xmin": 561, "ymin": 261, "ymax": 475, "xmax": 661}}], [{"tid": 0, "generated": 0, "bbox": {"xmin": 665, "ymin": 358, "ymax": 463, "xmax": 962}}, {"tid": 1, "generated": 0, "bbox": {"xmin": 561, "ymin": 260, "ymax": 473, "xmax": 660}}], [{"tid": 0, "generated": 0, "bbox": {"xmin": 666, "ymin": 357, "ymax": 462, "xmax": 972}}, {"tid": 1, "generated": 0, "bbox": {"xmin": 561, "ymin": 259, "ymax": 472, "xmax": 659}}], [{"tid": 0, "generated": 0, "bbox": {"xmin": 666, "ymin": 356, "ymax": 460, "xmax": 973}}, {"tid": 1, "generated": 0, "bbox": {"xmin": 561, "ymin": 252, "ymax": 471, "xmax": 659}}], [{"tid": 0, "generated": 0, "bbox": {"xmin": 666, "ymin": 355, "ymax": 459, "xmax": 974}}, {"tid": 1, "generated": 0, "bbox": {"xmin": 561, "ymin": 252, "ymax": 470, "xmax": 661}}], [{"tid": 0, "generated": 0, "bbox": {"xmin": 667, "ymin": 354, "ymax": 458, "xmax": 976}}, {"tid": 1, "generated": 0, "bbox": {"xmin": 561, "ymin": 252, "ymax": 469, "xmax": 664}}], [{"tid": 0, "generated": 0, "bbox": {"xmin": 667, "ymin": 353, "ymax": 457, "xmax": 977}}, {"tid": 1, "generated": 0, "bbox": {"xmin": 562, "ymin": 252, "ymax": 468, "xmax": 667}}], [{"tid": 0, "generated": 0, "bbox": {"xmin": 668, "ymin": 353, "ymax": 456, "xmax": 979}}, {"tid": 1, "generated": 0, "bbox": {"xmin": 562, "ymin": 252, "ymax": 467, "xmax": 670}}], [{"tid": 0, "generated": 0, "bbox": {"xmin": 670, "ymin": 353, "ymax": 460, "xmax": 972}}, {"tid": 1, "generated": 0, "bbox": {"xmin": 563, "ymin": 252, "ymax": 467, "xmax": 673}}], [{"tid": 0, "generated": 0, "bbox": {"xmin": 668, "ymin": 353, "ymax": 456, "xmax": 979}}, {"tid": 1, "generated": 0, "bbox": {"xmin": 568, "ymin": 252, "ymax": 462, "xmax": 682}}], [{"tid": 0, "generated": 0, "bbox": {"xmin": 666, "ymin": 353, "ymax": 455, "xmax": 974}}, {"tid": 1, "generated": 0, "bbox": {"xmin": 565, "ymin": 252, "ymax": 459, "xmax": 691}}], [{"tid": 0, "generated": 0, "bbox": {"xmin": 664, "ymin": 353, "ymax": 453, "xmax": 968}}, {"tid": 1, "generated": 0, "bbox": {"xmin": 563, "ymin": 252, "ymax": 456, "xmax": 700}}], [{"tid": 0, "generated": 0, "bbox": {"xmin": 664, "ymin": 353, "ymax": 451, "xmax": 963}}, {"tid": 1, "generated": 0, "bbox": {"xmin": 556, "ymin": 252, "ymax": 454, "xmax": 709}}], [{"tid": 0, "generated": 0, "bbox": {"xmin": 663, "ymin": 353, "ymax": 449, "xmax": 958}}, {"tid": 1, "generated": 0, "bbox": {"xmin": 549, "ymin": 252, "ymax": 453, "xmax": 718}}], [{"tid": 0, "generated": 0, "bbox": {"xmin": 663, "ymin": 353, "ymax": 449, "xmax": 952}}, {"tid": 1, "generated": 0, "bbox": {"xmin": 546, "ymin": 252, "ymax": 450, "xmax": 724}}], [{"tid": 0, "generated": 0, "bbox": {"xmin": 661, "ymin": 348, "ymax": 449, "xmax": 951}}, {"tid": 1, "generated": 0, "bbox": {"xmin": 544, "ymin": 252, "ymax": 448, "xmax": 730}}], [{"tid": 0, "generated": 0, "bbox": {"xmin": 661, "ymin": 343, "ymax": 449, "xmax": 951}}, {"tid": 1, "generated": 0, "bbox": {"xmin": 542, "ymin": 252, "ymax": 446, "xmax": 737}}], [{"tid": 0, "generated": 0, "bbox": {"xmin": 659, "ymin": 343, "ymax": 448, "xmax": 949}}, {"tid": 1, "generated": 0, "bbox": {"xmin": 539, "ymin": 252, "ymax": 445, "xmax": 735}}], [{"tid": 0, "generated": 0, "bbox": {"xmin": 659, "ymin": 344, "ymax": 448, "xmax": 949}}, {"tid": 1, "generated": 0, "bbox": {"xmin": 536, "ymin": 252, "ymax": 444, "xmax": 734}}], [{"tid": 0, "generated": 0, "bbox": {"xmin": 657, "ymin": 341, "ymax": 444, "xmax": 938}}, {"tid": 1, "generated": 0, "bbox": {"xmin": 530, "ymin": 253, "ymax": 443, "xmax": 730}}], [{"tid": 0, "generated": 0, "bbox": {"xmin": 656, "ymin": 337, "ymax": 442, "xmax": 928}}, {"tid": 1, "generated": 0, "bbox": {"xmin": 524, "ymin": 254, "ymax": 442, "xmax": 727}}], [{"tid": 0, "generated": 0, "bbox": {"xmin": 656, "ymin": 336, "ymax": 440, "xmax": 919}}, {"tid": 1, "generated": 0, "bbox": {"xmin": 519, "ymin": 250, "ymax": 442, "xmax": 725}}], [{"tid": 0, "generated": 0, "bbox": {"xmin": 656, "ymin": 332, "ymax": 440, "xmax": 910}}, {"tid": 1, "generated": 0, "bbox": {"xmin": 513, "ymin": 250, "ymax": 442, "xmax": 725}}], [{"tid": 0, "generated": 0, "bbox": {"xmin": 654, "ymin": 330, "ymax": 439, "xmax": 901}}, {"tid": 1, "generated": 0, "bbox": {"xmin": 487, "ymin": 240, "ymax": 440, "xmax": 723}}], [{"tid": 0, "generated": 0, "bbox": {"xmin": 654, "ymin": 327, "ymax": 437, "xmax": 892}}, {"tid": 1, "generated": 0, "bbox": {"xmin": 453, "ymin": 234, "ymax": 439, "xmax": 725}}], [{"tid": 0, "generated": 0, "bbox": {"xmin": 654, "ymin": 325, "ymax": 437, "xmax": 883}}, {"tid": 1, "generated": 0, "bbox": {"xmin": 421, "ymin": 216, "ymax": 433, "xmax": 707}}], [{"tid": 0, "generated": 0, "bbox": {"xmin": 652, "ymin": 321, "ymax": 444, "xmax": 880}}, {"tid": 1, "generated": 0, "bbox": {"xmin": 394, "ymin": 211, "ymax": 433, "xmax": 700}}], [{"tid": 0, "generated": 0, "bbox": {"xmin": 652, "ymin": 317, "ymax": 440, "xmax": 880}}, {"tid": 1, "generated": 0, "bbox": {"xmin": 414, "ymin": 208, "ymax": 435, "xmax": 711}}], [{"tid": 0, "generated": 0, "bbox": {"xmin": 652, "ymin": 314, "ymax": 437, "xmax": 881}}, {"tid": 1, "generated": 0, "bbox": {"xmin": 421, "ymin": 204, "ymax": 442, "xmax": 728}}], [{"tid": 0, "generated": 0, "bbox": {"xmin": 654, "ymin": 311, "ymax": 435, "xmax": 920}}, {"tid": 1, "generated": 0, "bbox": {"xmin": 423, "ymin": 202, "ymax": 439, "xmax": 734}}], [{"tid": 0, "generated": 0, "bbox": {"xmin": 656, "ymin": 307, "ymax": 435, "xmax": 976}}, {"tid": 1, "generated": 0, "bbox": {"xmin": 416, "ymin": 204, "ymax": 444, "xmax": 723}}], [{"tid": 0, "generated": 0, "bbox": {"xmin": 657, "ymin": 304, "ymax": 435, "xmax": 936}}, {"tid": 1, "generated": 0, "bbox": {"xmin": 405, "ymin": 206, "ymax": 446, "xmax": 725}}], [{"tid": 0, "generated": 0, "bbox": {"xmin": 659, "ymin": 300, "ymax": 435, "xmax": 925}}, {"tid": 1, "generated": 0, "bbox": {"xmin": 416, "ymin": 202, "ymax": 448, "xmax": 718}}], [{"tid": 0, "generated": 0, "bbox": {"xmin": 661, "ymin": 296, "ymax": 435, "xmax": 915}}, {"tid": 1, "generated": 0, "bbox": {"xmin": 412, "ymin": 213, "ymax": 451, "xmax": 698}}], [{"tid": 0, "generated": 0, "bbox": {"xmin": 663, "ymin": 293, "ymax": 435, "xmax": 915}}, {"tid": 1, "generated": 0, "bbox": {"xmin": 407, "ymin": 224, "ymax": 455, "xmax": 693}}], [{"tid": 0, "generated": 0, "bbox": {"xmin": 664, "ymin": 275, "ymax": 444, "xmax": 928}}, {"tid": 1, "generated": 0, "bbox": {"xmin": 398, "ymin": 243, "ymax": 456, "xmax": 691}}], [{"tid": 0, "generated": 0, "bbox": {"xmin": 666, "ymin": 272, "ymax": 444, "xmax": 944}}, {"tid": 1, "generated": 0, "bbox": {"xmin": 410, "ymin": 263, "ymax": 456, "xmax": 689}}], [{"tid": 0, "generated": 0, "bbox": {"xmin": 668, "ymin": 275, "ymax": 442, "xmax": 961}}, {"tid": 1, "generated": 0, "bbox": {"xmin": 445, "ymin": 282, "ymax": 462, "xmax": 686}}], [{"tid": 0, "generated": 0, "bbox": {"xmin": 670, "ymin": 280, "ymax": 446, "xmax": 951}}, {"tid": 1, "generated": 0, "bbox": {"xmin": 480, "ymin": 302, "ymax": 469, "xmax": 684}}], [{"tid": 0, "generated": 0, "bbox": {"xmin": 663, "ymin": 284, "ymax": 448, "xmax": 943}}, {"tid": 1, "generated": 0, "bbox": {"xmin": 475, "ymin": 297, "ymax": 467, "xmax": 682}}], [{"tid": 0, "generated": 0, "bbox": {"xmin": 657, "ymin": 289, "ymax": 451, "xmax": 935}}, {"tid": 1, "generated": 0, "bbox": {"xmin": 471, "ymin": 293, "ymax": 466, "xmax": 681}}], [{"tid": 0, "generated": 0, "bbox": {"xmin": 650, "ymin": 293, "ymax": 455, "xmax": 929}}, {"tid": 1, "generated": 0, "bbox": {"xmin": 466, "ymin": 288, "ymax": 465, "xmax": 679}}], [{"tid": 0, "generated": 0, "bbox": {"xmin": 643, "ymin": 298, "ymax": 453, "xmax": 910}}, {"tid": 1, "generated": 0, "bbox": {"xmin": 462, "ymin": 284, "ymax": 464, "xmax": 678}}], [{"tid": 0, "generated": 0, "bbox": {"xmin": 637, "ymin": 303, "ymax": 454, "xmax": 894}}, {"tid": 1, "generated": 0, "bbox": {"xmin": 457, "ymin": 279, "ymax": 463, "xmax": 677}}], [{"tid": 0, "generated": 0, "bbox": {"xmin": 631, "ymin": 309, "ymax": 455, "xmax": 878}}, {"tid": 1, "generated": 0, "bbox": {"xmin": 453, "ymin": 275, "ymax": 462, "xmax": 675}}], [{"tid": 0, "generated": 0, "bbox": {"xmin": 625, "ymin": 314, "ymax": 458, "xmax": 812}}, {"tid": 1, "generated": 0, "bbox": {"xmin": 448, "ymin": 270, "ymax": 461, "xmax": 674}}], [{"tid": 0, "generated": 0, "bbox": {"xmin": 618, "ymin": 320, "ymax": 462, "xmax": 805}}, {"tid": 1, "generated": 0, "bbox": {"xmin": 444, "ymin": 266, "ymax": 460, "xmax": 673}}], [{"tid": 0, "generated": 0, "bbox": {"xmin": 613, "ymin": 325, "ymax": 459, "xmax": 800}}, {"tid": 1, "generated": 0, "bbox": {"xmin": 445, "ymin": 261, "ymax": 460, "xmax": 673}}], [{"tid": 0, "generated": 0, "bbox": {"xmin": 608, "ymin": 330, "ymax": 456, "xmax": 796}}, {"tid": 1, "generated": 0, "bbox": {"xmin": 446, "ymin": 257, "ymax": 460, "xmax": 673}}], [{"tid": 0, "generated": 0, "bbox": {"xmin": 606, "ymin": 329, "ymax": 460, "xmax": 803}}, {"tid": 1, "generated": 0, "bbox": {"xmin": 439, "ymin": 252, "ymax": 465, "xmax": 678}}], [{"tid": 0, "generated": 0, "bbox": {"xmin": 604, "ymin": 328, "ymax": 465, "xmax": 810}}, {"tid": 1, "generated": 0, "bbox": {"xmin": 432, "ymin": 248, "ymax": 470, "xmax": 683}}], [{"tid": 0, "generated": 0, "bbox": {"xmin": 603, "ymin": 331, "ymax": 469, "xmax": 826}}, {"tid": 1, "generated": 0, "bbox": {"xmin": 425, "ymin": 244, "ymax": 475, "xmax": 688}}], [{"tid": 0, "generated": 0, "bbox": {"xmin": 602, "ymin": 334, "ymax": 474, "xmax": 842}}, {"tid": 1, "generated": 0, "bbox": {"xmin": 419, "ymin": 240, "ymax": 480, "xmax": 693}}], [{"tid": 0, "generated": 0, "bbox": {"xmin": 601, "ymin": 331, "ymax": 479, "xmax": 853}}, {"tid": 1, "generated": 0, "bbox": {"xmin": 412, "ymin": 236, "ymax": 487, "xmax": 688}}], [{"tid": 0, "generated": 0, "bbox": {"xmin": 600, "ymin": 329, "ymax": 484, "xmax": 864}}, {"tid": 1, "generated": 0, "bbox": {"xmin": 406, "ymin": 232, "ymax": 494, "xmax": 683}}], [{"tid": 0, "generated": 0, "bbox": {"xmin": 600, "ymin": 327, "ymax": 490, "xmax": 876}}, {"tid": 1, "generated": 0, "bbox": {"xmin": 400, "ymin": 229, "ymax": 501, "xmax": 679}}], [{"tid": 0, "generated": 0, "bbox": {"xmin": 599, "ymin": 325, "ymax": 495, "xmax": 887}}, {"tid": 1, "generated": 0, "bbox": {"xmin": 392, "ymin": 225, "ymax": 506, "xmax": 673}}], [{"tid": 0, "generated": 0, "bbox": {"xmin": 599, "ymin": 323, "ymax": 501, "xmax": 899}}, {"tid": 1, "generated": 0, "bbox": {"xmin": 385, "ymin": 229, "ymax": 513, "xmax": 656}}]], "subject/objects": [{"category": "lion", "tid": 0}, {"category": "lion", "tid": 1}, {"category": "lion", "tid": 2}], "relation_instances": [{"end_fid": 30, "subject_tid": 0, "predicate": "lie_right", "begin_fid": 0, "object_tid": 1}, {"end_fid": 30, "subject_tid": 1, "predicate": "stand_left", "begin_fid": 0, "object_tid": 0}, {"end_fid": 45, "subject_tid": 0, "predicate": "lie_right", "begin_fid": 15, "object_tid": 1}, {"end_fid": 45, "subject_tid": 1, "predicate": "stand_left", "begin_fid": 15, "object_tid": 0}, {"end_fid": 45, "subject_tid": 0, "predicate": "lie_right", "begin_fid": 15, "object_tid": 2}, {"end_fid": 45, "subject_tid": 0, "predicate": "lie_beneath", "begin_fid": 15, "object_tid": 2}, {"end_fid": 45, "subject_tid": 2, "predicate": "walk_above", "begin_fid": 15, "object_tid": 0}, {"end_fid": 45, "subject_tid": 2, "predicate": "walk_left", "begin_fid": 15, "object_tid": 0}, {"end_fid": 45, "subject_tid": 1, "predicate": "stand_right", "begin_fid": 15, "object_tid": 2}, {"end_fid": 45, "subject_tid": 1, "predicate": "stand_beneath", "begin_fid": 15, "object_tid": 2}, {"end_fid": 45, "subject_tid": 2, "predicate": "walk_above", "begin_fid": 15, "object_tid": 1}, {"end_fid": 45, "subject_tid": 2, "predicate": "walk_left", "begin_fid": 15, "object_tid": 1}, {"end_fid": 90, "subject_tid": 0, "predicate": "stand_left", "begin_fid": 60, "object_tid": 1}, {"end_fid": 90, "subject_tid": 1, "predicate": "lie_right", "begin_fid": 60, "object_tid": 0}, {"end_fid": 90, "subject_tid": 0, "predicate": "lie_right", "begin_fid": 60, "object_tid": 2}, {"end_fid": 90, "subject_tid": 0, "predicate": "lie_beneath", "begin_fid": 60, "object_tid": 2}, {"end_fid": 90, "subject_tid": 2, "predicate": "walk_above", "begin_fid": 60, "object_tid": 0}, {"end_fid": 90, "subject_tid": 2, "predicate": "walk_left", "begin_fid": 60, "object_tid": 0}, {"end_fid": 90, "subject_tid": 1, "predicate": "stand_right", "begin_fid": 60, "object_tid": 2}, {"end_fid": 90, "subject_tid": 1, "predicate": "stand_beneath", "begin_fid": 60, "object_tid": 2}, {"end_fid": 90, "subject_tid": 2, "predicate": "walk_above", "begin_fid": 60, "object_tid": 1}, {"end_fid": 90, "subject_tid": 2, "predicate": "walk_left", "begin_fid": 60, "object_tid": 1}, {"end_fid": 195, "subject_tid": 0, "predicate": "lie_right", "begin_fid": 165, "object_tid": 1}, {"end_fid": 195, "subject_tid": 1, "predicate": "lie_left", "begin_fid": 165, "object_tid": 0}, {"end_fid": 195, "subject_tid": 0, "predicate": "lie_right", "begin_fid": 165, "object_tid": 2}, {"end_fid": 195, "subject_tid": 0, "predicate": "lie_beneath", "begin_fid": 165, "object_tid": 2}, {"end_fid": 195, "subject_tid": 2, "predicate": "lie_above", "begin_fid": 165, "object_tid": 0}, {"end_fid": 195, "subject_tid": 2, "predicate": "lie_left", "begin_fid": 165, "object_tid": 0}, {"end_fid": 195, "subject_tid": 1, "predicate": "stand_right", "begin_fid": 165, "object_tid": 2}, {"end_fid": 195, "subject_tid": 1, "predicate": "stand_beneath", "begin_fid": 165, "object_tid": 2}, {"end_fid": 195, "subject_tid": 2, "predicate": "lie_above", "begin_fid": 165, "object_tid": 1}, {"end_fid": 195, "subject_tid": 2, "predicate": "lie_left", "begin_fid": 165, "object_tid": 1}, {"end_fid": 360, "subject_tid": 0, "predicate": "creep_right", "begin_fid": 330, "object_tid": 1}, {"end_fid": 360, "subject_tid": 1, "predicate": "stand_left", "begin_fid": 330, "object_tid": 0}, {"end_fid": 390, "subject_tid": 0, "predicate": "fight", "begin_fid": 360, "object_tid": 1}, {"end_fid": 390, "subject_tid": 1, "predicate": "fight", "begin_fid": 360, "object_tid": 0}, {"end_fid": 405, "subject_tid": 0, "predicate": "fight", "begin_fid": 375, "object_tid": 1}, {"end_fid": 405, "subject_tid": 1, "predicate": "fight", "begin_fid": 375, "object_tid": 0}, {"end_fid": 420, "subject_tid": 0, "predicate": "fight", "begin_fid": 390, "object_tid": 1}, {"end_fid": 420, "subject_tid": 1, "predicate": "fight", "begin_fid": 390, "object_tid": 0}], "height": 720}