{"width": 1280, "frame_count": 552, "video_id": "ILSVRC2015_train_00258001", "fps": 23, "trajectories": [[{"tid": 0, "generated": 0, "bbox": {"xmin": 403, "ymin": 232, "ymax": 311, "xmax": 520}}, {"tid": 1, "generated": 0, "bbox": {"xmin": 513, "ymin": 202, "ymax": 229, "xmax": 551}}], [{"tid": 0, "generated": 0, "bbox": {"xmin": 399, "ymin": 234, "ymax": 309, "xmax": 518}}, {"tid": 1, "generated": 0, "bbox": {"xmin": 514, "ymin": 201, "ymax": 227, "xmax": 551}}], [{"tid": 0, "generated": 0, "bbox": {"xmin": 396, "ymin": 236, "ymax": 307, "xmax": 517}}, {"tid": 1, "generated": 0, "bbox": {"xmin": 515, "ymin": 200, "ymax": 225, "xmax": 551}}], [{"tid": 0, "generated": 0, "bbox": {"xmin": 391, "ymin": 236, "ymax": 305, "xmax": 515}}, {"tid": 1, "generated": 0, "bbox": {"xmin": 517, "ymin": 199, "ymax": 224, "xmax": 552}}], [{"tid": 0, "generated": 0, "bbox": {"xmin": 389, "ymin": 238, "ymax": 305, "xmax": 515}}, {"tid": 1, "generated": 0, "bbox": {"xmin": 518, "ymin": 199, "ymax": 224, "xmax": 554}}], [{"tid": 0, "generated": 0, "bbox": {"xmin": 384, "ymin": 240, "ymax": 305, "xmax": 513}}, {"tid": 1, "generated": 0, "bbox": {"xmin": 520, "ymin": 200, "ymax": 225, "xmax": 556}}], [{"tid": 0, "generated": 0, "bbox": {"xmin": 384, "ymin": 240, "ymax": 305, "xmax": 515}}, {"tid": 1, "generated": 0, "bbox": {"xmin": 520, "ymin": 197, "ymax": 224, "xmax": 560}}], [{"tid": 0, "generated": 0, "bbox": {"xmin": 380, "ymin": 238, "ymax": 305, "xmax": 512}}, {"tid": 1, "generated": 0, "bbox": {"xmin": 520, "ymin": 195, "ymax": 220, "xmax": 561}}], [{"tid": 0, "generated": 0, "bbox": {"xmin": 380, "ymin": 236, "ymax": 302, "xmax": 510}}, {"tid": 1, "generated": 0, "bbox": {"xmin": 520, "ymin": 195, "ymax": 218, "xmax": 563}}], [{"tid": 0, "generated": 0, "bbox": {"xmin": 382, "ymin": 236, "ymax": 305, "xmax": 510}}, {"tid": 1, "generated": 0, "bbox": {"xmin": 522, "ymin": 193, "ymax": 220, "xmax": 567}}], [{"tid": 0, "generated": 0, "bbox": {"xmin": 382, "ymin": 236, "ymax": 305, "xmax": 510}}, {"tid": 1, "generated": 0, "bbox": {"xmin": 522, "ymin": 193, "ymax": 222, "xmax": 565}}], [{"tid": 0, "generated": 0, "bbox": {"xmin": 385, "ymin": 236, "ymax": 302, "xmax": 510}}, {"tid": 1, "generated": 0, "bbox": {"xmin": 524, "ymin": 192, "ymax": 224, "xmax": 565}}], [{"tid": 0, "generated": 0, "bbox": {"xmin": 385, "ymin": 236, "ymax": 305, "xmax": 504}}, {"tid": 1, "generated": 0, "bbox": {"xmin": 538, "ymin": 190, "ymax": 220, "xmax": 568}}], [{"tid": 0, "generated": 0, "bbox": {"xmin": 384, "ymin": 236, "ymax": 302, "xmax": 503}}, {"tid": 1, "generated": 0, "bbox": {"xmin": 540, "ymin": 187, "ymax": 219, "xmax": 569}}], [{"tid": 0, "generated": 0, "bbox": {"xmin": 384, "ymin": 238, "ymax": 304, "xmax": 497}}, {"tid": 1, "generated": 0, "bbox": {"xmin": 542, "ymin": 184, "ymax": 218, "xmax": 570}}], [{"tid": 0, "generated": 0, "bbox": {"xmin": 385, "ymin": 241, "ymax": 300, "xmax": 499}}, {"tid": 1, "generated": 0, "bbox": {"xmin": 540, "ymin": 183, "ymax": 215, "xmax": 572}}], [{"tid": 0, "generated": 0, "bbox": {"xmin": 384, "ymin": 245, "ymax": 300, "xmax": 496}}, {"tid": 1, "generated": 0, "bbox": {"xmin": 542, "ymin": 181, "ymax": 211, "xmax": 570}}], [{"tid": 0, "generated": 0, "bbox": {"xmin": 385, "ymin": 245, "ymax": 302, "xmax": 494}}, {"tid": 1, "generated": 0, "bbox": {"xmin": 542, "ymin": 181, "ymax": 218, "xmax": 568}}], [{"tid": 0, "generated": 0, "bbox": {"xmin": 387, "ymin": 245, "ymax": 302, "xmax": 492}}, {"tid": 1, "generated": 0, "bbox": {"xmin": 544, "ymin": 181, "ymax": 216, "xmax": 574}}], [{"tid": 0, "generated": 0, "bbox": {"xmin": 389, "ymin": 247, "ymax": 300, "xmax": 488}}, {"tid": 1, "generated": 0, "bbox": {"xmin": 544, "ymin": 180, "ymax": 213, "xmax": 575}}], [{"tid": 0, "generated": 0, "bbox": {"xmin": 391, "ymin": 248, "ymax": 298, "xmax": 492}}, {"tid": 1, "generated": 0, "bbox": {"xmin": 545, "ymin": 179, "ymax": 211, "xmax": 576}}], [{"tid": 0, "generated": 0, "bbox": {"xmin": 396, "ymin": 247, "ymax": 300, "xmax": 492}}, {"tid": 1, "generated": 0, "bbox": {"xmin": 547, "ymin": 179, "ymax": 213, "xmax": 576}}], [{"tid": 0, "generated": 0, "bbox": {"xmin": 396, "ymin": 245, "ymax": 298, "xmax": 490}}, {"tid": 1, "generated": 0, "bbox": {"xmin": 547, "ymin": 177, "ymax": 206, "xmax": 574}}], [{"tid": 0, "generated": 0, "bbox": {"xmin": 400, "ymin": 247, "ymax": 295, "xmax": 492}}, {"tid": 1, "generated": 0, "bbox": {"xmin": 547, "ymin": 177, "ymax": 209, "xmax": 577}}], [{"tid": 0, "generated": 0, "bbox": {"xmin": 398, "ymin": 245, "ymax": 296, "xmax": 496}}, {"tid": 1, "generated": 0, "bbox": {"xmin": 549, "ymin": 176, "ymax": 206, "xmax": 581}}], [{"tid": 0, "generated": 0, "bbox": {"xmin": 400, "ymin": 245, "ymax": 291, "xmax": 496}}, {"tid": 1, "generated": 0, "bbox": {"xmin": 552, "ymin": 176, "ymax": 208, "xmax": 577}}], [{"tid": 0, "generated": 0, "bbox": {"xmin": 398, "ymin": 243, "ymax": 293, "xmax": 497}}, {"tid": 1, "generated": 0, "bbox": {"xmin": 551, "ymin": 175, "ymax": 206, "xmax": 578}}], [{"tid": 0, "generated": 0, "bbox": {"xmin": 396, "ymin": 241, "ymax": 289, "xmax": 501}}, {"tid": 1, "generated": 0, "bbox": {"xmin": 551, "ymin": 174, "ymax": 204, "xmax": 579}}], [{"tid": 0, "generated": 0, "bbox": {"xmin": 396, "ymin": 240, "ymax": 295, "xmax": 503}}, {"tid": 1, "generated": 0, "bbox": {"xmin": 551, "ymin": 174, "ymax": 208, "xmax": 579}}], [{"tid": 0, "generated": 0, "bbox": {"xmin": 396, "ymin": 238, "ymax": 293, "xmax": 501}}, {"tid": 1, "generated": 0, "bbox": {"xmin": 551, "ymin": 172, "ymax": 204, "xmax": 581}}], [], [], [], [], [], [], [], [], [], [], [], [], [], [], [], [], [], [], [], [], [], [], [], [], [], [], [], [], [], [], [], [], [], [], [], [], [], [], [], [], [], [], [], [], [], [{"tid": 0, "generated": 0, "bbox": {"xmin": 384, "ymin": 280, "ymax": 382, "xmax": 494}}, {"tid": 1, "generated": 0, "bbox": {"xmin": 554, "ymin": 240, "ymax": 277, "xmax": 600}}], [{"tid": 0, "generated": 0, "bbox": {"xmin": 384, "ymin": 282, "ymax": 384, "xmax": 496}}, {"tid": 1, "generated": 0, "bbox": {"xmin": 556, "ymin": 240, "ymax": 280, "xmax": 602}}], [{"tid": 0, "generated": 0, "bbox": {"xmin": 384, "ymin": 284, "ymax": 389, "xmax": 497}}, {"tid": 1, "generated": 0, "bbox": {"xmin": 556, "ymin": 241, "ymax": 284, "xmax": 604}}], [{"tid": 0, "generated": 0, "bbox": {"xmin": 380, "ymin": 286, "ymax": 389, "xmax": 499}}, {"tid": 1, "generated": 0, "bbox": {"xmin": 561, "ymin": 241, "ymax": 284, "xmax": 608}}], [{"tid": 0, "generated": 0, "bbox": {"xmin": 376, "ymin": 288, "ymax": 394, "xmax": 499}}, {"tid": 1, "generated": 0, "bbox": {"xmin": 560, "ymin": 243, "ymax": 286, "xmax": 609}}], [{"tid": 0, "generated": 0, "bbox": {"xmin": 373, "ymin": 289, "ymax": 401, "xmax": 496}}, {"tid": 1, "generated": 0, "bbox": {"xmin": 560, "ymin": 243, "ymax": 289, "xmax": 611}}], [{"tid": 0, "generated": 0, "bbox": {"xmin": 371, "ymin": 289, "ymax": 403, "xmax": 501}}, {"tid": 1, "generated": 0, "bbox": {"xmin": 560, "ymin": 247, "ymax": 288, "xmax": 615}}], [{"tid": 0, "generated": 0, "bbox": {"xmin": 369, "ymin": 293, "ymax": 407, "xmax": 492}}, {"tid": 1, "generated": 0, "bbox": {"xmin": 568, "ymin": 248, "ymax": 288, "xmax": 615}}], [{"tid": 0, "generated": 0, "bbox": {"xmin": 364, "ymin": 295, "ymax": 408, "xmax": 496}}, {"tid": 1, "generated": 0, "bbox": {"xmin": 567, "ymin": 248, "ymax": 289, "xmax": 620}}], [{"tid": 0, "generated": 0, "bbox": {"xmin": 366, "ymin": 298, "ymax": 412, "xmax": 496}}, {"tid": 1, "generated": 0, "bbox": {"xmin": 565, "ymin": 248, "ymax": 293, "xmax": 620}}], [{"tid": 0, "generated": 0, "bbox": {"xmin": 362, "ymin": 298, "ymax": 416, "xmax": 501}}, {"tid": 1, "generated": 0, "bbox": {"xmin": 567, "ymin": 248, "ymax": 293, "xmax": 625}}], [{"tid": 0, "generated": 0, "bbox": {"xmin": 359, "ymin": 300, "ymax": 419, "xmax": 506}}, {"tid": 1, "generated": 0, "bbox": {"xmin": 567, "ymin": 248, "ymax": 293, "xmax": 629}}], [{"tid": 0, "generated": 0, "bbox": {"xmin": 359, "ymin": 302, "ymax": 424, "xmax": 510}}, {"tid": 1, "generated": 0, "bbox": {"xmin": 568, "ymin": 247, "ymax": 298, "xmax": 629}}], [{"tid": 0, "generated": 0, "bbox": {"xmin": 352, "ymin": 302, "ymax": 423, "xmax": 512}}, {"tid": 1, "generated": 0, "bbox": {"xmin": 570, "ymin": 247, "ymax": 300, "xmax": 632}}], [{"tid": 0, "generated": 0, "bbox": {"xmin": 356, "ymin": 303, "ymax": 427, "xmax": 513}}, {"tid": 1, "generated": 0, "bbox": {"xmin": 570, "ymin": 247, "ymax": 298, "xmax": 636}}], [{"tid": 0, "generated": 0, "bbox": {"xmin": 360, "ymin": 304, "ymax": 432, "xmax": 515}}, {"tid": 1, "generated": 0, "bbox": {"xmin": 568, "ymin": 248, "ymax": 298, "xmax": 638}}], [{"tid": 0, "generated": 0, "bbox": {"xmin": 360, "ymin": 304, "ymax": 440, "xmax": 513}}, {"tid": 1, "generated": 0, "bbox": {"xmin": 568, "ymin": 248, "ymax": 305, "xmax": 638}}], [{"tid": 0, "generated": 0, "bbox": {"xmin": 362, "ymin": 304, "ymax": 442, "xmax": 515}}, {"tid": 1, "generated": 0, "bbox": {"xmin": 570, "ymin": 248, "ymax": 304, "xmax": 645}}], [{"tid": 0, "generated": 0, "bbox": {"xmin": 364, "ymin": 305, "ymax": 444, "xmax": 517}}, {"tid": 1, "generated": 0, "bbox": {"xmin": 570, "ymin": 248, "ymax": 305, "xmax": 643}}], [{"tid": 0, "generated": 0, "bbox": {"xmin": 371, "ymin": 311, "ymax": 446, "xmax": 515}}, {"tid": 1, "generated": 0, "bbox": {"xmin": 570, "ymin": 248, "ymax": 307, "xmax": 643}}], [{"tid": 0, "generated": 0, "bbox": {"xmin": 371, "ymin": 311, "ymax": 453, "xmax": 522}}, {"tid": 1, "generated": 0, "bbox": {"xmin": 574, "ymin": 248, "ymax": 305, "xmax": 650}}], [{"tid": 0, "generated": 0, "bbox": {"xmin": 382, "ymin": 311, "ymax": 460, "xmax": 536}}, {"tid": 1, "generated": 0, "bbox": {"xmin": 572, "ymin": 252, "ymax": 311, "xmax": 650}}], [{"tid": 0, "generated": 0, "bbox": {"xmin": 380, "ymin": 314, "ymax": 465, "xmax": 544}}, {"tid": 1, "generated": 0, "bbox": {"xmin": 574, "ymin": 252, "ymax": 309, "xmax": 657}}], [{"tid": 0, "generated": 0, "bbox": {"xmin": 378, "ymin": 314, "ymax": 467, "xmax": 554}}, {"tid": 1, "generated": 0, "bbox": {"xmin": 579, "ymin": 252, "ymax": 311, "xmax": 661}}], [{"tid": 0, "generated": 0, "bbox": {"xmin": 378, "ymin": 314, "ymax": 469, "xmax": 552}}, {"tid": 1, "generated": 0, "bbox": {"xmin": 579, "ymin": 252, "ymax": 312, "xmax": 661}}], [{"tid": 0, "generated": 0, "bbox": {"xmin": 376, "ymin": 316, "ymax": 480, "xmax": 551}}, {"tid": 1, "generated": 0, "bbox": {"xmin": 581, "ymin": 252, "ymax": 316, "xmax": 666}}], [{"tid": 0, "generated": 0, "bbox": {"xmin": 375, "ymin": 316, "ymax": 485, "xmax": 552}}, {"tid": 1, "generated": 0, "bbox": {"xmin": 583, "ymin": 252, "ymax": 318, "xmax": 666}}], [{"tid": 0, "generated": 0, "bbox": {"xmin": 373, "ymin": 320, "ymax": 488, "xmax": 556}}, {"tid": 1, "generated": 0, "bbox": {"xmin": 579, "ymin": 254, "ymax": 318, "xmax": 668}}], [{"tid": 0, "generated": 0, "bbox": {"xmin": 364, "ymin": 321, "ymax": 492, "xmax": 554}}, {"tid": 1, "generated": 0, "bbox": {"xmin": 584, "ymin": 256, "ymax": 321, "xmax": 672}}], [{"tid": 0, "generated": 0, "bbox": {"xmin": 359, "ymin": 321, "ymax": 496, "xmax": 556}}, {"tid": 1, "generated": 0, "bbox": {"xmin": 584, "ymin": 257, "ymax": 321, "xmax": 675}}], [], [], [], [], [], [], [], [], [], [], [], [], [], [], [], [{"tid": 0, "generated": 0, "bbox": {"xmin": 245, "ymin": 327, "ymax": 542, "xmax": 515}}, {"tid": 1, "generated": 0, "bbox": {"xmin": 426, "ymin": 234, "ymax": 339, "xmax": 586}}], [{"tid": 0, "generated": 0, "bbox": {"xmin": 240, "ymin": 321, "ymax": 542, "xmax": 528}}, {"tid": 1, "generated": 0, "bbox": {"xmin": 424, "ymin": 238, "ymax": 344, "xmax": 554}}], [{"tid": 0, "generated": 0, "bbox": {"xmin": 234, "ymin": 320, "ymax": 544, "xmax": 526}}, {"tid": 1, "generated": 0, "bbox": {"xmin": 421, "ymin": 234, "ymax": 346, "xmax": 544}}], [{"tid": 0, "generated": 0, "bbox": {"xmin": 229, "ymin": 318, "ymax": 540, "xmax": 522}}, {"tid": 1, "generated": 0, "bbox": {"xmin": 417, "ymin": 231, "ymax": 341, "xmax": 538}}], [{"tid": 0, "generated": 0, "bbox": {"xmin": 224, "ymin": 316, "ymax": 547, "xmax": 517}}, {"tid": 1, "generated": 0, "bbox": {"xmin": 416, "ymin": 231, "ymax": 337, "xmax": 531}}], [{"tid": 0, "generated": 0, "bbox": {"xmin": 220, "ymin": 318, "ymax": 545, "xmax": 513}}, {"tid": 1, "generated": 0, "bbox": {"xmin": 414, "ymin": 227, "ymax": 341, "xmax": 524}}], [{"tid": 0, "generated": 0, "bbox": {"xmin": 216, "ymin": 316, "ymax": 545, "xmax": 517}}, {"tid": 1, "generated": 0, "bbox": {"xmin": 412, "ymin": 225, "ymax": 337, "xmax": 519}}], [{"tid": 0, "generated": 0, "bbox": {"xmin": 216, "ymin": 314, "ymax": 542, "xmax": 515}}, {"tid": 1, "generated": 0, "bbox": {"xmin": 410, "ymin": 222, "ymax": 332, "xmax": 517}}], [{"tid": 0, "generated": 0, "bbox": {"xmin": 211, "ymin": 312, "ymax": 542, "xmax": 513}}, {"tid": 1, "generated": 0, "bbox": {"xmin": 408, "ymin": 220, "ymax": 339, "xmax": 510}}], [{"tid": 0, "generated": 0, "bbox": {"xmin": 211, "ymin": 311, "ymax": 544, "xmax": 512}}, {"tid": 1, "generated": 0, "bbox": {"xmin": 407, "ymin": 220, "ymax": 336, "xmax": 504}}], [{"tid": 0, "generated": 0, "bbox": {"xmin": 202, "ymin": 309, "ymax": 540, "xmax": 508}}, {"tid": 1, "generated": 0, "bbox": {"xmin": 405, "ymin": 216, "ymax": 332, "xmax": 503}}], [{"tid": 0, "generated": 0, "bbox": {"xmin": 197, "ymin": 307, "ymax": 538, "xmax": 508}}, {"tid": 1, "generated": 0, "bbox": {"xmin": 405, "ymin": 218, "ymax": 330, "xmax": 499}}], [{"tid": 0, "generated": 0, "bbox": {"xmin": 199, "ymin": 305, "ymax": 538, "xmax": 506}}, {"tid": 1, "generated": 0, "bbox": {"xmin": 405, "ymin": 215, "ymax": 328, "xmax": 495}}], [{"tid": 0, "generated": 0, "bbox": {"xmin": 200, "ymin": 304, "ymax": 535, "xmax": 510}}, {"tid": 1, "generated": 0, "bbox": {"xmin": 405, "ymin": 213, "ymax": 327, "xmax": 492}}], [{"tid": 0, "generated": 0, "bbox": {"xmin": 202, "ymin": 302, "ymax": 533, "xmax": 508}}, {"tid": 1, "generated": 0, "bbox": {"xmin": 405, "ymin": 209, "ymax": 325, "xmax": 490}}], [{"tid": 0, "generated": 0, "bbox": {"xmin": 209, "ymin": 300, "ymax": 531, "xmax": 510}}, {"tid": 1, "generated": 0, "bbox": {"xmin": 405, "ymin": 207, "ymax": 323, "xmax": 488}}], [{"tid": 0, "generated": 0, "bbox": {"xmin": 209, "ymin": 298, "ymax": 530, "xmax": 510}}, {"tid": 1, "generated": 0, "bbox": {"xmin": 405, "ymin": 206, "ymax": 321, "xmax": 487}}], [{"tid": 0, "generated": 0, "bbox": {"xmin": 210, "ymin": 296, "ymax": 529, "xmax": 511}}, {"tid": 1, "generated": 0, "bbox": {"xmin": 405, "ymin": 204, "ymax": 320, "xmax": 488}}], [{"tid": 0, "generated": 0, "bbox": {"xmin": 211, "ymin": 295, "ymax": 529, "xmax": 512}}, {"tid": 1, "generated": 0, "bbox": {"xmin": 405, "ymin": 202, "ymax": 323, "xmax": 487}}], [{"tid": 0, "generated": 0, "bbox": {"xmin": 212, "ymin": 294, "ymax": 527, "xmax": 511}}, {"tid": 1, "generated": 0, "bbox": {"xmin": 405, "ymin": 202, "ymax": 321, "xmax": 487}}], [{"tid": 0, "generated": 0, "bbox": {"xmin": 213, "ymin": 293, "ymax": 526, "xmax": 510}}, {"tid": 1, "generated": 0, "bbox": {"xmin": 405, "ymin": 200, "ymax": 321, "xmax": 485}}], [{"tid": 0, "generated": 0, "bbox": {"xmin": 213, "ymin": 291, "ymax": 522, "xmax": 513}}, {"tid": 1, "generated": 0, "bbox": {"xmin": 405, "ymin": 199, "ymax": 318, "xmax": 487}}], [{"tid": 0, "generated": 0, "bbox": {"xmin": 213, "ymin": 291, "ymax": 522, "xmax": 503}}, {"tid": 1, "generated": 0, "bbox": {"xmin": 405, "ymin": 199, "ymax": 316, "xmax": 490}}], [{"tid": 0, "generated": 0, "bbox": {"xmin": 213, "ymin": 289, "ymax": 519, "xmax": 508}}, {"tid": 1, "generated": 0, "bbox": {"xmin": 405, "ymin": 198, "ymax": 315, "xmax": 489}}], [{"tid": 0, "generated": 0, "bbox": {"xmin": 213, "ymin": 293, "ymax": 517, "xmax": 506}}, {"tid": 1, "generated": 0, "bbox": {"xmin": 405, "ymin": 197, "ymax": 314, "xmax": 488}}], [{"tid": 0, "generated": 0, "bbox": {"xmin": 213, "ymin": 291, "ymax": 520, "xmax": 512}}, {"tid": 1, "generated": 0, "bbox": {"xmin": 408, "ymin": 195, "ymax": 312, "xmax": 490}}], [{"tid": 0, "generated": 0, "bbox": {"xmin": 218, "ymin": 289, "ymax": 517, "xmax": 517}}, {"tid": 1, "generated": 0, "bbox": {"xmin": 407, "ymin": 193, "ymax": 310, "xmax": 491}}], [{"tid": 0, "generated": 0, "bbox": {"xmin": 216, "ymin": 288, "ymax": 520, "xmax": 513}}, {"tid": 1, "generated": 0, "bbox": {"xmin": 407, "ymin": 192, "ymax": 309, "xmax": 492}}], [{"tid": 0, "generated": 0, "bbox": {"xmin": 216, "ymin": 286, "ymax": 519, "xmax": 510}}, {"tid": 1, "generated": 0, "bbox": {"xmin": 407, "ymin": 190, "ymax": 307, "xmax": 496}}], [{"tid": 0, "generated": 0, "bbox": {"xmin": 216, "ymin": 286, "ymax": 517, "xmax": 517}}, {"tid": 1, "generated": 0, "bbox": {"xmin": 410, "ymin": 190, "ymax": 309, "xmax": 497}}], [], [], [], [], [], [], [], [], [], [], [], [], [], [], [], [], [], [], [], [], [], [], [], [], [], [], [], [], [], [], [{"tid": 0, "generated": 0, "bbox": {"xmin": 414, "ymin": 298, "ymax": 513, "xmax": 741}}, {"tid": 1, "generated": 0, "bbox": {"xmin": 401, "ymin": 186, "ymax": 298, "xmax": 483}}], [{"tid": 0, "generated": 0, "bbox": {"xmin": 417, "ymin": 298, "ymax": 517, "xmax": 743}}, {"tid": 1, "generated": 0, "bbox": {"xmin": 398, "ymin": 186, "ymax": 307, "xmax": 480}}], [{"tid": 0, "generated": 0, "bbox": {"xmin": 417, "ymin": 304, "ymax": 512, "xmax": 753}}, {"tid": 1, "generated": 0, "bbox": {"xmin": 398, "ymin": 186, "ymax": 305, "xmax": 478}}], [{"tid": 0, "generated": 0, "bbox": {"xmin": 421, "ymin": 304, "ymax": 513, "xmax": 757}}, {"tid": 1, "generated": 0, "bbox": {"xmin": 394, "ymin": 186, "ymax": 304, "xmax": 481}}], [{"tid": 0, "generated": 0, "bbox": {"xmin": 428, "ymin": 304, "ymax": 508, "xmax": 762}}, {"tid": 1, "generated": 0, "bbox": {"xmin": 391, "ymin": 186, "ymax": 302, "xmax": 483}}], [{"tid": 0, "generated": 0, "bbox": {"xmin": 432, "ymin": 304, "ymax": 512, "xmax": 759}}, {"tid": 1, "generated": 0, "bbox": {"xmin": 387, "ymin": 186, "ymax": 298, "xmax": 480}}], [{"tid": 0, "generated": 0, "bbox": {"xmin": 435, "ymin": 302, "ymax": 512, "xmax": 755}}, {"tid": 1, "generated": 0, "bbox": {"xmin": 384, "ymin": 186, "ymax": 304, "xmax": 476}}], [{"tid": 0, "generated": 0, "bbox": {"xmin": 437, "ymin": 302, "ymax": 508, "xmax": 753}}, {"tid": 1, "generated": 0, "bbox": {"xmin": 380, "ymin": 188, "ymax": 304, "xmax": 472}}], [{"tid": 0, "generated": 0, "bbox": {"xmin": 442, "ymin": 304, "ymax": 513, "xmax": 753}}, {"tid": 1, "generated": 0, "bbox": {"xmin": 376, "ymin": 188, "ymax": 302, "xmax": 469}}], [{"tid": 0, "generated": 0, "bbox": {"xmin": 448, "ymin": 304, "ymax": 512, "xmax": 752}}, {"tid": 1, "generated": 0, "bbox": {"xmin": 373, "ymin": 188, "ymax": 302, "xmax": 469}}], [{"tid": 0, "generated": 0, "bbox": {"xmin": 455, "ymin": 307, "ymax": 508, "xmax": 760}}, {"tid": 1, "generated": 0, "bbox": {"xmin": 369, "ymin": 188, "ymax": 304, "xmax": 467}}], [{"tid": 0, "generated": 0, "bbox": {"xmin": 464, "ymin": 314, "ymax": 512, "xmax": 778}}, {"tid": 1, "generated": 0, "bbox": {"xmin": 364, "ymin": 188, "ymax": 302, "xmax": 464}}], [{"tid": 0, "generated": 0, "bbox": {"xmin": 465, "ymin": 318, "ymax": 510, "xmax": 792}}, {"tid": 1, "generated": 0, "bbox": {"xmin": 360, "ymin": 188, "ymax": 300, "xmax": 458}}], [{"tid": 0, "generated": 0, "bbox": {"xmin": 465, "ymin": 321, "ymax": 515, "xmax": 792}}, {"tid": 1, "generated": 0, "bbox": {"xmin": 355, "ymin": 188, "ymax": 305, "xmax": 451}}], [{"tid": 0, "generated": 0, "bbox": {"xmin": 464, "ymin": 323, "ymax": 513, "xmax": 792}}, {"tid": 1, "generated": 0, "bbox": {"xmin": 352, "ymin": 188, "ymax": 305, "xmax": 448}}], [{"tid": 0, "generated": 0, "bbox": {"xmin": 464, "ymin": 323, "ymax": 508, "xmax": 789}}, {"tid": 1, "generated": 0, "bbox": {"xmin": 346, "ymin": 188, "ymax": 307, "xmax": 442}}], [{"tid": 0, "generated": 0, "bbox": {"xmin": 464, "ymin": 325, "ymax": 512, "xmax": 778}}, {"tid": 1, "generated": 0, "bbox": {"xmin": 341, "ymin": 188, "ymax": 305, "xmax": 437}}], [{"tid": 0, "generated": 0, "bbox": {"xmin": 456, "ymin": 330, "ymax": 515, "xmax": 771}}, {"tid": 1, "generated": 0, "bbox": {"xmin": 339, "ymin": 188, "ymax": 304, "xmax": 433}}], [{"tid": 0, "generated": 0, "bbox": {"xmin": 453, "ymin": 336, "ymax": 512, "xmax": 766}}, {"tid": 1, "generated": 0, "bbox": {"xmin": 332, "ymin": 188, "ymax": 307, "xmax": 424}}], [{"tid": 0, "generated": 0, "bbox": {"xmin": 444, "ymin": 341, "ymax": 510, "xmax": 760}}, {"tid": 1, "generated": 0, "bbox": {"xmin": 328, "ymin": 188, "ymax": 304, "xmax": 423}}], [{"tid": 0, "generated": 0, "bbox": {"xmin": 437, "ymin": 348, "ymax": 513, "xmax": 752}}, {"tid": 1, "generated": 0, "bbox": {"xmin": 321, "ymin": 190, "ymax": 307, "xmax": 417}}], [{"tid": 0, "generated": 0, "bbox": {"xmin": 432, "ymin": 348, "ymax": 513, "xmax": 746}}, {"tid": 1, "generated": 0, "bbox": {"xmin": 316, "ymin": 190, "ymax": 305, "xmax": 408}}], [{"tid": 0, "generated": 0, "bbox": {"xmin": 423, "ymin": 348, "ymax": 513, "xmax": 743}}, {"tid": 1, "generated": 0, "bbox": {"xmin": 309, "ymin": 190, "ymax": 302, "xmax": 405}}], [{"tid": 0, "generated": 0, "bbox": {"xmin": 416, "ymin": 348, "ymax": 512, "xmax": 737}}, {"tid": 1, "generated": 0, "bbox": {"xmin": 302, "ymin": 190, "ymax": 305, "xmax": 400}}], [{"tid": 0, "generated": 0, "bbox": {"xmin": 408, "ymin": 348, "ymax": 510, "xmax": 727}}, {"tid": 1, "generated": 0, "bbox": {"xmin": 295, "ymin": 190, "ymax": 304, "xmax": 389}}], [{"tid": 0, "generated": 0, "bbox": {"xmin": 398, "ymin": 346, "ymax": 512, "xmax": 716}}, {"tid": 1, "generated": 0, "bbox": {"xmin": 287, "ymin": 190, "ymax": 304, "xmax": 381}}], [{"tid": 0, "generated": 0, "bbox": {"xmin": 391, "ymin": 344, "ymax": 508, "xmax": 712}}, {"tid": 1, "generated": 0, "bbox": {"xmin": 279, "ymin": 190, "ymax": 304, "xmax": 373}}], [{"tid": 0, "generated": 0, "bbox": {"xmin": 384, "ymin": 343, "ymax": 506, "xmax": 720}}, {"tid": 1, "generated": 0, "bbox": {"xmin": 272, "ymin": 190, "ymax": 304, "xmax": 364}}], [{"tid": 0, "generated": 0, "bbox": {"xmin": 376, "ymin": 332, "ymax": 510, "xmax": 721}}, {"tid": 1, "generated": 0, "bbox": {"xmin": 264, "ymin": 190, "ymax": 304, "xmax": 355}}], [{"tid": 0, "generated": 0, "bbox": {"xmin": 371, "ymin": 320, "ymax": 508, "xmax": 720}}, {"tid": 1, "generated": 0, "bbox": {"xmin": 256, "ymin": 191, "ymax": 304, "xmax": 348}}], [], [], [], [], [], [], [], [], [], [], [], [], [], [], [], [], [], [], [], [], [], [], [], [], [], [], [], [], [], [], [], [], [], [], [], [], [], [], [], [], [], [], [], [], [], [], [], [], [], [], [], [], [], [], [], [], [], [], [], [], [], [], [], [], [], [], [], [], [], [], [], [], [], [], [], [], [], [], [], [], [], [], [], [], [], [], [], [], [], [], [], [], [], [], [], [], [], [], [], [], [], [], [], [], [], [{"tid": 0, "generated": 0, "bbox": {"xmin": 1052, "ymin": 0, "ymax": 170, "xmax": 1272}}, {"tid": 1, "generated": 0, "bbox": {"xmin": 232, "ymin": 252, "ymax": 403, "xmax": 401}}], [{"tid": 0, "generated": 0, "bbox": {"xmin": 1050, "ymin": 0, "ymax": 176, "xmax": 1265}}, {"tid": 1, "generated": 0, "bbox": {"xmin": 225, "ymin": 243, "ymax": 405, "xmax": 401}}], [{"tid": 0, "generated": 0, "bbox": {"xmin": 1052, "ymin": 0, "ymax": 183, "xmax": 1253}}, {"tid": 1, "generated": 0, "bbox": {"xmin": 213, "ymin": 272, "ymax": 426, "xmax": 376}}], [{"tid": 0, "generated": 0, "bbox": {"xmin": 1050, "ymin": 0, "ymax": 184, "xmax": 1249}}, {"tid": 1, "generated": 0, "bbox": {"xmin": 211, "ymin": 272, "ymax": 435, "xmax": 339}}], [{"tid": 0, "generated": 0, "bbox": {"xmin": 1054, "ymin": 0, "ymax": 186, "xmax": 1240}}, {"tid": 1, "generated": 0, "bbox": {"xmin": 211, "ymin": 272, "ymax": 439, "xmax": 328}}], [{"tid": 0, "generated": 0, "bbox": {"xmin": 1057, "ymin": 0, "ymax": 190, "xmax": 1230}}, {"tid": 1, "generated": 0, "bbox": {"xmin": 197, "ymin": 273, "ymax": 446, "xmax": 316}}], [{"tid": 0, "generated": 0, "bbox": {"xmin": 1066, "ymin": 0, "ymax": 197, "xmax": 1232}}, {"tid": 1, "generated": 0, "bbox": {"xmin": 190, "ymin": 275, "ymax": 448, "xmax": 311}}], [{"tid": 0, "generated": 0, "bbox": {"xmin": 1072, "ymin": 0, "ymax": 197, "xmax": 1226}}, {"tid": 1, "generated": 0, "bbox": {"xmin": 183, "ymin": 277, "ymax": 451, "xmax": 304}}], [{"tid": 0, "generated": 0, "bbox": {"xmin": 1080, "ymin": 0, "ymax": 197, "xmax": 1223}}, {"tid": 1, "generated": 0, "bbox": {"xmin": 176, "ymin": 280, "ymax": 455, "xmax": 295}}], [{"tid": 0, "generated": 0, "bbox": {"xmin": 1086, "ymin": 0, "ymax": 200, "xmax": 1219}}, {"tid": 1, "generated": 0, "bbox": {"xmin": 168, "ymin": 289, "ymax": 460, "xmax": 284}}], [{"tid": 0, "generated": 0, "bbox": {"xmin": 1091, "ymin": 0, "ymax": 208, "xmax": 1221}}, {"tid": 1, "generated": 0, "bbox": {"xmin": 161, "ymin": 323, "ymax": 464, "xmax": 275}}], [{"tid": 0, "generated": 0, "bbox": {"xmin": 1088, "ymin": 0, "ymax": 206, "xmax": 1221}}, {"tid": 1, "generated": 0, "bbox": {"xmin": 154, "ymin": 328, "ymax": 471, "xmax": 270}}], [{"tid": 0, "generated": 0, "bbox": {"xmin": 1084, "ymin": 0, "ymax": 208, "xmax": 1221}}, {"tid": 1, "generated": 0, "bbox": {"xmin": 149, "ymin": 328, "ymax": 472, "xmax": 270}}], [{"tid": 0, "generated": 0, "bbox": {"xmin": 1080, "ymin": 0, "ymax": 215, "xmax": 1217}}, {"tid": 1, "generated": 0, "bbox": {"xmin": 144, "ymin": 330, "ymax": 472, "xmax": 261}}], [{"tid": 0, "generated": 0, "bbox": {"xmin": 1077, "ymin": 0, "ymax": 208, "xmax": 1219}}, {"tid": 1, "generated": 0, "bbox": {"xmin": 138, "ymin": 334, "ymax": 469, "xmax": 257}}], [{"tid": 0, "generated": 0, "bbox": {"xmin": 1075, "ymin": 0, "ymax": 206, "xmax": 1210}}, {"tid": 1, "generated": 0, "bbox": {"xmin": 133, "ymin": 344, "ymax": 485, "xmax": 257}}], [{"tid": 0, "generated": 0, "bbox": {"xmin": 1073, "ymin": 0, "ymax": 209, "xmax": 1203}}, {"tid": 1, "generated": 0, "bbox": {"xmin": 129, "ymin": 350, "ymax": 490, "xmax": 252}}], [{"tid": 0, "generated": 0, "bbox": {"xmin": 1068, "ymin": 0, "ymax": 209, "xmax": 1200}}, {"tid": 1, "generated": 0, "bbox": {"xmin": 120, "ymin": 350, "ymax": 490, "xmax": 248}}], [{"tid": 0, "generated": 0, "bbox": {"xmin": 1064, "ymin": 0, "ymax": 215, "xmax": 1192}}, {"tid": 1, "generated": 0, "bbox": {"xmin": 117, "ymin": 350, "ymax": 490, "xmax": 243}}], [{"tid": 0, "generated": 0, "bbox": {"xmin": 1050, "ymin": 0, "ymax": 213, "xmax": 1189}}, {"tid": 1, "generated": 0, "bbox": {"xmin": 113, "ymin": 346, "ymax": 503, "xmax": 241}}], [{"tid": 0, "generated": 0, "bbox": {"xmin": 1040, "ymin": 0, "ymax": 222, "xmax": 1182}}, {"tid": 1, "generated": 0, "bbox": {"xmin": 117, "ymin": 344, "ymax": 506, "xmax": 243}}], [{"tid": 0, "generated": 0, "bbox": {"xmin": 1040, "ymin": 0, "ymax": 220, "xmax": 1175}}, {"tid": 1, "generated": 0, "bbox": {"xmin": 113, "ymin": 346, "ymax": 508, "xmax": 240}}], [{"tid": 0, "generated": 0, "bbox": {"xmin": 1040, "ymin": 0, "ymax": 220, "xmax": 1168}}, {"tid": 1, "generated": 0, "bbox": {"xmin": 110, "ymin": 343, "ymax": 506, "xmax": 241}}], [{"tid": 0, "generated": 0, "bbox": {"xmin": 1040, "ymin": 1, "ymax": 222, "xmax": 1157}}, {"tid": 1, "generated": 0, "bbox": {"xmin": 106, "ymin": 339, "ymax": 512, "xmax": 240}}], [{"tid": 0, "generated": 0, "bbox": {"xmin": 1040, "ymin": 3, "ymax": 224, "xmax": 1153}}, {"tid": 1, "generated": 0, "bbox": {"xmin": 103, "ymin": 336, "ymax": 511, "xmax": 238}}], [{"tid": 0, "generated": 0, "bbox": {"xmin": 1040, "ymin": 5, "ymax": 227, "xmax": 1153}}, {"tid": 1, "generated": 0, "bbox": {"xmin": 101, "ymin": 334, "ymax": 510, "xmax": 236}}], [{"tid": 0, "generated": 0, "bbox": {"xmin": 1034, "ymin": 7, "ymax": 225, "xmax": 1152}}, {"tid": 1, "generated": 0, "bbox": {"xmin": 92, "ymin": 334, "ymax": 512, "xmax": 234}}], [{"tid": 0, "generated": 0, "bbox": {"xmin": 1032, "ymin": 8, "ymax": 225, "xmax": 1152}}, {"tid": 1, "generated": 0, "bbox": {"xmin": 88, "ymin": 336, "ymax": 519, "xmax": 236}}], [{"tid": 0, "generated": 0, "bbox": {"xmin": 1031, "ymin": 10, "ymax": 229, "xmax": 1150}}, {"tid": 1, "generated": 0, "bbox": {"xmin": 85, "ymin": 337, "ymax": 520, "xmax": 234}}], [{"tid": 0, "generated": 0, "bbox": {"xmin": 1029, "ymin": 14, "ymax": 231, "xmax": 1152}}, {"tid": 1, "generated": 0, "bbox": {"xmin": 81, "ymin": 339, "ymax": 524, "xmax": 231}}], [], [], [], [], [], [], [], [], [], [], [], [], [], [], [], [], [], [], [], [], [], [], [], [], [], [], [], [], [], [], [], [], [], [], [], [], [], [], [], [], [], [], [], [], [], [{"tid": 0, "generated": 0, "bbox": {"xmin": 881, "ymin": 72, "ymax": 296, "xmax": 1045}}, {"tid": 1, "generated": 0, "bbox": {"xmin": 26, "ymin": 465, "ymax": 615, "xmax": 430}}], [{"tid": 0, "generated": 0, "bbox": {"xmin": 872, "ymin": 72, "ymax": 289, "xmax": 1045}}, {"tid": 1, "generated": 0, "bbox": {"xmin": 39, "ymin": 471, "ymax": 613, "xmax": 423}}], [{"tid": 0, "generated": 0, "bbox": {"xmin": 869, "ymin": 72, "ymax": 288, "xmax": 1040}}, {"tid": 1, "generated": 0, "bbox": {"xmin": 96, "ymin": 462, "ymax": 615, "xmax": 401}}], [{"tid": 0, "generated": 0, "bbox": {"xmin": 862, "ymin": 72, "ymax": 289, "xmax": 1038}}, {"tid": 1, "generated": 0, "bbox": {"xmin": 136, "ymin": 451, "ymax": 611, "xmax": 392}}], [{"tid": 0, "generated": 0, "bbox": {"xmin": 858, "ymin": 74, "ymax": 296, "xmax": 1036}}, {"tid": 1, "generated": 0, "bbox": {"xmin": 126, "ymin": 448, "ymax": 615, "xmax": 382}}], [{"tid": 0, "generated": 0, "bbox": {"xmin": 849, "ymin": 74, "ymax": 291, "xmax": 1038}}, {"tid": 1, "generated": 0, "bbox": {"xmin": 115, "ymin": 451, "ymax": 613, "xmax": 375}}], [{"tid": 0, "generated": 0, "bbox": {"xmin": 848, "ymin": 76, "ymax": 291, "xmax": 1040}}, {"tid": 1, "generated": 0, "bbox": {"xmin": 83, "ymin": 455, "ymax": 618, "xmax": 371}}], [{"tid": 0, "generated": 0, "bbox": {"xmin": 846, "ymin": 78, "ymax": 296, "xmax": 1031}}, {"tid": 1, "generated": 0, "bbox": {"xmin": 65, "ymin": 458, "ymax": 615, "xmax": 373}}], [{"tid": 0, "generated": 0, "bbox": {"xmin": 846, "ymin": 80, "ymax": 296, "xmax": 1024}}, {"tid": 1, "generated": 0, "bbox": {"xmin": 67, "ymin": 462, "ymax": 613, "xmax": 371}}], [{"tid": 0, "generated": 0, "bbox": {"xmin": 846, "ymin": 85, "ymax": 298, "xmax": 1000}}, {"tid": 1, "generated": 0, "bbox": {"xmin": 65, "ymin": 465, "ymax": 611, "xmax": 369}}], [{"tid": 0, "generated": 0, "bbox": {"xmin": 846, "ymin": 83, "ymax": 296, "xmax": 981}}, {"tid": 1, "generated": 0, "bbox": {"xmin": 69, "ymin": 471, "ymax": 615, "xmax": 375}}], [{"tid": 0, "generated": 0, "bbox": {"xmin": 842, "ymin": 81, "ymax": 293, "xmax": 965}}, {"tid": 1, "generated": 0, "bbox": {"xmin": 72, "ymin": 471, "ymax": 613, "xmax": 371}}], [{"tid": 0, "generated": 0, "bbox": {"xmin": 839, "ymin": 83, "ymax": 293, "xmax": 965}}, {"tid": 1, "generated": 0, "bbox": {"xmin": 71, "ymin": 472, "ymax": 622, "xmax": 373}}], [{"tid": 0, "generated": 0, "bbox": {"xmin": 842, "ymin": 83, "ymax": 293, "xmax": 963}}, {"tid": 1, "generated": 0, "bbox": {"xmin": 80, "ymin": 476, "ymax": 618, "xmax": 373}}], [{"tid": 0, "generated": 0, "bbox": {"xmin": 830, "ymin": 83, "ymax": 291, "xmax": 961}}, {"tid": 1, "generated": 0, "bbox": {"xmin": 81, "ymin": 478, "ymax": 618, "xmax": 373}}], [{"tid": 0, "generated": 0, "bbox": {"xmin": 819, "ymin": 83, "ymax": 289, "xmax": 960}}, {"tid": 1, "generated": 0, "bbox": {"xmin": 80, "ymin": 485, "ymax": 620, "xmax": 378}}], [{"tid": 0, "generated": 0, "bbox": {"xmin": 816, "ymin": 80, "ymax": 295, "xmax": 963}}, {"tid": 1, "generated": 0, "bbox": {"xmin": 83, "ymin": 488, "ymax": 624, "xmax": 376}}], [{"tid": 0, "generated": 0, "bbox": {"xmin": 817, "ymin": 76, "ymax": 295, "xmax": 965}}, {"tid": 1, "generated": 0, "bbox": {"xmin": 80, "ymin": 488, "ymax": 622, "xmax": 378}}], [{"tid": 0, "generated": 0, "bbox": {"xmin": 819, "ymin": 72, "ymax": 296, "xmax": 967}}, {"tid": 1, "generated": 0, "bbox": {"xmin": 76, "ymin": 494, "ymax": 625, "xmax": 376}}], [{"tid": 0, "generated": 0, "bbox": {"xmin": 821, "ymin": 71, "ymax": 300, "xmax": 961}}, {"tid": 1, "generated": 0, "bbox": {"xmin": 72, "ymin": 494, "ymax": 629, "xmax": 373}}], [{"tid": 0, "generated": 0, "bbox": {"xmin": 824, "ymin": 69, "ymax": 300, "xmax": 963}}, {"tid": 1, "generated": 0, "bbox": {"xmin": 71, "ymin": 494, "ymax": 631, "xmax": 375}}], [{"tid": 0, "generated": 0, "bbox": {"xmin": 823, "ymin": 69, "ymax": 298, "xmax": 961}}, {"tid": 1, "generated": 0, "bbox": {"xmin": 67, "ymin": 494, "ymax": 627, "xmax": 378}}], [{"tid": 0, "generated": 0, "bbox": {"xmin": 821, "ymin": 71, "ymax": 300, "xmax": 960}}, {"tid": 1, "generated": 0, "bbox": {"xmin": 64, "ymin": 494, "ymax": 629, "xmax": 373}}], [{"tid": 0, "generated": 0, "bbox": {"xmin": 819, "ymin": 71, "ymax": 302, "xmax": 956}}, {"tid": 1, "generated": 0, "bbox": {"xmin": 60, "ymin": 501, "ymax": 625, "xmax": 373}}], [{"tid": 0, "generated": 0, "bbox": {"xmin": 817, "ymin": 71, "ymax": 302, "xmax": 960}}, {"tid": 1, "generated": 0, "bbox": {"xmin": 58, "ymin": 499, "ymax": 627, "xmax": 369}}], [{"tid": 0, "generated": 0, "bbox": {"xmin": 816, "ymin": 74, "ymax": 298, "xmax": 961}}, {"tid": 1, "generated": 0, "bbox": {"xmin": 56, "ymin": 499, "ymax": 625, "xmax": 373}}], [{"tid": 0, "generated": 0, "bbox": {"xmin": 814, "ymin": 74, "ymax": 309, "xmax": 958}}, {"tid": 1, "generated": 0, "bbox": {"xmin": 55, "ymin": 499, "ymax": 634, "xmax": 369}}], [{"tid": 0, "generated": 0, "bbox": {"xmin": 817, "ymin": 74, "ymax": 307, "xmax": 958}}, {"tid": 1, "generated": 0, "bbox": {"xmin": 53, "ymin": 499, "ymax": 631, "xmax": 375}}], [{"tid": 0, "generated": 0, "bbox": {"xmin": 816, "ymin": 74, "ymax": 309, "xmax": 956}}, {"tid": 1, "generated": 0, "bbox": {"xmin": 51, "ymin": 501, "ymax": 631, "xmax": 373}}], [{"tid": 0, "generated": 0, "bbox": {"xmin": 814, "ymin": 74, "ymax": 305, "xmax": 958}}, {"tid": 1, "generated": 0, "bbox": {"xmin": 46, "ymin": 504, "ymax": 631, "xmax": 368}}], [], [], [], [], [], [], [], [], [], [], [], [], [], [], [], [], [], [], [], [], [], [], [], [], [], [], [], [], [], [], [], [], [], [], [], [], [], [], [], [], [], [], [], [], [], [], [], [], [], [], [], [], [], [], [], [], [], [], [], [], [], [], [], [], [], [], [], [], [], [], [], [], [], [], [], [], [], [], [], [], [], [], [], [], [], [], [], [], [], [], [{"tid": 0, "generated": 0, "bbox": {"xmin": 762, "ymin": 131, "ymax": 272, "xmax": 956}}, {"tid": 1, "generated": 0, "bbox": {"xmin": 286, "ymin": 366, "ymax": 483, "xmax": 424}}], [{"tid": 0, "generated": 0, "bbox": {"xmin": 759, "ymin": 136, "ymax": 273, "xmax": 951}}, {"tid": 1, "generated": 0, "bbox": {"xmin": 280, "ymin": 369, "ymax": 481, "xmax": 421}}], [{"tid": 0, "generated": 0, "bbox": {"xmin": 750, "ymin": 140, "ymax": 273, "xmax": 947}}, {"tid": 1, "generated": 0, "bbox": {"xmin": 275, "ymin": 375, "ymax": 490, "xmax": 416}}], [{"tid": 0, "generated": 0, "bbox": {"xmin": 743, "ymin": 149, "ymax": 280, "xmax": 940}}, {"tid": 1, "generated": 0, "bbox": {"xmin": 275, "ymin": 380, "ymax": 490, "xmax": 417}}], [{"tid": 0, "generated": 0, "bbox": {"xmin": 732, "ymin": 152, "ymax": 289, "xmax": 935}}, {"tid": 1, "generated": 0, "bbox": {"xmin": 270, "ymin": 385, "ymax": 496, "xmax": 416}}], [{"tid": 0, "generated": 0, "bbox": {"xmin": 730, "ymin": 161, "ymax": 293, "xmax": 929}}, {"tid": 1, "generated": 0, "bbox": {"xmin": 264, "ymin": 391, "ymax": 494, "xmax": 412}}], [{"tid": 0, "generated": 0, "bbox": {"xmin": 730, "ymin": 163, "ymax": 289, "xmax": 926}}, {"tid": 1, "generated": 0, "bbox": {"xmin": 261, "ymin": 387, "ymax": 496, "xmax": 407}}], [{"tid": 0, "generated": 0, "bbox": {"xmin": 728, "ymin": 167, "ymax": 302, "xmax": 920}}, {"tid": 1, "generated": 0, "bbox": {"xmin": 257, "ymin": 387, "ymax": 499, "xmax": 403}}], [{"tid": 0, "generated": 0, "bbox": {"xmin": 727, "ymin": 170, "ymax": 302, "xmax": 917}}, {"tid": 1, "generated": 0, "bbox": {"xmin": 254, "ymin": 387, "ymax": 499, "xmax": 403}}], [{"tid": 0, "generated": 0, "bbox": {"xmin": 727, "ymin": 176, "ymax": 305, "xmax": 917}}, {"tid": 1, "generated": 0, "bbox": {"xmin": 250, "ymin": 394, "ymax": 506, "xmax": 412}}], [{"tid": 0, "generated": 0, "bbox": {"xmin": 727, "ymin": 177, "ymax": 307, "xmax": 919}}, {"tid": 1, "generated": 0, "bbox": {"xmin": 243, "ymin": 417, "ymax": 510, "xmax": 421}}], [{"tid": 0, "generated": 0, "bbox": {"xmin": 725, "ymin": 181, "ymax": 307, "xmax": 913}}, {"tid": 1, "generated": 0, "bbox": {"xmin": 279, "ymin": 419, "ymax": 504, "xmax": 439}}], [{"tid": 0, "generated": 0, "bbox": {"xmin": 723, "ymin": 184, "ymax": 307, "xmax": 919}}, {"tid": 1, "generated": 0, "bbox": {"xmin": 305, "ymin": 419, "ymax": 503, "xmax": 440}}], [{"tid": 0, "generated": 0, "bbox": {"xmin": 723, "ymin": 183, "ymax": 311, "xmax": 915}}, {"tid": 1, "generated": 0, "bbox": {"xmin": 325, "ymin": 428, "ymax": 503, "xmax": 449}}], [{"tid": 0, "generated": 0, "bbox": {"xmin": 723, "ymin": 183, "ymax": 316, "xmax": 920}}, {"tid": 1, "generated": 0, "bbox": {"xmin": 355, "ymin": 408, "ymax": 499, "xmax": 465}}], [{"tid": 0, "generated": 0, "bbox": {"xmin": 725, "ymin": 183, "ymax": 314, "xmax": 919}}, {"tid": 1, "generated": 0, "bbox": {"xmin": 391, "ymin": 394, "ymax": 487, "xmax": 476}}], [{"tid": 0, "generated": 0, "bbox": {"xmin": 723, "ymin": 183, "ymax": 316, "xmax": 919}}, {"tid": 1, "generated": 0, "bbox": {"xmin": 403, "ymin": 394, "ymax": 478, "xmax": 494}}], [{"tid": 0, "generated": 0, "bbox": {"xmin": 723, "ymin": 184, "ymax": 316, "xmax": 915}}, {"tid": 1, "generated": 0, "bbox": {"xmin": 417, "ymin": 392, "ymax": 478, "xmax": 508}}], [{"tid": 0, "generated": 0, "bbox": {"xmin": 723, "ymin": 183, "ymax": 318, "xmax": 912}}, {"tid": 1, "generated": 0, "bbox": {"xmin": 428, "ymin": 396, "ymax": 465, "xmax": 512}}], [{"tid": 0, "generated": 0, "bbox": {"xmin": 723, "ymin": 183, "ymax": 320, "xmax": 908}}, {"tid": 1, "generated": 0, "bbox": {"xmin": 440, "ymin": 376, "ymax": 474, "xmax": 531}}], [{"tid": 0, "generated": 0, "bbox": {"xmin": 723, "ymin": 186, "ymax": 316, "xmax": 908}}, {"tid": 1, "generated": 0, "bbox": {"xmin": 453, "ymin": 360, "ymax": 451, "xmax": 544}}], [{"tid": 0, "generated": 0, "bbox": {"xmin": 720, "ymin": 184, "ymax": 316, "xmax": 912}}, {"tid": 1, "generated": 0, "bbox": {"xmin": 467, "ymin": 355, "ymax": 439, "xmax": 558}}], [{"tid": 0, "generated": 0, "bbox": {"xmin": 718, "ymin": 186, "ymax": 316, "xmax": 910}}, {"tid": 1, "generated": 0, "bbox": {"xmin": 476, "ymin": 360, "ymax": 437, "xmax": 577}}], [{"tid": 0, "generated": 0, "bbox": {"xmin": 716, "ymin": 186, "ymax": 318, "xmax": 910}}, {"tid": 1, "generated": 0, "bbox": {"xmin": 492, "ymin": 364, "ymax": 442, "xmax": 592}}], [{"tid": 0, "generated": 0, "bbox": {"xmin": 720, "ymin": 190, "ymax": 320, "xmax": 912}}, {"tid": 1, "generated": 0, "bbox": {"xmin": 513, "ymin": 346, "ymax": 439, "xmax": 611}}], [{"tid": 0, "generated": 0, "bbox": {"xmin": 716, "ymin": 192, "ymax": 320, "xmax": 910}}, {"tid": 1, "generated": 0, "bbox": {"xmin": 538, "ymin": 328, "ymax": 416, "xmax": 636}}], [{"tid": 0, "generated": 0, "bbox": {"xmin": 718, "ymin": 197, "ymax": 320, "xmax": 910}}, {"tid": 1, "generated": 0, "bbox": {"xmin": 560, "ymin": 320, "ymax": 407, "xmax": 659}}], [{"tid": 0, "generated": 0, "bbox": {"xmin": 714, "ymin": 204, "ymax": 318, "xmax": 913}}, {"tid": 1, "generated": 0, "bbox": {"xmin": 586, "ymin": 323, "ymax": 394, "xmax": 682}}], [{"tid": 0, "generated": 0, "bbox": {"xmin": 711, "ymin": 220, "ymax": 318, "xmax": 913}}, {"tid": 1, "generated": 0, "bbox": {"xmin": 613, "ymin": 314, "ymax": 394, "xmax": 711}}], [{"tid": 0, "generated": 0, "bbox": {"xmin": 714, "ymin": 241, "ymax": 325, "xmax": 908}}, {"tid": 1, "generated": 0, "bbox": {"xmin": 645, "ymin": 291, "ymax": 375, "xmax": 736}}]], "subject/objects": [{"category": "bird", "tid": 0}, {"category": "squirrel", "tid": 1}], "relation_instances": [{"end_fid": 30, "subject_tid": 0, "predicate": "walk_front", "begin_fid": 0, "object_tid": 1}, {"end_fid": 30, "subject_tid": 1, "predicate": "sit_behind", "begin_fid": 0, "object_tid": 0}, {"end_fid": 105, "subject_tid": 0, "predicate": "walk_front", "begin_fid": 75, "object_tid": 1}, {"end_fid": 105, "subject_tid": 1, "predicate": "sit_behind", "begin_fid": 75, "object_tid": 0}, {"end_fid": 150, "subject_tid": 0, "predicate": "stand_front", "begin_fid": 120, "object_tid": 1}, {"end_fid": 150, "subject_tid": 1, "predicate": "sit_behind", "begin_fid": 120, "object_tid": 0}, {"end_fid": 150, "subject_tid": 1, "predicate": "watch", "begin_fid": 120, "object_tid": 0}, {"end_fid": 210, "subject_tid": 0, "predicate": "walk_front", "begin_fid": 180, "object_tid": 1}, {"end_fid": 210, "subject_tid": 1, "predicate": "sit_behind", "begin_fid": 180, "object_tid": 0}, {"end_fid": 345, "subject_tid": 0, "predicate": "walk_right", "begin_fid": 315, "object_tid": 1}, {"end_fid": 345, "subject_tid": 0, "predicate": "walk_behind", "begin_fid": 315, "object_tid": 1}, {"end_fid": 345, "subject_tid": 1, "predicate": "walk_front", "begin_fid": 315, "object_tid": 0}, {"end_fid": 345, "subject_tid": 1, "predicate": "walk_left", "begin_fid": 315, "object_tid": 0}, {"end_fid": 420, "subject_tid": 0, "predicate": "walk_right", "begin_fid": 390, "object_tid": 1}, {"end_fid": 420, "subject_tid": 0, "predicate": "walk_behind", "begin_fid": 390, "object_tid": 1}, {"end_fid": 420, "subject_tid": 1, "predicate": "sit_front", "begin_fid": 390, "object_tid": 0}, {"end_fid": 420, "subject_tid": 1, "predicate": "sit_left", "begin_fid": 390, "object_tid": 0}, {"end_fid": 540, "subject_tid": 0, "predicate": "stand_right", "begin_fid": 510, "object_tid": 1}, {"end_fid": 540, "subject_tid": 0, "predicate": "stand_behind", "begin_fid": 510, "object_tid": 1}, {"end_fid": 540, "subject_tid": 1, "predicate": "run_toward", "begin_fid": 510, "object_tid": 0}, {"end_fid": 540, "subject_tid": 1, "predicate": "run_front", "begin_fid": 510, "object_tid": 0}, {"end_fid": 540, "subject_tid": 1, "predicate": "run_left", "begin_fid": 510, "object_tid": 0}, {"end_fid": 540, "subject_tid": 1, "predicate": "chase", "begin_fid": 510, "object_tid": 0}], "height": 720}