{"width": 1280, "frame_count": 236, "video_id": "ILSVRC2015_train_01061000", "fps": 30, "trajectories": [[{"tid": 0, "generated": 0, "bbox": {"xmin": 488, "ymin": 0, "ymax": 359, "xmax": 826}}, {"tid": 1, "generated": 0, "bbox": {"xmin": 476, "ymin": 387, "ymax": 487, "xmax": 638}}, {"tid": 2, "generated": 0, "bbox": {"xmin": 8, "ymin": 0, "ymax": 168, "xmax": 160}}], [{"tid": 0, "generated": 0, "bbox": {"xmin": 494, "ymin": 0, "ymax": 332, "xmax": 830}}, {"tid": 1, "generated": 0, "bbox": {"xmin": 476, "ymin": 387, "ymax": 481, "xmax": 641}}, {"tid": 2, "generated": 0, "bbox": {"xmin": 8, "ymin": 0, "ymax": 168, "xmax": 160}}], [{"tid": 0, "generated": 0, "bbox": {"xmin": 499, "ymin": 1, "ymax": 321, "xmax": 823}}, {"tid": 1, "generated": 0, "bbox": {"xmin": 476, "ymin": 378, "ymax": 485, "xmax": 647}}, {"tid": 2, "generated": 0, "bbox": {"xmin": 8, "ymin": 0, "ymax": 168, "xmax": 160}}], [{"tid": 0, "generated": 0, "bbox": {"xmin": 494, "ymin": 1, "ymax": 316, "xmax": 823}}, {"tid": 1, "generated": 0, "bbox": {"xmin": 480, "ymin": 368, "ymax": 481, "xmax": 654}}, {"tid": 2, "generated": 0, "bbox": {"xmin": 8, "ymin": 0, "ymax": 168, "xmax": 160}}], [{"tid": 0, "generated": 0, "bbox": {"xmin": 499, "ymin": 0, "ymax": 316, "xmax": 833}}, {"tid": 1, "generated": 0, "bbox": {"xmin": 481, "ymin": 364, "ymax": 476, "xmax": 652}}, {"tid": 2, "generated": 0, "bbox": {"xmin": 8, "ymin": 0, "ymax": 168, "xmax": 160}}], [{"tid": 0, "generated": 0, "bbox": {"xmin": 497, "ymin": 0, "ymax": 300, "xmax": 833}}, {"tid": 1, "generated": 0, "bbox": {"xmin": 485, "ymin": 360, "ymax": 471, "xmax": 652}}, {"tid": 2, "generated": 0, "bbox": {"xmin": 8, "ymin": 0, "ymax": 168, "xmax": 160}}], [{"tid": 0, "generated": 0, "bbox": {"xmin": 499, "ymin": 0, "ymax": 302, "xmax": 835}}, {"tid": 1, "generated": 0, "bbox": {"xmin": 483, "ymin": 357, "ymax": 465, "xmax": 654}}, {"tid": 2, "generated": 0, "bbox": {"xmin": 8, "ymin": 0, "ymax": 168, "xmax": 160}}], [{"tid": 0, "generated": 0, "bbox": {"xmin": 501, "ymin": 0, "ymax": 304, "xmax": 837}}, {"tid": 1, "generated": 0, "bbox": {"xmin": 480, "ymin": 346, "ymax": 453, "xmax": 712}}, {"tid": 2, "generated": 0, "bbox": {"xmin": 8, "ymin": 0, "ymax": 168, "xmax": 160}}], [{"tid": 0, "generated": 0, "bbox": {"xmin": 508, "ymin": 0, "ymax": 298, "xmax": 828}}, {"tid": 1, "generated": 0, "bbox": {"xmin": 476, "ymin": 334, "ymax": 444, "xmax": 712}}, {"tid": 2, "generated": 0, "bbox": {"xmin": 8, "ymin": 0, "ymax": 168, "xmax": 160}}], [{"tid": 0, "generated": 0, "bbox": {"xmin": 523, "ymin": 0, "ymax": 294, "xmax": 831}}, {"tid": 1, "generated": 0, "bbox": {"xmin": 474, "ymin": 327, "ymax": 449, "xmax": 721}}, {"tid": 2, "generated": 0, "bbox": {"xmin": 8, "ymin": 0, "ymax": 168, "xmax": 160}}], [{"tid": 0, "generated": 0, "bbox": {"xmin": 538, "ymin": 1, "ymax": 291, "xmax": 835}}, {"tid": 1, "generated": 0, "bbox": {"xmin": 472, "ymin": 332, "ymax": 448, "xmax": 721}}, {"tid": 2, "generated": 0, "bbox": {"xmin": 8, "ymin": 0, "ymax": 168, "xmax": 160}}], [{"tid": 0, "generated": 0, "bbox": {"xmin": 544, "ymin": 0, "ymax": 302, "xmax": 846}}, {"tid": 1, "generated": 0, "bbox": {"xmin": 471, "ymin": 343, "ymax": 449, "xmax": 721}}, {"tid": 2, "generated": 0, "bbox": {"xmin": 8, "ymin": 0, "ymax": 168, "xmax": 160}}], [{"tid": 0, "generated": 0, "bbox": {"xmin": 556, "ymin": 0, "ymax": 299, "xmax": 847}}, {"tid": 1, "generated": 0, "bbox": {"xmin": 471, "ymin": 339, "ymax": 448, "xmax": 736}}, {"tid": 2, "generated": 0, "bbox": {"xmin": 8, "ymin": 0, "ymax": 168, "xmax": 160}}], [{"tid": 0, "generated": 0, "bbox": {"xmin": 568, "ymin": 0, "ymax": 296, "xmax": 848}}, {"tid": 1, "generated": 0, "bbox": {"xmin": 471, "ymin": 337, "ymax": 464, "xmax": 736}}, {"tid": 2, "generated": 0, "bbox": {"xmin": 8, "ymin": 0, "ymax": 168, "xmax": 160}}], [{"tid": 0, "generated": 0, "bbox": {"xmin": 574, "ymin": 0, "ymax": 295, "xmax": 847}}, {"tid": 1, "generated": 0, "bbox": {"xmin": 480, "ymin": 346, "ymax": 449, "xmax": 750}}, {"tid": 2, "generated": 0, "bbox": {"xmin": 8, "ymin": 0, "ymax": 168, "xmax": 160}}], [{"tid": 0, "generated": 0, "bbox": {"xmin": 581, "ymin": 0, "ymax": 295, "xmax": 846}}, {"tid": 1, "generated": 0, "bbox": {"xmin": 476, "ymin": 341, "ymax": 451, "xmax": 741}}, {"tid": 2, "generated": 0, "bbox": {"xmin": 8, "ymin": 0, "ymax": 168, "xmax": 160}}], [{"tid": 0, "generated": 0, "bbox": {"xmin": 576, "ymin": 0, "ymax": 294, "xmax": 839}}, {"tid": 1, "generated": 0, "bbox": {"xmin": 480, "ymin": 341, "ymax": 460, "xmax": 750}}, {"tid": 2, "generated": 0, "bbox": {"xmin": 8, "ymin": 0, "ymax": 168, "xmax": 160}}], [{"tid": 0, "generated": 0, "bbox": {"xmin": 572, "ymin": 1, "ymax": 293, "xmax": 833}}, {"tid": 1, "generated": 0, "bbox": {"xmin": 476, "ymin": 341, "ymax": 451, "xmax": 750}}, {"tid": 2, "generated": 0, "bbox": {"xmin": 8, "ymin": 0, "ymax": 168, "xmax": 160}}], [{"tid": 0, "generated": 0, "bbox": {"xmin": 565, "ymin": 1, "ymax": 296, "xmax": 828}}, {"tid": 1, "generated": 0, "bbox": {"xmin": 476, "ymin": 346, "ymax": 460, "xmax": 748}}, {"tid": 2, "generated": 0, "bbox": {"xmin": 8, "ymin": 0, "ymax": 168, "xmax": 160}}], [{"tid": 0, "generated": 0, "bbox": {"xmin": 558, "ymin": 0, "ymax": 307, "xmax": 819}}, {"tid": 1, "generated": 0, "bbox": {"xmin": 467, "ymin": 362, "ymax": 471, "xmax": 737}}, {"tid": 2, "generated": 0, "bbox": {"xmin": 8, "ymin": 0, "ymax": 168, "xmax": 160}}], [{"tid": 0, "generated": 0, "bbox": {"xmin": 554, "ymin": 1, "ymax": 300, "xmax": 817}}, {"tid": 1, "generated": 0, "bbox": {"xmin": 456, "ymin": 355, "ymax": 465, "xmax": 728}}, {"tid": 2, "generated": 0, "bbox": {"xmin": 8, "ymin": 0, "ymax": 168, "xmax": 160}}], [{"tid": 0, "generated": 0, "bbox": {"xmin": 540, "ymin": 1, "ymax": 296, "xmax": 807}}, {"tid": 1, "generated": 0, "bbox": {"xmin": 449, "ymin": 355, "ymax": 465, "xmax": 714}}, {"tid": 2, "generated": 0, "bbox": {"xmin": 8, "ymin": 0, "ymax": 168, "xmax": 160}}], [{"tid": 0, "generated": 0, "bbox": {"xmin": 526, "ymin": 1, "ymax": 293, "xmax": 798}}, {"tid": 1, "generated": 0, "bbox": {"xmin": 442, "ymin": 353, "ymax": 465, "xmax": 700}}, {"tid": 2, "generated": 0, "bbox": {"xmin": 8, "ymin": 0, "ymax": 168, "xmax": 160}}], [{"tid": 0, "generated": 0, "bbox": {"xmin": 517, "ymin": 0, "ymax": 289, "xmax": 785}}, {"tid": 1, "generated": 0, "bbox": {"xmin": 435, "ymin": 353, "ymax": 465, "xmax": 686}}, {"tid": 2, "generated": 0, "bbox": {"xmin": 8, "ymin": 0, "ymax": 168, "xmax": 160}}], [{"tid": 0, "generated": 0, "bbox": {"xmin": 512, "ymin": 0, "ymax": 286, "xmax": 780}}, {"tid": 1, "generated": 0, "bbox": {"xmin": 430, "ymin": 353, "ymax": 467, "xmax": 673}}, {"tid": 2, "generated": 0, "bbox": {"xmin": 8, "ymin": 0, "ymax": 168, "xmax": 160}}], [{"tid": 0, "generated": 0, "bbox": {"xmin": 508, "ymin": 1, "ymax": 284, "xmax": 775}}, {"tid": 1, "generated": 0, "bbox": {"xmin": 423, "ymin": 352, "ymax": 461, "xmax": 671}}, {"tid": 2, "generated": 0, "bbox": {"xmin": 8, "ymin": 0, "ymax": 168, "xmax": 160}}], [{"tid": 0, "generated": 0, "bbox": {"xmin": 504, "ymin": 1, "ymax": 288, "xmax": 775}}, {"tid": 1, "generated": 0, "bbox": {"xmin": 416, "ymin": 352, "ymax": 455, "xmax": 670}}, {"tid": 2, "generated": 0, "bbox": {"xmin": 8, "ymin": 0, "ymax": 168, "xmax": 160}}], [{"tid": 0, "generated": 0, "bbox": {"xmin": 497, "ymin": 1, "ymax": 284, "xmax": 775}}, {"tid": 1, "generated": 0, "bbox": {"xmin": 407, "ymin": 350, "ymax": 460, "xmax": 664}}, {"tid": 2, "generated": 0, "bbox": {"xmin": 8, "ymin": 0, "ymax": 168, "xmax": 160}}], [{"tid": 0, "generated": 0, "bbox": {"xmin": 496, "ymin": 1, "ymax": 291, "xmax": 766}}, {"tid": 1, "generated": 0, "bbox": {"xmin": 400, "ymin": 350, "ymax": 465, "xmax": 659}}, {"tid": 2, "generated": 0, "bbox": {"xmin": 8, "ymin": 0, "ymax": 168, "xmax": 160}}], [{"tid": 0, "generated": 0, "bbox": {"xmin": 490, "ymin": 0, "ymax": 288, "xmax": 773}}, {"tid": 1, "generated": 0, "bbox": {"xmin": 394, "ymin": 348, "ymax": 464, "xmax": 659}}, {"tid": 2, "generated": 0, "bbox": {"xmin": 8, "ymin": 0, "ymax": 168, "xmax": 160}}]], "subject/objects": [{"category": "dog", "tid": 0}, {"category": "snake", "tid": 1}, {"category": "dog", "tid": 2}], "relation_instances": [{"end_fid": 30, "subject_tid": 0, "predicate": "walk_next_to", "begin_fid": 0, "object_tid": 1}, {"end_fid": 30, "subject_tid": 0, "predicate": "walk_behind", "begin_fid": 0, "object_tid": 1}, {"end_fid": 30, "subject_tid": 0, "predicate": "larger", "begin_fid": 0, "object_tid": 1}, {"end_fid": 30, "subject_tid": 0, "predicate": "watch", "begin_fid": 0, "object_tid": 1}, {"end_fid": 30, "subject_tid": 1, "predicate": "creep_next_to", "begin_fid": 0, "object_tid": 0}, {"end_fid": 30, "subject_tid": 1, "predicate": "creep_front", "begin_fid": 0, "object_tid": 0}, {"end_fid": 30, "subject_tid": 1, "predicate": "watch", "begin_fid": 0, "object_tid": 0}], "height": 720}