{"width": 1280, "frame_count": 533, "video_id": "ILSVRC2015_train_00881002", "fps": 29, "trajectories": [[], [], [], [], [], [], [], [], [], [], [], [], [], [], [], [{"tid": 0, "generated": 0, "bbox": {"xmin": 416, "ymin": 309, "ymax": 444, "xmax": 645}}, {"tid": 1, "generated": 0, "bbox": {"xmin": 0, "ymin": 599, "ymax": 670, "xmax": 62}}], [{"tid": 0, "generated": 0, "bbox": {"xmin": 437, "ymin": 309, "ymax": 453, "xmax": 657}}, {"tid": 1, "generated": 0, "bbox": {"xmin": 0, "ymin": 599, "ymax": 668, "xmax": 83}}], [{"tid": 0, "generated": 0, "bbox": {"xmin": 439, "ymin": 311, "ymax": 455, "xmax": 659}}, {"tid": 1, "generated": 0, "bbox": {"xmin": 14, "ymin": 599, "ymax": 673, "xmax": 97}}], [{"tid": 0, "generated": 0, "bbox": {"xmin": 446, "ymin": 314, "ymax": 458, "xmax": 666}}, {"tid": 1, "generated": 0, "bbox": {"xmin": 28, "ymin": 599, "ymax": 673, "xmax": 112}}], [{"tid": 0, "generated": 0, "bbox": {"xmin": 464, "ymin": 314, "ymax": 456, "xmax": 672}}, {"tid": 1, "generated": 0, "bbox": {"xmin": 51, "ymin": 599, "ymax": 673, "xmax": 135}}], [{"tid": 0, "generated": 0, "bbox": {"xmin": 480, "ymin": 312, "ymax": 453, "xmax": 670}}, {"tid": 1, "generated": 0, "bbox": {"xmin": 64, "ymin": 599, "ymax": 673, "xmax": 147}}], [{"tid": 0, "generated": 0, "bbox": {"xmin": 488, "ymin": 311, "ymax": 449, "xmax": 668}}, {"tid": 1, "generated": 0, "bbox": {"xmin": 83, "ymin": 593, "ymax": 664, "xmax": 156}}], [{"tid": 0, "generated": 0, "bbox": {"xmin": 506, "ymin": 309, "ymax": 446, "xmax": 666}}, {"tid": 1, "generated": 0, "bbox": {"xmin": 94, "ymin": 595, "ymax": 668, "xmax": 163}}], [{"tid": 0, "generated": 0, "bbox": {"xmin": 517, "ymin": 307, "ymax": 442, "xmax": 664}}, {"tid": 1, "generated": 0, "bbox": {"xmin": 101, "ymin": 595, "ymax": 668, "xmax": 170}}], [{"tid": 0, "generated": 0, "bbox": {"xmin": 522, "ymin": 305, "ymax": 439, "xmax": 663}}, {"tid": 1, "generated": 0, "bbox": {"xmin": 112, "ymin": 593, "ymax": 666, "xmax": 181}}], [{"tid": 0, "generated": 0, "bbox": {"xmin": 529, "ymin": 304, "ymax": 433, "xmax": 668}}, {"tid": 1, "generated": 0, "bbox": {"xmin": 115, "ymin": 577, "ymax": 654, "xmax": 192}}], [{"tid": 0, "generated": 0, "bbox": {"xmin": 540, "ymin": 302, "ymax": 430, "xmax": 680}}, {"tid": 1, "generated": 0, "bbox": {"xmin": 115, "ymin": 577, "ymax": 652, "xmax": 204}}], [{"tid": 0, "generated": 0, "bbox": {"xmin": 547, "ymin": 300, "ymax": 424, "xmax": 695}}, {"tid": 1, "generated": 0, "bbox": {"xmin": 115, "ymin": 572, "ymax": 645, "xmax": 218}}], [{"tid": 0, "generated": 0, "bbox": {"xmin": 558, "ymin": 293, "ymax": 417, "xmax": 705}}, {"tid": 1, "generated": 0, "bbox": {"xmin": 110, "ymin": 567, "ymax": 641, "xmax": 222}}], [{"tid": 0, "generated": 0, "bbox": {"xmin": 574, "ymin": 291, "ymax": 416, "xmax": 721}}, {"tid": 1, "generated": 0, "bbox": {"xmin": 110, "ymin": 556, "ymax": 640, "xmax": 232}}], [{"tid": 0, "generated": 0, "bbox": {"xmin": 590, "ymin": 280, "ymax": 403, "xmax": 734}}, {"tid": 1, "generated": 0, "bbox": {"xmin": 124, "ymin": 542, "ymax": 622, "xmax": 247}}], [{"tid": 0, "generated": 0, "bbox": {"xmin": 604, "ymin": 275, "ymax": 398, "xmax": 748}}, {"tid": 1, "generated": 0, "bbox": {"xmin": 135, "ymin": 526, "ymax": 611, "xmax": 261}}], [{"tid": 0, "generated": 0, "bbox": {"xmin": 629, "ymin": 263, "ymax": 384, "xmax": 771}}, {"tid": 1, "generated": 0, "bbox": {"xmin": 147, "ymin": 517, "ymax": 608, "xmax": 279}}], [{"tid": 0, "generated": 0, "bbox": {"xmin": 648, "ymin": 261, "ymax": 382, "xmax": 791}}, {"tid": 1, "generated": 0, "bbox": {"xmin": 158, "ymin": 506, "ymax": 599, "xmax": 293}}], [{"tid": 0, "generated": 0, "bbox": {"xmin": 668, "ymin": 254, "ymax": 375, "xmax": 810}}, {"tid": 1, "generated": 0, "bbox": {"xmin": 172, "ymin": 497, "ymax": 590, "xmax": 307}}], [{"tid": 0, "generated": 0, "bbox": {"xmin": 675, "ymin": 254, "ymax": 375, "xmax": 817}}, {"tid": 1, "generated": 0, "bbox": {"xmin": 177, "ymin": 496, "ymax": 588, "xmax": 312}}], [{"tid": 0, "generated": 0, "bbox": {"xmin": 695, "ymin": 257, "ymax": 378, "xmax": 828}}, {"tid": 1, "generated": 0, "bbox": {"xmin": 183, "ymin": 496, "ymax": 588, "xmax": 318}}], [{"tid": 0, "generated": 0, "bbox": {"xmin": 696, "ymin": 257, "ymax": 378, "xmax": 830}}, {"tid": 1, "generated": 0, "bbox": {"xmin": 179, "ymin": 496, "ymax": 584, "xmax": 325}}], [{"tid": 0, "generated": 0, "bbox": {"xmin": 702, "ymin": 245, "ymax": 362, "xmax": 826}}, {"tid": 1, "generated": 0, "bbox": {"xmin": 177, "ymin": 483, "ymax": 583, "xmax": 327}}], [{"tid": 0, "generated": 0, "bbox": {"xmin": 712, "ymin": 231, "ymax": 359, "xmax": 826}}, {"tid": 1, "generated": 0, "bbox": {"xmin": 177, "ymin": 483, "ymax": 581, "xmax": 334}}], [{"tid": 0, "generated": 0, "bbox": {"xmin": 711, "ymin": 231, "ymax": 357, "xmax": 819}}, {"tid": 1, "generated": 0, "bbox": {"xmin": 179, "ymin": 483, "ymax": 581, "xmax": 336}}], [{"tid": 0, "generated": 0, "bbox": {"xmin": 727, "ymin": 222, "ymax": 355, "xmax": 828}}, {"tid": 1, "generated": 0, "bbox": {"xmin": 186, "ymin": 474, "ymax": 572, "xmax": 343}}], [{"tid": 0, "generated": 0, "bbox": {"xmin": 730, "ymin": 220, "ymax": 353, "xmax": 832}}, {"tid": 1, "generated": 0, "bbox": {"xmin": 185, "ymin": 469, "ymax": 567, "xmax": 342}}], [{"tid": 0, "generated": 0, "bbox": {"xmin": 737, "ymin": 209, "ymax": 341, "xmax": 837}}, {"tid": 1, "generated": 0, "bbox": {"xmin": 184, "ymin": 465, "ymax": 563, "xmax": 341}}], [{"tid": 0, "generated": 0, "bbox": {"xmin": 739, "ymin": 199, "ymax": 330, "xmax": 839}}, {"tid": 1, "generated": 0, "bbox": {"xmin": 158, "ymin": 465, "ymax": 561, "xmax": 334}}], [{"tid": 0, "generated": 0, "bbox": {"xmin": 741, "ymin": 192, "ymax": 323, "xmax": 840}}, {"tid": 1, "generated": 0, "bbox": {"xmin": 133, "ymin": 465, "ymax": 560, "xmax": 334}}], [{"tid": 0, "generated": 0, "bbox": {"xmin": 742, "ymin": 192, "ymax": 321, "xmax": 837}}, {"tid": 1, "generated": 0, "bbox": {"xmin": 136, "ymin": 460, "ymax": 552, "xmax": 327}}], [{"tid": 0, "generated": 0, "bbox": {"xmin": 743, "ymin": 192, "ymax": 320, "xmax": 835}}, {"tid": 1, "generated": 0, "bbox": {"xmin": 136, "ymin": 451, "ymax": 552, "xmax": 325}}], [{"tid": 0, "generated": 0, "bbox": {"xmin": 741, "ymin": 192, "ymax": 318, "xmax": 826}}, {"tid": 1, "generated": 0, "bbox": {"xmin": 136, "ymin": 451, "ymax": 551, "xmax": 305}}], [{"tid": 0, "generated": 0, "bbox": {"xmin": 741, "ymin": 192, "ymax": 316, "xmax": 824}}, {"tid": 1, "generated": 0, "bbox": {"xmin": 136, "ymin": 446, "ymax": 545, "xmax": 305}}], [{"tid": 0, "generated": 0, "bbox": {"xmin": 739, "ymin": 181, "ymax": 316, "xmax": 821}}, {"tid": 1, "generated": 0, "bbox": {"xmin": 131, "ymin": 446, "ymax": 544, "xmax": 289}}], [{"tid": 0, "generated": 0, "bbox": {"xmin": 737, "ymin": 181, "ymax": 314, "xmax": 817}}, {"tid": 1, "generated": 0, "bbox": {"xmin": 126, "ymin": 448, "ymax": 544, "xmax": 279}}], [{"tid": 0, "generated": 0, "bbox": {"xmin": 736, "ymin": 173, "ymax": 314, "xmax": 815}}, {"tid": 1, "generated": 0, "bbox": {"xmin": 110, "ymin": 451, "ymax": 558, "xmax": 261}}], [{"tid": 0, "generated": 0, "bbox": {"xmin": 736, "ymin": 165, "ymax": 314, "xmax": 814}}, {"tid": 1, "generated": 0, "bbox": {"xmin": 104, "ymin": 442, "ymax": 547, "xmax": 264}}], [{"tid": 0, "generated": 0, "bbox": {"xmin": 739, "ymin": 165, "ymax": 314, "xmax": 817}}, {"tid": 1, "generated": 0, "bbox": {"xmin": 103, "ymin": 442, "ymax": 545, "xmax": 261}}], [{"tid": 0, "generated": 0, "bbox": {"xmin": 739, "ymin": 161, "ymax": 311, "xmax": 817}}, {"tid": 1, "generated": 0, "bbox": {"xmin": 94, "ymin": 439, "ymax": 542, "xmax": 252}}], [{"tid": 0, "generated": 0, "bbox": {"xmin": 738, "ymin": 161, "ymax": 303, "xmax": 816}}, {"tid": 1, "generated": 0, "bbox": {"xmin": 87, "ymin": 440, "ymax": 544, "xmax": 245}}], [{"tid": 0, "generated": 0, "bbox": {"xmin": 737, "ymin": 161, "ymax": 296, "xmax": 816}}, {"tid": 1, "generated": 0, "bbox": {"xmin": 81, "ymin": 440, "ymax": 542, "xmax": 232}}], [{"tid": 0, "generated": 0, "bbox": {"xmin": 736, "ymin": 160, "ymax": 292, "xmax": 814}}, {"tid": 1, "generated": 0, "bbox": {"xmin": 72, "ymin": 442, "ymax": 544, "xmax": 224}}], [{"tid": 0, "generated": 0, "bbox": {"xmin": 736, "ymin": 160, "ymax": 289, "xmax": 813}}, {"tid": 1, "generated": 0, "bbox": {"xmin": 64, "ymin": 437, "ymax": 538, "xmax": 215}}], [{"tid": 0, "generated": 0, "bbox": {"xmin": 736, "ymin": 160, "ymax": 286, "xmax": 812}}, {"tid": 1, "generated": 0, "bbox": {"xmin": 55, "ymin": 435, "ymax": 520, "xmax": 208}}], [{"tid": 0, "generated": 0, "bbox": {"xmin": 737, "ymin": 154, "ymax": 279, "xmax": 830}}, {"tid": 1, "generated": 0, "bbox": {"xmin": 48, "ymin": 435, "ymax": 526, "xmax": 206}}], [{"tid": 0, "generated": 0, "bbox": {"xmin": 739, "ymin": 149, "ymax": 273, "xmax": 832}}, {"tid": 1, "generated": 0, "bbox": {"xmin": 10, "ymin": 433, "ymax": 528, "xmax": 193}}], [{"tid": 0, "generated": 0, "bbox": {"xmin": 741, "ymin": 149, "ymax": 272, "xmax": 833}}, {"tid": 1, "generated": 0, "bbox": {"xmin": 10, "ymin": 433, "ymax": 535, "xmax": 192}}], [{"tid": 0, "generated": 0, "bbox": {"xmin": 744, "ymin": 149, "ymax": 272, "xmax": 835}}, {"tid": 1, "generated": 0, "bbox": {"xmin": 28, "ymin": 428, "ymax": 533, "xmax": 190}}], [{"tid": 0, "generated": 0, "bbox": {"xmin": 753, "ymin": 128, "ymax": 266, "xmax": 842}}, {"tid": 1, "generated": 0, "bbox": {"xmin": 28, "ymin": 417, "ymax": 533, "xmax": 188}}], [{"tid": 0, "generated": 0, "bbox": {"xmin": 755, "ymin": 128, "ymax": 264, "xmax": 840}}, {"tid": 1, "generated": 0, "bbox": {"xmin": 31, "ymin": 417, "ymax": 523, "xmax": 193}}], [{"tid": 0, "generated": 0, "bbox": {"xmin": 778, "ymin": 129, "ymax": 264, "xmax": 867}}, {"tid": 1, "generated": 0, "bbox": {"xmin": 35, "ymin": 417, "ymax": 513, "xmax": 199}}], [{"tid": 0, "generated": 0, "bbox": {"xmin": 803, "ymin": 129, "ymax": 264, "xmax": 894}}, {"tid": 1, "generated": 0, "bbox": {"xmin": 56, "ymin": 416, "ymax": 510, "xmax": 216}}], [{"tid": 0, "generated": 0, "bbox": {"xmin": 839, "ymin": 112, "ymax": 247, "xmax": 929}}, {"tid": 1, "generated": 0, "bbox": {"xmin": 71, "ymin": 416, "ymax": 506, "xmax": 200}}], [{"tid": 0, "generated": 0, "bbox": {"xmin": 869, "ymin": 108, "ymax": 243, "xmax": 960}}, {"tid": 1, "generated": 0, "bbox": {"xmin": 106, "ymin": 410, "ymax": 499, "xmax": 216}}], [{"tid": 0, "generated": 0, "bbox": {"xmin": 917, "ymin": 94, "ymax": 229, "xmax": 1008}}, {"tid": 1, "generated": 0, "bbox": {"xmin": 161, "ymin": 382, "ymax": 483, "xmax": 328}}], [{"tid": 0, "generated": 0, "bbox": {"xmin": 965, "ymin": 64, "ymax": 199, "xmax": 1056}}, {"tid": 1, "generated": 0, "bbox": {"xmin": 197, "ymin": 355, "ymax": 464, "xmax": 355}}], [{"tid": 0, "generated": 0, "bbox": {"xmin": 1004, "ymin": 48, "ymax": 183, "xmax": 1095}}, {"tid": 1, "generated": 0, "bbox": {"xmin": 229, "ymin": 346, "ymax": 455, "xmax": 387}}], [{"tid": 0, "generated": 0, "bbox": {"xmin": 1032, "ymin": 42, "ymax": 177, "xmax": 1125}}, {"tid": 1, "generated": 0, "bbox": {"xmin": 234, "ymin": 334, "ymax": 440, "xmax": 408}}], [], [], [], [], [], [], [], [], [], [], [], [], [], [], [], [], [], [], [], [], [], [], [], [], [], [], [], [], [], [], [], [], [], [], [], [], [], [], [], [], [], [], [], [], [], [], [], [], [], [], [], [], [], [], [], [], [], [], [], [], [], [], [], [], [], [], [], [], [], [], [], [], [], [], [], [], [], [], [], [], [], [], [], [], [], [], [], [], [], [], [], [], [], [], [], [], [], [], [], [], [], [], [], [], [], [], [], [], [], [], [], [], [], [], [], [], [], [], [], [], [], [], [], [], [], [], [], [], [], [], [], [], [], [], [], [], [], [], [], [], [], [], [], [], [], [], [], [], [], [], [], [], [], [], [], [], [], [], [], [], [], [], [], [], [], [], [], [], [], [], [], [], [], [], [], [], [], [], [], [], [], [], [], [], [], [], [], [], [], [], [], [], [], [], [], [], [], [], [], [], [], [], [], [], [], [], [], [], [], [], [], [], [], [], [], [], [], [], [], [], [], [], [], [], [], [], [], [], [], [], [], [], [], [], [], [], [], [], [], [], [], [], [], [], [], [], [], [], [], [], [], [], [], [], [], [{"tid": 1, "generated": 0, "bbox": {"xmin": 240, "ymin": 342, "ymax": 481, "xmax": 357}}, {"tid": 2, "generated": 0, "bbox": {"xmin": 325, "ymin": 0, "ymax": 132, "xmax": 491}}], [{"tid": 1, "generated": 0, "bbox": {"xmin": 240, "ymin": 346, "ymax": 489, "xmax": 354}}, {"tid": 2, "generated": 0, "bbox": {"xmin": 322, "ymin": 0, "ymax": 138, "xmax": 495}}], [{"tid": 1, "generated": 0, "bbox": {"xmin": 241, "ymin": 350, "ymax": 497, "xmax": 352}}, {"tid": 2, "generated": 0, "bbox": {"xmin": 320, "ymin": 0, "ymax": 144, "xmax": 499}}], [{"tid": 1, "generated": 0, "bbox": {"xmin": 240, "ymin": 354, "ymax": 503, "xmax": 346}}, {"tid": 2, "generated": 0, "bbox": {"xmin": 325, "ymin": 0, "ymax": 156, "xmax": 502}}], [{"tid": 1, "generated": 0, "bbox": {"xmin": 239, "ymin": 358, "ymax": 509, "xmax": 341}}, {"tid": 2, "generated": 0, "bbox": {"xmin": 330, "ymin": 0, "ymax": 168, "xmax": 505}}], [{"tid": 1, "generated": 0, "bbox": {"xmin": 238, "ymin": 362, "ymax": 515, "xmax": 336}}, {"tid": 2, "generated": 0, "bbox": {"xmin": 336, "ymin": 0, "ymax": 181, "xmax": 508}}], [{"tid": 1, "generated": 0, "bbox": {"xmin": 236, "ymin": 366, "ymax": 509, "xmax": 334}}, {"tid": 2, "generated": 0, "bbox": {"xmin": 338, "ymin": 2, "ymax": 191, "xmax": 514}}], [{"tid": 1, "generated": 0, "bbox": {"xmin": 234, "ymin": 370, "ymax": 504, "xmax": 333}}, {"tid": 2, "generated": 0, "bbox": {"xmin": 341, "ymin": 4, "ymax": 202, "xmax": 521}}], [{"tid": 1, "generated": 0, "bbox": {"xmin": 232, "ymin": 375, "ymax": 499, "xmax": 332}}, {"tid": 2, "generated": 0, "bbox": {"xmin": 344, "ymin": 7, "ymax": 213, "xmax": 528}}], [{"tid": 1, "generated": 0, "bbox": {"xmin": 224, "ymin": 379, "ymax": 506, "xmax": 330}}, {"tid": 2, "generated": 0, "bbox": {"xmin": 348, "ymin": 14, "ymax": 224, "xmax": 531}}], [{"tid": 1, "generated": 0, "bbox": {"xmin": 216, "ymin": 384, "ymax": 513, "xmax": 328}}, {"tid": 2, "generated": 0, "bbox": {"xmin": 352, "ymin": 22, "ymax": 235, "xmax": 534}}], [{"tid": 1, "generated": 0, "bbox": {"xmin": 209, "ymin": 389, "ymax": 520, "xmax": 327}}, {"tid": 2, "generated": 0, "bbox": {"xmin": 357, "ymin": 30, "ymax": 247, "xmax": 538}}], [{"tid": 1, "generated": 0, "bbox": {"xmin": 197, "ymin": 392, "ymax": 532, "xmax": 330}}, {"tid": 2, "generated": 0, "bbox": {"xmin": 367, "ymin": 34, "ymax": 249, "xmax": 546}}], [{"tid": 1, "generated": 0, "bbox": {"xmin": 185, "ymin": 396, "ymax": 544, "xmax": 333}}, {"tid": 2, "generated": 0, "bbox": {"xmin": 377, "ymin": 39, "ymax": 251, "xmax": 554}}], [{"tid": 1, "generated": 0, "bbox": {"xmin": 174, "ymin": 400, "ymax": 556, "xmax": 336}}, {"tid": 2, "generated": 0, "bbox": {"xmin": 387, "ymin": 44, "ymax": 254, "xmax": 563}}], [{"tid": 1, "generated": 0, "bbox": {"xmin": 172, "ymin": 404, "ymax": 556, "xmax": 336}}, {"tid": 2, "generated": 0, "bbox": {"xmin": 389, "ymin": 51, "ymax": 258, "xmax": 564}}], [{"tid": 1, "generated": 0, "bbox": {"xmin": 171, "ymin": 408, "ymax": 557, "xmax": 336}}, {"tid": 2, "generated": 0, "bbox": {"xmin": 391, "ymin": 58, "ymax": 263, "xmax": 566}}], [{"tid": 1, "generated": 0, "bbox": {"xmin": 170, "ymin": 412, "ymax": 558, "xmax": 336}}, {"tid": 2, "generated": 0, "bbox": {"xmin": 394, "ymin": 65, "ymax": 268, "xmax": 568}}], [{"tid": 1, "generated": 0, "bbox": {"xmin": 163, "ymin": 416, "ymax": 561, "xmax": 333}}, {"tid": 2, "generated": 0, "bbox": {"xmin": 398, "ymin": 70, "ymax": 272, "xmax": 576}}], [{"tid": 1, "generated": 0, "bbox": {"xmin": 157, "ymin": 421, "ymax": 564, "xmax": 330}}, {"tid": 2, "generated": 0, "bbox": {"xmin": 403, "ymin": 75, "ymax": 276, "xmax": 584}}], [{"tid": 1, "generated": 0, "bbox": {"xmin": 151, "ymin": 426, "ymax": 567, "xmax": 327}}, {"tid": 2, "generated": 0, "bbox": {"xmin": 408, "ymin": 80, "ymax": 280, "xmax": 592}}], [{"tid": 1, "generated": 0, "bbox": {"xmin": 145, "ymin": 429, "ymax": 569, "xmax": 323}}, {"tid": 2, "generated": 0, "bbox": {"xmin": 413, "ymin": 85, "ymax": 285, "xmax": 596}}], [{"tid": 1, "generated": 0, "bbox": {"xmin": 140, "ymin": 432, "ymax": 571, "xmax": 319}}, {"tid": 2, "generated": 0, "bbox": {"xmin": 418, "ymin": 91, "ymax": 290, "xmax": 601}}], [{"tid": 1, "generated": 0, "bbox": {"xmin": 135, "ymin": 435, "ymax": 574, "xmax": 316}}, {"tid": 2, "generated": 0, "bbox": {"xmin": 423, "ymin": 97, "ymax": 296, "xmax": 606}}], [{"tid": 1, "generated": 0, "bbox": {"xmin": 132, "ymin": 438, "ymax": 578, "xmax": 312}}, {"tid": 2, "generated": 0, "bbox": {"xmin": 427, "ymin": 103, "ymax": 299, "xmax": 610}}], [{"tid": 1, "generated": 0, "bbox": {"xmin": 129, "ymin": 442, "ymax": 582, "xmax": 308}}, {"tid": 2, "generated": 0, "bbox": {"xmin": 432, "ymin": 109, "ymax": 302, "xmax": 614}}], [{"tid": 1, "generated": 0, "bbox": {"xmin": 126, "ymin": 446, "ymax": 586, "xmax": 304}}, {"tid": 2, "generated": 0, "bbox": {"xmin": 437, "ymin": 115, "ymax": 305, "xmax": 618}}], [{"tid": 1, "generated": 0, "bbox": {"xmin": 124, "ymin": 449, "ymax": 587, "xmax": 302}}, {"tid": 2, "generated": 0, "bbox": {"xmin": 440, "ymin": 119, "ymax": 307, "xmax": 621}}], [{"tid": 1, "generated": 0, "bbox": {"xmin": 122, "ymin": 452, "ymax": 588, "xmax": 300}}, {"tid": 2, "generated": 0, "bbox": {"xmin": 444, "ymin": 124, "ymax": 309, "xmax": 624}}], [{"tid": 1, "generated": 0, "bbox": {"xmin": 120, "ymin": 455, "ymax": 590, "xmax": 298}}, {"tid": 2, "generated": 0, "bbox": {"xmin": 448, "ymin": 129, "ymax": 312, "xmax": 627}}], [{"tid": 2, "generated": 0, "bbox": {"xmin": 451, "ymin": 134, "ymax": 320, "xmax": 630}}, {"tid": 3, "generated": 0, "bbox": {"xmin": 847, "ymin": 155, "ymax": 302, "xmax": 927}}], [{"tid": 2, "generated": 0, "bbox": {"xmin": 454, "ymin": 139, "ymax": 328, "xmax": 633}}, {"tid": 3, "generated": 0, "bbox": {"xmin": 858, "ymin": 158, "ymax": 295, "xmax": 936}}], [{"tid": 2, "generated": 0, "bbox": {"xmin": 458, "ymin": 145, "ymax": 336, "xmax": 636}}, {"tid": 3, "generated": 0, "bbox": {"xmin": 851, "ymin": 161, "ymax": 295, "xmax": 944}}], [{"tid": 2, "generated": 0, "bbox": {"xmin": 460, "ymin": 150, "ymax": 346, "xmax": 637}}, {"tid": 3, "generated": 0, "bbox": {"xmin": 837, "ymin": 158, "ymax": 302, "xmax": 944}}], [{"tid": 2, "generated": 0, "bbox": {"xmin": 462, "ymin": 155, "ymax": 356, "xmax": 639}}, {"tid": 3, "generated": 0, "bbox": {"xmin": 830, "ymin": 165, "ymax": 252, "xmax": 949}}], [{"tid": 2, "generated": 0, "bbox": {"xmin": 465, "ymin": 160, "ymax": 366, "xmax": 641}}, {"tid": 3, "generated": 0, "bbox": {"xmin": 819, "ymin": 131, "ymax": 261, "xmax": 958}}], [{"tid": 2, "generated": 0, "bbox": {"xmin": 463, "ymin": 165, "ymax": 374, "xmax": 638}}, {"tid": 3, "generated": 0, "bbox": {"xmin": 810, "ymin": 110, "ymax": 263, "xmax": 962}}], [{"tid": 2, "generated": 0, "bbox": {"xmin": 461, "ymin": 170, "ymax": 383, "xmax": 636}}, {"tid": 3, "generated": 0, "bbox": {"xmin": 801, "ymin": 90, "ymax": 266, "xmax": 967}}], [{"tid": 2, "generated": 0, "bbox": {"xmin": 460, "ymin": 176, "ymax": 392, "xmax": 634}}, {"tid": 3, "generated": 0, "bbox": {"xmin": 810, "ymin": 71, "ymax": 275, "xmax": 961}}], [{"tid": 2, "generated": 0, "bbox": {"xmin": 444, "ymin": 181, "ymax": 400, "xmax": 625}}, {"tid": 3, "generated": 0, "bbox": {"xmin": 821, "ymin": 48, "ymax": 275, "xmax": 956}}], [{"tid": 2, "generated": 0, "bbox": {"xmin": 429, "ymin": 187, "ymax": 408, "xmax": 616}}, {"tid": 3, "generated": 0, "bbox": {"xmin": 832, "ymin": 24, "ymax": 238, "xmax": 954}}], [{"tid": 2, "generated": 0, "bbox": {"xmin": 414, "ymin": 193, "ymax": 416, "xmax": 608}}, {"tid": 3, "generated": 0, "bbox": {"xmin": 819, "ymin": 3, "ymax": 206, "xmax": 944}}], [{"tid": 2, "generated": 0, "bbox": {"xmin": 407, "ymin": 199, "ymax": 426, "xmax": 593}}, {"tid": 3, "generated": 0, "bbox": {"xmin": 812, "ymin": 0, "ymax": 200, "xmax": 935}}], [{"tid": 2, "generated": 0, "bbox": {"xmin": 378, "ymin": 204, "ymax": 432, "xmax": 565}}, {"tid": 3, "generated": 0, "bbox": {"xmin": 794, "ymin": 1, "ymax": 186, "xmax": 917}}], [{"tid": 2, "generated": 0, "bbox": {"xmin": 311, "ymin": 227, "ymax": 460, "xmax": 503}}, {"tid": 3, "generated": 0, "bbox": {"xmin": 753, "ymin": 17, "ymax": 181, "xmax": 851}}], [{"tid": 2, "generated": 0, "bbox": {"xmin": 282, "ymin": 247, "ymax": 496, "xmax": 472}}, {"tid": 3, "generated": 0, "bbox": {"xmin": 734, "ymin": 37, "ymax": 186, "xmax": 840}}], [{"tid": 2, "generated": 0, "bbox": {"xmin": 277, "ymin": 261, "ymax": 510, "xmax": 467}}, {"tid": 3, "generated": 0, "bbox": {"xmin": 728, "ymin": 51, "ymax": 179, "xmax": 853}}], [{"tid": 2, "generated": 0, "bbox": {"xmin": 247, "ymin": 288, "ymax": 540, "xmax": 435}}, {"tid": 3, "generated": 0, "bbox": {"xmin": 709, "ymin": 81, "ymax": 204, "xmax": 824}}], [{"tid": 2, "generated": 0, "bbox": {"xmin": 232, "ymin": 321, "ymax": 574, "xmax": 421}}, {"tid": 3, "generated": 0, "bbox": {"xmin": 684, "ymin": 115, "ymax": 257, "xmax": 807}}], [{"tid": 2, "generated": 0, "bbox": {"xmin": 218, "ymin": 357, "ymax": 608, "xmax": 405}}, {"tid": 3, "generated": 0, "bbox": {"xmin": 666, "ymin": 138, "ymax": 336, "xmax": 775}}], [{"tid": 2, "generated": 0, "bbox": {"xmin": 200, "ymin": 400, "ymax": 640, "xmax": 385}}, {"tid": 3, "generated": 0, "bbox": {"xmin": 648, "ymin": 179, "ymax": 405, "xmax": 766}}], [{"tid": 2, "generated": 0, "bbox": {"xmin": 188, "ymin": 442, "ymax": 682, "xmax": 373}}, {"tid": 3, "generated": 0, "bbox": {"xmin": 620, "ymin": 211, "ymax": 435, "xmax": 743}}], [{"tid": 2, "generated": 0, "bbox": {"xmin": 174, "ymin": 483, "ymax": 718, "xmax": 359}}, {"tid": 3, "generated": 0, "bbox": {"xmin": 593, "ymin": 243, "ymax": 448, "xmax": 714}}], [{"tid": 2, "generated": 0, "bbox": {"xmin": 165, "ymin": 512, "ymax": 718, "xmax": 348}}, {"tid": 3, "generated": 0, "bbox": {"xmin": 567, "ymin": 275, "ymax": 444, "xmax": 700}}], [{"tid": 2, "generated": 0, "bbox": {"xmin": 151, "ymin": 545, "ymax": 718, "xmax": 334}}, {"tid": 3, "generated": 0, "bbox": {"xmin": 536, "ymin": 300, "ymax": 467, "xmax": 686}}], [{"tid": 2, "generated": 0, "bbox": {"xmin": 152, "ymin": 561, "ymax": 718, "xmax": 336}}, {"tid": 3, "generated": 0, "bbox": {"xmin": 519, "ymin": 323, "ymax": 503, "xmax": 666}}], [{"tid": 2, "generated": 0, "bbox": {"xmin": 149, "ymin": 593, "ymax": 718, "xmax": 332}}, {"tid": 3, "generated": 0, "bbox": {"xmin": 501, "ymin": 330, "ymax": 529, "xmax": 634}}], [{"tid": 2, "generated": 0, "bbox": {"xmin": 145, "ymin": 609, "ymax": 718, "xmax": 328}}, {"tid": 3, "generated": 0, "bbox": {"xmin": 487, "ymin": 344, "ymax": 565, "xmax": 618}}], [{"tid": 2, "generated": 0, "bbox": {"xmin": 138, "ymin": 624, "ymax": 716, "xmax": 305}}, {"tid": 3, "generated": 0, "bbox": {"xmin": 471, "ymin": 352, "ymax": 586, "xmax": 600}}], [{"tid": 2, "generated": 0, "bbox": {"xmin": 131, "ymin": 631, "ymax": 716, "xmax": 245}}, {"tid": 3, "generated": 0, "bbox": {"xmin": 447, "ymin": 360, "ymax": 568, "xmax": 587}}]], "subject/objects": [{"category": "monkey", "tid": 0}, {"category": "monkey", "tid": 1}, {"category": "monkey", "tid": 2}, {"category": "monkey", "tid": 3}], "relation_instances": [{"end_fid": 45, "subject_tid": 0, "predicate": "walk_right", "begin_fid": 15, "object_tid": 1}, {"end_fid": 45, "subject_tid": 0, "predicate": "walk_above", "begin_fid": 15, "object_tid": 1}, {"end_fid": 45, "subject_tid": 1, "predicate": "walk_beneath", "begin_fid": 15, "object_tid": 0}, {"end_fid": 45, "subject_tid": 1, "predicate": "walk_left", "begin_fid": 15, "object_tid": 0}, {"end_fid": 60, "subject_tid": 0, "predicate": "stand_right", "begin_fid": 30, "object_tid": 1}, {"end_fid": 60, "subject_tid": 0, "predicate": "stand_above", "begin_fid": 30, "object_tid": 1}, {"end_fid": 60, "subject_tid": 1, "predicate": "walk_beneath", "begin_fid": 30, "object_tid": 0}, {"end_fid": 60, "subject_tid": 1, "predicate": "walk_left", "begin_fid": 30, "object_tid": 0}, {"end_fid": 75, "subject_tid": 0, "predicate": "stand_right", "begin_fid": 45, "object_tid": 1}, {"end_fid": 75, "subject_tid": 0, "predicate": "stand_above", "begin_fid": 45, "object_tid": 1}, {"end_fid": 75, "subject_tid": 1, "predicate": "walk_beneath", "begin_fid": 45, "object_tid": 0}, {"end_fid": 75, "subject_tid": 1, "predicate": "walk_left", "begin_fid": 45, "object_tid": 0}, {"end_fid": 360, "subject_tid": 1, "predicate": "walk_behind", "begin_fid": 330, "object_tid": 2}, {"end_fid": 360, "subject_tid": 1, "predicate": "walk_beneath", "begin_fid": 330, "object_tid": 2}, {"end_fid": 360, "subject_tid": 1, "predicate": "walk_left", "begin_fid": 330, "object_tid": 2}, {"end_fid": 360, "subject_tid": 2, "predicate": "walk_right", "begin_fid": 330, "object_tid": 1}, {"end_fid": 360, "subject_tid": 2, "predicate": "walk_above", "begin_fid": 330, "object_tid": 1}, {"end_fid": 360, "subject_tid": 2, "predicate": "walk_front", "begin_fid": 330, "object_tid": 1}, {"end_fid": 390, "subject_tid": 2, "predicate": "walk_front", "begin_fid": 360, "object_tid": 3}, {"end_fid": 390, "subject_tid": 2, "predicate": "walk_left", "begin_fid": 360, "object_tid": 3}, {"end_fid": 390, "subject_tid": 3, "predicate": "jump_right", "begin_fid": 360, "object_tid": 2}, {"end_fid": 390, "subject_tid": 3, "predicate": "jump_behind", "begin_fid": 360, "object_tid": 2}], "height": 720}