{"width": 640, "frame_count": 212, "video_id": "ILSVRC2015_train_00177015", "fps": 30, "trajectories": [[{"tid": 0, "generated": 0, "bbox": {"xmin": 168, "ymin": 151, "ymax": 332, "xmax": 445}}, {"tid": 1, "generated": 0, "bbox": {"xmin": 263, "ymin": 74, "ymax": 254, "xmax": 330}}], [{"tid": 0, "generated": 0, "bbox": {"xmin": 169, "ymin": 151, "ymax": 332, "xmax": 447}}, {"tid": 1, "generated": 0, "bbox": {"xmin": 264, "ymin": 74, "ymax": 254, "xmax": 331}}], [{"tid": 0, "generated": 0, "bbox": {"xmin": 170, "ymin": 152, "ymax": 332, "xmax": 449}}, {"tid": 1, "generated": 0, "bbox": {"xmin": 265, "ymin": 75, "ymax": 255, "xmax": 332}}], [{"tid": 0, "generated": 0, "bbox": {"xmin": 172, "ymin": 152, "ymax": 333, "xmax": 451}}, {"tid": 1, "generated": 0, "bbox": {"xmin": 267, "ymin": 75, "ymax": 255, "xmax": 334}}], [{"tid": 0, "generated": 0, "bbox": {"xmin": 173, "ymin": 153, "ymax": 333, "xmax": 453}}, {"tid": 1, "generated": 0, "bbox": {"xmin": 268, "ymin": 76, "ymax": 256, "xmax": 335}}], [{"tid": 0, "generated": 0, "bbox": {"xmin": 174, "ymin": 153, "ymax": 334, "xmax": 455}}, {"tid": 1, "generated": 0, "bbox": {"xmin": 269, "ymin": 76, "ymax": 256, "xmax": 336}}], [{"tid": 0, "generated": 0, "bbox": {"xmin": 176, "ymin": 154, "ymax": 334, "xmax": 457}}, {"tid": 1, "generated": 0, "bbox": {"xmin": 272, "ymin": 76, "ymax": 256, "xmax": 339}}], [{"tid": 0, "generated": 0, "bbox": {"xmin": 177, "ymin": 154, "ymax": 335, "xmax": 459}}, {"tid": 1, "generated": 0, "bbox": {"xmin": 275, "ymin": 77, "ymax": 257, "xmax": 342}}], [{"tid": 0, "generated": 0, "bbox": {"xmin": 178, "ymin": 155, "ymax": 335, "xmax": 461}}, {"tid": 1, "generated": 0, "bbox": {"xmin": 277, "ymin": 77, "ymax": 257, "xmax": 344}}], [{"tid": 0, "generated": 0, "bbox": {"xmin": 180, "ymin": 156, "ymax": 336, "xmax": 463}}, {"tid": 1, "generated": 0, "bbox": {"xmin": 280, "ymin": 78, "ymax": 258, "xmax": 347}}], [{"tid": 0, "generated": 0, "bbox": {"xmin": 181, "ymin": 156, "ymax": 336, "xmax": 466}}, {"tid": 1, "generated": 0, "bbox": {"xmin": 283, "ymin": 78, "ymax": 258, "xmax": 350}}], [{"tid": 0, "generated": 0, "bbox": {"xmin": 182, "ymin": 156, "ymax": 336, "xmax": 469}}, {"tid": 1, "generated": 0, "bbox": {"xmin": 285, "ymin": 77, "ymax": 257, "xmax": 352}}], [{"tid": 0, "generated": 0, "bbox": {"xmin": 183, "ymin": 156, "ymax": 336, "xmax": 472}}, {"tid": 1, "generated": 0, "bbox": {"xmin": 287, "ymin": 76, "ymax": 256, "xmax": 354}}], [{"tid": 0, "generated": 0, "bbox": {"xmin": 184, "ymin": 156, "ymax": 336, "xmax": 476}}, {"tid": 1, "generated": 0, "bbox": {"xmin": 288, "ymin": 74, "ymax": 254, "xmax": 355}}], [{"tid": 0, "generated": 0, "bbox": {"xmin": 186, "ymin": 156, "ymax": 336, "xmax": 479}}, {"tid": 1, "generated": 0, "bbox": {"xmin": 290, "ymin": 73, "ymax": 253, "xmax": 357}}], [{"tid": 0, "generated": 0, "bbox": {"xmin": 187, "ymin": 156, "ymax": 336, "xmax": 482}}, {"tid": 1, "generated": 0, "bbox": {"xmin": 292, "ymin": 72, "ymax": 252, "xmax": 359}}], [{"tid": 0, "generated": 0, "bbox": {"xmin": 188, "ymin": 156, "ymax": 336, "xmax": 486}}, {"tid": 1, "generated": 0, "bbox": {"xmin": 293, "ymin": 72, "ymax": 252, "xmax": 360}}], [{"tid": 0, "generated": 0, "bbox": {"xmin": 189, "ymin": 156, "ymax": 336, "xmax": 489}}, {"tid": 1, "generated": 0, "bbox": {"xmin": 295, "ymin": 72, "ymax": 252, "xmax": 362}}], [{"tid": 0, "generated": 0, "bbox": {"xmin": 190, "ymin": 156, "ymax": 336, "xmax": 492}}, {"tid": 1, "generated": 0, "bbox": {"xmin": 296, "ymin": 71, "ymax": 251, "xmax": 363}}], [{"tid": 0, "generated": 0, "bbox": {"xmin": 192, "ymin": 156, "ymax": 336, "xmax": 496}}, {"tid": 1, "generated": 0, "bbox": {"xmin": 298, "ymin": 71, "ymax": 251, "xmax": 365}}], [{"tid": 0, "generated": 0, "bbox": {"xmin": 191, "ymin": 155, "ymax": 336, "xmax": 493}}, {"tid": 1, "generated": 0, "bbox": {"xmin": 299, "ymin": 71, "ymax": 251, "xmax": 366}}], [{"tid": 0, "generated": 0, "bbox": {"xmin": 190, "ymin": 155, "ymax": 337, "xmax": 491}}, {"tid": 1, "generated": 0, "bbox": {"xmin": 299, "ymin": 71, "ymax": 251, "xmax": 366}}], [{"tid": 0, "generated": 0, "bbox": {"xmin": 189, "ymin": 155, "ymax": 338, "xmax": 488}}, {"tid": 1, "generated": 0, "bbox": {"xmin": 299, "ymin": 71, "ymax": 251, "xmax": 366}}], [{"tid": 0, "generated": 0, "bbox": {"xmin": 188, "ymin": 154, "ymax": 338, "xmax": 486}}, {"tid": 1, "generated": 0, "bbox": {"xmin": 299, "ymin": 71, "ymax": 251, "xmax": 366}}], [{"tid": 0, "generated": 0, "bbox": {"xmin": 188, "ymin": 154, "ymax": 339, "xmax": 484}}, {"tid": 1, "generated": 0, "bbox": {"xmin": 299, "ymin": 71, "ymax": 251, "xmax": 366}}], [{"tid": 0, "generated": 0, "bbox": {"xmin": 187, "ymin": 154, "ymax": 340, "xmax": 481}}, {"tid": 1, "generated": 0, "bbox": {"xmin": 299, "ymin": 71, "ymax": 251, "xmax": 366}}], [{"tid": 0, "generated": 0, "bbox": {"xmin": 186, "ymin": 153, "ymax": 340, "xmax": 479}}, {"tid": 1, "generated": 0, "bbox": {"xmin": 299, "ymin": 71, "ymax": 251, "xmax": 366}}], [{"tid": 0, "generated": 0, "bbox": {"xmin": 185, "ymin": 153, "ymax": 341, "xmax": 476}}, {"tid": 1, "generated": 0, "bbox": {"xmin": 299, "ymin": 71, "ymax": 251, "xmax": 366}}], [{"tid": 0, "generated": 0, "bbox": {"xmin": 184, "ymin": 153, "ymax": 342, "xmax": 474}}, {"tid": 1, "generated": 0, "bbox": {"xmin": 299, "ymin": 71, "ymax": 251, "xmax": 366}}], [{"tid": 0, "generated": 0, "bbox": {"xmin": 184, "ymin": 153, "ymax": 343, "xmax": 472}}, {"tid": 1, "generated": 0, "bbox": {"xmin": 299, "ymin": 71, "ymax": 251, "xmax": 366}}], [{"tid": 0, "generated": 0, "bbox": {"xmin": 183, "ymin": 153, "ymax": 343, "xmax": 470}}, {"tid": 1, "generated": 0, "bbox": {"xmin": 299, "ymin": 71, "ymax": 251, "xmax": 366}}], [{"tid": 0, "generated": 0, "bbox": {"xmin": 182, "ymin": 153, "ymax": 343, "xmax": 469}}, {"tid": 1, "generated": 0, "bbox": {"xmin": 297, "ymin": 71, "ymax": 251, "xmax": 364}}], [{"tid": 0, "generated": 0, "bbox": {"xmin": 181, "ymin": 153, "ymax": 343, "xmax": 467}}, {"tid": 1, "generated": 0, "bbox": {"xmin": 296, "ymin": 71, "ymax": 251, "xmax": 363}}], [{"tid": 0, "generated": 0, "bbox": {"xmin": 180, "ymin": 153, "ymax": 343, "xmax": 466}}, {"tid": 1, "generated": 0, "bbox": {"xmin": 294, "ymin": 71, "ymax": 251, "xmax": 361}}], [{"tid": 0, "generated": 0, "bbox": {"xmin": 180, "ymin": 153, "ymax": 343, "xmax": 464}}, {"tid": 1, "generated": 0, "bbox": {"xmin": 293, "ymin": 71, "ymax": 251, "xmax": 360}}], [{"tid": 0, "generated": 0, "bbox": {"xmin": 179, "ymin": 153, "ymax": 343, "xmax": 463}}, {"tid": 1, "generated": 0, "bbox": {"xmin": 291, "ymin": 71, "ymax": 251, "xmax": 358}}], [{"tid": 0, "generated": 0, "bbox": {"xmin": 178, "ymin": 153, "ymax": 343, "xmax": 461}}, {"tid": 1, "generated": 0, "bbox": {"xmin": 290, "ymin": 71, "ymax": 251, "xmax": 357}}], [{"tid": 0, "generated": 0, "bbox": {"xmin": 177, "ymin": 153, "ymax": 343, "xmax": 460}}, {"tid": 1, "generated": 0, "bbox": {"xmin": 289, "ymin": 72, "ymax": 252, "xmax": 356}}], [{"tid": 0, "generated": 0, "bbox": {"xmin": 176, "ymin": 153, "ymax": 343, "xmax": 458}}, {"tid": 1, "generated": 0, "bbox": {"xmin": 287, "ymin": 72, "ymax": 252, "xmax": 354}}], [{"tid": 0, "generated": 0, "bbox": {"xmin": 176, "ymin": 153, "ymax": 343, "xmax": 457}}, {"tid": 1, "generated": 0, "bbox": {"xmin": 286, "ymin": 73, "ymax": 253, "xmax": 353}}], [{"tid": 0, "generated": 0, "bbox": {"xmin": 176, "ymin": 152, "ymax": 343, "xmax": 457}}, {"tid": 1, "generated": 0, "bbox": {"xmin": 285, "ymin": 73, "ymax": 253, "xmax": 352}}], [{"tid": 0, "generated": 0, "bbox": {"xmin": 176, "ymin": 152, "ymax": 343, "xmax": 458}}, {"tid": 1, "generated": 0, "bbox": {"xmin": 284, "ymin": 73, "ymax": 253, "xmax": 351}}], [{"tid": 0, "generated": 0, "bbox": {"xmin": 176, "ymin": 151, "ymax": 343, "xmax": 459}}, {"tid": 1, "generated": 0, "bbox": {"xmin": 284, "ymin": 73, "ymax": 253, "xmax": 351}}], [{"tid": 0, "generated": 0, "bbox": {"xmin": 176, "ymin": 151, "ymax": 343, "xmax": 459}}, {"tid": 1, "generated": 0, "bbox": {"xmin": 283, "ymin": 72, "ymax": 252, "xmax": 350}}], [{"tid": 0, "generated": 0, "bbox": {"xmin": 176, "ymin": 151, "ymax": 344, "xmax": 460}}, {"tid": 1, "generated": 0, "bbox": {"xmin": 283, "ymin": 72, "ymax": 252, "xmax": 350}}], [{"tid": 0, "generated": 0, "bbox": {"xmin": 176, "ymin": 150, "ymax": 344, "xmax": 461}}, {"tid": 1, "generated": 0, "bbox": {"xmin": 282, "ymin": 72, "ymax": 252, "xmax": 349}}], [{"tid": 0, "generated": 0, "bbox": {"xmin": 176, "ymin": 150, "ymax": 344, "xmax": 461}}, {"tid": 1, "generated": 0, "bbox": {"xmin": 281, "ymin": 72, "ymax": 252, "xmax": 348}}], [{"tid": 0, "generated": 0, "bbox": {"xmin": 176, "ymin": 149, "ymax": 344, "xmax": 462}}, {"tid": 1, "generated": 0, "bbox": {"xmin": 281, "ymin": 73, "ymax": 253, "xmax": 348}}], [{"tid": 0, "generated": 0, "bbox": {"xmin": 176, "ymin": 149, "ymax": 344, "xmax": 463}}, {"tid": 1, "generated": 0, "bbox": {"xmin": 280, "ymin": 73, "ymax": 253, "xmax": 347}}], [{"tid": 0, "generated": 0, "bbox": {"xmin": 176, "ymin": 149, "ymax": 345, "xmax": 464}}, {"tid": 1, "generated": 0, "bbox": {"xmin": 280, "ymin": 74, "ymax": 254, "xmax": 347}}], [{"tid": 0, "generated": 0, "bbox": {"xmin": 174, "ymin": 149, "ymax": 344, "xmax": 463}}, {"tid": 1, "generated": 0, "bbox": {"xmin": 279, "ymin": 74, "ymax": 254, "xmax": 346}}], [{"tid": 0, "generated": 0, "bbox": {"xmin": 173, "ymin": 150, "ymax": 344, "xmax": 463}}, {"tid": 1, "generated": 0, "bbox": {"xmin": 279, "ymin": 75, "ymax": 255, "xmax": 346}}], [{"tid": 0, "generated": 0, "bbox": {"xmin": 171, "ymin": 151, "ymax": 344, "xmax": 463}}, {"tid": 1, "generated": 0, "bbox": {"xmin": 279, "ymin": 76, "ymax": 256, "xmax": 346}}], [{"tid": 0, "generated": 0, "bbox": {"xmin": 170, "ymin": 152, "ymax": 344, "xmax": 463}}, {"tid": 1, "generated": 0, "bbox": {"xmin": 278, "ymin": 76, "ymax": 256, "xmax": 345}}], [{"tid": 0, "generated": 0, "bbox": {"xmin": 168, "ymin": 153, "ymax": 344, "xmax": 463}}, {"tid": 1, "generated": 0, "bbox": {"xmin": 278, "ymin": 77, "ymax": 257, "xmax": 345}}], [{"tid": 0, "generated": 0, "bbox": {"xmin": 167, "ymin": 154, "ymax": 344, "xmax": 462}}, {"tid": 1, "generated": 0, "bbox": {"xmin": 278, "ymin": 78, "ymax": 258, "xmax": 345}}], [{"tid": 0, "generated": 0, "bbox": {"xmin": 165, "ymin": 155, "ymax": 344, "xmax": 462}}, {"tid": 1, "generated": 0, "bbox": {"xmin": 278, "ymin": 78, "ymax": 258, "xmax": 345}}], [{"tid": 0, "generated": 0, "bbox": {"xmin": 164, "ymin": 156, "ymax": 344, "xmax": 462}}, {"tid": 1, "generated": 0, "bbox": {"xmin": 278, "ymin": 78, "ymax": 258, "xmax": 345}}], [{"tid": 0, "generated": 0, "bbox": {"xmin": 162, "ymin": 157, "ymax": 344, "xmax": 462}}, {"tid": 1, "generated": 0, "bbox": {"xmin": 278, "ymin": 78, "ymax": 258, "xmax": 345}}], [{"tid": 0, "generated": 0, "bbox": {"xmin": 161, "ymin": 158, "ymax": 344, "xmax": 462}}, {"tid": 1, "generated": 0, "bbox": {"xmin": 278, "ymin": 78, "ymax": 258, "xmax": 345}}], [{"tid": 0, "generated": 0, "bbox": {"xmin": 160, "ymin": 158, "ymax": 343, "xmax": 459}}, {"tid": 1, "generated": 0, "bbox": {"xmin": 278, "ymin": 78, "ymax": 258, "xmax": 345}}], [{"tid": 0, "generated": 0, "bbox": {"xmin": 160, "ymin": 159, "ymax": 342, "xmax": 457}}, {"tid": 1, "generated": 0, "bbox": {"xmin": 277, "ymin": 78, "ymax": 258, "xmax": 344}}], [{"tid": 0, "generated": 0, "bbox": {"xmin": 160, "ymin": 160, "ymax": 341, "xmax": 454}}, {"tid": 1, "generated": 0, "bbox": {"xmin": 276, "ymin": 78, "ymax": 258, "xmax": 343}}], [{"tid": 0, "generated": 0, "bbox": {"xmin": 160, "ymin": 161, "ymax": 340, "xmax": 452}}, {"tid": 1, "generated": 0, "bbox": {"xmin": 274, "ymin": 78, "ymax": 258, "xmax": 341}}], [{"tid": 0, "generated": 0, "bbox": {"xmin": 160, "ymin": 162, "ymax": 340, "xmax": 449}}, {"tid": 1, "generated": 0, "bbox": {"xmin": 273, "ymin": 78, "ymax": 258, "xmax": 340}}], [{"tid": 0, "generated": 0, "bbox": {"xmin": 160, "ymin": 162, "ymax": 339, "xmax": 447}}, {"tid": 1, "generated": 0, "bbox": {"xmin": 272, "ymin": 78, "ymax": 258, "xmax": 339}}], [{"tid": 0, "generated": 0, "bbox": {"xmin": 160, "ymin": 163, "ymax": 338, "xmax": 444}}, {"tid": 1, "generated": 0, "bbox": {"xmin": 271, "ymin": 79, "ymax": 259, "xmax": 338}}], [{"tid": 0, "generated": 0, "bbox": {"xmin": 160, "ymin": 164, "ymax": 337, "xmax": 442}}, {"tid": 1, "generated": 0, "bbox": {"xmin": 270, "ymin": 80, "ymax": 260, "xmax": 337}}], [{"tid": 0, "generated": 0, "bbox": {"xmin": 160, "ymin": 165, "ymax": 336, "xmax": 439}}, {"tid": 1, "generated": 0, "bbox": {"xmin": 268, "ymin": 81, "ymax": 261, "xmax": 335}}], [{"tid": 0, "generated": 0, "bbox": {"xmin": 160, "ymin": 166, "ymax": 336, "xmax": 437}}, {"tid": 1, "generated": 0, "bbox": {"xmin": 267, "ymin": 82, "ymax": 262, "xmax": 334}}], [{"tid": 0, "generated": 0, "bbox": {"xmin": 160, "ymin": 165, "ymax": 336, "xmax": 436}}, {"tid": 1, "generated": 0, "bbox": {"xmin": 266, "ymin": 83, "ymax": 263, "xmax": 333}}], [{"tid": 0, "generated": 0, "bbox": {"xmin": 160, "ymin": 164, "ymax": 336, "xmax": 435}}, {"tid": 1, "generated": 0, "bbox": {"xmin": 265, "ymin": 84, "ymax": 264, "xmax": 332}}], [{"tid": 0, "generated": 0, "bbox": {"xmin": 160, "ymin": 163, "ymax": 336, "xmax": 434}}, {"tid": 1, "generated": 0, "bbox": {"xmin": 263, "ymin": 84, "ymax": 264, "xmax": 330}}], [{"tid": 0, "generated": 0, "bbox": {"xmin": 160, "ymin": 163, "ymax": 336, "xmax": 433}}, {"tid": 1, "generated": 0, "bbox": {"xmin": 262, "ymin": 85, "ymax": 265, "xmax": 329}}], [{"tid": 0, "generated": 0, "bbox": {"xmin": 160, "ymin": 162, "ymax": 336, "xmax": 432}}, {"tid": 1, "generated": 0, "bbox": {"xmin": 260, "ymin": 85, "ymax": 265, "xmax": 327}}], [{"tid": 0, "generated": 0, "bbox": {"xmin": 160, "ymin": 161, "ymax": 336, "xmax": 431}}, {"tid": 1, "generated": 0, "bbox": {"xmin": 259, "ymin": 86, "ymax": 266, "xmax": 326}}], [{"tid": 0, "generated": 0, "bbox": {"xmin": 160, "ymin": 161, "ymax": 336, "xmax": 430}}, {"tid": 1, "generated": 0, "bbox": {"xmin": 258, "ymin": 86, "ymax": 266, "xmax": 325}}], [{"tid": 0, "generated": 0, "bbox": {"xmin": 160, "ymin": 160, "ymax": 336, "xmax": 429}}, {"tid": 1, "generated": 0, "bbox": {"xmin": 257, "ymin": 86, "ymax": 266, "xmax": 324}}], [{"tid": 0, "generated": 0, "bbox": {"xmin": 160, "ymin": 159, "ymax": 336, "xmax": 428}}, {"tid": 1, "generated": 0, "bbox": {"xmin": 257, "ymin": 87, "ymax": 267, "xmax": 324}}], [{"tid": 0, "generated": 0, "bbox": {"xmin": 160, "ymin": 159, "ymax": 336, "xmax": 428}}, {"tid": 1, "generated": 0, "bbox": {"xmin": 256, "ymin": 87, "ymax": 267, "xmax": 323}}], [{"tid": 0, "generated": 0, "bbox": {"xmin": 158, "ymin": 159, "ymax": 335, "xmax": 426}}, {"tid": 1, "generated": 0, "bbox": {"xmin": 255, "ymin": 87, "ymax": 267, "xmax": 322}}], [{"tid": 0, "generated": 0, "bbox": {"xmin": 157, "ymin": 160, "ymax": 334, "xmax": 425}}, {"tid": 1, "generated": 0, "bbox": {"xmin": 254, "ymin": 88, "ymax": 268, "xmax": 321}}], [{"tid": 0, "generated": 0, "bbox": {"xmin": 155, "ymin": 160, "ymax": 333, "xmax": 423}}, {"tid": 1, "generated": 0, "bbox": {"xmin": 252, "ymin": 89, "ymax": 269, "xmax": 319}}], [{"tid": 0, "generated": 0, "bbox": {"xmin": 154, "ymin": 161, "ymax": 332, "xmax": 422}}, {"tid": 1, "generated": 0, "bbox": {"xmin": 251, "ymin": 90, "ymax": 270, "xmax": 318}}], [{"tid": 0, "generated": 0, "bbox": {"xmin": 152, "ymin": 162, "ymax": 332, "xmax": 420}}, {"tid": 1, "generated": 0, "bbox": {"xmin": 249, "ymin": 91, "ymax": 271, "xmax": 316}}], [{"tid": 0, "generated": 0, "bbox": {"xmin": 151, "ymin": 162, "ymax": 331, "xmax": 419}}, {"tid": 1, "generated": 0, "bbox": {"xmin": 248, "ymin": 92, "ymax": 272, "xmax": 315}}], [{"tid": 0, "generated": 0, "bbox": {"xmin": 149, "ymin": 163, "ymax": 330, "xmax": 417}}, {"tid": 1, "generated": 0, "bbox": {"xmin": 246, "ymin": 92, "ymax": 270, "xmax": 313}}], [{"tid": 0, "generated": 0, "bbox": {"xmin": 148, "ymin": 163, "ymax": 329, "xmax": 416}}, {"tid": 1, "generated": 0, "bbox": {"xmin": 244, "ymin": 92, "ymax": 268, "xmax": 310}}], [{"tid": 0, "generated": 0, "bbox": {"xmin": 146, "ymin": 164, "ymax": 328, "xmax": 414}}, {"tid": 1, "generated": 0, "bbox": {"xmin": 242, "ymin": 93, "ymax": 266, "xmax": 308}}], [{"tid": 0, "generated": 0, "bbox": {"xmin": 145, "ymin": 165, "ymax": 328, "xmax": 413}}, {"tid": 1, "generated": 0, "bbox": {"xmin": 240, "ymin": 93, "ymax": 264, "xmax": 305}}], [{"tid": 0, "generated": 0, "bbox": {"xmin": 145, "ymin": 163, "ymax": 327, "xmax": 410}}, {"tid": 1, "generated": 0, "bbox": {"xmin": 238, "ymin": 93, "ymax": 262, "xmax": 303}}], [{"tid": 0, "generated": 0, "bbox": {"xmin": 146, "ymin": 162, "ymax": 326, "xmax": 408}}, {"tid": 1, "generated": 0, "bbox": {"xmin": 238, "ymin": 93, "ymax": 260, "xmax": 302}}], [{"tid": 0, "generated": 0, "bbox": {"xmin": 147, "ymin": 161, "ymax": 325, "xmax": 405}}, {"tid": 1, "generated": 0, "bbox": {"xmin": 238, "ymin": 93, "ymax": 259, "xmax": 301}}], [{"tid": 0, "generated": 0, "bbox": {"xmin": 147, "ymin": 159, "ymax": 324, "xmax": 403}}, {"tid": 1, "generated": 0, "bbox": {"xmin": 238, "ymin": 94, "ymax": 257, "xmax": 300}}], [{"tid": 0, "generated": 0, "bbox": {"xmin": 148, "ymin": 158, "ymax": 324, "xmax": 401}}, {"tid": 1, "generated": 0, "bbox": {"xmin": 238, "ymin": 94, "ymax": 256, "xmax": 299}}], [{"tid": 0, "generated": 0, "bbox": {"xmin": 149, "ymin": 157, "ymax": 323, "xmax": 398}}, {"tid": 1, "generated": 0, "bbox": {"xmin": 238, "ymin": 94, "ymax": 254, "xmax": 298}}], [{"tid": 0, "generated": 0, "bbox": {"xmin": 149, "ymin": 155, "ymax": 322, "xmax": 396}}, {"tid": 1, "generated": 0, "bbox": {"xmin": 238, "ymin": 95, "ymax": 255, "xmax": 298}}], [{"tid": 0, "generated": 0, "bbox": {"xmin": 150, "ymin": 154, "ymax": 321, "xmax": 393}}, {"tid": 1, "generated": 0, "bbox": {"xmin": 238, "ymin": 96, "ymax": 256, "xmax": 298}}], [{"tid": 0, "generated": 0, "bbox": {"xmin": 151, "ymin": 153, "ymax": 320, "xmax": 391}}, {"tid": 1, "generated": 0, "bbox": {"xmin": 239, "ymin": 97, "ymax": 257, "xmax": 299}}], [{"tid": 0, "generated": 0, "bbox": {"xmin": 152, "ymin": 152, "ymax": 320, "xmax": 389}}, {"tid": 1, "generated": 0, "bbox": {"xmin": 239, "ymin": 98, "ymax": 258, "xmax": 299}}], [{"tid": 0, "generated": 0, "bbox": {"xmin": 151, "ymin": 153, "ymax": 320, "xmax": 388}}, {"tid": 1, "generated": 0, "bbox": {"xmin": 239, "ymin": 99, "ymax": 259, "xmax": 299}}], [{"tid": 0, "generated": 0, "bbox": {"xmin": 151, "ymin": 154, "ymax": 320, "xmax": 388}}, {"tid": 1, "generated": 0, "bbox": {"xmin": 238, "ymin": 99, "ymax": 259, "xmax": 298}}], [{"tid": 0, "generated": 0, "bbox": {"xmin": 151, "ymin": 155, "ymax": 320, "xmax": 387}}, {"tid": 1, "generated": 0, "bbox": {"xmin": 237, "ymin": 99, "ymax": 259, "xmax": 297}}], [{"tid": 0, "generated": 0, "bbox": {"xmin": 151, "ymin": 156, "ymax": 320, "xmax": 387}}, {"tid": 1, "generated": 0, "bbox": {"xmin": 236, "ymin": 100, "ymax": 260, "xmax": 296}}], [{"tid": 0, "generated": 0, "bbox": {"xmin": 151, "ymin": 158, "ymax": 320, "xmax": 386}}, {"tid": 1, "generated": 0, "bbox": {"xmin": 235, "ymin": 100, "ymax": 260, "xmax": 295}}], [{"tid": 0, "generated": 0, "bbox": {"xmin": 150, "ymin": 159, "ymax": 320, "xmax": 386}}, {"tid": 1, "generated": 0, "bbox": {"xmin": 234, "ymin": 100, "ymax": 260, "xmax": 294}}], [{"tid": 0, "generated": 0, "bbox": {"xmin": 150, "ymin": 160, "ymax": 320, "xmax": 385}}, {"tid": 1, "generated": 0, "bbox": {"xmin": 233, "ymin": 100, "ymax": 260, "xmax": 293}}], [{"tid": 0, "generated": 0, "bbox": {"xmin": 150, "ymin": 161, "ymax": 320, "xmax": 385}}, {"tid": 1, "generated": 0, "bbox": {"xmin": 233, "ymin": 100, "ymax": 260, "xmax": 293}}], [{"tid": 0, "generated": 0, "bbox": {"xmin": 150, "ymin": 162, "ymax": 320, "xmax": 384}}, {"tid": 1, "generated": 0, "bbox": {"xmin": 232, "ymin": 100, "ymax": 260, "xmax": 292}}], [{"tid": 0, "generated": 0, "bbox": {"xmin": 150, "ymin": 164, "ymax": 320, "xmax": 384}}, {"tid": 1, "generated": 0, "bbox": {"xmin": 232, "ymin": 100, "ymax": 260, "xmax": 292}}], [{"tid": 0, "generated": 0, "bbox": {"xmin": 148, "ymin": 165, "ymax": 319, "xmax": 384}}, {"tid": 1, "generated": 0, "bbox": {"xmin": 231, "ymin": 100, "ymax": 260, "xmax": 291}}], [{"tid": 0, "generated": 0, "bbox": {"xmin": 147, "ymin": 166, "ymax": 319, "xmax": 384}}, {"tid": 1, "generated": 0, "bbox": {"xmin": 229, "ymin": 101, "ymax": 259, "xmax": 289}}], [{"tid": 0, "generated": 0, "bbox": {"xmin": 145, "ymin": 167, "ymax": 319, "xmax": 384}}, {"tid": 1, "generated": 0, "bbox": {"xmin": 227, "ymin": 103, "ymax": 258, "xmax": 288}}], [{"tid": 0, "generated": 0, "bbox": {"xmin": 144, "ymin": 168, "ymax": 319, "xmax": 384}}, {"tid": 1, "generated": 0, "bbox": {"xmin": 225, "ymin": 104, "ymax": 258, "xmax": 286}}], [{"tid": 0, "generated": 0, "bbox": {"xmin": 142, "ymin": 170, "ymax": 319, "xmax": 384}}, {"tid": 1, "generated": 0, "bbox": {"xmin": 223, "ymin": 106, "ymax": 257, "xmax": 285}}], [{"tid": 0, "generated": 0, "bbox": {"xmin": 141, "ymin": 171, "ymax": 319, "xmax": 384}}, {"tid": 1, "generated": 0, "bbox": {"xmin": 221, "ymin": 107, "ymax": 256, "xmax": 283}}], [{"tid": 0, "generated": 0, "bbox": {"xmin": 139, "ymin": 172, "ymax": 319, "xmax": 384}}, {"tid": 1, "generated": 0, "bbox": {"xmin": 219, "ymin": 108, "ymax": 257, "xmax": 281}}], [{"tid": 0, "generated": 0, "bbox": {"xmin": 138, "ymin": 173, "ymax": 319, "xmax": 384}}, {"tid": 1, "generated": 0, "bbox": {"xmin": 217, "ymin": 109, "ymax": 258, "xmax": 279}}], [{"tid": 0, "generated": 0, "bbox": {"xmin": 136, "ymin": 174, "ymax": 319, "xmax": 384}}, {"tid": 1, "generated": 0, "bbox": {"xmin": 216, "ymin": 109, "ymax": 258, "xmax": 278}}], [{"tid": 0, "generated": 0, "bbox": {"xmin": 135, "ymin": 176, "ymax": 319, "xmax": 384}}, {"tid": 1, "generated": 0, "bbox": {"xmin": 214, "ymin": 110, "ymax": 259, "xmax": 276}}], [{"tid": 0, "generated": 0, "bbox": {"xmin": 134, "ymin": 176, "ymax": 318, "xmax": 380}}, {"tid": 1, "generated": 0, "bbox": {"xmin": 212, "ymin": 111, "ymax": 260, "xmax": 274}}], [{"tid": 0, "generated": 0, "bbox": {"xmin": 133, "ymin": 176, "ymax": 317, "xmax": 376}}, {"tid": 1, "generated": 0, "bbox": {"xmin": 211, "ymin": 112, "ymax": 259, "xmax": 272}}], [{"tid": 0, "generated": 0, "bbox": {"xmin": 132, "ymin": 176, "ymax": 316, "xmax": 372}}, {"tid": 1, "generated": 0, "bbox": {"xmin": 211, "ymin": 112, "ymax": 258, "xmax": 271}}], [{"tid": 0, "generated": 0, "bbox": {"xmin": 132, "ymin": 176, "ymax": 315, "xmax": 368}}, {"tid": 1, "generated": 0, "bbox": {"xmin": 210, "ymin": 113, "ymax": 258, "xmax": 269}}], [{"tid": 0, "generated": 0, "bbox": {"xmin": 131, "ymin": 176, "ymax": 314, "xmax": 364}}, {"tid": 1, "generated": 0, "bbox": {"xmin": 210, "ymin": 113, "ymax": 257, "xmax": 268}}], [{"tid": 0, "generated": 0, "bbox": {"xmin": 130, "ymin": 176, "ymax": 313, "xmax": 360}}, {"tid": 1, "generated": 0, "bbox": {"xmin": 209, "ymin": 114, "ymax": 256, "xmax": 266}}], [{"tid": 0, "generated": 0, "bbox": {"xmin": 130, "ymin": 176, "ymax": 312, "xmax": 356}}, {"tid": 1, "generated": 0, "bbox": {"xmin": 208, "ymin": 114, "ymax": 256, "xmax": 265}}], [{"tid": 0, "generated": 0, "bbox": {"xmin": 129, "ymin": 176, "ymax": 311, "xmax": 352}}, {"tid": 1, "generated": 0, "bbox": {"xmin": 207, "ymin": 114, "ymax": 256, "xmax": 264}}], [{"tid": 0, "generated": 0, "bbox": {"xmin": 128, "ymin": 176, "ymax": 310, "xmax": 348}}, {"tid": 1, "generated": 0, "bbox": {"xmin": 207, "ymin": 115, "ymax": 257, "xmax": 264}}], [{"tid": 0, "generated": 0, "bbox": {"xmin": 128, "ymin": 176, "ymax": 310, "xmax": 344}}, {"tid": 1, "generated": 0, "bbox": {"xmin": 206, "ymin": 115, "ymax": 257, "xmax": 263}}], [{"tid": 0, "generated": 0, "bbox": {"xmin": 128, "ymin": 176, "ymax": 309, "xmax": 343}}, {"tid": 1, "generated": 0, "bbox": {"xmin": 205, "ymin": 115, "ymax": 257, "xmax": 262}}], [{"tid": 0, "generated": 0, "bbox": {"xmin": 129, "ymin": 177, "ymax": 309, "xmax": 342}}, {"tid": 1, "generated": 0, "bbox": {"xmin": 205, "ymin": 116, "ymax": 257, "xmax": 261}}], [{"tid": 0, "generated": 0, "bbox": {"xmin": 130, "ymin": 178, "ymax": 309, "xmax": 341}}, {"tid": 1, "generated": 0, "bbox": {"xmin": 204, "ymin": 116, "ymax": 257, "xmax": 261}}], [{"tid": 0, "generated": 0, "bbox": {"xmin": 131, "ymin": 179, "ymax": 309, "xmax": 340}}, {"tid": 1, "generated": 0, "bbox": {"xmin": 204, "ymin": 117, "ymax": 258, "xmax": 260}}], [{"tid": 0, "generated": 0, "bbox": {"xmin": 132, "ymin": 180, "ymax": 309, "xmax": 339}}, {"tid": 1, "generated": 0, "bbox": {"xmin": 203, "ymin": 117, "ymax": 258, "xmax": 260}}], [{"tid": 0, "generated": 0, "bbox": {"xmin": 132, "ymin": 180, "ymax": 309, "xmax": 338}}, {"tid": 1, "generated": 0, "bbox": {"xmin": 203, "ymin": 118, "ymax": 258, "xmax": 259}}], [{"tid": 0, "generated": 0, "bbox": {"xmin": 133, "ymin": 181, "ymax": 309, "xmax": 337}}, {"tid": 1, "generated": 0, "bbox": {"xmin": 203, "ymin": 120, "ymax": 258, "xmax": 259}}], [{"tid": 0, "generated": 0, "bbox": {"xmin": 134, "ymin": 182, "ymax": 309, "xmax": 336}}, {"tid": 1, "generated": 0, "bbox": {"xmin": 203, "ymin": 122, "ymax": 258, "xmax": 258}}], [{"tid": 0, "generated": 0, "bbox": {"xmin": 135, "ymin": 183, "ymax": 309, "xmax": 335}}, {"tid": 1, "generated": 0, "bbox": {"xmin": 203, "ymin": 125, "ymax": 258, "xmax": 258}}], [{"tid": 0, "generated": 0, "bbox": {"xmin": 136, "ymin": 184, "ymax": 309, "xmax": 335}}, {"tid": 1, "generated": 0, "bbox": {"xmin": 203, "ymin": 127, "ymax": 258, "xmax": 257}}], [{"tid": 0, "generated": 0, "bbox": {"xmin": 136, "ymin": 184, "ymax": 309, "xmax": 335}}, {"tid": 1, "generated": 0, "bbox": {"xmin": 203, "ymin": 129, "ymax": 258, "xmax": 257}}], [{"tid": 0, "generated": 0, "bbox": {"xmin": 136, "ymin": 184, "ymax": 309, "xmax": 336}}, {"tid": 1, "generated": 0, "bbox": {"xmin": 203, "ymin": 129, "ymax": 258, "xmax": 257}}], [{"tid": 0, "generated": 0, "bbox": {"xmin": 137, "ymin": 184, "ymax": 309, "xmax": 337}}, {"tid": 1, "generated": 0, "bbox": {"xmin": 203, "ymin": 129, "ymax": 258, "xmax": 257}}], [{"tid": 0, "generated": 0, "bbox": {"xmin": 137, "ymin": 184, "ymax": 309, "xmax": 338}}, {"tid": 1, "generated": 0, "bbox": {"xmin": 203, "ymin": 129, "ymax": 258, "xmax": 257}}], [{"tid": 0, "generated": 0, "bbox": {"xmin": 138, "ymin": 184, "ymax": 309, "xmax": 339}}, {"tid": 1, "generated": 0, "bbox": {"xmin": 203, "ymin": 129, "ymax": 258, "xmax": 257}}], [{"tid": 0, "generated": 0, "bbox": {"xmin": 138, "ymin": 184, "ymax": 309, "xmax": 340}}, {"tid": 1, "generated": 0, "bbox": {"xmin": 203, "ymin": 129, "ymax": 258, "xmax": 257}}], [{"tid": 0, "generated": 0, "bbox": {"xmin": 138, "ymin": 184, "ymax": 309, "xmax": 341}}, {"tid": 1, "generated": 0, "bbox": {"xmin": 203, "ymin": 129, "ymax": 258, "xmax": 257}}], [{"tid": 0, "generated": 0, "bbox": {"xmin": 139, "ymin": 184, "ymax": 309, "xmax": 342}}, {"tid": 1, "generated": 0, "bbox": {"xmin": 203, "ymin": 129, "ymax": 258, "xmax": 257}}], [{"tid": 0, "generated": 0, "bbox": {"xmin": 139, "ymin": 184, "ymax": 309, "xmax": 343}}, {"tid": 1, "generated": 0, "bbox": {"xmin": 203, "ymin": 129, "ymax": 258, "xmax": 257}}], [{"tid": 0, "generated": 0, "bbox": {"xmin": 140, "ymin": 184, "ymax": 309, "xmax": 344}}, {"tid": 1, "generated": 0, "bbox": {"xmin": 203, "ymin": 129, "ymax": 258, "xmax": 257}}], [{"tid": 0, "generated": 0, "bbox": {"xmin": 140, "ymin": 183, "ymax": 308, "xmax": 347}}, {"tid": 1, "generated": 0, "bbox": {"xmin": 203, "ymin": 129, "ymax": 258, "xmax": 257}}], [{"tid": 0, "generated": 0, "bbox": {"xmin": 140, "ymin": 182, "ymax": 308, "xmax": 350}}, {"tid": 1, "generated": 0, "bbox": {"xmin": 203, "ymin": 129, "ymax": 258, "xmax": 257}}], [{"tid": 0, "generated": 0, "bbox": {"xmin": 140, "ymin": 181, "ymax": 307, "xmax": 353}}, {"tid": 1, "generated": 0, "bbox": {"xmin": 203, "ymin": 129, "ymax": 258, "xmax": 257}}], [{"tid": 0, "generated": 0, "bbox": {"xmin": 141, "ymin": 181, "ymax": 307, "xmax": 356}}, {"tid": 1, "generated": 0, "bbox": {"xmin": 203, "ymin": 129, "ymax": 258, "xmax": 257}}], [{"tid": 0, "generated": 0, "bbox": {"xmin": 141, "ymin": 180, "ymax": 307, "xmax": 360}}, {"tid": 1, "generated": 0, "bbox": {"xmin": 203, "ymin": 129, "ymax": 258, "xmax": 257}}], [{"tid": 0, "generated": 0, "bbox": {"xmin": 141, "ymin": 179, "ymax": 306, "xmax": 363}}, {"tid": 1, "generated": 0, "bbox": {"xmin": 203, "ymin": 129, "ymax": 258, "xmax": 257}}], [{"tid": 0, "generated": 0, "bbox": {"xmin": 142, "ymin": 179, "ymax": 306, "xmax": 366}}, {"tid": 1, "generated": 0, "bbox": {"xmin": 203, "ymin": 129, "ymax": 258, "xmax": 257}}], [{"tid": 0, "generated": 0, "bbox": {"xmin": 142, "ymin": 178, "ymax": 305, "xmax": 369}}, {"tid": 1, "generated": 0, "bbox": {"xmin": 203, "ymin": 129, "ymax": 258, "xmax": 257}}], [{"tid": 0, "generated": 0, "bbox": {"xmin": 142, "ymin": 177, "ymax": 305, "xmax": 372}}, {"tid": 1, "generated": 0, "bbox": {"xmin": 203, "ymin": 129, "ymax": 258, "xmax": 257}}], [{"tid": 0, "generated": 0, "bbox": {"xmin": 143, "ymin": 177, "ymax": 305, "xmax": 376}}, {"tid": 1, "generated": 0, "bbox": {"xmin": 203, "ymin": 129, "ymax": 258, "xmax": 257}}], [{"tid": 0, "generated": 0, "bbox": {"xmin": 142, "ymin": 177, "ymax": 305, "xmax": 374}}, {"tid": 1, "generated": 0, "bbox": {"xmin": 203, "ymin": 129, "ymax": 258, "xmax": 257}}], [{"tid": 0, "generated": 0, "bbox": {"xmin": 141, "ymin": 178, "ymax": 306, "xmax": 373}}, {"tid": 1, "generated": 0, "bbox": {"xmin": 203, "ymin": 129, "ymax": 258, "xmax": 257}}], [{"tid": 0, "generated": 0, "bbox": {"xmin": 140, "ymin": 178, "ymax": 306, "xmax": 372}}, {"tid": 1, "generated": 0, "bbox": {"xmin": 203, "ymin": 129, "ymax": 258, "xmax": 257}}], [{"tid": 0, "generated": 0, "bbox": {"xmin": 140, "ymin": 179, "ymax": 307, "xmax": 371}}, {"tid": 1, "generated": 0, "bbox": {"xmin": 203, "ymin": 129, "ymax": 258, "xmax": 257}}], [{"tid": 0, "generated": 0, "bbox": {"xmin": 139, "ymin": 179, "ymax": 307, "xmax": 370}}, {"tid": 1, "generated": 0, "bbox": {"xmin": 203, "ymin": 129, "ymax": 258, "xmax": 257}}], [{"tid": 0, "generated": 0, "bbox": {"xmin": 138, "ymin": 180, "ymax": 308, "xmax": 368}}, {"tid": 1, "generated": 0, "bbox": {"xmin": 203, "ymin": 129, "ymax": 258, "xmax": 257}}], [{"tid": 0, "generated": 0, "bbox": {"xmin": 138, "ymin": 180, "ymax": 308, "xmax": 367}}, {"tid": 1, "generated": 0, "bbox": {"xmin": 203, "ymin": 129, "ymax": 258, "xmax": 257}}], [{"tid": 0, "generated": 0, "bbox": {"xmin": 137, "ymin": 181, "ymax": 309, "xmax": 366}}, {"tid": 1, "generated": 0, "bbox": {"xmin": 203, "ymin": 129, "ymax": 258, "xmax": 257}}], [{"tid": 0, "generated": 0, "bbox": {"xmin": 136, "ymin": 181, "ymax": 309, "xmax": 365}}, {"tid": 1, "generated": 0, "bbox": {"xmin": 203, "ymin": 129, "ymax": 258, "xmax": 257}}], [{"tid": 0, "generated": 0, "bbox": {"xmin": 136, "ymin": 182, "ymax": 310, "xmax": 364}}, {"tid": 1, "generated": 0, "bbox": {"xmin": 203, "ymin": 129, "ymax": 258, "xmax": 257}}], [{"tid": 0, "generated": 0, "bbox": {"xmin": 135, "ymin": 181, "ymax": 309, "xmax": 360}}, {"tid": 1, "generated": 0, "bbox": {"xmin": 203, "ymin": 129, "ymax": 258, "xmax": 257}}], [{"tid": 0, "generated": 0, "bbox": {"xmin": 135, "ymin": 180, "ymax": 308, "xmax": 356}}, {"tid": 1, "generated": 0, "bbox": {"xmin": 202, "ymin": 129, "ymax": 257, "xmax": 256}}], [{"tid": 0, "generated": 0, "bbox": {"xmin": 135, "ymin": 180, "ymax": 308, "xmax": 353}}, {"tid": 1, "generated": 0, "bbox": {"xmin": 201, "ymin": 129, "ymax": 257, "xmax": 255}}], [{"tid": 0, "generated": 0, "bbox": {"xmin": 135, "ymin": 179, "ymax": 307, "xmax": 349}}, {"tid": 1, "generated": 0, "bbox": {"xmin": 201, "ymin": 130, "ymax": 256, "xmax": 254}}], [{"tid": 0, "generated": 0, "bbox": {"xmin": 135, "ymin": 179, "ymax": 307, "xmax": 346}}, {"tid": 1, "generated": 0, "bbox": {"xmin": 200, "ymin": 130, "ymax": 256, "xmax": 253}}], [{"tid": 0, "generated": 0, "bbox": {"xmin": 134, "ymin": 178, "ymax": 306, "xmax": 342}}, {"tid": 1, "generated": 0, "bbox": {"xmin": 199, "ymin": 130, "ymax": 255, "xmax": 252}}], [{"tid": 0, "generated": 0, "bbox": {"xmin": 134, "ymin": 177, "ymax": 305, "xmax": 338}}, {"tid": 1, "generated": 0, "bbox": {"xmin": 199, "ymin": 130, "ymax": 255, "xmax": 252}}], [{"tid": 0, "generated": 0, "bbox": {"xmin": 134, "ymin": 177, "ymax": 305, "xmax": 335}}, {"tid": 1, "generated": 0, "bbox": {"xmin": 199, "ymin": 130, "ymax": 255, "xmax": 252}}], [{"tid": 0, "generated": 0, "bbox": {"xmin": 134, "ymin": 176, "ymax": 304, "xmax": 331}}, {"tid": 1, "generated": 0, "bbox": {"xmin": 199, "ymin": 130, "ymax": 255, "xmax": 252}}], [{"tid": 0, "generated": 0, "bbox": {"xmin": 134, "ymin": 176, "ymax": 304, "xmax": 328}}, {"tid": 1, "generated": 0, "bbox": {"xmin": 199, "ymin": 130, "ymax": 255, "xmax": 252}}], [{"tid": 0, "generated": 0, "bbox": {"xmin": 133, "ymin": 176, "ymax": 304, "xmax": 327}}, {"tid": 1, "generated": 0, "bbox": {"xmin": 199, "ymin": 130, "ymax": 255, "xmax": 252}}], [{"tid": 0, "generated": 0, "bbox": {"xmin": 132, "ymin": 176, "ymax": 304, "xmax": 326}}, {"tid": 1, "generated": 0, "bbox": {"xmin": 198, "ymin": 130, "ymax": 255, "xmax": 251}}], [{"tid": 0, "generated": 0, "bbox": {"xmin": 132, "ymin": 176, "ymax": 304, "xmax": 325}}, {"tid": 1, "generated": 0, "bbox": {"xmin": 197, "ymin": 130, "ymax": 255, "xmax": 250}}], [{"tid": 0, "generated": 0, "bbox": {"xmin": 131, "ymin": 176, "ymax": 304, "xmax": 324}}, {"tid": 1, "generated": 0, "bbox": {"xmin": 195, "ymin": 131, "ymax": 256, "xmax": 248}}], [{"tid": 0, "generated": 0, "bbox": {"xmin": 131, "ymin": 176, "ymax": 304, "xmax": 324}}, {"tid": 1, "generated": 0, "bbox": {"xmin": 194, "ymin": 131, "ymax": 256, "xmax": 247}}], [{"tid": 0, "generated": 0, "bbox": {"xmin": 130, "ymin": 176, "ymax": 304, "xmax": 323}}, {"tid": 1, "generated": 0, "bbox": {"xmin": 193, "ymin": 131, "ymax": 256, "xmax": 246}}], [{"tid": 0, "generated": 0, "bbox": {"xmin": 129, "ymin": 176, "ymax": 304, "xmax": 322}}, {"tid": 1, "generated": 0, "bbox": {"xmin": 192, "ymin": 131, "ymax": 256, "xmax": 245}}], [{"tid": 0, "generated": 0, "bbox": {"xmin": 129, "ymin": 176, "ymax": 304, "xmax": 321}}, {"tid": 1, "generated": 0, "bbox": {"xmin": 191, "ymin": 131, "ymax": 256, "xmax": 244}}], [{"tid": 0, "generated": 0, "bbox": {"xmin": 128, "ymin": 176, "ymax": 304, "xmax": 320}}, {"tid": 1, "generated": 0, "bbox": {"xmin": 191, "ymin": 131, "ymax": 256, "xmax": 244}}], [{"tid": 0, "generated": 0, "bbox": {"xmin": 128, "ymin": 176, "ymax": 304, "xmax": 320}}, {"tid": 1, "generated": 0, "bbox": {"xmin": 190, "ymin": 131, "ymax": 256, "xmax": 243}}], [{"tid": 0, "generated": 0, "bbox": {"xmin": 128, "ymin": 176, "ymax": 304, "xmax": 320}}, {"tid": 1, "generated": 0, "bbox": {"xmin": 189, "ymin": 131, "ymax": 256, "xmax": 242}}], [{"tid": 0, "generated": 0, "bbox": {"xmin": 128, "ymin": 176, "ymax": 304, "xmax": 320}}, {"tid": 1, "generated": 0, "bbox": {"xmin": 189, "ymin": 131, "ymax": 256, "xmax": 242}}], [{"tid": 0, "generated": 0, "bbox": {"xmin": 129, "ymin": 177, "ymax": 305, "xmax": 321}}, {"tid": 1, "generated": 0, "bbox": {"xmin": 189, "ymin": 131, "ymax": 256, "xmax": 242}}], [{"tid": 0, "generated": 0, "bbox": {"xmin": 129, "ymin": 177, "ymax": 305, "xmax": 321}}, {"tid": 1, "generated": 0, "bbox": {"xmin": 189, "ymin": 131, "ymax": 256, "xmax": 242}}], [{"tid": 0, "generated": 0, "bbox": {"xmin": 130, "ymin": 178, "ymax": 306, "xmax": 322}}, {"tid": 1, "generated": 0, "bbox": {"xmin": 189, "ymin": 131, "ymax": 256, "xmax": 242}}], [{"tid": 0, "generated": 0, "bbox": {"xmin": 130, "ymin": 178, "ymax": 306, "xmax": 322}}, {"tid": 1, "generated": 0, "bbox": {"xmin": 189, "ymin": 131, "ymax": 256, "xmax": 242}}], [{"tid": 0, "generated": 0, "bbox": {"xmin": 130, "ymin": 178, "ymax": 306, "xmax": 322}}, {"tid": 1, "generated": 0, "bbox": {"xmin": 189, "ymin": 131, "ymax": 256, "xmax": 242}}], [{"tid": 0, "generated": 0, "bbox": {"xmin": 131, "ymin": 179, "ymax": 307, "xmax": 323}}, {"tid": 1, "generated": 0, "bbox": {"xmin": 189, "ymin": 131, "ymax": 256, "xmax": 242}}], [{"tid": 0, "generated": 0, "bbox": {"xmin": 131, "ymin": 179, "ymax": 307, "xmax": 323}}, {"tid": 1, "generated": 0, "bbox": {"xmin": 188, "ymin": 131, "ymax": 256, "xmax": 241}}], [{"tid": 0, "generated": 0, "bbox": {"xmin": 132, "ymin": 180, "ymax": 308, "xmax": 324}}, {"tid": 1, "generated": 0, "bbox": {"xmin": 188, "ymin": 131, "ymax": 256, "xmax": 241}}], [{"tid": 0, "generated": 0, "bbox": {"xmin": 132, "ymin": 180, "ymax": 308, "xmax": 325}}, {"tid": 1, "generated": 0, "bbox": {"xmin": 188, "ymin": 131, "ymax": 256, "xmax": 241}}], [{"tid": 0, "generated": 0, "bbox": {"xmin": 132, "ymin": 180, "ymax": 308, "xmax": 326}}, {"tid": 1, "generated": 0, "bbox": {"xmin": 188, "ymin": 131, "ymax": 256, "xmax": 241}}], [{"tid": 0, "generated": 0, "bbox": {"xmin": 133, "ymin": 180, "ymax": 308, "xmax": 327}}, {"tid": 1, "generated": 0, "bbox": {"xmin": 188, "ymin": 131, "ymax": 256, "xmax": 241}}], [{"tid": 0, "generated": 0, "bbox": {"xmin": 133, "ymin": 180, "ymax": 308, "xmax": 328}}, {"tid": 1, "generated": 0, "bbox": {"xmin": 188, "ymin": 131, "ymax": 256, "xmax": 241}}], [{"tid": 0, "generated": 0, "bbox": {"xmin": 134, "ymin": 180, "ymax": 308, "xmax": 329}}, {"tid": 1, "generated": 0, "bbox": {"xmin": 188, "ymin": 131, "ymax": 256, "xmax": 241}}], [{"tid": 0, "generated": 0, "bbox": {"xmin": 134, "ymin": 180, "ymax": 308, "xmax": 330}}, {"tid": 1, "generated": 0, "bbox": {"xmin": 188, "ymin": 131, "ymax": 256, "xmax": 241}}], [{"tid": 0, "generated": 0, "bbox": {"xmin": 134, "ymin": 180, "ymax": 308, "xmax": 331}}, {"tid": 1, "generated": 0, "bbox": {"xmin": 189, "ymin": 131, "ymax": 256, "xmax": 242}}], [{"tid": 0, "generated": 0, "bbox": {"xmin": 135, "ymin": 180, "ymax": 308, "xmax": 332}}, {"tid": 1, "generated": 0, "bbox": {"xmin": 190, "ymin": 131, "ymax": 256, "xmax": 243}}], [{"tid": 0, "generated": 0, "bbox": {"xmin": 135, "ymin": 180, "ymax": 308, "xmax": 333}}, {"tid": 1, "generated": 0, "bbox": {"xmin": 191, "ymin": 130, "ymax": 255, "xmax": 244}}], [{"tid": 0, "generated": 0, "bbox": {"xmin": 136, "ymin": 180, "ymax": 308, "xmax": 334}}, {"tid": 1, "generated": 0, "bbox": {"xmin": 192, "ymin": 130, "ymax": 255, "xmax": 245}}]], "subject/objects": [{"category": "horse", "tid": 0}, {"category": "person", "tid": 1}], "relation_instances": [{"end_fid": 30, "subject_tid": 0, "predicate": "walk_beneath", "begin_fid": 0, "object_tid": 1}, {"end_fid": 30, "subject_tid": 1, "predicate": "sit_above", "begin_fid": 0, "object_tid": 0}, {"end_fid": 30, "subject_tid": 1, "predicate": "ride", "begin_fid": 0, "object_tid": 0}, {"end_fid": 45, "subject_tid": 0, "predicate": "walk_beneath", "begin_fid": 15, "object_tid": 1}, {"end_fid": 45, "subject_tid": 1, "predicate": "sit_above", "begin_fid": 15, "object_tid": 0}, {"end_fid": 45, "subject_tid": 1, "predicate": "ride", "begin_fid": 15, "object_tid": 0}, {"end_fid": 60, "subject_tid": 0, "predicate": "walk_beneath", "begin_fid": 30, "object_tid": 1}, {"end_fid": 60, "subject_tid": 1, "predicate": "sit_above", "begin_fid": 30, "object_tid": 0}, {"end_fid": 60, "subject_tid": 1, "predicate": "ride", "begin_fid": 30, "object_tid": 0}, {"end_fid": 75, "subject_tid": 0, "predicate": "walk_beneath", "begin_fid": 45, "object_tid": 1}, {"end_fid": 75, "subject_tid": 1, "predicate": "sit_above", "begin_fid": 45, "object_tid": 0}, {"end_fid": 75, "subject_tid": 1, "predicate": "ride", "begin_fid": 45, "object_tid": 0}, {"end_fid": 90, "subject_tid": 0, "predicate": "walk_beneath", "begin_fid": 60, "object_tid": 1}, {"end_fid": 90, "subject_tid": 1, "predicate": "sit_above", "begin_fid": 60, "object_tid": 0}, {"end_fid": 90, "subject_tid": 1, "predicate": "ride", "begin_fid": 60, "object_tid": 0}, {"end_fid": 105, "subject_tid": 0, "predicate": "walk_beneath", "begin_fid": 75, "object_tid": 1}, {"end_fid": 105, "subject_tid": 1, "predicate": "sit_above", "begin_fid": 75, "object_tid": 0}, {"end_fid": 105, "subject_tid": 1, "predicate": "ride", "begin_fid": 75, "object_tid": 0}, {"end_fid": 120, "subject_tid": 0, "predicate": "walk_beneath", "begin_fid": 90, "object_tid": 1}, {"end_fid": 120, "subject_tid": 1, "predicate": "sit_above", "begin_fid": 90, "object_tid": 0}, {"end_fid": 120, "subject_tid": 1, "predicate": "ride", "begin_fid": 90, "object_tid": 0}, {"end_fid": 135, "subject_tid": 0, "predicate": "walk_beneath", "begin_fid": 105, "object_tid": 1}, {"end_fid": 135, "subject_tid": 1, "predicate": "sit_above", "begin_fid": 105, "object_tid": 0}, {"end_fid": 135, "subject_tid": 1, "predicate": "ride", "begin_fid": 105, "object_tid": 0}, {"end_fid": 150, "subject_tid": 0, "predicate": "walk_beneath", "begin_fid": 120, "object_tid": 1}, {"end_fid": 150, "subject_tid": 1, "predicate": "sit_above", "begin_fid": 120, "object_tid": 0}, {"end_fid": 150, "subject_tid": 1, "predicate": "ride", "begin_fid": 120, "object_tid": 0}, {"end_fid": 165, "subject_tid": 0, "predicate": "beneath", "begin_fid": 135, "object_tid": 1}, {"end_fid": 165, "subject_tid": 1, "predicate": "sit_above", "begin_fid": 135, "object_tid": 0}, {"end_fid": 165, "subject_tid": 1, "predicate": "ride", "begin_fid": 135, "object_tid": 0}, {"end_fid": 180, "subject_tid": 0, "predicate": "stand_beneath", "begin_fid": 150, "object_tid": 1}, {"end_fid": 180, "subject_tid": 1, "predicate": "sit_above", "begin_fid": 150, "object_tid": 0}, {"end_fid": 180, "subject_tid": 1, "predicate": "ride", "begin_fid": 150, "object_tid": 0}, {"end_fid": 195, "subject_tid": 0, "predicate": "stand_beneath", "begin_fid": 165, "object_tid": 1}, {"end_fid": 195, "subject_tid": 1, "predicate": "sit_above", "begin_fid": 165, "object_tid": 0}, {"end_fid": 195, "subject_tid": 1, "predicate": "ride", "begin_fid": 165, "object_tid": 0}, {"end_fid": 210, "subject_tid": 0, "predicate": "stand_beneath", "begin_fid": 180, "object_tid": 1}, {"end_fid": 210, "subject_tid": 1, "predicate": "sit_above", "begin_fid": 180, "object_tid": 0}, {"end_fid": 210, "subject_tid": 1, "predicate": "ride", "begin_fid": 180, "object_tid": 0}], "height": 424}