{"width": 1280, "frame_count": 297, "video_id": "ILSVRC2015_train_00117023", "fps": 25, "trajectories": [[{"tid": 0, "generated": 0, "bbox": {"xmin": 579, "ymin": 332, "ymax": 357, "xmax": 611}}, {"tid": 1, "generated": 0, "bbox": {"xmin": 604, "ymin": 364, "ymax": 389, "xmax": 636}}, {"tid": 2, "generated": 0, "bbox": {"xmin": 590, "ymin": 419, "ymax": 444, "xmax": 625}}, {"tid": 3, "generated": 0, "bbox": {"xmin": 570, "ymin": 458, "ymax": 483, "xmax": 600}}], [{"tid": 0, "generated": 0, "bbox": {"xmin": 579, "ymin": 329, "ymax": 355, "xmax": 612}}, {"tid": 1, "generated": 0, "bbox": {"xmin": 604, "ymin": 361, "ymax": 388, "xmax": 636}}, {"tid": 2, "generated": 0, "bbox": {"xmin": 590, "ymin": 418, "ymax": 444, "xmax": 625}}, {"tid": 3, "generated": 0, "bbox": {"xmin": 569, "ymin": 457, "ymax": 483, "xmax": 599}}], [{"tid": 0, "generated": 0, "bbox": {"xmin": 580, "ymin": 327, "ymax": 354, "xmax": 613}}, {"tid": 1, "generated": 0, "bbox": {"xmin": 604, "ymin": 359, "ymax": 387, "xmax": 636}}, {"tid": 2, "generated": 0, "bbox": {"xmin": 590, "ymin": 417, "ymax": 444, "xmax": 625}}, {"tid": 3, "generated": 0, "bbox": {"xmin": 568, "ymin": 456, "ymax": 483, "xmax": 599}}], [{"tid": 0, "generated": 0, "bbox": {"xmin": 581, "ymin": 325, "ymax": 353, "xmax": 615}}, {"tid": 1, "generated": 0, "bbox": {"xmin": 604, "ymin": 357, "ymax": 387, "xmax": 636}}, {"tid": 2, "generated": 0, "bbox": {"xmin": 590, "ymin": 417, "ymax": 444, "xmax": 625}}, {"tid": 3, "generated": 0, "bbox": {"xmin": 568, "ymin": 456, "ymax": 483, "xmax": 599}}], [{"tid": 0, "generated": 0, "bbox": {"xmin": 574, "ymin": 319, "ymax": 347, "xmax": 607}}, {"tid": 1, "generated": 0, "bbox": {"xmin": 597, "ymin": 353, "ymax": 383, "xmax": 629}}, {"tid": 2, "generated": 0, "bbox": {"xmin": 584, "ymin": 413, "ymax": 440, "xmax": 618}}, {"tid": 3, "generated": 0, "bbox": {"xmin": 562, "ymin": 452, "ymax": 479, "xmax": 593}}], [{"tid": 0, "generated": 0, "bbox": {"xmin": 567, "ymin": 314, "ymax": 342, "xmax": 600}}, {"tid": 1, "generated": 0, "bbox": {"xmin": 590, "ymin": 349, "ymax": 379, "xmax": 622}}, {"tid": 2, "generated": 0, "bbox": {"xmin": 578, "ymin": 409, "ymax": 436, "xmax": 612}}, {"tid": 3, "generated": 0, "bbox": {"xmin": 556, "ymin": 448, "ymax": 475, "xmax": 587}}], [{"tid": 0, "generated": 0, "bbox": {"xmin": 561, "ymin": 309, "ymax": 337, "xmax": 593}}, {"tid": 1, "generated": 0, "bbox": {"xmin": 584, "ymin": 346, "ymax": 376, "xmax": 616}}, {"tid": 2, "generated": 0, "bbox": {"xmin": 572, "ymin": 405, "ymax": 433, "xmax": 606}}, {"tid": 3, "generated": 0, "bbox": {"xmin": 551, "ymin": 444, "ymax": 471, "xmax": 581}}], [{"tid": 0, "generated": 0, "bbox": {"xmin": 556, "ymin": 304, "ymax": 332, "xmax": 588}}, {"tid": 1, "generated": 0, "bbox": {"xmin": 580, "ymin": 341, "ymax": 370, "xmax": 612}}, {"tid": 2, "generated": 0, "bbox": {"xmin": 566, "ymin": 399, "ymax": 427, "xmax": 600}}, {"tid": 3, "generated": 0, "bbox": {"xmin": 545, "ymin": 439, "ymax": 466, "xmax": 575}}], [{"tid": 0, "generated": 0, "bbox": {"xmin": 551, "ymin": 299, "ymax": 327, "xmax": 583}}, {"tid": 1, "generated": 0, "bbox": {"xmin": 576, "ymin": 336, "ymax": 365, "xmax": 608}}, {"tid": 2, "generated": 0, "bbox": {"xmin": 561, "ymin": 394, "ymax": 422, "xmax": 595}}, {"tid": 3, "generated": 0, "bbox": {"xmin": 540, "ymin": 434, "ymax": 462, "xmax": 570}}], [{"tid": 0, "generated": 0, "bbox": {"xmin": 547, "ymin": 295, "ymax": 323, "xmax": 579}}, {"tid": 1, "generated": 0, "bbox": {"xmin": 572, "ymin": 332, "ymax": 360, "xmax": 604}}, {"tid": 2, "generated": 0, "bbox": {"xmin": 556, "ymin": 389, "ymax": 417, "xmax": 590}}, {"tid": 3, "generated": 0, "bbox": {"xmin": 535, "ymin": 430, "ymax": 458, "xmax": 565}}], [{"tid": 0, "generated": 0, "bbox": {"xmin": 545, "ymin": 290, "ymax": 319, "xmax": 576}}, {"tid": 1, "generated": 0, "bbox": {"xmin": 569, "ymin": 329, "ymax": 357, "xmax": 601}}, {"tid": 2, "generated": 0, "bbox": {"xmin": 554, "ymin": 386, "ymax": 414, "xmax": 587}}, {"tid": 3, "generated": 0, "bbox": {"xmin": 533, "ymin": 427, "ymax": 454, "xmax": 562}}], [{"tid": 0, "generated": 0, "bbox": {"xmin": 543, "ymin": 286, "ymax": 315, "xmax": 573}}, {"tid": 1, "generated": 0, "bbox": {"xmin": 567, "ymin": 326, "ymax": 355, "xmax": 598}}, {"tid": 2, "generated": 0, "bbox": {"xmin": 553, "ymin": 384, "ymax": 412, "xmax": 585}}, {"tid": 3, "generated": 0, "bbox": {"xmin": 531, "ymin": 424, "ymax": 451, "xmax": 560}}], [{"tid": 0, "generated": 0, "bbox": {"xmin": 542, "ymin": 282, "ymax": 311, "xmax": 570}}, {"tid": 1, "generated": 0, "bbox": {"xmin": 565, "ymin": 323, "ymax": 353, "xmax": 595}}, {"tid": 2, "generated": 0, "bbox": {"xmin": 552, "ymin": 382, "ymax": 410, "xmax": 583}}, {"tid": 3, "generated": 0, "bbox": {"xmin": 529, "ymin": 421, "ymax": 448, "xmax": 558}}], [{"tid": 0, "generated": 0, "bbox": {"xmin": 537, "ymin": 281, "ymax": 309, "xmax": 566}}, {"tid": 1, "generated": 0, "bbox": {"xmin": 562, "ymin": 320, "ymax": 350, "xmax": 592}}, {"tid": 2, "generated": 0, "bbox": {"xmin": 549, "ymin": 380, "ymax": 408, "xmax": 580}}, {"tid": 3, "generated": 0, "bbox": {"xmin": 527, "ymin": 419, "ymax": 446, "xmax": 556}}], [{"tid": 0, "generated": 0, "bbox": {"xmin": 533, "ymin": 280, "ymax": 308, "xmax": 562}}, {"tid": 1, "generated": 0, "bbox": {"xmin": 559, "ymin": 318, "ymax": 347, "xmax": 589}}, {"tid": 2, "generated": 0, "bbox": {"xmin": 547, "ymin": 379, "ymax": 406, "xmax": 578}}, {"tid": 3, "generated": 0, "bbox": {"xmin": 525, "ymin": 418, "ymax": 445, "xmax": 555}}], [{"tid": 0, "generated": 0, "bbox": {"xmin": 529, "ymin": 279, "ymax": 307, "xmax": 558}}, {"tid": 1, "generated": 0, "bbox": {"xmin": 556, "ymin": 316, "ymax": 344, "xmax": 586}}, {"tid": 2, "generated": 0, "bbox": {"xmin": 545, "ymin": 378, "ymax": 405, "xmax": 576}}, {"tid": 3, "generated": 0, "bbox": {"xmin": 524, "ymin": 417, "ymax": 444, "xmax": 554}}], [{"tid": 0, "generated": 0, "bbox": {"xmin": 519, "ymin": 273, "ymax": 301, "xmax": 547}}, {"tid": 1, "generated": 0, "bbox": {"xmin": 545, "ymin": 312, "ymax": 340, "xmax": 575}}, {"tid": 2, "generated": 0, "bbox": {"xmin": 534, "ymin": 375, "ymax": 403, "xmax": 565}}, {"tid": 3, "generated": 0, "bbox": {"xmin": 512, "ymin": 415, "ymax": 442, "xmax": 542}}], [{"tid": 0, "generated": 0, "bbox": {"xmin": 509, "ymin": 268, "ymax": 296, "xmax": 536}}, {"tid": 1, "generated": 0, "bbox": {"xmin": 534, "ymin": 308, "ymax": 336, "xmax": 564}}, {"tid": 2, "generated": 0, "bbox": {"xmin": 523, "ymin": 373, "ymax": 401, "xmax": 554}}, {"tid": 3, "generated": 0, "bbox": {"xmin": 501, "ymin": 413, "ymax": 440, "xmax": 531}}], [{"tid": 0, "generated": 0, "bbox": {"xmin": 499, "ymin": 263, "ymax": 291, "xmax": 526}}, {"tid": 1, "generated": 0, "bbox": {"xmin": 524, "ymin": 304, "ymax": 332, "xmax": 554}}, {"tid": 2, "generated": 0, "bbox": {"xmin": 513, "ymin": 371, "ymax": 400, "xmax": 544}}, {"tid": 3, "generated": 0, "bbox": {"xmin": 490, "ymin": 412, "ymax": 439, "xmax": 520}}], [{"tid": 0, "generated": 0, "bbox": {"xmin": 489, "ymin": 258, "ymax": 286, "xmax": 516}}, {"tid": 1, "generated": 0, "bbox": {"xmin": 515, "ymin": 299, "ymax": 328, "xmax": 545}}, {"tid": 2, "generated": 0, "bbox": {"xmin": 503, "ymin": 365, "ymax": 394, "xmax": 533}}, {"tid": 3, "generated": 0, "bbox": {"xmin": 480, "ymin": 407, "ymax": 434, "xmax": 510}}], [{"tid": 0, "generated": 0, "bbox": {"xmin": 479, "ymin": 253, "ymax": 281, "xmax": 506}}, {"tid": 1, "generated": 0, "bbox": {"xmin": 506, "ymin": 295, "ymax": 324, "xmax": 536}}, {"tid": 2, "generated": 0, "bbox": {"xmin": 493, "ymin": 360, "ymax": 389, "xmax": 523}}, {"tid": 3, "generated": 0, "bbox": {"xmin": 470, "ymin": 402, "ymax": 430, "xmax": 500}}], [{"tid": 0, "generated": 0, "bbox": {"xmin": 469, "ymin": 248, "ymax": 277, "xmax": 497}}, {"tid": 1, "generated": 0, "bbox": {"xmin": 497, "ymin": 291, "ymax": 320, "xmax": 528}}, {"tid": 2, "generated": 0, "bbox": {"xmin": 483, "ymin": 355, "ymax": 384, "xmax": 513}}, {"tid": 3, "generated": 0, "bbox": {"xmin": 460, "ymin": 398, "ymax": 426, "xmax": 490}}], [{"tid": 0, "generated": 0, "bbox": {"xmin": 462, "ymin": 243, "ymax": 271, "xmax": 490}}, {"tid": 1, "generated": 0, "bbox": {"xmin": 491, "ymin": 286, "ymax": 315, "xmax": 522}}, {"tid": 2, "generated": 0, "bbox": {"xmin": 475, "ymin": 350, "ymax": 379, "xmax": 506}}, {"tid": 3, "generated": 0, "bbox": {"xmin": 454, "ymin": 392, "ymax": 420, "xmax": 484}}], [{"tid": 0, "generated": 0, "bbox": {"xmin": 455, "ymin": 238, "ymax": 266, "xmax": 483}}, {"tid": 1, "generated": 0, "bbox": {"xmin": 486, "ymin": 281, "ymax": 311, "xmax": 517}}, {"tid": 2, "generated": 0, "bbox": {"xmin": 467, "ymin": 345, "ymax": 374, "xmax": 499}}, {"tid": 3, "generated": 0, "bbox": {"xmin": 448, "ymin": 387, "ymax": 415, "xmax": 478}}], [{"tid": 0, "generated": 0, "bbox": {"xmin": 448, "ymin": 234, "ymax": 261, "xmax": 476}}, {"tid": 1, "generated": 0, "bbox": {"xmin": 481, "ymin": 277, "ymax": 307, "xmax": 512}}, {"tid": 2, "generated": 0, "bbox": {"xmin": 460, "ymin": 341, "ymax": 369, "xmax": 492}}, {"tid": 3, "generated": 0, "bbox": {"xmin": 442, "ymin": 382, "ymax": 410, "xmax": 472}}], [{"tid": 0, "generated": 0, "bbox": {"xmin": 446, "ymin": 235, "ymax": 262, "xmax": 474}}, {"tid": 1, "generated": 0, "bbox": {"xmin": 479, "ymin": 278, "ymax": 309, "xmax": 511}}, {"tid": 2, "generated": 0, "bbox": {"xmin": 459, "ymin": 344, "ymax": 371, "xmax": 490}}, {"tid": 3, "generated": 0, "bbox": {"xmin": 441, "ymin": 384, "ymax": 412, "xmax": 471}}], [{"tid": 0, "generated": 0, "bbox": {"xmin": 445, "ymin": 236, "ymax": 263, "xmax": 473}}, {"tid": 1, "generated": 0, "bbox": {"xmin": 478, "ymin": 280, "ymax": 311, "xmax": 510}}, {"tid": 2, "generated": 0, "bbox": {"xmin": 458, "ymin": 347, "ymax": 374, "xmax": 489}}, {"tid": 3, "generated": 0, "bbox": {"xmin": 441, "ymin": 386, "ymax": 414, "xmax": 470}}], [{"tid": 0, "generated": 0, "bbox": {"xmin": 443, "ymin": 237, "ymax": 264, "xmax": 472}}, {"tid": 1, "generated": 0, "bbox": {"xmin": 477, "ymin": 282, "ymax": 313, "xmax": 509}}, {"tid": 2, "generated": 0, "bbox": {"xmin": 457, "ymin": 350, "ymax": 377, "xmax": 488}}, {"tid": 3, "generated": 0, "bbox": {"xmin": 440, "ymin": 388, "ymax": 416, "xmax": 469}}], [{"tid": 0, "generated": 0, "bbox": {"xmin": 442, "ymin": 238, "ymax": 266, "xmax": 471}}, {"tid": 1, "generated": 0, "bbox": {"xmin": 476, "ymin": 284, "ymax": 316, "xmax": 508}}, {"tid": 2, "generated": 0, "bbox": {"xmin": 456, "ymin": 353, "ymax": 380, "xmax": 487}}, {"tid": 3, "generated": 0, "bbox": {"xmin": 440, "ymin": 391, "ymax": 419, "xmax": 469}}], [{"tid": 0, "generated": 0, "bbox": {"xmin": 441, "ymin": 242, "ymax": 270, "xmax": 470}}, {"tid": 1, "generated": 0, "bbox": {"xmin": 476, "ymin": 289, "ymax": 321, "xmax": 507}}, {"tid": 2, "generated": 0, "bbox": {"xmin": 455, "ymin": 358, "ymax": 385, "xmax": 485}}, {"tid": 3, "generated": 0, "bbox": {"xmin": 440, "ymin": 395, "ymax": 424, "xmax": 469}}], [], [], [], [], [], [], [], [], [], [], [], [], [], [], [], [], [], [], [], [], [], [], [], [], [], [], [], [], [], [], [{"tid": 0, "generated": 0, "bbox": {"xmin": 464, "ymin": 277, "ymax": 306, "xmax": 499}}, {"tid": 1, "generated": 0, "bbox": {"xmin": 554, "ymin": 318, "ymax": 351, "xmax": 598}}, {"tid": 2, "generated": 0, "bbox": {"xmin": 472, "ymin": 399, "ymax": 434, "xmax": 511}}, {"tid": 3, "generated": 0, "bbox": {"xmin": 524, "ymin": 433, "ymax": 467, "xmax": 559}}], [{"tid": 0, "generated": 0, "bbox": {"xmin": 464, "ymin": 277, "ymax": 309, "xmax": 499}}, {"tid": 1, "generated": 0, "bbox": {"xmin": 556, "ymin": 320, "ymax": 353, "xmax": 600}}, {"tid": 2, "generated": 0, "bbox": {"xmin": 472, "ymin": 401, "ymax": 437, "xmax": 510}}, {"tid": 3, "generated": 0, "bbox": {"xmin": 526, "ymin": 435, "ymax": 469, "xmax": 561}}], [{"tid": 0, "generated": 0, "bbox": {"xmin": 465, "ymin": 280, "ymax": 312, "xmax": 499}}, {"tid": 1, "generated": 0, "bbox": {"xmin": 560, "ymin": 321, "ymax": 353, "xmax": 604}}, {"tid": 2, "generated": 0, "bbox": {"xmin": 472, "ymin": 404, "ymax": 439, "xmax": 510}}, {"tid": 3, "generated": 0, "bbox": {"xmin": 527, "ymin": 436, "ymax": 470, "xmax": 562}}], [{"tid": 0, "generated": 0, "bbox": {"xmin": 466, "ymin": 283, "ymax": 315, "xmax": 500}}, {"tid": 1, "generated": 0, "bbox": {"xmin": 564, "ymin": 322, "ymax": 354, "xmax": 608}}, {"tid": 2, "generated": 0, "bbox": {"xmin": 472, "ymin": 407, "ymax": 441, "xmax": 510}}, {"tid": 3, "generated": 0, "bbox": {"xmin": 529, "ymin": 438, "ymax": 472, "xmax": 563}}], [{"tid": 0, "generated": 0, "bbox": {"xmin": 467, "ymin": 286, "ymax": 318, "xmax": 501}}, {"tid": 1, "generated": 0, "bbox": {"xmin": 568, "ymin": 323, "ymax": 355, "xmax": 613}}, {"tid": 2, "generated": 0, "bbox": {"xmin": 472, "ymin": 410, "ymax": 444, "xmax": 510}}, {"tid": 3, "generated": 0, "bbox": {"xmin": 531, "ymin": 440, "ymax": 474, "xmax": 565}}], [{"tid": 0, "generated": 0, "bbox": {"xmin": 469, "ymin": 290, "ymax": 322, "xmax": 504}}, {"tid": 1, "generated": 0, "bbox": {"xmin": 573, "ymin": 326, "ymax": 358, "xmax": 617}}, {"tid": 2, "generated": 0, "bbox": {"xmin": 474, "ymin": 413, "ymax": 447, "xmax": 512}}, {"tid": 3, "generated": 0, "bbox": {"xmin": 537, "ymin": 445, "ymax": 479, "xmax": 571}}], [{"tid": 0, "generated": 0, "bbox": {"xmin": 471, "ymin": 294, "ymax": 327, "xmax": 507}}, {"tid": 1, "generated": 0, "bbox": {"xmin": 578, "ymin": 329, "ymax": 362, "xmax": 622}}, {"tid": 2, "generated": 0, "bbox": {"xmin": 477, "ymin": 416, "ymax": 451, "xmax": 514}}, {"tid": 3, "generated": 0, "bbox": {"xmin": 543, "ymin": 450, "ymax": 484, "xmax": 577}}], [{"tid": 0, "generated": 0, "bbox": {"xmin": 474, "ymin": 298, "ymax": 332, "xmax": 510}}, {"tid": 1, "generated": 0, "bbox": {"xmin": 583, "ymin": 332, "ymax": 366, "xmax": 627}}, {"tid": 2, "generated": 0, "bbox": {"xmin": 480, "ymin": 419, "ymax": 455, "xmax": 517}}, {"tid": 3, "generated": 0, "bbox": {"xmin": 549, "ymin": 456, "ymax": 490, "xmax": 584}}], [{"tid": 0, "generated": 0, "bbox": {"xmin": 476, "ymin": 303, "ymax": 336, "xmax": 511}}, {"tid": 1, "generated": 0, "bbox": {"xmin": 587, "ymin": 335, "ymax": 369, "xmax": 631}}, {"tid": 2, "generated": 0, "bbox": {"xmin": 480, "ymin": 423, "ymax": 459, "xmax": 517}}, {"tid": 3, "generated": 0, "bbox": {"xmin": 553, "ymin": 459, "ymax": 493, "xmax": 589}}], [{"tid": 0, "generated": 0, "bbox": {"xmin": 478, "ymin": 308, "ymax": 341, "xmax": 513}}, {"tid": 1, "generated": 0, "bbox": {"xmin": 592, "ymin": 338, "ymax": 372, "xmax": 636}}, {"tid": 2, "generated": 0, "bbox": {"xmin": 480, "ymin": 428, "ymax": 463, "xmax": 517}}, {"tid": 3, "generated": 0, "bbox": {"xmin": 558, "ymin": 463, "ymax": 497, "xmax": 594}}], [{"tid": 0, "generated": 0, "bbox": {"xmin": 480, "ymin": 314, "ymax": 346, "xmax": 515}}, {"tid": 1, "generated": 0, "bbox": {"xmin": 597, "ymin": 341, "ymax": 375, "xmax": 641}}, {"tid": 2, "generated": 0, "bbox": {"xmin": 481, "ymin": 433, "ymax": 467, "xmax": 517}}, {"tid": 3, "generated": 0, "bbox": {"xmin": 563, "ymin": 467, "ymax": 501, "xmax": 599}}], [{"tid": 0, "generated": 0, "bbox": {"xmin": 474, "ymin": 313, "ymax": 345, "xmax": 509}}, {"tid": 1, "generated": 0, "bbox": {"xmin": 594, "ymin": 341, "ymax": 373, "xmax": 638}}, {"tid": 2, "generated": 0, "bbox": {"xmin": 475, "ymin": 433, "ymax": 467, "xmax": 512}}, {"tid": 3, "generated": 0, "bbox": {"xmin": 559, "ymin": 467, "ymax": 501, "xmax": 596}}], [{"tid": 0, "generated": 0, "bbox": {"xmin": 469, "ymin": 312, "ymax": 344, "xmax": 504}}, {"tid": 1, "generated": 0, "bbox": {"xmin": 591, "ymin": 341, "ymax": 372, "xmax": 635}}, {"tid": 2, "generated": 0, "bbox": {"xmin": 470, "ymin": 434, "ymax": 468, "xmax": 507}}, {"tid": 3, "generated": 0, "bbox": {"xmin": 555, "ymin": 467, "ymax": 501, "xmax": 594}}], [{"tid": 0, "generated": 0, "bbox": {"xmin": 464, "ymin": 312, "ymax": 344, "xmax": 499}}, {"tid": 1, "generated": 0, "bbox": {"xmin": 588, "ymin": 341, "ymax": 371, "xmax": 632}}, {"tid": 2, "generated": 0, "bbox": {"xmin": 465, "ymin": 435, "ymax": 469, "xmax": 503}}, {"tid": 3, "generated": 0, "bbox": {"xmin": 552, "ymin": 467, "ymax": 501, "xmax": 592}}], [{"tid": 0, "generated": 0, "bbox": {"xmin": 457, "ymin": 308, "ymax": 340, "xmax": 492}}, {"tid": 1, "generated": 0, "bbox": {"xmin": 586, "ymin": 335, "ymax": 367, "xmax": 631}}, {"tid": 2, "generated": 0, "bbox": {"xmin": 458, "ymin": 430, "ymax": 464, "xmax": 495}}, {"tid": 3, "generated": 0, "bbox": {"xmin": 546, "ymin": 462, "ymax": 496, "xmax": 587}}], [{"tid": 0, "generated": 0, "bbox": {"xmin": 450, "ymin": 304, "ymax": 336, "xmax": 486}}, {"tid": 1, "generated": 0, "bbox": {"xmin": 585, "ymin": 330, "ymax": 363, "xmax": 630}}, {"tid": 2, "generated": 0, "bbox": {"xmin": 451, "ymin": 425, "ymax": 460, "xmax": 488}}, {"tid": 3, "generated": 0, "bbox": {"xmin": 541, "ymin": 457, "ymax": 492, "xmax": 582}}], [{"tid": 0, "generated": 0, "bbox": {"xmin": 444, "ymin": 300, "ymax": 332, "xmax": 480}}, {"tid": 1, "generated": 0, "bbox": {"xmin": 584, "ymin": 325, "ymax": 360, "xmax": 629}}, {"tid": 2, "generated": 0, "bbox": {"xmin": 444, "ymin": 421, "ymax": 456, "xmax": 481}}, {"tid": 3, "generated": 0, "bbox": {"xmin": 536, "ymin": 453, "ymax": 488, "xmax": 577}}], [{"tid": 0, "generated": 0, "bbox": {"xmin": 440, "ymin": 292, "ymax": 324, "xmax": 477}}, {"tid": 1, "generated": 0, "bbox": {"xmin": 581, "ymin": 315, "ymax": 350, "xmax": 626}}, {"tid": 2, "generated": 0, "bbox": {"xmin": 438, "ymin": 411, "ymax": 446, "xmax": 474}}, {"tid": 3, "generated": 0, "bbox": {"xmin": 534, "ymin": 444, "ymax": 480, "xmax": 575}}], [{"tid": 0, "generated": 0, "bbox": {"xmin": 436, "ymin": 284, "ymax": 316, "xmax": 474}}, {"tid": 1, "generated": 0, "bbox": {"xmin": 578, "ymin": 305, "ymax": 340, "xmax": 623}}, {"tid": 2, "generated": 0, "bbox": {"xmin": 432, "ymin": 401, "ymax": 437, "xmax": 468}}, {"tid": 3, "generated": 0, "bbox": {"xmin": 532, "ymin": 436, "ymax": 472, "xmax": 573}}], [{"tid": 0, "generated": 0, "bbox": {"xmin": 432, "ymin": 277, "ymax": 309, "xmax": 472}}, {"tid": 1, "generated": 0, "bbox": {"xmin": 576, "ymin": 295, "ymax": 330, "xmax": 620}}, {"tid": 2, "generated": 0, "bbox": {"xmin": 426, "ymin": 392, "ymax": 428, "xmax": 462}}, {"tid": 3, "generated": 0, "bbox": {"xmin": 531, "ymin": 428, "ymax": 464, "xmax": 572}}], [{"tid": 0, "generated": 0, "bbox": {"xmin": 430, "ymin": 270, "ymax": 303, "xmax": 470}}, {"tid": 1, "generated": 0, "bbox": {"xmin": 577, "ymin": 289, "ymax": 324, "xmax": 621}}, {"tid": 2, "generated": 0, "bbox": {"xmin": 423, "ymin": 386, "ymax": 422, "xmax": 460}}, {"tid": 3, "generated": 0, "bbox": {"xmin": 532, "ymin": 422, "ymax": 458, "xmax": 572}}], [{"tid": 0, "generated": 0, "bbox": {"xmin": 429, "ymin": 263, "ymax": 297, "xmax": 468}}, {"tid": 1, "generated": 0, "bbox": {"xmin": 579, "ymin": 283, "ymax": 318, "xmax": 623}}, {"tid": 2, "generated": 0, "bbox": {"xmin": 421, "ymin": 381, "ymax": 417, "xmax": 458}}, {"tid": 3, "generated": 0, "bbox": {"xmin": 533, "ymin": 417, "ymax": 453, "xmax": 573}}], [{"tid": 0, "generated": 0, "bbox": {"xmin": 428, "ymin": 257, "ymax": 291, "xmax": 467}}, {"tid": 1, "generated": 0, "bbox": {"xmin": 581, "ymin": 277, "ymax": 312, "xmax": 625}}, {"tid": 2, "generated": 0, "bbox": {"xmin": 419, "ymin": 376, "ymax": 412, "xmax": 456}}, {"tid": 3, "generated": 0, "bbox": {"xmin": 535, "ymin": 412, "ymax": 448, "xmax": 574}}], [{"tid": 0, "generated": 0, "bbox": {"xmin": 426, "ymin": 256, "ymax": 292, "xmax": 470}}, {"tid": 1, "generated": 0, "bbox": {"xmin": 584, "ymin": 275, "ymax": 311, "xmax": 628}}, {"tid": 2, "generated": 0, "bbox": {"xmin": 419, "ymin": 379, "ymax": 415, "xmax": 456}}, {"tid": 3, "generated": 0, "bbox": {"xmin": 539, "ymin": 412, "ymax": 448, "xmax": 579}}], [{"tid": 0, "generated": 0, "bbox": {"xmin": 425, "ymin": 256, "ymax": 294, "xmax": 474}}, {"tid": 1, "generated": 0, "bbox": {"xmin": 588, "ymin": 274, "ymax": 310, "xmax": 632}}, {"tid": 2, "generated": 0, "bbox": {"xmin": 419, "ymin": 383, "ymax": 419, "xmax": 456}}, {"tid": 3, "generated": 0, "bbox": {"xmin": 543, "ymin": 412, "ymax": 448, "xmax": 584}}], [{"tid": 0, "generated": 0, "bbox": {"xmin": 424, "ymin": 256, "ymax": 296, "xmax": 478}}, {"tid": 1, "generated": 0, "bbox": {"xmin": 592, "ymin": 273, "ymax": 309, "xmax": 636}}, {"tid": 2, "generated": 0, "bbox": {"xmin": 419, "ymin": 387, "ymax": 422, "xmax": 457}}, {"tid": 3, "generated": 0, "bbox": {"xmin": 547, "ymin": 412, "ymax": 448, "xmax": 590}}], [{"tid": 0, "generated": 0, "bbox": {"xmin": 426, "ymin": 264, "ymax": 302, "xmax": 478}}, {"tid": 1, "generated": 0, "bbox": {"xmin": 596, "ymin": 280, "ymax": 316, "xmax": 640}}, {"tid": 2, "generated": 0, "bbox": {"xmin": 419, "ymin": 390, "ymax": 426, "xmax": 457}}, {"tid": 3, "generated": 0, "bbox": {"xmin": 548, "ymin": 420, "ymax": 456, "xmax": 591}}], [{"tid": 0, "generated": 0, "bbox": {"xmin": 428, "ymin": 272, "ymax": 309, "xmax": 478}}, {"tid": 1, "generated": 0, "bbox": {"xmin": 600, "ymin": 287, "ymax": 323, "xmax": 644}}, {"tid": 2, "generated": 0, "bbox": {"xmin": 419, "ymin": 394, "ymax": 429, "xmax": 457}}, {"tid": 3, "generated": 0, "bbox": {"xmin": 550, "ymin": 428, "ymax": 464, "xmax": 593}}], [{"tid": 0, "generated": 0, "bbox": {"xmin": 430, "ymin": 280, "ymax": 316, "xmax": 478}}, {"tid": 1, "generated": 0, "bbox": {"xmin": 604, "ymin": 295, "ymax": 330, "xmax": 648}}, {"tid": 2, "generated": 0, "bbox": {"xmin": 419, "ymin": 398, "ymax": 433, "xmax": 458}}, {"tid": 3, "generated": 0, "bbox": {"xmin": 552, "ymin": 437, "ymax": 472, "xmax": 595}}], [{"tid": 0, "generated": 0, "bbox": {"xmin": 427, "ymin": 284, "ymax": 320, "xmax": 479}}, {"tid": 1, "generated": 0, "bbox": {"xmin": 603, "ymin": 299, "ymax": 334, "xmax": 650}}, {"tid": 2, "generated": 0, "bbox": {"xmin": 416, "ymin": 401, "ymax": 437, "xmax": 455}}, {"tid": 3, "generated": 0, "bbox": {"xmin": 552, "ymin": 440, "ymax": 475, "xmax": 596}}], [], [], [], [], [], [], [], [], [], [], [], [], [], [], [], [], [], [], [], [], [], [], [], [], [], [], [], [], [], [], [], [], [], [], [], [], [], [], [], [], [], [], [], [], [], [], [], [], [], [], [], [], [], [], [], [], [], [], [], [], [], [], [], [], [], [], [], [], [], [], [], [], [], [], [], [{"tid": 0, "generated": 0, "bbox": {"xmin": 609, "ymin": 220, "ymax": 252, "xmax": 661}}, {"tid": 1, "generated": 0, "bbox": {"xmin": 771, "ymin": 245, "ymax": 273, "xmax": 814}}, {"tid": 2, "generated": 0, "bbox": {"xmin": 451, "ymin": 362, "ymax": 389, "xmax": 497}}, {"tid": 3, "generated": 0, "bbox": {"xmin": 682, "ymin": 381, "ymax": 413, "xmax": 721}}, {"tid": 4, "generated": 0, "bbox": {"xmin": 936, "ymin": 555, "ymax": 581, "xmax": 982}}], [{"tid": 0, "generated": 0, "bbox": {"xmin": 615, "ymin": 220, "ymax": 252, "xmax": 668}}, {"tid": 1, "generated": 0, "bbox": {"xmin": 776, "ymin": 243, "ymax": 272, "xmax": 819}}, {"tid": 2, "generated": 0, "bbox": {"xmin": 451, "ymin": 362, "ymax": 387, "xmax": 503}}, {"tid": 3, "generated": 0, "bbox": {"xmin": 686, "ymin": 382, "ymax": 414, "xmax": 725}}, {"tid": 4, "generated": 0, "bbox": {"xmin": 915, "ymin": 554, "ymax": 579, "xmax": 961}}], [{"tid": 0, "generated": 0, "bbox": {"xmin": 620, "ymin": 219, "ymax": 253, "xmax": 674}}, {"tid": 1, "generated": 0, "bbox": {"xmin": 778, "ymin": 244, "ymax": 273, "xmax": 825}}, {"tid": 2, "generated": 0, "bbox": {"xmin": 454, "ymin": 363, "ymax": 388, "xmax": 506}}, {"tid": 3, "generated": 0, "bbox": {"xmin": 688, "ymin": 385, "ymax": 417, "xmax": 728}}, {"tid": 4, "generated": 0, "bbox": {"xmin": 895, "ymin": 553, "ymax": 578, "xmax": 941}}], [{"tid": 0, "generated": 0, "bbox": {"xmin": 626, "ymin": 218, "ymax": 254, "xmax": 680}}, {"tid": 1, "generated": 0, "bbox": {"xmin": 781, "ymin": 245, "ymax": 274, "xmax": 831}}, {"tid": 2, "generated": 0, "bbox": {"xmin": 458, "ymin": 364, "ymax": 390, "xmax": 509}}, {"tid": 3, "generated": 0, "bbox": {"xmin": 690, "ymin": 388, "ymax": 420, "xmax": 732}}, {"tid": 4, "generated": 0, "bbox": {"xmin": 875, "ymin": 552, "ymax": 577, "xmax": 921}}], [{"tid": 0, "generated": 0, "bbox": {"xmin": 632, "ymin": 218, "ymax": 256, "xmax": 686}}, {"tid": 1, "generated": 0, "bbox": {"xmin": 784, "ymin": 247, "ymax": 275, "xmax": 837}}, {"tid": 2, "generated": 0, "bbox": {"xmin": 462, "ymin": 366, "ymax": 392, "xmax": 513}}, {"tid": 3, "generated": 0, "bbox": {"xmin": 693, "ymin": 392, "ymax": 423, "xmax": 736}}, {"tid": 4, "generated": 0, "bbox": {"xmin": 856, "ymin": 552, "ymax": 577, "xmax": 901}}], [{"tid": 0, "generated": 0, "bbox": {"xmin": 637, "ymin": 217, "ymax": 257, "xmax": 690}}, {"tid": 1, "generated": 0, "bbox": {"xmin": 786, "ymin": 250, "ymax": 279, "xmax": 838}}, {"tid": 2, "generated": 0, "bbox": {"xmin": 466, "ymin": 367, "ymax": 394, "xmax": 516}}, {"tid": 3, "generated": 0, "bbox": {"xmin": 694, "ymin": 396, "ymax": 427, "xmax": 737}}, {"tid": 4, "generated": 0, "bbox": {"xmin": 836, "ymin": 554, "ymax": 578, "xmax": 880}}], [{"tid": 0, "generated": 0, "bbox": {"xmin": 642, "ymin": 216, "ymax": 259, "xmax": 695}}, {"tid": 1, "generated": 0, "bbox": {"xmin": 788, "ymin": 253, "ymax": 283, "xmax": 840}}, {"tid": 2, "generated": 0, "bbox": {"xmin": 470, "ymin": 368, "ymax": 397, "xmax": 520}}, {"tid": 3, "generated": 0, "bbox": {"xmin": 696, "ymin": 400, "ymax": 431, "xmax": 739}}, {"tid": 4, "generated": 0, "bbox": {"xmin": 816, "ymin": 556, "ymax": 579, "xmax": 859}}], [{"tid": 0, "generated": 0, "bbox": {"xmin": 648, "ymin": 216, "ymax": 261, "xmax": 700}}, {"tid": 1, "generated": 0, "bbox": {"xmin": 791, "ymin": 256, "ymax": 288, "xmax": 842}}, {"tid": 2, "generated": 0, "bbox": {"xmin": 474, "ymin": 369, "ymax": 400, "xmax": 524}}, {"tid": 3, "generated": 0, "bbox": {"xmin": 698, "ymin": 405, "ymax": 435, "xmax": 741}}, {"tid": 4, "generated": 0, "bbox": {"xmin": 796, "ymin": 558, "ymax": 581, "xmax": 839}}], [{"tid": 0, "generated": 0, "bbox": {"xmin": 651, "ymin": 217, "ymax": 262, "xmax": 703}}, {"tid": 1, "generated": 0, "bbox": {"xmin": 790, "ymin": 259, "ymax": 291, "xmax": 841}}, {"tid": 2, "generated": 0, "bbox": {"xmin": 473, "ymin": 371, "ymax": 402, "xmax": 524}}, {"tid": 3, "generated": 0, "bbox": {"xmin": 695, "ymin": 410, "ymax": 440, "xmax": 738}}, {"tid": 4, "generated": 0, "bbox": {"xmin": 771, "ymin": 561, "ymax": 584, "xmax": 814}}], [{"tid": 0, "generated": 0, "bbox": {"xmin": 654, "ymin": 218, "ymax": 263, "xmax": 706}}, {"tid": 1, "generated": 0, "bbox": {"xmin": 789, "ymin": 262, "ymax": 294, "xmax": 840}}, {"tid": 2, "generated": 0, "bbox": {"xmin": 472, "ymin": 373, "ymax": 404, "xmax": 524}}, {"tid": 3, "generated": 0, "bbox": {"xmin": 693, "ymin": 415, "ymax": 445, "xmax": 736}}, {"tid": 4, "generated": 0, "bbox": {"xmin": 747, "ymin": 564, "ymax": 587, "xmax": 790}}], [{"tid": 0, "generated": 0, "bbox": {"xmin": 657, "ymin": 220, "ymax": 264, "xmax": 709}}, {"tid": 1, "generated": 0, "bbox": {"xmin": 789, "ymin": 266, "ymax": 298, "xmax": 840}}, {"tid": 2, "generated": 0, "bbox": {"xmin": 472, "ymin": 376, "ymax": 407, "xmax": 524}}, {"tid": 3, "generated": 0, "bbox": {"xmin": 691, "ymin": 421, "ymax": 451, "xmax": 734}}, {"tid": 4, "generated": 0, "bbox": {"xmin": 723, "ymin": 567, "ymax": 590, "xmax": 766}}], [{"tid": 0, "generated": 0, "bbox": {"xmin": 656, "ymin": 221, "ymax": 266, "xmax": 708}}, {"tid": 1, "generated": 0, "bbox": {"xmin": 784, "ymin": 269, "ymax": 301, "xmax": 836}}, {"tid": 2, "generated": 0, "bbox": {"xmin": 469, "ymin": 378, "ymax": 408, "xmax": 521}}, {"tid": 3, "generated": 0, "bbox": {"xmin": 686, "ymin": 425, "ymax": 455, "xmax": 729}}, {"tid": 4, "generated": 0, "bbox": {"xmin": 696, "ymin": 570, "ymax": 593, "xmax": 739}}], [{"tid": 0, "generated": 0, "bbox": {"xmin": 655, "ymin": 223, "ymax": 268, "xmax": 707}}, {"tid": 1, "generated": 0, "bbox": {"xmin": 780, "ymin": 273, "ymax": 305, "xmax": 832}}, {"tid": 2, "generated": 0, "bbox": {"xmin": 467, "ymin": 380, "ymax": 410, "xmax": 518}}, {"tid": 3, "generated": 0, "bbox": {"xmin": 681, "ymin": 430, "ymax": 460, "xmax": 725}}, {"tid": 4, "generated": 0, "bbox": {"xmin": 669, "ymin": 573, "ymax": 596, "xmax": 712}}], [{"tid": 0, "generated": 0, "bbox": {"xmin": 654, "ymin": 225, "ymax": 270, "xmax": 707}}, {"tid": 1, "generated": 0, "bbox": {"xmin": 776, "ymin": 277, "ymax": 309, "xmax": 828}}, {"tid": 2, "generated": 0, "bbox": {"xmin": 465, "ymin": 382, "ymax": 412, "xmax": 515}}, {"tid": 3, "generated": 0, "bbox": {"xmin": 677, "ymin": 435, "ymax": 465, "xmax": 721}}, {"tid": 4, "generated": 0, "bbox": {"xmin": 643, "ymin": 577, "ymax": 600, "xmax": 686}}], [{"tid": 0, "generated": 0, "bbox": {"xmin": 659, "ymin": 224, "ymax": 268, "xmax": 712}}, {"tid": 1, "generated": 0, "bbox": {"xmin": 776, "ymin": 278, "ymax": 310, "xmax": 828}}, {"tid": 2, "generated": 0, "bbox": {"xmin": 468, "ymin": 382, "ymax": 412, "xmax": 518}}, {"tid": 3, "generated": 0, "bbox": {"xmin": 678, "ymin": 436, "ymax": 466, "xmax": 722}}, {"tid": 4, "generated": 0, "bbox": {"xmin": 624, "ymin": 576, "ymax": 599, "xmax": 666}}], [{"tid": 0, "generated": 0, "bbox": {"xmin": 664, "ymin": 223, "ymax": 267, "xmax": 717}}, {"tid": 1, "generated": 0, "bbox": {"xmin": 777, "ymin": 280, "ymax": 312, "xmax": 829}}, {"tid": 2, "generated": 0, "bbox": {"xmin": 471, "ymin": 382, "ymax": 412, "xmax": 522}}, {"tid": 3, "generated": 0, "bbox": {"xmin": 679, "ymin": 438, "ymax": 467, "xmax": 723}}, {"tid": 4, "generated": 0, "bbox": {"xmin": 605, "ymin": 576, "ymax": 599, "xmax": 646}}], [{"tid": 0, "generated": 0, "bbox": {"xmin": 670, "ymin": 222, "ymax": 266, "xmax": 723}}, {"tid": 1, "generated": 0, "bbox": {"xmin": 778, "ymin": 282, "ymax": 314, "xmax": 830}}, {"tid": 2, "generated": 0, "bbox": {"xmin": 474, "ymin": 382, "ymax": 412, "xmax": 526}}, {"tid": 3, "generated": 0, "bbox": {"xmin": 680, "ymin": 440, "ymax": 469, "xmax": 725}}, {"tid": 4, "generated": 0, "bbox": {"xmin": 586, "ymin": 576, "ymax": 599, "xmax": 627}}], [{"tid": 0, "generated": 0, "bbox": {"xmin": 676, "ymin": 217, "ymax": 261, "xmax": 729}}, {"tid": 1, "generated": 0, "bbox": {"xmin": 781, "ymin": 279, "ymax": 311, "xmax": 833}}, {"tid": 2, "generated": 0, "bbox": {"xmin": 479, "ymin": 377, "ymax": 407, "xmax": 530}}, {"tid": 3, "generated": 0, "bbox": {"xmin": 680, "ymin": 438, "ymax": 467, "xmax": 725}}, {"tid": 4, "generated": 0, "bbox": {"xmin": 567, "ymin": 573, "ymax": 596, "xmax": 608}}], [{"tid": 0, "generated": 0, "bbox": {"xmin": 682, "ymin": 213, "ymax": 256, "xmax": 736}}, {"tid": 1, "generated": 0, "bbox": {"xmin": 784, "ymin": 277, "ymax": 309, "xmax": 836}}, {"tid": 2, "generated": 0, "bbox": {"xmin": 484, "ymin": 372, "ymax": 402, "xmax": 535}}, {"tid": 3, "generated": 0, "bbox": {"xmin": 681, "ymin": 436, "ymax": 466, "xmax": 726}}, {"tid": 4, "generated": 0, "bbox": {"xmin": 548, "ymin": 570, "ymax": 593, "xmax": 590}}], [{"tid": 0, "generated": 0, "bbox": {"xmin": 689, "ymin": 209, "ymax": 252, "xmax": 743}}, {"tid": 1, "generated": 0, "bbox": {"xmin": 787, "ymin": 275, "ymax": 307, "xmax": 840}}, {"tid": 2, "generated": 0, "bbox": {"xmin": 490, "ymin": 368, "ymax": 398, "xmax": 540}}, {"tid": 3, "generated": 0, "bbox": {"xmin": 682, "ymin": 435, "ymax": 465, "xmax": 727}}, {"tid": 4, "generated": 0, "bbox": {"xmin": 529, "ymin": 568, "ymax": 590, "xmax": 572}}], [{"tid": 0, "generated": 0, "bbox": {"xmin": 698, "ymin": 204, "ymax": 248, "xmax": 752}}, {"tid": 1, "generated": 0, "bbox": {"xmin": 793, "ymin": 272, "ymax": 305, "xmax": 845}}, {"tid": 2, "generated": 0, "bbox": {"xmin": 496, "ymin": 362, "ymax": 393, "xmax": 546}}, {"tid": 3, "generated": 0, "bbox": {"xmin": 685, "ymin": 434, "ymax": 464, "xmax": 730}}, {"tid": 4, "generated": 0, "bbox": {"xmin": 516, "ymin": 565, "ymax": 588, "xmax": 558}}], [{"tid": 0, "generated": 0, "bbox": {"xmin": 708, "ymin": 199, "ymax": 244, "xmax": 761}}, {"tid": 1, "generated": 0, "bbox": {"xmin": 799, "ymin": 270, "ymax": 303, "xmax": 850}}, {"tid": 2, "generated": 0, "bbox": {"xmin": 502, "ymin": 357, "ymax": 389, "xmax": 553}}, {"tid": 3, "generated": 0, "bbox": {"xmin": 689, "ymin": 433, "ymax": 463, "xmax": 733}}, {"tid": 4, "generated": 0, "bbox": {"xmin": 503, "ymin": 563, "ymax": 586, "xmax": 544}}], [{"tid": 0, "generated": 0, "bbox": {"xmin": 718, "ymin": 195, "ymax": 240, "xmax": 771}}, {"tid": 1, "generated": 0, "bbox": {"xmin": 805, "ymin": 268, "ymax": 302, "xmax": 856}}, {"tid": 2, "generated": 0, "bbox": {"xmin": 508, "ymin": 352, "ymax": 385, "xmax": 560}}, {"tid": 3, "generated": 0, "bbox": {"xmin": 693, "ymin": 433, "ymax": 462, "xmax": 737}}, {"tid": 4, "generated": 0, "bbox": {"xmin": 490, "ymin": 561, "ymax": 584, "xmax": 531}}], [{"tid": 0, "generated": 0, "bbox": {"xmin": 726, "ymin": 191, "ymax": 235, "xmax": 781}}, {"tid": 1, "generated": 0, "bbox": {"xmin": 810, "ymin": 264, "ymax": 299, "xmax": 862}}, {"tid": 2, "generated": 0, "bbox": {"xmin": 517, "ymin": 347, "ymax": 380, "xmax": 568}}, {"tid": 3, "generated": 0, "bbox": {"xmin": 698, "ymin": 429, "ymax": 459, "xmax": 742}}, {"tid": 4, "generated": 0, "bbox": {"xmin": 478, "ymin": 558, "ymax": 580, "xmax": 515}}], [{"tid": 0, "generated": 0, "bbox": {"xmin": 735, "ymin": 187, "ymax": 231, "xmax": 791}}, {"tid": 1, "generated": 0, "bbox": {"xmin": 815, "ymin": 260, "ymax": 297, "xmax": 868}}, {"tid": 2, "generated": 0, "bbox": {"xmin": 526, "ymin": 342, "ymax": 375, "xmax": 577}}, {"tid": 3, "generated": 0, "bbox": {"xmin": 703, "ymin": 426, "ymax": 456, "xmax": 747}}, {"tid": 4, "generated": 0, "bbox": {"xmin": 466, "ymin": 555, "ymax": 577, "xmax": 500}}], [{"tid": 0, "generated": 0, "bbox": {"xmin": 744, "ymin": 183, "ymax": 227, "xmax": 801}}, {"tid": 1, "generated": 0, "bbox": {"xmin": 821, "ymin": 257, "ymax": 295, "xmax": 874}}, {"tid": 2, "generated": 0, "bbox": {"xmin": 535, "ymin": 337, "ymax": 371, "xmax": 586}}, {"tid": 3, "generated": 0, "bbox": {"xmin": 709, "ymin": 423, "ymax": 453, "xmax": 753}}, {"tid": 4, "generated": 0, "bbox": {"xmin": 455, "ymin": 552, "ymax": 574, "xmax": 485}}], [{"tid": 0, "generated": 0, "bbox": {"xmin": 753, "ymin": 178, "ymax": 223, "xmax": 810}}, {"tid": 1, "generated": 0, "bbox": {"xmin": 826, "ymin": 254, "ymax": 291, "xmax": 880}}, {"tid": 2, "generated": 0, "bbox": {"xmin": 540, "ymin": 330, "ymax": 365, "xmax": 594}}, {"tid": 3, "generated": 0, "bbox": {"xmin": 713, "ymin": 421, "ymax": 450, "xmax": 757}}, {"tid": 4, "generated": 0, "bbox": {"xmin": 442, "ymin": 549, "ymax": 571, "xmax": 472}}], [{"tid": 0, "generated": 0, "bbox": {"xmin": 762, "ymin": 174, "ymax": 219, "xmax": 819}}, {"tid": 1, "generated": 0, "bbox": {"xmin": 831, "ymin": 251, "ymax": 287, "xmax": 887}}, {"tid": 2, "generated": 0, "bbox": {"xmin": 546, "ymin": 324, "ymax": 360, "xmax": 602}}, {"tid": 3, "generated": 0, "bbox": {"xmin": 717, "ymin": 419, "ymax": 448, "xmax": 761}}, {"tid": 4, "generated": 0, "bbox": {"xmin": 429, "ymin": 547, "ymax": 569, "xmax": 459}}], [{"tid": 0, "generated": 0, "bbox": {"xmin": 771, "ymin": 170, "ymax": 215, "xmax": 828}}, {"tid": 1, "generated": 0, "bbox": {"xmin": 837, "ymin": 248, "ymax": 284, "xmax": 894}}, {"tid": 2, "generated": 0, "bbox": {"xmin": 552, "ymin": 318, "ymax": 355, "xmax": 611}}, {"tid": 3, "generated": 0, "bbox": {"xmin": 721, "ymin": 417, "ymax": 446, "xmax": 766}}, {"tid": 4, "generated": 0, "bbox": {"xmin": 416, "ymin": 545, "ymax": 567, "xmax": 446}}], [{"tid": 0, "generated": 0, "bbox": {"xmin": 777, "ymin": 166, "ymax": 210, "xmax": 832}}, {"tid": 1, "generated": 0, "bbox": {"xmin": 840, "ymin": 244, "ymax": 281, "xmax": 894}}, {"tid": 2, "generated": 0, "bbox": {"xmin": 557, "ymin": 312, "ymax": 349, "xmax": 613}}, {"tid": 3, "generated": 0, "bbox": {"xmin": 721, "ymin": 414, "ymax": 442, "xmax": 766}}, {"tid": 4, "generated": 0, "bbox": {"xmin": 396, "ymin": 543, "ymax": 565, "xmax": 428}}], [], [], [], [], [], [], [], [], [], [], [], [], [], [], [], [], [], [], [], [], [], [], [], [], [], [], [], [], [], [], [], [], [], [], [], [], [], [], [], [], [], [], [], [], [], [], [], [], [], [], [], [], [], [], [], [], [], [], [], [], [{"tid": 0, "generated": 0, "bbox": {"xmin": 792, "ymin": 245, "ymax": 296, "xmax": 853}}, {"tid": 1, "generated": 0, "bbox": {"xmin": 753, "ymin": 394, "ymax": 446, "xmax": 810}}, {"tid": 2, "generated": 0, "bbox": {"xmin": 469, "ymin": 305, "ymax": 355, "xmax": 528}}, {"tid": 3, "generated": 0, "bbox": {"xmin": 515, "ymin": 497, "ymax": 551, "xmax": 572}}], [{"tid": 0, "generated": 0, "bbox": {"xmin": 796, "ymin": 242, "ymax": 293, "xmax": 857}}, {"tid": 1, "generated": 0, "bbox": {"xmin": 757, "ymin": 392, "ymax": 444, "xmax": 816}}, {"tid": 2, "generated": 0, "bbox": {"xmin": 474, "ymin": 301, "ymax": 352, "xmax": 534}}, {"tid": 3, "generated": 0, "bbox": {"xmin": 521, "ymin": 494, "ymax": 548, "xmax": 579}}], [{"tid": 0, "generated": 0, "bbox": {"xmin": 801, "ymin": 240, "ymax": 291, "xmax": 862}}, {"tid": 1, "generated": 0, "bbox": {"xmin": 762, "ymin": 391, "ymax": 443, "xmax": 822}}, {"tid": 2, "generated": 0, "bbox": {"xmin": 479, "ymin": 298, "ymax": 349, "xmax": 541}}, {"tid": 3, "generated": 0, "bbox": {"xmin": 527, "ymin": 492, "ymax": 545, "xmax": 587}}], [{"tid": 0, "generated": 0, "bbox": {"xmin": 805, "ymin": 238, "ymax": 288, "xmax": 867}}, {"tid": 1, "generated": 0, "bbox": {"xmin": 766, "ymin": 390, "ymax": 441, "xmax": 828}}, {"tid": 2, "generated": 0, "bbox": {"xmin": 484, "ymin": 294, "ymax": 346, "xmax": 547}}, {"tid": 3, "generated": 0, "bbox": {"xmin": 533, "ymin": 489, "ymax": 542, "xmax": 594}}], [{"tid": 0, "generated": 0, "bbox": {"xmin": 810, "ymin": 236, "ymax": 286, "xmax": 872}}, {"tid": 1, "generated": 0, "bbox": {"xmin": 771, "ymin": 389, "ymax": 440, "xmax": 835}}, {"tid": 2, "generated": 0, "bbox": {"xmin": 490, "ymin": 291, "ymax": 343, "xmax": 554}}, {"tid": 3, "generated": 0, "bbox": {"xmin": 540, "ymin": 487, "ymax": 540, "xmax": 602}}], [{"tid": 0, "generated": 0, "bbox": {"xmin": 816, "ymin": 234, "ymax": 284, "xmax": 878}}, {"tid": 1, "generated": 0, "bbox": {"xmin": 775, "ymin": 387, "ymax": 439, "xmax": 840}}, {"tid": 2, "generated": 0, "bbox": {"xmin": 496, "ymin": 288, "ymax": 339, "xmax": 560}}, {"tid": 3, "generated": 0, "bbox": {"xmin": 545, "ymin": 484, "ymax": 537, "xmax": 607}}], [{"tid": 0, "generated": 0, "bbox": {"xmin": 822, "ymin": 233, "ymax": 283, "xmax": 884}}, {"tid": 1, "generated": 0, "bbox": {"xmin": 780, "ymin": 386, "ymax": 438, "xmax": 845}}, {"tid": 2, "generated": 0, "bbox": {"xmin": 503, "ymin": 285, "ymax": 335, "xmax": 566}}, {"tid": 3, "generated": 0, "bbox": {"xmin": 550, "ymin": 482, "ymax": 535, "xmax": 612}}], [{"tid": 0, "generated": 0, "bbox": {"xmin": 828, "ymin": 232, "ymax": 282, "xmax": 890}}, {"tid": 1, "generated": 0, "bbox": {"xmin": 785, "ymin": 385, "ymax": 437, "xmax": 851}}, {"tid": 2, "generated": 0, "bbox": {"xmin": 510, "ymin": 282, "ymax": 332, "xmax": 572}}, {"tid": 3, "generated": 0, "bbox": {"xmin": 556, "ymin": 480, "ymax": 533, "xmax": 618}}], [{"tid": 0, "generated": 0, "bbox": {"xmin": 834, "ymin": 231, "ymax": 281, "xmax": 896}}, {"tid": 1, "generated": 0, "bbox": {"xmin": 791, "ymin": 385, "ymax": 437, "xmax": 857}}, {"tid": 2, "generated": 0, "bbox": {"xmin": 517, "ymin": 279, "ymax": 329, "xmax": 579}}, {"tid": 3, "generated": 0, "bbox": {"xmin": 562, "ymin": 477, "ymax": 530, "xmax": 624}}], [{"tid": 0, "generated": 0, "bbox": {"xmin": 840, "ymin": 231, "ymax": 280, "xmax": 902}}, {"tid": 1, "generated": 0, "bbox": {"xmin": 798, "ymin": 385, "ymax": 437, "xmax": 863}}, {"tid": 2, "generated": 0, "bbox": {"xmin": 524, "ymin": 276, "ymax": 326, "xmax": 586}}, {"tid": 3, "generated": 0, "bbox": {"xmin": 569, "ymin": 474, "ymax": 527, "xmax": 631}}], [{"tid": 0, "generated": 0, "bbox": {"xmin": 846, "ymin": 231, "ymax": 280, "xmax": 908}}, {"tid": 1, "generated": 0, "bbox": {"xmin": 805, "ymin": 385, "ymax": 437, "xmax": 869}}, {"tid": 2, "generated": 0, "bbox": {"xmin": 531, "ymin": 273, "ymax": 323, "xmax": 593}}, {"tid": 3, "generated": 0, "bbox": {"xmin": 576, "ymin": 471, "ymax": 524, "xmax": 638}}], [{"tid": 0, "generated": 0, "bbox": {"xmin": 852, "ymin": 231, "ymax": 280, "xmax": 914}}, {"tid": 1, "generated": 0, "bbox": {"xmin": 811, "ymin": 385, "ymax": 437, "xmax": 876}}, {"tid": 2, "generated": 0, "bbox": {"xmin": 538, "ymin": 272, "ymax": 322, "xmax": 601}}, {"tid": 3, "generated": 0, "bbox": {"xmin": 584, "ymin": 471, "ymax": 524, "xmax": 645}}], [{"tid": 0, "generated": 0, "bbox": {"xmin": 858, "ymin": 231, "ymax": 281, "xmax": 920}}, {"tid": 1, "generated": 0, "bbox": {"xmin": 817, "ymin": 386, "ymax": 438, "xmax": 883}}, {"tid": 2, "generated": 0, "bbox": {"xmin": 546, "ymin": 271, "ymax": 321, "xmax": 609}}, {"tid": 3, "generated": 0, "bbox": {"xmin": 592, "ymin": 471, "ymax": 524, "xmax": 653}}], [{"tid": 0, "generated": 0, "bbox": {"xmin": 865, "ymin": 232, "ymax": 282, "xmax": 926}}, {"tid": 1, "generated": 0, "bbox": {"xmin": 824, "ymin": 387, "ymax": 439, "xmax": 890}}, {"tid": 2, "generated": 0, "bbox": {"xmin": 554, "ymin": 270, "ymax": 321, "xmax": 618}}, {"tid": 3, "generated": 0, "bbox": {"xmin": 600, "ymin": 471, "ymax": 524, "xmax": 661}}], [{"tid": 0, "generated": 0, "bbox": {"xmin": 866, "ymin": 234, "ymax": 284, "xmax": 927}}, {"tid": 1, "generated": 0, "bbox": {"xmin": 825, "ymin": 390, "ymax": 442, "xmax": 891}}, {"tid": 2, "generated": 0, "bbox": {"xmin": 557, "ymin": 271, "ymax": 322, "xmax": 621}}, {"tid": 3, "generated": 0, "bbox": {"xmin": 602, "ymin": 471, "ymax": 524, "xmax": 663}}], [{"tid": 0, "generated": 0, "bbox": {"xmin": 867, "ymin": 236, "ymax": 286, "xmax": 928}}, {"tid": 1, "generated": 0, "bbox": {"xmin": 826, "ymin": 393, "ymax": 445, "xmax": 892}}, {"tid": 2, "generated": 0, "bbox": {"xmin": 560, "ymin": 272, "ymax": 323, "xmax": 624}}, {"tid": 3, "generated": 0, "bbox": {"xmin": 604, "ymin": 471, "ymax": 524, "xmax": 665}}], [{"tid": 0, "generated": 0, "bbox": {"xmin": 869, "ymin": 238, "ymax": 288, "xmax": 929}}, {"tid": 1, "generated": 0, "bbox": {"xmin": 828, "ymin": 396, "ymax": 449, "xmax": 894}}, {"tid": 2, "generated": 0, "bbox": {"xmin": 563, "ymin": 273, "ymax": 325, "xmax": 627}}, {"tid": 3, "generated": 0, "bbox": {"xmin": 606, "ymin": 472, "ymax": 524, "xmax": 668}}], [{"tid": 0, "generated": 0, "bbox": {"xmin": 867, "ymin": 240, "ymax": 290, "xmax": 928}}, {"tid": 1, "generated": 0, "bbox": {"xmin": 828, "ymin": 397, "ymax": 450, "xmax": 894}}, {"tid": 2, "generated": 0, "bbox": {"xmin": 564, "ymin": 273, "ymax": 325, "xmax": 627}}, {"tid": 3, "generated": 0, "bbox": {"xmin": 607, "ymin": 473, "ymax": 525, "xmax": 668}}], [{"tid": 0, "generated": 0, "bbox": {"xmin": 866, "ymin": 242, "ymax": 292, "xmax": 927}}, {"tid": 1, "generated": 0, "bbox": {"xmin": 828, "ymin": 399, "ymax": 451, "xmax": 894}}, {"tid": 2, "generated": 0, "bbox": {"xmin": 565, "ymin": 273, "ymax": 325, "xmax": 628}}, {"tid": 3, "generated": 0, "bbox": {"xmin": 608, "ymin": 474, "ymax": 526, "xmax": 669}}], [{"tid": 0, "generated": 0, "bbox": {"xmin": 865, "ymin": 245, "ymax": 295, "xmax": 926}}, {"tid": 1, "generated": 0, "bbox": {"xmin": 828, "ymin": 401, "ymax": 453, "xmax": 894}}, {"tid": 2, "generated": 0, "bbox": {"xmin": 567, "ymin": 273, "ymax": 325, "xmax": 629}}, {"tid": 3, "generated": 0, "bbox": {"xmin": 609, "ymin": 476, "ymax": 528, "xmax": 670}}], [{"tid": 0, "generated": 0, "bbox": {"xmin": 856, "ymin": 248, "ymax": 298, "xmax": 917}}, {"tid": 1, "generated": 0, "bbox": {"xmin": 819, "ymin": 403, "ymax": 456, "xmax": 885}}, {"tid": 2, "generated": 0, "bbox": {"xmin": 558, "ymin": 273, "ymax": 323, "xmax": 622}}, {"tid": 3, "generated": 0, "bbox": {"xmin": 602, "ymin": 476, "ymax": 529, "xmax": 664}}], [{"tid": 0, "generated": 0, "bbox": {"xmin": 849, "ymin": 251, "ymax": 301, "xmax": 911}}, {"tid": 1, "generated": 0, "bbox": {"xmin": 814, "ymin": 406, "ymax": 459, "xmax": 878}}, {"tid": 2, "generated": 0, "bbox": {"xmin": 552, "ymin": 274, "ymax": 324, "xmax": 616}}, {"tid": 3, "generated": 0, "bbox": {"xmin": 597, "ymin": 477, "ymax": 530, "xmax": 659}}], [{"tid": 0, "generated": 0, "bbox": {"xmin": 843, "ymin": 254, "ymax": 304, "xmax": 905}}, {"tid": 1, "generated": 0, "bbox": {"xmin": 809, "ymin": 410, "ymax": 462, "xmax": 871}}, {"tid": 2, "generated": 0, "bbox": {"xmin": 547, "ymin": 275, "ymax": 326, "xmax": 611}}, {"tid": 3, "generated": 0, "bbox": {"xmin": 592, "ymin": 479, "ymax": 531, "xmax": 654}}], [{"tid": 0, "generated": 0, "bbox": {"xmin": 837, "ymin": 257, "ymax": 307, "xmax": 899}}, {"tid": 1, "generated": 0, "bbox": {"xmin": 805, "ymin": 414, "ymax": 465, "xmax": 865}}, {"tid": 2, "generated": 0, "bbox": {"xmin": 542, "ymin": 277, "ymax": 328, "xmax": 606}}, {"tid": 3, "generated": 0, "bbox": {"xmin": 588, "ymin": 481, "ymax": 533, "xmax": 650}}], [{"tid": 0, "generated": 0, "bbox": {"xmin": 832, "ymin": 259, "ymax": 309, "xmax": 892}}, {"tid": 1, "generated": 0, "bbox": {"xmin": 800, "ymin": 417, "ymax": 468, "xmax": 859}}, {"tid": 2, "generated": 0, "bbox": {"xmin": 539, "ymin": 278, "ymax": 329, "xmax": 603}}, {"tid": 3, "generated": 0, "bbox": {"xmin": 584, "ymin": 482, "ymax": 534, "xmax": 646}}], [{"tid": 0, "generated": 0, "bbox": {"xmin": 828, "ymin": 261, "ymax": 311, "xmax": 886}}, {"tid": 1, "generated": 0, "bbox": {"xmin": 796, "ymin": 420, "ymax": 472, "xmax": 853}}, {"tid": 2, "generated": 0, "bbox": {"xmin": 536, "ymin": 279, "ymax": 330, "xmax": 600}}, {"tid": 3, "generated": 0, "bbox": {"xmin": 580, "ymin": 483, "ymax": 536, "xmax": 643}}], [{"tid": 0, "generated": 0, "bbox": {"xmin": 824, "ymin": 264, "ymax": 314, "xmax": 880}}, {"tid": 1, "generated": 0, "bbox": {"xmin": 792, "ymin": 424, "ymax": 476, "xmax": 848}}, {"tid": 2, "generated": 0, "bbox": {"xmin": 533, "ymin": 280, "ymax": 332, "xmax": 597}}, {"tid": 3, "generated": 0, "bbox": {"xmin": 577, "ymin": 485, "ymax": 538, "xmax": 640}}], [{"tid": 0, "generated": 0, "bbox": {"xmin": 818, "ymin": 266, "ymax": 316, "xmax": 874}}, {"tid": 1, "generated": 0, "bbox": {"xmin": 787, "ymin": 425, "ymax": 477, "xmax": 843}}, {"tid": 2, "generated": 0, "bbox": {"xmin": 531, "ymin": 280, "ymax": 332, "xmax": 594}}, {"tid": 3, "generated": 0, "bbox": {"xmin": 573, "ymin": 485, "ymax": 538, "xmax": 636}}], [{"tid": 0, "generated": 0, "bbox": {"xmin": 813, "ymin": 268, "ymax": 318, "xmax": 869}}, {"tid": 1, "generated": 0, "bbox": {"xmin": 782, "ymin": 426, "ymax": 479, "xmax": 838}}, {"tid": 2, "generated": 0, "bbox": {"xmin": 529, "ymin": 281, "ymax": 332, "xmax": 591}}, {"tid": 3, "generated": 0, "bbox": {"xmin": 570, "ymin": 486, "ymax": 539, "xmax": 632}}], [{"tid": 0, "generated": 0, "bbox": {"xmin": 808, "ymin": 270, "ymax": 320, "xmax": 864}}, {"tid": 1, "generated": 0, "bbox": {"xmin": 778, "ymin": 428, "ymax": 481, "xmax": 833}}, {"tid": 2, "generated": 0, "bbox": {"xmin": 528, "ymin": 282, "ymax": 332, "xmax": 588}}, {"tid": 3, "generated": 0, "bbox": {"xmin": 567, "ymin": 487, "ymax": 540, "xmax": 629}}]], "subject/objects": [{"category": "airplane", "tid": 0}, {"category": "airplane", "tid": 1}, {"category": "airplane", "tid": 2}, {"category": "airplane", "tid": 3}, {"category": "airplane", "tid": 4}], "relation_instances": [{"end_fid": 30, "subject_tid": 0, "predicate": "fly_next_to", "begin_fid": 0, "object_tid": 1}, {"end_fid": 30, "subject_tid": 0, "predicate": "fly_with", "begin_fid": 0, "object_tid": 1}, {"end_fid": 30, "subject_tid": 1, "predicate": "fly_next_to", "begin_fid": 0, "object_tid": 0}, {"end_fid": 30, "subject_tid": 1, "predicate": "fly_with", "begin_fid": 0, "object_tid": 0}, {"end_fid": 30, "subject_tid": 0, "predicate": "fly_with", "begin_fid": 0, "object_tid": 2}, {"end_fid": 30, "subject_tid": 2, "predicate": "fly_with", "begin_fid": 0, "object_tid": 0}, {"end_fid": 30, "subject_tid": 0, "predicate": "fly_with", "begin_fid": 0, "object_tid": 3}, {"end_fid": 30, "subject_tid": 3, "predicate": "fly_with", "begin_fid": 0, "object_tid": 0}, {"end_fid": 30, "subject_tid": 1, "predicate": "fly_next_to", "begin_fid": 0, "object_tid": 2}, {"end_fid": 30, "subject_tid": 1, "predicate": "fly_with", "begin_fid": 0, "object_tid": 2}, {"end_fid": 30, "subject_tid": 2, "predicate": "fly_next_to", "begin_fid": 0, "object_tid": 1}, {"end_fid": 30, "subject_tid": 2, "predicate": "fly_with", "begin_fid": 0, "object_tid": 1}, {"end_fid": 30, "subject_tid": 1, "predicate": "fly_with", "begin_fid": 0, "object_tid": 3}, {"end_fid": 30, "subject_tid": 3, "predicate": "fly_with", "begin_fid": 0, "object_tid": 1}, {"end_fid": 30, "subject_tid": 2, "predicate": "fly_next_to", "begin_fid": 0, "object_tid": 3}, {"end_fid": 30, "subject_tid": 2, "predicate": "fly_with", "begin_fid": 0, "object_tid": 3}, {"end_fid": 30, "subject_tid": 3, "predicate": "fly_next_to", "begin_fid": 0, "object_tid": 2}, {"end_fid": 30, "subject_tid": 3, "predicate": "fly_with", "begin_fid": 0, "object_tid": 2}, {"end_fid": 90, "subject_tid": 0, "predicate": "fly_with", "begin_fid": 60, "object_tid": 1}, {"end_fid": 90, "subject_tid": 1, "predicate": "fly_with", "begin_fid": 60, "object_tid": 0}, {"end_fid": 90, "subject_tid": 0, "predicate": "fly_with", "begin_fid": 60, "object_tid": 2}, {"end_fid": 90, "subject_tid": 2, "predicate": "fly_with", "begin_fid": 60, "object_tid": 0}, {"end_fid": 90, "subject_tid": 0, "predicate": "fly_with", "begin_fid": 60, "object_tid": 3}, {"end_fid": 90, "subject_tid": 3, "predicate": "fly_with", "begin_fid": 60, "object_tid": 0}, {"end_fid": 90, "subject_tid": 1, "predicate": "fly_with", "begin_fid": 60, "object_tid": 2}, {"end_fid": 90, "subject_tid": 2, "predicate": "fly_with", "begin_fid": 60, "object_tid": 1}, {"end_fid": 90, "subject_tid": 1, "predicate": "fly_with", "begin_fid": 60, "object_tid": 3}, {"end_fid": 90, "subject_tid": 3, "predicate": "fly_with", "begin_fid": 60, "object_tid": 1}, {"end_fid": 90, "subject_tid": 2, "predicate": "fly_with", "begin_fid": 60, "object_tid": 3}, {"end_fid": 90, "subject_tid": 3, "predicate": "fly_with", "begin_fid": 60, "object_tid": 2}, {"end_fid": 195, "subject_tid": 0, "predicate": "fly_with", "begin_fid": 165, "object_tid": 1}, {"end_fid": 195, "subject_tid": 1, "predicate": "fly_with", "begin_fid": 165, "object_tid": 0}, {"end_fid": 195, "subject_tid": 0, "predicate": "fly_with", "begin_fid": 165, "object_tid": 2}, {"end_fid": 195, "subject_tid": 2, "predicate": "fly_with", "begin_fid": 165, "object_tid": 0}, {"end_fid": 195, "subject_tid": 0, "predicate": "fly_with", "begin_fid": 165, "object_tid": 3}, {"end_fid": 195, "subject_tid": 3, "predicate": "fly_with", "begin_fid": 165, "object_tid": 0}, {"end_fid": 195, "subject_tid": 0, "predicate": "fly_with", "begin_fid": 165, "object_tid": 4}, {"end_fid": 195, "subject_tid": 4, "predicate": "stop_with", "begin_fid": 165, "object_tid": 0}, {"end_fid": 195, "subject_tid": 4, "predicate": "fly_with", "begin_fid": 165, "object_tid": 0}, {"end_fid": 195, "subject_tid": 1, "predicate": "fly_with", "begin_fid": 165, "object_tid": 2}, {"end_fid": 195, "subject_tid": 2, "predicate": "fly_with", "begin_fid": 165, "object_tid": 1}, {"end_fid": 195, "subject_tid": 1, "predicate": "fly_with", "begin_fid": 165, "object_tid": 3}, {"end_fid": 195, "subject_tid": 3, "predicate": "fly_with", "begin_fid": 165, "object_tid": 1}, {"end_fid": 195, "subject_tid": 1, "predicate": "fly_with", "begin_fid": 165, "object_tid": 4}, {"end_fid": 195, "subject_tid": 4, "predicate": "stop_with", "begin_fid": 165, "object_tid": 1}, {"end_fid": 195, "subject_tid": 4, "predicate": "fly_with", "begin_fid": 165, "object_tid": 1}, {"end_fid": 195, "subject_tid": 2, "predicate": "fly_with", "begin_fid": 165, "object_tid": 3}, {"end_fid": 195, "subject_tid": 3, "predicate": "fly_with", "begin_fid": 165, "object_tid": 2}, {"end_fid": 195, "subject_tid": 2, "predicate": "fly_with", "begin_fid": 165, "object_tid": 4}, {"end_fid": 195, "subject_tid": 4, "predicate": "stop_with", "begin_fid": 165, "object_tid": 2}, {"end_fid": 195, "subject_tid": 4, "predicate": "fly_with", "begin_fid": 165, "object_tid": 2}, {"end_fid": 195, "subject_tid": 3, "predicate": "fly_with", "begin_fid": 165, "object_tid": 4}, {"end_fid": 195, "subject_tid": 4, "predicate": "stop_with", "begin_fid": 165, "object_tid": 3}, {"end_fid": 195, "subject_tid": 4, "predicate": "fly_with", "begin_fid": 165, "object_tid": 3}, {"end_fid": 285, "subject_tid": 0, "predicate": "fly_with", "begin_fid": 255, "object_tid": 1}, {"end_fid": 285, "subject_tid": 1, "predicate": "fly_with", "begin_fid": 255, "object_tid": 0}, {"end_fid": 285, "subject_tid": 0, "predicate": "fly_with", "begin_fid": 255, "object_tid": 2}, {"end_fid": 285, "subject_tid": 2, "predicate": "fly_with", "begin_fid": 255, "object_tid": 0}, {"end_fid": 285, "subject_tid": 0, "predicate": "fly_with", "begin_fid": 255, "object_tid": 3}, {"end_fid": 285, "subject_tid": 3, "predicate": "fly_with", "begin_fid": 255, "object_tid": 0}, {"end_fid": 285, "subject_tid": 1, "predicate": "fly_with", "begin_fid": 255, "object_tid": 2}, {"end_fid": 285, "subject_tid": 2, "predicate": "fly_with", "begin_fid": 255, "object_tid": 1}, {"end_fid": 285, "subject_tid": 1, "predicate": "fly_with", "begin_fid": 255, "object_tid": 3}, {"end_fid": 285, "subject_tid": 3, "predicate": "fly_with", "begin_fid": 255, "object_tid": 1}, {"end_fid": 285, "subject_tid": 2, "predicate": "fly_with", "begin_fid": 255, "object_tid": 3}, {"end_fid": 285, "subject_tid": 3, "predicate": "fly_with", "begin_fid": 255, "object_tid": 2}], "height": 720}