{"width": 640, "frame_count": 870, "video_id": "ILSVRC2015_train_00099000", "fps": 29, "trajectories": [[{"tid": 0, "generated": 0, "bbox": {"xmin": 74, "ymin": 274, "ymax": 318, "xmax": 140}}, {"tid": 1, "generated": 0, "bbox": {"xmin": 287, "ymin": 6, "ymax": 301, "xmax": 601}}], [{"tid": 0, "generated": 0, "bbox": {"xmin": 72, "ymin": 272, "ymax": 314, "xmax": 136}}, {"tid": 1, "generated": 0, "bbox": {"xmin": 308, "ymin": 2, "ymax": 304, "xmax": 621}}], [{"tid": 0, "generated": 0, "bbox": {"xmin": 68, "ymin": 272, "ymax": 313, "xmax": 133}}, {"tid": 1, "generated": 0, "bbox": {"xmin": 329, "ymin": 2, "ymax": 336, "xmax": 622}}], [{"tid": 0, "generated": 0, "bbox": {"xmin": 66, "ymin": 268, "ymax": 311, "xmax": 132}}, {"tid": 1, "generated": 0, "bbox": {"xmin": 332, "ymin": 2, "ymax": 351, "xmax": 623}}], [{"tid": 0, "generated": 0, "bbox": {"xmin": 65, "ymin": 264, "ymax": 305, "xmax": 130}}, {"tid": 1, "generated": 0, "bbox": {"xmin": 334, "ymin": 2, "ymax": 352, "xmax": 614}}], [{"tid": 0, "generated": 0, "bbox": {"xmin": 62, "ymin": 264, "ymax": 306, "xmax": 127}}, {"tid": 1, "generated": 0, "bbox": {"xmin": 336, "ymin": 0, "ymax": 352, "xmax": 614}}], [{"tid": 0, "generated": 0, "bbox": {"xmin": 57, "ymin": 264, "ymax": 308, "xmax": 122}}, {"tid": 1, "generated": 0, "bbox": {"xmin": 336, "ymin": 0, "ymax": 352, "xmax": 616}}], [{"tid": 0, "generated": 0, "bbox": {"xmin": 54, "ymin": 262, "ymax": 304, "xmax": 119}}, {"tid": 1, "generated": 0, "bbox": {"xmin": 334, "ymin": 0, "ymax": 352, "xmax": 621}}], [{"tid": 0, "generated": 0, "bbox": {"xmin": 57, "ymin": 262, "ymax": 304, "xmax": 122}}, {"tid": 1, "generated": 0, "bbox": {"xmin": 337, "ymin": 2, "ymax": 352, "xmax": 637}}], [{"tid": 0, "generated": 0, "bbox": {"xmin": 60, "ymin": 262, "ymax": 304, "xmax": 125}}, {"tid": 1, "generated": 0, "bbox": {"xmin": 343, "ymin": 6, "ymax": 353, "xmax": 639}}], [{"tid": 0, "generated": 0, "bbox": {"xmin": 64, "ymin": 262, "ymax": 304, "xmax": 128}}, {"tid": 1, "generated": 0, "bbox": {"xmin": 346, "ymin": 8, "ymax": 358, "xmax": 637}}], [{"tid": 0, "generated": 0, "bbox": {"xmin": 64, "ymin": 264, "ymax": 305, "xmax": 128}}, {"tid": 1, "generated": 0, "bbox": {"xmin": 348, "ymin": 8, "ymax": 356, "xmax": 636}}], [{"tid": 0, "generated": 0, "bbox": {"xmin": 56, "ymin": 266, "ymax": 310, "xmax": 120}}, {"tid": 1, "generated": 0, "bbox": {"xmin": 344, "ymin": 9, "ymax": 353, "xmax": 636}}], [{"tid": 0, "generated": 0, "bbox": {"xmin": 45, "ymin": 264, "ymax": 308, "xmax": 110}}, {"tid": 1, "generated": 0, "bbox": {"xmin": 343, "ymin": 10, "ymax": 352, "xmax": 634}}], [{"tid": 0, "generated": 0, "bbox": {"xmin": 42, "ymin": 262, "ymax": 304, "xmax": 108}}, {"tid": 1, "generated": 0, "bbox": {"xmin": 345, "ymin": 13, "ymax": 359, "xmax": 634}}], [{"tid": 0, "generated": 0, "bbox": {"xmin": 42, "ymin": 260, "ymax": 303, "xmax": 108}}, {"tid": 1, "generated": 0, "bbox": {"xmin": 360, "ymin": 15, "ymax": 358, "xmax": 636}}], [{"tid": 0, "generated": 0, "bbox": {"xmin": 50, "ymin": 261, "ymax": 304, "xmax": 116}}, {"tid": 1, "generated": 0, "bbox": {"xmin": 393, "ymin": 16, "ymax": 357, "xmax": 636}}], [{"tid": 0, "generated": 0, "bbox": {"xmin": 62, "ymin": 264, "ymax": 308, "xmax": 127}}, {"tid": 1, "generated": 0, "bbox": {"xmin": 430, "ymin": 17, "ymax": 359, "xmax": 636}}], [{"tid": 0, "generated": 0, "bbox": {"xmin": 65, "ymin": 268, "ymax": 311, "xmax": 130}}, {"tid": 1, "generated": 0, "bbox": {"xmin": 457, "ymin": 20, "ymax": 359, "xmax": 636}}], [{"tid": 0, "generated": 0, "bbox": {"xmin": 70, "ymin": 268, "ymax": 311, "xmax": 135}}, {"tid": 1, "generated": 0, "bbox": {"xmin": 477, "ymin": 22, "ymax": 358, "xmax": 638}}], [{"tid": 0, "generated": 0, "bbox": {"xmin": 67, "ymin": 266, "ymax": 310, "xmax": 131}}, {"tid": 1, "generated": 0, "bbox": {"xmin": 480, "ymin": 24, "ymax": 357, "xmax": 639}}], [{"tid": 0, "generated": 0, "bbox": {"xmin": 64, "ymin": 265, "ymax": 309, "xmax": 128}}, {"tid": 1, "generated": 0, "bbox": {"xmin": 474, "ymin": 24, "ymax": 356, "xmax": 639}}], [{"tid": 0, "generated": 0, "bbox": {"xmin": 55, "ymin": 266, "ymax": 310, "xmax": 120}}, {"tid": 1, "generated": 0, "bbox": {"xmin": 472, "ymin": 21, "ymax": 358, "xmax": 639}}], [{"tid": 0, "generated": 0, "bbox": {"xmin": 52, "ymin": 269, "ymax": 311, "xmax": 117}}, {"tid": 1, "generated": 0, "bbox": {"xmin": 464, "ymin": 22, "ymax": 357, "xmax": 638}}], [{"tid": 0, "generated": 0, "bbox": {"xmin": 56, "ymin": 272, "ymax": 313, "xmax": 120}}, {"tid": 1, "generated": 0, "bbox": {"xmin": 464, "ymin": 26, "ymax": 357, "xmax": 637}}], [{"tid": 0, "generated": 0, "bbox": {"xmin": 60, "ymin": 273, "ymax": 316, "xmax": 122}}, {"tid": 1, "generated": 0, "bbox": {"xmin": 464, "ymin": 31, "ymax": 357, "xmax": 634}}], [{"tid": 0, "generated": 0, "bbox": {"xmin": 61, "ymin": 276, "ymax": 318, "xmax": 124}}, {"tid": 1, "generated": 0, "bbox": {"xmin": 471, "ymin": 33, "ymax": 357, "xmax": 639}}], [{"tid": 0, "generated": 0, "bbox": {"xmin": 60, "ymin": 280, "ymax": 322, "xmax": 122}}, {"tid": 1, "generated": 0, "bbox": {"xmin": 472, "ymin": 37, "ymax": 359, "xmax": 639}}], [{"tid": 0, "generated": 0, "bbox": {"xmin": 56, "ymin": 284, "ymax": 326, "xmax": 120}}, {"tid": 1, "generated": 0, "bbox": {"xmin": 469, "ymin": 40, "ymax": 359, "xmax": 638}}], [{"tid": 0, "generated": 0, "bbox": {"xmin": 55, "ymin": 286, "ymax": 328, "xmax": 116}}, {"tid": 1, "generated": 0, "bbox": {"xmin": 469, "ymin": 47, "ymax": 359, "xmax": 639}}], [], [], [], [], [], [], [], [], [], [], [], [], [], [], [], [], [], [], [], [], [], [], [], [], [], [], [], [], [], [], [], [], [], [], [], [], [], [], [], [], [], [], [], [], [], [{"tid": 0, "generated": 0, "bbox": {"xmin": 85, "ymin": 226, "ymax": 266, "xmax": 144}}, {"tid": 1, "generated": 0, "bbox": {"xmin": 454, "ymin": 0, "ymax": 343, "xmax": 639}}], [{"tid": 0, "generated": 0, "bbox": {"xmin": 81, "ymin": 232, "ymax": 272, "xmax": 142}}, {"tid": 1, "generated": 0, "bbox": {"xmin": 448, "ymin": 0, "ymax": 344, "xmax": 639}}], [{"tid": 0, "generated": 0, "bbox": {"xmin": 80, "ymin": 236, "ymax": 276, "xmax": 138}}, {"tid": 1, "generated": 0, "bbox": {"xmin": 446, "ymin": 0, "ymax": 352, "xmax": 637}}], [{"tid": 0, "generated": 0, "bbox": {"xmin": 80, "ymin": 238, "ymax": 278, "xmax": 139}}, {"tid": 1, "generated": 0, "bbox": {"xmin": 444, "ymin": 0, "ymax": 353, "xmax": 639}}], [{"tid": 0, "generated": 0, "bbox": {"xmin": 80, "ymin": 241, "ymax": 281, "xmax": 141}}, {"tid": 1, "generated": 0, "bbox": {"xmin": 441, "ymin": 0, "ymax": 354, "xmax": 639}}], [{"tid": 0, "generated": 0, "bbox": {"xmin": 80, "ymin": 248, "ymax": 289, "xmax": 140}}, {"tid": 1, "generated": 0, "bbox": {"xmin": 440, "ymin": 0, "ymax": 358, "xmax": 639}}], [{"tid": 0, "generated": 0, "bbox": {"xmin": 82, "ymin": 256, "ymax": 296, "xmax": 143}}, {"tid": 1, "generated": 0, "bbox": {"xmin": 436, "ymin": 0, "ymax": 359, "xmax": 637}}], [{"tid": 0, "generated": 0, "bbox": {"xmin": 79, "ymin": 262, "ymax": 302, "xmax": 137}}, {"tid": 1, "generated": 0, "bbox": {"xmin": 432, "ymin": 0, "ymax": 358, "xmax": 639}}], [{"tid": 0, "generated": 0, "bbox": {"xmin": 72, "ymin": 269, "ymax": 309, "xmax": 132}}, {"tid": 1, "generated": 0, "bbox": {"xmin": 426, "ymin": 0, "ymax": 357, "xmax": 639}}], [{"tid": 0, "generated": 0, "bbox": {"xmin": 64, "ymin": 273, "ymax": 314, "xmax": 124}}, {"tid": 1, "generated": 0, "bbox": {"xmin": 417, "ymin": 0, "ymax": 356, "xmax": 638}}], [{"tid": 0, "generated": 0, "bbox": {"xmin": 57, "ymin": 272, "ymax": 313, "xmax": 119}}, {"tid": 1, "generated": 0, "bbox": {"xmin": 410, "ymin": 0, "ymax": 353, "xmax": 639}}], [{"tid": 0, "generated": 0, "bbox": {"xmin": 54, "ymin": 279, "ymax": 320, "xmax": 112}}, {"tid": 1, "generated": 0, "bbox": {"xmin": 408, "ymin": 0, "ymax": 359, "xmax": 637}}], [{"tid": 0, "generated": 0, "bbox": {"xmin": 56, "ymin": 279, "ymax": 320, "xmax": 116}}, {"tid": 1, "generated": 0, "bbox": {"xmin": 406, "ymin": 0, "ymax": 358, "xmax": 638}}], [{"tid": 0, "generated": 0, "bbox": {"xmin": 58, "ymin": 278, "ymax": 319, "xmax": 119}}, {"tid": 1, "generated": 0, "bbox": {"xmin": 406, "ymin": 0, "ymax": 357, "xmax": 638}}], [{"tid": 0, "generated": 0, "bbox": {"xmin": 56, "ymin": 277, "ymax": 318, "xmax": 117}}, {"tid": 1, "generated": 0, "bbox": {"xmin": 407, "ymin": 0, "ymax": 357, "xmax": 638}}], [{"tid": 0, "generated": 0, "bbox": {"xmin": 53, "ymin": 272, "ymax": 312, "xmax": 112}}, {"tid": 1, "generated": 0, "bbox": {"xmin": 400, "ymin": 0, "ymax": 358, "xmax": 639}}], [{"tid": 0, "generated": 0, "bbox": {"xmin": 45, "ymin": 273, "ymax": 313, "xmax": 104}}, {"tid": 1, "generated": 0, "bbox": {"xmin": 392, "ymin": 0, "ymax": 357, "xmax": 639}}], [{"tid": 0, "generated": 0, "bbox": {"xmin": 38, "ymin": 281, "ymax": 321, "xmax": 96}}, {"tid": 1, "generated": 0, "bbox": {"xmin": 384, "ymin": 0, "ymax": 358, "xmax": 638}}], [{"tid": 0, "generated": 0, "bbox": {"xmin": 32, "ymin": 284, "ymax": 324, "xmax": 92}}, {"tid": 1, "generated": 0, "bbox": {"xmin": 381, "ymin": 5, "ymax": 358, "xmax": 639}}], [{"tid": 0, "generated": 0, "bbox": {"xmin": 31, "ymin": 288, "ymax": 328, "xmax": 89}}, {"tid": 1, "generated": 0, "bbox": {"xmin": 377, "ymin": 8, "ymax": 358, "xmax": 638}}], [{"tid": 0, "generated": 0, "bbox": {"xmin": 32, "ymin": 296, "ymax": 336, "xmax": 90}}, {"tid": 1, "generated": 0, "bbox": {"xmin": 376, "ymin": 13, "ymax": 359, "xmax": 638}}], [{"tid": 0, "generated": 0, "bbox": {"xmin": 25, "ymin": 298, "ymax": 340, "xmax": 86}}, {"tid": 1, "generated": 0, "bbox": {"xmin": 368, "ymin": 17, "ymax": 357, "xmax": 639}}], [{"tid": 0, "generated": 0, "bbox": {"xmin": 23, "ymin": 299, "ymax": 340, "xmax": 84}}, {"tid": 1, "generated": 0, "bbox": {"xmin": 368, "ymin": 24, "ymax": 357, "xmax": 638}}], [{"tid": 0, "generated": 0, "bbox": {"xmin": 22, "ymin": 300, "ymax": 341, "xmax": 82}}, {"tid": 1, "generated": 0, "bbox": {"xmin": 366, "ymin": 22, "ymax": 357, "xmax": 639}}], [{"tid": 0, "generated": 0, "bbox": {"xmin": 21, "ymin": 301, "ymax": 342, "xmax": 80}}, {"tid": 1, "generated": 0, "bbox": {"xmin": 361, "ymin": 24, "ymax": 358, "xmax": 637}}], [{"tid": 0, "generated": 0, "bbox": {"xmin": 20, "ymin": 302, "ymax": 343, "xmax": 80}}, {"tid": 1, "generated": 0, "bbox": {"xmin": 361, "ymin": 30, "ymax": 358, "xmax": 639}}], [{"tid": 0, "generated": 0, "bbox": {"xmin": 20, "ymin": 302, "ymax": 344, "xmax": 80}}, {"tid": 1, "generated": 0, "bbox": {"xmin": 360, "ymin": 29, "ymax": 358, "xmax": 638}}], [{"tid": 0, "generated": 0, "bbox": {"xmin": 22, "ymin": 302, "ymax": 344, "xmax": 81}}, {"tid": 1, "generated": 0, "bbox": {"xmin": 362, "ymin": 25, "ymax": 358, "xmax": 638}}], [{"tid": 0, "generated": 0, "bbox": {"xmin": 20, "ymin": 301, "ymax": 343, "xmax": 80}}, {"tid": 1, "generated": 0, "bbox": {"xmin": 362, "ymin": 26, "ymax": 359, "xmax": 639}}], [{"tid": 0, "generated": 0, "bbox": {"xmin": 18, "ymin": 300, "ymax": 342, "xmax": 80}}, {"tid": 1, "generated": 0, "bbox": {"xmin": 364, "ymin": 28, "ymax": 358, "xmax": 639}}], [], [], [], [], [], [], [], [], [], [], [], [], [], [], [], [], [], [], [], [], [], [], [], [], [], [], [], [], [], [], [], [], [], [], [], [], [], [], [], [], [], [], [], [], [], [], [], [], [], [], [], [], [], [], [], [], [], [], [], [], [], [], [], [], [], [], [], [], [], [], [], [], [], [], [], [], [], [], [], [], [], [], [], [], [], [], [], [], [], [], [], [], [], [], [], [], [], [], [], [], [], [], [], [], [], [], [], [], [], [], [], [], [], [], [], [], [], [], [], [], [], [], [], [], [], [], [], [], [], [], [], [], [], [], [], [], [], [], [], [], [], [], [], [], [], [], [], [], [], [], [], [], [], [], [], [], [], [], [], [], [], [], [], [], [], [], [], [], [], [], [], [], [], [], [], [], [], [], [], [], [], [], [], [], [], [], [], [], [], [], [], [], [], [], [], [], [], [], [], [], [], [], [], [], [], [], [], [], [], [], [], [], [], [], [], [], [], [], [], [], [], [], [], [], [], [{"tid": 0, "generated": 0, "bbox": {"xmin": 94, "ymin": 264, "ymax": 304, "xmax": 149}}, {"tid": 1, "generated": 0, "bbox": {"xmin": 351, "ymin": 0, "ymax": 303, "xmax": 639}}], [{"tid": 0, "generated": 0, "bbox": {"xmin": 95, "ymin": 264, "ymax": 304, "xmax": 150}}, {"tid": 1, "generated": 0, "bbox": {"xmin": 344, "ymin": 0, "ymax": 302, "xmax": 639}}], [{"tid": 0, "generated": 0, "bbox": {"xmin": 95, "ymin": 264, "ymax": 304, "xmax": 151}}, {"tid": 1, "generated": 0, "bbox": {"xmin": 340, "ymin": 0, "ymax": 301, "xmax": 639}}], [{"tid": 0, "generated": 0, "bbox": {"xmin": 96, "ymin": 264, "ymax": 304, "xmax": 152}}, {"tid": 1, "generated": 0, "bbox": {"xmin": 336, "ymin": 0, "ymax": 300, "xmax": 639}}], [{"tid": 0, "generated": 0, "bbox": {"xmin": 97, "ymin": 264, "ymax": 304, "xmax": 153}}, {"tid": 1, "generated": 0, "bbox": {"xmin": 334, "ymin": 0, "ymax": 300, "xmax": 639}}], [{"tid": 0, "generated": 0, "bbox": {"xmin": 98, "ymin": 264, "ymax": 304, "xmax": 154}}, {"tid": 1, "generated": 0, "bbox": {"xmin": 328, "ymin": 0, "ymax": 298, "xmax": 639}}], [{"tid": 0, "generated": 0, "bbox": {"xmin": 99, "ymin": 264, "ymax": 304, "xmax": 155}}, {"tid": 1, "generated": 0, "bbox": {"xmin": 322, "ymin": 0, "ymax": 298, "xmax": 639}}], [{"tid": 0, "generated": 0, "bbox": {"xmin": 100, "ymin": 264, "ymax": 304, "xmax": 156}}, {"tid": 1, "generated": 0, "bbox": {"xmin": 318, "ymin": 0, "ymax": 298, "xmax": 639}}], [{"tid": 0, "generated": 0, "bbox": {"xmin": 101, "ymin": 264, "ymax": 304, "xmax": 157}}, {"tid": 1, "generated": 0, "bbox": {"xmin": 312, "ymin": 0, "ymax": 298, "xmax": 639}}], [{"tid": 0, "generated": 0, "bbox": {"xmin": 102, "ymin": 264, "ymax": 304, "xmax": 158}}, {"tid": 1, "generated": 0, "bbox": {"xmin": 309, "ymin": 0, "ymax": 300, "xmax": 639}}], [{"tid": 0, "generated": 0, "bbox": {"xmin": 103, "ymin": 264, "ymax": 304, "xmax": 159}}, {"tid": 1, "generated": 0, "bbox": {"xmin": 304, "ymin": 0, "ymax": 301, "xmax": 639}}], [{"tid": 0, "generated": 0, "bbox": {"xmin": 104, "ymin": 265, "ymax": 305, "xmax": 160}}, {"tid": 1, "generated": 0, "bbox": {"xmin": 300, "ymin": 0, "ymax": 296, "xmax": 638}}], [{"tid": 0, "generated": 0, "bbox": {"xmin": 105, "ymin": 265, "ymax": 304, "xmax": 161}}, {"tid": 1, "generated": 0, "bbox": {"xmin": 296, "ymin": 0, "ymax": 297, "xmax": 638}}], [{"tid": 0, "generated": 0, "bbox": {"xmin": 106, "ymin": 265, "ymax": 304, "xmax": 162}}, {"tid": 1, "generated": 0, "bbox": {"xmin": 295, "ymin": 0, "ymax": 298, "xmax": 639}}], [{"tid": 0, "generated": 0, "bbox": {"xmin": 107, "ymin": 265, "ymax": 304, "xmax": 164}}, {"tid": 1, "generated": 0, "bbox": {"xmin": 289, "ymin": 0, "ymax": 303, "xmax": 633}}], [{"tid": 0, "generated": 0, "bbox": {"xmin": 109, "ymin": 265, "ymax": 304, "xmax": 165}}, {"tid": 1, "generated": 0, "bbox": {"xmin": 286, "ymin": 0, "ymax": 302, "xmax": 621}}], [{"tid": 0, "generated": 0, "bbox": {"xmin": 110, "ymin": 265, "ymax": 304, "xmax": 167}}, {"tid": 1, "generated": 0, "bbox": {"xmin": 280, "ymin": 0, "ymax": 296, "xmax": 616}}], [{"tid": 0, "generated": 0, "bbox": {"xmin": 111, "ymin": 265, "ymax": 304, "xmax": 168}}, {"tid": 1, "generated": 0, "bbox": {"xmin": 277, "ymin": 0, "ymax": 295, "xmax": 608}}], [{"tid": 0, "generated": 0, "bbox": {"xmin": 113, "ymin": 265, "ymax": 304, "xmax": 169}}, {"tid": 1, "generated": 0, "bbox": {"xmin": 272, "ymin": 0, "ymax": 285, "xmax": 592}}], [{"tid": 0, "generated": 0, "bbox": {"xmin": 114, "ymin": 265, "ymax": 304, "xmax": 171}}, {"tid": 1, "generated": 0, "bbox": {"xmin": 269, "ymin": 0, "ymax": 256, "xmax": 578}}], [{"tid": 0, "generated": 0, "bbox": {"xmin": 115, "ymin": 265, "ymax": 304, "xmax": 172}}, {"tid": 1, "generated": 0, "bbox": {"xmin": 264, "ymin": 0, "ymax": 254, "xmax": 568}}], [{"tid": 0, "generated": 0, "bbox": {"xmin": 117, "ymin": 265, "ymax": 304, "xmax": 174}}, {"tid": 1, "generated": 0, "bbox": {"xmin": 260, "ymin": 0, "ymax": 253, "xmax": 562}}], [{"tid": 0, "generated": 0, "bbox": {"xmin": 118, "ymin": 264, "ymax": 303, "xmax": 175}}, {"tid": 1, "generated": 0, "bbox": {"xmin": 255, "ymin": 0, "ymax": 253, "xmax": 560}}], [{"tid": 0, "generated": 0, "bbox": {"xmin": 119, "ymin": 264, "ymax": 302, "xmax": 176}}, {"tid": 1, "generated": 0, "bbox": {"xmin": 248, "ymin": 0, "ymax": 252, "xmax": 557}}], [{"tid": 0, "generated": 0, "bbox": {"xmin": 120, "ymin": 263, "ymax": 302, "xmax": 177}}, {"tid": 1, "generated": 0, "bbox": {"xmin": 244, "ymin": 0, "ymax": 249, "xmax": 556}}], [{"tid": 0, "generated": 0, "bbox": {"xmin": 121, "ymin": 263, "ymax": 301, "xmax": 178}}, {"tid": 1, "generated": 0, "bbox": {"xmin": 239, "ymin": 0, "ymax": 248, "xmax": 548}}], [{"tid": 0, "generated": 0, "bbox": {"xmin": 122, "ymin": 262, "ymax": 301, "xmax": 179}}, {"tid": 1, "generated": 0, "bbox": {"xmin": 232, "ymin": 0, "ymax": 246, "xmax": 546}}], [{"tid": 0, "generated": 0, "bbox": {"xmin": 123, "ymin": 262, "ymax": 300, "xmax": 180}}, {"tid": 1, "generated": 0, "bbox": {"xmin": 224, "ymin": 0, "ymax": 245, "xmax": 546}}], [{"tid": 0, "generated": 0, "bbox": {"xmin": 124, "ymin": 261, "ymax": 299, "xmax": 181}}, {"tid": 1, "generated": 0, "bbox": {"xmin": 221, "ymin": 0, "ymax": 241, "xmax": 543}}], [{"tid": 0, "generated": 0, "bbox": {"xmin": 125, "ymin": 261, "ymax": 299, "xmax": 182}}, {"tid": 1, "generated": 0, "bbox": {"xmin": 220, "ymin": 0, "ymax": 236, "xmax": 536}}], [], [], [], [], [], [], [], [], [], [], [], [], [], [], [], [], [], [], [], [], [], [], [], [], [], [], [], [], [], [], [], [], [], [], [], [], [], [], [], [], [], [], [], [], [], [], [], [], [], [], [], [], [], [], [], [], [], [], [], [], [], [], [], [], [], [], [], [], [], [], [], [], [], [], [], [], [], [], [], [], [], [], [], [], [], [], [], [], [], [], [], [], [], [], [], [], [], [], [], [], [], [], [], [], [], [], [], [], [], [], [], [], [], [], [], [], [], [], [], [], [{"tid": 0, "generated": 0, "bbox": {"xmin": 235, "ymin": 245, "ymax": 284, "xmax": 292}}, {"tid": 1, "generated": 0, "bbox": {"xmin": 166, "ymin": 24, "ymax": 180, "xmax": 405}}], [{"tid": 0, "generated": 0, "bbox": {"xmin": 236, "ymin": 242, "ymax": 281, "xmax": 293}}, {"tid": 1, "generated": 0, "bbox": {"xmin": 165, "ymin": 23, "ymax": 178, "xmax": 402}}], [{"tid": 0, "generated": 0, "bbox": {"xmin": 236, "ymin": 240, "ymax": 280, "xmax": 293}}, {"tid": 1, "generated": 0, "bbox": {"xmin": 164, "ymin": 21, "ymax": 178, "xmax": 400}}], [{"tid": 0, "generated": 0, "bbox": {"xmin": 234, "ymin": 240, "ymax": 280, "xmax": 292}}, {"tid": 1, "generated": 0, "bbox": {"xmin": 167, "ymin": 18, "ymax": 176, "xmax": 404}}], [{"tid": 0, "generated": 0, "bbox": {"xmin": 232, "ymin": 240, "ymax": 280, "xmax": 289}}, {"tid": 1, "generated": 0, "bbox": {"xmin": 167, "ymin": 18, "ymax": 176, "xmax": 405}}], [{"tid": 0, "generated": 0, "bbox": {"xmin": 232, "ymin": 240, "ymax": 280, "xmax": 289}}, {"tid": 1, "generated": 0, "bbox": {"xmin": 162, "ymin": 17, "ymax": 176, "xmax": 400}}], [{"tid": 0, "generated": 0, "bbox": {"xmin": 232, "ymin": 241, "ymax": 280, "xmax": 289}}, {"tid": 1, "generated": 0, "bbox": {"xmin": 164, "ymin": 22, "ymax": 180, "xmax": 401}}], [{"tid": 0, "generated": 0, "bbox": {"xmin": 231, "ymin": 240, "ymax": 280, "xmax": 288}}, {"tid": 1, "generated": 0, "bbox": {"xmin": 160, "ymin": 24, "ymax": 182, "xmax": 400}}], [{"tid": 0, "generated": 0, "bbox": {"xmin": 230, "ymin": 240, "ymax": 280, "xmax": 287}}, {"tid": 1, "generated": 0, "bbox": {"xmin": 160, "ymin": 22, "ymax": 180, "xmax": 400}}], [{"tid": 0, "generated": 0, "bbox": {"xmin": 228, "ymin": 239, "ymax": 278, "xmax": 285}}, {"tid": 1, "generated": 0, "bbox": {"xmin": 160, "ymin": 20, "ymax": 177, "xmax": 400}}], [{"tid": 0, "generated": 0, "bbox": {"xmin": 225, "ymin": 240, "ymax": 280, "xmax": 282}}, {"tid": 1, "generated": 0, "bbox": {"xmin": 157, "ymin": 17, "ymax": 176, "xmax": 397}}], [{"tid": 0, "generated": 0, "bbox": {"xmin": 216, "ymin": 241, "ymax": 280, "xmax": 273}}, {"tid": 1, "generated": 0, "bbox": {"xmin": 151, "ymin": 16, "ymax": 175, "xmax": 391}}], [{"tid": 0, "generated": 0, "bbox": {"xmin": 211, "ymin": 244, "ymax": 284, "xmax": 268}}, {"tid": 1, "generated": 0, "bbox": {"xmin": 148, "ymin": 17, "ymax": 176, "xmax": 386}}], [{"tid": 0, "generated": 0, "bbox": {"xmin": 207, "ymin": 248, "ymax": 288, "xmax": 264}}, {"tid": 1, "generated": 0, "bbox": {"xmin": 144, "ymin": 22, "ymax": 180, "xmax": 384}}], [{"tid": 0, "generated": 0, "bbox": {"xmin": 202, "ymin": 254, "ymax": 293, "xmax": 260}}, {"tid": 1, "generated": 0, "bbox": {"xmin": 138, "ymin": 26, "ymax": 184, "xmax": 377}}], [{"tid": 0, "generated": 0, "bbox": {"xmin": 199, "ymin": 256, "ymax": 295, "xmax": 256}}, {"tid": 1, "generated": 0, "bbox": {"xmin": 133, "ymin": 31, "ymax": 189, "xmax": 372}}], [{"tid": 0, "generated": 0, "bbox": {"xmin": 198, "ymin": 255, "ymax": 294, "xmax": 255}}, {"tid": 1, "generated": 0, "bbox": {"xmin": 129, "ymin": 32, "ymax": 192, "xmax": 368}}], [{"tid": 0, "generated": 0, "bbox": {"xmin": 198, "ymin": 254, "ymax": 293, "xmax": 255}}, {"tid": 1, "generated": 0, "bbox": {"xmin": 128, "ymin": 31, "ymax": 189, "xmax": 367}}], [{"tid": 0, "generated": 0, "bbox": {"xmin": 196, "ymin": 249, "ymax": 288, "xmax": 253}}, {"tid": 1, "generated": 0, "bbox": {"xmin": 128, "ymin": 26, "ymax": 185, "xmax": 367}}], [{"tid": 0, "generated": 0, "bbox": {"xmin": 192, "ymin": 251, "ymax": 290, "xmax": 249}}, {"tid": 1, "generated": 0, "bbox": {"xmin": 121, "ymin": 22, "ymax": 181, "xmax": 360}}], [{"tid": 0, "generated": 0, "bbox": {"xmin": 188, "ymin": 253, "ymax": 293, "xmax": 245}}, {"tid": 1, "generated": 0, "bbox": {"xmin": 119, "ymin": 24, "ymax": 184, "xmax": 358}}], [{"tid": 0, "generated": 0, "bbox": {"xmin": 185, "ymin": 256, "ymax": 296, "xmax": 242}}, {"tid": 1, "generated": 0, "bbox": {"xmin": 117, "ymin": 26, "ymax": 186, "xmax": 356}}], [{"tid": 0, "generated": 0, "bbox": {"xmin": 196, "ymin": 260, "ymax": 298, "xmax": 253}}, {"tid": 1, "generated": 0, "bbox": {"xmin": 121, "ymin": 28, "ymax": 186, "xmax": 360}}], [{"tid": 0, "generated": 0, "bbox": {"xmin": 208, "ymin": 265, "ymax": 304, "xmax": 265}}, {"tid": 1, "generated": 0, "bbox": {"xmin": 129, "ymin": 28, "ymax": 192, "xmax": 368}}], [{"tid": 0, "generated": 0, "bbox": {"xmin": 223, "ymin": 264, "ymax": 304, "xmax": 280}}, {"tid": 1, "generated": 0, "bbox": {"xmin": 143, "ymin": 32, "ymax": 197, "xmax": 381}}], [{"tid": 0, "generated": 0, "bbox": {"xmin": 233, "ymin": 256, "ymax": 296, "xmax": 290}}, {"tid": 1, "generated": 0, "bbox": {"xmin": 156, "ymin": 32, "ymax": 193, "xmax": 393}}], [{"tid": 0, "generated": 0, "bbox": {"xmin": 239, "ymin": 248, "ymax": 288, "xmax": 296}}, {"tid": 1, "generated": 0, "bbox": {"xmin": 162, "ymin": 23, "ymax": 184, "xmax": 400}}], [{"tid": 0, "generated": 0, "bbox": {"xmin": 236, "ymin": 242, "ymax": 281, "xmax": 293}}, {"tid": 1, "generated": 0, "bbox": {"xmin": 160, "ymin": 13, "ymax": 176, "xmax": 399}}], [{"tid": 0, "generated": 0, "bbox": {"xmin": 232, "ymin": 237, "ymax": 276, "xmax": 288}}, {"tid": 1, "generated": 0, "bbox": {"xmin": 159, "ymin": 8, "ymax": 168, "xmax": 397}}], [{"tid": 0, "generated": 0, "bbox": {"xmin": 240, "ymin": 228, "ymax": 266, "xmax": 297}}, {"tid": 1, "generated": 0, "bbox": {"xmin": 160, "ymin": 0, "ymax": 168, "xmax": 398}}]], "subject/objects": [{"category": "turtle", "tid": 0}, {"category": "dog", "tid": 1}], "relation_instances": [{"end_fid": 30, "subject_tid": 0, "predicate": "stand_left", "begin_fid": 0, "object_tid": 1}, {"end_fid": 30, "subject_tid": 1, "predicate": "walk_right", "begin_fid": 0, "object_tid": 0}, {"end_fid": 30, "subject_tid": 1, "predicate": "taller", "begin_fid": 0, "object_tid": 0}, {"end_fid": 30, "subject_tid": 1, "predicate": "larger", "begin_fid": 0, "object_tid": 0}, {"end_fid": 30, "subject_tid": 1, "predicate": "watch", "begin_fid": 0, "object_tid": 0}, {"end_fid": 105, "subject_tid": 0, "predicate": "stand_left", "begin_fid": 75, "object_tid": 1}, {"end_fid": 105, "subject_tid": 1, "predicate": "stand_right", "begin_fid": 75, "object_tid": 0}, {"end_fid": 105, "subject_tid": 1, "predicate": "taller", "begin_fid": 75, "object_tid": 0}, {"end_fid": 105, "subject_tid": 1, "predicate": "larger", "begin_fid": 75, "object_tid": 0}, {"end_fid": 105, "subject_tid": 1, "predicate": "watch", "begin_fid": 75, "object_tid": 0}, {"end_fid": 360, "subject_tid": 0, "predicate": "stand_left", "begin_fid": 330, "object_tid": 1}, {"end_fid": 360, "subject_tid": 1, "predicate": "walk_right", "begin_fid": 330, "object_tid": 0}, {"end_fid": 360, "subject_tid": 1, "predicate": "taller", "begin_fid": 330, "object_tid": 0}, {"end_fid": 360, "subject_tid": 1, "predicate": "larger", "begin_fid": 330, "object_tid": 0}, {"end_fid": 360, "subject_tid": 1, "predicate": "watch", "begin_fid": 330, "object_tid": 0}, {"end_fid": 510, "subject_tid": 0, "predicate": "stand_front", "begin_fid": 480, "object_tid": 1}, {"end_fid": 510, "subject_tid": 1, "predicate": "lie_behind", "begin_fid": 480, "object_tid": 0}, {"end_fid": 510, "subject_tid": 1, "predicate": "taller", "begin_fid": 480, "object_tid": 0}, {"end_fid": 510, "subject_tid": 1, "predicate": "larger", "begin_fid": 480, "object_tid": 0}, {"end_fid": 510, "subject_tid": 1, "predicate": "watch", "begin_fid": 480, "object_tid": 0}], "height": 360}