{"width": 1280, "frame_count": 156, "video_id": "ILSVRC2015_train_00962008", "fps": 29, "trajectories": [[{"tid": 0, "generated": 0, "bbox": {"xmin": 696, "ymin": 232, "ymax": 572, "xmax": 1164}}, {"tid": 1, "generated": 0, "bbox": {"xmin": 133, "ymin": 263, "ymax": 506, "xmax": 513}}, {"tid": 2, "generated": 0, "bbox": {"xmin": 471, "ymin": 55, "ymax": 401, "xmax": 800}}], [{"tid": 0, "generated": 0, "bbox": {"xmin": 700, "ymin": 232, "ymax": 568, "xmax": 1168}}, {"tid": 1, "generated": 0, "bbox": {"xmin": 133, "ymin": 263, "ymax": 508, "xmax": 512}}, {"tid": 2, "generated": 0, "bbox": {"xmin": 472, "ymin": 55, "ymax": 401, "xmax": 798}}], [{"tid": 0, "generated": 0, "bbox": {"xmin": 696, "ymin": 232, "ymax": 567, "xmax": 1168}}, {"tid": 1, "generated": 0, "bbox": {"xmin": 136, "ymin": 264, "ymax": 508, "xmax": 512}}, {"tid": 2, "generated": 0, "bbox": {"xmin": 472, "ymin": 55, "ymax": 403, "xmax": 803}}], [{"tid": 0, "generated": 0, "bbox": {"xmin": 698, "ymin": 232, "ymax": 570, "xmax": 1164}}, {"tid": 1, "generated": 0, "bbox": {"xmin": 135, "ymin": 264, "ymax": 510, "xmax": 512}}, {"tid": 2, "generated": 0, "bbox": {"xmin": 474, "ymin": 55, "ymax": 401, "xmax": 801}}], [{"tid": 0, "generated": 0, "bbox": {"xmin": 696, "ymin": 232, "ymax": 572, "xmax": 1168}}, {"tid": 1, "generated": 0, "bbox": {"xmin": 133, "ymin": 264, "ymax": 510, "xmax": 512}}, {"tid": 2, "generated": 0, "bbox": {"xmin": 474, "ymin": 55, "ymax": 401, "xmax": 801}}], [{"tid": 0, "generated": 0, "bbox": {"xmin": 695, "ymin": 232, "ymax": 572, "xmax": 1168}}, {"tid": 1, "generated": 0, "bbox": {"xmin": 133, "ymin": 263, "ymax": 508, "xmax": 512}}, {"tid": 2, "generated": 0, "bbox": {"xmin": 474, "ymin": 55, "ymax": 401, "xmax": 801}}], [{"tid": 0, "generated": 0, "bbox": {"xmin": 698, "ymin": 234, "ymax": 568, "xmax": 1164}}, {"tid": 1, "generated": 0, "bbox": {"xmin": 133, "ymin": 266, "ymax": 510, "xmax": 512}}, {"tid": 2, "generated": 0, "bbox": {"xmin": 474, "ymin": 55, "ymax": 401, "xmax": 801}}], [{"tid": 0, "generated": 0, "bbox": {"xmin": 696, "ymin": 234, "ymax": 568, "xmax": 1166}}, {"tid": 1, "generated": 0, "bbox": {"xmin": 131, "ymin": 266, "ymax": 503, "xmax": 513}}, {"tid": 2, "generated": 0, "bbox": {"xmin": 474, "ymin": 55, "ymax": 401, "xmax": 801}}], [{"tid": 0, "generated": 0, "bbox": {"xmin": 696, "ymin": 234, "ymax": 570, "xmax": 1168}}, {"tid": 1, "generated": 0, "bbox": {"xmin": 131, "ymin": 264, "ymax": 503, "xmax": 512}}, {"tid": 2, "generated": 0, "bbox": {"xmin": 474, "ymin": 55, "ymax": 401, "xmax": 801}}], [{"tid": 0, "generated": 0, "bbox": {"xmin": 696, "ymin": 234, "ymax": 574, "xmax": 1166}}, {"tid": 1, "generated": 0, "bbox": {"xmin": 131, "ymin": 263, "ymax": 508, "xmax": 513}}, {"tid": 2, "generated": 0, "bbox": {"xmin": 474, "ymin": 55, "ymax": 403, "xmax": 801}}], [{"tid": 0, "generated": 0, "bbox": {"xmin": 696, "ymin": 234, "ymax": 576, "xmax": 1164}}, {"tid": 1, "generated": 0, "bbox": {"xmin": 131, "ymin": 266, "ymax": 508, "xmax": 513}}, {"tid": 2, "generated": 0, "bbox": {"xmin": 476, "ymin": 55, "ymax": 401, "xmax": 801}}], [{"tid": 0, "generated": 0, "bbox": {"xmin": 696, "ymin": 234, "ymax": 577, "xmax": 1164}}, {"tid": 1, "generated": 0, "bbox": {"xmin": 131, "ymin": 264, "ymax": 506, "xmax": 513}}, {"tid": 2, "generated": 0, "bbox": {"xmin": 476, "ymin": 55, "ymax": 401, "xmax": 801}}], [{"tid": 0, "generated": 0, "bbox": {"xmin": 695, "ymin": 234, "ymax": 576, "xmax": 1164}}, {"tid": 1, "generated": 0, "bbox": {"xmin": 131, "ymin": 264, "ymax": 506, "xmax": 513}}, {"tid": 2, "generated": 0, "bbox": {"xmin": 476, "ymin": 55, "ymax": 403, "xmax": 801}}], [{"tid": 0, "generated": 0, "bbox": {"xmin": 696, "ymin": 236, "ymax": 576, "xmax": 1164}}, {"tid": 1, "generated": 0, "bbox": {"xmin": 129, "ymin": 264, "ymax": 506, "xmax": 513}}, {"tid": 2, "generated": 0, "bbox": {"xmin": 476, "ymin": 55, "ymax": 402, "xmax": 802}}], [{"tid": 0, "generated": 0, "bbox": {"xmin": 698, "ymin": 234, "ymax": 577, "xmax": 1166}}, {"tid": 1, "generated": 0, "bbox": {"xmin": 129, "ymin": 264, "ymax": 506, "xmax": 515}}, {"tid": 2, "generated": 0, "bbox": {"xmin": 476, "ymin": 55, "ymax": 401, "xmax": 803}}], [{"tid": 0, "generated": 0, "bbox": {"xmin": 702, "ymin": 234, "ymax": 576, "xmax": 1162}}, {"tid": 1, "generated": 0, "bbox": {"xmin": 129, "ymin": 264, "ymax": 506, "xmax": 515}}, {"tid": 2, "generated": 0, "bbox": {"xmin": 476, "ymin": 55, "ymax": 403, "xmax": 803}}], [{"tid": 0, "generated": 0, "bbox": {"xmin": 700, "ymin": 236, "ymax": 572, "xmax": 1162}}, {"tid": 1, "generated": 0, "bbox": {"xmin": 129, "ymin": 264, "ymax": 510, "xmax": 515}}, {"tid": 2, "generated": 0, "bbox": {"xmin": 476, "ymin": 55, "ymax": 405, "xmax": 803}}], [{"tid": 0, "generated": 0, "bbox": {"xmin": 702, "ymin": 236, "ymax": 568, "xmax": 1164}}, {"tid": 1, "generated": 0, "bbox": {"xmin": 128, "ymin": 264, "ymax": 509, "xmax": 515}}, {"tid": 2, "generated": 0, "bbox": {"xmin": 476, "ymin": 55, "ymax": 405, "xmax": 801}}], [{"tid": 0, "generated": 0, "bbox": {"xmin": 700, "ymin": 236, "ymax": 574, "xmax": 1162}}, {"tid": 1, "generated": 0, "bbox": {"xmin": 128, "ymin": 264, "ymax": 508, "xmax": 515}}, {"tid": 2, "generated": 0, "bbox": {"xmin": 476, "ymin": 55, "ymax": 403, "xmax": 803}}], [{"tid": 0, "generated": 0, "bbox": {"xmin": 698, "ymin": 238, "ymax": 574, "xmax": 1162}}, {"tid": 1, "generated": 0, "bbox": {"xmin": 129, "ymin": 266, "ymax": 508, "xmax": 515}}, {"tid": 2, "generated": 0, "bbox": {"xmin": 476, "ymin": 55, "ymax": 403, "xmax": 803}}], [{"tid": 0, "generated": 0, "bbox": {"xmin": 698, "ymin": 236, "ymax": 576, "xmax": 1164}}, {"tid": 1, "generated": 0, "bbox": {"xmin": 131, "ymin": 264, "ymax": 508, "xmax": 515}}, {"tid": 2, "generated": 0, "bbox": {"xmin": 476, "ymin": 55, "ymax": 403, "xmax": 803}}], [{"tid": 0, "generated": 0, "bbox": {"xmin": 702, "ymin": 240, "ymax": 579, "xmax": 1162}}, {"tid": 1, "generated": 0, "bbox": {"xmin": 129, "ymin": 264, "ymax": 508, "xmax": 517}}, {"tid": 2, "generated": 0, "bbox": {"xmin": 476, "ymin": 55, "ymax": 402, "xmax": 803}}], [{"tid": 0, "generated": 0, "bbox": {"xmin": 700, "ymin": 240, "ymax": 577, "xmax": 1164}}, {"tid": 1, "generated": 0, "bbox": {"xmin": 129, "ymin": 266, "ymax": 508, "xmax": 518}}, {"tid": 2, "generated": 0, "bbox": {"xmin": 476, "ymin": 55, "ymax": 401, "xmax": 803}}], [{"tid": 0, "generated": 0, "bbox": {"xmin": 700, "ymin": 238, "ymax": 579, "xmax": 1164}}, {"tid": 1, "generated": 0, "bbox": {"xmin": 129, "ymin": 268, "ymax": 508, "xmax": 519}}, {"tid": 2, "generated": 0, "bbox": {"xmin": 476, "ymin": 55, "ymax": 403, "xmax": 801}}], [{"tid": 0, "generated": 0, "bbox": {"xmin": 700, "ymin": 240, "ymax": 576, "xmax": 1164}}, {"tid": 1, "generated": 0, "bbox": {"xmin": 129, "ymin": 266, "ymax": 506, "xmax": 517}}, {"tid": 2, "generated": 0, "bbox": {"xmin": 476, "ymin": 55, "ymax": 403, "xmax": 801}}], [{"tid": 0, "generated": 0, "bbox": {"xmin": 700, "ymin": 240, "ymax": 577, "xmax": 1166}}, {"tid": 1, "generated": 0, "bbox": {"xmin": 129, "ymin": 266, "ymax": 508, "xmax": 519}}, {"tid": 2, "generated": 0, "bbox": {"xmin": 477, "ymin": 55, "ymax": 403, "xmax": 801}}], [{"tid": 0, "generated": 0, "bbox": {"xmin": 704, "ymin": 240, "ymax": 576, "xmax": 1160}}, {"tid": 1, "generated": 0, "bbox": {"xmin": 129, "ymin": 266, "ymax": 506, "xmax": 517}}, {"tid": 2, "generated": 0, "bbox": {"xmin": 478, "ymin": 55, "ymax": 403, "xmax": 801}}], [{"tid": 0, "generated": 0, "bbox": {"xmin": 702, "ymin": 240, "ymax": 579, "xmax": 1164}}, {"tid": 1, "generated": 0, "bbox": {"xmin": 129, "ymin": 266, "ymax": 508, "xmax": 517}}, {"tid": 2, "generated": 0, "bbox": {"xmin": 479, "ymin": 55, "ymax": 403, "xmax": 801}}], [{"tid": 0, "generated": 0, "bbox": {"xmin": 700, "ymin": 241, "ymax": 581, "xmax": 1160}}, {"tid": 1, "generated": 0, "bbox": {"xmin": 128, "ymin": 266, "ymax": 507, "xmax": 517}}, {"tid": 2, "generated": 0, "bbox": {"xmin": 480, "ymin": 55, "ymax": 403, "xmax": 801}}], [{"tid": 0, "generated": 0, "bbox": {"xmin": 700, "ymin": 240, "ymax": 579, "xmax": 1160}}, {"tid": 1, "generated": 0, "bbox": {"xmin": 127, "ymin": 266, "ymax": 506, "xmax": 518}}, {"tid": 2, "generated": 0, "bbox": {"xmin": 481, "ymin": 55, "ymax": 403, "xmax": 801}}]], "subject/objects": [{"category": "watercraft", "tid": 0}, {"category": "watercraft", "tid": 1}, {"category": "watercraft", "tid": 2}], "relation_instances": [{"end_fid": 30, "subject_tid": 0, "predicate": "stop_right", "begin_fid": 0, "object_tid": 1}, {"end_fid": 30, "subject_tid": 0, "predicate": "stop_front", "begin_fid": 0, "object_tid": 1}, {"end_fid": 30, "subject_tid": 1, "predicate": "stop_behind", "begin_fid": 0, "object_tid": 0}, {"end_fid": 30, "subject_tid": 1, "predicate": "stop_left", "begin_fid": 0, "object_tid": 0}, {"end_fid": 30, "subject_tid": 0, "predicate": "stop_right", "begin_fid": 0, "object_tid": 2}, {"end_fid": 30, "subject_tid": 0, "predicate": "stop_front", "begin_fid": 0, "object_tid": 2}, {"end_fid": 30, "subject_tid": 2, "predicate": "stop_behind", "begin_fid": 0, "object_tid": 0}, {"end_fid": 30, "subject_tid": 2, "predicate": "stop_left", "begin_fid": 0, "object_tid": 0}, {"end_fid": 30, "subject_tid": 1, "predicate": "stop_front", "begin_fid": 0, "object_tid": 2}, {"end_fid": 30, "subject_tid": 1, "predicate": "stop_left", "begin_fid": 0, "object_tid": 2}, {"end_fid": 30, "subject_tid": 2, "predicate": "stop_right", "begin_fid": 0, "object_tid": 1}, {"end_fid": 30, "subject_tid": 2, "predicate": "stop_behind", "begin_fid": 0, "object_tid": 1}], "height": 720}