{"width": 1280, "frame_count": 423, "video_id": "ILSVRC2015_train_01097000", "fps": 25, "trajectories": [[{"tid": 0, "generated": 0, "bbox": {"xmin": 565, "ymin": 277, "ymax": 321, "xmax": 613}}, {"tid": 1, "generated": 0, "bbox": {"xmin": 650, "ymin": 327, "ymax": 359, "xmax": 698}}], [{"tid": 0, "generated": 0, "bbox": {"xmin": 563, "ymin": 270, "ymax": 323, "xmax": 611}}, {"tid": 1, "generated": 0, "bbox": {"xmin": 650, "ymin": 325, "ymax": 364, "xmax": 704}}], [{"tid": 0, "generated": 0, "bbox": {"xmin": 562, "ymin": 270, "ymax": 325, "xmax": 610}}, {"tid": 1, "generated": 0, "bbox": {"xmin": 645, "ymin": 327, "ymax": 366, "xmax": 698}}], [{"tid": 0, "generated": 0, "bbox": {"xmin": 561, "ymin": 270, "ymax": 327, "xmax": 609}}, {"tid": 1, "generated": 0, "bbox": {"xmin": 641, "ymin": 325, "ymax": 364, "xmax": 691}}], [{"tid": 0, "generated": 0, "bbox": {"xmin": 563, "ymin": 266, "ymax": 321, "xmax": 608}}, {"tid": 1, "generated": 0, "bbox": {"xmin": 640, "ymin": 314, "ymax": 357, "xmax": 686}}], [{"tid": 0, "generated": 0, "bbox": {"xmin": 561, "ymin": 259, "ymax": 320, "xmax": 604}}, {"tid": 1, "generated": 0, "bbox": {"xmin": 643, "ymin": 311, "ymax": 355, "xmax": 686}}], [{"tid": 0, "generated": 0, "bbox": {"xmin": 559, "ymin": 256, "ymax": 319, "xmax": 601}}, {"tid": 1, "generated": 0, "bbox": {"xmin": 641, "ymin": 309, "ymax": 357, "xmax": 686}}], [{"tid": 0, "generated": 0, "bbox": {"xmin": 557, "ymin": 254, "ymax": 318, "xmax": 598}}, {"tid": 1, "generated": 0, "bbox": {"xmin": 640, "ymin": 307, "ymax": 356, "xmax": 686}}], [{"tid": 0, "generated": 0, "bbox": {"xmin": 555, "ymin": 252, "ymax": 317, "xmax": 595}}, {"tid": 1, "generated": 0, "bbox": {"xmin": 639, "ymin": 306, "ymax": 355, "xmax": 687}}], [{"tid": 0, "generated": 0, "bbox": {"xmin": 554, "ymin": 250, "ymax": 316, "xmax": 593}}, {"tid": 1, "generated": 0, "bbox": {"xmin": 638, "ymin": 305, "ymax": 355, "xmax": 688}}], [{"tid": 0, "generated": 0, "bbox": {"xmin": 554, "ymin": 254, "ymax": 318, "xmax": 595}}, {"tid": 1, "generated": 0, "bbox": {"xmin": 634, "ymin": 309, "ymax": 352, "xmax": 684}}], [{"tid": 0, "generated": 0, "bbox": {"xmin": 549, "ymin": 250, "ymax": 314, "xmax": 588}}, {"tid": 1, "generated": 0, "bbox": {"xmin": 632, "ymin": 305, "ymax": 350, "xmax": 679}}], [{"tid": 0, "generated": 0, "bbox": {"xmin": 546, "ymin": 248, "ymax": 314, "xmax": 586}}, {"tid": 1, "generated": 0, "bbox": {"xmin": 631, "ymin": 302, "ymax": 352, "xmax": 675}}], [{"tid": 0, "generated": 0, "bbox": {"xmin": 544, "ymin": 247, "ymax": 314, "xmax": 584}}, {"tid": 1, "generated": 0, "bbox": {"xmin": 629, "ymin": 304, "ymax": 355, "xmax": 666}}], [{"tid": 0, "generated": 0, "bbox": {"xmin": 539, "ymin": 244, "ymax": 314, "xmax": 583}}, {"tid": 1, "generated": 0, "bbox": {"xmin": 625, "ymin": 300, "ymax": 350, "xmax": 664}}], [{"tid": 0, "generated": 0, "bbox": {"xmin": 535, "ymin": 241, "ymax": 314, "xmax": 583}}, {"tid": 1, "generated": 0, "bbox": {"xmin": 621, "ymin": 302, "ymax": 345, "xmax": 659}}, {"tid": 2, "generated": 0, "bbox": {"xmin": 552, "ymin": 312, "ymax": 352, "xmax": 604}}], [{"tid": 0, "generated": 0, "bbox": {"xmin": 535, "ymin": 240, "ymax": 314, "xmax": 581}}, {"tid": 1, "generated": 0, "bbox": {"xmin": 618, "ymin": 304, "ymax": 341, "xmax": 654}}, {"tid": 2, "generated": 0, "bbox": {"xmin": 552, "ymin": 312, "ymax": 355, "xmax": 600}}], [{"tid": 0, "generated": 0, "bbox": {"xmin": 529, "ymin": 238, "ymax": 314, "xmax": 579}}, {"tid": 1, "generated": 0, "bbox": {"xmin": 615, "ymin": 296, "ymax": 341, "xmax": 650}}, {"tid": 2, "generated": 0, "bbox": {"xmin": 552, "ymin": 311, "ymax": 353, "xmax": 595}}], [{"tid": 0, "generated": 0, "bbox": {"xmin": 525, "ymin": 236, "ymax": 316, "xmax": 577}}, {"tid": 1, "generated": 0, "bbox": {"xmin": 611, "ymin": 296, "ymax": 337, "xmax": 645}}, {"tid": 2, "generated": 0, "bbox": {"xmin": 551, "ymin": 312, "ymax": 353, "xmax": 595}}], [{"tid": 0, "generated": 0, "bbox": {"xmin": 521, "ymin": 235, "ymax": 318, "xmax": 575}}, {"tid": 1, "generated": 0, "bbox": {"xmin": 609, "ymin": 296, "ymax": 340, "xmax": 642}}, {"tid": 2, "generated": 0, "bbox": {"xmin": 547, "ymin": 312, "ymax": 350, "xmax": 590}}], [{"tid": 0, "generated": 0, "bbox": {"xmin": 517, "ymin": 234, "ymax": 320, "xmax": 574}}, {"tid": 1, "generated": 0, "bbox": {"xmin": 608, "ymin": 296, "ymax": 344, "xmax": 640}}, {"tid": 2, "generated": 0, "bbox": {"xmin": 545, "ymin": 321, "ymax": 353, "xmax": 586}}], [{"tid": 0, "generated": 0, "bbox": {"xmin": 508, "ymin": 232, "ymax": 316, "xmax": 570}}, {"tid": 1, "generated": 0, "bbox": {"xmin": 602, "ymin": 291, "ymax": 343, "xmax": 634}}, {"tid": 2, "generated": 0, "bbox": {"xmin": 547, "ymin": 316, "ymax": 350, "xmax": 584}}], [{"tid": 0, "generated": 0, "bbox": {"xmin": 506, "ymin": 232, "ymax": 314, "xmax": 568}}, {"tid": 1, "generated": 0, "bbox": {"xmin": 597, "ymin": 287, "ymax": 341, "xmax": 629}}, {"tid": 2, "generated": 0, "bbox": {"xmin": 547, "ymin": 316, "ymax": 352, "xmax": 597}}], [{"tid": 0, "generated": 0, "bbox": {"xmin": 497, "ymin": 232, "ymax": 316, "xmax": 567}}, {"tid": 1, "generated": 0, "bbox": {"xmin": 593, "ymin": 284, "ymax": 339, "xmax": 625}}, {"tid": 2, "generated": 0, "bbox": {"xmin": 536, "ymin": 316, "ymax": 353, "xmax": 590}}], [{"tid": 0, "generated": 0, "bbox": {"xmin": 492, "ymin": 232, "ymax": 316, "xmax": 566}}, {"tid": 1, "generated": 0, "bbox": {"xmin": 587, "ymin": 289, "ymax": 338, "xmax": 622}}, {"tid": 2, "generated": 0, "bbox": {"xmin": 538, "ymin": 318, "ymax": 355, "xmax": 590}}], [{"tid": 0, "generated": 0, "bbox": {"xmin": 488, "ymin": 232, "ymax": 316, "xmax": 565}}, {"tid": 1, "generated": 0, "bbox": {"xmin": 582, "ymin": 294, "ymax": 337, "xmax": 619}}, {"tid": 2, "generated": 0, "bbox": {"xmin": 535, "ymin": 318, "ymax": 357, "xmax": 588}}], [{"tid": 0, "generated": 0, "bbox": {"xmin": 471, "ymin": 232, "ymax": 320, "xmax": 563}}, {"tid": 1, "generated": 0, "bbox": {"xmin": 577, "ymin": 300, "ymax": 337, "xmax": 616}}, {"tid": 2, "generated": 0, "bbox": {"xmin": 529, "ymin": 318, "ymax": 353, "xmax": 584}}], [{"tid": 0, "generated": 0, "bbox": {"xmin": 462, "ymin": 232, "ymax": 318, "xmax": 563}}, {"tid": 1, "generated": 0, "bbox": {"xmin": 572, "ymin": 301, "ymax": 338, "xmax": 612}}, {"tid": 2, "generated": 0, "bbox": {"xmin": 524, "ymin": 312, "ymax": 352, "xmax": 577}}], [{"tid": 0, "generated": 0, "bbox": {"xmin": 453, "ymin": 232, "ymax": 327, "xmax": 563}}, {"tid": 1, "generated": 0, "bbox": {"xmin": 568, "ymin": 302, "ymax": 339, "xmax": 609}}, {"tid": 2, "generated": 0, "bbox": {"xmin": 526, "ymin": 320, "ymax": 359, "xmax": 572}}], [{"tid": 0, "generated": 0, "bbox": {"xmin": 444, "ymin": 232, "ymax": 326, "xmax": 562}}, {"tid": 1, "generated": 0, "bbox": {"xmin": 564, "ymin": 303, "ymax": 340, "xmax": 605}}, {"tid": 2, "generated": 0, "bbox": {"xmin": 528, "ymin": 323, "ymax": 362, "xmax": 570}}], [{"tid": 0, "generated": 0, "bbox": {"xmin": 435, "ymin": 232, "ymax": 325, "xmax": 561}}, {"tid": 1, "generated": 0, "bbox": {"xmin": 560, "ymin": 305, "ymax": 341, "xmax": 602}}, {"tid": 2, "generated": 0, "bbox": {"xmin": 520, "ymin": 323, "ymax": 362, "xmax": 570}}], [{"tid": 0, "generated": 0, "bbox": {"xmin": 433, "ymin": 232, "ymax": 326, "xmax": 556}}, {"tid": 1, "generated": 0, "bbox": {"xmin": 558, "ymin": 304, "ymax": 341, "xmax": 598}}, {"tid": 2, "generated": 0, "bbox": {"xmin": 517, "ymin": 323, "ymax": 373, "xmax": 570}}], [{"tid": 0, "generated": 0, "bbox": {"xmin": 432, "ymin": 232, "ymax": 327, "xmax": 552}}, {"tid": 1, "generated": 0, "bbox": {"xmin": 556, "ymin": 304, "ymax": 341, "xmax": 595}}, {"tid": 2, "generated": 0, "bbox": {"xmin": 513, "ymin": 320, "ymax": 373, "xmax": 556}}], [{"tid": 0, "generated": 0, "bbox": {"xmin": 429, "ymin": 232, "ymax": 327, "xmax": 549}}, {"tid": 1, "generated": 0, "bbox": {"xmin": 554, "ymin": 305, "ymax": 339, "xmax": 592}}, {"tid": 2, "generated": 0, "bbox": {"xmin": 504, "ymin": 321, "ymax": 371, "xmax": 560}}], [{"tid": 0, "generated": 0, "bbox": {"xmin": 426, "ymin": 232, "ymax": 327, "xmax": 547}}, {"tid": 1, "generated": 0, "bbox": {"xmin": 552, "ymin": 296, "ymax": 341, "xmax": 592}}, {"tid": 2, "generated": 0, "bbox": {"xmin": 506, "ymin": 327, "ymax": 371, "xmax": 556}}], [{"tid": 0, "generated": 0, "bbox": {"xmin": 424, "ymin": 232, "ymax": 328, "xmax": 545}}, {"tid": 1, "generated": 0, "bbox": {"xmin": 551, "ymin": 304, "ymax": 341, "xmax": 592}}, {"tid": 2, "generated": 0, "bbox": {"xmin": 513, "ymin": 332, "ymax": 375, "xmax": 551}}], [{"tid": 0, "generated": 0, "bbox": {"xmin": 421, "ymin": 232, "ymax": 328, "xmax": 542}}, {"tid": 1, "generated": 0, "bbox": {"xmin": 552, "ymin": 302, "ymax": 346, "xmax": 590}}, {"tid": 2, "generated": 0, "bbox": {"xmin": 512, "ymin": 330, "ymax": 373, "xmax": 556}}], [{"tid": 0, "generated": 0, "bbox": {"xmin": 420, "ymin": 233, "ymax": 332, "xmax": 542}}, {"tid": 1, "generated": 0, "bbox": {"xmin": 551, "ymin": 302, "ymax": 348, "xmax": 592}}, {"tid": 2, "generated": 0, "bbox": {"xmin": 519, "ymin": 332, "ymax": 376, "xmax": 552}}], [{"tid": 0, "generated": 0, "bbox": {"xmin": 419, "ymin": 234, "ymax": 337, "xmax": 542}}, {"tid": 1, "generated": 0, "bbox": {"xmin": 549, "ymin": 305, "ymax": 352, "xmax": 595}}, {"tid": 2, "generated": 0, "bbox": {"xmin": 519, "ymin": 332, "ymax": 376, "xmax": 552}}], [{"tid": 0, "generated": 0, "bbox": {"xmin": 420, "ymin": 235, "ymax": 340, "xmax": 540}}, {"tid": 1, "generated": 0, "bbox": {"xmin": 547, "ymin": 303, "ymax": 356, "xmax": 602}}, {"tid": 2, "generated": 0, "bbox": {"xmin": 510, "ymin": 339, "ymax": 378, "xmax": 554}}], [{"tid": 0, "generated": 0, "bbox": {"xmin": 421, "ymin": 236, "ymax": 343, "xmax": 538}}, {"tid": 1, "generated": 0, "bbox": {"xmin": 545, "ymin": 302, "ymax": 360, "xmax": 609}}, {"tid": 2, "generated": 0, "bbox": {"xmin": 512, "ymin": 339, "ymax": 376, "xmax": 552}}], [{"tid": 0, "generated": 0, "bbox": {"xmin": 419, "ymin": 236, "ymax": 341, "xmax": 538}}, {"tid": 1, "generated": 0, "bbox": {"xmin": 545, "ymin": 309, "ymax": 364, "xmax": 606}}, {"tid": 2, "generated": 0, "bbox": {"xmin": 506, "ymin": 332, "ymax": 373, "xmax": 565}}], [{"tid": 0, "generated": 0, "bbox": {"xmin": 419, "ymin": 234, "ymax": 346, "xmax": 535}}, {"tid": 1, "generated": 0, "bbox": {"xmin": 545, "ymin": 321, "ymax": 362, "xmax": 597}}, {"tid": 2, "generated": 0, "bbox": {"xmin": 506, "ymin": 332, "ymax": 380, "xmax": 565}}], [{"tid": 0, "generated": 0, "bbox": {"xmin": 420, "ymin": 236, "ymax": 348, "xmax": 534}}, {"tid": 1, "generated": 0, "bbox": {"xmin": 545, "ymin": 322, "ymax": 363, "xmax": 603}}, {"tid": 2, "generated": 0, "bbox": {"xmin": 506, "ymin": 332, "ymax": 375, "xmax": 565}}], [{"tid": 0, "generated": 0, "bbox": {"xmin": 421, "ymin": 238, "ymax": 350, "xmax": 533}}, {"tid": 1, "generated": 0, "bbox": {"xmin": 545, "ymin": 323, "ymax": 364, "xmax": 609}}, {"tid": 2, "generated": 0, "bbox": {"xmin": 503, "ymin": 337, "ymax": 378, "xmax": 560}}], [{"tid": 0, "generated": 0, "bbox": {"xmin": 423, "ymin": 239, "ymax": 351, "xmax": 534}}, {"tid": 1, "generated": 0, "bbox": {"xmin": 545, "ymin": 325, "ymax": 367, "xmax": 602}}, {"tid": 2, "generated": 0, "bbox": {"xmin": 503, "ymin": 344, "ymax": 380, "xmax": 563}}], [{"tid": 0, "generated": 0, "bbox": {"xmin": 426, "ymin": 241, "ymax": 352, "xmax": 535}}, {"tid": 1, "generated": 0, "bbox": {"xmin": 545, "ymin": 327, "ymax": 371, "xmax": 595}}, {"tid": 2, "generated": 0, "bbox": {"xmin": 506, "ymin": 343, "ymax": 385, "xmax": 570}}], [{"tid": 0, "generated": 0, "bbox": {"xmin": 430, "ymin": 243, "ymax": 355, "xmax": 533}}, {"tid": 1, "generated": 0, "bbox": {"xmin": 542, "ymin": 328, "ymax": 376, "xmax": 595}}, {"tid": 2, "generated": 0, "bbox": {"xmin": 504, "ymin": 343, "ymax": 392, "xmax": 563}}], [{"tid": 0, "generated": 0, "bbox": {"xmin": 432, "ymin": 245, "ymax": 355, "xmax": 533}}, {"tid": 1, "generated": 0, "bbox": {"xmin": 551, "ymin": 328, "ymax": 378, "xmax": 604}}, {"tid": 2, "generated": 0, "bbox": {"xmin": 508, "ymin": 352, "ymax": 392, "xmax": 554}}], [{"tid": 0, "generated": 0, "bbox": {"xmin": 435, "ymin": 247, "ymax": 357, "xmax": 536}}, {"tid": 1, "generated": 0, "bbox": {"xmin": 544, "ymin": 327, "ymax": 385, "xmax": 604}}, {"tid": 2, "generated": 0, "bbox": {"xmin": 513, "ymin": 355, "ymax": 398, "xmax": 552}}], [{"tid": 0, "generated": 0, "bbox": {"xmin": 439, "ymin": 250, "ymax": 366, "xmax": 536}}, {"tid": 1, "generated": 0, "bbox": {"xmin": 551, "ymin": 325, "ymax": 385, "xmax": 613}}, {"tid": 2, "generated": 0, "bbox": {"xmin": 513, "ymin": 355, "ymax": 396, "xmax": 567}}], [{"tid": 0, "generated": 0, "bbox": {"xmin": 440, "ymin": 250, "ymax": 359, "xmax": 538}}, {"tid": 1, "generated": 0, "bbox": {"xmin": 554, "ymin": 325, "ymax": 385, "xmax": 618}}, {"tid": 2, "generated": 0, "bbox": {"xmin": 506, "ymin": 348, "ymax": 392, "xmax": 581}}], [{"tid": 0, "generated": 0, "bbox": {"xmin": 437, "ymin": 256, "ymax": 362, "xmax": 542}}, {"tid": 1, "generated": 0, "bbox": {"xmin": 558, "ymin": 339, "ymax": 387, "xmax": 625}}, {"tid": 2, "generated": 0, "bbox": {"xmin": 501, "ymin": 352, "ymax": 392, "xmax": 588}}], [{"tid": 0, "generated": 0, "bbox": {"xmin": 442, "ymin": 256, "ymax": 371, "xmax": 542}}, {"tid": 1, "generated": 0, "bbox": {"xmin": 563, "ymin": 339, "ymax": 389, "xmax": 636}}, {"tid": 2, "generated": 0, "bbox": {"xmin": 504, "ymin": 355, "ymax": 403, "xmax": 595}}], [{"tid": 0, "generated": 0, "bbox": {"xmin": 448, "ymin": 261, "ymax": 384, "xmax": 549}}, {"tid": 1, "generated": 0, "bbox": {"xmin": 567, "ymin": 339, "ymax": 391, "xmax": 647}}, {"tid": 2, "generated": 0, "bbox": {"xmin": 504, "ymin": 355, "ymax": 400, "xmax": 600}}], [{"tid": 0, "generated": 0, "bbox": {"xmin": 456, "ymin": 261, "ymax": 391, "xmax": 552}}, {"tid": 1, "generated": 0, "bbox": {"xmin": 593, "ymin": 339, "ymax": 392, "xmax": 659}}, {"tid": 2, "generated": 0, "bbox": {"xmin": 510, "ymin": 353, "ymax": 403, "xmax": 593}}], [{"tid": 0, "generated": 0, "bbox": {"xmin": 461, "ymin": 262, "ymax": 397, "xmax": 555}}, {"tid": 1, "generated": 0, "bbox": {"xmin": 593, "ymin": 353, "ymax": 396, "xmax": 672}}, {"tid": 2, "generated": 0, "bbox": {"xmin": 515, "ymin": 357, "ymax": 430, "xmax": 600}}], [{"tid": 0, "generated": 0, "bbox": {"xmin": 467, "ymin": 263, "ymax": 403, "xmax": 558}}, {"tid": 1, "generated": 0, "bbox": {"xmin": 609, "ymin": 357, "ymax": 407, "xmax": 675}}, {"tid": 2, "generated": 0, "bbox": {"xmin": 513, "ymin": 357, "ymax": 423, "xmax": 609}}], [{"tid": 0, "generated": 0, "bbox": {"xmin": 474, "ymin": 263, "ymax": 414, "xmax": 561}}, {"tid": 1, "generated": 0, "bbox": {"xmin": 599, "ymin": 357, "ymax": 416, "xmax": 704}}, {"tid": 2, "generated": 0, "bbox": {"xmin": 522, "ymin": 362, "ymax": 433, "xmax": 622}}], [{"tid": 0, "generated": 0, "bbox": {"xmin": 481, "ymin": 264, "ymax": 417, "xmax": 567}}, {"tid": 1, "generated": 0, "bbox": {"xmin": 586, "ymin": 343, "ymax": 403, "xmax": 723}}, {"tid": 2, "generated": 0, "bbox": {"xmin": 522, "ymin": 364, "ymax": 433, "xmax": 631}}], [{"tid": 0, "generated": 0, "bbox": {"xmin": 487, "ymin": 266, "ymax": 419, "xmax": 574}}, {"tid": 1, "generated": 0, "bbox": {"xmin": 588, "ymin": 341, "ymax": 407, "xmax": 732}}, {"tid": 2, "generated": 0, "bbox": {"xmin": 520, "ymin": 373, "ymax": 439, "xmax": 643}}], [{"tid": 0, "generated": 0, "bbox": {"xmin": 488, "ymin": 270, "ymax": 423, "xmax": 579}}, {"tid": 1, "generated": 0, "bbox": {"xmin": 597, "ymin": 343, "ymax": 409, "xmax": 722}}, {"tid": 2, "generated": 0, "bbox": {"xmin": 540, "ymin": 375, "ymax": 437, "xmax": 666}}], [{"tid": 0, "generated": 0, "bbox": {"xmin": 490, "ymin": 273, "ymax": 423, "xmax": 586}}, {"tid": 1, "generated": 0, "bbox": {"xmin": 606, "ymin": 346, "ymax": 412, "xmax": 712}}, {"tid": 2, "generated": 0, "bbox": {"xmin": 540, "ymin": 371, "ymax": 446, "xmax": 650}}], [{"tid": 0, "generated": 0, "bbox": {"xmin": 492, "ymin": 277, "ymax": 428, "xmax": 588}}, {"tid": 1, "generated": 0, "bbox": {"xmin": 611, "ymin": 349, "ymax": 416, "xmax": 716}}, {"tid": 2, "generated": 0, "bbox": {"xmin": 554, "ymin": 368, "ymax": 423, "xmax": 650}}], [{"tid": 0, "generated": 0, "bbox": {"xmin": 494, "ymin": 289, "ymax": 430, "xmax": 597}}, {"tid": 1, "generated": 0, "bbox": {"xmin": 616, "ymin": 353, "ymax": 421, "xmax": 721}}, {"tid": 2, "generated": 0, "bbox": {"xmin": 568, "ymin": 366, "ymax": 442, "xmax": 657}}], [{"tid": 0, "generated": 0, "bbox": {"xmin": 498, "ymin": 292, "ymax": 431, "xmax": 606}}, {"tid": 1, "generated": 0, "bbox": {"xmin": 627, "ymin": 350, "ymax": 424, "xmax": 739}}, {"tid": 2, "generated": 0, "bbox": {"xmin": 567, "ymin": 373, "ymax": 440, "xmax": 684}}], [{"tid": 0, "generated": 0, "bbox": {"xmin": 503, "ymin": 296, "ymax": 432, "xmax": 616}}, {"tid": 1, "generated": 0, "bbox": {"xmin": 638, "ymin": 360, "ymax": 442, "xmax": 739}}, {"tid": 2, "generated": 0, "bbox": {"xmin": 572, "ymin": 373, "ymax": 448, "xmax": 691}}], [{"tid": 0, "generated": 0, "bbox": {"xmin": 504, "ymin": 296, "ymax": 433, "xmax": 627}}, {"tid": 1, "generated": 0, "bbox": {"xmin": 657, "ymin": 364, "ymax": 442, "xmax": 744}}, {"tid": 2, "generated": 0, "bbox": {"xmin": 574, "ymin": 375, "ymax": 446, "xmax": 688}}], [{"tid": 0, "generated": 0, "bbox": {"xmin": 506, "ymin": 295, "ymax": 435, "xmax": 638}}, {"tid": 1, "generated": 0, "bbox": {"xmin": 672, "ymin": 380, "ymax": 451, "xmax": 744}}, {"tid": 2, "generated": 0, "bbox": {"xmin": 583, "ymin": 375, "ymax": 437, "xmax": 677}}], [{"tid": 0, "generated": 0, "bbox": {"xmin": 508, "ymin": 298, "ymax": 435, "xmax": 648}}, {"tid": 1, "generated": 0, "bbox": {"xmin": 675, "ymin": 380, "ymax": 444, "xmax": 746}}, {"tid": 2, "generated": 0, "bbox": {"xmin": 584, "ymin": 373, "ymax": 446, "xmax": 700}}], [{"tid": 0, "generated": 0, "bbox": {"xmin": 510, "ymin": 304, "ymax": 439, "xmax": 661}}, {"tid": 1, "generated": 0, "bbox": {"xmin": 688, "ymin": 375, "ymax": 449, "xmax": 757}}, {"tid": 2, "generated": 0, "bbox": {"xmin": 586, "ymin": 389, "ymax": 449, "xmax": 709}}], [{"tid": 0, "generated": 0, "bbox": {"xmin": 517, "ymin": 304, "ymax": 435, "xmax": 673}}, {"tid": 1, "generated": 0, "bbox": {"xmin": 705, "ymin": 371, "ymax": 451, "xmax": 771}}, {"tid": 2, "generated": 0, "bbox": {"xmin": 577, "ymin": 394, "ymax": 460, "xmax": 702}}], [{"tid": 0, "generated": 0, "bbox": {"xmin": 526, "ymin": 304, "ymax": 428, "xmax": 679}}, {"tid": 1, "generated": 0, "bbox": {"xmin": 707, "ymin": 373, "ymax": 449, "xmax": 792}}, {"tid": 2, "generated": 0, "bbox": {"xmin": 576, "ymin": 396, "ymax": 459, "xmax": 696}}], [{"tid": 0, "generated": 0, "bbox": {"xmin": 533, "ymin": 298, "ymax": 424, "xmax": 684}}, {"tid": 1, "generated": 0, "bbox": {"xmin": 709, "ymin": 376, "ymax": 453, "xmax": 807}}, {"tid": 2, "generated": 0, "bbox": {"xmin": 576, "ymin": 398, "ymax": 458, "xmax": 690}}], [{"tid": 0, "generated": 0, "bbox": {"xmin": 544, "ymin": 298, "ymax": 435, "xmax": 691}}, {"tid": 1, "generated": 0, "bbox": {"xmin": 723, "ymin": 380, "ymax": 458, "xmax": 823}}, {"tid": 2, "generated": 0, "bbox": {"xmin": 576, "ymin": 400, "ymax": 457, "xmax": 684}}], [], [], [], [], [], [], [], [], [], [], [], [], [], [], [], [], [], [], [], [], [], [], [], [], [], [], [], [], [], [], [{"tid": 0, "generated": 0, "bbox": {"xmin": 501, "ymin": 325, "ymax": 456, "xmax": 727}}, {"tid": 1, "generated": 0, "bbox": {"xmin": 999, "ymin": 371, "ymax": 471, "xmax": 1107}}], [{"tid": 0, "generated": 0, "bbox": {"xmin": 496, "ymin": 325, "ymax": 452, "xmax": 727}}, {"tid": 1, "generated": 0, "bbox": {"xmin": 984, "ymin": 385, "ymax": 465, "xmax": 1107}}], [{"tid": 0, "generated": 0, "bbox": {"xmin": 492, "ymin": 325, "ymax": 449, "xmax": 728}}, {"tid": 1, "generated": 0, "bbox": {"xmin": 968, "ymin": 380, "ymax": 458, "xmax": 1114}}], [{"tid": 0, "generated": 0, "bbox": {"xmin": 488, "ymin": 325, "ymax": 452, "xmax": 727}}, {"tid": 1, "generated": 0, "bbox": {"xmin": 954, "ymin": 375, "ymax": 458, "xmax": 1104}}], [{"tid": 0, "generated": 0, "bbox": {"xmin": 484, "ymin": 325, "ymax": 456, "xmax": 727}}, {"tid": 1, "generated": 0, "bbox": {"xmin": 942, "ymin": 369, "ymax": 458, "xmax": 1093}}], [{"tid": 0, "generated": 0, "bbox": {"xmin": 481, "ymin": 325, "ymax": 460, "xmax": 727}}, {"tid": 1, "generated": 0, "bbox": {"xmin": 929, "ymin": 366, "ymax": 453, "xmax": 1075}}], [{"tid": 0, "generated": 0, "bbox": {"xmin": 481, "ymin": 325, "ymax": 456, "xmax": 720}}, {"tid": 1, "generated": 0, "bbox": {"xmin": 913, "ymin": 362, "ymax": 455, "xmax": 1057}}], [{"tid": 0, "generated": 0, "bbox": {"xmin": 482, "ymin": 326, "ymax": 457, "xmax": 717}}, {"tid": 1, "generated": 0, "bbox": {"xmin": 901, "ymin": 357, "ymax": 451, "xmax": 1031}}], [{"tid": 0, "generated": 0, "bbox": {"xmin": 484, "ymin": 327, "ymax": 459, "xmax": 714}}, {"tid": 1, "generated": 0, "bbox": {"xmin": 897, "ymin": 353, "ymax": 449, "xmax": 1008}}], [{"tid": 0, "generated": 0, "bbox": {"xmin": 485, "ymin": 328, "ymax": 460, "xmax": 711}}, {"tid": 1, "generated": 0, "bbox": {"xmin": 874, "ymin": 359, "ymax": 456, "xmax": 997}}], [{"tid": 0, "generated": 0, "bbox": {"xmin": 487, "ymin": 330, "ymax": 462, "xmax": 709}}, {"tid": 1, "generated": 0, "bbox": {"xmin": 858, "ymin": 373, "ymax": 453, "xmax": 988}}], [{"tid": 0, "generated": 0, "bbox": {"xmin": 488, "ymin": 328, "ymax": 460, "xmax": 707}}, {"tid": 1, "generated": 0, "bbox": {"xmin": 855, "ymin": 376, "ymax": 451, "xmax": 974}}], [{"tid": 0, "generated": 0, "bbox": {"xmin": 490, "ymin": 330, "ymax": 458, "xmax": 704}}, {"tid": 1, "generated": 0, "bbox": {"xmin": 848, "ymin": 391, "ymax": 449, "xmax": 965}}], [{"tid": 0, "generated": 0, "bbox": {"xmin": 492, "ymin": 332, "ymax": 464, "xmax": 709}}, {"tid": 1, "generated": 0, "bbox": {"xmin": 832, "ymin": 398, "ymax": 455, "xmax": 963}}], [{"tid": 0, "generated": 0, "bbox": {"xmin": 494, "ymin": 336, "ymax": 464, "xmax": 705}}, {"tid": 1, "generated": 0, "bbox": {"xmin": 817, "ymin": 396, "ymax": 455, "xmax": 963}}], [{"tid": 0, "generated": 0, "bbox": {"xmin": 496, "ymin": 339, "ymax": 456, "xmax": 705}}, {"tid": 1, "generated": 0, "bbox": {"xmin": 803, "ymin": 394, "ymax": 458, "xmax": 954}}], [{"tid": 0, "generated": 0, "bbox": {"xmin": 499, "ymin": 337, "ymax": 464, "xmax": 700}}, {"tid": 1, "generated": 0, "bbox": {"xmin": 794, "ymin": 392, "ymax": 460, "xmax": 940}}], [{"tid": 0, "generated": 0, "bbox": {"xmin": 503, "ymin": 335, "ymax": 460, "xmax": 698}}, {"tid": 1, "generated": 0, "bbox": {"xmin": 789, "ymin": 369, "ymax": 458, "xmax": 915}}], [{"tid": 0, "generated": 0, "bbox": {"xmin": 508, "ymin": 333, "ymax": 456, "xmax": 696}}, {"tid": 1, "generated": 0, "bbox": {"xmin": 784, "ymin": 368, "ymax": 456, "xmax": 887}}], [{"tid": 0, "generated": 0, "bbox": {"xmin": 512, "ymin": 331, "ymax": 452, "xmax": 694}}, {"tid": 1, "generated": 0, "bbox": {"xmin": 773, "ymin": 366, "ymax": 464, "xmax": 871}}], [{"tid": 0, "generated": 0, "bbox": {"xmin": 517, "ymin": 330, "ymax": 448, "xmax": 693}}, {"tid": 1, "generated": 0, "bbox": {"xmin": 768, "ymin": 380, "ymax": 462, "xmax": 860}}], [{"tid": 0, "generated": 0, "bbox": {"xmin": 520, "ymin": 328, "ymax": 444, "xmax": 695}}, {"tid": 1, "generated": 0, "bbox": {"xmin": 760, "ymin": 387, "ymax": 462, "xmax": 853}}], [{"tid": 0, "generated": 0, "bbox": {"xmin": 529, "ymin": 327, "ymax": 446, "xmax": 691}}, {"tid": 1, "generated": 0, "bbox": {"xmin": 750, "ymin": 387, "ymax": 462, "xmax": 844}}], [{"tid": 0, "generated": 0, "bbox": {"xmin": 533, "ymin": 325, "ymax": 448, "xmax": 688}}, {"tid": 1, "generated": 0, "bbox": {"xmin": 743, "ymin": 382, "ymax": 464, "xmax": 846}}], [{"tid": 0, "generated": 0, "bbox": {"xmin": 536, "ymin": 323, "ymax": 442, "xmax": 687}}, {"tid": 1, "generated": 0, "bbox": {"xmin": 737, "ymin": 396, "ymax": 467, "xmax": 849}}], [{"tid": 0, "generated": 0, "bbox": {"xmin": 540, "ymin": 321, "ymax": 437, "xmax": 686}}, {"tid": 1, "generated": 0, "bbox": {"xmin": 728, "ymin": 398, "ymax": 465, "xmax": 851}}], [{"tid": 0, "generated": 0, "bbox": {"xmin": 542, "ymin": 318, "ymax": 437, "xmax": 684}}, {"tid": 1, "generated": 0, "bbox": {"xmin": 725, "ymin": 398, "ymax": 464, "xmax": 839}}], [{"tid": 0, "generated": 0, "bbox": {"xmin": 544, "ymin": 314, "ymax": 444, "xmax": 684}}, {"tid": 1, "generated": 0, "bbox": {"xmin": 721, "ymin": 398, "ymax": 462, "xmax": 824}}], [{"tid": 0, "generated": 0, "bbox": {"xmin": 551, "ymin": 316, "ymax": 442, "xmax": 689}}, {"tid": 1, "generated": 0, "bbox": {"xmin": 718, "ymin": 391, "ymax": 460, "xmax": 810}}], [{"tid": 0, "generated": 0, "bbox": {"xmin": 563, "ymin": 316, "ymax": 442, "xmax": 684}}, {"tid": 1, "generated": 0, "bbox": {"xmin": 714, "ymin": 391, "ymax": 456, "xmax": 807}}], [{"tid": 0, "generated": 0, "bbox": {"xmin": 568, "ymin": 316, "ymax": 439, "xmax": 682}}, {"tid": 1, "generated": 0, "bbox": {"xmin": 712, "ymin": 391, "ymax": 456, "xmax": 803}}], [{"tid": 0, "generated": 0, "bbox": {"xmin": 570, "ymin": 323, "ymax": 437, "xmax": 680}}, {"tid": 1, "generated": 0, "bbox": {"xmin": 711, "ymin": 392, "ymax": 456, "xmax": 800}}], [{"tid": 0, "generated": 0, "bbox": {"xmin": 567, "ymin": 328, "ymax": 442, "xmax": 682}}, {"tid": 1, "generated": 0, "bbox": {"xmin": 709, "ymin": 405, "ymax": 455, "xmax": 805}}], [{"tid": 0, "generated": 0, "bbox": {"xmin": 558, "ymin": 330, "ymax": 437, "xmax": 682}}, {"tid": 1, "generated": 0, "bbox": {"xmin": 707, "ymin": 408, "ymax": 455, "xmax": 807}}], [{"tid": 0, "generated": 0, "bbox": {"xmin": 560, "ymin": 327, "ymax": 437, "xmax": 682}}, {"tid": 1, "generated": 0, "bbox": {"xmin": 711, "ymin": 401, "ymax": 455, "xmax": 810}}], [{"tid": 0, "generated": 0, "bbox": {"xmin": 561, "ymin": 325, "ymax": 442, "xmax": 684}}, {"tid": 1, "generated": 0, "bbox": {"xmin": 707, "ymin": 400, "ymax": 456, "xmax": 805}}], [{"tid": 0, "generated": 0, "bbox": {"xmin": 556, "ymin": 321, "ymax": 430, "xmax": 682}}, {"tid": 1, "generated": 0, "bbox": {"xmin": 704, "ymin": 392, "ymax": 455, "xmax": 791}}], [{"tid": 0, "generated": 0, "bbox": {"xmin": 556, "ymin": 321, "ymax": 435, "xmax": 682}}, {"tid": 1, "generated": 0, "bbox": {"xmin": 705, "ymin": 392, "ymax": 451, "xmax": 780}}], [{"tid": 0, "generated": 0, "bbox": {"xmin": 551, "ymin": 318, "ymax": 436, "xmax": 683}}, {"tid": 1, "generated": 0, "bbox": {"xmin": 704, "ymin": 382, "ymax": 448, "xmax": 780}}], [{"tid": 0, "generated": 0, "bbox": {"xmin": 547, "ymin": 316, "ymax": 437, "xmax": 684}}, {"tid": 1, "generated": 0, "bbox": {"xmin": 700, "ymin": 382, "ymax": 449, "xmax": 794}}], [{"tid": 0, "generated": 0, "bbox": {"xmin": 533, "ymin": 305, "ymax": 440, "xmax": 680}}, {"tid": 1, "generated": 0, "bbox": {"xmin": 696, "ymin": 387, "ymax": 446, "xmax": 789}}], [{"tid": 0, "generated": 0, "bbox": {"xmin": 531, "ymin": 302, "ymax": 444, "xmax": 673}}, {"tid": 1, "generated": 0, "bbox": {"xmin": 702, "ymin": 400, "ymax": 456, "xmax": 771}}], [{"tid": 0, "generated": 0, "bbox": {"xmin": 526, "ymin": 302, "ymax": 442, "xmax": 670}}, {"tid": 1, "generated": 0, "bbox": {"xmin": 695, "ymin": 396, "ymax": 451, "xmax": 762}}], [{"tid": 0, "generated": 0, "bbox": {"xmin": 519, "ymin": 303, "ymax": 440, "xmax": 668}}, {"tid": 1, "generated": 0, "bbox": {"xmin": 689, "ymin": 387, "ymax": 451, "xmax": 757}}], [{"tid": 0, "generated": 0, "bbox": {"xmin": 513, "ymin": 304, "ymax": 439, "xmax": 666}}, {"tid": 1, "generated": 0, "bbox": {"xmin": 688, "ymin": 387, "ymax": 449, "xmax": 755}}], [], [], [], [], [], [], [], [], [], [], [], [], [], [], [], [], [], [], [], [], [], [], [], [], [], [], [], [], [], [], [], [], [], [], [], [], [], [], [], [], [], [], [], [], [], [], [], [], [], [], [], [], [], [], [], [], [], [], [], [], [{"tid": 0, "generated": 0, "bbox": {"xmin": 567, "ymin": 330, "ymax": 421, "xmax": 675}}, {"tid": 1, "generated": 0, "bbox": {"xmin": 716, "ymin": 394, "ymax": 460, "xmax": 785}}, {"tid": 2, "generated": 0, "bbox": {"xmin": 717, "ymin": 463, "ymax": 526, "xmax": 834}}, {"tid": 3, "generated": 0, "bbox": {"xmin": 165, "ymin": 341, "ymax": 398, "xmax": 227}}, {"tid": 4, "generated": 0, "bbox": {"xmin": 97, "ymin": 355, "ymax": 396, "xmax": 152}}], [{"tid": 0, "generated": 0, "bbox": {"xmin": 569, "ymin": 330, "ymax": 423, "xmax": 671}}, {"tid": 1, "generated": 0, "bbox": {"xmin": 710, "ymin": 390, "ymax": 459, "xmax": 781}}, {"tid": 2, "generated": 0, "bbox": {"xmin": 714, "ymin": 464, "ymax": 528, "xmax": 835}}, {"tid": 3, "generated": 0, "bbox": {"xmin": 166, "ymin": 344, "ymax": 399, "xmax": 230}}, {"tid": 4, "generated": 0, "bbox": {"xmin": 105, "ymin": 356, "ymax": 398, "xmax": 166}}], [{"tid": 0, "generated": 0, "bbox": {"xmin": 572, "ymin": 330, "ymax": 426, "xmax": 668}}, {"tid": 1, "generated": 0, "bbox": {"xmin": 705, "ymin": 386, "ymax": 458, "xmax": 777}}, {"tid": 2, "generated": 0, "bbox": {"xmin": 716, "ymin": 463, "ymax": 529, "xmax": 834}}, {"tid": 3, "generated": 0, "bbox": {"xmin": 168, "ymin": 348, "ymax": 400, "xmax": 233}}, {"tid": 4, "generated": 0, "bbox": {"xmin": 113, "ymin": 357, "ymax": 400, "xmax": 181}}], [{"tid": 0, "generated": 0, "bbox": {"xmin": 573, "ymin": 331, "ymax": 426, "xmax": 664}}, {"tid": 1, "generated": 0, "bbox": {"xmin": 700, "ymin": 382, "ymax": 458, "xmax": 773}}, {"tid": 2, "generated": 0, "bbox": {"xmin": 718, "ymin": 462, "ymax": 530, "xmax": 834}}, {"tid": 3, "generated": 0, "bbox": {"xmin": 170, "ymin": 352, "ymax": 401, "xmax": 236}}, {"tid": 4, "generated": 0, "bbox": {"xmin": 114, "ymin": 357, "ymax": 400, "xmax": 180}}], [{"tid": 0, "generated": 0, "bbox": {"xmin": 574, "ymin": 332, "ymax": 427, "xmax": 661}}, {"tid": 1, "generated": 0, "bbox": {"xmin": 695, "ymin": 379, "ymax": 455, "xmax": 768}}, {"tid": 2, "generated": 0, "bbox": {"xmin": 720, "ymin": 461, "ymax": 531, "xmax": 834}}, {"tid": 3, "generated": 0, "bbox": {"xmin": 170, "ymin": 353, "ymax": 401, "xmax": 237}}, {"tid": 4, "generated": 0, "bbox": {"xmin": 115, "ymin": 358, "ymax": 400, "xmax": 179}}], [{"tid": 0, "generated": 0, "bbox": {"xmin": 575, "ymin": 333, "ymax": 428, "xmax": 658}}, {"tid": 1, "generated": 0, "bbox": {"xmin": 690, "ymin": 377, "ymax": 452, "xmax": 763}}, {"tid": 2, "generated": 0, "bbox": {"xmin": 722, "ymin": 460, "ymax": 532, "xmax": 833}}, {"tid": 3, "generated": 0, "bbox": {"xmin": 170, "ymin": 354, "ymax": 402, "xmax": 238}}, {"tid": 4, "generated": 0, "bbox": {"xmin": 116, "ymin": 358, "ymax": 401, "xmax": 179}}], [{"tid": 0, "generated": 0, "bbox": {"xmin": 576, "ymin": 334, "ymax": 428, "xmax": 654}}, {"tid": 1, "generated": 0, "bbox": {"xmin": 685, "ymin": 375, "ymax": 449, "xmax": 759}}, {"tid": 2, "generated": 0, "bbox": {"xmin": 724, "ymin": 459, "ymax": 533, "xmax": 833}}, {"tid": 3, "generated": 0, "bbox": {"xmin": 170, "ymin": 355, "ymax": 402, "xmax": 239}}, {"tid": 4, "generated": 0, "bbox": {"xmin": 117, "ymin": 359, "ymax": 401, "xmax": 178}}], [{"tid": 0, "generated": 0, "bbox": {"xmin": 577, "ymin": 335, "ymax": 429, "xmax": 651}}, {"tid": 1, "generated": 0, "bbox": {"xmin": 680, "ymin": 373, "ymax": 446, "xmax": 754}}, {"tid": 2, "generated": 0, "bbox": {"xmin": 726, "ymin": 458, "ymax": 534, "xmax": 833}}, {"tid": 3, "generated": 0, "bbox": {"xmin": 170, "ymin": 356, "ymax": 403, "xmax": 240}}, {"tid": 4, "generated": 0, "bbox": {"xmin": 118, "ymin": 360, "ymax": 401, "xmax": 177}}], [{"tid": 0, "generated": 0, "bbox": {"xmin": 579, "ymin": 337, "ymax": 430, "xmax": 648}}, {"tid": 1, "generated": 0, "bbox": {"xmin": 675, "ymin": 371, "ymax": 444, "xmax": 750}}, {"tid": 2, "generated": 0, "bbox": {"xmin": 728, "ymin": 458, "ymax": 535, "xmax": 833}}, {"tid": 3, "generated": 0, "bbox": {"xmin": 170, "ymin": 357, "ymax": 403, "xmax": 241}}, {"tid": 4, "generated": 0, "bbox": {"xmin": 119, "ymin": 360, "ymax": 402, "xmax": 177}}], [{"tid": 0, "generated": 0, "bbox": {"xmin": 573, "ymin": 340, "ymax": 433, "xmax": 646}}, {"tid": 1, "generated": 0, "bbox": {"xmin": 673, "ymin": 375, "ymax": 455, "xmax": 743}}, {"tid": 2, "generated": 0, "bbox": {"xmin": 735, "ymin": 457, "ymax": 533, "xmax": 837}}, {"tid": 3, "generated": 0, "bbox": {"xmin": 170, "ymin": 358, "ymax": 404, "xmax": 242}}, {"tid": 4, "generated": 0, "bbox": {"xmin": 120, "ymin": 361, "ymax": 402, "xmax": 176}}], [{"tid": 0, "generated": 0, "bbox": {"xmin": 567, "ymin": 344, "ymax": 437, "xmax": 645}}, {"tid": 1, "generated": 0, "bbox": {"xmin": 672, "ymin": 380, "ymax": 467, "xmax": 737}}, {"tid": 2, "generated": 0, "bbox": {"xmin": 743, "ymin": 456, "ymax": 531, "xmax": 842}}, {"tid": 3, "generated": 0, "bbox": {"xmin": 170, "ymin": 359, "ymax": 405, "xmax": 243}}, {"tid": 4, "generated": 0, "bbox": {"xmin": 122, "ymin": 362, "ymax": 403, "xmax": 176}}], [{"tid": 0, "generated": 0, "bbox": {"xmin": 561, "ymin": 344, "ymax": 437, "xmax": 645}}, {"tid": 1, "generated": 0, "bbox": {"xmin": 664, "ymin": 383, "ymax": 463, "xmax": 727}}, {"tid": 2, "generated": 0, "bbox": {"xmin": 744, "ymin": 452, "ymax": 532, "xmax": 841}}, {"tid": 3, "generated": 0, "bbox": {"xmin": 170, "ymin": 360, "ymax": 405, "xmax": 244}}, {"tid": 4, "generated": 0, "bbox": {"xmin": 124, "ymin": 363, "ymax": 404, "xmax": 176}}], [{"tid": 0, "generated": 0, "bbox": {"xmin": 555, "ymin": 344, "ymax": 437, "xmax": 645}}, {"tid": 1, "generated": 0, "bbox": {"xmin": 656, "ymin": 386, "ymax": 460, "xmax": 717}}, {"tid": 2, "generated": 0, "bbox": {"xmin": 745, "ymin": 449, "ymax": 533, "xmax": 840}}, {"tid": 3, "generated": 0, "bbox": {"xmin": 171, "ymin": 362, "ymax": 406, "xmax": 245}}, {"tid": 4, "generated": 0, "bbox": {"xmin": 126, "ymin": 364, "ymax": 405, "xmax": 176}}], [{"tid": 0, "generated": 0, "bbox": {"xmin": 549, "ymin": 345, "ymax": 437, "xmax": 646}}, {"tid": 1, "generated": 0, "bbox": {"xmin": 649, "ymin": 389, "ymax": 457, "xmax": 708}}, {"tid": 2, "generated": 0, "bbox": {"xmin": 746, "ymin": 446, "ymax": 535, "xmax": 839}}, {"tid": 3, "generated": 0, "bbox": {"xmin": 172, "ymin": 364, "ymax": 407, "xmax": 247}}, {"tid": 4, "generated": 0, "bbox": {"xmin": 126, "ymin": 365, "ymax": 406, "xmax": 176}}], [{"tid": 0, "generated": 0, "bbox": {"xmin": 543, "ymin": 345, "ymax": 437, "xmax": 646}}, {"tid": 1, "generated": 0, "bbox": {"xmin": 641, "ymin": 392, "ymax": 454, "xmax": 698}}, {"tid": 2, "generated": 0, "bbox": {"xmin": 747, "ymin": 443, "ymax": 536, "xmax": 838}}, {"tid": 3, "generated": 0, "bbox": {"xmin": 173, "ymin": 364, "ymax": 408, "xmax": 244}}, {"tid": 4, "generated": 0, "bbox": {"xmin": 126, "ymin": 367, "ymax": 408, "xmax": 176}}], [{"tid": 0, "generated": 0, "bbox": {"xmin": 538, "ymin": 346, "ymax": 437, "xmax": 647}}, {"tid": 1, "generated": 0, "bbox": {"xmin": 634, "ymin": 396, "ymax": 451, "xmax": 689}}, {"tid": 2, "generated": 0, "bbox": {"xmin": 748, "ymin": 440, "ymax": 538, "xmax": 837}}, {"tid": 3, "generated": 0, "bbox": {"xmin": 175, "ymin": 365, "ymax": 409, "xmax": 242}}, {"tid": 4, "generated": 0, "bbox": {"xmin": 127, "ymin": 368, "ymax": 409, "xmax": 177}}], [{"tid": 0, "generated": 0, "bbox": {"xmin": 530, "ymin": 345, "ymax": 435, "xmax": 645}}, {"tid": 1, "generated": 0, "bbox": {"xmin": 628, "ymin": 395, "ymax": 450, "xmax": 689}}, {"tid": 2, "generated": 0, "bbox": {"xmin": 748, "ymin": 442, "ymax": 537, "xmax": 835}}, {"tid": 3, "generated": 0, "bbox": {"xmin": 176, "ymin": 365, "ymax": 411, "xmax": 240}}, {"tid": 4, "generated": 0, "bbox": {"xmin": 127, "ymin": 370, "ymax": 411, "xmax": 177}}], [{"tid": 0, "generated": 0, "bbox": {"xmin": 522, "ymin": 344, "ymax": 434, "xmax": 643}}, {"tid": 1, "generated": 0, "bbox": {"xmin": 622, "ymin": 394, "ymax": 449, "xmax": 689}}, {"tid": 2, "generated": 0, "bbox": {"xmin": 748, "ymin": 445, "ymax": 536, "xmax": 833}}, {"tid": 3, "generated": 0, "bbox": {"xmin": 178, "ymin": 366, "ymax": 412, "xmax": 238}}, {"tid": 4, "generated": 0, "bbox": {"xmin": 127, "ymin": 371, "ymax": 412, "xmax": 177}}], [{"tid": 0, "generated": 0, "bbox": {"xmin": 515, "ymin": 344, "ymax": 433, "xmax": 641}}, {"tid": 1, "generated": 0, "bbox": {"xmin": 616, "ymin": 394, "ymax": 449, "xmax": 689}}, {"tid": 2, "generated": 0, "bbox": {"xmin": 748, "ymin": 448, "ymax": 535, "xmax": 832}}, {"tid": 3, "generated": 0, "bbox": {"xmin": 179, "ymin": 366, "ymax": 414, "xmax": 236}}, {"tid": 4, "generated": 0, "bbox": {"xmin": 128, "ymin": 373, "ymax": 414, "xmax": 178}}], [{"tid": 0, "generated": 0, "bbox": {"xmin": 513, "ymin": 346, "ymax": 438, "xmax": 639}}, {"tid": 1, "generated": 0, "bbox": {"xmin": 627, "ymin": 389, "ymax": 453, "xmax": 690}}, {"tid": 2, "generated": 0, "bbox": {"xmin": 753, "ymin": 448, "ymax": 538, "xmax": 832}}, {"tid": 3, "generated": 0, "bbox": {"xmin": 181, "ymin": 367, "ymax": 415, "xmax": 234}}, {"tid": 4, "generated": 0, "bbox": {"xmin": 128, "ymin": 374, "ymax": 415, "xmax": 178}}], [{"tid": 0, "generated": 0, "bbox": {"xmin": 512, "ymin": 348, "ymax": 444, "xmax": 638}}, {"tid": 1, "generated": 0, "bbox": {"xmin": 638, "ymin": 384, "ymax": 458, "xmax": 691}}, {"tid": 2, "generated": 0, "bbox": {"xmin": 759, "ymin": 448, "ymax": 542, "xmax": 833}}, {"tid": 3, "generated": 0, "bbox": {"xmin": 183, "ymin": 368, "ymax": 417, "xmax": 232}}, {"tid": 4, "generated": 0, "bbox": {"xmin": 129, "ymin": 376, "ymax": 417, "xmax": 179}}], [{"tid": 0, "generated": 0, "bbox": {"xmin": 508, "ymin": 350, "ymax": 442, "xmax": 636}}, {"tid": 1, "generated": 0, "bbox": {"xmin": 633, "ymin": 387, "ymax": 457, "xmax": 692}}, {"tid": 2, "generated": 0, "bbox": {"xmin": 758, "ymin": 449, "ymax": 542, "xmax": 833}}, {"tid": 3, "generated": 0, "bbox": {"xmin": 179, "ymin": 371, "ymax": 417, "xmax": 232}}, {"tid": 4, "generated": 0, "bbox": {"xmin": 130, "ymin": 378, "ymax": 419, "xmax": 180}}], [{"tid": 0, "generated": 0, "bbox": {"xmin": 504, "ymin": 352, "ymax": 440, "xmax": 634}}, {"tid": 1, "generated": 0, "bbox": {"xmin": 628, "ymin": 391, "ymax": 457, "xmax": 693}}, {"tid": 2, "generated": 0, "bbox": {"xmin": 757, "ymin": 450, "ymax": 542, "xmax": 833}}, {"tid": 3, "generated": 0, "bbox": {"xmin": 175, "ymin": 374, "ymax": 418, "xmax": 232}}, {"tid": 4, "generated": 0, "bbox": {"xmin": 131, "ymin": 380, "ymax": 421, "xmax": 181}}], [{"tid": 0, "generated": 0, "bbox": {"xmin": 502, "ymin": 353, "ymax": 441, "xmax": 633}}, {"tid": 1, "generated": 0, "bbox": {"xmin": 623, "ymin": 395, "ymax": 456, "xmax": 695}}, {"tid": 2, "generated": 0, "bbox": {"xmin": 756, "ymin": 451, "ymax": 543, "xmax": 833}}, {"tid": 3, "generated": 0, "bbox": {"xmin": 172, "ymin": 378, "ymax": 419, "xmax": 232}}, {"tid": 4, "generated": 0, "bbox": {"xmin": 131, "ymin": 380, "ymax": 421, "xmax": 181}}], [{"tid": 0, "generated": 0, "bbox": {"xmin": 501, "ymin": 354, "ymax": 442, "xmax": 632}}, {"tid": 1, "generated": 0, "bbox": {"xmin": 618, "ymin": 399, "ymax": 456, "xmax": 696}}, {"tid": 2, "generated": 0, "bbox": {"xmin": 755, "ymin": 453, "ymax": 543, "xmax": 834}}, {"tid": 3, "generated": 0, "bbox": {"xmin": 172, "ymin": 379, "ymax": 420, "xmax": 230}}, {"tid": 4, "generated": 0, "bbox": {"xmin": 132, "ymin": 381, "ymax": 422, "xmax": 182}}], [{"tid": 0, "generated": 0, "bbox": {"xmin": 500, "ymin": 356, "ymax": 444, "xmax": 631}}, {"tid": 1, "generated": 0, "bbox": {"xmin": 613, "ymin": 403, "ymax": 456, "xmax": 698}}, {"tid": 2, "generated": 0, "bbox": {"xmin": 754, "ymin": 454, "ymax": 543, "xmax": 834}}, {"tid": 3, "generated": 0, "bbox": {"xmin": 172, "ymin": 380, "ymax": 421, "xmax": 228}}, {"tid": 4, "generated": 0, "bbox": {"xmin": 132, "ymin": 382, "ymax": 423, "xmax": 182}}], [{"tid": 0, "generated": 0, "bbox": {"xmin": 498, "ymin": 357, "ymax": 445, "xmax": 630}}, {"tid": 1, "generated": 0, "bbox": {"xmin": 613, "ymin": 404, "ymax": 457, "xmax": 700}}, {"tid": 2, "generated": 0, "bbox": {"xmin": 753, "ymin": 455, "ymax": 544, "xmax": 834}}, {"tid": 3, "generated": 0, "bbox": {"xmin": 172, "ymin": 381, "ymax": 422, "xmax": 226}}, {"tid": 4, "generated": 0, "bbox": {"xmin": 133, "ymin": 383, "ymax": 424, "xmax": 183}}], [{"tid": 0, "generated": 0, "bbox": {"xmin": 497, "ymin": 358, "ymax": 446, "xmax": 629}}, {"tid": 1, "generated": 0, "bbox": {"xmin": 613, "ymin": 405, "ymax": 458, "xmax": 702}}, {"tid": 2, "generated": 0, "bbox": {"xmin": 752, "ymin": 456, "ymax": 544, "xmax": 834}}, {"tid": 3, "generated": 0, "bbox": {"xmin": 172, "ymin": 382, "ymax": 423, "xmax": 224}}, {"tid": 4, "generated": 0, "bbox": {"xmin": 134, "ymin": 384, "ymax": 425, "xmax": 184}}], [{"tid": 0, "generated": 0, "bbox": {"xmin": 496, "ymin": 360, "ymax": 448, "xmax": 629}}, {"tid": 1, "generated": 0, "bbox": {"xmin": 613, "ymin": 407, "ymax": 460, "xmax": 704}}, {"tid": 2, "generated": 0, "bbox": {"xmin": 752, "ymin": 458, "ymax": 545, "xmax": 835}}, {"tid": 3, "generated": 0, "bbox": {"xmin": 172, "ymin": 383, "ymax": 424, "xmax": 222}}, {"tid": 4, "generated": 0, "bbox": {"xmin": 134, "ymin": 385, "ymax": 426, "xmax": 184}}], [{"tid": 0, "generated": 0, "bbox": {"xmin": 493, "ymin": 360, "ymax": 449, "xmax": 628}}, {"tid": 1, "generated": 0, "bbox": {"xmin": 606, "ymin": 407, "ymax": 460, "xmax": 730}}, {"tid": 2, "generated": 0, "bbox": {"xmin": 753, "ymin": 458, "ymax": 545, "xmax": 834}}, {"tid": 3, "generated": 0, "bbox": {"xmin": 172, "ymin": 384, "ymax": 425, "xmax": 220}}, {"tid": 4, "generated": 0, "bbox": {"xmin": 135, "ymin": 386, "ymax": 427, "xmax": 185}}], [], [], [], [], [], [], [], [], [], [], [], [], [], [], [], [{"tid": 0, "generated": 0, "bbox": {"xmin": 451, "ymin": 371, "ymax": 462, "xmax": 625}}, {"tid": 1, "generated": 0, "bbox": {"xmin": 668, "ymin": 418, "ymax": 495, "xmax": 753}}, {"tid": 2, "generated": 0, "bbox": {"xmin": 771, "ymin": 469, "ymax": 554, "xmax": 839}}, {"tid": 4, "generated": 0, "bbox": {"xmin": 154, "ymin": 401, "ymax": 444, "xmax": 218}}], [{"tid": 0, "generated": 0, "bbox": {"xmin": 447, "ymin": 371, "ymax": 461, "xmax": 624}}, {"tid": 1, "generated": 0, "bbox": {"xmin": 673, "ymin": 416, "ymax": 496, "xmax": 753}}, {"tid": 2, "generated": 0, "bbox": {"xmin": 772, "ymin": 470, "ymax": 555, "xmax": 839}}, {"tid": 4, "generated": 0, "bbox": {"xmin": 154, "ymin": 401, "ymax": 444, "xmax": 223}}], [{"tid": 0, "generated": 0, "bbox": {"xmin": 443, "ymin": 371, "ymax": 460, "xmax": 623}}, {"tid": 1, "generated": 0, "bbox": {"xmin": 676, "ymin": 424, "ymax": 492, "xmax": 754}}, {"tid": 2, "generated": 0, "bbox": {"xmin": 772, "ymin": 470, "ymax": 555, "xmax": 839}}, {"tid": 4, "generated": 0, "bbox": {"xmin": 154, "ymin": 401, "ymax": 444, "xmax": 228}}], [{"tid": 0, "generated": 0, "bbox": {"xmin": 440, "ymin": 371, "ymax": 460, "xmax": 622}}, {"tid": 1, "generated": 0, "bbox": {"xmin": 680, "ymin": 432, "ymax": 488, "xmax": 755}}, {"tid": 2, "generated": 0, "bbox": {"xmin": 773, "ymin": 471, "ymax": 556, "xmax": 840}}, {"tid": 4, "generated": 0, "bbox": {"xmin": 155, "ymin": 401, "ymax": 445, "xmax": 234}}], [{"tid": 0, "generated": 0, "bbox": {"xmin": 441, "ymin": 371, "ymax": 460, "xmax": 622}}, {"tid": 1, "generated": 0, "bbox": {"xmin": 682, "ymin": 434, "ymax": 491, "xmax": 759}}, {"tid": 2, "generated": 0, "bbox": {"xmin": 773, "ymin": 471, "ymax": 556, "xmax": 840}}, {"tid": 4, "generated": 0, "bbox": {"xmin": 155, "ymin": 401, "ymax": 445, "xmax": 239}}], [{"tid": 0, "generated": 0, "bbox": {"xmin": 443, "ymin": 372, "ymax": 461, "xmax": 623}}, {"tid": 1, "generated": 0, "bbox": {"xmin": 685, "ymin": 436, "ymax": 495, "xmax": 763}}, {"tid": 2, "generated": 0, "bbox": {"xmin": 774, "ymin": 471, "ymax": 556, "xmax": 841}}, {"tid": 4, "generated": 0, "bbox": {"xmin": 156, "ymin": 401, "ymax": 446, "xmax": 245}}], [{"tid": 0, "generated": 0, "bbox": {"xmin": 445, "ymin": 372, "ymax": 462, "xmax": 624}}, {"tid": 1, "generated": 0, "bbox": {"xmin": 688, "ymin": 438, "ymax": 499, "xmax": 767}}, {"tid": 2, "generated": 0, "bbox": {"xmin": 775, "ymin": 471, "ymax": 556, "xmax": 842}}, {"tid": 4, "generated": 0, "bbox": {"xmin": 156, "ymin": 400, "ymax": 442, "xmax": 238}}], [{"tid": 0, "generated": 0, "bbox": {"xmin": 447, "ymin": 373, "ymax": 463, "xmax": 624}}, {"tid": 1, "generated": 0, "bbox": {"xmin": 691, "ymin": 440, "ymax": 503, "xmax": 771}}, {"tid": 2, "generated": 0, "bbox": {"xmin": 775, "ymin": 471, "ymax": 556, "xmax": 843}}, {"tid": 4, "generated": 0, "bbox": {"xmin": 156, "ymin": 400, "ymax": 439, "xmax": 232}}], [{"tid": 0, "generated": 0, "bbox": {"xmin": 449, "ymin": 373, "ymax": 464, "xmax": 625}}, {"tid": 1, "generated": 0, "bbox": {"xmin": 694, "ymin": 438, "ymax": 505, "xmax": 776}}, {"tid": 2, "generated": 0, "bbox": {"xmin": 776, "ymin": 471, "ymax": 557, "xmax": 844}}, {"tid": 4, "generated": 0, "bbox": {"xmin": 157, "ymin": 400, "ymax": 440, "xmax": 235}}], [{"tid": 0, "generated": 0, "bbox": {"xmin": 451, "ymin": 374, "ymax": 465, "xmax": 626}}, {"tid": 1, "generated": 0, "bbox": {"xmin": 697, "ymin": 436, "ymax": 507, "xmax": 781}}, {"tid": 2, "generated": 0, "bbox": {"xmin": 777, "ymin": 471, "ymax": 557, "xmax": 844}}, {"tid": 4, "generated": 0, "bbox": {"xmin": 159, "ymin": 401, "ymax": 442, "xmax": 239}}], [{"tid": 0, "generated": 0, "bbox": {"xmin": 453, "ymin": 375, "ymax": 466, "xmax": 627}}, {"tid": 1, "generated": 0, "bbox": {"xmin": 701, "ymin": 434, "ymax": 510, "xmax": 786}}, {"tid": 2, "generated": 0, "bbox": {"xmin": 777, "ymin": 471, "ymax": 557, "xmax": 845}}, {"tid": 4, "generated": 0, "bbox": {"xmin": 161, "ymin": 402, "ymax": 443, "xmax": 243}}], [{"tid": 0, "generated": 0, "bbox": {"xmin": 454, "ymin": 375, "ymax": 467, "xmax": 627}}, {"tid": 1, "generated": 0, "bbox": {"xmin": 704, "ymin": 432, "ymax": 512, "xmax": 791}}, {"tid": 2, "generated": 0, "bbox": {"xmin": 778, "ymin": 471, "ymax": 557, "xmax": 846}}, {"tid": 4, "generated": 0, "bbox": {"xmin": 163, "ymin": 403, "ymax": 445, "xmax": 247}}], [{"tid": 0, "generated": 0, "bbox": {"xmin": 456, "ymin": 376, "ymax": 468, "xmax": 628}}, {"tid": 1, "generated": 0, "bbox": {"xmin": 707, "ymin": 430, "ymax": 514, "xmax": 796}}, {"tid": 2, "generated": 0, "bbox": {"xmin": 779, "ymin": 471, "ymax": 557, "xmax": 847}}, {"tid": 4, "generated": 0, "bbox": {"xmin": 164, "ymin": 404, "ymax": 446, "xmax": 251}}], [{"tid": 0, "generated": 0, "bbox": {"xmin": 458, "ymin": 376, "ymax": 469, "xmax": 629}}, {"tid": 1, "generated": 0, "bbox": {"xmin": 711, "ymin": 428, "ymax": 517, "xmax": 801}}, {"tid": 2, "generated": 0, "bbox": {"xmin": 780, "ymin": 472, "ymax": 558, "xmax": 848}}, {"tid": 4, "generated": 0, "bbox": {"xmin": 166, "ymin": 405, "ymax": 448, "xmax": 255}}], [{"tid": 0, "generated": 0, "bbox": {"xmin": 460, "ymin": 377, "ymax": 470, "xmax": 630}}, {"tid": 1, "generated": 0, "bbox": {"xmin": 713, "ymin": 428, "ymax": 517, "xmax": 803}}, {"tid": 2, "generated": 0, "bbox": {"xmin": 780, "ymin": 472, "ymax": 559, "xmax": 849}}, {"tid": 4, "generated": 0, "bbox": {"xmin": 168, "ymin": 406, "ymax": 449, "xmax": 259}}], [{"tid": 0, "generated": 0, "bbox": {"xmin": 462, "ymin": 378, "ymax": 471, "xmax": 630}}, {"tid": 1, "generated": 0, "bbox": {"xmin": 715, "ymin": 428, "ymax": 518, "xmax": 805}}, {"tid": 2, "generated": 0, "bbox": {"xmin": 781, "ymin": 473, "ymax": 560, "xmax": 851}}, {"tid": 4, "generated": 0, "bbox": {"xmin": 170, "ymin": 407, "ymax": 451, "xmax": 263}}], [{"tid": 0, "generated": 0, "bbox": {"xmin": 464, "ymin": 378, "ymax": 472, "xmax": 631}}, {"tid": 1, "generated": 0, "bbox": {"xmin": 717, "ymin": 428, "ymax": 519, "xmax": 807}}, {"tid": 2, "generated": 0, "bbox": {"xmin": 782, "ymin": 474, "ymax": 561, "xmax": 852}}, {"tid": 4, "generated": 0, "bbox": {"xmin": 173, "ymin": 404, "ymax": 448, "xmax": 262}}], [{"tid": 0, "generated": 0, "bbox": {"xmin": 466, "ymin": 379, "ymax": 473, "xmax": 632}}, {"tid": 1, "generated": 0, "bbox": {"xmin": 720, "ymin": 428, "ymax": 520, "xmax": 809}}, {"tid": 2, "generated": 0, "bbox": {"xmin": 782, "ymin": 475, "ymax": 562, "xmax": 854}}, {"tid": 4, "generated": 0, "bbox": {"xmin": 176, "ymin": 401, "ymax": 446, "xmax": 261}}], [{"tid": 0, "generated": 0, "bbox": {"xmin": 467, "ymin": 379, "ymax": 474, "xmax": 632}}, {"tid": 1, "generated": 0, "bbox": {"xmin": 722, "ymin": 428, "ymax": 521, "xmax": 812}}, {"tid": 2, "generated": 0, "bbox": {"xmin": 783, "ymin": 476, "ymax": 564, "xmax": 856}}, {"tid": 4, "generated": 0, "bbox": {"xmin": 176, "ymin": 402, "ymax": 447, "xmax": 263}}], [{"tid": 0, "generated": 0, "bbox": {"xmin": 469, "ymin": 380, "ymax": 475, "xmax": 633}}, {"tid": 1, "generated": 0, "bbox": {"xmin": 724, "ymin": 428, "ymax": 522, "xmax": 814}}, {"tid": 2, "generated": 0, "bbox": {"xmin": 784, "ymin": 476, "ymax": 565, "xmax": 857}}, {"tid": 4, "generated": 0, "bbox": {"xmin": 177, "ymin": 403, "ymax": 448, "xmax": 266}}], [{"tid": 0, "generated": 0, "bbox": {"xmin": 471, "ymin": 381, "ymax": 476, "xmax": 634}}, {"tid": 1, "generated": 0, "bbox": {"xmin": 727, "ymin": 428, "ymax": 523, "xmax": 816}}, {"tid": 2, "generated": 0, "bbox": {"xmin": 784, "ymin": 477, "ymax": 566, "xmax": 859}}, {"tid": 4, "generated": 0, "bbox": {"xmin": 178, "ymin": 404, "ymax": 449, "xmax": 268}}], [{"tid": 0, "generated": 0, "bbox": {"xmin": 473, "ymin": 381, "ymax": 477, "xmax": 635}}, {"tid": 1, "generated": 0, "bbox": {"xmin": 729, "ymin": 428, "ymax": 524, "xmax": 818}}, {"tid": 2, "generated": 0, "bbox": {"xmin": 785, "ymin": 478, "ymax": 567, "xmax": 860}}, {"tid": 4, "generated": 0, "bbox": {"xmin": 179, "ymin": 405, "ymax": 450, "xmax": 271}}], [{"tid": 0, "generated": 0, "bbox": {"xmin": 475, "ymin": 382, "ymax": 478, "xmax": 635}}, {"tid": 1, "generated": 0, "bbox": {"xmin": 731, "ymin": 428, "ymax": 525, "xmax": 820}}, {"tid": 2, "generated": 0, "bbox": {"xmin": 786, "ymin": 479, "ymax": 568, "xmax": 862}}, {"tid": 4, "generated": 0, "bbox": {"xmin": 180, "ymin": 406, "ymax": 451, "xmax": 274}}], [{"tid": 0, "generated": 0, "bbox": {"xmin": 477, "ymin": 382, "ymax": 479, "xmax": 636}}, {"tid": 1, "generated": 0, "bbox": {"xmin": 734, "ymin": 428, "ymax": 526, "xmax": 823}}, {"tid": 2, "generated": 0, "bbox": {"xmin": 787, "ymin": 480, "ymax": 570, "xmax": 864}}, {"tid": 4, "generated": 0, "bbox": {"xmin": 181, "ymin": 407, "ymax": 452, "xmax": 276}}], [{"tid": 0, "generated": 0, "bbox": {"xmin": 479, "ymin": 383, "ymax": 480, "xmax": 637}}, {"tid": 1, "generated": 0, "bbox": {"xmin": 742, "ymin": 426, "ymax": 520, "xmax": 824}}, {"tid": 2, "generated": 0, "bbox": {"xmin": 788, "ymin": 483, "ymax": 572, "xmax": 865}}, {"tid": 4, "generated": 0, "bbox": {"xmin": 182, "ymin": 408, "ymax": 453, "xmax": 279}}], [{"tid": 0, "generated": 0, "bbox": {"xmin": 481, "ymin": 384, "ymax": 481, "xmax": 638}}, {"tid": 1, "generated": 0, "bbox": {"xmin": 750, "ymin": 424, "ymax": 515, "xmax": 826}}, {"tid": 2, "generated": 0, "bbox": {"xmin": 789, "ymin": 487, "ymax": 574, "xmax": 867}}, {"tid": 4, "generated": 0, "bbox": {"xmin": 183, "ymin": 410, "ymax": 455, "xmax": 282}}], [{"tid": 0, "generated": 0, "bbox": {"xmin": 482, "ymin": 384, "ymax": 480, "xmax": 639}}, {"tid": 1, "generated": 0, "bbox": {"xmin": 752, "ymin": 423, "ymax": 510, "xmax": 824}}, {"tid": 2, "generated": 0, "bbox": {"xmin": 790, "ymin": 486, "ymax": 574, "xmax": 867}}, {"tid": 4, "generated": 0, "bbox": {"xmin": 183, "ymin": 409, "ymax": 450, "xmax": 282}}], [{"tid": 0, "generated": 0, "bbox": {"xmin": 483, "ymin": 384, "ymax": 479, "xmax": 641}}, {"tid": 1, "generated": 0, "bbox": {"xmin": 755, "ymin": 423, "ymax": 506, "xmax": 823}}, {"tid": 2, "generated": 0, "bbox": {"xmin": 791, "ymin": 486, "ymax": 575, "xmax": 868}}, {"tid": 4, "generated": 0, "bbox": {"xmin": 184, "ymin": 408, "ymax": 446, "xmax": 282}}], [{"tid": 0, "generated": 0, "bbox": {"xmin": 485, "ymin": 385, "ymax": 478, "xmax": 643}}, {"tid": 1, "generated": 0, "bbox": {"xmin": 756, "ymin": 423, "ymax": 507, "xmax": 823}}, {"tid": 2, "generated": 0, "bbox": {"xmin": 793, "ymin": 486, "ymax": 575, "xmax": 869}}, {"tid": 4, "generated": 0, "bbox": {"xmin": 185, "ymin": 408, "ymax": 448, "xmax": 285}}], [{"tid": 0, "generated": 0, "bbox": {"xmin": 486, "ymin": 385, "ymax": 477, "xmax": 645}}, {"tid": 1, "generated": 0, "bbox": {"xmin": 758, "ymin": 423, "ymax": 508, "xmax": 824}}, {"tid": 2, "generated": 0, "bbox": {"xmin": 794, "ymin": 486, "ymax": 576, "xmax": 870}}, {"tid": 4, "generated": 0, "bbox": {"xmin": 187, "ymin": 408, "ymax": 450, "xmax": 289}}], [], [], [], [], [], [], [], [], [], [], [], [], [], [], [], [], [], [], [], [], [], [], [], [], [], [], [], [], [], [], [], [], [], [], [], [], [], [], [], [], [], [], [], [], [], [{"tid": 0, "generated": 0, "bbox": {"xmin": 576, "ymin": 400, "ymax": 487, "xmax": 682}}, {"tid": 1, "generated": 0, "bbox": {"xmin": 851, "ymin": 461, "ymax": 546, "xmax": 918}}, {"tid": 3, "generated": 0, "bbox": {"xmin": 263, "ymin": 418, "ymax": 480, "xmax": 334}}, {"tid": 4, "generated": 0, "bbox": {"xmin": 316, "ymin": 433, "ymax": 478, "xmax": 389}}], [{"tid": 0, "generated": 0, "bbox": {"xmin": 583, "ymin": 400, "ymax": 487, "xmax": 682}}, {"tid": 1, "generated": 0, "bbox": {"xmin": 855, "ymin": 462, "ymax": 550, "xmax": 917}}, {"tid": 3, "generated": 0, "bbox": {"xmin": 264, "ymin": 418, "ymax": 480, "xmax": 335}}, {"tid": 4, "generated": 0, "bbox": {"xmin": 315, "ymin": 433, "ymax": 479, "xmax": 391}}], [{"tid": 0, "generated": 0, "bbox": {"xmin": 590, "ymin": 400, "ymax": 487, "xmax": 682}}, {"tid": 1, "generated": 0, "bbox": {"xmin": 860, "ymin": 464, "ymax": 554, "xmax": 917}}, {"tid": 3, "generated": 0, "bbox": {"xmin": 265, "ymin": 418, "ymax": 480, "xmax": 336}}, {"tid": 4, "generated": 0, "bbox": {"xmin": 314, "ymin": 433, "ymax": 480, "xmax": 394}}], [{"tid": 0, "generated": 0, "bbox": {"xmin": 592, "ymin": 400, "ymax": 487, "xmax": 681}}, {"tid": 1, "generated": 0, "bbox": {"xmin": 864, "ymin": 462, "ymax": 552, "xmax": 917}}, {"tid": 3, "generated": 0, "bbox": {"xmin": 266, "ymin": 419, "ymax": 481, "xmax": 337}}, {"tid": 4, "generated": 0, "bbox": {"xmin": 316, "ymin": 433, "ymax": 480, "xmax": 396}}], [{"tid": 0, "generated": 0, "bbox": {"xmin": 594, "ymin": 400, "ymax": 488, "xmax": 681}}, {"tid": 1, "generated": 0, "bbox": {"xmin": 868, "ymin": 461, "ymax": 550, "xmax": 918}}, {"tid": 3, "generated": 0, "bbox": {"xmin": 266, "ymin": 419, "ymax": 481, "xmax": 337}}, {"tid": 4, "generated": 0, "bbox": {"xmin": 318, "ymin": 433, "ymax": 480, "xmax": 398}}], [{"tid": 0, "generated": 0, "bbox": {"xmin": 597, "ymin": 400, "ymax": 489, "xmax": 681}}, {"tid": 1, "generated": 0, "bbox": {"xmin": 872, "ymin": 459, "ymax": 548, "xmax": 918}}, {"tid": 3, "generated": 0, "bbox": {"xmin": 266, "ymin": 419, "ymax": 481, "xmax": 337}}, {"tid": 4, "generated": 0, "bbox": {"xmin": 320, "ymin": 433, "ymax": 480, "xmax": 400}}], [{"tid": 0, "generated": 0, "bbox": {"xmin": 599, "ymin": 400, "ymax": 490, "xmax": 680}}, {"tid": 1, "generated": 0, "bbox": {"xmin": 876, "ymin": 458, "ymax": 547, "xmax": 919}}, {"tid": 3, "generated": 0, "bbox": {"xmin": 267, "ymin": 419, "ymax": 481, "xmax": 338}}, {"tid": 4, "generated": 0, "bbox": {"xmin": 323, "ymin": 433, "ymax": 480, "xmax": 403}}], [{"tid": 0, "generated": 0, "bbox": {"xmin": 601, "ymin": 400, "ymax": 491, "xmax": 680}}, {"tid": 1, "generated": 0, "bbox": {"xmin": 878, "ymin": 468, "ymax": 560, "xmax": 927}}, {"tid": 3, "generated": 0, "bbox": {"xmin": 267, "ymin": 419, "ymax": 481, "xmax": 338}}, {"tid": 4, "generated": 0, "bbox": {"xmin": 325, "ymin": 434, "ymax": 480, "xmax": 405}}], [{"tid": 0, "generated": 0, "bbox": {"xmin": 604, "ymin": 401, "ymax": 492, "xmax": 680}}, {"tid": 1, "generated": 0, "bbox": {"xmin": 881, "ymin": 478, "ymax": 574, "xmax": 935}}, {"tid": 3, "generated": 0, "bbox": {"xmin": 268, "ymin": 420, "ymax": 482, "xmax": 339}}, {"tid": 4, "generated": 0, "bbox": {"xmin": 327, "ymin": 434, "ymax": 480, "xmax": 407}}], [{"tid": 0, "generated": 0, "bbox": {"xmin": 605, "ymin": 402, "ymax": 492, "xmax": 679}}, {"tid": 1, "generated": 0, "bbox": {"xmin": 885, "ymin": 475, "ymax": 567, "xmax": 937}}, {"tid": 3, "generated": 0, "bbox": {"xmin": 268, "ymin": 420, "ymax": 482, "xmax": 339}}, {"tid": 4, "generated": 0, "bbox": {"xmin": 330, "ymin": 434, "ymax": 480, "xmax": 410}}], [{"tid": 0, "generated": 0, "bbox": {"xmin": 606, "ymin": 403, "ymax": 492, "xmax": 679}}, {"tid": 1, "generated": 0, "bbox": {"xmin": 890, "ymin": 472, "ymax": 561, "xmax": 940}}, {"tid": 3, "generated": 0, "bbox": {"xmin": 268, "ymin": 420, "ymax": 482, "xmax": 339}}, {"tid": 4, "generated": 0, "bbox": {"xmin": 332, "ymin": 434, "ymax": 480, "xmax": 412}}], [{"tid": 0, "generated": 0, "bbox": {"xmin": 607, "ymin": 402, "ymax": 492, "xmax": 679}}, {"tid": 1, "generated": 0, "bbox": {"xmin": 896, "ymin": 476, "ymax": 561, "xmax": 944}}, {"tid": 3, "generated": 0, "bbox": {"xmin": 269, "ymin": 420, "ymax": 482, "xmax": 340}}, {"tid": 4, "generated": 0, "bbox": {"xmin": 334, "ymin": 434, "ymax": 480, "xmax": 414}}], [{"tid": 0, "generated": 0, "bbox": {"xmin": 608, "ymin": 401, "ymax": 492, "xmax": 679}}, {"tid": 1, "generated": 0, "bbox": {"xmin": 903, "ymin": 480, "ymax": 561, "xmax": 949}}, {"tid": 3, "generated": 0, "bbox": {"xmin": 269, "ymin": 420, "ymax": 482, "xmax": 340}}, {"tid": 4, "generated": 0, "bbox": {"xmin": 337, "ymin": 435, "ymax": 481, "xmax": 417}}], [{"tid": 0, "generated": 0, "bbox": {"xmin": 606, "ymin": 401, "ymax": 492, "xmax": 678}}, {"tid": 1, "generated": 0, "bbox": {"xmin": 907, "ymin": 480, "ymax": 561, "xmax": 954}}, {"tid": 3, "generated": 0, "bbox": {"xmin": 270, "ymin": 421, "ymax": 483, "xmax": 341}}, {"tid": 4, "generated": 0, "bbox": {"xmin": 337, "ymin": 435, "ymax": 481, "xmax": 417}}], [{"tid": 0, "generated": 0, "bbox": {"xmin": 605, "ymin": 402, "ymax": 493, "xmax": 678}}, {"tid": 1, "generated": 0, "bbox": {"xmin": 911, "ymin": 481, "ymax": 561, "xmax": 959}}, {"tid": 3, "generated": 0, "bbox": {"xmin": 269, "ymin": 421, "ymax": 483, "xmax": 341}}, {"tid": 4, "generated": 0, "bbox": {"xmin": 337, "ymin": 435, "ymax": 481, "xmax": 417}}], [{"tid": 0, "generated": 0, "bbox": {"xmin": 603, "ymin": 403, "ymax": 493, "xmax": 678}}, {"tid": 1, "generated": 0, "bbox": {"xmin": 915, "ymin": 482, "ymax": 561, "xmax": 964}}, {"tid": 3, "generated": 0, "bbox": {"xmin": 268, "ymin": 422, "ymax": 483, "xmax": 341}}, {"tid": 4, "generated": 0, "bbox": {"xmin": 337, "ymin": 435, "ymax": 481, "xmax": 417}}], [{"tid": 0, "generated": 0, "bbox": {"xmin": 602, "ymin": 404, "ymax": 494, "xmax": 678}}, {"tid": 1, "generated": 0, "bbox": {"xmin": 919, "ymin": 483, "ymax": 561, "xmax": 969}}, {"tid": 3, "generated": 0, "bbox": {"xmin": 268, "ymin": 422, "ymax": 484, "xmax": 341}}, {"tid": 4, "generated": 0, "bbox": {"xmin": 337, "ymin": 435, "ymax": 481, "xmax": 417}}], [{"tid": 0, "generated": 0, "bbox": {"xmin": 601, "ymin": 404, "ymax": 494, "xmax": 677}}, {"tid": 1, "generated": 0, "bbox": {"xmin": 923, "ymin": 484, "ymax": 561, "xmax": 974}}, {"tid": 3, "generated": 0, "bbox": {"xmin": 267, "ymin": 423, "ymax": 484, "xmax": 342}}, {"tid": 4, "generated": 0, "bbox": {"xmin": 338, "ymin": 436, "ymax": 482, "xmax": 418}}], [{"tid": 0, "generated": 0, "bbox": {"xmin": 599, "ymin": 405, "ymax": 495, "xmax": 677}}, {"tid": 1, "generated": 0, "bbox": {"xmin": 928, "ymin": 485, "ymax": 561, "xmax": 979}}, {"tid": 3, "generated": 0, "bbox": {"xmin": 267, "ymin": 423, "ymax": 485, "xmax": 342}}, {"tid": 4, "generated": 0, "bbox": {"xmin": 338, "ymin": 436, "ymax": 482, "xmax": 418}}], [{"tid": 0, "generated": 0, "bbox": {"xmin": 598, "ymin": 406, "ymax": 495, "xmax": 677}}, {"tid": 1, "generated": 0, "bbox": {"xmin": 933, "ymin": 487, "ymax": 570, "xmax": 984}}, {"tid": 3, "generated": 0, "bbox": {"xmin": 266, "ymin": 424, "ymax": 485, "xmax": 342}}, {"tid": 4, "generated": 0, "bbox": {"xmin": 338, "ymin": 436, "ymax": 482, "xmax": 418}}], [{"tid": 0, "generated": 0, "bbox": {"xmin": 597, "ymin": 407, "ymax": 496, "xmax": 677}}, {"tid": 1, "generated": 0, "bbox": {"xmin": 938, "ymin": 489, "ymax": 571, "xmax": 992}}, {"tid": 3, "generated": 0, "bbox": {"xmin": 265, "ymin": 424, "ymax": 485, "xmax": 343}}, {"tid": 4, "generated": 0, "bbox": {"xmin": 338, "ymin": 436, "ymax": 482, "xmax": 418}}], [{"tid": 0, "generated": 0, "bbox": {"xmin": 592, "ymin": 405, "ymax": 498, "xmax": 678}}, {"tid": 1, "generated": 0, "bbox": {"xmin": 944, "ymin": 491, "ymax": 572, "xmax": 1000}}, {"tid": 3, "generated": 0, "bbox": {"xmin": 265, "ymin": 425, "ymax": 486, "xmax": 343}}, {"tid": 4, "generated": 0, "bbox": {"xmin": 338, "ymin": 436, "ymax": 482, "xmax": 418}}], [{"tid": 0, "generated": 0, "bbox": {"xmin": 588, "ymin": 403, "ymax": 501, "xmax": 679}}, {"tid": 1, "generated": 0, "bbox": {"xmin": 949, "ymin": 493, "ymax": 573, "xmax": 1008}}, {"tid": 3, "generated": 0, "bbox": {"xmin": 264, "ymin": 425, "ymax": 486, "xmax": 343}}, {"tid": 4, "generated": 0, "bbox": {"xmin": 339, "ymin": 437, "ymax": 483, "xmax": 419}}], [{"tid": 0, "generated": 0, "bbox": {"xmin": 586, "ymin": 403, "ymax": 501, "xmax": 678}}, {"tid": 1, "generated": 0, "bbox": {"xmin": 955, "ymin": 496, "ymax": 574, "xmax": 1016}}, {"tid": 3, "generated": 0, "bbox": {"xmin": 264, "ymin": 426, "ymax": 487, "xmax": 344}}, {"tid": 4, "generated": 0, "bbox": {"xmin": 339, "ymin": 437, "ymax": 483, "xmax": 419}}], [{"tid": 0, "generated": 0, "bbox": {"xmin": 584, "ymin": 403, "ymax": 502, "xmax": 677}}, {"tid": 1, "generated": 0, "bbox": {"xmin": 960, "ymin": 498, "ymax": 575, "xmax": 1024}}, {"tid": 3, "generated": 0, "bbox": {"xmin": 263, "ymin": 428, "ymax": 487, "xmax": 343}}, {"tid": 4, "generated": 0, "bbox": {"xmin": 340, "ymin": 438, "ymax": 484, "xmax": 420}}], [{"tid": 0, "generated": 0, "bbox": {"xmin": 582, "ymin": 404, "ymax": 502, "xmax": 677}}, {"tid": 1, "generated": 0, "bbox": {"xmin": 966, "ymin": 500, "ymax": 576, "xmax": 1032}}, {"tid": 3, "generated": 0, "bbox": {"xmin": 262, "ymin": 430, "ymax": 487, "xmax": 343}}, {"tid": 4, "generated": 0, "bbox": {"xmin": 341, "ymin": 439, "ymax": 485, "xmax": 421}}], [{"tid": 0, "generated": 0, "bbox": {"xmin": 580, "ymin": 404, "ymax": 503, "xmax": 676}}, {"tid": 1, "generated": 0, "bbox": {"xmin": 972, "ymin": 503, "ymax": 577, "xmax": 1041}}, {"tid": 3, "generated": 0, "bbox": {"xmin": 261, "ymin": 432, "ymax": 487, "xmax": 343}}, {"tid": 4, "generated": 0, "bbox": {"xmin": 342, "ymin": 440, "ymax": 486, "xmax": 422}}], [{"tid": 0, "generated": 0, "bbox": {"xmin": 578, "ymin": 404, "ymax": 503, "xmax": 675}}, {"tid": 1, "generated": 0, "bbox": {"xmin": 974, "ymin": 509, "ymax": 577, "xmax": 1052}}, {"tid": 3, "generated": 0, "bbox": {"xmin": 260, "ymin": 434, "ymax": 487, "xmax": 342}}, {"tid": 4, "generated": 0, "bbox": {"xmin": 343, "ymin": 441, "ymax": 487, "xmax": 423}}], [{"tid": 0, "generated": 0, "bbox": {"xmin": 577, "ymin": 405, "ymax": 504, "xmax": 675}}, {"tid": 1, "generated": 0, "bbox": {"xmin": 976, "ymin": 515, "ymax": 577, "xmax": 1063}}, {"tid": 3, "generated": 0, "bbox": {"xmin": 260, "ymin": 436, "ymax": 487, "xmax": 342}}, {"tid": 4, "generated": 0, "bbox": {"xmin": 344, "ymin": 442, "ymax": 488, "xmax": 424}}], [{"tid": 0, "generated": 0, "bbox": {"xmin": 576, "ymin": 405, "ymax": 504, "xmax": 674}}, {"tid": 1, "generated": 0, "bbox": {"xmin": 984, "ymin": 518, "ymax": 580, "xmax": 1071}}, {"tid": 3, "generated": 0, "bbox": {"xmin": 259, "ymin": 438, "ymax": 487, "xmax": 342}}, {"tid": 4, "generated": 0, "bbox": {"xmin": 345, "ymin": 443, "ymax": 489, "xmax": 425}}], [], [], [], [], [], [], [], [], [], [], [], [], [], [], [], [], [], [], [], [], [], [], [], [], [], [], [], [], [], [], [{"tid": 0, "generated": 0, "bbox": {"xmin": 546, "ymin": 436, "ymax": 538, "xmax": 658}}, {"tid": 3, "generated": 0, "bbox": {"xmin": 241, "ymin": 483, "ymax": 523, "xmax": 316}}, {"tid": 4, "generated": 0, "bbox": {"xmin": 331, "ymin": 478, "ymax": 521, "xmax": 408}}], [{"tid": 0, "generated": 0, "bbox": {"xmin": 545, "ymin": 437, "ymax": 540, "xmax": 657}}, {"tid": 3, "generated": 0, "bbox": {"xmin": 241, "ymin": 484, "ymax": 524, "xmax": 316}}, {"tid": 4, "generated": 0, "bbox": {"xmin": 329, "ymin": 479, "ymax": 522, "xmax": 405}}], [{"tid": 0, "generated": 0, "bbox": {"xmin": 545, "ymin": 439, "ymax": 542, "xmax": 657}}, {"tid": 3, "generated": 0, "bbox": {"xmin": 241, "ymin": 486, "ymax": 526, "xmax": 316}}, {"tid": 4, "generated": 0, "bbox": {"xmin": 328, "ymin": 481, "ymax": 524, "xmax": 403}}], [{"tid": 0, "generated": 0, "bbox": {"xmin": 543, "ymin": 440, "ymax": 542, "xmax": 657}}, {"tid": 3, "generated": 0, "bbox": {"xmin": 241, "ymin": 488, "ymax": 528, "xmax": 316}}, {"tid": 4, "generated": 0, "bbox": {"xmin": 327, "ymin": 481, "ymax": 524, "xmax": 401}}], [{"tid": 0, "generated": 0, "bbox": {"xmin": 542, "ymin": 442, "ymax": 543, "xmax": 657}}, {"tid": 3, "generated": 0, "bbox": {"xmin": 240, "ymin": 488, "ymax": 528, "xmax": 315}}, {"tid": 4, "generated": 0, "bbox": {"xmin": 327, "ymin": 482, "ymax": 525, "xmax": 400}}], [{"tid": 0, "generated": 0, "bbox": {"xmin": 540, "ymin": 443, "ymax": 544, "xmax": 657}}, {"tid": 3, "generated": 0, "bbox": {"xmin": 240, "ymin": 489, "ymax": 529, "xmax": 315}}, {"tid": 4, "generated": 0, "bbox": {"xmin": 327, "ymin": 483, "ymax": 526, "xmax": 399}}], [{"tid": 0, "generated": 0, "bbox": {"xmin": 539, "ymin": 445, "ymax": 545, "xmax": 658}}, {"tid": 3, "generated": 0, "bbox": {"xmin": 240, "ymin": 490, "ymax": 530, "xmax": 314}}, {"tid": 4, "generated": 0, "bbox": {"xmin": 326, "ymin": 483, "ymax": 526, "xmax": 398}}], [{"tid": 0, "generated": 0, "bbox": {"xmin": 537, "ymin": 446, "ymax": 546, "xmax": 658}}, {"tid": 3, "generated": 0, "bbox": {"xmin": 239, "ymin": 491, "ymax": 531, "xmax": 314}}, {"tid": 4, "generated": 0, "bbox": {"xmin": 326, "ymin": 484, "ymax": 527, "xmax": 397}}], [{"tid": 0, "generated": 0, "bbox": {"xmin": 536, "ymin": 448, "ymax": 547, "xmax": 658}}, {"tid": 3, "generated": 0, "bbox": {"xmin": 239, "ymin": 492, "ymax": 532, "xmax": 314}}, {"tid": 4, "generated": 0, "bbox": {"xmin": 326, "ymin": 485, "ymax": 528, "xmax": 396}}], [{"tid": 0, "generated": 0, "bbox": {"xmin": 534, "ymin": 449, "ymax": 548, "xmax": 658}}, {"tid": 3, "generated": 0, "bbox": {"xmin": 239, "ymin": 493, "ymax": 532, "xmax": 313}}, {"tid": 4, "generated": 0, "bbox": {"xmin": 325, "ymin": 485, "ymax": 528, "xmax": 395}}], [{"tid": 0, "generated": 0, "bbox": {"xmin": 533, "ymin": 451, "ymax": 549, "xmax": 659}}, {"tid": 3, "generated": 0, "bbox": {"xmin": 238, "ymin": 494, "ymax": 533, "xmax": 313}}, {"tid": 4, "generated": 0, "bbox": {"xmin": 325, "ymin": 486, "ymax": 529, "xmax": 394}}], [{"tid": 0, "generated": 0, "bbox": {"xmin": 532, "ymin": 450, "ymax": 547, "xmax": 660}}, {"tid": 3, "generated": 0, "bbox": {"xmin": 238, "ymin": 495, "ymax": 534, "xmax": 312}}, {"tid": 4, "generated": 0, "bbox": {"xmin": 325, "ymin": 487, "ymax": 530, "xmax": 393}}], [{"tid": 0, "generated": 0, "bbox": {"xmin": 531, "ymin": 449, "ymax": 545, "xmax": 661}}, {"tid": 3, "generated": 0, "bbox": {"xmin": 238, "ymin": 496, "ymax": 535, "xmax": 312}}, {"tid": 4, "generated": 0, "bbox": {"xmin": 325, "ymin": 488, "ymax": 531, "xmax": 392}}], [{"tid": 0, "generated": 0, "bbox": {"xmin": 529, "ymin": 449, "ymax": 545, "xmax": 659}}, {"tid": 3, "generated": 0, "bbox": {"xmin": 238, "ymin": 497, "ymax": 536, "xmax": 312}}, {"tid": 4, "generated": 0, "bbox": {"xmin": 324, "ymin": 487, "ymax": 531, "xmax": 391}}], [{"tid": 0, "generated": 0, "bbox": {"xmin": 527, "ymin": 450, "ymax": 546, "xmax": 658}}, {"tid": 3, "generated": 0, "bbox": {"xmin": 237, "ymin": 497, "ymax": 536, "xmax": 311}}, {"tid": 4, "generated": 0, "bbox": {"xmin": 324, "ymin": 487, "ymax": 531, "xmax": 391}}], [{"tid": 0, "generated": 0, "bbox": {"xmin": 525, "ymin": 450, "ymax": 546, "xmax": 656}}, {"tid": 3, "generated": 0, "bbox": {"xmin": 237, "ymin": 497, "ymax": 536, "xmax": 311}}, {"tid": 4, "generated": 0, "bbox": {"xmin": 323, "ymin": 487, "ymax": 531, "xmax": 390}}], [{"tid": 0, "generated": 0, "bbox": {"xmin": 523, "ymin": 451, "ymax": 547, "xmax": 655}}, {"tid": 3, "generated": 0, "bbox": {"xmin": 237, "ymin": 497, "ymax": 536, "xmax": 311}}, {"tid": 4, "generated": 0, "bbox": {"xmin": 323, "ymin": 487, "ymax": 531, "xmax": 390}}], [{"tid": 0, "generated": 0, "bbox": {"xmin": 521, "ymin": 451, "ymax": 547, "xmax": 654}}, {"tid": 3, "generated": 0, "bbox": {"xmin": 237, "ymin": 497, "ymax": 536, "xmax": 311}}, {"tid": 4, "generated": 0, "bbox": {"xmin": 323, "ymin": 487, "ymax": 532, "xmax": 389}}], [{"tid": 0, "generated": 0, "bbox": {"xmin": 519, "ymin": 452, "ymax": 548, "xmax": 652}}, {"tid": 3, "generated": 0, "bbox": {"xmin": 237, "ymin": 497, "ymax": 536, "xmax": 311}}, {"tid": 4, "generated": 0, "bbox": {"xmin": 322, "ymin": 487, "ymax": 532, "xmax": 389}}], [{"tid": 0, "generated": 0, "bbox": {"xmin": 517, "ymin": 452, "ymax": 548, "xmax": 651}}, {"tid": 3, "generated": 0, "bbox": {"xmin": 236, "ymin": 497, "ymax": 536, "xmax": 311}}, {"tid": 4, "generated": 0, "bbox": {"xmin": 322, "ymin": 487, "ymax": 532, "xmax": 388}}], [{"tid": 0, "generated": 0, "bbox": {"xmin": 515, "ymin": 453, "ymax": 549, "xmax": 650}}, {"tid": 3, "generated": 0, "bbox": {"xmin": 236, "ymin": 497, "ymax": 536, "xmax": 311}}, {"tid": 4, "generated": 0, "bbox": {"xmin": 321, "ymin": 487, "ymax": 532, "xmax": 388}}], [{"tid": 0, "generated": 0, "bbox": {"xmin": 513, "ymin": 450, "ymax": 546, "xmax": 649}}, {"tid": 3, "generated": 0, "bbox": {"xmin": 236, "ymin": 497, "ymax": 536, "xmax": 311}}, {"tid": 4, "generated": 0, "bbox": {"xmin": 321, "ymin": 487, "ymax": 532, "xmax": 387}}], [{"tid": 0, "generated": 0, "bbox": {"xmin": 512, "ymin": 448, "ymax": 544, "xmax": 648}}, {"tid": 3, "generated": 0, "bbox": {"xmin": 236, "ymin": 497, "ymax": 536, "xmax": 311}}, {"tid": 4, "generated": 0, "bbox": {"xmin": 321, "ymin": 487, "ymax": 533, "xmax": 387}}], [{"tid": 0, "generated": 0, "bbox": {"xmin": 510, "ymin": 448, "ymax": 543, "xmax": 647}}, {"tid": 3, "generated": 0, "bbox": {"xmin": 236, "ymin": 497, "ymax": 536, "xmax": 311}}, {"tid": 4, "generated": 0, "bbox": {"xmin": 321, "ymin": 487, "ymax": 533, "xmax": 387}}], [{"tid": 0, "generated": 0, "bbox": {"xmin": 509, "ymin": 448, "ymax": 543, "xmax": 646}}, {"tid": 3, "generated": 0, "bbox": {"xmin": 236, "ymin": 496, "ymax": 535, "xmax": 311}}, {"tid": 4, "generated": 0, "bbox": {"xmin": 321, "ymin": 487, "ymax": 533, "xmax": 387}}], [{"tid": 0, "generated": 0, "bbox": {"xmin": 508, "ymin": 448, "ymax": 543, "xmax": 645}}, {"tid": 3, "generated": 0, "bbox": {"xmin": 236, "ymin": 495, "ymax": 534, "xmax": 311}}, {"tid": 4, "generated": 0, "bbox": {"xmin": 321, "ymin": 487, "ymax": 533, "xmax": 387}}], [{"tid": 0, "generated": 0, "bbox": {"xmin": 507, "ymin": 448, "ymax": 543, "xmax": 644}}, {"tid": 3, "generated": 0, "bbox": {"xmin": 236, "ymin": 494, "ymax": 533, "xmax": 311}}, {"tid": 4, "generated": 0, "bbox": {"xmin": 321, "ymin": 487, "ymax": 533, "xmax": 387}}], [{"tid": 0, "generated": 0, "bbox": {"xmin": 506, "ymin": 448, "ymax": 542, "xmax": 643}}, {"tid": 3, "generated": 0, "bbox": {"xmin": 236, "ymin": 493, "ymax": 532, "xmax": 311}}, {"tid": 4, "generated": 0, "bbox": {"xmin": 321, "ymin": 487, "ymax": 533, "xmax": 387}}], [{"tid": 0, "generated": 0, "bbox": {"xmin": 505, "ymin": 448, "ymax": 542, "xmax": 642}}, {"tid": 3, "generated": 0, "bbox": {"xmin": 236, "ymin": 493, "ymax": 532, "xmax": 311}}, {"tid": 4, "generated": 0, "bbox": {"xmin": 321, "ymin": 487, "ymax": 533, "xmax": 387}}], [{"tid": 0, "generated": 0, "bbox": {"xmin": 504, "ymin": 448, "ymax": 542, "xmax": 641}}, {"tid": 3, "generated": 0, "bbox": {"xmin": 236, "ymin": 492, "ymax": 531, "xmax": 311}}, {"tid": 4, "generated": 0, "bbox": {"xmin": 321, "ymin": 487, "ymax": 533, "xmax": 387}}]], "subject/objects": [{"category": "bear", "tid": 0}, {"category": "dog", "tid": 1}, {"category": "dog", "tid": 2}, {"category": "bear", "tid": 3}, {"category": "bear", "tid": 4}], "relation_instances": [{"end_fid": 30, "subject_tid": 0, "predicate": "stand_behind", "begin_fid": 0, "object_tid": 1}, {"end_fid": 30, "subject_tid": 0, "predicate": "stand_left", "begin_fid": 0, "object_tid": 1}, {"end_fid": 30, "subject_tid": 0, "predicate": "taller", "begin_fid": 0, "object_tid": 1}, {"end_fid": 30, "subject_tid": 0, "predicate": "larger", "begin_fid": 0, "object_tid": 1}, {"end_fid": 30, "subject_tid": 1, "predicate": "run_toward", "begin_fid": 0, "object_tid": 0}, {"end_fid": 30, "subject_tid": 1, "predicate": "run_front", "begin_fid": 0, "object_tid": 0}, {"end_fid": 30, "subject_tid": 1, "predicate": "run_right", "begin_fid": 0, "object_tid": 0}, {"end_fid": 30, "subject_tid": 1, "predicate": "chase", "begin_fid": 0, "object_tid": 0}, {"end_fid": 45, "subject_tid": 0, "predicate": "walk_behind", "begin_fid": 15, "object_tid": 1}, {"end_fid": 45, "subject_tid": 0, "predicate": "walk_left", "begin_fid": 15, "object_tid": 1}, {"end_fid": 45, "subject_tid": 0, "predicate": "taller", "begin_fid": 15, "object_tid": 1}, {"end_fid": 45, "subject_tid": 0, "predicate": "larger", "begin_fid": 15, "object_tid": 1}, {"end_fid": 45, "subject_tid": 1, "predicate": "run_toward", "begin_fid": 15, "object_tid": 0}, {"end_fid": 45, "subject_tid": 1, "predicate": "run_front", "begin_fid": 15, "object_tid": 0}, {"end_fid": 45, "subject_tid": 1, "predicate": "run_right", "begin_fid": 15, "object_tid": 0}, {"end_fid": 45, "subject_tid": 1, "predicate": "chase", "begin_fid": 15, "object_tid": 0}, {"end_fid": 45, "subject_tid": 0, "predicate": "walk_behind", "begin_fid": 15, "object_tid": 2}, {"end_fid": 45, "subject_tid": 0, "predicate": "walk_left", "begin_fid": 15, "object_tid": 2}, {"end_fid": 45, "subject_tid": 0, "predicate": "taller", "begin_fid": 15, "object_tid": 2}, {"end_fid": 45, "subject_tid": 0, "predicate": "larger", "begin_fid": 15, "object_tid": 2}, {"end_fid": 45, "subject_tid": 2, "predicate": "run_toward", "begin_fid": 15, "object_tid": 0}, {"end_fid": 45, "subject_tid": 2, "predicate": "run_front", "begin_fid": 15, "object_tid": 0}, {"end_fid": 45, "subject_tid": 2, "predicate": "run_right", "begin_fid": 15, "object_tid": 0}, {"end_fid": 45, "subject_tid": 2, "predicate": "chase", "begin_fid": 15, "object_tid": 0}, {"end_fid": 45, "subject_tid": 1, "predicate": "run_right", "begin_fid": 15, "object_tid": 2}, {"end_fid": 45, "subject_tid": 1, "predicate": "run_next_to", "begin_fid": 15, "object_tid": 2}, {"end_fid": 45, "subject_tid": 1, "predicate": "run_with", "begin_fid": 15, "object_tid": 2}, {"end_fid": 45, "subject_tid": 2, "predicate": "run_next_to", "begin_fid": 15, "object_tid": 1}, {"end_fid": 45, "subject_tid": 2, "predicate": "run_with", "begin_fid": 15, "object_tid": 1}, {"end_fid": 45, "subject_tid": 2, "predicate": "run_left", "begin_fid": 15, "object_tid": 1}, {"end_fid": 75, "subject_tid": 0, "predicate": "run_behind", "begin_fid": 45, "object_tid": 1}, {"end_fid": 75, "subject_tid": 0, "predicate": "run_left", "begin_fid": 45, "object_tid": 1}, {"end_fid": 75, "subject_tid": 0, "predicate": "taller", "begin_fid": 45, "object_tid": 1}, {"end_fid": 75, "subject_tid": 0, "predicate": "larger", "begin_fid": 45, "object_tid": 1}, {"end_fid": 75, "subject_tid": 0, "predicate": "chase", "begin_fid": 45, "object_tid": 1}, {"end_fid": 75, "subject_tid": 1, "predicate": "run_right", "begin_fid": 45, "object_tid": 0}, {"end_fid": 75, "subject_tid": 1, "predicate": "run_front", "begin_fid": 45, "object_tid": 0}, {"end_fid": 75, "subject_tid": 0, "predicate": "run_behind", "begin_fid": 45, "object_tid": 2}, {"end_fid": 75, "subject_tid": 0, "predicate": "taller", "begin_fid": 45, "object_tid": 2}, {"end_fid": 75, "subject_tid": 0, "predicate": "larger", "begin_fid": 45, "object_tid": 2}, {"end_fid": 75, "subject_tid": 0, "predicate": "chase", "begin_fid": 45, "object_tid": 2}, {"end_fid": 75, "subject_tid": 2, "predicate": "run_front", "begin_fid": 45, "object_tid": 0}, {"end_fid": 75, "subject_tid": 1, "predicate": "run_right", "begin_fid": 45, "object_tid": 2}, {"end_fid": 75, "subject_tid": 1, "predicate": "run_with", "begin_fid": 45, "object_tid": 2}, {"end_fid": 75, "subject_tid": 2, "predicate": "run_with", "begin_fid": 45, "object_tid": 1}, {"end_fid": 75, "subject_tid": 2, "predicate": "run_left", "begin_fid": 45, "object_tid": 1}, {"end_fid": 135, "subject_tid": 0, "predicate": "run_behind", "begin_fid": 105, "object_tid": 1}, {"end_fid": 135, "subject_tid": 0, "predicate": "run_left", "begin_fid": 105, "object_tid": 1}, {"end_fid": 135, "subject_tid": 0, "predicate": "taller", "begin_fid": 105, "object_tid": 1}, {"end_fid": 135, "subject_tid": 0, "predicate": "larger", "begin_fid": 105, "object_tid": 1}, {"end_fid": 135, "subject_tid": 1, "predicate": "run_right", "begin_fid": 105, "object_tid": 0}, {"end_fid": 135, "subject_tid": 1, "predicate": "run_front", "begin_fid": 105, "object_tid": 0}, {"end_fid": 135, "subject_tid": 1, "predicate": "chase", "begin_fid": 105, "object_tid": 0}, {"end_fid": 150, "subject_tid": 0, "predicate": "run_behind", "begin_fid": 120, "object_tid": 1}, {"end_fid": 150, "subject_tid": 0, "predicate": "run_away", "begin_fid": 120, "object_tid": 1}, {"end_fid": 150, "subject_tid": 0, "predicate": "run_left", "begin_fid": 120, "object_tid": 1}, {"end_fid": 150, "subject_tid": 0, "predicate": "taller", "begin_fid": 120, "object_tid": 1}, {"end_fid": 150, "subject_tid": 0, "predicate": "larger", "begin_fid": 120, "object_tid": 1}, {"end_fid": 150, "subject_tid": 1, "predicate": "run_front", "begin_fid": 120, "object_tid": 0}, {"end_fid": 150, "subject_tid": 1, "predicate": "run_right", "begin_fid": 120, "object_tid": 0}, {"end_fid": 150, "subject_tid": 1, "predicate": "chase", "begin_fid": 120, "object_tid": 0}, {"end_fid": 240, "subject_tid": 0, "predicate": "run_behind", "begin_fid": 210, "object_tid": 1}, {"end_fid": 240, "subject_tid": 0, "predicate": "run_away", "begin_fid": 210, "object_tid": 1}, {"end_fid": 240, "subject_tid": 0, "predicate": "run_left", "begin_fid": 210, "object_tid": 1}, {"end_fid": 240, "subject_tid": 0, "predicate": "taller", "begin_fid": 210, "object_tid": 1}, {"end_fid": 240, "subject_tid": 0, "predicate": "larger", "begin_fid": 210, "object_tid": 1}, {"end_fid": 240, "subject_tid": 1, "predicate": "run_front", "begin_fid": 210, "object_tid": 0}, {"end_fid": 240, "subject_tid": 1, "predicate": "run_right", "begin_fid": 210, "object_tid": 0}, {"end_fid": 240, "subject_tid": 1, "predicate": "chase", "begin_fid": 210, "object_tid": 0}, {"end_fid": 240, "subject_tid": 0, "predicate": "run_behind", "begin_fid": 210, "object_tid": 2}, {"end_fid": 240, "subject_tid": 0, "predicate": "run_away", "begin_fid": 210, "object_tid": 2}, {"end_fid": 240, "subject_tid": 0, "predicate": "run_left", "begin_fid": 210, "object_tid": 2}, {"end_fid": 240, "subject_tid": 0, "predicate": "taller", "begin_fid": 210, "object_tid": 2}, {"end_fid": 240, "subject_tid": 0, "predicate": "larger", "begin_fid": 210, "object_tid": 2}, {"end_fid": 240, "subject_tid": 2, "predicate": "walk_front", "begin_fid": 210, "object_tid": 0}, {"end_fid": 240, "subject_tid": 2, "predicate": "walk_right", "begin_fid": 210, "object_tid": 0}, {"end_fid": 240, "subject_tid": 0, "predicate": "run_right", "begin_fid": 210, "object_tid": 3}, {"end_fid": 240, "subject_tid": 0, "predicate": "run_front", "begin_fid": 210, "object_tid": 3}, {"end_fid": 240, "subject_tid": 3, "predicate": "walk_behind", "begin_fid": 210, "object_tid": 0}, {"end_fid": 240, "subject_tid": 3, "predicate": "walk_left", "begin_fid": 210, "object_tid": 0}, {"end_fid": 240, "subject_tid": 0, "predicate": "run_right", "begin_fid": 210, "object_tid": 4}, {"end_fid": 240, "subject_tid": 0, "predicate": "run_front", "begin_fid": 210, "object_tid": 4}, {"end_fid": 240, "subject_tid": 4, "predicate": "walk_behind", "begin_fid": 210, "object_tid": 0}, {"end_fid": 240, "subject_tid": 4, "predicate": "walk_left", "begin_fid": 210, "object_tid": 0}, {"end_fid": 240, "subject_tid": 1, "predicate": "run_behind", "begin_fid": 210, "object_tid": 2}, {"end_fid": 240, "subject_tid": 1, "predicate": "run_left", "begin_fid": 210, "object_tid": 2}, {"end_fid": 240, "subject_tid": 2, "predicate": "walk_front", "begin_fid": 210, "object_tid": 1}, {"end_fid": 240, "subject_tid": 2, "predicate": "walk_right", "begin_fid": 210, "object_tid": 1}, {"end_fid": 240, "subject_tid": 1, "predicate": "run_right", "begin_fid": 210, "object_tid": 3}, {"end_fid": 240, "subject_tid": 1, "predicate": "run_front", "begin_fid": 210, "object_tid": 3}, {"end_fid": 240, "subject_tid": 3, "predicate": "walk_behind", "begin_fid": 210, "object_tid": 1}, {"end_fid": 240, "subject_tid": 3, "predicate": "walk_left", "begin_fid": 210, "object_tid": 1}, {"end_fid": 240, "subject_tid": 1, "predicate": "run_right", "begin_fid": 210, "object_tid": 4}, {"end_fid": 240, "subject_tid": 1, "predicate": "run_front", "begin_fid": 210, "object_tid": 4}, {"end_fid": 240, "subject_tid": 4, "predicate": "walk_behind", "begin_fid": 210, "object_tid": 1}, {"end_fid": 240, "subject_tid": 4, "predicate": "walk_left", "begin_fid": 210, "object_tid": 1}, {"end_fid": 240, "subject_tid": 2, "predicate": "walk_right", "begin_fid": 210, "object_tid": 3}, {"end_fid": 240, "subject_tid": 2, "predicate": "walk_front", "begin_fid": 210, "object_tid": 3}, {"end_fid": 240, "subject_tid": 3, "predicate": "walk_behind", "begin_fid": 210, "object_tid": 2}, {"end_fid": 240, "subject_tid": 3, "predicate": "walk_left", "begin_fid": 210, "object_tid": 2}, {"end_fid": 240, "subject_tid": 2, "predicate": "walk_right", "begin_fid": 210, "object_tid": 4}, {"end_fid": 240, "subject_tid": 2, "predicate": "walk_front", "begin_fid": 210, "object_tid": 4}, {"end_fid": 240, "subject_tid": 4, "predicate": "walk_behind", "begin_fid": 210, "object_tid": 2}, {"end_fid": 240, "subject_tid": 4, "predicate": "walk_left", "begin_fid": 210, "object_tid": 2}, {"end_fid": 240, "subject_tid": 3, "predicate": "walk_right", "begin_fid": 210, "object_tid": 4}, {"end_fid": 240, "subject_tid": 3, "predicate": "walk_next_to", "begin_fid": 210, "object_tid": 4}, {"end_fid": 240, "subject_tid": 4, "predicate": "walk_next_to", "begin_fid": 210, "object_tid": 3}, {"end_fid": 240, "subject_tid": 4, "predicate": "walk_left", "begin_fid": 210, "object_tid": 3}, {"end_fid": 285, "subject_tid": 0, "predicate": "walk_behind", "begin_fid": 255, "object_tid": 1}, {"end_fid": 285, "subject_tid": 0, "predicate": "walk_away", "begin_fid": 255, "object_tid": 1}, {"end_fid": 285, "subject_tid": 0, "predicate": "walk_left", "begin_fid": 255, "object_tid": 1}, {"end_fid": 285, "subject_tid": 0, "predicate": "taller", "begin_fid": 255, "object_tid": 1}, {"end_fid": 285, "subject_tid": 0, "predicate": "larger", "begin_fid": 255, "object_tid": 1}, {"end_fid": 285, "subject_tid": 1, "predicate": "walk_away", "begin_fid": 255, "object_tid": 0}, {"end_fid": 285, "subject_tid": 1, "predicate": "walk_front", "begin_fid": 255, "object_tid": 0}, {"end_fid": 285, "subject_tid": 1, "predicate": "walk_right", "begin_fid": 255, "object_tid": 0}, {"end_fid": 285, "subject_tid": 0, "predicate": "walk_behind", "begin_fid": 255, "object_tid": 2}, {"end_fid": 285, "subject_tid": 0, "predicate": "walk_left", "begin_fid": 255, "object_tid": 2}, {"end_fid": 285, "subject_tid": 0, "predicate": "taller", "begin_fid": 255, "object_tid": 2}, {"end_fid": 285, "subject_tid": 0, "predicate": "larger", "begin_fid": 255, "object_tid": 2}, {"end_fid": 285, "subject_tid": 2, "predicate": "stand_front", "begin_fid": 255, "object_tid": 0}, {"end_fid": 285, "subject_tid": 2, "predicate": "stand_right", "begin_fid": 255, "object_tid": 0}, {"end_fid": 285, "subject_tid": 0, "predicate": "walk_right", "begin_fid": 255, "object_tid": 4}, {"end_fid": 285, "subject_tid": 0, "predicate": "walk_front", "begin_fid": 255, "object_tid": 4}, {"end_fid": 285, "subject_tid": 0, "predicate": "walk_toward", "begin_fid": 255, "object_tid": 4}, {"end_fid": 285, "subject_tid": 4, "predicate": "walk_behind", "begin_fid": 255, "object_tid": 0}, {"end_fid": 285, "subject_tid": 4, "predicate": "walk_left", "begin_fid": 255, "object_tid": 0}, {"end_fid": 285, "subject_tid": 1, "predicate": "walk_next_to", "begin_fid": 255, "object_tid": 2}, {"end_fid": 285, "subject_tid": 1, "predicate": "walk_behind", "begin_fid": 255, "object_tid": 2}, {"end_fid": 285, "subject_tid": 1, "predicate": "walk_toward", "begin_fid": 255, "object_tid": 2}, {"end_fid": 285, "subject_tid": 1, "predicate": "walk_left", "begin_fid": 255, "object_tid": 2}, {"end_fid": 285, "subject_tid": 2, "predicate": "stand_next_to", "begin_fid": 255, "object_tid": 1}, {"end_fid": 285, "subject_tid": 2, "predicate": "stand_front", "begin_fid": 255, "object_tid": 1}, {"end_fid": 285, "subject_tid": 2, "predicate": "stand_right", "begin_fid": 255, "object_tid": 1}, {"end_fid": 285, "subject_tid": 1, "predicate": "walk_right", "begin_fid": 255, "object_tid": 4}, {"end_fid": 285, "subject_tid": 1, "predicate": "walk_front", "begin_fid": 255, "object_tid": 4}, {"end_fid": 285, "subject_tid": 4, "predicate": "walk_behind", "begin_fid": 255, "object_tid": 1}, {"end_fid": 285, "subject_tid": 4, "predicate": "walk_left", "begin_fid": 255, "object_tid": 1}, {"end_fid": 285, "subject_tid": 2, "predicate": "stand_right", "begin_fid": 255, "object_tid": 4}, {"end_fid": 285, "subject_tid": 2, "predicate": "stand_front", "begin_fid": 255, "object_tid": 4}, {"end_fid": 285, "subject_tid": 4, "predicate": "walk_behind", "begin_fid": 255, "object_tid": 2}, {"end_fid": 285, "subject_tid": 4, "predicate": "walk_left", "begin_fid": 255, "object_tid": 2}, {"end_fid": 360, "subject_tid": 0, "predicate": "walk_behind", "begin_fid": 330, "object_tid": 1}, {"end_fid": 360, "subject_tid": 0, "predicate": "walk_left", "begin_fid": 330, "object_tid": 1}, {"end_fid": 360, "subject_tid": 0, "predicate": "taller", "begin_fid": 330, "object_tid": 1}, {"end_fid": 360, "subject_tid": 0, "predicate": "larger", "begin_fid": 330, "object_tid": 1}, {"end_fid": 360, "subject_tid": 1, "predicate": "run_right", "begin_fid": 330, "object_tid": 0}, {"end_fid": 360, "subject_tid": 1, "predicate": "run_front", "begin_fid": 330, "object_tid": 0}, {"end_fid": 360, "subject_tid": 1, "predicate": "run_away", "begin_fid": 330, "object_tid": 0}, {"end_fid": 360, "subject_tid": 0, "predicate": "walk_right", "begin_fid": 330, "object_tid": 3}, {"end_fid": 360, "subject_tid": 0, "predicate": "walk_front", "begin_fid": 330, "object_tid": 3}, {"end_fid": 360, "subject_tid": 3, "predicate": "stand_behind", "begin_fid": 330, "object_tid": 0}, {"end_fid": 360, "subject_tid": 3, "predicate": "stand_left", "begin_fid": 330, "object_tid": 0}, {"end_fid": 360, "subject_tid": 0, "predicate": "walk_right", "begin_fid": 330, "object_tid": 4}, {"end_fid": 360, "subject_tid": 0, "predicate": "walk_front", "begin_fid": 330, "object_tid": 4}, {"end_fid": 360, "subject_tid": 4, "predicate": "walk_behind", "begin_fid": 330, "object_tid": 0}, {"end_fid": 360, "subject_tid": 4, "predicate": "walk_left", "begin_fid": 330, "object_tid": 0}, {"end_fid": 360, "subject_tid": 1, "predicate": "run_right", "begin_fid": 330, "object_tid": 3}, {"end_fid": 360, "subject_tid": 1, "predicate": "run_front", "begin_fid": 330, "object_tid": 3}, {"end_fid": 360, "subject_tid": 3, "predicate": "stand_behind", "begin_fid": 330, "object_tid": 1}, {"end_fid": 360, "subject_tid": 3, "predicate": "stand_left", "begin_fid": 330, "object_tid": 1}, {"end_fid": 360, "subject_tid": 1, "predicate": "run_right", "begin_fid": 330, "object_tid": 4}, {"end_fid": 360, "subject_tid": 1, "predicate": "run_front", "begin_fid": 330, "object_tid": 4}, {"end_fid": 360, "subject_tid": 4, "predicate": "walk_behind", "begin_fid": 330, "object_tid": 1}, {"end_fid": 360, "subject_tid": 4, "predicate": "walk_left", "begin_fid": 330, "object_tid": 1}, {"end_fid": 360, "subject_tid": 3, "predicate": "walk_next_to", "begin_fid": 330, "object_tid": 4}, {"end_fid": 360, "subject_tid": 3, "predicate": "walk_with", "begin_fid": 330, "object_tid": 4}, {"end_fid": 360, "subject_tid": 3, "predicate": "walk_left", "begin_fid": 330, "object_tid": 4}, {"end_fid": 360, "subject_tid": 4, "predicate": "walk_right", "begin_fid": 330, "object_tid": 3}, {"end_fid": 360, "subject_tid": 4, "predicate": "walk_next_to", "begin_fid": 330, "object_tid": 3}, {"end_fid": 360, "subject_tid": 4, "predicate": "walk_with", "begin_fid": 330, "object_tid": 3}, {"end_fid": 420, "subject_tid": 0, "predicate": "stand_right", "begin_fid": 390, "object_tid": 3}, {"end_fid": 420, "subject_tid": 0, "predicate": "stand_front", "begin_fid": 390, "object_tid": 3}, {"end_fid": 420, "subject_tid": 3, "predicate": "stand_behind", "begin_fid": 390, "object_tid": 0}, {"end_fid": 420, "subject_tid": 3, "predicate": "stand_left", "begin_fid": 390, "object_tid": 0}, {"end_fid": 420, "subject_tid": 0, "predicate": "stand_right", "begin_fid": 390, "object_tid": 4}, {"end_fid": 420, "subject_tid": 0, "predicate": "stand_front", "begin_fid": 390, "object_tid": 4}, {"end_fid": 420, "subject_tid": 4, "predicate": "stand_behind", "begin_fid": 390, "object_tid": 0}, {"end_fid": 420, "subject_tid": 4, "predicate": "stand_left", "begin_fid": 390, "object_tid": 0}, {"end_fid": 420, "subject_tid": 3, "predicate": "stand_next_to", "begin_fid": 390, "object_tid": 4}, {"end_fid": 420, "subject_tid": 3, "predicate": "stand_left", "begin_fid": 390, "object_tid": 4}, {"end_fid": 420, "subject_tid": 4, "predicate": "stand_next_to", "begin_fid": 390, "object_tid": 3}, {"end_fid": 420, "subject_tid": 4, "predicate": "stand_right", "begin_fid": 390, "object_tid": 3}], "height": 720}