{"width": 1920, "frame_count": 85, "video_id": "ILSVRC2015_train_00040030", "fps": 25, "trajectories": [[], [], [], [], [], [], [], [], [], [], [], [], [], [], [], [{"tid": 0, "generated": 0, "bbox": {"xmin": 1000, "ymin": 509, "ymax": 584, "xmax": 1194}}, {"tid": 1, "generated": 0, "bbox": {"xmin": 874, "ymin": 560, "ymax": 583, "xmax": 910}}], [{"tid": 0, "generated": 0, "bbox": {"xmin": 996, "ymin": 503, "ymax": 582, "xmax": 1194}}, {"tid": 1, "generated": 0, "bbox": {"xmin": 868, "ymin": 561, "ymax": 586, "xmax": 905}}], [{"tid": 0, "generated": 0, "bbox": {"xmin": 992, "ymin": 498, "ymax": 581, "xmax": 1194}}, {"tid": 1, "generated": 0, "bbox": {"xmin": 862, "ymin": 562, "ymax": 589, "xmax": 900}}], [{"tid": 0, "generated": 0, "bbox": {"xmin": 992, "ymin": 509, "ymax": 586, "xmax": 1197}}, {"tid": 1, "generated": 0, "bbox": {"xmin": 856, "ymin": 564, "ymax": 592, "xmax": 895}}], [{"tid": 0, "generated": 0, "bbox": {"xmin": 985, "ymin": 510, "ymax": 590, "xmax": 1193}}, {"tid": 1, "generated": 0, "bbox": {"xmin": 850, "ymin": 565, "ymax": 595, "xmax": 890}}], [{"tid": 0, "generated": 0, "bbox": {"xmin": 978, "ymin": 512, "ymax": 594, "xmax": 1189}}, {"tid": 1, "generated": 0, "bbox": {"xmin": 844, "ymin": 566, "ymax": 598, "xmax": 885}}], [{"tid": 0, "generated": 0, "bbox": {"xmin": 973, "ymin": 517, "ymax": 602, "xmax": 1194}}, {"tid": 1, "generated": 0, "bbox": {"xmin": 834, "ymin": 570, "ymax": 604, "xmax": 877}}], [{"tid": 0, "generated": 0, "bbox": {"xmin": 966, "ymin": 519, "ymax": 609, "xmax": 1193}}, {"tid": 1, "generated": 0, "bbox": {"xmin": 825, "ymin": 574, "ymax": 610, "xmax": 868}}], [{"tid": 0, "generated": 0, "bbox": {"xmin": 960, "ymin": 522, "ymax": 616, "xmax": 1192}}, {"tid": 1, "generated": 0, "bbox": {"xmin": 815, "ymin": 579, "ymax": 616, "xmax": 860}}], [{"tid": 0, "generated": 0, "bbox": {"xmin": 949, "ymin": 525, "ymax": 621, "xmax": 1189}}, {"tid": 1, "generated": 0, "bbox": {"xmin": 806, "ymin": 583, "ymax": 622, "xmax": 851}}], [{"tid": 0, "generated": 0, "bbox": {"xmin": 944, "ymin": 528, "ymax": 618, "xmax": 1184}}, {"tid": 1, "generated": 0, "bbox": {"xmin": 796, "ymin": 587, "ymax": 628, "xmax": 843}}], [{"tid": 0, "generated": 0, "bbox": {"xmin": 941, "ymin": 525, "ymax": 622, "xmax": 1190}}, {"tid": 1, "generated": 0, "bbox": {"xmin": 790, "ymin": 583, "ymax": 628, "xmax": 842}}], [{"tid": 0, "generated": 0, "bbox": {"xmin": 938, "ymin": 522, "ymax": 626, "xmax": 1197}}, {"tid": 1, "generated": 0, "bbox": {"xmin": 784, "ymin": 579, "ymax": 628, "xmax": 841}}], [{"tid": 0, "generated": 0, "bbox": {"xmin": 936, "ymin": 518, "ymax": 624, "xmax": 1206}}, {"tid": 1, "generated": 0, "bbox": {"xmin": 777, "ymin": 574, "ymax": 628, "xmax": 839}}], [{"tid": 0, "generated": 0, "bbox": {"xmin": 935, "ymin": 514, "ymax": 622, "xmax": 1215}}, {"tid": 1, "generated": 0, "bbox": {"xmin": 771, "ymin": 570, "ymax": 628, "xmax": 838}}], [{"tid": 0, "generated": 0, "bbox": {"xmin": 934, "ymin": 510, "ymax": 620, "xmax": 1224}}, {"tid": 1, "generated": 0, "bbox": {"xmin": 765, "ymin": 566, "ymax": 628, "xmax": 837}}], [{"tid": 0, "generated": 0, "bbox": {"xmin": 933, "ymin": 506, "ymax": 618, "xmax": 1234}}, {"tid": 1, "generated": 0, "bbox": {"xmin": 748, "ymin": 561, "ymax": 624, "xmax": 829}}], [{"tid": 0, "generated": 0, "bbox": {"xmin": 929, "ymin": 502, "ymax": 615, "xmax": 1234}}, {"tid": 1, "generated": 0, "bbox": {"xmin": 731, "ymin": 556, "ymax": 620, "xmax": 820}}], [{"tid": 0, "generated": 0, "bbox": {"xmin": 925, "ymin": 498, "ymax": 613, "xmax": 1234}}, {"tid": 1, "generated": 0, "bbox": {"xmin": 715, "ymin": 552, "ymax": 616, "xmax": 812}}], [{"tid": 0, "generated": 0, "bbox": {"xmin": 928, "ymin": 498, "ymax": 613, "xmax": 1240}}, {"tid": 1, "generated": 0, "bbox": {"xmin": 698, "ymin": 547, "ymax": 612, "xmax": 803}}], [{"tid": 0, "generated": 0, "bbox": {"xmin": 922, "ymin": 493, "ymax": 616, "xmax": 1245}}, {"tid": 1, "generated": 0, "bbox": {"xmin": 681, "ymin": 542, "ymax": 608, "xmax": 795}}], [{"tid": 0, "generated": 0, "bbox": {"xmin": 910, "ymin": 495, "ymax": 621, "xmax": 1243}}, {"tid": 1, "generated": 0, "bbox": {"xmin": 671, "ymin": 542, "ymax": 617, "xmax": 780}}], [{"tid": 0, "generated": 0, "bbox": {"xmin": 898, "ymin": 498, "ymax": 626, "xmax": 1242}}, {"tid": 1, "generated": 0, "bbox": {"xmin": 660, "ymin": 542, "ymax": 626, "xmax": 766}}], [{"tid": 0, "generated": 0, "bbox": {"xmin": 893, "ymin": 503, "ymax": 633, "xmax": 1241}}, {"tid": 1, "generated": 0, "bbox": {"xmin": 650, "ymin": 542, "ymax": 634, "xmax": 751}}], [{"tid": 0, "generated": 0, "bbox": {"xmin": 889, "ymin": 509, "ymax": 641, "xmax": 1241}}, {"tid": 1, "generated": 0, "bbox": {"xmin": 639, "ymin": 542, "ymax": 643, "xmax": 737}}], [{"tid": 0, "generated": 0, "bbox": {"xmin": 884, "ymin": 514, "ymax": 648, "xmax": 1240}}, {"tid": 1, "generated": 0, "bbox": {"xmin": 629, "ymin": 542, "ymax": 652, "xmax": 722}}], [{"tid": 0, "generated": 0, "bbox": {"xmin": 880, "ymin": 520, "ymax": 656, "xmax": 1240}}, {"tid": 1, "generated": 0, "bbox": {"xmin": 610, "ymin": 550, "ymax": 669, "xmax": 707}}], [{"tid": 0, "generated": 0, "bbox": {"xmin": 865, "ymin": 532, "ymax": 673, "xmax": 1238}}, {"tid": 1, "generated": 0, "bbox": {"xmin": 591, "ymin": 558, "ymax": 685, "xmax": 692}}], [{"tid": 0, "generated": 0, "bbox": {"xmin": 850, "ymin": 544, "ymax": 690, "xmax": 1237}}, {"tid": 1, "generated": 0, "bbox": {"xmin": 571, "ymin": 566, "ymax": 702, "xmax": 676}}], [{"tid": 0, "generated": 0, "bbox": {"xmin": 842, "ymin": 562, "ymax": 714, "xmax": 1237}}, {"tid": 1, "generated": 0, "bbox": {"xmin": 552, "ymin": 574, "ymax": 718, "xmax": 661}}], [{"tid": 0, "generated": 0, "bbox": {"xmin": 813, "ymin": 576, "ymax": 733, "xmax": 1234}}, {"tid": 1, "generated": 0, "bbox": {"xmin": 533, "ymin": 582, "ymax": 735, "xmax": 646}}], [{"tid": 0, "generated": 0, "bbox": {"xmin": 799, "ymin": 588, "ymax": 741, "xmax": 1234}}, {"tid": 1, "generated": 0, "bbox": {"xmin": 516, "ymin": 590, "ymax": 746, "xmax": 635}}], [{"tid": 0, "generated": 0, "bbox": {"xmin": 786, "ymin": 600, "ymax": 749, "xmax": 1234}}, {"tid": 1, "generated": 0, "bbox": {"xmin": 499, "ymin": 599, "ymax": 757, "xmax": 624}}], [{"tid": 0, "generated": 0, "bbox": {"xmin": 782, "ymin": 604, "ymax": 759, "xmax": 1235}}, {"tid": 1, "generated": 0, "bbox": {"xmin": 483, "ymin": 607, "ymax": 769, "xmax": 613}}], [{"tid": 0, "generated": 0, "bbox": {"xmin": 779, "ymin": 609, "ymax": 769, "xmax": 1237}}, {"tid": 1, "generated": 0, "bbox": {"xmin": 466, "ymin": 616, "ymax": 780, "xmax": 602}}], [{"tid": 0, "generated": 0, "bbox": {"xmin": 776, "ymin": 613, "ymax": 779, "xmax": 1238}}, {"tid": 1, "generated": 0, "bbox": {"xmin": 449, "ymin": 624, "ymax": 791, "xmax": 591}}], [{"tid": 0, "generated": 0, "bbox": {"xmin": 773, "ymin": 618, "ymax": 789, "xmax": 1240}}, {"tid": 1, "generated": 0, "bbox": {"xmin": 462, "ymin": 615, "ymax": 788, "xmax": 610}}], [{"tid": 0, "generated": 0, "bbox": {"xmin": 778, "ymin": 615, "ymax": 785, "xmax": 1256}}, {"tid": 1, "generated": 0, "bbox": {"xmin": 476, "ymin": 607, "ymax": 786, "xmax": 630}}], [{"tid": 0, "generated": 0, "bbox": {"xmin": 784, "ymin": 613, "ymax": 781, "xmax": 1272}}, {"tid": 1, "generated": 0, "bbox": {"xmin": 489, "ymin": 598, "ymax": 783, "xmax": 649}}], [{"tid": 0, "generated": 0, "bbox": {"xmin": 794, "ymin": 613, "ymax": 781, "xmax": 1290}}, {"tid": 1, "generated": 0, "bbox": {"xmin": 503, "ymin": 590, "ymax": 781, "xmax": 669}}], [{"tid": 0, "generated": 0, "bbox": {"xmin": 821, "ymin": 597, "ymax": 781, "xmax": 1309}}, {"tid": 1, "generated": 0, "bbox": {"xmin": 516, "ymin": 581, "ymax": 778, "xmax": 688}}], [{"tid": 0, "generated": 0, "bbox": {"xmin": 841, "ymin": 590, "ymax": 773, "xmax": 1319}}, {"tid": 1, "generated": 0, "bbox": {"xmin": 526, "ymin": 569, "ymax": 773, "xmax": 712}}], [{"tid": 0, "generated": 0, "bbox": {"xmin": 861, "ymin": 584, "ymax": 765, "xmax": 1330}}, {"tid": 1, "generated": 0, "bbox": {"xmin": 536, "ymin": 557, "ymax": 769, "xmax": 736}}], [{"tid": 0, "generated": 0, "bbox": {"xmin": 865, "ymin": 580, "ymax": 762, "xmax": 1337}}, {"tid": 1, "generated": 0, "bbox": {"xmin": 546, "ymin": 545, "ymax": 764, "xmax": 761}}], [{"tid": 0, "generated": 0, "bbox": {"xmin": 870, "ymin": 577, "ymax": 759, "xmax": 1345}}, {"tid": 1, "generated": 0, "bbox": {"xmin": 556, "ymin": 533, "ymax": 760, "xmax": 785}}], [{"tid": 0, "generated": 0, "bbox": {"xmin": 875, "ymin": 573, "ymax": 756, "xmax": 1352}}, {"tid": 1, "generated": 0, "bbox": {"xmin": 566, "ymin": 521, "ymax": 755, "xmax": 809}}], [{"tid": 0, "generated": 0, "bbox": {"xmin": 880, "ymin": 570, "ymax": 754, "xmax": 1360}}, {"tid": 1, "generated": 0, "bbox": {"xmin": 560, "ymin": 518, "ymax": 753, "xmax": 801}}], [{"tid": 0, "generated": 0, "bbox": {"xmin": 868, "ymin": 570, "ymax": 752, "xmax": 1350}}, {"tid": 1, "generated": 0, "bbox": {"xmin": 554, "ymin": 514, "ymax": 752, "xmax": 794}}], [{"tid": 0, "generated": 0, "bbox": {"xmin": 856, "ymin": 570, "ymax": 750, "xmax": 1340}}, {"tid": 1, "generated": 0, "bbox": {"xmin": 547, "ymin": 511, "ymax": 750, "xmax": 786}}], [{"tid": 0, "generated": 0, "bbox": {"xmin": 845, "ymin": 570, "ymax": 749, "xmax": 1330}}, {"tid": 1, "generated": 0, "bbox": {"xmin": 541, "ymin": 507, "ymax": 749, "xmax": 779}}], [{"tid": 0, "generated": 0, "bbox": {"xmin": 848, "ymin": 570, "ymax": 749, "xmax": 1320}}, {"tid": 1, "generated": 0, "bbox": {"xmin": 535, "ymin": 504, "ymax": 747, "xmax": 771}}], [{"tid": 0, "generated": 0, "bbox": {"xmin": 850, "ymin": 569, "ymax": 747, "xmax": 1321}}, {"tid": 1, "generated": 0, "bbox": {"xmin": 537, "ymin": 502, "ymax": 746, "xmax": 772}}], [{"tid": 0, "generated": 0, "bbox": {"xmin": 853, "ymin": 569, "ymax": 746, "xmax": 1322}}, {"tid": 1, "generated": 0, "bbox": {"xmin": 539, "ymin": 500, "ymax": 744, "xmax": 773}}], [{"tid": 0, "generated": 0, "bbox": {"xmin": 856, "ymin": 569, "ymax": 745, "xmax": 1324}}, {"tid": 1, "generated": 0, "bbox": {"xmin": 542, "ymin": 499, "ymax": 743, "xmax": 775}}], [{"tid": 0, "generated": 0, "bbox": {"xmin": 858, "ymin": 568, "ymax": 743, "xmax": 1325}}, {"tid": 1, "generated": 0, "bbox": {"xmin": 544, "ymin": 497, "ymax": 741, "xmax": 776}}], [{"tid": 0, "generated": 0, "bbox": {"xmin": 861, "ymin": 568, "ymax": 742, "xmax": 1326}}, {"tid": 1, "generated": 0, "bbox": {"xmin": 546, "ymin": 495, "ymax": 740, "xmax": 777}}], [{"tid": 0, "generated": 0, "bbox": {"xmin": 864, "ymin": 568, "ymax": 741, "xmax": 1328}}, {"tid": 1, "generated": 0, "bbox": {"xmin": 551, "ymin": 499, "ymax": 744, "xmax": 779}}], [{"tid": 0, "generated": 0, "bbox": {"xmin": 862, "ymin": 570, "ymax": 741, "xmax": 1333}}, {"tid": 1, "generated": 0, "bbox": {"xmin": 555, "ymin": 504, "ymax": 748, "xmax": 781}}], [{"tid": 0, "generated": 0, "bbox": {"xmin": 861, "ymin": 573, "ymax": 741, "xmax": 1338}}, {"tid": 1, "generated": 0, "bbox": {"xmin": 560, "ymin": 508, "ymax": 752, "xmax": 783}}], [{"tid": 0, "generated": 0, "bbox": {"xmin": 866, "ymin": 577, "ymax": 745, "xmax": 1345}}, {"tid": 1, "generated": 0, "bbox": {"xmin": 564, "ymin": 513, "ymax": 756, "xmax": 785}}]], "subject/objects": [{"category": "motorcycle", "tid": 0}, {"category": "person", "tid": 1}], "relation_instances": [{"end_fid": 45, "subject_tid": 0, "predicate": "lie_right", "begin_fid": 15, "object_tid": 1}, {"end_fid": 45, "subject_tid": 1, "predicate": "left", "begin_fid": 15, "object_tid": 0}, {"end_fid": 60, "subject_tid": 0, "predicate": "lie_right", "begin_fid": 30, "object_tid": 1}, {"end_fid": 60, "subject_tid": 1, "predicate": "walk_left", "begin_fid": 30, "object_tid": 0}, {"end_fid": 75, "subject_tid": 0, "predicate": "lie_right", "begin_fid": 45, "object_tid": 1}, {"end_fid": 75, "subject_tid": 1, "predicate": "walk_left", "begin_fid": 45, "object_tid": 0}], "height": 1080}