{"width": 1280, "frame_count": 870, "video_id": "ILSVRC2015_train_00735001", "fps": 29, "trajectories": [[], [], [], [], [], [], [], [], [], [], [], [], [], [], [], [{"tid": 0, "generated": 0, "bbox": {"xmin": 549, "ymin": 190, "ymax": 714, "xmax": 1276}}, {"tid": 1, "generated": 0, "bbox": {"xmin": 476, "ymin": 291, "ymax": 357, "xmax": 549}}], [{"tid": 0, "generated": 0, "bbox": {"xmin": 535, "ymin": 197, "ymax": 716, "xmax": 1276}}, {"tid": 1, "generated": 0, "bbox": {"xmin": 476, "ymin": 282, "ymax": 353, "xmax": 576}}], [{"tid": 0, "generated": 0, "bbox": {"xmin": 535, "ymin": 197, "ymax": 718, "xmax": 1274}}, {"tid": 1, "generated": 0, "bbox": {"xmin": 464, "ymin": 295, "ymax": 364, "xmax": 556}}], [{"tid": 0, "generated": 0, "bbox": {"xmin": 496, "ymin": 206, "ymax": 716, "xmax": 1278}}, {"tid": 1, "generated": 0, "bbox": {"xmin": 448, "ymin": 311, "ymax": 391, "xmax": 522}}], [{"tid": 0, "generated": 0, "bbox": {"xmin": 488, "ymin": 209, "ymax": 716, "xmax": 1278}}, {"tid": 1, "generated": 0, "bbox": {"xmin": 405, "ymin": 312, "ymax": 455, "xmax": 512}}], [{"tid": 0, "generated": 0, "bbox": {"xmin": 488, "ymin": 215, "ymax": 716, "xmax": 1278}}, {"tid": 1, "generated": 0, "bbox": {"xmin": 387, "ymin": 321, "ymax": 453, "xmax": 519}}], [{"tid": 0, "generated": 0, "bbox": {"xmin": 490, "ymin": 215, "ymax": 712, "xmax": 1278}}, {"tid": 1, "generated": 0, "bbox": {"xmin": 392, "ymin": 327, "ymax": 426, "xmax": 513}}], [{"tid": 0, "generated": 0, "bbox": {"xmin": 490, "ymin": 215, "ymax": 718, "xmax": 1276}}, {"tid": 1, "generated": 0, "bbox": {"xmin": 444, "ymin": 327, "ymax": 387, "xmax": 508}}], [{"tid": 0, "generated": 0, "bbox": {"xmin": 490, "ymin": 215, "ymax": 716, "xmax": 1278}}, {"tid": 1, "generated": 0, "bbox": {"xmin": 455, "ymin": 263, "ymax": 359, "xmax": 515}}], [{"tid": 0, "generated": 0, "bbox": {"xmin": 490, "ymin": 215, "ymax": 716, "xmax": 1278}}, {"tid": 1, "generated": 0, "bbox": {"xmin": 472, "ymin": 248, "ymax": 344, "xmax": 529}}], [{"tid": 0, "generated": 0, "bbox": {"xmin": 490, "ymin": 208, "ymax": 716, "xmax": 1276}}, {"tid": 1, "generated": 0, "bbox": {"xmin": 476, "ymin": 254, "ymax": 330, "xmax": 529}}], [{"tid": 0, "generated": 0, "bbox": {"xmin": 490, "ymin": 197, "ymax": 714, "xmax": 1278}}, {"tid": 1, "generated": 0, "bbox": {"xmin": 439, "ymin": 263, "ymax": 392, "xmax": 520}}], [{"tid": 0, "generated": 0, "bbox": {"xmin": 490, "ymin": 193, "ymax": 714, "xmax": 1278}}, {"tid": 1, "generated": 0, "bbox": {"xmin": 478, "ymin": 257, "ymax": 316, "xmax": 528}}], [{"tid": 0, "generated": 0, "bbox": {"xmin": 490, "ymin": 188, "ymax": 714, "xmax": 1278}}, {"tid": 1, "generated": 0, "bbox": {"xmin": 478, "ymin": 243, "ymax": 309, "xmax": 531}}], [{"tid": 0, "generated": 0, "bbox": {"xmin": 490, "ymin": 181, "ymax": 718, "xmax": 1276}}, {"tid": 1, "generated": 0, "bbox": {"xmin": 481, "ymin": 234, "ymax": 305, "xmax": 540}}], [{"tid": 0, "generated": 0, "bbox": {"xmin": 490, "ymin": 175, "ymax": 717, "xmax": 1276}}, {"tid": 1, "generated": 0, "bbox": {"xmin": 483, "ymin": 154, "ymax": 298, "xmax": 620}}], [{"tid": 0, "generated": 0, "bbox": {"xmin": 490, "ymin": 170, "ymax": 716, "xmax": 1277}}, {"tid": 1, "generated": 0, "bbox": {"xmin": 487, "ymin": 160, "ymax": 295, "xmax": 604}}], [{"tid": 0, "generated": 0, "bbox": {"xmin": 490, "ymin": 165, "ymax": 716, "xmax": 1278}}, {"tid": 1, "generated": 0, "bbox": {"xmin": 487, "ymin": 168, "ymax": 286, "xmax": 544}}], [{"tid": 0, "generated": 0, "bbox": {"xmin": 499, "ymin": 156, "ymax": 718, "xmax": 1274}}, {"tid": 1, "generated": 0, "bbox": {"xmin": 400, "ymin": 247, "ymax": 323, "xmax": 519}}], [{"tid": 0, "generated": 0, "bbox": {"xmin": 503, "ymin": 160, "ymax": 716, "xmax": 1278}}, {"tid": 1, "generated": 0, "bbox": {"xmin": 400, "ymin": 247, "ymax": 352, "xmax": 517}}], [{"tid": 0, "generated": 0, "bbox": {"xmin": 506, "ymin": 160, "ymax": 718, "xmax": 1276}}, {"tid": 1, "generated": 0, "bbox": {"xmin": 442, "ymin": 261, "ymax": 337, "xmax": 528}}], [{"tid": 0, "generated": 0, "bbox": {"xmin": 522, "ymin": 165, "ymax": 718, "xmax": 1274}}, {"tid": 1, "generated": 0, "bbox": {"xmin": 469, "ymin": 256, "ymax": 318, "xmax": 558}}], [{"tid": 0, "generated": 0, "bbox": {"xmin": 528, "ymin": 167, "ymax": 718, "xmax": 1274}}, {"tid": 1, "generated": 0, "bbox": {"xmin": 469, "ymin": 257, "ymax": 327, "xmax": 554}}], [{"tid": 0, "generated": 0, "bbox": {"xmin": 504, "ymin": 163, "ymax": 716, "xmax": 1276}}, {"tid": 1, "generated": 0, "bbox": {"xmin": 455, "ymin": 277, "ymax": 336, "xmax": 528}}], [{"tid": 0, "generated": 0, "bbox": {"xmin": 504, "ymin": 163, "ymax": 718, "xmax": 1276}}, {"tid": 1, "generated": 0, "bbox": {"xmin": 417, "ymin": 272, "ymax": 410, "xmax": 524}}], [{"tid": 0, "generated": 0, "bbox": {"xmin": 496, "ymin": 163, "ymax": 718, "xmax": 1276}}, {"tid": 1, "generated": 0, "bbox": {"xmin": 403, "ymin": 272, "ymax": 392, "xmax": 522}}], [{"tid": 0, "generated": 0, "bbox": {"xmin": 496, "ymin": 163, "ymax": 716, "xmax": 1278}}, {"tid": 1, "generated": 0, "bbox": {"xmin": 360, "ymin": 272, "ymax": 417, "xmax": 520}}], [{"tid": 0, "generated": 0, "bbox": {"xmin": 487, "ymin": 168, "ymax": 714, "xmax": 1276}}, {"tid": 1, "generated": 0, "bbox": {"xmin": 400, "ymin": 279, "ymax": 366, "xmax": 504}}], [{"tid": 0, "generated": 0, "bbox": {"xmin": 487, "ymin": 168, "ymax": 718, "xmax": 1276}}, {"tid": 1, "generated": 0, "bbox": {"xmin": 426, "ymin": 229, "ymax": 323, "xmax": 497}}], [{"tid": 0, "generated": 0, "bbox": {"xmin": 487, "ymin": 172, "ymax": 718, "xmax": 1276}}, {"tid": 1, "generated": 0, "bbox": {"xmin": 442, "ymin": 209, "ymax": 309, "xmax": 499}}]], "subject/objects": [{"category": "bird", "tid": 0}, {"category": "snake", "tid": 1}], "relation_instances": [{"end_fid": 45, "subject_tid": 0, "predicate": "stand_behind", "begin_fid": 15, "object_tid": 1}, {"end_fid": 45, "subject_tid": 0, "predicate": "taller", "begin_fid": 15, "object_tid": 1}, {"end_fid": 45, "subject_tid": 0, "predicate": "larger", "begin_fid": 15, "object_tid": 1}, {"end_fid": 45, "subject_tid": 0, "predicate": "bite", "begin_fid": 15, "object_tid": 1}, {"end_fid": 45, "subject_tid": 0, "predicate": "hold", "begin_fid": 15, "object_tid": 1}, {"end_fid": 45, "subject_tid": 1, "predicate": "jump_front", "begin_fid": 15, "object_tid": 0}], "height": 720}