{"width": 480, "frame_count": 600, "video_id": "ILSVRC2015_train_00376000", "fps": 30, "trajectories": [[], [], [], [], [], [], [], [], [], [], [], [], [], [], [], [], [], [], [], [], [], [], [], [], [], [], [], [], [], [], [{"tid": 0, "generated": 0, "bbox": {"xmin": 0, "ymin": 61, "ymax": 259, "xmax": 47}}, {"tid": 2, "generated": 0, "bbox": {"xmin": 140, "ymin": 69, "ymax": 356, "xmax": 307}}, {"tid": 3, "generated": 0, "bbox": {"xmin": 260, "ymin": 71, "ymax": 196, "xmax": 315}}], [{"tid": 0, "generated": 0, "bbox": {"xmin": 0, "ymin": 62, "ymax": 259, "xmax": 53}}, {"tid": 2, "generated": 0, "bbox": {"xmin": 140, "ymin": 65, "ymax": 356, "xmax": 307}}, {"tid": 3, "generated": 0, "bbox": {"xmin": 263, "ymin": 72, "ymax": 197, "xmax": 318}}], [{"tid": 0, "generated": 0, "bbox": {"xmin": 0, "ymin": 60, "ymax": 256, "xmax": 54}}, {"tid": 2, "generated": 0, "bbox": {"xmin": 140, "ymin": 61, "ymax": 356, "xmax": 307}}, {"tid": 3, "generated": 0, "bbox": {"xmin": 267, "ymin": 73, "ymax": 198, "xmax": 322}}], [{"tid": 0, "generated": 0, "bbox": {"xmin": 0, "ymin": 58, "ymax": 253, "xmax": 56}}, {"tid": 2, "generated": 0, "bbox": {"xmin": 140, "ymin": 56, "ymax": 356, "xmax": 307}}, {"tid": 3, "generated": 0, "bbox": {"xmin": 270, "ymin": 73, "ymax": 198, "xmax": 325}}], [{"tid": 0, "generated": 0, "bbox": {"xmin": 0, "ymin": 56, "ymax": 249, "xmax": 61}}, {"tid": 2, "generated": 0, "bbox": {"xmin": 140, "ymin": 52, "ymax": 356, "xmax": 307}}, {"tid": 3, "generated": 0, "bbox": {"xmin": 274, "ymin": 74, "ymax": 199, "xmax": 329}}], [{"tid": 0, "generated": 0, "bbox": {"xmin": 0, "ymin": 50, "ymax": 242, "xmax": 64}}, {"tid": 2, "generated": 0, "bbox": {"xmin": 140, "ymin": 48, "ymax": 356, "xmax": 307}}, {"tid": 3, "generated": 0, "bbox": {"xmin": 277, "ymin": 75, "ymax": 200, "xmax": 332}}], [{"tid": 0, "generated": 0, "bbox": {"xmin": 0, "ymin": 48, "ymax": 240, "xmax": 65}}, {"tid": 2, "generated": 0, "bbox": {"xmin": 137, "ymin": 45, "ymax": 356, "xmax": 307}}, {"tid": 3, "generated": 0, "bbox": {"xmin": 278, "ymin": 75, "ymax": 200, "xmax": 333}}], [{"tid": 0, "generated": 0, "bbox": {"xmin": 0, "ymin": 46, "ymax": 238, "xmax": 66}}, {"tid": 2, "generated": 0, "bbox": {"xmin": 134, "ymin": 41, "ymax": 356, "xmax": 307}}, {"tid": 3, "generated": 0, "bbox": {"xmin": 279, "ymin": 75, "ymax": 200, "xmax": 334}}], [{"tid": 0, "generated": 0, "bbox": {"xmin": 0, "ymin": 46, "ymax": 237, "xmax": 68}}, {"tid": 2, "generated": 0, "bbox": {"xmin": 131, "ymin": 38, "ymax": 356, "xmax": 307}}, {"tid": 3, "generated": 0, "bbox": {"xmin": 280, "ymin": 75, "ymax": 200, "xmax": 335}}], [{"tid": 0, "generated": 0, "bbox": {"xmin": 0, "ymin": 46, "ymax": 237, "xmax": 69}}, {"tid": 2, "generated": 0, "bbox": {"xmin": 128, "ymin": 34, "ymax": 356, "xmax": 307}}, {"tid": 3, "generated": 0, "bbox": {"xmin": 281, "ymin": 75, "ymax": 200, "xmax": 336}}], [{"tid": 0, "generated": 0, "bbox": {"xmin": 0, "ymin": 46, "ymax": 238, "xmax": 71}}, {"tid": 2, "generated": 0, "bbox": {"xmin": 125, "ymin": 31, "ymax": 356, "xmax": 307}}, {"tid": 3, "generated": 0, "bbox": {"xmin": 282, "ymin": 75, "ymax": 200, "xmax": 337}}], [{"tid": 0, "generated": 0, "bbox": {"xmin": 0, "ymin": 49, "ymax": 240, "xmax": 72}}, {"tid": 2, "generated": 0, "bbox": {"xmin": 125, "ymin": 31, "ymax": 356, "xmax": 308}}, {"tid": 3, "generated": 0, "bbox": {"xmin": 282, "ymin": 74, "ymax": 200, "xmax": 339}}], [{"tid": 0, "generated": 0, "bbox": {"xmin": 0, "ymin": 52, "ymax": 242, "xmax": 74}}, {"tid": 2, "generated": 0, "bbox": {"xmin": 125, "ymin": 31, "ymax": 356, "xmax": 309}}, {"tid": 3, "generated": 0, "bbox": {"xmin": 282, "ymin": 74, "ymax": 200, "xmax": 341}}], [{"tid": 0, "generated": 0, "bbox": {"xmin": 0, "ymin": 56, "ymax": 245, "xmax": 76}}, {"tid": 2, "generated": 0, "bbox": {"xmin": 125, "ymin": 31, "ymax": 356, "xmax": 310}}, {"tid": 3, "generated": 0, "bbox": {"xmin": 282, "ymin": 73, "ymax": 200, "xmax": 343}}], [{"tid": 0, "generated": 0, "bbox": {"xmin": 0, "ymin": 58, "ymax": 246, "xmax": 78}}, {"tid": 2, "generated": 0, "bbox": {"xmin": 125, "ymin": 31, "ymax": 356, "xmax": 311}}, {"tid": 3, "generated": 0, "bbox": {"xmin": 282, "ymin": 73, "ymax": 200, "xmax": 345}}], [{"tid": 0, "generated": 0, "bbox": {"xmin": 0, "ymin": 61, "ymax": 247, "xmax": 80}}, {"tid": 2, "generated": 0, "bbox": {"xmin": 125, "ymin": 31, "ymax": 356, "xmax": 312}}, {"tid": 3, "generated": 0, "bbox": {"xmin": 282, "ymin": 72, "ymax": 200, "xmax": 347}}], [{"tid": 0, "generated": 0, "bbox": {"xmin": 0, "ymin": 64, "ymax": 249, "xmax": 83}}, {"tid": 2, "generated": 0, "bbox": {"xmin": 125, "ymin": 31, "ymax": 356, "xmax": 312}}, {"tid": 3, "generated": 0, "bbox": {"xmin": 284, "ymin": 74, "ymax": 202, "xmax": 349}}], [{"tid": 0, "generated": 0, "bbox": {"xmin": 0, "ymin": 64, "ymax": 248, "xmax": 84}}, {"tid": 2, "generated": 0, "bbox": {"xmin": 125, "ymin": 31, "ymax": 356, "xmax": 312}}, {"tid": 3, "generated": 0, "bbox": {"xmin": 286, "ymin": 76, "ymax": 204, "xmax": 351}}], [{"tid": 0, "generated": 0, "bbox": {"xmin": 0, "ymin": 64, "ymax": 248, "xmax": 84}}, {"tid": 2, "generated": 0, "bbox": {"xmin": 125, "ymin": 31, "ymax": 356, "xmax": 312}}, {"tid": 3, "generated": 0, "bbox": {"xmin": 288, "ymin": 77, "ymax": 205, "xmax": 353}}], [{"tid": 0, "generated": 0, "bbox": {"xmin": 0, "ymin": 65, "ymax": 248, "xmax": 85}}, {"tid": 2, "generated": 0, "bbox": {"xmin": 125, "ymin": 31, "ymax": 356, "xmax": 312}}, {"tid": 3, "generated": 0, "bbox": {"xmin": 290, "ymin": 79, "ymax": 207, "xmax": 355}}], [{"tid": 0, "generated": 0, "bbox": {"xmin": 0, "ymin": 66, "ymax": 248, "xmax": 86}}, {"tid": 2, "generated": 0, "bbox": {"xmin": 125, "ymin": 31, "ymax": 356, "xmax": 312}}, {"tid": 3, "generated": 0, "bbox": {"xmin": 292, "ymin": 81, "ymax": 209, "xmax": 357}}], [{"tid": 0, "generated": 0, "bbox": {"xmin": 0, "ymin": 68, "ymax": 249, "xmax": 87}}, {"tid": 2, "generated": 0, "bbox": {"xmin": 125, "ymin": 31, "ymax": 356, "xmax": 312}}, {"tid": 3, "generated": 0, "bbox": {"xmin": 292, "ymin": 80, "ymax": 208, "xmax": 357}}], [{"tid": 0, "generated": 0, "bbox": {"xmin": 0, "ymin": 67, "ymax": 245, "xmax": 88}}, {"tid": 2, "generated": 0, "bbox": {"xmin": 125, "ymin": 31, "ymax": 356, "xmax": 312}}, {"tid": 3, "generated": 0, "bbox": {"xmin": 292, "ymin": 80, "ymax": 208, "xmax": 357}}], [{"tid": 0, "generated": 0, "bbox": {"xmin": 0, "ymin": 67, "ymax": 242, "xmax": 89}}, {"tid": 2, "generated": 0, "bbox": {"xmin": 125, "ymin": 31, "ymax": 356, "xmax": 312}}, {"tid": 3, "generated": 0, "bbox": {"xmin": 292, "ymin": 79, "ymax": 207, "xmax": 357}}], [{"tid": 0, "generated": 0, "bbox": {"xmin": 0, "ymin": 68, "ymax": 236, "xmax": 94}}, {"tid": 2, "generated": 0, "bbox": {"xmin": 125, "ymin": 31, "ymax": 356, "xmax": 312}}, {"tid": 3, "generated": 0, "bbox": {"xmin": 292, "ymin": 79, "ymax": 207, "xmax": 357}}], [{"tid": 0, "generated": 0, "bbox": {"xmin": 0, "ymin": 67, "ymax": 240, "xmax": 97}}, {"tid": 2, "generated": 0, "bbox": {"xmin": 125, "ymin": 31, "ymax": 356, "xmax": 312}}, {"tid": 3, "generated": 0, "bbox": {"xmin": 292, "ymin": 78, "ymax": 206, "xmax": 357}}], [{"tid": 0, "generated": 0, "bbox": {"xmin": 0, "ymin": 66, "ymax": 240, "xmax": 96}}, {"tid": 2, "generated": 0, "bbox": {"xmin": 132, "ymin": 28, "ymax": 353, "xmax": 319}}, {"tid": 3, "generated": 0, "bbox": {"xmin": 292, "ymin": 75, "ymax": 203, "xmax": 357}}], [{"tid": 0, "generated": 0, "bbox": {"xmin": 0, "ymin": 63, "ymax": 236, "xmax": 99}}, {"tid": 2, "generated": 0, "bbox": {"xmin": 138, "ymin": 25, "ymax": 350, "xmax": 325}}, {"tid": 3, "generated": 0, "bbox": {"xmin": 292, "ymin": 72, "ymax": 200, "xmax": 357}}], [{"tid": 0, "generated": 0, "bbox": {"xmin": 0, "ymin": 56, "ymax": 230, "xmax": 98}}, {"tid": 2, "generated": 0, "bbox": {"xmin": 145, "ymin": 22, "ymax": 347, "xmax": 332}}, {"tid": 3, "generated": 0, "bbox": {"xmin": 292, "ymin": 70, "ymax": 198, "xmax": 357}}], [{"tid": 0, "generated": 0, "bbox": {"xmin": 0, "ymin": 51, "ymax": 224, "xmax": 98}}, {"tid": 2, "generated": 0, "bbox": {"xmin": 151, "ymin": 19, "ymax": 344, "xmax": 338}}, {"tid": 3, "generated": 0, "bbox": {"xmin": 292, "ymin": 67, "ymax": 195, "xmax": 357}}], [], [], [], [], [], [], [], [], [], [], [], [], [], [], [], [{"tid": 0, "generated": 0, "bbox": {"xmin": 0, "ymin": 44, "ymax": 231, "xmax": 131}}, {"tid": 1, "generated": 0, "bbox": {"xmin": 128, "ymin": 134, "ymax": 219, "xmax": 224}}, {"tid": 2, "generated": 0, "bbox": {"xmin": 218, "ymin": 0, "ymax": 357, "xmax": 431}}, {"tid": 3, "generated": 0, "bbox": {"xmin": 301, "ymin": 59, "ymax": 177, "xmax": 348}}], [{"tid": 0, "generated": 0, "bbox": {"xmin": 0, "ymin": 46, "ymax": 232, "xmax": 134}}, {"tid": 1, "generated": 0, "bbox": {"xmin": 130, "ymin": 136, "ymax": 220, "xmax": 223}}, {"tid": 2, "generated": 0, "bbox": {"xmin": 221, "ymin": 0, "ymax": 357, "xmax": 434}}, {"tid": 3, "generated": 0, "bbox": {"xmin": 302, "ymin": 59, "ymax": 174, "xmax": 349}}], [{"tid": 0, "generated": 0, "bbox": {"xmin": 0, "ymin": 46, "ymax": 233, "xmax": 136}}, {"tid": 1, "generated": 0, "bbox": {"xmin": 130, "ymin": 136, "ymax": 214, "xmax": 220}}, {"tid": 2, "generated": 0, "bbox": {"xmin": 224, "ymin": 0, "ymax": 357, "xmax": 437}}, {"tid": 3, "generated": 0, "bbox": {"xmin": 304, "ymin": 59, "ymax": 172, "xmax": 351}}], [{"tid": 0, "generated": 0, "bbox": {"xmin": 0, "ymin": 46, "ymax": 233, "xmax": 141}}, {"tid": 1, "generated": 0, "bbox": {"xmin": 132, "ymin": 136, "ymax": 214, "xmax": 217}}, {"tid": 2, "generated": 0, "bbox": {"xmin": 227, "ymin": 0, "ymax": 358, "xmax": 440}}, {"tid": 3, "generated": 0, "bbox": {"xmin": 306, "ymin": 59, "ymax": 170, "xmax": 353}}], [{"tid": 0, "generated": 0, "bbox": {"xmin": 0, "ymin": 46, "ymax": 232, "xmax": 146}}, {"tid": 1, "generated": 0, "bbox": {"xmin": 133, "ymin": 136, "ymax": 220, "xmax": 221}}, {"tid": 2, "generated": 0, "bbox": {"xmin": 230, "ymin": 0, "ymax": 358, "xmax": 443}}, {"tid": 3, "generated": 0, "bbox": {"xmin": 308, "ymin": 59, "ymax": 168, "xmax": 354}}], [{"tid": 0, "generated": 0, "bbox": {"xmin": 0, "ymin": 46, "ymax": 234, "xmax": 146}}, {"tid": 1, "generated": 0, "bbox": {"xmin": 134, "ymin": 136, "ymax": 220, "xmax": 202}}, {"tid": 2, "generated": 0, "bbox": {"xmin": 233, "ymin": 0, "ymax": 358, "xmax": 446}}, {"tid": 3, "generated": 0, "bbox": {"xmin": 309, "ymin": 60, "ymax": 166, "xmax": 356}}], [{"tid": 0, "generated": 0, "bbox": {"xmin": 0, "ymin": 46, "ymax": 232, "xmax": 144}}, {"tid": 1, "generated": 0, "bbox": {"xmin": 134, "ymin": 136, "ymax": 219, "xmax": 198}}, {"tid": 2, "generated": 0, "bbox": {"xmin": 233, "ymin": 0, "ymax": 358, "xmax": 430}}, {"tid": 3, "generated": 0, "bbox": {"xmin": 311, "ymin": 60, "ymax": 164, "xmax": 357}}], [{"tid": 0, "generated": 0, "bbox": {"xmin": 0, "ymin": 46, "ymax": 230, "xmax": 150}}, {"tid": 1, "generated": 0, "bbox": {"xmin": 138, "ymin": 138, "ymax": 222, "xmax": 196}}, {"tid": 2, "generated": 0, "bbox": {"xmin": 233, "ymin": 0, "ymax": 358, "xmax": 414}}, {"tid": 3, "generated": 0, "bbox": {"xmin": 313, "ymin": 60, "ymax": 162, "xmax": 359}}], [{"tid": 0, "generated": 0, "bbox": {"xmin": 0, "ymin": 47, "ymax": 230, "xmax": 148}}, {"tid": 1, "generated": 0, "bbox": {"xmin": 132, "ymin": 140, "ymax": 222, "xmax": 196}}, {"tid": 2, "generated": 0, "bbox": {"xmin": 233, "ymin": 0, "ymax": 358, "xmax": 397}}, {"tid": 3, "generated": 0, "bbox": {"xmin": 314, "ymin": 60, "ymax": 160, "xmax": 360}}], [{"tid": 0, "generated": 0, "bbox": {"xmin": 0, "ymin": 48, "ymax": 234, "xmax": 146}}, {"tid": 1, "generated": 0, "bbox": {"xmin": 132, "ymin": 137, "ymax": 214, "xmax": 186}}, {"tid": 2, "generated": 0, "bbox": {"xmin": 233, "ymin": 0, "ymax": 358, "xmax": 381}}, {"tid": 3, "generated": 0, "bbox": {"xmin": 316, "ymin": 60, "ymax": 158, "xmax": 362}}], [{"tid": 0, "generated": 0, "bbox": {"xmin": 0, "ymin": 48, "ymax": 231, "xmax": 148}}, {"tid": 1, "generated": 0, "bbox": {"xmin": 131, "ymin": 138, "ymax": 216, "xmax": 188}}, {"tid": 2, "generated": 0, "bbox": {"xmin": 233, "ymin": 0, "ymax": 358, "xmax": 365}}, {"tid": 3, "generated": 0, "bbox": {"xmin": 318, "ymin": 60, "ymax": 156, "xmax": 364}}], [{"tid": 0, "generated": 0, "bbox": {"xmin": 1, "ymin": 49, "ymax": 230, "xmax": 152}}, {"tid": 1, "generated": 0, "bbox": {"xmin": 133, "ymin": 138, "ymax": 216, "xmax": 190}}, {"tid": 2, "generated": 0, "bbox": {"xmin": 246, "ymin": 0, "ymax": 358, "xmax": 388}}, {"tid": 3, "generated": 0, "bbox": {"xmin": 320, "ymin": 60, "ymax": 153, "xmax": 365}}], [{"tid": 0, "generated": 0, "bbox": {"xmin": 3, "ymin": 49, "ymax": 231, "xmax": 156}}, {"tid": 1, "generated": 0, "bbox": {"xmin": 132, "ymin": 138, "ymax": 215, "xmax": 197}}, {"tid": 2, "generated": 0, "bbox": {"xmin": 258, "ymin": 0, "ymax": 358, "xmax": 410}}, {"tid": 3, "generated": 0, "bbox": {"xmin": 321, "ymin": 60, "ymax": 151, "xmax": 367}}], [{"tid": 0, "generated": 0, "bbox": {"xmin": 3, "ymin": 49, "ymax": 229, "xmax": 156}}, {"tid": 1, "generated": 0, "bbox": {"xmin": 130, "ymin": 139, "ymax": 216, "xmax": 197}}, {"tid": 2, "generated": 0, "bbox": {"xmin": 271, "ymin": 0, "ymax": 358, "xmax": 433}}, {"tid": 3, "generated": 0, "bbox": {"xmin": 323, "ymin": 60, "ymax": 149, "xmax": 368}}], [{"tid": 0, "generated": 0, "bbox": {"xmin": 3, "ymin": 49, "ymax": 228, "xmax": 156}}, {"tid": 1, "generated": 0, "bbox": {"xmin": 129, "ymin": 139, "ymax": 216, "xmax": 199}}, {"tid": 2, "generated": 0, "bbox": {"xmin": 283, "ymin": 0, "ymax": 358, "xmax": 455}}, {"tid": 3, "generated": 0, "bbox": {"xmin": 325, "ymin": 60, "ymax": 147, "xmax": 370}}], [{"tid": 0, "generated": 0, "bbox": {"xmin": 0, "ymin": 49, "ymax": 228, "xmax": 156}}, {"tid": 1, "generated": 0, "bbox": {"xmin": 128, "ymin": 140, "ymax": 218, "xmax": 198}}, {"tid": 2, "generated": 0, "bbox": {"xmin": 296, "ymin": 0, "ymax": 358, "xmax": 478}}, {"tid": 3, "generated": 0, "bbox": {"xmin": 327, "ymin": 60, "ymax": 145, "xmax": 372}}], [{"tid": 0, "generated": 0, "bbox": {"xmin": 0, "ymin": 49, "ymax": 227, "xmax": 157}}, {"tid": 1, "generated": 0, "bbox": {"xmin": 128, "ymin": 140, "ymax": 216, "xmax": 200}}, {"tid": 2, "generated": 0, "bbox": {"xmin": 299, "ymin": 0, "ymax": 358, "xmax": 478}}, {"tid": 3, "generated": 0, "bbox": {"xmin": 328, "ymin": 60, "ymax": 143, "xmax": 373}}], [{"tid": 0, "generated": 0, "bbox": {"xmin": 0, "ymin": 49, "ymax": 227, "xmax": 158}}, {"tid": 1, "generated": 0, "bbox": {"xmin": 127, "ymin": 140, "ymax": 216, "xmax": 197}}, {"tid": 2, "generated": 0, "bbox": {"xmin": 303, "ymin": 0, "ymax": 358, "xmax": 478}}, {"tid": 3, "generated": 0, "bbox": {"xmin": 330, "ymin": 60, "ymax": 141, "xmax": 375}}], [{"tid": 0, "generated": 0, "bbox": {"xmin": 0, "ymin": 49, "ymax": 226, "xmax": 159}}, {"tid": 1, "generated": 0, "bbox": {"xmin": 126, "ymin": 140, "ymax": 217, "xmax": 194}}, {"tid": 2, "generated": 0, "bbox": {"xmin": 306, "ymin": 0, "ymax": 358, "xmax": 478}}, {"tid": 3, "generated": 0, "bbox": {"xmin": 332, "ymin": 60, "ymax": 139, "xmax": 376}}], [{"tid": 0, "generated": 0, "bbox": {"xmin": 1, "ymin": 50, "ymax": 228, "xmax": 161}}, {"tid": 1, "generated": 0, "bbox": {"xmin": 125, "ymin": 140, "ymax": 218, "xmax": 191}}, {"tid": 2, "generated": 0, "bbox": {"xmin": 310, "ymin": 0, "ymax": 358, "xmax": 478}}, {"tid": 3, "generated": 0, "bbox": {"xmin": 333, "ymin": 60, "ymax": 137, "xmax": 378}}], [{"tid": 0, "generated": 0, "bbox": {"xmin": 1, "ymin": 50, "ymax": 230, "xmax": 162}}, {"tid": 1, "generated": 0, "bbox": {"xmin": 124, "ymin": 140, "ymax": 218, "xmax": 188}}, {"tid": 2, "generated": 0, "bbox": {"xmin": 313, "ymin": 0, "ymax": 358, "xmax": 478}}, {"tid": 3, "generated": 0, "bbox": {"xmin": 335, "ymin": 60, "ymax": 135, "xmax": 379}}], [{"tid": 0, "generated": 0, "bbox": {"xmin": 8, "ymin": 49, "ymax": 230, "xmax": 162}}, {"tid": 1, "generated": 0, "bbox": {"xmin": 123, "ymin": 140, "ymax": 219, "xmax": 185}}, {"tid": 2, "generated": 0, "bbox": {"xmin": 316, "ymin": 0, "ymax": 358, "xmax": 478}}, {"tid": 3, "generated": 0, "bbox": {"xmin": 337, "ymin": 60, "ymax": 132, "xmax": 381}}], [{"tid": 0, "generated": 0, "bbox": {"xmin": 10, "ymin": 49, "ymax": 232, "xmax": 164}}, {"tid": 1, "generated": 0, "bbox": {"xmin": 122, "ymin": 140, "ymax": 220, "xmax": 182}}, {"tid": 2, "generated": 0, "bbox": {"xmin": 319, "ymin": 0, "ymax": 358, "xmax": 478}}, {"tid": 3, "generated": 0, "bbox": {"xmin": 339, "ymin": 60, "ymax": 130, "xmax": 383}}], [{"tid": 0, "generated": 0, "bbox": {"xmin": 20, "ymin": 49, "ymax": 231, "xmax": 164}}, {"tid": 1, "generated": 0, "bbox": {"xmin": 122, "ymin": 141, "ymax": 221, "xmax": 180}}, {"tid": 2, "generated": 0, "bbox": {"xmin": 322, "ymin": 0, "ymax": 358, "xmax": 478}}, {"tid": 3, "generated": 0, "bbox": {"xmin": 340, "ymin": 60, "ymax": 128, "xmax": 384}}], [{"tid": 0, "generated": 0, "bbox": {"xmin": 22, "ymin": 50, "ymax": 233, "xmax": 165}}, {"tid": 1, "generated": 0, "bbox": {"xmin": 125, "ymin": 141, "ymax": 217, "xmax": 180}}, {"tid": 2, "generated": 0, "bbox": {"xmin": 325, "ymin": 0, "ymax": 358, "xmax": 478}}, {"tid": 3, "generated": 0, "bbox": {"xmin": 342, "ymin": 60, "ymax": 126, "xmax": 386}}], [{"tid": 0, "generated": 0, "bbox": {"xmin": 23, "ymin": 52, "ymax": 233, "xmax": 166}}, {"tid": 1, "generated": 0, "bbox": {"xmin": 128, "ymin": 142, "ymax": 218, "xmax": 176}}, {"tid": 2, "generated": 0, "bbox": {"xmin": 328, "ymin": 0, "ymax": 358, "xmax": 478}}, {"tid": 3, "generated": 0, "bbox": {"xmin": 344, "ymin": 61, "ymax": 124, "xmax": 387}}], [{"tid": 0, "generated": 0, "bbox": {"xmin": 24, "ymin": 52, "ymax": 234, "xmax": 166}}, {"tid": 1, "generated": 0, "bbox": {"xmin": 126, "ymin": 142, "ymax": 214, "xmax": 175}}, {"tid": 2, "generated": 0, "bbox": {"xmin": 329, "ymin": 0, "ymax": 358, "xmax": 478}}, {"tid": 3, "generated": 0, "bbox": {"xmin": 345, "ymin": 61, "ymax": 122, "xmax": 389}}], [{"tid": 0, "generated": 0, "bbox": {"xmin": 24, "ymin": 52, "ymax": 236, "xmax": 164}}, {"tid": 1, "generated": 0, "bbox": {"xmin": 124, "ymin": 143, "ymax": 210, "xmax": 174}}, {"tid": 2, "generated": 0, "bbox": {"xmin": 330, "ymin": 0, "ymax": 358, "xmax": 478}}, {"tid": 3, "generated": 0, "bbox": {"xmin": 347, "ymin": 61, "ymax": 120, "xmax": 390}}], [{"tid": 0, "generated": 0, "bbox": {"xmin": 24, "ymin": 53, "ymax": 238, "xmax": 163}}, {"tid": 1, "generated": 0, "bbox": {"xmin": 122, "ymin": 143, "ymax": 209, "xmax": 173}}, {"tid": 2, "generated": 0, "bbox": {"xmin": 331, "ymin": 0, "ymax": 358, "xmax": 478}}, {"tid": 3, "generated": 0, "bbox": {"xmin": 349, "ymin": 61, "ymax": 118, "xmax": 392}}], [{"tid": 0, "generated": 0, "bbox": {"xmin": 23, "ymin": 54, "ymax": 240, "xmax": 165}}, {"tid": 1, "generated": 0, "bbox": {"xmin": 120, "ymin": 144, "ymax": 208, "xmax": 173}}, {"tid": 2, "generated": 0, "bbox": {"xmin": 332, "ymin": 0, "ymax": 358, "xmax": 478}}, {"tid": 3, "generated": 0, "bbox": {"xmin": 351, "ymin": 61, "ymax": 116, "xmax": 394}}], [], [], [], [], [], [], [], [], [], [], [], [], [], [], [], [{"tid": 0, "generated": 0, "bbox": {"xmin": 28, "ymin": 53, "ymax": 238, "xmax": 191}}, {"tid": 3, "generated": 0, "bbox": {"xmin": 371, "ymin": 64, "ymax": 225, "xmax": 438}}], [{"tid": 0, "generated": 0, "bbox": {"xmin": 32, "ymin": 55, "ymax": 240, "xmax": 195}}, {"tid": 3, "generated": 0, "bbox": {"xmin": 375, "ymin": 64, "ymax": 225, "xmax": 442}}], [{"tid": 0, "generated": 0, "bbox": {"xmin": 36, "ymin": 57, "ymax": 242, "xmax": 199}}, {"tid": 3, "generated": 0, "bbox": {"xmin": 378, "ymin": 64, "ymax": 225, "xmax": 445}}], [{"tid": 0, "generated": 0, "bbox": {"xmin": 40, "ymin": 60, "ymax": 245, "xmax": 204}}, {"tid": 3, "generated": 0, "bbox": {"xmin": 382, "ymin": 65, "ymax": 226, "xmax": 449}}], [{"tid": 0, "generated": 0, "bbox": {"xmin": 46, "ymin": 60, "ymax": 247, "xmax": 211}}, {"tid": 3, "generated": 0, "bbox": {"xmin": 385, "ymin": 65, "ymax": 226, "xmax": 452}}], [{"tid": 0, "generated": 0, "bbox": {"xmin": 50, "ymin": 59, "ymax": 250, "xmax": 213}}, {"tid": 3, "generated": 0, "bbox": {"xmin": 389, "ymin": 65, "ymax": 226, "xmax": 456}}], [{"tid": 0, "generated": 0, "bbox": {"xmin": 52, "ymin": 59, "ymax": 249, "xmax": 214}}, {"tid": 3, "generated": 0, "bbox": {"xmin": 394, "ymin": 64, "ymax": 228, "xmax": 461}}], [{"tid": 0, "generated": 0, "bbox": {"xmin": 54, "ymin": 59, "ymax": 249, "xmax": 215}}, {"tid": 3, "generated": 0, "bbox": {"xmin": 399, "ymin": 63, "ymax": 230, "xmax": 466}}], [{"tid": 0, "generated": 0, "bbox": {"xmin": 56, "ymin": 59, "ymax": 248, "xmax": 216}}, {"tid": 3, "generated": 0, "bbox": {"xmin": 404, "ymin": 61, "ymax": 233, "xmax": 471}}], [{"tid": 0, "generated": 0, "bbox": {"xmin": 58, "ymin": 60, "ymax": 248, "xmax": 217}}, {"tid": 3, "generated": 0, "bbox": {"xmin": 409, "ymin": 60, "ymax": 235, "xmax": 476}}], [{"tid": 0, "generated": 0, "bbox": {"xmin": 60, "ymin": 60, "ymax": 251, "xmax": 219}}, {"tid": 3, "generated": 0, "bbox": {"xmin": 414, "ymin": 59, "ymax": 237, "xmax": 479}}], [{"tid": 0, "generated": 0, "bbox": {"xmin": 61, "ymin": 58, "ymax": 248, "xmax": 217}}, {"tid": 3, "generated": 0, "bbox": {"xmin": 414, "ymin": 59, "ymax": 237, "xmax": 479}}], [{"tid": 0, "generated": 0, "bbox": {"xmin": 62, "ymin": 57, "ymax": 246, "xmax": 216}}, {"tid": 3, "generated": 0, "bbox": {"xmin": 414, "ymin": 59, "ymax": 237, "xmax": 479}}], [{"tid": 0, "generated": 0, "bbox": {"xmin": 62, "ymin": 54, "ymax": 244, "xmax": 212}}, {"tid": 3, "generated": 0, "bbox": {"xmin": 414, "ymin": 59, "ymax": 237, "xmax": 479}}], [{"tid": 0, "generated": 0, "bbox": {"xmin": 62, "ymin": 54, "ymax": 242, "xmax": 212}}, {"tid": 3, "generated": 0, "bbox": {"xmin": 414, "ymin": 59, "ymax": 237, "xmax": 479}}], [{"tid": 0, "generated": 0, "bbox": {"xmin": 62, "ymin": 54, "ymax": 239, "xmax": 206}}, {"tid": 3, "generated": 0, "bbox": {"xmin": 414, "ymin": 59, "ymax": 237, "xmax": 479}}], [{"tid": 0, "generated": 0, "bbox": {"xmin": 64, "ymin": 53, "ymax": 237, "xmax": 204}}, {"tid": 3, "generated": 0, "bbox": {"xmin": 414, "ymin": 59, "ymax": 237, "xmax": 479}}], [{"tid": 0, "generated": 0, "bbox": {"xmin": 62, "ymin": 53, "ymax": 237, "xmax": 202}}, {"tid": 3, "generated": 0, "bbox": {"xmin": 414, "ymin": 59, "ymax": 237, "xmax": 479}}], [{"tid": 0, "generated": 0, "bbox": {"xmin": 61, "ymin": 52, "ymax": 240, "xmax": 198}}, {"tid": 3, "generated": 0, "bbox": {"xmin": 414, "ymin": 59, "ymax": 237, "xmax": 479}}], [{"tid": 0, "generated": 0, "bbox": {"xmin": 54, "ymin": 52, "ymax": 241, "xmax": 195}}, {"tid": 3, "generated": 0, "bbox": {"xmin": 414, "ymin": 59, "ymax": 237, "xmax": 479}}], [{"tid": 0, "generated": 0, "bbox": {"xmin": 47, "ymin": 53, "ymax": 242, "xmax": 192}}, {"tid": 3, "generated": 0, "bbox": {"xmin": 414, "ymin": 59, "ymax": 237, "xmax": 479}}], [{"tid": 0, "generated": 0, "bbox": {"xmin": 42, "ymin": 53, "ymax": 243, "xmax": 189}}, {"tid": 3, "generated": 0, "bbox": {"xmin": 409, "ymin": 59, "ymax": 237, "xmax": 476}}], [{"tid": 0, "generated": 0, "bbox": {"xmin": 37, "ymin": 53, "ymax": 243, "xmax": 186}}, {"tid": 3, "generated": 0, "bbox": {"xmin": 405, "ymin": 59, "ymax": 237, "xmax": 472}}], [{"tid": 0, "generated": 0, "bbox": {"xmin": 33, "ymin": 54, "ymax": 244, "xmax": 184}}, {"tid": 3, "generated": 0, "bbox": {"xmin": 400, "ymin": 59, "ymax": 237, "xmax": 467}}], [{"tid": 0, "generated": 0, "bbox": {"xmin": 28, "ymin": 54, "ymax": 247, "xmax": 182}}, {"tid": 3, "generated": 0, "bbox": {"xmin": 396, "ymin": 59, "ymax": 237, "xmax": 463}}], [{"tid": 0, "generated": 0, "bbox": {"xmin": 24, "ymin": 53, "ymax": 243, "xmax": 176}}, {"tid": 3, "generated": 0, "bbox": {"xmin": 391, "ymin": 59, "ymax": 237, "xmax": 458}}], [{"tid": 0, "generated": 0, "bbox": {"xmin": 18, "ymin": 52, "ymax": 247, "xmax": 172}}, {"tid": 3, "generated": 0, "bbox": {"xmin": 386, "ymin": 58, "ymax": 236, "xmax": 450}}], [{"tid": 0, "generated": 0, "bbox": {"xmin": 12, "ymin": 52, "ymax": 246, "xmax": 171}}, {"tid": 3, "generated": 0, "bbox": {"xmin": 381, "ymin": 57, "ymax": 235, "xmax": 442}}], [{"tid": 0, "generated": 0, "bbox": {"xmin": 7, "ymin": 52, "ymax": 248, "xmax": 166}}, {"tid": 3, "generated": 0, "bbox": {"xmin": 376, "ymin": 56, "ymax": 234, "xmax": 435}}], [{"tid": 0, "generated": 0, "bbox": {"xmin": 3, "ymin": 51, "ymax": 246, "xmax": 168}}, {"tid": 3, "generated": 0, "bbox": {"xmin": 371, "ymin": 55, "ymax": 233, "xmax": 427}}], [], [], [], [], [], [], [], [], [], [], [], [], [], [], [], [{"tid": 0, "generated": 0, "bbox": {"xmin": 0, "ymin": 47, "ymax": 255, "xmax": 204}}, {"tid": 2, "generated": 0, "bbox": {"xmin": 332, "ymin": 31, "ymax": 336, "xmax": 448}}, {"tid": 3, "generated": 0, "bbox": {"xmin": 369, "ymin": 67, "ymax": 119, "xmax": 393}}], [{"tid": 0, "generated": 0, "bbox": {"xmin": 0, "ymin": 50, "ymax": 256, "xmax": 206}}, {"tid": 2, "generated": 0, "bbox": {"xmin": 329, "ymin": 32, "ymax": 333, "xmax": 445}}, {"tid": 3, "generated": 0, "bbox": {"xmin": 369, "ymin": 66, "ymax": 121, "xmax": 394}}], [{"tid": 0, "generated": 0, "bbox": {"xmin": 0, "ymin": 52, "ymax": 257, "xmax": 208}}, {"tid": 2, "generated": 0, "bbox": {"xmin": 325, "ymin": 32, "ymax": 329, "xmax": 441}}, {"tid": 3, "generated": 0, "bbox": {"xmin": 370, "ymin": 66, "ymax": 123, "xmax": 395}}], [{"tid": 0, "generated": 0, "bbox": {"xmin": 0, "ymin": 52, "ymax": 260, "xmax": 208}}, {"tid": 2, "generated": 0, "bbox": {"xmin": 322, "ymin": 33, "ymax": 326, "xmax": 438}}, {"tid": 3, "generated": 0, "bbox": {"xmin": 370, "ymin": 66, "ymax": 125, "xmax": 397}}], [{"tid": 0, "generated": 0, "bbox": {"xmin": 0, "ymin": 52, "ymax": 259, "xmax": 206}}, {"tid": 2, "generated": 0, "bbox": {"xmin": 319, "ymin": 34, "ymax": 323, "xmax": 435}}, {"tid": 3, "generated": 0, "bbox": {"xmin": 371, "ymin": 66, "ymax": 127, "xmax": 398}}], [{"tid": 0, "generated": 0, "bbox": {"xmin": 0, "ymin": 52, "ymax": 259, "xmax": 208}}, {"tid": 2, "generated": 0, "bbox": {"xmin": 317, "ymin": 38, "ymax": 323, "xmax": 433}}, {"tid": 3, "generated": 0, "bbox": {"xmin": 371, "ymin": 66, "ymax": 129, "xmax": 399}}], [{"tid": 0, "generated": 0, "bbox": {"xmin": 0, "ymin": 53, "ymax": 262, "xmax": 208}}, {"tid": 2, "generated": 0, "bbox": {"xmin": 314, "ymin": 41, "ymax": 323, "xmax": 430}}, {"tid": 3, "generated": 0, "bbox": {"xmin": 372, "ymin": 66, "ymax": 130, "xmax": 400}}], [{"tid": 0, "generated": 0, "bbox": {"xmin": 0, "ymin": 52, "ymax": 261, "xmax": 210}}, {"tid": 2, "generated": 0, "bbox": {"xmin": 312, "ymin": 45, "ymax": 324, "xmax": 428}}, {"tid": 3, "generated": 0, "bbox": {"xmin": 372, "ymin": 66, "ymax": 132, "xmax": 401}}], [{"tid": 0, "generated": 0, "bbox": {"xmin": 0, "ymin": 52, "ymax": 262, "xmax": 206}}, {"tid": 2, "generated": 0, "bbox": {"xmin": 309, "ymin": 48, "ymax": 324, "xmax": 425}}, {"tid": 3, "generated": 0, "bbox": {"xmin": 373, "ymin": 66, "ymax": 134, "xmax": 403}}], [{"tid": 0, "generated": 0, "bbox": {"xmin": 0, "ymin": 52, "ymax": 258, "xmax": 203}}, {"tid": 2, "generated": 0, "bbox": {"xmin": 307, "ymin": 52, "ymax": 324, "xmax": 423}}, {"tid": 3, "generated": 0, "bbox": {"xmin": 373, "ymin": 66, "ymax": 136, "xmax": 404}}], [{"tid": 0, "generated": 0, "bbox": {"xmin": 0, "ymin": 52, "ymax": 261, "xmax": 200}}, {"tid": 2, "generated": 0, "bbox": {"xmin": 305, "ymin": 52, "ymax": 324, "xmax": 423}}, {"tid": 3, "generated": 0, "bbox": {"xmin": 374, "ymin": 66, "ymax": 138, "xmax": 405}}], [{"tid": 0, "generated": 0, "bbox": {"xmin": 0, "ymin": 51, "ymax": 258, "xmax": 198}}, {"tid": 2, "generated": 0, "bbox": {"xmin": 303, "ymin": 52, "ymax": 324, "xmax": 423}}, {"tid": 3, "generated": 0, "bbox": {"xmin": 374, "ymin": 65, "ymax": 140, "xmax": 406}}], [{"tid": 0, "generated": 0, "bbox": {"xmin": 0, "ymin": 51, "ymax": 258, "xmax": 196}}, {"tid": 2, "generated": 0, "bbox": {"xmin": 301, "ymin": 52, "ymax": 324, "xmax": 423}}, {"tid": 3, "generated": 0, "bbox": {"xmin": 375, "ymin": 65, "ymax": 142, "xmax": 407}}], [{"tid": 0, "generated": 0, "bbox": {"xmin": 0, "ymin": 51, "ymax": 259, "xmax": 195}}, {"tid": 2, "generated": 0, "bbox": {"xmin": 299, "ymin": 52, "ymax": 324, "xmax": 423}}, {"tid": 3, "generated": 0, "bbox": {"xmin": 375, "ymin": 65, "ymax": 144, "xmax": 409}}], [{"tid": 0, "generated": 0, "bbox": {"xmin": 0, "ymin": 51, "ymax": 256, "xmax": 195}}, {"tid": 2, "generated": 0, "bbox": {"xmin": 297, "ymin": 52, "ymax": 324, "xmax": 423}}, {"tid": 3, "generated": 0, "bbox": {"xmin": 376, "ymin": 65, "ymax": 146, "xmax": 410}}], [{"tid": 0, "generated": 0, "bbox": {"xmin": 0, "ymin": 51, "ymax": 258, "xmax": 198}}, {"tid": 2, "generated": 0, "bbox": {"xmin": 297, "ymin": 52, "ymax": 324, "xmax": 423}}, {"tid": 3, "generated": 0, "bbox": {"xmin": 376, "ymin": 65, "ymax": 148, "xmax": 411}}], [{"tid": 0, "generated": 0, "bbox": {"xmin": 0, "ymin": 50, "ymax": 255, "xmax": 199}}, {"tid": 2, "generated": 0, "bbox": {"xmin": 297, "ymin": 52, "ymax": 324, "xmax": 423}}, {"tid": 3, "generated": 0, "bbox": {"xmin": 377, "ymin": 66, "ymax": 149, "xmax": 412}}], [{"tid": 0, "generated": 0, "bbox": {"xmin": 0, "ymin": 52, "ymax": 253, "xmax": 201}}, {"tid": 2, "generated": 0, "bbox": {"xmin": 297, "ymin": 52, "ymax": 324, "xmax": 423}}, {"tid": 3, "generated": 0, "bbox": {"xmin": 378, "ymin": 68, "ymax": 151, "xmax": 413}}], [{"tid": 0, "generated": 0, "bbox": {"xmin": 0, "ymin": 51, "ymax": 250, "xmax": 208}}, {"tid": 2, "generated": 0, "bbox": {"xmin": 297, "ymin": 52, "ymax": 324, "xmax": 423}}, {"tid": 3, "generated": 0, "bbox": {"xmin": 379, "ymin": 69, "ymax": 152, "xmax": 414}}], [{"tid": 0, "generated": 0, "bbox": {"xmin": 0, "ymin": 51, "ymax": 248, "xmax": 216}}, {"tid": 2, "generated": 0, "bbox": {"xmin": 297, "ymin": 52, "ymax": 324, "xmax": 423}}, {"tid": 3, "generated": 0, "bbox": {"xmin": 380, "ymin": 71, "ymax": 154, "xmax": 415}}], [{"tid": 0, "generated": 0, "bbox": {"xmin": 0, "ymin": 51, "ymax": 248, "xmax": 221}}, {"tid": 2, "generated": 0, "bbox": {"xmin": 297, "ymin": 52, "ymax": 322, "xmax": 420}}, {"tid": 3, "generated": 0, "bbox": {"xmin": 381, "ymin": 72, "ymax": 155, "xmax": 416}}], [{"tid": 0, "generated": 0, "bbox": {"xmin": 0, "ymin": 51, "ymax": 248, "xmax": 224}}, {"tid": 2, "generated": 0, "bbox": {"xmin": 297, "ymin": 52, "ymax": 319, "xmax": 417}}, {"tid": 3, "generated": 0, "bbox": {"xmin": 384, "ymin": 72, "ymax": 174, "xmax": 421}}], [{"tid": 0, "generated": 0, "bbox": {"xmin": 6, "ymin": 51, "ymax": 248, "xmax": 234}}, {"tid": 2, "generated": 0, "bbox": {"xmin": 297, "ymin": 52, "ymax": 317, "xmax": 414}}, {"tid": 3, "generated": 0, "bbox": {"xmin": 387, "ymin": 72, "ymax": 194, "xmax": 426}}], [{"tid": 0, "generated": 0, "bbox": {"xmin": 7, "ymin": 50, "ymax": 247, "xmax": 239}}, {"tid": 2, "generated": 0, "bbox": {"xmin": 297, "ymin": 52, "ymax": 314, "xmax": 411}}, {"tid": 3, "generated": 0, "bbox": {"xmin": 391, "ymin": 72, "ymax": 213, "xmax": 430}}], [{"tid": 0, "generated": 0, "bbox": {"xmin": 8, "ymin": 50, "ymax": 246, "xmax": 245}}, {"tid": 2, "generated": 0, "bbox": {"xmin": 297, "ymin": 52, "ymax": 312, "xmax": 408}}, {"tid": 3, "generated": 0, "bbox": {"xmin": 394, "ymin": 72, "ymax": 233, "xmax": 435}}], [{"tid": 0, "generated": 0, "bbox": {"xmin": 16, "ymin": 50, "ymax": 248, "xmax": 256}}, {"tid": 2, "generated": 0, "bbox": {"xmin": 301, "ymin": 52, "ymax": 312, "xmax": 412}}, {"tid": 3, "generated": 0, "bbox": {"xmin": 397, "ymin": 72, "ymax": 252, "xmax": 440}}], [{"tid": 0, "generated": 0, "bbox": {"xmin": 24, "ymin": 50, "ymax": 246, "xmax": 268}}, {"tid": 2, "generated": 0, "bbox": {"xmin": 304, "ymin": 52, "ymax": 312, "xmax": 415}}, {"tid": 3, "generated": 0, "bbox": {"xmin": 401, "ymin": 73, "ymax": 253, "xmax": 444}}], [{"tid": 0, "generated": 0, "bbox": {"xmin": 26, "ymin": 50, "ymax": 246, "xmax": 273}}, {"tid": 2, "generated": 0, "bbox": {"xmin": 308, "ymin": 52, "ymax": 312, "xmax": 419}}, {"tid": 3, "generated": 0, "bbox": {"xmin": 404, "ymin": 73, "ymax": 253, "xmax": 447}}], [{"tid": 0, "generated": 0, "bbox": {"xmin": 29, "ymin": 50, "ymax": 245, "xmax": 277}}, {"tid": 2, "generated": 0, "bbox": {"xmin": 311, "ymin": 52, "ymax": 312, "xmax": 422}}, {"tid": 3, "generated": 0, "bbox": {"xmin": 408, "ymin": 74, "ymax": 254, "xmax": 451}}], [{"tid": 0, "generated": 0, "bbox": {"xmin": 32, "ymin": 50, "ymax": 244, "xmax": 282}}, {"tid": 2, "generated": 0, "bbox": {"xmin": 315, "ymin": 52, "ymax": 312, "xmax": 426}}, {"tid": 3, "generated": 0, "bbox": {"xmin": 411, "ymin": 74, "ymax": 254, "xmax": 454}}], [], [], [], [], [], [], [], [], [], [], [], [], [], [], [], [], [], [], [], [], [], [], [], [], [], [], [], [], [], [], [], [], [], [], [], [], [], [], [], [], [], [], [], [], [], [], [], [], [], [], [], [], [], [], [], [], [], [], [], [], [], [], [], [], [], [], [], [], [], [], [], [], [], [], [], [], [], [], [], [], [], [], [], [], [], [], [], [], [], [], [], [], [], [], [], [], [], [], [], [], [], [], [], [], [], [{"tid": 0, "generated": 0, "bbox": {"xmin": 57, "ymin": 61, "ymax": 252, "xmax": 270}}, {"tid": 2, "generated": 0, "bbox": {"xmin": 316, "ymin": 48, "ymax": 294, "xmax": 415}}, {"tid": 3, "generated": 0, "bbox": {"xmin": 421, "ymin": 71, "ymax": 245, "xmax": 479}}], [{"tid": 0, "generated": 0, "bbox": {"xmin": 56, "ymin": 61, "ymax": 251, "xmax": 273}}, {"tid": 2, "generated": 0, "bbox": {"xmin": 316, "ymin": 48, "ymax": 294, "xmax": 416}}, {"tid": 3, "generated": 0, "bbox": {"xmin": 421, "ymin": 71, "ymax": 245, "xmax": 479}}], [{"tid": 0, "generated": 0, "bbox": {"xmin": 56, "ymin": 61, "ymax": 250, "xmax": 276}}, {"tid": 2, "generated": 0, "bbox": {"xmin": 316, "ymin": 48, "ymax": 294, "xmax": 418}}, {"tid": 3, "generated": 0, "bbox": {"xmin": 421, "ymin": 71, "ymax": 245, "xmax": 479}}], [{"tid": 0, "generated": 0, "bbox": {"xmin": 56, "ymin": 61, "ymax": 253, "xmax": 278}}, {"tid": 2, "generated": 0, "bbox": {"xmin": 316, "ymin": 48, "ymax": 294, "xmax": 419}}, {"tid": 3, "generated": 0, "bbox": {"xmin": 421, "ymin": 71, "ymax": 245, "xmax": 479}}], [{"tid": 0, "generated": 0, "bbox": {"xmin": 58, "ymin": 61, "ymax": 251, "xmax": 279}}, {"tid": 2, "generated": 0, "bbox": {"xmin": 316, "ymin": 48, "ymax": 294, "xmax": 421}}, {"tid": 3, "generated": 0, "bbox": {"xmin": 421, "ymin": 71, "ymax": 245, "xmax": 479}}], [{"tid": 0, "generated": 0, "bbox": {"xmin": 58, "ymin": 61, "ymax": 253, "xmax": 284}}, {"tid": 2, "generated": 0, "bbox": {"xmin": 318, "ymin": 48, "ymax": 294, "xmax": 421}}, {"tid": 3, "generated": 0, "bbox": {"xmin": 421, "ymin": 71, "ymax": 245, "xmax": 479}}], [{"tid": 0, "generated": 0, "bbox": {"xmin": 57, "ymin": 61, "ymax": 255, "xmax": 286}}, {"tid": 2, "generated": 0, "bbox": {"xmin": 320, "ymin": 48, "ymax": 294, "xmax": 421}}, {"tid": 3, "generated": 0, "bbox": {"xmin": 421, "ymin": 71, "ymax": 245, "xmax": 479}}], [{"tid": 0, "generated": 0, "bbox": {"xmin": 56, "ymin": 61, "ymax": 255, "xmax": 296}}, {"tid": 2, "generated": 0, "bbox": {"xmin": 323, "ymin": 48, "ymax": 294, "xmax": 421}}, {"tid": 3, "generated": 0, "bbox": {"xmin": 421, "ymin": 71, "ymax": 245, "xmax": 479}}], [{"tid": 0, "generated": 0, "bbox": {"xmin": 56, "ymin": 61, "ymax": 255, "xmax": 306}}, {"tid": 2, "generated": 0, "bbox": {"xmin": 325, "ymin": 48, "ymax": 294, "xmax": 421}}, {"tid": 3, "generated": 0, "bbox": {"xmin": 421, "ymin": 71, "ymax": 245, "xmax": 479}}], [{"tid": 0, "generated": 0, "bbox": {"xmin": 55, "ymin": 62, "ymax": 252, "xmax": 316}}, {"tid": 2, "generated": 0, "bbox": {"xmin": 327, "ymin": 48, "ymax": 294, "xmax": 421}}, {"tid": 3, "generated": 0, "bbox": {"xmin": 421, "ymin": 71, "ymax": 245, "xmax": 479}}], [{"tid": 0, "generated": 0, "bbox": {"xmin": 54, "ymin": 62, "ymax": 254, "xmax": 318}}, {"tid": 2, "generated": 0, "bbox": {"xmin": 327, "ymin": 48, "ymax": 294, "xmax": 421}}, {"tid": 3, "generated": 0, "bbox": {"xmin": 421, "ymin": 71, "ymax": 245, "xmax": 479}}], [{"tid": 0, "generated": 0, "bbox": {"xmin": 54, "ymin": 62, "ymax": 255, "xmax": 320}}, {"tid": 2, "generated": 0, "bbox": {"xmin": 327, "ymin": 48, "ymax": 294, "xmax": 421}}, {"tid": 3, "generated": 0, "bbox": {"xmin": 421, "ymin": 71, "ymax": 245, "xmax": 479}}], [{"tid": 0, "generated": 0, "bbox": {"xmin": 55, "ymin": 62, "ymax": 253, "xmax": 322}}, {"tid": 2, "generated": 0, "bbox": {"xmin": 327, "ymin": 48, "ymax": 294, "xmax": 421}}, {"tid": 3, "generated": 0, "bbox": {"xmin": 421, "ymin": 71, "ymax": 245, "xmax": 479}}], [{"tid": 0, "generated": 0, "bbox": {"xmin": 54, "ymin": 62, "ymax": 253, "xmax": 324}}, {"tid": 2, "generated": 0, "bbox": {"xmin": 327, "ymin": 48, "ymax": 294, "xmax": 421}}, {"tid": 3, "generated": 0, "bbox": {"xmin": 421, "ymin": 71, "ymax": 245, "xmax": 479}}], [{"tid": 0, "generated": 0, "bbox": {"xmin": 53, "ymin": 62, "ymax": 254, "xmax": 327}}, {"tid": 2, "generated": 0, "bbox": {"xmin": 327, "ymin": 48, "ymax": 294, "xmax": 421}}, {"tid": 3, "generated": 0, "bbox": {"xmin": 421, "ymin": 71, "ymax": 245, "xmax": 479}}], [{"tid": 0, "generated": 0, "bbox": {"xmin": 53, "ymin": 62, "ymax": 255, "xmax": 325}}, {"tid": 2, "generated": 0, "bbox": {"xmin": 327, "ymin": 48, "ymax": 294, "xmax": 421}}, {"tid": 3, "generated": 0, "bbox": {"xmin": 421, "ymin": 71, "ymax": 245, "xmax": 479}}], [{"tid": 0, "generated": 0, "bbox": {"xmin": 53, "ymin": 62, "ymax": 256, "xmax": 326}}, {"tid": 2, "generated": 0, "bbox": {"xmin": 327, "ymin": 48, "ymax": 294, "xmax": 421}}, {"tid": 3, "generated": 0, "bbox": {"xmin": 421, "ymin": 71, "ymax": 245, "xmax": 479}}], [{"tid": 0, "generated": 0, "bbox": {"xmin": 53, "ymin": 62, "ymax": 256, "xmax": 324}}, {"tid": 2, "generated": 0, "bbox": {"xmin": 327, "ymin": 48, "ymax": 294, "xmax": 421}}, {"tid": 3, "generated": 0, "bbox": {"xmin": 421, "ymin": 71, "ymax": 245, "xmax": 479}}], [{"tid": 0, "generated": 0, "bbox": {"xmin": 53, "ymin": 63, "ymax": 256, "xmax": 322}}, {"tid": 2, "generated": 0, "bbox": {"xmin": 327, "ymin": 48, "ymax": 294, "xmax": 421}}, {"tid": 3, "generated": 0, "bbox": {"xmin": 421, "ymin": 71, "ymax": 245, "xmax": 479}}], [{"tid": 0, "generated": 0, "bbox": {"xmin": 53, "ymin": 64, "ymax": 257, "xmax": 322}}, {"tid": 2, "generated": 0, "bbox": {"xmin": 327, "ymin": 48, "ymax": 294, "xmax": 421}}, {"tid": 3, "generated": 0, "bbox": {"xmin": 421, "ymin": 71, "ymax": 245, "xmax": 479}}], [{"tid": 0, "generated": 0, "bbox": {"xmin": 53, "ymin": 64, "ymax": 255, "xmax": 314}}, {"tid": 2, "generated": 0, "bbox": {"xmin": 327, "ymin": 48, "ymax": 294, "xmax": 421}}, {"tid": 3, "generated": 0, "bbox": {"xmin": 421, "ymin": 71, "ymax": 245, "xmax": 479}}], [{"tid": 0, "generated": 0, "bbox": {"xmin": 53, "ymin": 64, "ymax": 255, "xmax": 315}}, {"tid": 2, "generated": 0, "bbox": {"xmin": 327, "ymin": 48, "ymax": 294, "xmax": 421}}, {"tid": 3, "generated": 0, "bbox": {"xmin": 421, "ymin": 71, "ymax": 245, "xmax": 479}}], [{"tid": 0, "generated": 0, "bbox": {"xmin": 53, "ymin": 64, "ymax": 256, "xmax": 316}}, {"tid": 2, "generated": 0, "bbox": {"xmin": 327, "ymin": 48, "ymax": 294, "xmax": 421}}, {"tid": 3, "generated": 0, "bbox": {"xmin": 421, "ymin": 71, "ymax": 245, "xmax": 479}}], [{"tid": 0, "generated": 0, "bbox": {"xmin": 53, "ymin": 64, "ymax": 256, "xmax": 318}}, {"tid": 2, "generated": 0, "bbox": {"xmin": 327, "ymin": 48, "ymax": 294, "xmax": 421}}, {"tid": 3, "generated": 0, "bbox": {"xmin": 421, "ymin": 71, "ymax": 245, "xmax": 479}}], [{"tid": 0, "generated": 0, "bbox": {"xmin": 53, "ymin": 64, "ymax": 256, "xmax": 318}}, {"tid": 2, "generated": 0, "bbox": {"xmin": 327, "ymin": 48, "ymax": 294, "xmax": 421}}, {"tid": 3, "generated": 0, "bbox": {"xmin": 421, "ymin": 71, "ymax": 245, "xmax": 479}}], [{"tid": 0, "generated": 0, "bbox": {"xmin": 53, "ymin": 64, "ymax": 256, "xmax": 319}}, {"tid": 2, "generated": 0, "bbox": {"xmin": 327, "ymin": 48, "ymax": 294, "xmax": 421}}, {"tid": 3, "generated": 0, "bbox": {"xmin": 421, "ymin": 71, "ymax": 245, "xmax": 479}}], [{"tid": 0, "generated": 0, "bbox": {"xmin": 53, "ymin": 64, "ymax": 256, "xmax": 320}}, {"tid": 2, "generated": 0, "bbox": {"xmin": 327, "ymin": 48, "ymax": 294, "xmax": 421}}, {"tid": 3, "generated": 0, "bbox": {"xmin": 421, "ymin": 71, "ymax": 245, "xmax": 479}}], [{"tid": 0, "generated": 0, "bbox": {"xmin": 54, "ymin": 64, "ymax": 256, "xmax": 318}}, {"tid": 2, "generated": 0, "bbox": {"xmin": 327, "ymin": 48, "ymax": 294, "xmax": 421}}, {"tid": 3, "generated": 0, "bbox": {"xmin": 421, "ymin": 71, "ymax": 245, "xmax": 479}}], [{"tid": 0, "generated": 0, "bbox": {"xmin": 54, "ymin": 65, "ymax": 256, "xmax": 317}}, {"tid": 2, "generated": 0, "bbox": {"xmin": 327, "ymin": 48, "ymax": 294, "xmax": 421}}, {"tid": 3, "generated": 0, "bbox": {"xmin": 421, "ymin": 71, "ymax": 245, "xmax": 479}}], [{"tid": 0, "generated": 0, "bbox": {"xmin": 54, "ymin": 65, "ymax": 256, "xmax": 316}}, {"tid": 2, "generated": 0, "bbox": {"xmin": 327, "ymin": 48, "ymax": 294, "xmax": 421}}, {"tid": 3, "generated": 0, "bbox": {"xmin": 421, "ymin": 71, "ymax": 245, "xmax": 479}}], [], [], [], [], [], [], [], [], [], [], [], [], [], [], [], [], [], [], [], [], [], [], [], [], [], [], [], [], [], [], [], [], [], [], [], [], [], [], [], [], [], [], [], [], [], [], [], [], [], [], [], [], [], [], [], [], [], [], [], [], [], [], [], [], [], [], [], [], [], [], [], [], [], [], [], [{"tid": 0, "generated": 0, "bbox": {"xmin": 74, "ymin": 86, "ymax": 270, "xmax": 348}}, {"tid": 1, "generated": 0, "bbox": {"xmin": 203, "ymin": 180, "ymax": 259, "xmax": 256}}, {"tid": 2, "generated": 0, "bbox": {"xmin": 342, "ymin": 75, "ymax": 321, "xmax": 450}}, {"tid": 3, "generated": 0, "bbox": {"xmin": 444, "ymin": 96, "ymax": 272, "xmax": 479}}], [{"tid": 0, "generated": 0, "bbox": {"xmin": 74, "ymin": 86, "ymax": 270, "xmax": 347}}, {"tid": 1, "generated": 0, "bbox": {"xmin": 205, "ymin": 180, "ymax": 260, "xmax": 259}}, {"tid": 2, "generated": 0, "bbox": {"xmin": 343, "ymin": 77, "ymax": 323, "xmax": 451}}, {"tid": 3, "generated": 0, "bbox": {"xmin": 444, "ymin": 96, "ymax": 272, "xmax": 479}}], [{"tid": 0, "generated": 0, "bbox": {"xmin": 74, "ymin": 86, "ymax": 270, "xmax": 346}}, {"tid": 1, "generated": 0, "bbox": {"xmin": 207, "ymin": 181, "ymax": 261, "xmax": 262}}, {"tid": 2, "generated": 0, "bbox": {"xmin": 344, "ymin": 78, "ymax": 324, "xmax": 452}}, {"tid": 3, "generated": 0, "bbox": {"xmin": 444, "ymin": 96, "ymax": 272, "xmax": 479}}], [{"tid": 0, "generated": 0, "bbox": {"xmin": 75, "ymin": 86, "ymax": 270, "xmax": 345}}, {"tid": 1, "generated": 0, "bbox": {"xmin": 209, "ymin": 181, "ymax": 262, "xmax": 265}}, {"tid": 2, "generated": 0, "bbox": {"xmin": 345, "ymin": 80, "ymax": 326, "xmax": 453}}, {"tid": 3, "generated": 0, "bbox": {"xmin": 444, "ymin": 96, "ymax": 272, "xmax": 479}}], [{"tid": 0, "generated": 0, "bbox": {"xmin": 75, "ymin": 86, "ymax": 270, "xmax": 344}}, {"tid": 1, "generated": 0, "bbox": {"xmin": 212, "ymin": 182, "ymax": 263, "xmax": 268}}, {"tid": 2, "generated": 0, "bbox": {"xmin": 346, "ymin": 82, "ymax": 328, "xmax": 454}}, {"tid": 3, "generated": 0, "bbox": {"xmin": 444, "ymin": 96, "ymax": 272, "xmax": 479}}], [{"tid": 0, "generated": 0, "bbox": {"xmin": 76, "ymin": 86, "ymax": 270, "xmax": 343}}, {"tid": 1, "generated": 0, "bbox": {"xmin": 214, "ymin": 183, "ymax": 263, "xmax": 272}}, {"tid": 2, "generated": 0, "bbox": {"xmin": 346, "ymin": 82, "ymax": 328, "xmax": 454}}, {"tid": 3, "generated": 0, "bbox": {"xmin": 444, "ymin": 96, "ymax": 272, "xmax": 479}}], [{"tid": 0, "generated": 0, "bbox": {"xmin": 76, "ymin": 87, "ymax": 268, "xmax": 344}}, {"tid": 1, "generated": 0, "bbox": {"xmin": 215, "ymin": 182, "ymax": 262, "xmax": 275}}, {"tid": 2, "generated": 0, "bbox": {"xmin": 346, "ymin": 82, "ymax": 328, "xmax": 454}}, {"tid": 3, "generated": 0, "bbox": {"xmin": 444, "ymin": 96, "ymax": 272, "xmax": 479}}], [{"tid": 0, "generated": 0, "bbox": {"xmin": 76, "ymin": 87, "ymax": 270, "xmax": 342}}, {"tid": 1, "generated": 0, "bbox": {"xmin": 215, "ymin": 181, "ymax": 262, "xmax": 279}}, {"tid": 2, "generated": 0, "bbox": {"xmin": 346, "ymin": 82, "ymax": 328, "xmax": 454}}, {"tid": 3, "generated": 0, "bbox": {"xmin": 444, "ymin": 96, "ymax": 272, "xmax": 479}}], [{"tid": 0, "generated": 0, "bbox": {"xmin": 76, "ymin": 87, "ymax": 270, "xmax": 341}}, {"tid": 1, "generated": 0, "bbox": {"xmin": 216, "ymin": 181, "ymax": 262, "xmax": 283}}, {"tid": 2, "generated": 0, "bbox": {"xmin": 346, "ymin": 82, "ymax": 328, "xmax": 454}}, {"tid": 3, "generated": 0, "bbox": {"xmin": 444, "ymin": 96, "ymax": 272, "xmax": 479}}], [{"tid": 0, "generated": 0, "bbox": {"xmin": 76, "ymin": 87, "ymax": 270, "xmax": 341}}, {"tid": 1, "generated": 0, "bbox": {"xmin": 217, "ymin": 181, "ymax": 262, "xmax": 287}}, {"tid": 2, "generated": 0, "bbox": {"xmin": 346, "ymin": 82, "ymax": 328, "xmax": 454}}, {"tid": 3, "generated": 0, "bbox": {"xmin": 444, "ymin": 96, "ymax": 272, "xmax": 479}}], [{"tid": 0, "generated": 0, "bbox": {"xmin": 76, "ymin": 87, "ymax": 270, "xmax": 340}}, {"tid": 1, "generated": 0, "bbox": {"xmin": 218, "ymin": 182, "ymax": 263, "xmax": 291}}, {"tid": 2, "generated": 0, "bbox": {"xmin": 346, "ymin": 84, "ymax": 330, "xmax": 455}}, {"tid": 3, "generated": 0, "bbox": {"xmin": 444, "ymin": 96, "ymax": 272, "xmax": 479}}], [{"tid": 0, "generated": 0, "bbox": {"xmin": 76, "ymin": 87, "ymax": 270, "xmax": 340}}, {"tid": 1, "generated": 0, "bbox": {"xmin": 218, "ymin": 180, "ymax": 264, "xmax": 295}}, {"tid": 2, "generated": 0, "bbox": {"xmin": 346, "ymin": 86, "ymax": 332, "xmax": 457}}, {"tid": 3, "generated": 0, "bbox": {"xmin": 446, "ymin": 96, "ymax": 259, "xmax": 479}}], [{"tid": 0, "generated": 0, "bbox": {"xmin": 76, "ymin": 87, "ymax": 270, "xmax": 337}}, {"tid": 1, "generated": 0, "bbox": {"xmin": 219, "ymin": 181, "ymax": 264, "xmax": 298}}, {"tid": 2, "generated": 0, "bbox": {"xmin": 347, "ymin": 88, "ymax": 334, "xmax": 458}}, {"tid": 3, "generated": 0, "bbox": {"xmin": 447, "ymin": 96, "ymax": 246, "xmax": 479}}], [{"tid": 0, "generated": 0, "bbox": {"xmin": 76, "ymin": 87, "ymax": 271, "xmax": 335}}, {"tid": 1, "generated": 0, "bbox": {"xmin": 221, "ymin": 181, "ymax": 265, "xmax": 302}}, {"tid": 2, "generated": 0, "bbox": {"xmin": 347, "ymin": 90, "ymax": 336, "xmax": 460}}, {"tid": 3, "generated": 0, "bbox": {"xmin": 449, "ymin": 96, "ymax": 233, "xmax": 479}}], [{"tid": 0, "generated": 0, "bbox": {"xmin": 76, "ymin": 87, "ymax": 272, "xmax": 333}}, {"tid": 1, "generated": 0, "bbox": {"xmin": 222, "ymin": 182, "ymax": 268, "xmax": 308}}, {"tid": 2, "generated": 0, "bbox": {"xmin": 347, "ymin": 92, "ymax": 338, "xmax": 461}}, {"tid": 3, "generated": 0, "bbox": {"xmin": 450, "ymin": 96, "ymax": 220, "xmax": 479}}], [{"tid": 0, "generated": 0, "bbox": {"xmin": 76, "ymin": 87, "ymax": 274, "xmax": 326}}, {"tid": 1, "generated": 0, "bbox": {"xmin": 222, "ymin": 180, "ymax": 273, "xmax": 308}}, {"tid": 2, "generated": 0, "bbox": {"xmin": 350, "ymin": 93, "ymax": 339, "xmax": 464}}, {"tid": 3, "generated": 0, "bbox": {"xmin": 452, "ymin": 96, "ymax": 207, "xmax": 479}}], [{"tid": 0, "generated": 0, "bbox": {"xmin": 76, "ymin": 86, "ymax": 273, "xmax": 319}}, {"tid": 1, "generated": 0, "bbox": {"xmin": 224, "ymin": 182, "ymax": 277, "xmax": 310}}, {"tid": 2, "generated": 0, "bbox": {"xmin": 353, "ymin": 94, "ymax": 340, "xmax": 467}}, {"tid": 3, "generated": 0, "bbox": {"xmin": 452, "ymin": 96, "ymax": 198, "xmax": 479}}], [{"tid": 0, "generated": 0, "bbox": {"xmin": 76, "ymin": 86, "ymax": 273, "xmax": 313}}, {"tid": 1, "generated": 0, "bbox": {"xmin": 228, "ymin": 183, "ymax": 277, "xmax": 312}}, {"tid": 2, "generated": 0, "bbox": {"xmin": 355, "ymin": 94, "ymax": 340, "xmax": 469}}, {"tid": 3, "generated": 0, "bbox": {"xmin": 452, "ymin": 96, "ymax": 189, "xmax": 479}}], [{"tid": 0, "generated": 0, "bbox": {"xmin": 76, "ymin": 86, "ymax": 272, "xmax": 307}}, {"tid": 1, "generated": 0, "bbox": {"xmin": 232, "ymin": 184, "ymax": 278, "xmax": 314}}, {"tid": 2, "generated": 0, "bbox": {"xmin": 358, "ymin": 95, "ymax": 341, "xmax": 472}}, {"tid": 3, "generated": 0, "bbox": {"xmin": 452, "ymin": 96, "ymax": 179, "xmax": 479}}], [{"tid": 0, "generated": 0, "bbox": {"xmin": 76, "ymin": 86, "ymax": 272, "xmax": 301}}, {"tid": 1, "generated": 0, "bbox": {"xmin": 237, "ymin": 185, "ymax": 278, "xmax": 316}}, {"tid": 2, "generated": 0, "bbox": {"xmin": 361, "ymin": 96, "ymax": 342, "xmax": 475}}, {"tid": 3, "generated": 0, "bbox": {"xmin": 452, "ymin": 96, "ymax": 170, "xmax": 479}}], [{"tid": 0, "generated": 0, "bbox": {"xmin": 76, "ymin": 86, "ymax": 271, "xmax": 295}}, {"tid": 1, "generated": 0, "bbox": {"xmin": 241, "ymin": 186, "ymax": 279, "xmax": 318}}, {"tid": 2, "generated": 0, "bbox": {"xmin": 364, "ymin": 96, "ymax": 342, "xmax": 475}}, {"tid": 3, "generated": 0, "bbox": {"xmin": 452, "ymin": 96, "ymax": 161, "xmax": 479}}], [{"tid": 0, "generated": 0, "bbox": {"xmin": 77, "ymin": 86, "ymax": 271, "xmax": 289}}, {"tid": 1, "generated": 0, "bbox": {"xmin": 245, "ymin": 187, "ymax": 279, "xmax": 320}}, {"tid": 2, "generated": 0, "bbox": {"xmin": 367, "ymin": 96, "ymax": 342, "xmax": 475}}, {"tid": 3, "generated": 0, "bbox": {"xmin": 450, "ymin": 96, "ymax": 168, "xmax": 479}}], [{"tid": 0, "generated": 0, "bbox": {"xmin": 77, "ymin": 86, "ymax": 271, "xmax": 284}}, {"tid": 1, "generated": 0, "bbox": {"xmin": 250, "ymin": 188, "ymax": 280, "xmax": 322}}, {"tid": 2, "generated": 0, "bbox": {"xmin": 371, "ymin": 96, "ymax": 342, "xmax": 475}}, {"tid": 3, "generated": 0, "bbox": {"xmin": 448, "ymin": 97, "ymax": 174, "xmax": 479}}], [{"tid": 0, "generated": 0, "bbox": {"xmin": 77, "ymin": 86, "ymax": 271, "xmax": 279}}, {"tid": 1, "generated": 0, "bbox": {"xmin": 251, "ymin": 188, "ymax": 286, "xmax": 324}}, {"tid": 2, "generated": 0, "bbox": {"xmin": 374, "ymin": 96, "ymax": 342, "xmax": 475}}, {"tid": 3, "generated": 0, "bbox": {"xmin": 447, "ymin": 97, "ymax": 181, "xmax": 479}}], [{"tid": 0, "generated": 0, "bbox": {"xmin": 77, "ymin": 86, "ymax": 271, "xmax": 274}}, {"tid": 1, "generated": 0, "bbox": {"xmin": 250, "ymin": 179, "ymax": 283, "xmax": 327}}, {"tid": 2, "generated": 0, "bbox": {"xmin": 377, "ymin": 96, "ymax": 342, "xmax": 475}}, {"tid": 3, "generated": 0, "bbox": {"xmin": 445, "ymin": 98, "ymax": 187, "xmax": 479}}], [{"tid": 0, "generated": 0, "bbox": {"xmin": 78, "ymin": 86, "ymax": 272, "xmax": 270}}, {"tid": 1, "generated": 0, "bbox": {"xmin": 253, "ymin": 182, "ymax": 288, "xmax": 331}}, {"tid": 2, "generated": 0, "bbox": {"xmin": 377, "ymin": 96, "ymax": 342, "xmax": 475}}, {"tid": 3, "generated": 0, "bbox": {"xmin": 443, "ymin": 98, "ymax": 194, "xmax": 479}}], [{"tid": 0, "generated": 0, "bbox": {"xmin": 76, "ymin": 86, "ymax": 271, "xmax": 268}}, {"tid": 1, "generated": 0, "bbox": {"xmin": 254, "ymin": 182, "ymax": 292, "xmax": 334}}, {"tid": 2, "generated": 0, "bbox": {"xmin": 377, "ymin": 96, "ymax": 342, "xmax": 475}}, {"tid": 3, "generated": 0, "bbox": {"xmin": 441, "ymin": 98, "ymax": 201, "xmax": 479}}], [{"tid": 0, "generated": 0, "bbox": {"xmin": 73, "ymin": 86, "ymax": 275, "xmax": 265}}, {"tid": 1, "generated": 0, "bbox": {"xmin": 254, "ymin": 183, "ymax": 294, "xmax": 337}}, {"tid": 2, "generated": 0, "bbox": {"xmin": 377, "ymin": 96, "ymax": 342, "xmax": 475}}, {"tid": 3, "generated": 0, "bbox": {"xmin": 439, "ymin": 99, "ymax": 207, "xmax": 479}}], [{"tid": 0, "generated": 0, "bbox": {"xmin": 72, "ymin": 86, "ymax": 271, "xmax": 264}}, {"tid": 1, "generated": 0, "bbox": {"xmin": 255, "ymin": 184, "ymax": 296, "xmax": 341}}, {"tid": 2, "generated": 0, "bbox": {"xmin": 377, "ymin": 96, "ymax": 342, "xmax": 475}}, {"tid": 3, "generated": 0, "bbox": {"xmin": 438, "ymin": 99, "ymax": 214, "xmax": 479}}], [{"tid": 0, "generated": 0, "bbox": {"xmin": 66, "ymin": 86, "ymax": 274, "xmax": 265}}, {"tid": 1, "generated": 0, "bbox": {"xmin": 256, "ymin": 186, "ymax": 298, "xmax": 344}}, {"tid": 2, "generated": 0, "bbox": {"xmin": 377, "ymin": 96, "ymax": 342, "xmax": 475}}, {"tid": 3, "generated": 0, "bbox": {"xmin": 436, "ymin": 100, "ymax": 220, "xmax": 479}}], [], [], [], [], [], [], [], [], [], [], [], [], [], [], [], [], [], [], [], [], [], [], [], [], [], [], [], [], [], [], [], [], [], [], [], [], [], [], [], [], [], [], [], [], [], [], [], [], [], [], [], [], [], [], [], [], [], [], [], [], [{"tid": 0, "generated": 0, "bbox": {"xmin": 0, "ymin": 96, "ymax": 304, "xmax": 227}}, {"tid": 2, "generated": 0, "bbox": {"xmin": 399, "ymin": 75, "ymax": 175, "xmax": 467}}, {"tid": 3, "generated": 0, "bbox": {"xmin": 291, "ymin": 96, "ymax": 275, "xmax": 383}}], [{"tid": 0, "generated": 0, "bbox": {"xmin": 0, "ymin": 94, "ymax": 297, "xmax": 218}}, {"tid": 2, "generated": 0, "bbox": {"xmin": 396, "ymin": 70, "ymax": 182, "xmax": 469}}, {"tid": 3, "generated": 0, "bbox": {"xmin": 287, "ymin": 91, "ymax": 270, "xmax": 379}}], [{"tid": 0, "generated": 0, "bbox": {"xmin": 0, "ymin": 90, "ymax": 296, "xmax": 212}}, {"tid": 2, "generated": 0, "bbox": {"xmin": 392, "ymin": 65, "ymax": 188, "xmax": 472}}, {"tid": 3, "generated": 0, "bbox": {"xmin": 283, "ymin": 86, "ymax": 265, "xmax": 375}}], [{"tid": 0, "generated": 0, "bbox": {"xmin": 0, "ymin": 87, "ymax": 294, "xmax": 209}}, {"tid": 2, "generated": 0, "bbox": {"xmin": 389, "ymin": 60, "ymax": 195, "xmax": 474}}, {"tid": 3, "generated": 0, "bbox": {"xmin": 279, "ymin": 82, "ymax": 261, "xmax": 371}}], [{"tid": 0, "generated": 0, "bbox": {"xmin": 0, "ymin": 84, "ymax": 292, "xmax": 206}}, {"tid": 2, "generated": 0, "bbox": {"xmin": 385, "ymin": 55, "ymax": 201, "xmax": 477}}, {"tid": 3, "generated": 0, "bbox": {"xmin": 275, "ymin": 77, "ymax": 256, "xmax": 367}}], [{"tid": 0, "generated": 0, "bbox": {"xmin": 0, "ymin": 86, "ymax": 293, "xmax": 200}}, {"tid": 2, "generated": 0, "bbox": {"xmin": 382, "ymin": 54, "ymax": 200, "xmax": 474}}, {"tid": 3, "generated": 0, "bbox": {"xmin": 271, "ymin": 72, "ymax": 251, "xmax": 363}}], [{"tid": 0, "generated": 0, "bbox": {"xmin": 0, "ymin": 86, "ymax": 294, "xmax": 196}}, {"tid": 2, "generated": 0, "bbox": {"xmin": 379, "ymin": 53, "ymax": 199, "xmax": 471}}, {"tid": 3, "generated": 0, "bbox": {"xmin": 269, "ymin": 73, "ymax": 252, "xmax": 361}}], [{"tid": 0, "generated": 0, "bbox": {"xmin": 0, "ymin": 88, "ymax": 297, "xmax": 196}}, {"tid": 2, "generated": 0, "bbox": {"xmin": 377, "ymin": 53, "ymax": 199, "xmax": 469}}, {"tid": 3, "generated": 0, "bbox": {"xmin": 266, "ymin": 74, "ymax": 253, "xmax": 358}}], [{"tid": 0, "generated": 0, "bbox": {"xmin": 0, "ymin": 94, "ymax": 302, "xmax": 196}}, {"tid": 2, "generated": 0, "bbox": {"xmin": 374, "ymin": 52, "ymax": 198, "xmax": 466}}, {"tid": 3, "generated": 0, "bbox": {"xmin": 264, "ymin": 74, "ymax": 253, "xmax": 356}}], [{"tid": 0, "generated": 0, "bbox": {"xmin": 0, "ymin": 101, "ymax": 309, "xmax": 198}}, {"tid": 2, "generated": 0, "bbox": {"xmin": 371, "ymin": 51, "ymax": 197, "xmax": 463}}, {"tid": 3, "generated": 0, "bbox": {"xmin": 261, "ymin": 75, "ymax": 254, "xmax": 353}}], [{"tid": 0, "generated": 0, "bbox": {"xmin": 0, "ymin": 105, "ymax": 313, "xmax": 198}}, {"tid": 2, "generated": 0, "bbox": {"xmin": 370, "ymin": 53, "ymax": 199, "xmax": 462}}, {"tid": 3, "generated": 0, "bbox": {"xmin": 259, "ymin": 76, "ymax": 255, "xmax": 351}}], [{"tid": 0, "generated": 0, "bbox": {"xmin": 0, "ymin": 106, "ymax": 316, "xmax": 190}}, {"tid": 2, "generated": 0, "bbox": {"xmin": 369, "ymin": 55, "ymax": 201, "xmax": 461}}, {"tid": 3, "generated": 0, "bbox": {"xmin": 259, "ymin": 79, "ymax": 258, "xmax": 348}}], [{"tid": 0, "generated": 0, "bbox": {"xmin": 0, "ymin": 108, "ymax": 319, "xmax": 196}}, {"tid": 2, "generated": 0, "bbox": {"xmin": 367, "ymin": 57, "ymax": 203, "xmax": 459}}, {"tid": 3, "generated": 0, "bbox": {"xmin": 259, "ymin": 82, "ymax": 261, "xmax": 345}}], [{"tid": 0, "generated": 0, "bbox": {"xmin": 0, "ymin": 114, "ymax": 323, "xmax": 199}}, {"tid": 2, "generated": 0, "bbox": {"xmin": 366, "ymin": 59, "ymax": 205, "xmax": 458}}, {"tid": 3, "generated": 0, "bbox": {"xmin": 260, "ymin": 84, "ymax": 263, "xmax": 342}}], [{"tid": 0, "generated": 0, "bbox": {"xmin": 0, "ymin": 117, "ymax": 324, "xmax": 198}}, {"tid": 2, "generated": 0, "bbox": {"xmin": 365, "ymin": 61, "ymax": 207, "xmax": 457}}, {"tid": 3, "generated": 0, "bbox": {"xmin": 260, "ymin": 87, "ymax": 266, "xmax": 339}}], [{"tid": 0, "generated": 0, "bbox": {"xmin": 0, "ymin": 116, "ymax": 317, "xmax": 199}}, {"tid": 2, "generated": 0, "bbox": {"xmin": 363, "ymin": 61, "ymax": 212, "xmax": 457}}, {"tid": 3, "generated": 0, "bbox": {"xmin": 260, "ymin": 90, "ymax": 269, "xmax": 336}}], [{"tid": 0, "generated": 0, "bbox": {"xmin": 0, "ymin": 118, "ymax": 319, "xmax": 199}}, {"tid": 2, "generated": 0, "bbox": {"xmin": 361, "ymin": 61, "ymax": 217, "xmax": 457}}, {"tid": 3, "generated": 0, "bbox": {"xmin": 259, "ymin": 88, "ymax": 267, "xmax": 335}}], [{"tid": 0, "generated": 0, "bbox": {"xmin": 0, "ymin": 121, "ymax": 321, "xmax": 199}}, {"tid": 2, "generated": 0, "bbox": {"xmin": 359, "ymin": 61, "ymax": 222, "xmax": 457}}, {"tid": 3, "generated": 0, "bbox": {"xmin": 258, "ymin": 85, "ymax": 264, "xmax": 334}}], [{"tid": 0, "generated": 0, "bbox": {"xmin": 0, "ymin": 117, "ymax": 315, "xmax": 194}}, {"tid": 2, "generated": 0, "bbox": {"xmin": 357, "ymin": 61, "ymax": 227, "xmax": 457}}, {"tid": 3, "generated": 0, "bbox": {"xmin": 256, "ymin": 83, "ymax": 262, "xmax": 332}}], [{"tid": 0, "generated": 0, "bbox": {"xmin": 0, "ymin": 104, "ymax": 294, "xmax": 201}}, {"tid": 2, "generated": 0, "bbox": {"xmin": 355, "ymin": 61, "ymax": 232, "xmax": 457}}, {"tid": 3, "generated": 0, "bbox": {"xmin": 255, "ymin": 80, "ymax": 259, "xmax": 331}}], [{"tid": 0, "generated": 0, "bbox": {"xmin": 0, "ymin": 97, "ymax": 284, "xmax": 201}}, {"tid": 2, "generated": 0, "bbox": {"xmin": 356, "ymin": 62, "ymax": 233, "xmax": 458}}, {"tid": 3, "generated": 0, "bbox": {"xmin": 254, "ymin": 78, "ymax": 257, "xmax": 330}}], [{"tid": 0, "generated": 0, "bbox": {"xmin": 0, "ymin": 90, "ymax": 274, "xmax": 201}}, {"tid": 2, "generated": 0, "bbox": {"xmin": 357, "ymin": 62, "ymax": 233, "xmax": 459}}, {"tid": 3, "generated": 0, "bbox": {"xmin": 256, "ymin": 74, "ymax": 249, "xmax": 332}}], [{"tid": 0, "generated": 0, "bbox": {"xmin": 0, "ymin": 84, "ymax": 264, "xmax": 202}}, {"tid": 2, "generated": 0, "bbox": {"xmin": 358, "ymin": 63, "ymax": 234, "xmax": 460}}, {"tid": 3, "generated": 0, "bbox": {"xmin": 258, "ymin": 71, "ymax": 241, "xmax": 334}}], [{"tid": 0, "generated": 0, "bbox": {"xmin": 0, "ymin": 80, "ymax": 260, "xmax": 202}}, {"tid": 2, "generated": 0, "bbox": {"xmin": 359, "ymin": 63, "ymax": 234, "xmax": 461}}, {"tid": 3, "generated": 0, "bbox": {"xmin": 260, "ymin": 67, "ymax": 233, "xmax": 336}}], [{"tid": 0, "generated": 0, "bbox": {"xmin": 0, "ymin": 69, "ymax": 247, "xmax": 196}}, {"tid": 2, "generated": 0, "bbox": {"xmin": 360, "ymin": 64, "ymax": 235, "xmax": 462}}, {"tid": 3, "generated": 0, "bbox": {"xmin": 262, "ymin": 64, "ymax": 225, "xmax": 338}}], [{"tid": 0, "generated": 0, "bbox": {"xmin": 0, "ymin": 59, "ymax": 237, "xmax": 191}}, {"tid": 2, "generated": 0, "bbox": {"xmin": 367, "ymin": 61, "ymax": 232, "xmax": 467}}, {"tid": 3, "generated": 0, "bbox": {"xmin": 264, "ymin": 60, "ymax": 217, "xmax": 340}}], [{"tid": 0, "generated": 0, "bbox": {"xmin": 0, "ymin": 54, "ymax": 229, "xmax": 197}}, {"tid": 2, "generated": 0, "bbox": {"xmin": 373, "ymin": 59, "ymax": 230, "xmax": 473}}, {"tid": 3, "generated": 0, "bbox": {"xmin": 276, "ymin": 60, "ymax": 217, "xmax": 352}}], [{"tid": 0, "generated": 0, "bbox": {"xmin": 3, "ymin": 50, "ymax": 224, "xmax": 203}}, {"tid": 2, "generated": 0, "bbox": {"xmin": 380, "ymin": 56, "ymax": 227, "xmax": 478}}, {"tid": 3, "generated": 0, "bbox": {"xmin": 289, "ymin": 59, "ymax": 216, "xmax": 365}}], [{"tid": 0, "generated": 0, "bbox": {"xmin": 24, "ymin": 46, "ymax": 218, "xmax": 213}}, {"tid": 2, "generated": 0, "bbox": {"xmin": 386, "ymin": 54, "ymax": 225, "xmax": 479}}, {"tid": 3, "generated": 0, "bbox": {"xmin": 301, "ymin": 59, "ymax": 216, "xmax": 377}}], [{"tid": 0, "generated": 0, "bbox": {"xmin": 40, "ymin": 45, "ymax": 212, "xmax": 220}}, {"tid": 2, "generated": 0, "bbox": {"xmin": 393, "ymin": 51, "ymax": 222, "xmax": 479}}, {"tid": 3, "generated": 0, "bbox": {"xmin": 314, "ymin": 58, "ymax": 215, "xmax": 390}}], [], [], [], [], [], [], [], [], [], [], [], [], [], [], [], [], [], [], [], [], [], [], [], [], [], [], [], [], [], [], [{"tid": 0, "generated": 0, "bbox": {"xmin": 280, "ymin": 8, "ymax": 177, "xmax": 408}}, {"tid": 1, "generated": 0, "bbox": {"xmin": 115, "ymin": 150, "ymax": 358, "xmax": 408}}], [{"tid": 0, "generated": 0, "bbox": {"xmin": 281, "ymin": 7, "ymax": 175, "xmax": 410}}, {"tid": 1, "generated": 0, "bbox": {"xmin": 117, "ymin": 150, "ymax": 346, "xmax": 411}}], [{"tid": 0, "generated": 0, "bbox": {"xmin": 282, "ymin": 6, "ymax": 172, "xmax": 412}}, {"tid": 1, "generated": 0, "bbox": {"xmin": 118, "ymin": 148, "ymax": 339, "xmax": 417}}], [{"tid": 0, "generated": 0, "bbox": {"xmin": 284, "ymin": 6, "ymax": 169, "xmax": 414}}, {"tid": 1, "generated": 0, "bbox": {"xmin": 120, "ymin": 148, "ymax": 331, "xmax": 403}}], [{"tid": 0, "generated": 0, "bbox": {"xmin": 284, "ymin": 8, "ymax": 176, "xmax": 414}}, {"tid": 1, "generated": 0, "bbox": {"xmin": 115, "ymin": 152, "ymax": 333, "xmax": 387}}], [{"tid": 0, "generated": 0, "bbox": {"xmin": 286, "ymin": 14, "ymax": 179, "xmax": 416}}, {"tid": 1, "generated": 0, "bbox": {"xmin": 111, "ymin": 156, "ymax": 340, "xmax": 370}}], [{"tid": 0, "generated": 0, "bbox": {"xmin": 285, "ymin": 21, "ymax": 186, "xmax": 415}}, {"tid": 1, "generated": 0, "bbox": {"xmin": 105, "ymin": 164, "ymax": 346, "xmax": 318}}], [{"tid": 0, "generated": 0, "bbox": {"xmin": 284, "ymin": 29, "ymax": 194, "xmax": 414}}, {"tid": 1, "generated": 0, "bbox": {"xmin": 100, "ymin": 165, "ymax": 357, "xmax": 304}}], [{"tid": 0, "generated": 0, "bbox": {"xmin": 284, "ymin": 36, "ymax": 202, "xmax": 413}}, {"tid": 1, "generated": 0, "bbox": {"xmin": 88, "ymin": 174, "ymax": 357, "xmax": 302}}], [{"tid": 0, "generated": 0, "bbox": {"xmin": 284, "ymin": 44, "ymax": 207, "xmax": 415}}, {"tid": 1, "generated": 0, "bbox": {"xmin": 80, "ymin": 180, "ymax": 358, "xmax": 302}}], [{"tid": 0, "generated": 0, "bbox": {"xmin": 284, "ymin": 46, "ymax": 212, "xmax": 413}}, {"tid": 1, "generated": 0, "bbox": {"xmin": 64, "ymin": 188, "ymax": 358, "xmax": 300}}], [{"tid": 0, "generated": 0, "bbox": {"xmin": 284, "ymin": 47, "ymax": 214, "xmax": 414}}, {"tid": 1, "generated": 0, "bbox": {"xmin": 56, "ymin": 189, "ymax": 359, "xmax": 301}}], [{"tid": 0, "generated": 0, "bbox": {"xmin": 283, "ymin": 45, "ymax": 213, "xmax": 414}}, {"tid": 1, "generated": 0, "bbox": {"xmin": 50, "ymin": 191, "ymax": 359, "xmax": 312}}], [{"tid": 0, "generated": 0, "bbox": {"xmin": 282, "ymin": 44, "ymax": 213, "xmax": 414}}, {"tid": 1, "generated": 0, "bbox": {"xmin": 47, "ymin": 191, "ymax": 359, "xmax": 317}}], [{"tid": 0, "generated": 0, "bbox": {"xmin": 284, "ymin": 45, "ymax": 216, "xmax": 416}}, {"tid": 1, "generated": 0, "bbox": {"xmin": 48, "ymin": 192, "ymax": 358, "xmax": 324}}], [{"tid": 0, "generated": 0, "bbox": {"xmin": 286, "ymin": 48, "ymax": 220, "xmax": 418}}, {"tid": 1, "generated": 0, "bbox": {"xmin": 58, "ymin": 194, "ymax": 359, "xmax": 335}}], [{"tid": 0, "generated": 0, "bbox": {"xmin": 288, "ymin": 53, "ymax": 223, "xmax": 422}}, {"tid": 1, "generated": 0, "bbox": {"xmin": 66, "ymin": 196, "ymax": 359, "xmax": 348}}], [{"tid": 0, "generated": 0, "bbox": {"xmin": 290, "ymin": 58, "ymax": 226, "xmax": 426}}, {"tid": 1, "generated": 0, "bbox": {"xmin": 72, "ymin": 200, "ymax": 359, "xmax": 366}}], [{"tid": 0, "generated": 0, "bbox": {"xmin": 292, "ymin": 59, "ymax": 230, "xmax": 428}}, {"tid": 1, "generated": 0, "bbox": {"xmin": 80, "ymin": 203, "ymax": 359, "xmax": 404}}], [{"tid": 0, "generated": 0, "bbox": {"xmin": 291, "ymin": 59, "ymax": 230, "xmax": 428}}, {"tid": 1, "generated": 0, "bbox": {"xmin": 79, "ymin": 203, "ymax": 359, "xmax": 404}}], [{"tid": 0, "generated": 0, "bbox": {"xmin": 288, "ymin": 59, "ymax": 230, "xmax": 427}}, {"tid": 1, "generated": 0, "bbox": {"xmin": 68, "ymin": 202, "ymax": 359, "xmax": 401}}], [{"tid": 0, "generated": 0, "bbox": {"xmin": 284, "ymin": 55, "ymax": 226, "xmax": 424}}, {"tid": 1, "generated": 0, "bbox": {"xmin": 61, "ymin": 200, "ymax": 359, "xmax": 384}}], [{"tid": 0, "generated": 0, "bbox": {"xmin": 275, "ymin": 47, "ymax": 218, "xmax": 413}}, {"tid": 1, "generated": 0, "bbox": {"xmin": 48, "ymin": 197, "ymax": 359, "xmax": 365}}], [{"tid": 0, "generated": 0, "bbox": {"xmin": 266, "ymin": 43, "ymax": 214, "xmax": 408}}, {"tid": 1, "generated": 0, "bbox": {"xmin": 36, "ymin": 194, "ymax": 359, "xmax": 346}}], [{"tid": 0, "generated": 0, "bbox": {"xmin": 266, "ymin": 40, "ymax": 216, "xmax": 408}}, {"tid": 1, "generated": 0, "bbox": {"xmin": 30, "ymin": 192, "ymax": 359, "xmax": 332}}], [{"tid": 0, "generated": 0, "bbox": {"xmin": 265, "ymin": 38, "ymax": 214, "xmax": 408}}, {"tid": 1, "generated": 0, "bbox": {"xmin": 25, "ymin": 192, "ymax": 358, "xmax": 323}}], [{"tid": 0, "generated": 0, "bbox": {"xmin": 260, "ymin": 37, "ymax": 214, "xmax": 407}}, {"tid": 1, "generated": 0, "bbox": {"xmin": 16, "ymin": 190, "ymax": 359, "xmax": 304}}], [{"tid": 0, "generated": 0, "bbox": {"xmin": 256, "ymin": 36, "ymax": 212, "xmax": 404}}, {"tid": 1, "generated": 0, "bbox": {"xmin": 8, "ymin": 194, "ymax": 358, "xmax": 288}}], [{"tid": 0, "generated": 0, "bbox": {"xmin": 252, "ymin": 36, "ymax": 214, "xmax": 403}}, {"tid": 1, "generated": 0, "bbox": {"xmin": 0, "ymin": 194, "ymax": 359, "xmax": 277}}], [{"tid": 0, "generated": 0, "bbox": {"xmin": 246, "ymin": 34, "ymax": 212, "xmax": 394}}, {"tid": 1, "generated": 0, "bbox": {"xmin": 0, "ymin": 194, "ymax": 359, "xmax": 268}}]], "subject/objects": [{"category": "elephant", "tid": 0}, {"category": "elephant", "tid": 1}, {"category": "person", "tid": 2}, {"category": "person", "tid": 3}], "relation_instances": [{"end_fid": 60, "subject_tid": 0, "predicate": "stand_behind", "begin_fid": 30, "object_tid": 2}, {"end_fid": 60, "subject_tid": 0, "predicate": "stand_left", "begin_fid": 30, "object_tid": 2}, {"end_fid": 60, "subject_tid": 2, "predicate": "walk_right", "begin_fid": 30, "object_tid": 0}, {"end_fid": 60, "subject_tid": 2, "predicate": "walk_front", "begin_fid": 30, "object_tid": 0}, {"end_fid": 60, "subject_tid": 0, "predicate": "stand_left", "begin_fid": 30, "object_tid": 3}, {"end_fid": 60, "subject_tid": 3, "predicate": "stand_right", "begin_fid": 30, "object_tid": 0}, {"end_fid": 60, "subject_tid": 2, "predicate": "walk_front", "begin_fid": 30, "object_tid": 3}, {"end_fid": 60, "subject_tid": 3, "predicate": "stand_behind", "begin_fid": 30, "object_tid": 2}, {"end_fid": 105, "subject_tid": 0, "predicate": "stand_left", "begin_fid": 75, "object_tid": 1}, {"end_fid": 105, "subject_tid": 0, "predicate": "taller", "begin_fid": 75, "object_tid": 1}, {"end_fid": 105, "subject_tid": 0, "predicate": "larger", "begin_fid": 75, "object_tid": 1}, {"end_fid": 105, "subject_tid": 1, "predicate": "walk_right", "begin_fid": 75, "object_tid": 0}, {"end_fid": 105, "subject_tid": 1, "predicate": "walk_toward", "begin_fid": 75, "object_tid": 0}, {"end_fid": 105, "subject_tid": 0, "predicate": "stand_behind", "begin_fid": 75, "object_tid": 2}, {"end_fid": 105, "subject_tid": 0, "predicate": "stand_left", "begin_fid": 75, "object_tid": 2}, {"end_fid": 105, "subject_tid": 2, "predicate": "stand_right", "begin_fid": 75, "object_tid": 0}, {"end_fid": 105, "subject_tid": 2, "predicate": "stand_front", "begin_fid": 75, "object_tid": 0}, {"end_fid": 105, "subject_tid": 0, "predicate": "stand_left", "begin_fid": 75, "object_tid": 3}, {"end_fid": 105, "subject_tid": 3, "predicate": "stand_right", "begin_fid": 75, "object_tid": 0}, {"end_fid": 105, "subject_tid": 1, "predicate": "walk_behind", "begin_fid": 75, "object_tid": 2}, {"end_fid": 105, "subject_tid": 1, "predicate": "walk_left", "begin_fid": 75, "object_tid": 2}, {"end_fid": 105, "subject_tid": 2, "predicate": "stand_right", "begin_fid": 75, "object_tid": 1}, {"end_fid": 105, "subject_tid": 2, "predicate": "stand_front", "begin_fid": 75, "object_tid": 1}, {"end_fid": 105, "subject_tid": 2, "predicate": "taller", "begin_fid": 75, "object_tid": 1}, {"end_fid": 105, "subject_tid": 1, "predicate": "walk_left", "begin_fid": 75, "object_tid": 3}, {"end_fid": 105, "subject_tid": 3, "predicate": "stand_right", "begin_fid": 75, "object_tid": 1}, {"end_fid": 105, "subject_tid": 3, "predicate": "taller", "begin_fid": 75, "object_tid": 1}, {"end_fid": 105, "subject_tid": 2, "predicate": "stand_front", "begin_fid": 75, "object_tid": 3}, {"end_fid": 105, "subject_tid": 3, "predicate": "stand_behind", "begin_fid": 75, "object_tid": 2}, {"end_fid": 150, "subject_tid": 0, "predicate": "stand_left", "begin_fid": 120, "object_tid": 3}, {"end_fid": 150, "subject_tid": 3, "predicate": "stand_right", "begin_fid": 120, "object_tid": 0}, {"end_fid": 195, "subject_tid": 0, "predicate": "stand_behind", "begin_fid": 165, "object_tid": 2}, {"end_fid": 195, "subject_tid": 0, "predicate": "stand_left", "begin_fid": 165, "object_tid": 2}, {"end_fid": 195, "subject_tid": 2, "predicate": "walk_right", "begin_fid": 165, "object_tid": 0}, {"end_fid": 195, "subject_tid": 2, "predicate": "walk_front", "begin_fid": 165, "object_tid": 0}, {"end_fid": 195, "subject_tid": 2, "predicate": "walk_away", "begin_fid": 165, "object_tid": 0}, {"end_fid": 195, "subject_tid": 0, "predicate": "stand_left", "begin_fid": 165, "object_tid": 3}, {"end_fid": 195, "subject_tid": 3, "predicate": "stand_right", "begin_fid": 165, "object_tid": 0}, {"end_fid": 195, "subject_tid": 2, "predicate": "walk_past", "begin_fid": 165, "object_tid": 3}, {"end_fid": 195, "subject_tid": 2, "predicate": "walk_front", "begin_fid": 165, "object_tid": 3}, {"end_fid": 195, "subject_tid": 3, "predicate": "stand_behind", "begin_fid": 165, "object_tid": 2}, {"end_fid": 330, "subject_tid": 0, "predicate": "stand_behind", "begin_fid": 300, "object_tid": 2}, {"end_fid": 330, "subject_tid": 0, "predicate": "stand_left", "begin_fid": 300, "object_tid": 2}, {"end_fid": 330, "subject_tid": 2, "predicate": "stand_right", "begin_fid": 300, "object_tid": 0}, {"end_fid": 330, "subject_tid": 2, "predicate": "stand_front", "begin_fid": 300, "object_tid": 0}, {"end_fid": 330, "subject_tid": 0, "predicate": "stand_left", "begin_fid": 300, "object_tid": 3}, {"end_fid": 330, "subject_tid": 3, "predicate": "stand_right", "begin_fid": 300, "object_tid": 0}, {"end_fid": 330, "subject_tid": 2, "predicate": "stand_front", "begin_fid": 300, "object_tid": 3}, {"end_fid": 330, "subject_tid": 2, "predicate": "stand_left", "begin_fid": 300, "object_tid": 3}, {"end_fid": 330, "subject_tid": 3, "predicate": "stand_right", "begin_fid": 300, "object_tid": 2}, {"end_fid": 330, "subject_tid": 3, "predicate": "stand_behind", "begin_fid": 300, "object_tid": 2}, {"end_fid": 435, "subject_tid": 0, "predicate": "stand_left", "begin_fid": 405, "object_tid": 1}, {"end_fid": 435, "subject_tid": 0, "predicate": "taller", "begin_fid": 405, "object_tid": 1}, {"end_fid": 435, "subject_tid": 0, "predicate": "larger", "begin_fid": 405, "object_tid": 1}, {"end_fid": 435, "subject_tid": 1, "predicate": "walk_right", "begin_fid": 405, "object_tid": 0}, {"end_fid": 435, "subject_tid": 1, "predicate": "walk_away", "begin_fid": 405, "object_tid": 0}, {"end_fid": 435, "subject_tid": 0, "predicate": "stand_behind", "begin_fid": 405, "object_tid": 2}, {"end_fid": 435, "subject_tid": 0, "predicate": "stand_left", "begin_fid": 405, "object_tid": 2}, {"end_fid": 435, "subject_tid": 2, "predicate": "walk_right", "begin_fid": 405, "object_tid": 0}, {"end_fid": 435, "subject_tid": 2, "predicate": "walk_front", "begin_fid": 405, "object_tid": 0}, {"end_fid": 435, "subject_tid": 2, "predicate": "walk_away", "begin_fid": 405, "object_tid": 0}, {"end_fid": 435, "subject_tid": 0, "predicate": "stand_left", "begin_fid": 405, "object_tid": 3}, {"end_fid": 435, "subject_tid": 3, "predicate": "stand_right", "begin_fid": 405, "object_tid": 0}, {"end_fid": 435, "subject_tid": 1, "predicate": "walk_behind", "begin_fid": 405, "object_tid": 2}, {"end_fid": 435, "subject_tid": 1, "predicate": "walk_left", "begin_fid": 405, "object_tid": 2}, {"end_fid": 435, "subject_tid": 1, "predicate": "follow", "begin_fid": 405, "object_tid": 2}, {"end_fid": 435, "subject_tid": 2, "predicate": "walk_right", "begin_fid": 405, "object_tid": 1}, {"end_fid": 435, "subject_tid": 2, "predicate": "walk_front", "begin_fid": 405, "object_tid": 1}, {"end_fid": 435, "subject_tid": 2, "predicate": "taller", "begin_fid": 405, "object_tid": 1}, {"end_fid": 435, "subject_tid": 1, "predicate": "walk_left", "begin_fid": 405, "object_tid": 3}, {"end_fid": 435, "subject_tid": 3, "predicate": "stand_right", "begin_fid": 405, "object_tid": 1}, {"end_fid": 435, "subject_tid": 3, "predicate": "taller", "begin_fid": 405, "object_tid": 1}, {"end_fid": 435, "subject_tid": 2, "predicate": "walk_past", "begin_fid": 405, "object_tid": 3}, {"end_fid": 435, "subject_tid": 2, "predicate": "walk_front", "begin_fid": 405, "object_tid": 3}, {"end_fid": 435, "subject_tid": 3, "predicate": "stand_behind", "begin_fid": 405, "object_tid": 2}, {"end_fid": 525, "subject_tid": 0, "predicate": "stand_left", "begin_fid": 495, "object_tid": 2}, {"end_fid": 525, "subject_tid": 2, "predicate": "stand_right", "begin_fid": 495, "object_tid": 0}, {"end_fid": 525, "subject_tid": 0, "predicate": "stand_left", "begin_fid": 495, "object_tid": 3}, {"end_fid": 525, "subject_tid": 3, "predicate": "stand_right", "begin_fid": 495, "object_tid": 0}, {"end_fid": 525, "subject_tid": 2, "predicate": "stand_right", "begin_fid": 495, "object_tid": 3}, {"end_fid": 525, "subject_tid": 2, "predicate": "stand_next_to", "begin_fid": 495, "object_tid": 3}, {"end_fid": 525, "subject_tid": 3, "predicate": "stand_next_to", "begin_fid": 495, "object_tid": 2}, {"end_fid": 525, "subject_tid": 3, "predicate": "stand_left", "begin_fid": 495, "object_tid": 2}, {"end_fid": 585, "subject_tid": 0, "predicate": "stand_right", "begin_fid": 555, "object_tid": 1}, {"end_fid": 585, "subject_tid": 0, "predicate": "stand_behind", "begin_fid": 555, "object_tid": 1}, {"end_fid": 585, "subject_tid": 0, "predicate": "taller", "begin_fid": 555, "object_tid": 1}, {"end_fid": 585, "subject_tid": 0, "predicate": "larger", "begin_fid": 555, "object_tid": 1}, {"end_fid": 585, "subject_tid": 1, "predicate": "walk_front", "begin_fid": 555, "object_tid": 0}, {"end_fid": 585, "subject_tid": 1, "predicate": "walk_left", "begin_fid": 555, "object_tid": 0}], "height": 360}