{"width": 1280, "frame_count": 522, "video_id": "ILSVRC2015_train_01001002", "fps": 29, "trajectories": [[{"tid": 0, "generated": 0, "bbox": {"xmin": 446, "ymin": 362, "ymax": 600, "xmax": 798}}, {"tid": 1, "generated": 0, "bbox": {"xmin": 0, "ymin": 0, "ymax": 535, "xmax": 1089}}], [{"tid": 0, "generated": 0, "bbox": {"xmin": 440, "ymin": 359, "ymax": 597, "xmax": 785}}, {"tid": 1, "generated": 0, "bbox": {"xmin": 0, "ymin": 0, "ymax": 535, "xmax": 1088}}], [{"tid": 0, "generated": 0, "bbox": {"xmin": 432, "ymin": 357, "ymax": 599, "xmax": 776}}, {"tid": 1, "generated": 0, "bbox": {"xmin": 0, "ymin": 0, "ymax": 535, "xmax": 1086}}], [{"tid": 0, "generated": 0, "bbox": {"xmin": 430, "ymin": 357, "ymax": 597, "xmax": 778}}, {"tid": 1, "generated": 0, "bbox": {"xmin": 0, "ymin": 0, "ymax": 535, "xmax": 1084}}], [{"tid": 0, "generated": 0, "bbox": {"xmin": 423, "ymin": 357, "ymax": 600, "xmax": 764}}, {"tid": 1, "generated": 0, "bbox": {"xmin": 0, "ymin": 0, "ymax": 535, "xmax": 1082}}], [{"tid": 0, "generated": 0, "bbox": {"xmin": 419, "ymin": 357, "ymax": 599, "xmax": 760}}, {"tid": 1, "generated": 0, "bbox": {"xmin": 0, "ymin": 0, "ymax": 535, "xmax": 1080}}], [{"tid": 0, "generated": 0, "bbox": {"xmin": 412, "ymin": 357, "ymax": 602, "xmax": 759}}, {"tid": 1, "generated": 0, "bbox": {"xmin": 0, "ymin": 0, "ymax": 533, "xmax": 1088}}], [{"tid": 0, "generated": 0, "bbox": {"xmin": 407, "ymin": 357, "ymax": 599, "xmax": 757}}, {"tid": 1, "generated": 0, "bbox": {"xmin": 0, "ymin": 0, "ymax": 533, "xmax": 1086}}], [{"tid": 0, "generated": 0, "bbox": {"xmin": 401, "ymin": 359, "ymax": 599, "xmax": 750}}, {"tid": 1, "generated": 0, "bbox": {"xmin": 0, "ymin": 0, "ymax": 531, "xmax": 1086}}], [{"tid": 0, "generated": 0, "bbox": {"xmin": 396, "ymin": 360, "ymax": 599, "xmax": 740}}, {"tid": 1, "generated": 0, "bbox": {"xmin": 0, "ymin": 0, "ymax": 529, "xmax": 1086}}], [{"tid": 0, "generated": 0, "bbox": {"xmin": 392, "ymin": 362, "ymax": 599, "xmax": 730}}, {"tid": 1, "generated": 0, "bbox": {"xmin": 0, "ymin": 0, "ymax": 535, "xmax": 1084}}], [{"tid": 0, "generated": 0, "bbox": {"xmin": 385, "ymin": 359, "ymax": 599, "xmax": 725}}, {"tid": 1, "generated": 0, "bbox": {"xmin": 0, "ymin": 0, "ymax": 535, "xmax": 1089}}], [{"tid": 0, "generated": 0, "bbox": {"xmin": 378, "ymin": 357, "ymax": 593, "xmax": 720}}, {"tid": 1, "generated": 0, "bbox": {"xmin": 0, "ymin": 0, "ymax": 547, "xmax": 1084}}], [{"tid": 0, "generated": 0, "bbox": {"xmin": 371, "ymin": 355, "ymax": 602, "xmax": 712}}, {"tid": 1, "generated": 0, "bbox": {"xmin": 0, "ymin": 0, "ymax": 551, "xmax": 1086}}], [{"tid": 0, "generated": 0, "bbox": {"xmin": 360, "ymin": 353, "ymax": 597, "xmax": 707}}, {"tid": 1, "generated": 0, "bbox": {"xmin": 0, "ymin": 0, "ymax": 545, "xmax": 1084}}], [{"tid": 0, "generated": 0, "bbox": {"xmin": 353, "ymin": 352, "ymax": 597, "xmax": 696}}, {"tid": 1, "generated": 0, "bbox": {"xmin": 0, "ymin": 0, "ymax": 545, "xmax": 1084}}], [{"tid": 0, "generated": 0, "bbox": {"xmin": 346, "ymin": 346, "ymax": 593, "xmax": 686}}, {"tid": 1, "generated": 0, "bbox": {"xmin": 0, "ymin": 0, "ymax": 544, "xmax": 1086}}], [{"tid": 0, "generated": 0, "bbox": {"xmin": 341, "ymin": 346, "ymax": 595, "xmax": 680}}, {"tid": 1, "generated": 0, "bbox": {"xmin": 0, "ymin": 0, "ymax": 549, "xmax": 1086}}], [{"tid": 0, "generated": 0, "bbox": {"xmin": 336, "ymin": 346, "ymax": 588, "xmax": 682}}, {"tid": 1, "generated": 0, "bbox": {"xmin": 0, "ymin": 0, "ymax": 551, "xmax": 1086}}], [{"tid": 0, "generated": 0, "bbox": {"xmin": 336, "ymin": 346, "ymax": 586, "xmax": 675}}, {"tid": 1, "generated": 0, "bbox": {"xmin": 0, "ymin": 0, "ymax": 547, "xmax": 1086}}], [{"tid": 0, "generated": 0, "bbox": {"xmin": 330, "ymin": 350, "ymax": 584, "xmax": 670}}, {"tid": 1, "generated": 0, "bbox": {"xmin": 0, "ymin": 0, "ymax": 549, "xmax": 1088}}], [{"tid": 0, "generated": 0, "bbox": {"xmin": 323, "ymin": 348, "ymax": 583, "xmax": 664}}, {"tid": 1, "generated": 0, "bbox": {"xmin": 0, "ymin": 0, "ymax": 549, "xmax": 1086}}], [{"tid": 0, "generated": 0, "bbox": {"xmin": 320, "ymin": 346, "ymax": 584, "xmax": 656}}, {"tid": 1, "generated": 0, "bbox": {"xmin": 0, "ymin": 0, "ymax": 547, "xmax": 1086}}], [{"tid": 0, "generated": 0, "bbox": {"xmin": 316, "ymin": 344, "ymax": 584, "xmax": 648}}, {"tid": 1, "generated": 0, "bbox": {"xmin": 0, "ymin": 0, "ymax": 547, "xmax": 1084}}], [{"tid": 0, "generated": 0, "bbox": {"xmin": 312, "ymin": 343, "ymax": 590, "xmax": 640}}, {"tid": 1, "generated": 0, "bbox": {"xmin": 0, "ymin": 0, "ymax": 545, "xmax": 1084}}], [{"tid": 0, "generated": 0, "bbox": {"xmin": 314, "ymin": 341, "ymax": 595, "xmax": 640}}, {"tid": 1, "generated": 0, "bbox": {"xmin": 0, "ymin": 0, "ymax": 544, "xmax": 1088}}], [{"tid": 0, "generated": 0, "bbox": {"xmin": 305, "ymin": 339, "ymax": 592, "xmax": 636}}, {"tid": 1, "generated": 0, "bbox": {"xmin": 0, "ymin": 0, "ymax": 551, "xmax": 1086}}], [{"tid": 0, "generated": 0, "bbox": {"xmin": 298, "ymin": 339, "ymax": 590, "xmax": 631}}, {"tid": 1, "generated": 0, "bbox": {"xmin": 0, "ymin": 0, "ymax": 547, "xmax": 1086}}], [{"tid": 0, "generated": 0, "bbox": {"xmin": 296, "ymin": 339, "ymax": 597, "xmax": 625}}, {"tid": 1, "generated": 0, "bbox": {"xmin": 0, "ymin": 0, "ymax": 544, "xmax": 1086}}], [{"tid": 0, "generated": 0, "bbox": {"xmin": 296, "ymin": 339, "ymax": 593, "xmax": 622}}, {"tid": 1, "generated": 0, "bbox": {"xmin": 0, "ymin": 0, "ymax": 544, "xmax": 1086}}], [], [], [], [], [], [], [], [], [], [], [], [], [], [], [], [], [], [], [], [], [], [], [], [], [], [], [], [], [], [], [], [], [], [], [], [], [], [], [], [], [], [], [], [], [], [], [], [], [], [], [], [], [], [], [], [], [], [], [], [], [{"tid": 0, "generated": 0, "bbox": {"xmin": 355, "ymin": 257, "ymax": 613, "xmax": 574}}, {"tid": 1, "generated": 0, "bbox": {"xmin": 0, "ymin": 0, "ymax": 570, "xmax": 1111}}], [{"tid": 0, "generated": 0, "bbox": {"xmin": 357, "ymin": 256, "ymax": 613, "xmax": 572}}, {"tid": 1, "generated": 0, "bbox": {"xmin": 0, "ymin": 0, "ymax": 570, "xmax": 1111}}], [{"tid": 0, "generated": 0, "bbox": {"xmin": 357, "ymin": 254, "ymax": 609, "xmax": 568}}, {"tid": 1, "generated": 0, "bbox": {"xmin": 0, "ymin": 0, "ymax": 568, "xmax": 1116}}], [{"tid": 0, "generated": 0, "bbox": {"xmin": 355, "ymin": 256, "ymax": 615, "xmax": 565}}, {"tid": 1, "generated": 0, "bbox": {"xmin": 0, "ymin": 0, "ymax": 567, "xmax": 1116}}], [{"tid": 0, "generated": 0, "bbox": {"xmin": 353, "ymin": 254, "ymax": 615, "xmax": 570}}, {"tid": 1, "generated": 0, "bbox": {"xmin": 0, "ymin": 0, "ymax": 567, "xmax": 1116}}], [{"tid": 0, "generated": 0, "bbox": {"xmin": 355, "ymin": 252, "ymax": 615, "xmax": 567}}, {"tid": 1, "generated": 0, "bbox": {"xmin": 0, "ymin": 0, "ymax": 567, "xmax": 1116}}], [{"tid": 0, "generated": 0, "bbox": {"xmin": 360, "ymin": 256, "ymax": 615, "xmax": 565}}, {"tid": 1, "generated": 0, "bbox": {"xmin": 0, "ymin": 0, "ymax": 570, "xmax": 1114}}], [{"tid": 0, "generated": 0, "bbox": {"xmin": 359, "ymin": 254, "ymax": 615, "xmax": 570}}, {"tid": 1, "generated": 0, "bbox": {"xmin": 0, "ymin": 0, "ymax": 576, "xmax": 1116}}], [{"tid": 0, "generated": 0, "bbox": {"xmin": 360, "ymin": 256, "ymax": 616, "xmax": 567}}, {"tid": 1, "generated": 0, "bbox": {"xmin": 0, "ymin": 0, "ymax": 574, "xmax": 1118}}], [{"tid": 0, "generated": 0, "bbox": {"xmin": 360, "ymin": 254, "ymax": 616, "xmax": 574}}, {"tid": 1, "generated": 0, "bbox": {"xmin": 0, "ymin": 0, "ymax": 572, "xmax": 1120}}], [{"tid": 0, "generated": 0, "bbox": {"xmin": 362, "ymin": 252, "ymax": 618, "xmax": 572}}, {"tid": 1, "generated": 0, "bbox": {"xmin": 0, "ymin": 0, "ymax": 577, "xmax": 1118}}], [{"tid": 0, "generated": 0, "bbox": {"xmin": 362, "ymin": 252, "ymax": 618, "xmax": 568}}, {"tid": 1, "generated": 0, "bbox": {"xmin": 0, "ymin": 0, "ymax": 576, "xmax": 1118}}], [{"tid": 0, "generated": 0, "bbox": {"xmin": 360, "ymin": 252, "ymax": 616, "xmax": 570}}, {"tid": 1, "generated": 0, "bbox": {"xmin": 0, "ymin": 0, "ymax": 583, "xmax": 1116}}], [{"tid": 0, "generated": 0, "bbox": {"xmin": 362, "ymin": 252, "ymax": 615, "xmax": 576}}, {"tid": 1, "generated": 0, "bbox": {"xmin": 0, "ymin": 0, "ymax": 574, "xmax": 1118}}], [{"tid": 0, "generated": 0, "bbox": {"xmin": 364, "ymin": 252, "ymax": 611, "xmax": 576}}, {"tid": 1, "generated": 0, "bbox": {"xmin": 0, "ymin": 0, "ymax": 574, "xmax": 1120}}], [{"tid": 0, "generated": 0, "bbox": {"xmin": 366, "ymin": 252, "ymax": 611, "xmax": 576}}, {"tid": 1, "generated": 0, "bbox": {"xmin": 0, "ymin": 0, "ymax": 576, "xmax": 1121}}], [{"tid": 0, "generated": 0, "bbox": {"xmin": 366, "ymin": 252, "ymax": 616, "xmax": 570}}, {"tid": 1, "generated": 0, "bbox": {"xmin": 0, "ymin": 0, "ymax": 584, "xmax": 1120}}], [{"tid": 0, "generated": 0, "bbox": {"xmin": 368, "ymin": 252, "ymax": 615, "xmax": 574}}, {"tid": 1, "generated": 0, "bbox": {"xmin": 0, "ymin": 0, "ymax": 577, "xmax": 1120}}], [{"tid": 0, "generated": 0, "bbox": {"xmin": 369, "ymin": 252, "ymax": 616, "xmax": 570}}, {"tid": 1, "generated": 0, "bbox": {"xmin": 0, "ymin": 0, "ymax": 576, "xmax": 1125}}], [{"tid": 0, "generated": 0, "bbox": {"xmin": 369, "ymin": 252, "ymax": 620, "xmax": 572}}, {"tid": 1, "generated": 0, "bbox": {"xmin": 0, "ymin": 0, "ymax": 583, "xmax": 1123}}], [{"tid": 0, "generated": 0, "bbox": {"xmin": 369, "ymin": 254, "ymax": 620, "xmax": 572}}, {"tid": 1, "generated": 0, "bbox": {"xmin": 0, "ymin": 0, "ymax": 581, "xmax": 1121}}], [{"tid": 0, "generated": 0, "bbox": {"xmin": 369, "ymin": 254, "ymax": 615, "xmax": 577}}, {"tid": 1, "generated": 0, "bbox": {"xmin": 0, "ymin": 0, "ymax": 586, "xmax": 1121}}], [{"tid": 0, "generated": 0, "bbox": {"xmin": 368, "ymin": 254, "ymax": 620, "xmax": 570}}, {"tid": 1, "generated": 0, "bbox": {"xmin": 0, "ymin": 0, "ymax": 584, "xmax": 1128}}], [{"tid": 0, "generated": 0, "bbox": {"xmin": 369, "ymin": 252, "ymax": 624, "xmax": 570}}, {"tid": 1, "generated": 0, "bbox": {"xmin": 0, "ymin": 0, "ymax": 584, "xmax": 1127}}], [{"tid": 0, "generated": 0, "bbox": {"xmin": 371, "ymin": 252, "ymax": 620, "xmax": 568}}, {"tid": 1, "generated": 0, "bbox": {"xmin": 0, "ymin": 0, "ymax": 584, "xmax": 1125}}], [{"tid": 0, "generated": 0, "bbox": {"xmin": 373, "ymin": 257, "ymax": 620, "xmax": 565}}, {"tid": 1, "generated": 0, "bbox": {"xmin": 0, "ymin": 0, "ymax": 584, "xmax": 1125}}], [{"tid": 0, "generated": 0, "bbox": {"xmin": 373, "ymin": 257, "ymax": 624, "xmax": 563}}, {"tid": 1, "generated": 0, "bbox": {"xmin": 0, "ymin": 0, "ymax": 588, "xmax": 1127}}], [{"tid": 0, "generated": 0, "bbox": {"xmin": 373, "ymin": 257, "ymax": 625, "xmax": 567}}, {"tid": 1, "generated": 0, "bbox": {"xmin": 0, "ymin": 0, "ymax": 586, "xmax": 1130}}], [{"tid": 0, "generated": 0, "bbox": {"xmin": 371, "ymin": 259, "ymax": 625, "xmax": 567}}, {"tid": 1, "generated": 0, "bbox": {"xmin": 0, "ymin": 0, "ymax": 588, "xmax": 1127}}], [{"tid": 0, "generated": 0, "bbox": {"xmin": 371, "ymin": 264, "ymax": 624, "xmax": 568}}, {"tid": 1, "generated": 0, "bbox": {"xmin": 0, "ymin": 0, "ymax": 586, "xmax": 1132}}], [], [], [], [], [], [], [], [], [], [], [], [], [], [], [], [], [], [], [], [], [], [], [], [], [], [], [], [], [], [], [], [], [], [], [], [], [], [], [], [], [], [], [], [], [], [], [], [], [], [], [], [], [], [], [], [], [], [], [], [], [], [], [], [], [], [], [], [], [], [], [], [], [], [], [], [], [], [], [], [], [], [], [], [], [], [], [], [], [], [], [], [], [], [], [], [], [], [], [], [], [], [], [], [], [], [], [], [], [], [], [], [], [], [], [], [], [], [], [], [], [], [], [], [], [], [], [], [], [], [], [], [], [], [], [], [], [], [], [], [], [], [], [], [], [], [], [], [], [], [], [], [], [], [], [], [], [], [], [], [], [], [], [], [], [], [{"tid": 0, "generated": 0, "bbox": {"xmin": 458, "ymin": 334, "ymax": 718, "xmax": 567}}, {"tid": 1, "generated": 0, "bbox": {"xmin": 0, "ymin": 8, "ymax": 679, "xmax": 1224}}], [{"tid": 0, "generated": 0, "bbox": {"xmin": 458, "ymin": 334, "ymax": 716, "xmax": 570}}, {"tid": 1, "generated": 0, "bbox": {"xmin": 0, "ymin": 10, "ymax": 679, "xmax": 1224}}], [{"tid": 0, "generated": 0, "bbox": {"xmin": 460, "ymin": 334, "ymax": 716, "xmax": 574}}, {"tid": 1, "generated": 0, "bbox": {"xmin": 0, "ymin": 12, "ymax": 679, "xmax": 1224}}], [{"tid": 0, "generated": 0, "bbox": {"xmin": 462, "ymin": 336, "ymax": 718, "xmax": 570}}, {"tid": 1, "generated": 0, "bbox": {"xmin": 0, "ymin": 14, "ymax": 684, "xmax": 1223}}], [{"tid": 0, "generated": 0, "bbox": {"xmin": 464, "ymin": 337, "ymax": 718, "xmax": 568}}, {"tid": 1, "generated": 0, "bbox": {"xmin": 0, "ymin": 16, "ymax": 679, "xmax": 1232}}], [{"tid": 0, "generated": 0, "bbox": {"xmin": 465, "ymin": 339, "ymax": 718, "xmax": 568}}, {"tid": 1, "generated": 0, "bbox": {"xmin": 0, "ymin": 12, "ymax": 682, "xmax": 1228}}], [{"tid": 0, "generated": 0, "bbox": {"xmin": 464, "ymin": 339, "ymax": 718, "xmax": 567}}, {"tid": 1, "generated": 0, "bbox": {"xmin": 0, "ymin": 12, "ymax": 684, "xmax": 1226}}], [{"tid": 0, "generated": 0, "bbox": {"xmin": 462, "ymin": 339, "ymax": 718, "xmax": 565}}, {"tid": 1, "generated": 0, "bbox": {"xmin": 0, "ymin": 12, "ymax": 680, "xmax": 1223}}], [{"tid": 0, "generated": 0, "bbox": {"xmin": 462, "ymin": 339, "ymax": 718, "xmax": 565}}, {"tid": 1, "generated": 0, "bbox": {"xmin": 0, "ymin": 12, "ymax": 684, "xmax": 1221}}], [{"tid": 0, "generated": 0, "bbox": {"xmin": 462, "ymin": 339, "ymax": 718, "xmax": 565}}, {"tid": 1, "generated": 0, "bbox": {"xmin": 0, "ymin": 14, "ymax": 684, "xmax": 1224}}], [{"tid": 0, "generated": 0, "bbox": {"xmin": 462, "ymin": 339, "ymax": 718, "xmax": 565}}, {"tid": 1, "generated": 0, "bbox": {"xmin": 0, "ymin": 16, "ymax": 688, "xmax": 1224}}], [{"tid": 0, "generated": 0, "bbox": {"xmin": 462, "ymin": 339, "ymax": 718, "xmax": 567}}, {"tid": 1, "generated": 0, "bbox": {"xmin": 0, "ymin": 19, "ymax": 684, "xmax": 1230}}], [{"tid": 0, "generated": 0, "bbox": {"xmin": 462, "ymin": 339, "ymax": 718, "xmax": 568}}, {"tid": 1, "generated": 0, "bbox": {"xmin": 0, "ymin": 19, "ymax": 682, "xmax": 1230}}], [{"tid": 0, "generated": 0, "bbox": {"xmin": 462, "ymin": 341, "ymax": 718, "xmax": 570}}, {"tid": 1, "generated": 0, "bbox": {"xmin": 0, "ymin": 21, "ymax": 682, "xmax": 1228}}], [{"tid": 0, "generated": 0, "bbox": {"xmin": 462, "ymin": 343, "ymax": 718, "xmax": 572}}, {"tid": 1, "generated": 0, "bbox": {"xmin": 0, "ymin": 23, "ymax": 684, "xmax": 1228}}], [{"tid": 0, "generated": 0, "bbox": {"xmin": 462, "ymin": 344, "ymax": 716, "xmax": 574}}, {"tid": 1, "generated": 0, "bbox": {"xmin": 0, "ymin": 24, "ymax": 686, "xmax": 1226}}], [{"tid": 0, "generated": 0, "bbox": {"xmin": 460, "ymin": 344, "ymax": 718, "xmax": 570}}, {"tid": 1, "generated": 0, "bbox": {"xmin": 0, "ymin": 24, "ymax": 688, "xmax": 1230}}], [{"tid": 0, "generated": 0, "bbox": {"xmin": 460, "ymin": 344, "ymax": 718, "xmax": 568}}, {"tid": 1, "generated": 0, "bbox": {"xmin": 0, "ymin": 24, "ymax": 686, "xmax": 1228}}], [{"tid": 0, "generated": 0, "bbox": {"xmin": 460, "ymin": 344, "ymax": 718, "xmax": 567}}, {"tid": 1, "generated": 0, "bbox": {"xmin": 0, "ymin": 24, "ymax": 689, "xmax": 1230}}], [{"tid": 0, "generated": 0, "bbox": {"xmin": 460, "ymin": 344, "ymax": 718, "xmax": 567}}, {"tid": 1, "generated": 0, "bbox": {"xmin": 0, "ymin": 24, "ymax": 688, "xmax": 1230}}], [{"tid": 0, "generated": 0, "bbox": {"xmin": 460, "ymin": 344, "ymax": 718, "xmax": 567}}, {"tid": 1, "generated": 0, "bbox": {"xmin": 0, "ymin": 24, "ymax": 688, "xmax": 1230}}], [{"tid": 0, "generated": 0, "bbox": {"xmin": 460, "ymin": 344, "ymax": 718, "xmax": 567}}, {"tid": 1, "generated": 0, "bbox": {"xmin": 0, "ymin": 25, "ymax": 690, "xmax": 1228}}], [{"tid": 0, "generated": 0, "bbox": {"xmin": 460, "ymin": 344, "ymax": 718, "xmax": 567}}, {"tid": 1, "generated": 0, "bbox": {"xmin": 0, "ymin": 26, "ymax": 693, "xmax": 1226}}], [{"tid": 0, "generated": 0, "bbox": {"xmin": 460, "ymin": 344, "ymax": 718, "xmax": 567}}, {"tid": 1, "generated": 0, "bbox": {"xmin": 0, "ymin": 28, "ymax": 691, "xmax": 1226}}], [{"tid": 0, "generated": 0, "bbox": {"xmin": 460, "ymin": 344, "ymax": 718, "xmax": 568}}, {"tid": 1, "generated": 0, "bbox": {"xmin": 0, "ymin": 30, "ymax": 688, "xmax": 1230}}], [{"tid": 0, "generated": 0, "bbox": {"xmin": 460, "ymin": 348, "ymax": 716, "xmax": 572}}, {"tid": 1, "generated": 0, "bbox": {"xmin": 0, "ymin": 28, "ymax": 689, "xmax": 1230}}], [{"tid": 0, "generated": 0, "bbox": {"xmin": 456, "ymin": 350, "ymax": 718, "xmax": 568}}, {"tid": 1, "generated": 0, "bbox": {"xmin": 0, "ymin": 28, "ymax": 693, "xmax": 1228}}], [{"tid": 0, "generated": 0, "bbox": {"xmin": 455, "ymin": 346, "ymax": 718, "xmax": 565}}, {"tid": 1, "generated": 0, "bbox": {"xmin": 0, "ymin": 30, "ymax": 691, "xmax": 1226}}], [{"tid": 0, "generated": 0, "bbox": {"xmin": 458, "ymin": 344, "ymax": 716, "xmax": 565}}, {"tid": 1, "generated": 0, "bbox": {"xmin": 0, "ymin": 32, "ymax": 693, "xmax": 1226}}], [{"tid": 0, "generated": 0, "bbox": {"xmin": 455, "ymin": 346, "ymax": 718, "xmax": 561}}, {"tid": 1, "generated": 0, "bbox": {"xmin": 0, "ymin": 32, "ymax": 698, "xmax": 1226}}], [], [], [], [], [], [], [], [], [], [], [], [], [], [], [], [], [], [], [], [], [], [], [], [], [], [], [], [], [], [], [], [], [], [], [], [], [], [], [], [], [], [], [], [], [], [{"tid": 0, "generated": 0, "bbox": {"xmin": 416, "ymin": 574, "ymax": 716, "xmax": 780}}, {"tid": 1, "generated": 0, "bbox": {"xmin": 0, "ymin": 39, "ymax": 700, "xmax": 1244}}], [{"tid": 0, "generated": 0, "bbox": {"xmin": 416, "ymin": 572, "ymax": 718, "xmax": 780}}, {"tid": 1, "generated": 0, "bbox": {"xmin": 0, "ymin": 39, "ymax": 698, "xmax": 1244}}], [{"tid": 0, "generated": 0, "bbox": {"xmin": 416, "ymin": 570, "ymax": 718, "xmax": 776}}, {"tid": 1, "generated": 0, "bbox": {"xmin": 0, "ymin": 39, "ymax": 696, "xmax": 1244}}], [{"tid": 0, "generated": 0, "bbox": {"xmin": 416, "ymin": 568, "ymax": 718, "xmax": 773}}, {"tid": 1, "generated": 0, "bbox": {"xmin": 0, "ymin": 39, "ymax": 704, "xmax": 1244}}], [{"tid": 0, "generated": 0, "bbox": {"xmin": 416, "ymin": 568, "ymax": 718, "xmax": 769}}, {"tid": 1, "generated": 0, "bbox": {"xmin": 0, "ymin": 39, "ymax": 702, "xmax": 1246}}], [{"tid": 0, "generated": 0, "bbox": {"xmin": 416, "ymin": 568, "ymax": 718, "xmax": 766}}, {"tid": 1, "generated": 0, "bbox": {"xmin": 0, "ymin": 39, "ymax": 700, "xmax": 1248}}], [{"tid": 0, "generated": 0, "bbox": {"xmin": 416, "ymin": 568, "ymax": 718, "xmax": 762}}, {"tid": 1, "generated": 0, "bbox": {"xmin": 0, "ymin": 39, "ymax": 698, "xmax": 1248}}], [{"tid": 0, "generated": 0, "bbox": {"xmin": 416, "ymin": 568, "ymax": 718, "xmax": 759}}, {"tid": 1, "generated": 0, "bbox": {"xmin": 0, "ymin": 39, "ymax": 705, "xmax": 1248}}], [{"tid": 0, "generated": 0, "bbox": {"xmin": 416, "ymin": 568, "ymax": 718, "xmax": 760}}, {"tid": 1, "generated": 0, "bbox": {"xmin": 0, "ymin": 39, "ymax": 702, "xmax": 1249}}], [{"tid": 0, "generated": 0, "bbox": {"xmin": 416, "ymin": 568, "ymax": 718, "xmax": 755}}, {"tid": 1, "generated": 0, "bbox": {"xmin": 0, "ymin": 39, "ymax": 700, "xmax": 1251}}], [{"tid": 0, "generated": 0, "bbox": {"xmin": 417, "ymin": 568, "ymax": 718, "xmax": 755}}, {"tid": 1, "generated": 0, "bbox": {"xmin": 0, "ymin": 39, "ymax": 698, "xmax": 1251}}], [{"tid": 0, "generated": 0, "bbox": {"xmin": 416, "ymin": 567, "ymax": 718, "xmax": 750}}, {"tid": 1, "generated": 0, "bbox": {"xmin": 0, "ymin": 35, "ymax": 693, "xmax": 1251}}], [{"tid": 0, "generated": 0, "bbox": {"xmin": 414, "ymin": 567, "ymax": 716, "xmax": 753}}, {"tid": 1, "generated": 0, "bbox": {"xmin": 0, "ymin": 33, "ymax": 696, "xmax": 1249}}], [{"tid": 0, "generated": 0, "bbox": {"xmin": 419, "ymin": 565, "ymax": 716, "xmax": 748}}, {"tid": 1, "generated": 0, "bbox": {"xmin": 0, "ymin": 32, "ymax": 693, "xmax": 1251}}], [{"tid": 0, "generated": 0, "bbox": {"xmin": 417, "ymin": 563, "ymax": 718, "xmax": 744}}, {"tid": 1, "generated": 0, "bbox": {"xmin": 0, "ymin": 30, "ymax": 689, "xmax": 1253}}], [{"tid": 0, "generated": 0, "bbox": {"xmin": 416, "ymin": 561, "ymax": 718, "xmax": 743}}, {"tid": 1, "generated": 0, "bbox": {"xmin": 0, "ymin": 26, "ymax": 689, "xmax": 1258}}], [{"tid": 0, "generated": 0, "bbox": {"xmin": 414, "ymin": 560, "ymax": 718, "xmax": 741}}, {"tid": 1, "generated": 0, "bbox": {"xmin": 0, "ymin": 24, "ymax": 686, "xmax": 1258}}], [{"tid": 0, "generated": 0, "bbox": {"xmin": 412, "ymin": 558, "ymax": 718, "xmax": 739}}, {"tid": 1, "generated": 0, "bbox": {"xmin": 0, "ymin": 23, "ymax": 684, "xmax": 1258}}], [{"tid": 0, "generated": 0, "bbox": {"xmin": 410, "ymin": 556, "ymax": 718, "xmax": 737}}, {"tid": 1, "generated": 0, "bbox": {"xmin": 0, "ymin": 21, "ymax": 682, "xmax": 1258}}], [{"tid": 0, "generated": 0, "bbox": {"xmin": 408, "ymin": 554, "ymax": 718, "xmax": 736}}, {"tid": 1, "generated": 0, "bbox": {"xmin": 0, "ymin": 19, "ymax": 682, "xmax": 1256}}], [{"tid": 0, "generated": 0, "bbox": {"xmin": 408, "ymin": 554, "ymax": 718, "xmax": 739}}, {"tid": 1, "generated": 0, "bbox": {"xmin": 0, "ymin": 19, "ymax": 679, "xmax": 1256}}], [{"tid": 0, "generated": 0, "bbox": {"xmin": 408, "ymin": 549, "ymax": 718, "xmax": 734}}, {"tid": 1, "generated": 0, "bbox": {"xmin": 0, "ymin": 16, "ymax": 672, "xmax": 1264}}], [{"tid": 0, "generated": 0, "bbox": {"xmin": 408, "ymin": 544, "ymax": 716, "xmax": 736}}, {"tid": 1, "generated": 0, "bbox": {"xmin": 0, "ymin": 14, "ymax": 666, "xmax": 1264}}], [{"tid": 0, "generated": 0, "bbox": {"xmin": 408, "ymin": 538, "ymax": 716, "xmax": 736}}, {"tid": 1, "generated": 0, "bbox": {"xmin": 0, "ymin": 12, "ymax": 668, "xmax": 1262}}], [{"tid": 0, "generated": 0, "bbox": {"xmin": 408, "ymin": 533, "ymax": 718, "xmax": 736}}, {"tid": 1, "generated": 0, "bbox": {"xmin": 0, "ymin": 3, "ymax": 663, "xmax": 1256}}], [{"tid": 0, "generated": 0, "bbox": {"xmin": 407, "ymin": 528, "ymax": 717, "xmax": 732}}, {"tid": 1, "generated": 0, "bbox": {"xmin": 0, "ymin": 0, "ymax": 657, "xmax": 1262}}], [{"tid": 0, "generated": 0, "bbox": {"xmin": 407, "ymin": 524, "ymax": 716, "xmax": 728}}, {"tid": 1, "generated": 0, "bbox": {"xmin": 0, "ymin": 0, "ymax": 654, "xmax": 1262}}], [{"tid": 0, "generated": 0, "bbox": {"xmin": 411, "ymin": 519, "ymax": 717, "xmax": 727}}, {"tid": 1, "generated": 0, "bbox": {"xmin": 0, "ymin": 0, "ymax": 648, "xmax": 1264}}], [{"tid": 0, "generated": 0, "bbox": {"xmin": 416, "ymin": 515, "ymax": 718, "xmax": 727}}, {"tid": 1, "generated": 0, "bbox": {"xmin": 0, "ymin": 0, "ymax": 643, "xmax": 1265}}], [{"tid": 0, "generated": 0, "bbox": {"xmin": 416, "ymin": 510, "ymax": 718, "xmax": 721}}, {"tid": 1, "generated": 0, "bbox": {"xmin": 0, "ymin": 0, "ymax": 640, "xmax": 1267}}]], "subject/objects": [{"category": "fox", "tid": 0}, {"category": "car", "tid": 1}], "relation_instances": [{"end_fid": 30, "subject_tid": 0, "predicate": "walk_front", "begin_fid": 0, "object_tid": 1}, {"end_fid": 30, "subject_tid": 1, "predicate": "stop_behind", "begin_fid": 0, "object_tid": 0}, {"end_fid": 30, "subject_tid": 1, "predicate": "taller", "begin_fid": 0, "object_tid": 0}, {"end_fid": 30, "subject_tid": 1, "predicate": "larger", "begin_fid": 0, "object_tid": 0}, {"end_fid": 120, "subject_tid": 0, "predicate": "stand_front", "begin_fid": 90, "object_tid": 1}, {"end_fid": 120, "subject_tid": 1, "predicate": "stop_behind", "begin_fid": 90, "object_tid": 0}, {"end_fid": 315, "subject_tid": 0, "predicate": "stand_front", "begin_fid": 285, "object_tid": 1}, {"end_fid": 315, "subject_tid": 1, "predicate": "stop_behind", "begin_fid": 285, "object_tid": 0}, {"end_fid": 390, "subject_tid": 0, "predicate": "stand_front", "begin_fid": 360, "object_tid": 1}, {"end_fid": 390, "subject_tid": 1, "predicate": "stop_behind", "begin_fid": 360, "object_tid": 0}], "height": 720}