{"width": 1280, "frame_count": 77, "video_id": "ILSVRC2015_train_00253032", "fps": 30, "trajectories": [[{"tid": 0, "generated": 0, "bbox": {"xmin": 382, "ymin": 88, "ymax": 718, "xmax": 1278}}, {"tid": 1, "generated": 0, "bbox": {"xmin": 378, "ymin": 2, "ymax": 719, "xmax": 1019}}], [{"tid": 0, "generated": 0, "bbox": {"xmin": 382, "ymin": 88, "ymax": 718, "xmax": 1278}}, {"tid": 1, "generated": 0, "bbox": {"xmin": 378, "ymin": 2, "ymax": 719, "xmax": 1019}}], [{"tid": 0, "generated": 0, "bbox": {"xmin": 382, "ymin": 88, "ymax": 718, "xmax": 1278}}, {"tid": 1, "generated": 0, "bbox": {"xmin": 378, "ymin": 2, "ymax": 719, "xmax": 1019}}], [{"tid": 0, "generated": 0, "bbox": {"xmin": 382, "ymin": 88, "ymax": 718, "xmax": 1278}}, {"tid": 1, "generated": 0, "bbox": {"xmin": 378, "ymin": 2, "ymax": 719, "xmax": 1019}}], [{"tid": 0, "generated": 0, "bbox": {"xmin": 382, "ymin": 88, "ymax": 718, "xmax": 1278}}, {"tid": 1, "generated": 0, "bbox": {"xmin": 378, "ymin": 2, "ymax": 719, "xmax": 1019}}], [{"tid": 0, "generated": 0, "bbox": {"xmin": 382, "ymin": 88, "ymax": 718, "xmax": 1278}}, {"tid": 1, "generated": 0, "bbox": {"xmin": 378, "ymin": 2, "ymax": 719, "xmax": 1019}}], [{"tid": 0, "generated": 0, "bbox": {"xmin": 379, "ymin": 88, "ymax": 718, "xmax": 1278}}, {"tid": 1, "generated": 0, "bbox": {"xmin": 378, "ymin": 2, "ymax": 719, "xmax": 1019}}], [{"tid": 0, "generated": 0, "bbox": {"xmin": 377, "ymin": 88, "ymax": 718, "xmax": 1278}}, {"tid": 1, "generated": 0, "bbox": {"xmin": 378, "ymin": 2, "ymax": 719, "xmax": 1019}}], [{"tid": 0, "generated": 0, "bbox": {"xmin": 374, "ymin": 88, "ymax": 718, "xmax": 1278}}, {"tid": 1, "generated": 0, "bbox": {"xmin": 378, "ymin": 2, "ymax": 719, "xmax": 1019}}], [{"tid": 0, "generated": 0, "bbox": {"xmin": 372, "ymin": 88, "ymax": 718, "xmax": 1278}}, {"tid": 1, "generated": 0, "bbox": {"xmin": 378, "ymin": 2, "ymax": 719, "xmax": 1019}}], [{"tid": 0, "generated": 0, "bbox": {"xmin": 369, "ymin": 88, "ymax": 718, "xmax": 1278}}, {"tid": 1, "generated": 0, "bbox": {"xmin": 378, "ymin": 2, "ymax": 719, "xmax": 1019}}], [{"tid": 0, "generated": 0, "bbox": {"xmin": 367, "ymin": 88, "ymax": 718, "xmax": 1278}}, {"tid": 1, "generated": 0, "bbox": {"xmin": 373, "ymin": 2, "ymax": 719, "xmax": 1015}}], [{"tid": 0, "generated": 0, "bbox": {"xmin": 364, "ymin": 88, "ymax": 718, "xmax": 1278}}, {"tid": 1, "generated": 0, "bbox": {"xmin": 368, "ymin": 2, "ymax": 719, "xmax": 1011}}], [{"tid": 0, "generated": 0, "bbox": {"xmin": 362, "ymin": 88, "ymax": 718, "xmax": 1278}}, {"tid": 1, "generated": 0, "bbox": {"xmin": 364, "ymin": 2, "ymax": 719, "xmax": 1006}}], [{"tid": 0, "generated": 0, "bbox": {"xmin": 359, "ymin": 88, "ymax": 718, "xmax": 1278}}, {"tid": 1, "generated": 0, "bbox": {"xmin": 359, "ymin": 2, "ymax": 719, "xmax": 1002}}], [{"tid": 0, "generated": 0, "bbox": {"xmin": 357, "ymin": 88, "ymax": 718, "xmax": 1278}}, {"tid": 1, "generated": 0, "bbox": {"xmin": 354, "ymin": 2, "ymax": 719, "xmax": 998}}], [{"tid": 0, "generated": 0, "bbox": {"xmin": 357, "ymin": 93, "ymax": 718, "xmax": 1278}}, {"tid": 1, "generated": 0, "bbox": {"xmin": 354, "ymin": 2, "ymax": 719, "xmax": 998}}], [{"tid": 0, "generated": 0, "bbox": {"xmin": 357, "ymin": 99, "ymax": 718, "xmax": 1278}}, {"tid": 1, "generated": 0, "bbox": {"xmin": 354, "ymin": 2, "ymax": 719, "xmax": 998}}], [{"tid": 0, "generated": 0, "bbox": {"xmin": 357, "ymin": 104, "ymax": 718, "xmax": 1278}}, {"tid": 1, "generated": 0, "bbox": {"xmin": 354, "ymin": 2, "ymax": 719, "xmax": 998}}], [{"tid": 0, "generated": 0, "bbox": {"xmin": 357, "ymin": 110, "ymax": 718, "xmax": 1278}}, {"tid": 1, "generated": 0, "bbox": {"xmin": 354, "ymin": 2, "ymax": 719, "xmax": 998}}], [{"tid": 0, "generated": 0, "bbox": {"xmin": 357, "ymin": 116, "ymax": 718, "xmax": 1278}}, {"tid": 1, "generated": 0, "bbox": {"xmin": 354, "ymin": 2, "ymax": 719, "xmax": 998}}], [{"tid": 0, "generated": 0, "bbox": {"xmin": 357, "ymin": 121, "ymax": 718, "xmax": 1278}}, {"tid": 1, "generated": 0, "bbox": {"xmin": 354, "ymin": 2, "ymax": 719, "xmax": 998}}], [{"tid": 0, "generated": 0, "bbox": {"xmin": 357, "ymin": 127, "ymax": 718, "xmax": 1278}}, {"tid": 1, "generated": 0, "bbox": {"xmin": 354, "ymin": 2, "ymax": 719, "xmax": 998}}], [{"tid": 0, "generated": 0, "bbox": {"xmin": 357, "ymin": 132, "ymax": 718, "xmax": 1278}}, {"tid": 1, "generated": 0, "bbox": {"xmin": 354, "ymin": 2, "ymax": 719, "xmax": 998}}], [{"tid": 0, "generated": 0, "bbox": {"xmin": 357, "ymin": 138, "ymax": 718, "xmax": 1278}}, {"tid": 1, "generated": 0, "bbox": {"xmin": 354, "ymin": 2, "ymax": 719, "xmax": 998}}], [{"tid": 0, "generated": 0, "bbox": {"xmin": 357, "ymin": 144, "ymax": 718, "xmax": 1278}}, {"tid": 1, "generated": 0, "bbox": {"xmin": 354, "ymin": 2, "ymax": 719, "xmax": 998}}], [{"tid": 0, "generated": 0, "bbox": {"xmin": 359, "ymin": 149, "ymax": 718, "xmax": 1278}}, {"tid": 1, "generated": 0, "bbox": {"xmin": 356, "ymin": 2, "ymax": 719, "xmax": 998}}], [{"tid": 0, "generated": 0, "bbox": {"xmin": 362, "ymin": 155, "ymax": 718, "xmax": 1278}}, {"tid": 1, "generated": 0, "bbox": {"xmin": 358, "ymin": 2, "ymax": 719, "xmax": 998}}], [{"tid": 0, "generated": 0, "bbox": {"xmin": 364, "ymin": 160, "ymax": 718, "xmax": 1278}}, {"tid": 1, "generated": 0, "bbox": {"xmin": 359, "ymin": 2, "ymax": 719, "xmax": 998}}], [{"tid": 0, "generated": 0, "bbox": {"xmin": 367, "ymin": 166, "ymax": 718, "xmax": 1278}}, {"tid": 1, "generated": 0, "bbox": {"xmin": 361, "ymin": 2, "ymax": 719, "xmax": 998}}], [], [], [], [], [], [], [], [], [], [], [], [], [], [], [], [{"tid": 0, "generated": 0, "bbox": {"xmin": 398, "ymin": 270, "ymax": 718, "xmax": 1278}}, {"tid": 1, "generated": 0, "bbox": {"xmin": 371, "ymin": 2, "ymax": 719, "xmax": 1016}}], [{"tid": 0, "generated": 0, "bbox": {"xmin": 398, "ymin": 278, "ymax": 718, "xmax": 1278}}, {"tid": 1, "generated": 0, "bbox": {"xmin": 373, "ymin": 2, "ymax": 719, "xmax": 1016}}], [{"tid": 0, "generated": 0, "bbox": {"xmin": 398, "ymin": 286, "ymax": 718, "xmax": 1278}}, {"tid": 1, "generated": 0, "bbox": {"xmin": 375, "ymin": 2, "ymax": 719, "xmax": 1016}}], [{"tid": 0, "generated": 0, "bbox": {"xmin": 398, "ymin": 294, "ymax": 718, "xmax": 1278}}, {"tid": 1, "generated": 0, "bbox": {"xmin": 377, "ymin": 2, "ymax": 719, "xmax": 1016}}], [{"tid": 0, "generated": 0, "bbox": {"xmin": 398, "ymin": 303, "ymax": 718, "xmax": 1278}}, {"tid": 1, "generated": 0, "bbox": {"xmin": 379, "ymin": 2, "ymax": 719, "xmax": 1016}}], [{"tid": 0, "generated": 0, "bbox": {"xmin": 398, "ymin": 311, "ymax": 718, "xmax": 1278}}, {"tid": 1, "generated": 0, "bbox": {"xmin": 381, "ymin": 2, "ymax": 719, "xmax": 1016}}], [{"tid": 0, "generated": 0, "bbox": {"xmin": 398, "ymin": 319, "ymax": 718, "xmax": 1278}}, {"tid": 1, "generated": 0, "bbox": {"xmin": 381, "ymin": 2, "ymax": 719, "xmax": 1016}}], [{"tid": 0, "generated": 0, "bbox": {"xmin": 398, "ymin": 328, "ymax": 718, "xmax": 1278}}, {"tid": 1, "generated": 0, "bbox": {"xmin": 381, "ymin": 2, "ymax": 719, "xmax": 1016}}], [{"tid": 0, "generated": 0, "bbox": {"xmin": 398, "ymin": 336, "ymax": 718, "xmax": 1278}}, {"tid": 1, "generated": 0, "bbox": {"xmin": 381, "ymin": 2, "ymax": 719, "xmax": 1016}}], [{"tid": 0, "generated": 0, "bbox": {"xmin": 398, "ymin": 344, "ymax": 718, "xmax": 1278}}, {"tid": 1, "generated": 0, "bbox": {"xmin": 381, "ymin": 2, "ymax": 719, "xmax": 1016}}], [{"tid": 0, "generated": 0, "bbox": {"xmin": 398, "ymin": 353, "ymax": 718, "xmax": 1278}}, {"tid": 1, "generated": 0, "bbox": {"xmin": 381, "ymin": 2, "ymax": 719, "xmax": 1016}}], [{"tid": 0, "generated": 0, "bbox": {"xmin": 395, "ymin": 356, "ymax": 718, "xmax": 1278}}, {"tid": 1, "generated": 0, "bbox": {"xmin": 381, "ymin": 2, "ymax": 719, "xmax": 1015}}], [{"tid": 0, "generated": 0, "bbox": {"xmin": 393, "ymin": 360, "ymax": 718, "xmax": 1278}}, {"tid": 1, "generated": 0, "bbox": {"xmin": 381, "ymin": 2, "ymax": 719, "xmax": 1014}}], [{"tid": 0, "generated": 0, "bbox": {"xmin": 391, "ymin": 363, "ymax": 718, "xmax": 1278}}, {"tid": 1, "generated": 0, "bbox": {"xmin": 381, "ymin": 2, "ymax": 719, "xmax": 1013}}], [{"tid": 0, "generated": 0, "bbox": {"xmin": 389, "ymin": 367, "ymax": 718, "xmax": 1278}}, {"tid": 1, "generated": 0, "bbox": {"xmin": 381, "ymin": 2, "ymax": 719, "xmax": 1012}}], [{"tid": 0, "generated": 0, "bbox": {"xmin": 387, "ymin": 371, "ymax": 718, "xmax": 1278}}, {"tid": 1, "generated": 0, "bbox": {"xmin": 381, "ymin": 2, "ymax": 719, "xmax": 1011}}], [{"tid": 0, "generated": 0, "bbox": {"xmin": 384, "ymin": 374, "ymax": 718, "xmax": 1278}}, {"tid": 1, "generated": 0, "bbox": {"xmin": 381, "ymin": 2, "ymax": 719, "xmax": 1011}}], [{"tid": 0, "generated": 0, "bbox": {"xmin": 382, "ymin": 378, "ymax": 718, "xmax": 1278}}, {"tid": 1, "generated": 0, "bbox": {"xmin": 381, "ymin": 2, "ymax": 719, "xmax": 1011}}], [{"tid": 0, "generated": 0, "bbox": {"xmin": 380, "ymin": 381, "ymax": 718, "xmax": 1278}}, {"tid": 1, "generated": 0, "bbox": {"xmin": 381, "ymin": 2, "ymax": 719, "xmax": 1011}}], [{"tid": 0, "generated": 0, "bbox": {"xmin": 378, "ymin": 385, "ymax": 718, "xmax": 1278}}, {"tid": 1, "generated": 0, "bbox": {"xmin": 381, "ymin": 2, "ymax": 719, "xmax": 1011}}], [{"tid": 0, "generated": 0, "bbox": {"xmin": 376, "ymin": 389, "ymax": 718, "xmax": 1278}}, {"tid": 1, "generated": 0, "bbox": {"xmin": 381, "ymin": 2, "ymax": 719, "xmax": 1011}}], [{"tid": 0, "generated": 0, "bbox": {"xmin": 381, "ymin": 387, "ymax": 717, "xmax": 1277}}, {"tid": 1, "generated": 0, "bbox": {"xmin": 381, "ymin": 2, "ymax": 719, "xmax": 1011}}], [{"tid": 0, "generated": 0, "bbox": {"xmin": 387, "ymin": 386, "ymax": 716, "xmax": 1277}}, {"tid": 1, "generated": 0, "bbox": {"xmin": 381, "ymin": 2, "ymax": 719, "xmax": 1011}}], [{"tid": 0, "generated": 0, "bbox": {"xmin": 393, "ymin": 385, "ymax": 715, "xmax": 1277}}, {"tid": 1, "generated": 0, "bbox": {"xmin": 381, "ymin": 2, "ymax": 719, "xmax": 1011}}], [{"tid": 0, "generated": 0, "bbox": {"xmin": 399, "ymin": 384, "ymax": 715, "xmax": 1277}}, {"tid": 1, "generated": 0, "bbox": {"xmin": 381, "ymin": 2, "ymax": 719, "xmax": 1011}}], [{"tid": 0, "generated": 0, "bbox": {"xmin": 405, "ymin": 383, "ymax": 714, "xmax": 1276}}, {"tid": 1, "generated": 0, "bbox": {"xmin": 381, "ymin": 2, "ymax": 719, "xmax": 1011}}], [{"tid": 0, "generated": 0, "bbox": {"xmin": 411, "ymin": 382, "ymax": 713, "xmax": 1276}}, {"tid": 1, "generated": 0, "bbox": {"xmin": 378, "ymin": 2, "ymax": 719, "xmax": 1011}}], [{"tid": 0, "generated": 0, "bbox": {"xmin": 417, "ymin": 381, "ymax": 712, "xmax": 1276}}, {"tid": 1, "generated": 0, "bbox": {"xmin": 376, "ymin": 2, "ymax": 719, "xmax": 1011}}], [{"tid": 0, "generated": 0, "bbox": {"xmin": 423, "ymin": 380, "ymax": 712, "xmax": 1276}}, {"tid": 1, "generated": 0, "bbox": {"xmin": 373, "ymin": 2, "ymax": 719, "xmax": 1011}}], [{"tid": 0, "generated": 0, "bbox": {"xmin": 444, "ymin": 401, "ymax": 718, "xmax": 1278}}, {"tid": 1, "generated": 0, "bbox": {"xmin": 371, "ymin": 2, "ymax": 719, "xmax": 1011}}]], "subject/objects": [{"category": "dog", "tid": 0}, {"category": "person", "tid": 1}], "relation_instances": [{"end_fid": 30, "subject_tid": 0, "predicate": "stand_front", "begin_fid": 0, "object_tid": 1}, {"end_fid": 30, "subject_tid": 1, "predicate": "sit_behind", "begin_fid": 0, "object_tid": 0}, {"end_fid": 75, "subject_tid": 0, "predicate": "stand_front", "begin_fid": 45, "object_tid": 1}, {"end_fid": 75, "subject_tid": 1, "predicate": "sit_behind", "begin_fid": 45, "object_tid": 0}, {"end_fid": 75, "subject_tid": 1, "predicate": "watch", "begin_fid": 45, "object_tid": 0}], "height": 720}