{"width": 1280, "frame_count": 396, "video_id": "ILSVRC2015_train_00023005", "fps": 25, "trajectories": [[], [], [], [], [], [], [], [], [], [], [], [], [], [], [], [], [], [], [], [], [], [], [], [], [], [], [], [], [], [], [], [], [], [], [], [], [], [], [], [], [], [], [], [], [], [{"tid": 1, "generated": 0, "bbox": {"xmin": 488, "ymin": 478, "ymax": 602, "xmax": 643}}, {"tid": 2, "generated": 0, "bbox": {"xmin": 259, "ymin": 480, "ymax": 593, "xmax": 371}}, {"tid": 3, "generated": 0, "bbox": {"xmin": 115, "ymin": 478, "ymax": 600, "xmax": 243}}], [{"tid": 1, "generated": 0, "bbox": {"xmin": 508, "ymin": 490, "ymax": 620, "xmax": 668}}, {"tid": 2, "generated": 0, "bbox": {"xmin": 288, "ymin": 496, "ymax": 609, "xmax": 396}}, {"tid": 3, "generated": 0, "bbox": {"xmin": 147, "ymin": 488, "ymax": 611, "xmax": 275}}], [{"tid": 1, "generated": 0, "bbox": {"xmin": 531, "ymin": 499, "ymax": 629, "xmax": 686}}, {"tid": 2, "generated": 0, "bbox": {"xmin": 302, "ymin": 504, "ymax": 618, "xmax": 407}}, {"tid": 3, "generated": 0, "bbox": {"xmin": 161, "ymin": 497, "ymax": 632, "xmax": 286}}], [{"tid": 1, "generated": 0, "bbox": {"xmin": 533, "ymin": 504, "ymax": 629, "xmax": 691}}, {"tid": 2, "generated": 0, "bbox": {"xmin": 311, "ymin": 510, "ymax": 627, "xmax": 410}}, {"tid": 3, "generated": 0, "bbox": {"xmin": 163, "ymin": 504, "ymax": 640, "xmax": 289}}], [{"tid": 1, "generated": 0, "bbox": {"xmin": 534, "ymin": 508, "ymax": 630, "xmax": 685}}, {"tid": 2, "generated": 0, "bbox": {"xmin": 307, "ymin": 512, "ymax": 627, "xmax": 408}}, {"tid": 3, "generated": 0, "bbox": {"xmin": 161, "ymin": 508, "ymax": 641, "xmax": 289}}], [{"tid": 1, "generated": 0, "bbox": {"xmin": 535, "ymin": 513, "ymax": 631, "xmax": 679}}, {"tid": 2, "generated": 0, "bbox": {"xmin": 307, "ymin": 515, "ymax": 632, "xmax": 403}}, {"tid": 3, "generated": 0, "bbox": {"xmin": 151, "ymin": 512, "ymax": 638, "xmax": 282}}], [{"tid": 1, "generated": 0, "bbox": {"xmin": 529, "ymin": 508, "ymax": 625, "xmax": 673}}, {"tid": 2, "generated": 0, "bbox": {"xmin": 300, "ymin": 513, "ymax": 629, "xmax": 394}}, {"tid": 3, "generated": 0, "bbox": {"xmin": 144, "ymin": 506, "ymax": 632, "xmax": 270}}], [{"tid": 1, "generated": 0, "bbox": {"xmin": 533, "ymin": 506, "ymax": 627, "xmax": 673}}, {"tid": 2, "generated": 0, "bbox": {"xmin": 304, "ymin": 512, "ymax": 632, "xmax": 392}}, {"tid": 3, "generated": 0, "bbox": {"xmin": 144, "ymin": 504, "ymax": 636, "xmax": 272}}], [{"tid": 1, "generated": 0, "bbox": {"xmin": 533, "ymin": 512, "ymax": 629, "xmax": 672}}, {"tid": 2, "generated": 0, "bbox": {"xmin": 309, "ymin": 515, "ymax": 638, "xmax": 392}}, {"tid": 3, "generated": 0, "bbox": {"xmin": 144, "ymin": 510, "ymax": 641, "xmax": 270}}], [{"tid": 1, "generated": 0, "bbox": {"xmin": 535, "ymin": 513, "ymax": 631, "xmax": 673}}, {"tid": 2, "generated": 0, "bbox": {"xmin": 307, "ymin": 517, "ymax": 640, "xmax": 392}}, {"tid": 3, "generated": 0, "bbox": {"xmin": 142, "ymin": 513, "ymax": 652, "xmax": 270}}], [{"tid": 1, "generated": 0, "bbox": {"xmin": 536, "ymin": 515, "ymax": 634, "xmax": 673}}, {"tid": 2, "generated": 0, "bbox": {"xmin": 311, "ymin": 522, "ymax": 643, "xmax": 396}}, {"tid": 3, "generated": 0, "bbox": {"xmin": 142, "ymin": 512, "ymax": 648, "xmax": 272}}], [{"tid": 1, "generated": 0, "bbox": {"xmin": 540, "ymin": 515, "ymax": 640, "xmax": 680}}, {"tid": 2, "generated": 0, "bbox": {"xmin": 316, "ymin": 524, "ymax": 645, "xmax": 396}}, {"tid": 3, "generated": 0, "bbox": {"xmin": 144, "ymin": 519, "ymax": 650, "xmax": 273}}], [{"tid": 1, "generated": 0, "bbox": {"xmin": 552, "ymin": 519, "ymax": 647, "xmax": 689}}, {"tid": 2, "generated": 0, "bbox": {"xmin": 325, "ymin": 524, "ymax": 648, "xmax": 405}}, {"tid": 3, "generated": 0, "bbox": {"xmin": 151, "ymin": 520, "ymax": 657, "xmax": 277}}], [{"tid": 1, "generated": 0, "bbox": {"xmin": 562, "ymin": 510, "ymax": 626, "xmax": 692}}, {"tid": 2, "generated": 0, "bbox": {"xmin": 346, "ymin": 519, "ymax": 634, "xmax": 421}}, {"tid": 3, "generated": 0, "bbox": {"xmin": 179, "ymin": 510, "ymax": 634, "xmax": 304}}], [{"tid": 1, "generated": 0, "bbox": {"xmin": 573, "ymin": 502, "ymax": 606, "xmax": 696}}, {"tid": 2, "generated": 0, "bbox": {"xmin": 374, "ymin": 509, "ymax": 615, "xmax": 443}}, {"tid": 3, "generated": 0, "bbox": {"xmin": 216, "ymin": 501, "ymax": 613, "xmax": 336}}], [{"tid": 1, "generated": 0, "bbox": {"xmin": 584, "ymin": 494, "ymax": 586, "xmax": 700}}, {"tid": 2, "generated": 0, "bbox": {"xmin": 403, "ymin": 499, "ymax": 597, "xmax": 465}}, {"tid": 3, "generated": 0, "bbox": {"xmin": 254, "ymin": 490, "ymax": 597, "xmax": 366}}, {"tid": 4, "generated": 0, "bbox": {"xmin": 87, "ymin": 503, "ymax": 604, "xmax": 174}}], [{"tid": 1, "generated": 0, "bbox": {"xmin": 593, "ymin": 490, "ymax": 588, "xmax": 707}}, {"tid": 2, "generated": 0, "bbox": {"xmin": 414, "ymin": 499, "ymax": 597, "xmax": 474}}, {"tid": 3, "generated": 0, "bbox": {"xmin": 266, "ymin": 492, "ymax": 602, "xmax": 373}}, {"tid": 4, "generated": 0, "bbox": {"xmin": 101, "ymin": 503, "ymax": 606, "xmax": 184}}], [{"tid": 1, "generated": 0, "bbox": {"xmin": 604, "ymin": 492, "ymax": 592, "xmax": 718}}, {"tid": 2, "generated": 0, "bbox": {"xmin": 424, "ymin": 501, "ymax": 599, "xmax": 485}}, {"tid": 3, "generated": 0, "bbox": {"xmin": 280, "ymin": 494, "ymax": 604, "xmax": 387}}, {"tid": 4, "generated": 0, "bbox": {"xmin": 113, "ymin": 504, "ymax": 608, "xmax": 195}}], [{"tid": 1, "generated": 0, "bbox": {"xmin": 620, "ymin": 494, "ymax": 595, "xmax": 734}}, {"tid": 2, "generated": 0, "bbox": {"xmin": 442, "ymin": 503, "ymax": 606, "xmax": 501}}, {"tid": 3, "generated": 0, "bbox": {"xmin": 298, "ymin": 496, "ymax": 602, "xmax": 401}}, {"tid": 4, "generated": 0, "bbox": {"xmin": 129, "ymin": 504, "ymax": 611, "xmax": 209}}], [{"tid": 1, "generated": 0, "bbox": {"xmin": 640, "ymin": 496, "ymax": 598, "xmax": 754}}, {"tid": 2, "generated": 0, "bbox": {"xmin": 460, "ymin": 504, "ymax": 606, "xmax": 521}}, {"tid": 3, "generated": 0, "bbox": {"xmin": 318, "ymin": 497, "ymax": 604, "xmax": 421}}, {"tid": 4, "generated": 0, "bbox": {"xmin": 146, "ymin": 506, "ymax": 613, "xmax": 228}}], [{"tid": 1, "generated": 0, "bbox": {"xmin": 660, "ymin": 498, "ymax": 601, "xmax": 774}}, {"tid": 2, "generated": 0, "bbox": {"xmin": 479, "ymin": 506, "ymax": 607, "xmax": 542}}, {"tid": 3, "generated": 0, "bbox": {"xmin": 338, "ymin": 499, "ymax": 607, "xmax": 441}}, {"tid": 4, "generated": 0, "bbox": {"xmin": 164, "ymin": 508, "ymax": 615, "xmax": 248}}], [{"tid": 1, "generated": 0, "bbox": {"xmin": 680, "ymin": 500, "ymax": 604, "xmax": 794}}, {"tid": 2, "generated": 0, "bbox": {"xmin": 498, "ymin": 508, "ymax": 607, "xmax": 562}}, {"tid": 3, "generated": 0, "bbox": {"xmin": 358, "ymin": 500, "ymax": 609, "xmax": 461}}, {"tid": 4, "generated": 0, "bbox": {"xmin": 182, "ymin": 510, "ymax": 617, "xmax": 268}}], [{"tid": 1, "generated": 0, "bbox": {"xmin": 700, "ymin": 503, "ymax": 608, "xmax": 814}}, {"tid": 2, "generated": 0, "bbox": {"xmin": 517, "ymin": 510, "ymax": 608, "xmax": 583}}, {"tid": 3, "generated": 0, "bbox": {"xmin": 378, "ymin": 502, "ymax": 612, "xmax": 481}}, {"tid": 4, "generated": 0, "bbox": {"xmin": 200, "ymin": 512, "ymax": 620, "xmax": 288}}], [{"tid": 1, "generated": 0, "bbox": {"xmin": 716, "ymin": 503, "ymax": 606, "xmax": 835}}, {"tid": 2, "generated": 0, "bbox": {"xmin": 549, "ymin": 512, "ymax": 602, "xmax": 604}}, {"tid": 3, "generated": 0, "bbox": {"xmin": 398, "ymin": 504, "ymax": 615, "xmax": 501}}, {"tid": 4, "generated": 0, "bbox": {"xmin": 227, "ymin": 513, "ymax": 622, "xmax": 312}}], [{"tid": 1, "generated": 0, "bbox": {"xmin": 734, "ymin": 504, "ymax": 609, "xmax": 855}}, {"tid": 2, "generated": 0, "bbox": {"xmin": 567, "ymin": 515, "ymax": 618, "xmax": 622}}, {"tid": 3, "generated": 0, "bbox": {"xmin": 417, "ymin": 506, "ymax": 615, "xmax": 517}}, {"tid": 4, "generated": 0, "bbox": {"xmin": 247, "ymin": 515, "ymax": 622, "xmax": 334}}], [{"tid": 1, "generated": 0, "bbox": {"xmin": 752, "ymin": 506, "ymax": 615, "xmax": 864}}, {"tid": 2, "generated": 0, "bbox": {"xmin": 576, "ymin": 515, "ymax": 615, "xmax": 634}}, {"tid": 3, "generated": 0, "bbox": {"xmin": 426, "ymin": 510, "ymax": 616, "xmax": 529}}, {"tid": 4, "generated": 0, "bbox": {"xmin": 259, "ymin": 517, "ymax": 625, "xmax": 344}}], [{"tid": 1, "generated": 0, "bbox": {"xmin": 750, "ymin": 510, "ymax": 616, "xmax": 865}}, {"tid": 2, "generated": 0, "bbox": {"xmin": 580, "ymin": 518, "ymax": 616, "xmax": 633}}, {"tid": 3, "generated": 0, "bbox": {"xmin": 426, "ymin": 512, "ymax": 618, "xmax": 529}}, {"tid": 4, "generated": 0, "bbox": {"xmin": 258, "ymin": 520, "ymax": 629, "xmax": 343}}], [{"tid": 1, "generated": 0, "bbox": {"xmin": 751, "ymin": 513, "ymax": 616, "xmax": 867}}, {"tid": 2, "generated": 0, "bbox": {"xmin": 584, "ymin": 522, "ymax": 618, "xmax": 632}}, {"tid": 3, "generated": 0, "bbox": {"xmin": 428, "ymin": 515, "ymax": 621, "xmax": 529}}, {"tid": 4, "generated": 0, "bbox": {"xmin": 258, "ymin": 524, "ymax": 633, "xmax": 343}}], [{"tid": 1, "generated": 0, "bbox": {"xmin": 753, "ymin": 517, "ymax": 616, "xmax": 869}}, {"tid": 2, "generated": 0, "bbox": {"xmin": 583, "ymin": 526, "ymax": 620, "xmax": 634}}, {"tid": 3, "generated": 0, "bbox": {"xmin": 430, "ymin": 519, "ymax": 625, "xmax": 529}}, {"tid": 4, "generated": 0, "bbox": {"xmin": 257, "ymin": 528, "ymax": 637, "xmax": 342}}], [{"tid": 1, "generated": 0, "bbox": {"xmin": 752, "ymin": 520, "ymax": 620, "xmax": 867}}, {"tid": 2, "generated": 0, "bbox": {"xmin": 582, "ymin": 530, "ymax": 624, "xmax": 633}}, {"tid": 3, "generated": 0, "bbox": {"xmin": 429, "ymin": 522, "ymax": 629, "xmax": 528}}, {"tid": 4, "generated": 0, "bbox": {"xmin": 257, "ymin": 532, "ymax": 642, "xmax": 342}}], [{"tid": 1, "generated": 0, "bbox": {"xmin": 751, "ymin": 524, "ymax": 625, "xmax": 866}}, {"tid": 2, "generated": 0, "bbox": {"xmin": 582, "ymin": 534, "ymax": 629, "xmax": 633}}, {"tid": 3, "generated": 0, "bbox": {"xmin": 428, "ymin": 526, "ymax": 633, "xmax": 528}}, {"tid": 4, "generated": 0, "bbox": {"xmin": 256, "ymin": 536, "ymax": 646, "xmax": 341}}], [{"tid": 1, "generated": 0, "bbox": {"xmin": 750, "ymin": 528, "ymax": 629, "xmax": 865}}, {"tid": 2, "generated": 0, "bbox": {"xmin": 582, "ymin": 538, "ymax": 633, "xmax": 633}}, {"tid": 3, "generated": 0, "bbox": {"xmin": 427, "ymin": 530, "ymax": 638, "xmax": 528}}, {"tid": 4, "generated": 0, "bbox": {"xmin": 256, "ymin": 540, "ymax": 650, "xmax": 341}}], [{"tid": 1, "generated": 0, "bbox": {"xmin": 750, "ymin": 532, "ymax": 634, "xmax": 863}}, {"tid": 2, "generated": 0, "bbox": {"xmin": 581, "ymin": 542, "ymax": 638, "xmax": 632}}, {"tid": 3, "generated": 0, "bbox": {"xmin": 426, "ymin": 533, "ymax": 642, "xmax": 528}}, {"tid": 4, "generated": 0, "bbox": {"xmin": 255, "ymin": 544, "ymax": 655, "xmax": 340}}], [{"tid": 1, "generated": 0, "bbox": {"xmin": 749, "ymin": 536, "ymax": 638, "xmax": 862}}, {"tid": 2, "generated": 0, "bbox": {"xmin": 581, "ymin": 546, "ymax": 642, "xmax": 632}}, {"tid": 3, "generated": 0, "bbox": {"xmin": 425, "ymin": 537, "ymax": 647, "xmax": 528}}, {"tid": 4, "generated": 0, "bbox": {"xmin": 255, "ymin": 548, "ymax": 659, "xmax": 340}}], [{"tid": 1, "generated": 0, "bbox": {"xmin": 748, "ymin": 540, "ymax": 643, "xmax": 861}}, {"tid": 2, "generated": 0, "bbox": {"xmin": 581, "ymin": 550, "ymax": 647, "xmax": 632}}, {"tid": 3, "generated": 0, "bbox": {"xmin": 424, "ymin": 541, "ymax": 651, "xmax": 528}}, {"tid": 4, "generated": 0, "bbox": {"xmin": 254, "ymin": 552, "ymax": 663, "xmax": 339}}], [{"tid": 1, "generated": 0, "bbox": {"xmin": 748, "ymin": 544, "ymax": 648, "xmax": 860}}, {"tid": 2, "generated": 0, "bbox": {"xmin": 581, "ymin": 554, "ymax": 652, "xmax": 632}}, {"tid": 3, "generated": 0, "bbox": {"xmin": 423, "ymin": 545, "ymax": 656, "xmax": 528}}, {"tid": 4, "generated": 0, "bbox": {"xmin": 254, "ymin": 556, "ymax": 668, "xmax": 339}}], [{"tid": 1, "generated": 0, "bbox": {"xmin": 746, "ymin": 544, "ymax": 648, "xmax": 858}}, {"tid": 2, "generated": 0, "bbox": {"xmin": 580, "ymin": 554, "ymax": 652, "xmax": 632}}, {"tid": 3, "generated": 0, "bbox": {"xmin": 421, "ymin": 549, "ymax": 656, "xmax": 524}}, {"tid": 4, "generated": 0, "bbox": {"xmin": 252, "ymin": 556, "ymax": 666, "xmax": 337}}], [{"tid": 1, "generated": 0, "bbox": {"xmin": 746, "ymin": 544, "ymax": 648, "xmax": 858}}, {"tid": 2, "generated": 0, "bbox": {"xmin": 580, "ymin": 554, "ymax": 653, "xmax": 632}}, {"tid": 3, "generated": 0, "bbox": {"xmin": 420, "ymin": 549, "ymax": 656, "xmax": 522}}, {"tid": 4, "generated": 0, "bbox": {"xmin": 251, "ymin": 556, "ymax": 666, "xmax": 336}}], [{"tid": 1, "generated": 0, "bbox": {"xmin": 746, "ymin": 544, "ymax": 648, "xmax": 857}}, {"tid": 2, "generated": 0, "bbox": {"xmin": 579, "ymin": 554, "ymax": 653, "xmax": 632}}, {"tid": 3, "generated": 0, "bbox": {"xmin": 420, "ymin": 549, "ymax": 656, "xmax": 520}}, {"tid": 4, "generated": 0, "bbox": {"xmin": 250, "ymin": 557, "ymax": 666, "xmax": 335}}], [{"tid": 1, "generated": 0, "bbox": {"xmin": 746, "ymin": 545, "ymax": 648, "xmax": 856}}, {"tid": 2, "generated": 0, "bbox": {"xmin": 579, "ymin": 554, "ymax": 654, "xmax": 632}}, {"tid": 3, "generated": 0, "bbox": {"xmin": 419, "ymin": 549, "ymax": 656, "xmax": 518}}, {"tid": 4, "generated": 0, "bbox": {"xmin": 249, "ymin": 558, "ymax": 666, "xmax": 334}}], [{"tid": 1, "generated": 0, "bbox": {"xmin": 746, "ymin": 545, "ymax": 648, "xmax": 856}}, {"tid": 2, "generated": 0, "bbox": {"xmin": 578, "ymin": 554, "ymax": 655, "xmax": 632}}, {"tid": 3, "generated": 0, "bbox": {"xmin": 419, "ymin": 549, "ymax": 656, "xmax": 517}}, {"tid": 4, "generated": 0, "bbox": {"xmin": 248, "ymin": 559, "ymax": 666, "xmax": 333}}], [{"tid": 1, "generated": 0, "bbox": {"xmin": 746, "ymin": 546, "ymax": 648, "xmax": 856}}, {"tid": 2, "generated": 0, "bbox": {"xmin": 578, "ymin": 554, "ymax": 655, "xmax": 632}}, {"tid": 3, "generated": 0, "bbox": {"xmin": 416, "ymin": 549, "ymax": 657, "xmax": 517}}, {"tid": 4, "generated": 0, "bbox": {"xmin": 247, "ymin": 560, "ymax": 666, "xmax": 332}}], [{"tid": 1, "generated": 0, "bbox": {"xmin": 746, "ymin": 547, "ymax": 649, "xmax": 856}}, {"tid": 2, "generated": 0, "bbox": {"xmin": 577, "ymin": 554, "ymax": 656, "xmax": 632}}, {"tid": 3, "generated": 0, "bbox": {"xmin": 414, "ymin": 549, "ymax": 657, "xmax": 522}}, {"tid": 4, "generated": 0, "bbox": {"xmin": 243, "ymin": 560, "ymax": 664, "xmax": 334}}], [{"tid": 1, "generated": 0, "bbox": {"xmin": 746, "ymin": 548, "ymax": 649, "xmax": 856}}, {"tid": 2, "generated": 0, "bbox": {"xmin": 577, "ymin": 554, "ymax": 657, "xmax": 632}}, {"tid": 3, "generated": 0, "bbox": {"xmin": 417, "ymin": 549, "ymax": 659, "xmax": 517}}, {"tid": 4, "generated": 0, "bbox": {"xmin": 239, "ymin": 560, "ymax": 666, "xmax": 332}}], [{"tid": 1, "generated": 0, "bbox": {"xmin": 746, "ymin": 549, "ymax": 650, "xmax": 856}}, {"tid": 2, "generated": 0, "bbox": {"xmin": 577, "ymin": 554, "ymax": 660, "xmax": 629}}, {"tid": 3, "generated": 0, "bbox": {"xmin": 412, "ymin": 550, "ymax": 660, "xmax": 515}}, {"tid": 4, "generated": 0, "bbox": {"xmin": 236, "ymin": 561, "ymax": 668, "xmax": 330}}], [], [], [], [], [], [], [], [], [], [], [], [], [], [], [], [], [], [], [], [], [], [], [], [], [], [], [], [], [], [], [], [], [], [], [], [], [], [], [], [], [], [], [], [], [], [], [], [], [], [], [], [], [], [], [], [], [], [], [], [], [], [], [], [], [], [], [], [], [], [], [], [], [], [], [], [], [], [], [], [], [], [], [], [], [], [], [], [], [], [], [{"tid": 1, "generated": 0, "bbox": {"xmin": 734, "ymin": 547, "ymax": 648, "xmax": 853}}, {"tid": 2, "generated": 0, "bbox": {"xmin": 561, "ymin": 551, "ymax": 657, "xmax": 609}}, {"tid": 4, "generated": 0, "bbox": {"xmin": 247, "ymin": 574, "ymax": 670, "xmax": 405}}], [{"tid": 1, "generated": 0, "bbox": {"xmin": 734, "ymin": 547, "ymax": 648, "xmax": 853}}, {"tid": 2, "generated": 0, "bbox": {"xmin": 561, "ymin": 551, "ymax": 657, "xmax": 609}}, {"tid": 4, "generated": 0, "bbox": {"xmin": 251, "ymin": 573, "ymax": 668, "xmax": 406}}], [{"tid": 1, "generated": 0, "bbox": {"xmin": 734, "ymin": 547, "ymax": 648, "xmax": 853}}, {"tid": 2, "generated": 0, "bbox": {"xmin": 561, "ymin": 551, "ymax": 657, "xmax": 609}}, {"tid": 4, "generated": 0, "bbox": {"xmin": 256, "ymin": 572, "ymax": 666, "xmax": 408}}], [{"tid": 1, "generated": 0, "bbox": {"xmin": 735, "ymin": 547, "ymax": 648, "xmax": 854}}, {"tid": 2, "generated": 0, "bbox": {"xmin": 561, "ymin": 551, "ymax": 657, "xmax": 609}}, {"tid": 4, "generated": 0, "bbox": {"xmin": 257, "ymin": 571, "ymax": 665, "xmax": 410}}], [{"tid": 1, "generated": 0, "bbox": {"xmin": 735, "ymin": 547, "ymax": 648, "xmax": 854}}, {"tid": 2, "generated": 0, "bbox": {"xmin": 561, "ymin": 551, "ymax": 657, "xmax": 609}}, {"tid": 4, "generated": 0, "bbox": {"xmin": 258, "ymin": 570, "ymax": 665, "xmax": 412}}], [{"tid": 1, "generated": 0, "bbox": {"xmin": 735, "ymin": 547, "ymax": 648, "xmax": 854}}, {"tid": 2, "generated": 0, "bbox": {"xmin": 561, "ymin": 551, "ymax": 657, "xmax": 609}}, {"tid": 4, "generated": 0, "bbox": {"xmin": 259, "ymin": 570, "ymax": 664, "xmax": 414}}], [{"tid": 1, "generated": 0, "bbox": {"xmin": 735, "ymin": 547, "ymax": 648, "xmax": 854}}, {"tid": 2, "generated": 0, "bbox": {"xmin": 561, "ymin": 551, "ymax": 657, "xmax": 609}}, {"tid": 4, "generated": 0, "bbox": {"xmin": 260, "ymin": 569, "ymax": 664, "xmax": 417}}], [{"tid": 1, "generated": 0, "bbox": {"xmin": 736, "ymin": 547, "ymax": 648, "xmax": 855}}, {"tid": 2, "generated": 0, "bbox": {"xmin": 561, "ymin": 551, "ymax": 657, "xmax": 609}}, {"tid": 4, "generated": 0, "bbox": {"xmin": 261, "ymin": 568, "ymax": 664, "xmax": 419}}], [{"tid": 1, "generated": 0, "bbox": {"xmin": 735, "ymin": 547, "ymax": 648, "xmax": 854}}, {"tid": 2, "generated": 0, "bbox": {"xmin": 561, "ymin": 551, "ymax": 657, "xmax": 609}}, {"tid": 4, "generated": 0, "bbox": {"xmin": 262, "ymin": 568, "ymax": 663, "xmax": 421}}], [{"tid": 1, "generated": 0, "bbox": {"xmin": 735, "ymin": 547, "ymax": 648, "xmax": 854}}, {"tid": 2, "generated": 0, "bbox": {"xmin": 561, "ymin": 551, "ymax": 657, "xmax": 609}}, {"tid": 4, "generated": 0, "bbox": {"xmin": 263, "ymin": 567, "ymax": 663, "xmax": 423}}], [{"tid": 1, "generated": 0, "bbox": {"xmin": 735, "ymin": 547, "ymax": 648, "xmax": 854}}, {"tid": 2, "generated": 0, "bbox": {"xmin": 561, "ymin": 551, "ymax": 657, "xmax": 609}}, {"tid": 4, "generated": 0, "bbox": {"xmin": 264, "ymin": 567, "ymax": 663, "xmax": 426}}], [{"tid": 1, "generated": 0, "bbox": {"xmin": 735, "ymin": 547, "ymax": 649, "xmax": 854}}, {"tid": 2, "generated": 0, "bbox": {"xmin": 561, "ymin": 551, "ymax": 657, "xmax": 609}}, {"tid": 4, "generated": 0, "bbox": {"xmin": 266, "ymin": 567, "ymax": 663, "xmax": 428}}], [{"tid": 1, "generated": 0, "bbox": {"xmin": 735, "ymin": 547, "ymax": 649, "xmax": 854}}, {"tid": 2, "generated": 0, "bbox": {"xmin": 561, "ymin": 551, "ymax": 657, "xmax": 609}}, {"tid": 4, "generated": 0, "bbox": {"xmin": 269, "ymin": 567, "ymax": 663, "xmax": 431}}], [{"tid": 1, "generated": 0, "bbox": {"xmin": 735, "ymin": 547, "ymax": 649, "xmax": 854}}, {"tid": 2, "generated": 0, "bbox": {"xmin": 561, "ymin": 551, "ymax": 657, "xmax": 609}}, {"tid": 4, "generated": 0, "bbox": {"xmin": 272, "ymin": 567, "ymax": 663, "xmax": 434}}], [{"tid": 1, "generated": 0, "bbox": {"xmin": 735, "ymin": 547, "ymax": 650, "xmax": 854}}, {"tid": 2, "generated": 0, "bbox": {"xmin": 561, "ymin": 551, "ymax": 657, "xmax": 609}}, {"tid": 4, "generated": 0, "bbox": {"xmin": 275, "ymin": 567, "ymax": 663, "xmax": 437}}], [{"tid": 1, "generated": 0, "bbox": {"xmin": 734, "ymin": 547, "ymax": 650, "xmax": 853}}, {"tid": 2, "generated": 0, "bbox": {"xmin": 561, "ymin": 551, "ymax": 657, "xmax": 609}}, {"tid": 4, "generated": 0, "bbox": {"xmin": 278, "ymin": 567, "ymax": 663, "xmax": 440}}], [{"tid": 1, "generated": 0, "bbox": {"xmin": 734, "ymin": 547, "ymax": 650, "xmax": 853}}, {"tid": 2, "generated": 0, "bbox": {"xmin": 561, "ymin": 551, "ymax": 657, "xmax": 609}}, {"tid": 4, "generated": 0, "bbox": {"xmin": 281, "ymin": 567, "ymax": 663, "xmax": 443}}], [{"tid": 1, "generated": 0, "bbox": {"xmin": 734, "ymin": 547, "ymax": 650, "xmax": 853}}, {"tid": 2, "generated": 0, "bbox": {"xmin": 561, "ymin": 551, "ymax": 657, "xmax": 609}}, {"tid": 4, "generated": 0, "bbox": {"xmin": 284, "ymin": 567, "ymax": 663, "xmax": 446}}], [{"tid": 1, "generated": 0, "bbox": {"xmin": 734, "ymin": 547, "ymax": 651, "xmax": 853}}, {"tid": 2, "generated": 0, "bbox": {"xmin": 561, "ymin": 551, "ymax": 657, "xmax": 609}}, {"tid": 4, "generated": 0, "bbox": {"xmin": 287, "ymin": 567, "ymax": 663, "xmax": 449}}], [{"tid": 1, "generated": 0, "bbox": {"xmin": 734, "ymin": 547, "ymax": 651, "xmax": 853}}, {"tid": 2, "generated": 0, "bbox": {"xmin": 561, "ymin": 551, "ymax": 657, "xmax": 609}}, {"tid": 4, "generated": 0, "bbox": {"xmin": 290, "ymin": 567, "ymax": 663, "xmax": 452}}], [{"tid": 1, "generated": 0, "bbox": {"xmin": 734, "ymin": 547, "ymax": 651, "xmax": 853}}, {"tid": 2, "generated": 0, "bbox": {"xmin": 561, "ymin": 551, "ymax": 657, "xmax": 609}}, {"tid": 4, "generated": 0, "bbox": {"xmin": 293, "ymin": 567, "ymax": 663, "xmax": 455}}], [{"tid": 1, "generated": 0, "bbox": {"xmin": 734, "ymin": 547, "ymax": 652, "xmax": 853}}, {"tid": 2, "generated": 0, "bbox": {"xmin": 561, "ymin": 551, "ymax": 657, "xmax": 609}}, {"tid": 4, "generated": 0, "bbox": {"xmin": 294, "ymin": 567, "ymax": 663, "xmax": 456}}], [{"tid": 1, "generated": 0, "bbox": {"xmin": 733, "ymin": 547, "ymax": 652, "xmax": 853}}, {"tid": 2, "generated": 0, "bbox": {"xmin": 561, "ymin": 551, "ymax": 657, "xmax": 609}}, {"tid": 4, "generated": 0, "bbox": {"xmin": 296, "ymin": 567, "ymax": 663, "xmax": 458}}], [{"tid": 1, "generated": 0, "bbox": {"xmin": 733, "ymin": 547, "ymax": 652, "xmax": 853}}, {"tid": 2, "generated": 0, "bbox": {"xmin": 561, "ymin": 551, "ymax": 657, "xmax": 609}}, {"tid": 4, "generated": 0, "bbox": {"xmin": 298, "ymin": 567, "ymax": 663, "xmax": 460}}], [{"tid": 1, "generated": 0, "bbox": {"xmin": 733, "ymin": 547, "ymax": 652, "xmax": 853}}, {"tid": 2, "generated": 0, "bbox": {"xmin": 561, "ymin": 551, "ymax": 657, "xmax": 609}}, {"tid": 4, "generated": 0, "bbox": {"xmin": 300, "ymin": 567, "ymax": 663, "xmax": 461}}], [{"tid": 1, "generated": 0, "bbox": {"xmin": 733, "ymin": 547, "ymax": 652, "xmax": 853}}, {"tid": 2, "generated": 0, "bbox": {"xmin": 561, "ymin": 551, "ymax": 657, "xmax": 609}}, {"tid": 4, "generated": 0, "bbox": {"xmin": 302, "ymin": 567, "ymax": 663, "xmax": 463}}], [{"tid": 1, "generated": 0, "bbox": {"xmin": 732, "ymin": 547, "ymax": 652, "xmax": 853}}, {"tid": 2, "generated": 0, "bbox": {"xmin": 561, "ymin": 551, "ymax": 657, "xmax": 609}}, {"tid": 4, "generated": 0, "bbox": {"xmin": 303, "ymin": 567, "ymax": 663, "xmax": 465}}], [{"tid": 1, "generated": 0, "bbox": {"xmin": 732, "ymin": 547, "ymax": 652, "xmax": 853}}, {"tid": 2, "generated": 0, "bbox": {"xmin": 561, "ymin": 551, "ymax": 657, "xmax": 609}}, {"tid": 4, "generated": 0, "bbox": {"xmin": 305, "ymin": 567, "ymax": 663, "xmax": 466}}], [{"tid": 1, "generated": 0, "bbox": {"xmin": 732, "ymin": 547, "ymax": 652, "xmax": 853}}, {"tid": 2, "generated": 0, "bbox": {"xmin": 561, "ymin": 551, "ymax": 657, "xmax": 609}}, {"tid": 4, "generated": 0, "bbox": {"xmin": 307, "ymin": 567, "ymax": 663, "xmax": 468}}], [{"tid": 1, "generated": 0, "bbox": {"xmin": 732, "ymin": 547, "ymax": 652, "xmax": 853}}, {"tid": 2, "generated": 0, "bbox": {"xmin": 561, "ymin": 551, "ymax": 657, "xmax": 609}}, {"tid": 4, "generated": 0, "bbox": {"xmin": 309, "ymin": 567, "ymax": 663, "xmax": 470}}]], "subject/objects": [{"category": "zebra", "tid": 1}, {"category": "zebra", "tid": 2}, {"category": "zebra", "tid": 3}, {"category": "zebra", "tid": 4}], "relation_instances": [{"end_fid": 75, "subject_tid": 1, "predicate": "walk_right", "begin_fid": 45, "object_tid": 2}, {"end_fid": 75, "subject_tid": 1, "predicate": "walk_next_to", "begin_fid": 45, "object_tid": 2}, {"end_fid": 75, "subject_tid": 2, "predicate": "stand_next_to", "begin_fid": 45, "object_tid": 1}, {"end_fid": 75, "subject_tid": 2, "predicate": "stand_left", "begin_fid": 45, "object_tid": 1}, {"end_fid": 75, "subject_tid": 1, "predicate": "walk_right", "begin_fid": 45, "object_tid": 3}, {"end_fid": 75, "subject_tid": 3, "predicate": "stand_left", "begin_fid": 45, "object_tid": 1}, {"end_fid": 75, "subject_tid": 2, "predicate": "stand_right", "begin_fid": 45, "object_tid": 3}, {"end_fid": 75, "subject_tid": 2, "predicate": "stand_next_to", "begin_fid": 45, "object_tid": 3}, {"end_fid": 75, "subject_tid": 3, "predicate": "stand_next_to", "begin_fid": 45, "object_tid": 2}, {"end_fid": 75, "subject_tid": 3, "predicate": "stand_left", "begin_fid": 45, "object_tid": 2}, {"end_fid": 90, "subject_tid": 1, "predicate": "stand_right", "begin_fid": 60, "object_tid": 2}, {"end_fid": 90, "subject_tid": 1, "predicate": "stand_next_to", "begin_fid": 60, "object_tid": 2}, {"end_fid": 90, "subject_tid": 2, "predicate": "walk_next_to", "begin_fid": 60, "object_tid": 1}, {"end_fid": 90, "subject_tid": 2, "predicate": "walk_left", "begin_fid": 60, "object_tid": 1}, {"end_fid": 90, "subject_tid": 1, "predicate": "stand_right", "begin_fid": 60, "object_tid": 3}, {"end_fid": 90, "subject_tid": 3, "predicate": "stand_left", "begin_fid": 60, "object_tid": 1}, {"end_fid": 90, "subject_tid": 1, "predicate": "stand_right", "begin_fid": 60, "object_tid": 4}, {"end_fid": 90, "subject_tid": 4, "predicate": "stand_left", "begin_fid": 60, "object_tid": 1}, {"end_fid": 90, "subject_tid": 2, "predicate": "walk_right", "begin_fid": 60, "object_tid": 3}, {"end_fid": 90, "subject_tid": 2, "predicate": "walk_next_to", "begin_fid": 60, "object_tid": 3}, {"end_fid": 90, "subject_tid": 3, "predicate": "stand_next_to", "begin_fid": 60, "object_tid": 2}, {"end_fid": 90, "subject_tid": 3, "predicate": "stand_left", "begin_fid": 60, "object_tid": 2}, {"end_fid": 90, "subject_tid": 2, "predicate": "walk_right", "begin_fid": 60, "object_tid": 4}, {"end_fid": 90, "subject_tid": 4, "predicate": "stand_left", "begin_fid": 60, "object_tid": 2}, {"end_fid": 90, "subject_tid": 3, "predicate": "stand_right", "begin_fid": 60, "object_tid": 4}, {"end_fid": 90, "subject_tid": 3, "predicate": "stand_next_to", "begin_fid": 60, "object_tid": 4}, {"end_fid": 90, "subject_tid": 4, "predicate": "stand_next_to", "begin_fid": 60, "object_tid": 3}, {"end_fid": 90, "subject_tid": 4, "predicate": "stand_left", "begin_fid": 60, "object_tid": 3}, {"end_fid": 210, "subject_tid": 1, "predicate": "stand_right", "begin_fid": 180, "object_tid": 2}, {"end_fid": 210, "subject_tid": 1, "predicate": "stand_next_to", "begin_fid": 180, "object_tid": 2}, {"end_fid": 210, "subject_tid": 2, "predicate": "stand_next_to", "begin_fid": 180, "object_tid": 1}, {"end_fid": 210, "subject_tid": 2, "predicate": "stand_left", "begin_fid": 180, "object_tid": 1}, {"end_fid": 210, "subject_tid": 1, "predicate": "stand_right", "begin_fid": 180, "object_tid": 4}, {"end_fid": 210, "subject_tid": 4, "predicate": "walk_toward", "begin_fid": 180, "object_tid": 1}, {"end_fid": 210, "subject_tid": 4, "predicate": "walk_left", "begin_fid": 180, "object_tid": 1}, {"end_fid": 210, "subject_tid": 2, "predicate": "stand_right", "begin_fid": 180, "object_tid": 4}, {"end_fid": 210, "subject_tid": 4, "predicate": "walk_toward", "begin_fid": 180, "object_tid": 2}, {"end_fid": 210, "subject_tid": 4, "predicate": "walk_left", "begin_fid": 180, "object_tid": 2}], "height": 720}