{"width": 640, "frame_count": 361, "video_id": "ILSVRC2015_train_00187006", "fps": 30, "trajectories": [[{"tid": 0, "generated": 0, "bbox": {"xmin": 336, "ymin": 160, "ymax": 334, "xmax": 440}}, {"tid": 1, "generated": 0, "bbox": {"xmin": 84, "ymin": 96, "ymax": 265, "xmax": 320}}], [{"tid": 0, "generated": 0, "bbox": {"xmin": 336, "ymin": 159, "ymax": 333, "xmax": 438}}, {"tid": 1, "generated": 0, "bbox": {"xmin": 83, "ymin": 95, "ymax": 264, "xmax": 318}}], [{"tid": 0, "generated": 0, "bbox": {"xmin": 336, "ymin": 159, "ymax": 333, "xmax": 437}}, {"tid": 1, "generated": 0, "bbox": {"xmin": 83, "ymin": 95, "ymax": 263, "xmax": 316}}], [{"tid": 0, "generated": 0, "bbox": {"xmin": 336, "ymin": 159, "ymax": 333, "xmax": 436}}, {"tid": 1, "generated": 0, "bbox": {"xmin": 82, "ymin": 94, "ymax": 262, "xmax": 315}}], [{"tid": 0, "generated": 0, "bbox": {"xmin": 336, "ymin": 159, "ymax": 333, "xmax": 435}}, {"tid": 1, "generated": 0, "bbox": {"xmin": 82, "ymin": 94, "ymax": 261, "xmax": 313}}], [{"tid": 0, "generated": 0, "bbox": {"xmin": 336, "ymin": 159, "ymax": 333, "xmax": 434}}, {"tid": 1, "generated": 0, "bbox": {"xmin": 82, "ymin": 94, "ymax": 260, "xmax": 312}}], [{"tid": 0, "generated": 0, "bbox": {"xmin": 336, "ymin": 159, "ymax": 333, "xmax": 433}}, {"tid": 1, "generated": 0, "bbox": {"xmin": 81, "ymin": 93, "ymax": 259, "xmax": 310}}], [{"tid": 0, "generated": 0, "bbox": {"xmin": 336, "ymin": 159, "ymax": 333, "xmax": 432}}, {"tid": 1, "generated": 0, "bbox": {"xmin": 81, "ymin": 93, "ymax": 258, "xmax": 308}}], [{"tid": 0, "generated": 0, "bbox": {"xmin": 336, "ymin": 159, "ymax": 333, "xmax": 431}}, {"tid": 1, "generated": 0, "bbox": {"xmin": 80, "ymin": 92, "ymax": 257, "xmax": 307}}], [{"tid": 0, "generated": 0, "bbox": {"xmin": 336, "ymin": 159, "ymax": 333, "xmax": 430}}, {"tid": 1, "generated": 0, "bbox": {"xmin": 80, "ymin": 92, "ymax": 256, "xmax": 305}}], [{"tid": 0, "generated": 0, "bbox": {"xmin": 336, "ymin": 159, "ymax": 333, "xmax": 429}}, {"tid": 1, "generated": 0, "bbox": {"xmin": 80, "ymin": 92, "ymax": 256, "xmax": 304}}], [{"tid": 0, "generated": 0, "bbox": {"xmin": 336, "ymin": 158, "ymax": 332, "xmax": 428}}, {"tid": 1, "generated": 0, "bbox": {"xmin": 79, "ymin": 91, "ymax": 255, "xmax": 304}}], [{"tid": 0, "generated": 0, "bbox": {"xmin": 337, "ymin": 158, "ymax": 331, "xmax": 427}}, {"tid": 1, "generated": 0, "bbox": {"xmin": 79, "ymin": 90, "ymax": 255, "xmax": 304}}], [{"tid": 0, "generated": 0, "bbox": {"xmin": 338, "ymin": 158, "ymax": 331, "xmax": 426}}, {"tid": 1, "generated": 0, "bbox": {"xmin": 79, "ymin": 89, "ymax": 255, "xmax": 304}}], [{"tid": 0, "generated": 0, "bbox": {"xmin": 339, "ymin": 157, "ymax": 330, "xmax": 425}}, {"tid": 1, "generated": 0, "bbox": {"xmin": 79, "ymin": 89, "ymax": 254, "xmax": 304}}], [{"tid": 0, "generated": 0, "bbox": {"xmin": 340, "ymin": 157, "ymax": 330, "xmax": 424}}, {"tid": 1, "generated": 0, "bbox": {"xmin": 79, "ymin": 88, "ymax": 254, "xmax": 304}}], [{"tid": 0, "generated": 0, "bbox": {"xmin": 340, "ymin": 157, "ymax": 329, "xmax": 423}}, {"tid": 1, "generated": 0, "bbox": {"xmin": 79, "ymin": 87, "ymax": 254, "xmax": 304}}], [{"tid": 0, "generated": 0, "bbox": {"xmin": 341, "ymin": 156, "ymax": 328, "xmax": 422}}, {"tid": 1, "generated": 0, "bbox": {"xmin": 79, "ymin": 87, "ymax": 253, "xmax": 304}}], [{"tid": 0, "generated": 0, "bbox": {"xmin": 342, "ymin": 156, "ymax": 328, "xmax": 421}}, {"tid": 1, "generated": 0, "bbox": {"xmin": 79, "ymin": 86, "ymax": 253, "xmax": 304}}], [{"tid": 0, "generated": 0, "bbox": {"xmin": 343, "ymin": 156, "ymax": 327, "xmax": 420}}, {"tid": 1, "generated": 0, "bbox": {"xmin": 79, "ymin": 85, "ymax": 253, "xmax": 304}}], [{"tid": 0, "generated": 0, "bbox": {"xmin": 344, "ymin": 156, "ymax": 327, "xmax": 420}}, {"tid": 1, "generated": 0, "bbox": {"xmin": 79, "ymin": 85, "ymax": 253, "xmax": 304}}], [{"tid": 0, "generated": 0, "bbox": {"xmin": 344, "ymin": 155, "ymax": 325, "xmax": 421}}, {"tid": 1, "generated": 0, "bbox": {"xmin": 81, "ymin": 84, "ymax": 252, "xmax": 303}}], [{"tid": 0, "generated": 0, "bbox": {"xmin": 344, "ymin": 155, "ymax": 324, "xmax": 422}}, {"tid": 1, "generated": 0, "bbox": {"xmin": 84, "ymin": 84, "ymax": 252, "xmax": 303}}], [{"tid": 0, "generated": 0, "bbox": {"xmin": 344, "ymin": 154, "ymax": 323, "xmax": 423}}, {"tid": 1, "generated": 0, "bbox": {"xmin": 86, "ymin": 84, "ymax": 252, "xmax": 303}}], [{"tid": 0, "generated": 0, "bbox": {"xmin": 344, "ymin": 154, "ymax": 322, "xmax": 424}}, {"tid": 1, "generated": 0, "bbox": {"xmin": 89, "ymin": 84, "ymax": 252, "xmax": 303}}], [{"tid": 0, "generated": 0, "bbox": {"xmin": 344, "ymin": 154, "ymax": 321, "xmax": 425}}, {"tid": 1, "generated": 0, "bbox": {"xmin": 91, "ymin": 84, "ymax": 252, "xmax": 303}}], [{"tid": 0, "generated": 0, "bbox": {"xmin": 344, "ymin": 153, "ymax": 320, "xmax": 426}}, {"tid": 1, "generated": 0, "bbox": {"xmin": 94, "ymin": 84, "ymax": 252, "xmax": 303}}], [{"tid": 0, "generated": 0, "bbox": {"xmin": 344, "ymin": 153, "ymax": 319, "xmax": 427}}, {"tid": 1, "generated": 0, "bbox": {"xmin": 96, "ymin": 84, "ymax": 252, "xmax": 303}}], [{"tid": 0, "generated": 0, "bbox": {"xmin": 344, "ymin": 152, "ymax": 318, "xmax": 428}}, {"tid": 1, "generated": 0, "bbox": {"xmin": 99, "ymin": 84, "ymax": 252, "xmax": 303}}], [{"tid": 0, "generated": 0, "bbox": {"xmin": 344, "ymin": 152, "ymax": 317, "xmax": 429}}, {"tid": 1, "generated": 0, "bbox": {"xmin": 101, "ymin": 84, "ymax": 252, "xmax": 303}}], [{"tid": 0, "generated": 0, "bbox": {"xmin": 344, "ymin": 152, "ymax": 316, "xmax": 430}}, {"tid": 1, "generated": 0, "bbox": {"xmin": 104, "ymin": 84, "ymax": 252, "xmax": 303}}], [{"tid": 0, "generated": 0, "bbox": {"xmin": 342, "ymin": 152, "ymax": 315, "xmax": 430}}, {"tid": 1, "generated": 0, "bbox": {"xmin": 108, "ymin": 83, "ymax": 251, "xmax": 302}}], [{"tid": 0, "generated": 0, "bbox": {"xmin": 340, "ymin": 152, "ymax": 315, "xmax": 430}}, {"tid": 1, "generated": 0, "bbox": {"xmin": 112, "ymin": 83, "ymax": 250, "xmax": 302}}], [{"tid": 0, "generated": 0, "bbox": {"xmin": 338, "ymin": 152, "ymax": 315, "xmax": 430}}, {"tid": 1, "generated": 0, "bbox": {"xmin": 116, "ymin": 83, "ymax": 249, "xmax": 302}}], [{"tid": 0, "generated": 0, "bbox": {"xmin": 337, "ymin": 152, "ymax": 314, "xmax": 430}}, {"tid": 1, "generated": 0, "bbox": {"xmin": 120, "ymin": 82, "ymax": 249, "xmax": 302}}], [{"tid": 0, "generated": 0, "bbox": {"xmin": 335, "ymin": 152, "ymax": 314, "xmax": 431}}, {"tid": 1, "generated": 0, "bbox": {"xmin": 124, "ymin": 82, "ymax": 248, "xmax": 302}}], [{"tid": 0, "generated": 0, "bbox": {"xmin": 333, "ymin": 152, "ymax": 314, "xmax": 431}}, {"tid": 1, "generated": 0, "bbox": {"xmin": 128, "ymin": 82, "ymax": 247, "xmax": 302}}], [{"tid": 0, "generated": 0, "bbox": {"xmin": 332, "ymin": 152, "ymax": 313, "xmax": 431}}, {"tid": 1, "generated": 0, "bbox": {"xmin": 132, "ymin": 81, "ymax": 247, "xmax": 302}}], [{"tid": 0, "generated": 0, "bbox": {"xmin": 330, "ymin": 152, "ymax": 313, "xmax": 431}}, {"tid": 1, "generated": 0, "bbox": {"xmin": 136, "ymin": 81, "ymax": 246, "xmax": 302}}], [{"tid": 0, "generated": 0, "bbox": {"xmin": 328, "ymin": 152, "ymax": 313, "xmax": 431}}, {"tid": 1, "generated": 0, "bbox": {"xmin": 140, "ymin": 81, "ymax": 245, "xmax": 302}}], [{"tid": 0, "generated": 0, "bbox": {"xmin": 327, "ymin": 152, "ymax": 313, "xmax": 432}}, {"tid": 1, "generated": 0, "bbox": {"xmin": 144, "ymin": 81, "ymax": 245, "xmax": 302}}], [{"tid": 0, "generated": 0, "bbox": {"xmin": 326, "ymin": 151, "ymax": 313, "xmax": 431}}, {"tid": 1, "generated": 0, "bbox": {"xmin": 148, "ymin": 81, "ymax": 245, "xmax": 304}}], [{"tid": 0, "generated": 0, "bbox": {"xmin": 325, "ymin": 151, "ymax": 313, "xmax": 431}}, {"tid": 1, "generated": 0, "bbox": {"xmin": 152, "ymin": 82, "ymax": 246, "xmax": 306}}], [{"tid": 0, "generated": 0, "bbox": {"xmin": 324, "ymin": 151, "ymax": 313, "xmax": 431}}, {"tid": 1, "generated": 0, "bbox": {"xmin": 156, "ymin": 83, "ymax": 247, "xmax": 308}}], [{"tid": 0, "generated": 0, "bbox": {"xmin": 323, "ymin": 151, "ymax": 314, "xmax": 431}}, {"tid": 1, "generated": 0, "bbox": {"xmin": 161, "ymin": 84, "ymax": 248, "xmax": 310}}], [{"tid": 0, "generated": 0, "bbox": {"xmin": 323, "ymin": 151, "ymax": 314, "xmax": 431}}, {"tid": 1, "generated": 0, "bbox": {"xmin": 163, "ymin": 84, "ymax": 249, "xmax": 309}}], [{"tid": 0, "generated": 0, "bbox": {"xmin": 322, "ymin": 151, "ymax": 314, "xmax": 430}}, {"tid": 1, "generated": 0, "bbox": {"xmin": 165, "ymin": 84, "ymax": 250, "xmax": 309}}], [{"tid": 0, "generated": 0, "bbox": {"xmin": 321, "ymin": 151, "ymax": 315, "xmax": 430}}, {"tid": 1, "generated": 0, "bbox": {"xmin": 167, "ymin": 85, "ymax": 252, "xmax": 309}}], [{"tid": 0, "generated": 0, "bbox": {"xmin": 320, "ymin": 151, "ymax": 315, "xmax": 430}}, {"tid": 1, "generated": 0, "bbox": {"xmin": 169, "ymin": 85, "ymax": 253, "xmax": 308}}], [{"tid": 0, "generated": 0, "bbox": {"xmin": 319, "ymin": 151, "ymax": 315, "xmax": 430}}, {"tid": 1, "generated": 0, "bbox": {"xmin": 171, "ymin": 85, "ymax": 254, "xmax": 308}}], [{"tid": 0, "generated": 0, "bbox": {"xmin": 319, "ymin": 151, "ymax": 316, "xmax": 430}}, {"tid": 1, "generated": 0, "bbox": {"xmin": 173, "ymin": 86, "ymax": 256, "xmax": 308}}], [{"tid": 0, "generated": 0, "bbox": {"xmin": 319, "ymin": 151, "ymax": 316, "xmax": 430}}, {"tid": 1, "generated": 0, "bbox": {"xmin": 173, "ymin": 86, "ymax": 256, "xmax": 308}}], [{"tid": 0, "generated": 0, "bbox": {"xmin": 320, "ymin": 152, "ymax": 316, "xmax": 431}}, {"tid": 1, "generated": 0, "bbox": {"xmin": 174, "ymin": 87, "ymax": 256, "xmax": 309}}], [{"tid": 0, "generated": 0, "bbox": {"xmin": 321, "ymin": 152, "ymax": 316, "xmax": 432}}, {"tid": 1, "generated": 0, "bbox": {"xmin": 175, "ymin": 87, "ymax": 256, "xmax": 310}}], [{"tid": 0, "generated": 0, "bbox": {"xmin": 322, "ymin": 153, "ymax": 317, "xmax": 433}}, {"tid": 1, "generated": 0, "bbox": {"xmin": 176, "ymin": 88, "ymax": 256, "xmax": 311}}], [{"tid": 0, "generated": 0, "bbox": {"xmin": 322, "ymin": 153, "ymax": 317, "xmax": 434}}, {"tid": 1, "generated": 0, "bbox": {"xmin": 176, "ymin": 88, "ymax": 256, "xmax": 311}}], [{"tid": 0, "generated": 0, "bbox": {"xmin": 323, "ymin": 154, "ymax": 317, "xmax": 435}}, {"tid": 1, "generated": 0, "bbox": {"xmin": 177, "ymin": 89, "ymax": 256, "xmax": 312}}], [{"tid": 0, "generated": 0, "bbox": {"xmin": 324, "ymin": 154, "ymax": 317, "xmax": 435}}, {"tid": 1, "generated": 0, "bbox": {"xmin": 178, "ymin": 89, "ymax": 256, "xmax": 313}}], [{"tid": 0, "generated": 0, "bbox": {"xmin": 325, "ymin": 155, "ymax": 318, "xmax": 436}}, {"tid": 1, "generated": 0, "bbox": {"xmin": 179, "ymin": 90, "ymax": 256, "xmax": 314}}], [{"tid": 0, "generated": 0, "bbox": {"xmin": 325, "ymin": 155, "ymax": 318, "xmax": 437}}, {"tid": 1, "generated": 0, "bbox": {"xmin": 179, "ymin": 90, "ymax": 256, "xmax": 314}}], [], [], [], [], [], [], [], [], [], [], [], [], [], [], [], [], [], [], [], [], [], [], [], [], [], [], [], [], [], [], [], [], [], [], [], [], [], [], [], [], [], [], [], [], [], [], [], [], [], [], [], [], [], [], [], [], [], [], [], [], [{"tid": 0, "generated": 0, "bbox": {"xmin": 394, "ymin": 152, "ymax": 303, "xmax": 469}}, {"tid": 1, "generated": 0, "bbox": {"xmin": 170, "ymin": 86, "ymax": 252, "xmax": 323}}], [{"tid": 0, "generated": 0, "bbox": {"xmin": 395, "ymin": 152, "ymax": 303, "xmax": 470}}, {"tid": 1, "generated": 0, "bbox": {"xmin": 169, "ymin": 86, "ymax": 253, "xmax": 320}}], [{"tid": 0, "generated": 0, "bbox": {"xmin": 396, "ymin": 152, "ymax": 303, "xmax": 472}}, {"tid": 1, "generated": 0, "bbox": {"xmin": 168, "ymin": 86, "ymax": 254, "xmax": 317}}], [{"tid": 0, "generated": 0, "bbox": {"xmin": 395, "ymin": 151, "ymax": 301, "xmax": 474}}, {"tid": 1, "generated": 0, "bbox": {"xmin": 165, "ymin": 86, "ymax": 252, "xmax": 315}}], [{"tid": 0, "generated": 0, "bbox": {"xmin": 394, "ymin": 151, "ymax": 300, "xmax": 477}}, {"tid": 1, "generated": 0, "bbox": {"xmin": 162, "ymin": 87, "ymax": 250, "xmax": 313}}], [{"tid": 0, "generated": 0, "bbox": {"xmin": 394, "ymin": 151, "ymax": 299, "xmax": 480}}, {"tid": 1, "generated": 0, "bbox": {"xmin": 160, "ymin": 88, "ymax": 248, "xmax": 312}}], [{"tid": 0, "generated": 0, "bbox": {"xmin": 393, "ymin": 150, "ymax": 298, "xmax": 482}}, {"tid": 1, "generated": 0, "bbox": {"xmin": 154, "ymin": 82, "ymax": 248, "xmax": 313}}], [{"tid": 0, "generated": 0, "bbox": {"xmin": 392, "ymin": 150, "ymax": 297, "xmax": 485}}, {"tid": 1, "generated": 0, "bbox": {"xmin": 149, "ymin": 76, "ymax": 248, "xmax": 315}}], [{"tid": 0, "generated": 0, "bbox": {"xmin": 392, "ymin": 150, "ymax": 296, "xmax": 488}}, {"tid": 1, "generated": 0, "bbox": {"xmin": 144, "ymin": 71, "ymax": 249, "xmax": 317}}], [{"tid": 0, "generated": 0, "bbox": {"xmin": 392, "ymin": 149, "ymax": 295, "xmax": 489}}, {"tid": 1, "generated": 0, "bbox": {"xmin": 142, "ymin": 71, "ymax": 249, "xmax": 316}}], [{"tid": 0, "generated": 0, "bbox": {"xmin": 393, "ymin": 148, "ymax": 294, "xmax": 491}}, {"tid": 1, "generated": 0, "bbox": {"xmin": 140, "ymin": 72, "ymax": 250, "xmax": 316}}], [{"tid": 0, "generated": 0, "bbox": {"xmin": 393, "ymin": 148, "ymax": 293, "xmax": 492}}, {"tid": 1, "generated": 0, "bbox": {"xmin": 138, "ymin": 73, "ymax": 251, "xmax": 315}}], [{"tid": 0, "generated": 0, "bbox": {"xmin": 394, "ymin": 147, "ymax": 292, "xmax": 494}}, {"tid": 1, "generated": 0, "bbox": {"xmin": 136, "ymin": 74, "ymax": 251, "xmax": 315}}], [{"tid": 0, "generated": 0, "bbox": {"xmin": 395, "ymin": 147, "ymax": 291, "xmax": 496}}, {"tid": 1, "generated": 0, "bbox": {"xmin": 135, "ymin": 75, "ymax": 252, "xmax": 314}}], [{"tid": 0, "generated": 0, "bbox": {"xmin": 395, "ymin": 146, "ymax": 290, "xmax": 497}}, {"tid": 1, "generated": 0, "bbox": {"xmin": 133, "ymin": 76, "ymax": 253, "xmax": 314}}], [{"tid": 0, "generated": 0, "bbox": {"xmin": 396, "ymin": 145, "ymax": 289, "xmax": 499}}, {"tid": 1, "generated": 0, "bbox": {"xmin": 131, "ymin": 77, "ymax": 253, "xmax": 313}}], [{"tid": 0, "generated": 0, "bbox": {"xmin": 396, "ymin": 145, "ymax": 288, "xmax": 500}}, {"tid": 1, "generated": 0, "bbox": {"xmin": 129, "ymin": 78, "ymax": 254, "xmax": 313}}], [{"tid": 0, "generated": 0, "bbox": {"xmin": 397, "ymin": 144, "ymax": 287, "xmax": 502}}, {"tid": 1, "generated": 0, "bbox": {"xmin": 127, "ymin": 79, "ymax": 255, "xmax": 312}}], [{"tid": 0, "generated": 0, "bbox": {"xmin": 398, "ymin": 144, "ymax": 287, "xmax": 504}}, {"tid": 1, "generated": 0, "bbox": {"xmin": 126, "ymin": 80, "ymax": 256, "xmax": 312}}], [{"tid": 0, "generated": 0, "bbox": {"xmin": 399, "ymin": 144, "ymax": 287, "xmax": 507}}, {"tid": 1, "generated": 0, "bbox": {"xmin": 125, "ymin": 80, "ymax": 255, "xmax": 314}}], [{"tid": 0, "generated": 0, "bbox": {"xmin": 400, "ymin": 144, "ymax": 287, "xmax": 510}}, {"tid": 1, "generated": 0, "bbox": {"xmin": 125, "ymin": 80, "ymax": 254, "xmax": 317}}], [{"tid": 0, "generated": 0, "bbox": {"xmin": 401, "ymin": 144, "ymax": 287, "xmax": 513}}, {"tid": 1, "generated": 0, "bbox": {"xmin": 125, "ymin": 80, "ymax": 253, "xmax": 320}}], [{"tid": 0, "generated": 0, "bbox": {"xmin": 402, "ymin": 144, "ymax": 287, "xmax": 516}}, {"tid": 1, "generated": 0, "bbox": {"xmin": 125, "ymin": 80, "ymax": 253, "xmax": 323}}], [{"tid": 0, "generated": 0, "bbox": {"xmin": 403, "ymin": 144, "ymax": 288, "xmax": 519}}, {"tid": 1, "generated": 0, "bbox": {"xmin": 125, "ymin": 80, "ymax": 252, "xmax": 326}}], [{"tid": 0, "generated": 0, "bbox": {"xmin": 404, "ymin": 144, "ymax": 288, "xmax": 522}}, {"tid": 1, "generated": 0, "bbox": {"xmin": 125, "ymin": 80, "ymax": 251, "xmax": 329}}], [{"tid": 0, "generated": 0, "bbox": {"xmin": 405, "ymin": 144, "ymax": 288, "xmax": 525}}, {"tid": 1, "generated": 0, "bbox": {"xmin": 125, "ymin": 80, "ymax": 251, "xmax": 332}}], [{"tid": 0, "generated": 0, "bbox": {"xmin": 406, "ymin": 144, "ymax": 288, "xmax": 528}}, {"tid": 1, "generated": 0, "bbox": {"xmin": 125, "ymin": 80, "ymax": 250, "xmax": 335}}], [{"tid": 0, "generated": 0, "bbox": {"xmin": 407, "ymin": 144, "ymax": 288, "xmax": 531}}, {"tid": 1, "generated": 0, "bbox": {"xmin": 125, "ymin": 80, "ymax": 249, "xmax": 338}}], [{"tid": 0, "generated": 0, "bbox": {"xmin": 409, "ymin": 144, "ymax": 289, "xmax": 534}}, {"tid": 1, "generated": 0, "bbox": {"xmin": 125, "ymin": 80, "ymax": 249, "xmax": 341}}], [{"tid": 0, "generated": 0, "bbox": {"xmin": 406, "ymin": 144, "ymax": 288, "xmax": 535}}, {"tid": 1, "generated": 0, "bbox": {"xmin": 124, "ymin": 79, "ymax": 248, "xmax": 338}}], [], [], [], [], [], [], [], [], [], [], [], [], [], [], [], [], [], [], [], [], [], [], [], [], [], [], [], [], [], [], [], [], [], [], [], [], [], [], [], [], [], [], [], [], [], [], [], [], [], [], [], [], [], [], [], [], [], [], [], [], [{"tid": 0, "generated": 0, "bbox": {"xmin": 464, "ymin": 158, "ymax": 284, "xmax": 604}}, {"tid": 1, "generated": 0, "bbox": {"xmin": 90, "ymin": 86, "ymax": 260, "xmax": 278}}], [{"tid": 0, "generated": 0, "bbox": {"xmin": 464, "ymin": 159, "ymax": 284, "xmax": 606}}, {"tid": 1, "generated": 0, "bbox": {"xmin": 89, "ymin": 86, "ymax": 259, "xmax": 278}}], [{"tid": 0, "generated": 0, "bbox": {"xmin": 464, "ymin": 160, "ymax": 284, "xmax": 608}}, {"tid": 1, "generated": 0, "bbox": {"xmin": 88, "ymin": 86, "ymax": 259, "xmax": 278}}], [{"tid": 0, "generated": 0, "bbox": {"xmin": 464, "ymin": 161, "ymax": 284, "xmax": 610}}, {"tid": 1, "generated": 0, "bbox": {"xmin": 87, "ymin": 86, "ymax": 259, "xmax": 278}}], [{"tid": 0, "generated": 0, "bbox": {"xmin": 464, "ymin": 162, "ymax": 284, "xmax": 612}}, {"tid": 1, "generated": 0, "bbox": {"xmin": 86, "ymin": 86, "ymax": 258, "xmax": 278}}], [{"tid": 0, "generated": 0, "bbox": {"xmin": 464, "ymin": 163, "ymax": 284, "xmax": 614}}, {"tid": 1, "generated": 0, "bbox": {"xmin": 85, "ymin": 86, "ymax": 258, "xmax": 278}}], [{"tid": 0, "generated": 0, "bbox": {"xmin": 464, "ymin": 164, "ymax": 284, "xmax": 616}}, {"tid": 1, "generated": 0, "bbox": {"xmin": 84, "ymin": 86, "ymax": 258, "xmax": 278}}], [{"tid": 0, "generated": 0, "bbox": {"xmin": 464, "ymin": 165, "ymax": 284, "xmax": 618}}, {"tid": 1, "generated": 0, "bbox": {"xmin": 83, "ymin": 86, "ymax": 257, "xmax": 278}}], [{"tid": 0, "generated": 0, "bbox": {"xmin": 465, "ymin": 167, "ymax": 284, "xmax": 620}}, {"tid": 1, "generated": 0, "bbox": {"xmin": 82, "ymin": 86, "ymax": 257, "xmax": 278}}], [{"tid": 0, "generated": 0, "bbox": {"xmin": 468, "ymin": 167, "ymax": 285, "xmax": 620}}, {"tid": 1, "generated": 0, "bbox": {"xmin": 81, "ymin": 86, "ymax": 257, "xmax": 278}}], [{"tid": 0, "generated": 0, "bbox": {"xmin": 471, "ymin": 167, "ymax": 286, "xmax": 621}}, {"tid": 1, "generated": 0, "bbox": {"xmin": 80, "ymin": 86, "ymax": 256, "xmax": 278}}], [{"tid": 0, "generated": 0, "bbox": {"xmin": 474, "ymin": 167, "ymax": 287, "xmax": 621}}, {"tid": 1, "generated": 0, "bbox": {"xmin": 79, "ymin": 86, "ymax": 256, "xmax": 278}}], [{"tid": 0, "generated": 0, "bbox": {"xmin": 477, "ymin": 167, "ymax": 288, "xmax": 622}}, {"tid": 1, "generated": 0, "bbox": {"xmin": 78, "ymin": 86, "ymax": 256, "xmax": 278}}], [{"tid": 0, "generated": 0, "bbox": {"xmin": 480, "ymin": 167, "ymax": 289, "xmax": 622}}, {"tid": 1, "generated": 0, "bbox": {"xmin": 77, "ymin": 86, "ymax": 255, "xmax": 278}}], [{"tid": 0, "generated": 0, "bbox": {"xmin": 483, "ymin": 167, "ymax": 290, "xmax": 623}}, {"tid": 1, "generated": 0, "bbox": {"xmin": 76, "ymin": 86, "ymax": 255, "xmax": 278}}], [{"tid": 0, "generated": 0, "bbox": {"xmin": 486, "ymin": 167, "ymax": 291, "xmax": 623}}, {"tid": 1, "generated": 0, "bbox": {"xmin": 75, "ymin": 86, "ymax": 255, "xmax": 278}}], [{"tid": 0, "generated": 0, "bbox": {"xmin": 489, "ymin": 167, "ymax": 292, "xmax": 624}}, {"tid": 1, "generated": 0, "bbox": {"xmin": 74, "ymin": 86, "ymax": 254, "xmax": 278}}], [{"tid": 0, "generated": 0, "bbox": {"xmin": 492, "ymin": 167, "ymax": 293, "xmax": 624}}, {"tid": 1, "generated": 0, "bbox": {"xmin": 73, "ymin": 86, "ymax": 254, "xmax": 278}}], [{"tid": 0, "generated": 0, "bbox": {"xmin": 495, "ymin": 168, "ymax": 294, "xmax": 625}}, {"tid": 1, "generated": 0, "bbox": {"xmin": 72, "ymin": 86, "ymax": 254, "xmax": 278}}], [{"tid": 0, "generated": 0, "bbox": {"xmin": 494, "ymin": 167, "ymax": 293, "xmax": 626}}, {"tid": 1, "generated": 0, "bbox": {"xmin": 70, "ymin": 85, "ymax": 254, "xmax": 275}}], [{"tid": 0, "generated": 0, "bbox": {"xmin": 494, "ymin": 167, "ymax": 292, "xmax": 628}}, {"tid": 1, "generated": 0, "bbox": {"xmin": 68, "ymin": 85, "ymax": 254, "xmax": 272}}], [{"tid": 0, "generated": 0, "bbox": {"xmin": 494, "ymin": 167, "ymax": 291, "xmax": 629}}, {"tid": 1, "generated": 0, "bbox": {"xmin": 67, "ymin": 85, "ymax": 254, "xmax": 270}}], [{"tid": 0, "generated": 0, "bbox": {"xmin": 494, "ymin": 167, "ymax": 291, "xmax": 631}}, {"tid": 1, "generated": 0, "bbox": {"xmin": 65, "ymin": 85, "ymax": 254, "xmax": 267}}], [{"tid": 0, "generated": 0, "bbox": {"xmin": 494, "ymin": 167, "ymax": 290, "xmax": 632}}, {"tid": 1, "generated": 0, "bbox": {"xmin": 64, "ymin": 85, "ymax": 255, "xmax": 265}}], [{"tid": 0, "generated": 0, "bbox": {"xmin": 494, "ymin": 167, "ymax": 289, "xmax": 634}}, {"tid": 1, "generated": 0, "bbox": {"xmin": 62, "ymin": 84, "ymax": 255, "xmax": 262}}], [{"tid": 0, "generated": 0, "bbox": {"xmin": 494, "ymin": 167, "ymax": 289, "xmax": 635}}, {"tid": 1, "generated": 0, "bbox": {"xmin": 60, "ymin": 84, "ymax": 255, "xmax": 259}}], [{"tid": 0, "generated": 0, "bbox": {"xmin": 494, "ymin": 167, "ymax": 288, "xmax": 637}}, {"tid": 1, "generated": 0, "bbox": {"xmin": 59, "ymin": 84, "ymax": 255, "xmax": 257}}], [{"tid": 0, "generated": 0, "bbox": {"xmin": 494, "ymin": 167, "ymax": 287, "xmax": 638}}, {"tid": 1, "generated": 0, "bbox": {"xmin": 57, "ymin": 84, "ymax": 255, "xmax": 254}}], [{"tid": 0, "generated": 0, "bbox": {"xmin": 494, "ymin": 167, "ymax": 287, "xmax": 639}}, {"tid": 1, "generated": 0, "bbox": {"xmin": 56, "ymin": 84, "ymax": 256, "xmax": 252}}], [{"tid": 0, "generated": 0, "bbox": {"xmin": 495, "ymin": 167, "ymax": 287, "xmax": 639}}, {"tid": 1, "generated": 0, "bbox": {"xmin": 54, "ymin": 83, "ymax": 255, "xmax": 250}}]], "subject/objects": [{"category": "cattle", "tid": 0}, {"category": "cattle", "tid": 1}], "relation_instances": [{"end_fid": 30, "subject_tid": 0, "predicate": "walk_right", "begin_fid": 0, "object_tid": 1}, {"end_fid": 30, "subject_tid": 0, "predicate": "walk_front", "begin_fid": 0, "object_tid": 1}, {"end_fid": 30, "subject_tid": 1, "predicate": "stand_behind", "begin_fid": 0, "object_tid": 0}, {"end_fid": 30, "subject_tid": 1, "predicate": "stand_left", "begin_fid": 0, "object_tid": 0}, {"end_fid": 30, "subject_tid": 1, "predicate": "taller", "begin_fid": 0, "object_tid": 0}, {"end_fid": 30, "subject_tid": 1, "predicate": "larger", "begin_fid": 0, "object_tid": 0}, {"end_fid": 60, "subject_tid": 0, "predicate": "stand_right", "begin_fid": 30, "object_tid": 1}, {"end_fid": 60, "subject_tid": 0, "predicate": "stand_front", "begin_fid": 30, "object_tid": 1}, {"end_fid": 60, "subject_tid": 1, "predicate": "stand_behind", "begin_fid": 30, "object_tid": 0}, {"end_fid": 60, "subject_tid": 1, "predicate": "stand_left", "begin_fid": 30, "object_tid": 0}, {"end_fid": 60, "subject_tid": 1, "predicate": "taller", "begin_fid": 30, "object_tid": 0}, {"end_fid": 60, "subject_tid": 1, "predicate": "larger", "begin_fid": 30, "object_tid": 0}, {"end_fid": 150, "subject_tid": 0, "predicate": "walk_right", "begin_fid": 120, "object_tid": 1}, {"end_fid": 150, "subject_tid": 0, "predicate": "walk_front", "begin_fid": 120, "object_tid": 1}, {"end_fid": 150, "subject_tid": 1, "predicate": "stand_behind", "begin_fid": 120, "object_tid": 0}, {"end_fid": 150, "subject_tid": 1, "predicate": "stand_left", "begin_fid": 120, "object_tid": 0}, {"end_fid": 150, "subject_tid": 1, "predicate": "taller", "begin_fid": 120, "object_tid": 0}, {"end_fid": 150, "subject_tid": 1, "predicate": "larger", "begin_fid": 120, "object_tid": 0}, {"end_fid": 240, "subject_tid": 0, "predicate": "walk_right", "begin_fid": 210, "object_tid": 1}, {"end_fid": 240, "subject_tid": 0, "predicate": "walk_away", "begin_fid": 210, "object_tid": 1}, {"end_fid": 240, "subject_tid": 1, "predicate": "stand_left", "begin_fid": 210, "object_tid": 0}, {"end_fid": 240, "subject_tid": 1, "predicate": "taller", "begin_fid": 210, "object_tid": 0}, {"end_fid": 240, "subject_tid": 1, "predicate": "larger", "begin_fid": 210, "object_tid": 0}], "height": 480}