{"width": 480, "frame_count": 67, "video_id": "ILSVRC2015_train_01052000", "fps": 30, "trajectories": [[{"tid": 0, "generated": 0, "bbox": {"xmin": 304, "ymin": 60, "ymax": 134, "xmax": 426}}, {"tid": 1, "generated": 0, "bbox": {"xmin": 358, "ymin": 104, "ymax": 206, "xmax": 452}}, {"tid": 2, "generated": 0, "bbox": {"xmin": 0, "ymin": 138, "ymax": 222, "xmax": 98}}, {"tid": 3, "generated": 0, "bbox": {"xmin": 0, "ymin": 211, "ymax": 340, "xmax": 105}}], [{"tid": 0, "generated": 0, "bbox": {"xmin": 305, "ymin": 61, "ymax": 133, "xmax": 427}}, {"tid": 1, "generated": 0, "bbox": {"xmin": 357, "ymin": 105, "ymax": 218, "xmax": 456}}, {"tid": 2, "generated": 0, "bbox": {"xmin": 0, "ymin": 138, "ymax": 222, "xmax": 98}}, {"tid": 3, "generated": 0, "bbox": {"xmin": 0, "ymin": 214, "ymax": 340, "xmax": 102}}], [{"tid": 0, "generated": 0, "bbox": {"xmin": 306, "ymin": 60, "ymax": 135, "xmax": 430}}, {"tid": 1, "generated": 0, "bbox": {"xmin": 359, "ymin": 104, "ymax": 220, "xmax": 458}}, {"tid": 2, "generated": 0, "bbox": {"xmin": 0, "ymin": 138, "ymax": 220, "xmax": 98}}, {"tid": 3, "generated": 0, "bbox": {"xmin": 0, "ymin": 210, "ymax": 340, "xmax": 104}}], [{"tid": 0, "generated": 0, "bbox": {"xmin": 307, "ymin": 60, "ymax": 136, "xmax": 432}}, {"tid": 1, "generated": 0, "bbox": {"xmin": 358, "ymin": 104, "ymax": 236, "xmax": 458}}, {"tid": 2, "generated": 0, "bbox": {"xmin": 0, "ymin": 138, "ymax": 220, "xmax": 98}}, {"tid": 3, "generated": 0, "bbox": {"xmin": 0, "ymin": 197, "ymax": 340, "xmax": 105}}], [{"tid": 0, "generated": 0, "bbox": {"xmin": 308, "ymin": 59, "ymax": 136, "xmax": 434}}, {"tid": 1, "generated": 0, "bbox": {"xmin": 362, "ymin": 101, "ymax": 246, "xmax": 460}}, {"tid": 2, "generated": 0, "bbox": {"xmin": 0, "ymin": 138, "ymax": 217, "xmax": 100}}, {"tid": 3, "generated": 0, "bbox": {"xmin": 0, "ymin": 194, "ymax": 339, "xmax": 105}}], [{"tid": 0, "generated": 0, "bbox": {"xmin": 308, "ymin": 59, "ymax": 137, "xmax": 436}}, {"tid": 1, "generated": 0, "bbox": {"xmin": 362, "ymin": 101, "ymax": 253, "xmax": 460}}, {"tid": 2, "generated": 0, "bbox": {"xmin": 0, "ymin": 138, "ymax": 213, "xmax": 101}}, {"tid": 3, "generated": 0, "bbox": {"xmin": 0, "ymin": 190, "ymax": 339, "xmax": 105}}], [{"tid": 0, "generated": 0, "bbox": {"xmin": 310, "ymin": 60, "ymax": 139, "xmax": 436}}, {"tid": 1, "generated": 0, "bbox": {"xmin": 362, "ymin": 100, "ymax": 254, "xmax": 461}}, {"tid": 2, "generated": 0, "bbox": {"xmin": 0, "ymin": 138, "ymax": 216, "xmax": 104}}, {"tid": 3, "generated": 0, "bbox": {"xmin": 0, "ymin": 187, "ymax": 339, "xmax": 105}}], [{"tid": 0, "generated": 0, "bbox": {"xmin": 316, "ymin": 59, "ymax": 139, "xmax": 438}}, {"tid": 1, "generated": 0, "bbox": {"xmin": 360, "ymin": 98, "ymax": 253, "xmax": 461}}, {"tid": 2, "generated": 0, "bbox": {"xmin": 0, "ymin": 138, "ymax": 212, "xmax": 101}}, {"tid": 3, "generated": 0, "bbox": {"xmin": 0, "ymin": 190, "ymax": 337, "xmax": 107}}], [{"tid": 0, "generated": 0, "bbox": {"xmin": 318, "ymin": 60, "ymax": 137, "xmax": 443}}, {"tid": 1, "generated": 0, "bbox": {"xmin": 359, "ymin": 98, "ymax": 253, "xmax": 460}}, {"tid": 2, "generated": 0, "bbox": {"xmin": 0, "ymin": 138, "ymax": 211, "xmax": 104}}, {"tid": 3, "generated": 0, "bbox": {"xmin": 0, "ymin": 187, "ymax": 338, "xmax": 107}}], [{"tid": 0, "generated": 0, "bbox": {"xmin": 316, "ymin": 56, "ymax": 138, "xmax": 442}}, {"tid": 1, "generated": 0, "bbox": {"xmin": 360, "ymin": 98, "ymax": 253, "xmax": 460}}, {"tid": 2, "generated": 0, "bbox": {"xmin": 0, "ymin": 138, "ymax": 213, "xmax": 105}}, {"tid": 3, "generated": 0, "bbox": {"xmin": 0, "ymin": 187, "ymax": 338, "xmax": 106}}], [{"tid": 0, "generated": 0, "bbox": {"xmin": 318, "ymin": 60, "ymax": 134, "xmax": 444}}, {"tid": 1, "generated": 0, "bbox": {"xmin": 361, "ymin": 100, "ymax": 254, "xmax": 460}}, {"tid": 2, "generated": 0, "bbox": {"xmin": 0, "ymin": 138, "ymax": 210, "xmax": 104}}, {"tid": 3, "generated": 0, "bbox": {"xmin": 0, "ymin": 188, "ymax": 342, "xmax": 112}}], [{"tid": 0, "generated": 0, "bbox": {"xmin": 320, "ymin": 58, "ymax": 134, "xmax": 446}}, {"tid": 1, "generated": 0, "bbox": {"xmin": 364, "ymin": 100, "ymax": 248, "xmax": 463}}, {"tid": 2, "generated": 0, "bbox": {"xmin": 0, "ymin": 141, "ymax": 214, "xmax": 104}}, {"tid": 3, "generated": 0, "bbox": {"xmin": 0, "ymin": 188, "ymax": 338, "xmax": 111}}], [{"tid": 0, "generated": 0, "bbox": {"xmin": 322, "ymin": 58, "ymax": 132, "xmax": 448}}, {"tid": 1, "generated": 0, "bbox": {"xmin": 369, "ymin": 103, "ymax": 252, "xmax": 465}}, {"tid": 2, "generated": 0, "bbox": {"xmin": 0, "ymin": 139, "ymax": 210, "xmax": 104}}, {"tid": 3, "generated": 0, "bbox": {"xmin": 0, "ymin": 185, "ymax": 338, "xmax": 112}}], [{"tid": 0, "generated": 0, "bbox": {"xmin": 328, "ymin": 56, "ymax": 132, "xmax": 449}}, {"tid": 1, "generated": 0, "bbox": {"xmin": 369, "ymin": 104, "ymax": 253, "xmax": 467}}, {"tid": 2, "generated": 0, "bbox": {"xmin": 0, "ymin": 142, "ymax": 215, "xmax": 106}}, {"tid": 3, "generated": 0, "bbox": {"xmin": 0, "ymin": 185, "ymax": 338, "xmax": 118}}], [{"tid": 0, "generated": 0, "bbox": {"xmin": 329, "ymin": 56, "ymax": 129, "xmax": 451}}, {"tid": 1, "generated": 0, "bbox": {"xmin": 370, "ymin": 106, "ymax": 254, "xmax": 470}}, {"tid": 2, "generated": 0, "bbox": {"xmin": 0, "ymin": 140, "ymax": 214, "xmax": 105}}, {"tid": 3, "generated": 0, "bbox": {"xmin": 0, "ymin": 190, "ymax": 335, "xmax": 118}}], [{"tid": 0, "generated": 0, "bbox": {"xmin": 329, "ymin": 53, "ymax": 126, "xmax": 451}}, {"tid": 1, "generated": 0, "bbox": {"xmin": 370, "ymin": 105, "ymax": 252, "xmax": 472}}, {"tid": 2, "generated": 0, "bbox": {"xmin": 0, "ymin": 141, "ymax": 214, "xmax": 105}}, {"tid": 3, "generated": 0, "bbox": {"xmin": 0, "ymin": 194, "ymax": 334, "xmax": 118}}], [{"tid": 0, "generated": 0, "bbox": {"xmin": 328, "ymin": 54, "ymax": 128, "xmax": 452}}, {"tid": 1, "generated": 0, "bbox": {"xmin": 374, "ymin": 106, "ymax": 253, "xmax": 472}}, {"tid": 2, "generated": 0, "bbox": {"xmin": 0, "ymin": 139, "ymax": 214, "xmax": 105}}, {"tid": 3, "generated": 0, "bbox": {"xmin": 0, "ymin": 201, "ymax": 334, "xmax": 125}}], [{"tid": 0, "generated": 0, "bbox": {"xmin": 330, "ymin": 55, "ymax": 128, "xmax": 450}}, {"tid": 1, "generated": 0, "bbox": {"xmin": 375, "ymin": 104, "ymax": 252, "xmax": 471}}, {"tid": 2, "generated": 0, "bbox": {"xmin": 0, "ymin": 138, "ymax": 216, "xmax": 105}}, {"tid": 3, "generated": 0, "bbox": {"xmin": 0, "ymin": 201, "ymax": 321, "xmax": 120}}], [{"tid": 0, "generated": 0, "bbox": {"xmin": 330, "ymin": 55, "ymax": 128, "xmax": 450}}, {"tid": 1, "generated": 0, "bbox": {"xmin": 375, "ymin": 108, "ymax": 254, "xmax": 471}}, {"tid": 2, "generated": 0, "bbox": {"xmin": 0, "ymin": 138, "ymax": 214, "xmax": 104}}, {"tid": 3, "generated": 0, "bbox": {"xmin": 0, "ymin": 202, "ymax": 322, "xmax": 120}}], [{"tid": 0, "generated": 0, "bbox": {"xmin": 332, "ymin": 55, "ymax": 128, "xmax": 447}}, {"tid": 1, "generated": 0, "bbox": {"xmin": 374, "ymin": 108, "ymax": 248, "xmax": 472}}, {"tid": 2, "generated": 0, "bbox": {"xmin": 0, "ymin": 142, "ymax": 216, "xmax": 105}}, {"tid": 3, "generated": 0, "bbox": {"xmin": 0, "ymin": 204, "ymax": 323, "xmax": 122}}], [{"tid": 0, "generated": 0, "bbox": {"xmin": 332, "ymin": 55, "ymax": 130, "xmax": 450}}, {"tid": 1, "generated": 0, "bbox": {"xmin": 375, "ymin": 108, "ymax": 250, "xmax": 473}}, {"tid": 2, "generated": 0, "bbox": {"xmin": 0, "ymin": 141, "ymax": 214, "xmax": 105}}, {"tid": 3, "generated": 0, "bbox": {"xmin": 0, "ymin": 201, "ymax": 322, "xmax": 125}}], [{"tid": 0, "generated": 0, "bbox": {"xmin": 333, "ymin": 56, "ymax": 128, "xmax": 450}}, {"tid": 1, "generated": 0, "bbox": {"xmin": 376, "ymin": 106, "ymax": 253, "xmax": 475}}, {"tid": 2, "generated": 0, "bbox": {"xmin": 0, "ymin": 141, "ymax": 216, "xmax": 100}}, {"tid": 3, "generated": 0, "bbox": {"xmin": 0, "ymin": 202, "ymax": 322, "xmax": 125}}], [{"tid": 0, "generated": 0, "bbox": {"xmin": 335, "ymin": 56, "ymax": 128, "xmax": 450}}, {"tid": 1, "generated": 0, "bbox": {"xmin": 375, "ymin": 108, "ymax": 256, "xmax": 478}}, {"tid": 2, "generated": 0, "bbox": {"xmin": 0, "ymin": 141, "ymax": 216, "xmax": 101}}, {"tid": 3, "generated": 0, "bbox": {"xmin": 0, "ymin": 205, "ymax": 324, "xmax": 122}}], [{"tid": 0, "generated": 0, "bbox": {"xmin": 336, "ymin": 58, "ymax": 130, "xmax": 450}}, {"tid": 1, "generated": 0, "bbox": {"xmin": 376, "ymin": 108, "ymax": 267, "xmax": 478}}, {"tid": 2, "generated": 0, "bbox": {"xmin": 0, "ymin": 141, "ymax": 216, "xmax": 102}}, {"tid": 3, "generated": 0, "bbox": {"xmin": 0, "ymin": 202, "ymax": 322, "xmax": 120}}], [{"tid": 0, "generated": 0, "bbox": {"xmin": 338, "ymin": 58, "ymax": 127, "xmax": 447}}, {"tid": 1, "generated": 0, "bbox": {"xmin": 380, "ymin": 108, "ymax": 273, "xmax": 479}}, {"tid": 2, "generated": 0, "bbox": {"xmin": 0, "ymin": 141, "ymax": 216, "xmax": 102}}, {"tid": 3, "generated": 0, "bbox": {"xmin": 0, "ymin": 205, "ymax": 324, "xmax": 120}}], [{"tid": 0, "generated": 0, "bbox": {"xmin": 340, "ymin": 58, "ymax": 127, "xmax": 449}}, {"tid": 1, "generated": 0, "bbox": {"xmin": 383, "ymin": 106, "ymax": 273, "xmax": 478}}, {"tid": 2, "generated": 0, "bbox": {"xmin": 0, "ymin": 141, "ymax": 217, "xmax": 102}}, {"tid": 3, "generated": 0, "bbox": {"xmin": 0, "ymin": 206, "ymax": 321, "xmax": 124}}], [{"tid": 0, "generated": 0, "bbox": {"xmin": 342, "ymin": 58, "ymax": 126, "xmax": 447}}, {"tid": 1, "generated": 0, "bbox": {"xmin": 384, "ymin": 104, "ymax": 272, "xmax": 478}}, {"tid": 2, "generated": 0, "bbox": {"xmin": 0, "ymin": 141, "ymax": 218, "xmax": 103}}, {"tid": 3, "generated": 0, "bbox": {"xmin": 0, "ymin": 208, "ymax": 322, "xmax": 124}}], [{"tid": 0, "generated": 0, "bbox": {"xmin": 344, "ymin": 60, "ymax": 128, "xmax": 449}}, {"tid": 1, "generated": 0, "bbox": {"xmin": 382, "ymin": 104, "ymax": 276, "xmax": 477}}, {"tid": 2, "generated": 0, "bbox": {"xmin": 0, "ymin": 141, "ymax": 218, "xmax": 104}}, {"tid": 3, "generated": 0, "bbox": {"xmin": 0, "ymin": 210, "ymax": 326, "xmax": 125}}], [{"tid": 0, "generated": 0, "bbox": {"xmin": 344, "ymin": 60, "ymax": 126, "xmax": 450}}, {"tid": 1, "generated": 0, "bbox": {"xmin": 382, "ymin": 108, "ymax": 274, "xmax": 478}}, {"tid": 2, "generated": 0, "bbox": {"xmin": 0, "ymin": 141, "ymax": 218, "xmax": 104}}, {"tid": 3, "generated": 0, "bbox": {"xmin": 0, "ymin": 208, "ymax": 324, "xmax": 126}}], [{"tid": 0, "generated": 0, "bbox": {"xmin": 344, "ymin": 62, "ymax": 128, "xmax": 449}}, {"tid": 1, "generated": 0, "bbox": {"xmin": 383, "ymin": 110, "ymax": 273, "xmax": 478}}, {"tid": 2, "generated": 0, "bbox": {"xmin": 0, "ymin": 141, "ymax": 218, "xmax": 104}}, {"tid": 3, "generated": 0, "bbox": {"xmin": 0, "ymin": 208, "ymax": 325, "xmax": 129}}], [{"tid": 0, "generated": 0, "bbox": {"xmin": 346, "ymin": 60, "ymax": 128, "xmax": 449}}, {"tid": 1, "generated": 0, "bbox": {"xmin": 380, "ymin": 112, "ymax": 277, "xmax": 479}}, {"tid": 2, "generated": 0, "bbox": {"xmin": 0, "ymin": 141, "ymax": 219, "xmax": 105}}, {"tid": 3, "generated": 0, "bbox": {"xmin": 0, "ymin": 206, "ymax": 324, "xmax": 126}}], [{"tid": 0, "generated": 0, "bbox": {"xmin": 347, "ymin": 60, "ymax": 129, "xmax": 448}}, {"tid": 1, "generated": 0, "bbox": {"xmin": 385, "ymin": 114, "ymax": 274, "xmax": 478}}, {"tid": 2, "generated": 0, "bbox": {"xmin": 0, "ymin": 141, "ymax": 219, "xmax": 105}}, {"tid": 3, "generated": 0, "bbox": {"xmin": 0, "ymin": 206, "ymax": 322, "xmax": 126}}], [{"tid": 0, "generated": 0, "bbox": {"xmin": 347, "ymin": 60, "ymax": 130, "xmax": 447}}, {"tid": 1, "generated": 0, "bbox": {"xmin": 390, "ymin": 118, "ymax": 277, "xmax": 476}}, {"tid": 2, "generated": 0, "bbox": {"xmin": 0, "ymin": 140, "ymax": 218, "xmax": 105}}, {"tid": 3, "generated": 0, "bbox": {"xmin": 0, "ymin": 205, "ymax": 324, "xmax": 127}}], [{"tid": 0, "generated": 0, "bbox": {"xmin": 347, "ymin": 60, "ymax": 132, "xmax": 446}}, {"tid": 1, "generated": 0, "bbox": {"xmin": 388, "ymin": 121, "ymax": 287, "xmax": 478}}, {"tid": 2, "generated": 0, "bbox": {"xmin": 0, "ymin": 140, "ymax": 218, "xmax": 105}}, {"tid": 3, "generated": 0, "bbox": {"xmin": 0, "ymin": 204, "ymax": 324, "xmax": 127}}], [{"tid": 0, "generated": 0, "bbox": {"xmin": 348, "ymin": 61, "ymax": 129, "xmax": 447}}, {"tid": 1, "generated": 0, "bbox": {"xmin": 392, "ymin": 124, "ymax": 304, "xmax": 478}}, {"tid": 2, "generated": 0, "bbox": {"xmin": 0, "ymin": 140, "ymax": 218, "xmax": 105}}, {"tid": 3, "generated": 0, "bbox": {"xmin": 0, "ymin": 205, "ymax": 324, "xmax": 127}}], [{"tid": 0, "generated": 0, "bbox": {"xmin": 348, "ymin": 62, "ymax": 128, "xmax": 446}}, {"tid": 1, "generated": 0, "bbox": {"xmin": 392, "ymin": 125, "ymax": 303, "xmax": 478}}, {"tid": 2, "generated": 0, "bbox": {"xmin": 0, "ymin": 140, "ymax": 218, "xmax": 105}}, {"tid": 3, "generated": 0, "bbox": {"xmin": 0, "ymin": 203, "ymax": 323, "xmax": 131}}], [{"tid": 0, "generated": 0, "bbox": {"xmin": 348, "ymin": 60, "ymax": 131, "xmax": 444}}, {"tid": 1, "generated": 0, "bbox": {"xmin": 395, "ymin": 126, "ymax": 305, "xmax": 478}}, {"tid": 2, "generated": 0, "bbox": {"xmin": 0, "ymin": 139, "ymax": 217, "xmax": 105}}, {"tid": 3, "generated": 0, "bbox": {"xmin": 0, "ymin": 203, "ymax": 322, "xmax": 132}}], [{"tid": 0, "generated": 0, "bbox": {"xmin": 348, "ymin": 60, "ymax": 131, "xmax": 442}}, {"tid": 1, "generated": 0, "bbox": {"xmin": 394, "ymin": 126, "ymax": 304, "xmax": 479}}, {"tid": 2, "generated": 0, "bbox": {"xmin": 0, "ymin": 139, "ymax": 217, "xmax": 105}}, {"tid": 3, "generated": 0, "bbox": {"xmin": 0, "ymin": 202, "ymax": 322, "xmax": 131}}], [{"tid": 0, "generated": 0, "bbox": {"xmin": 348, "ymin": 60, "ymax": 132, "xmax": 442}}, {"tid": 1, "generated": 0, "bbox": {"xmin": 396, "ymin": 130, "ymax": 308, "xmax": 478}}, {"tid": 2, "generated": 0, "bbox": {"xmin": 0, "ymin": 138, "ymax": 216, "xmax": 105}}, {"tid": 3, "generated": 0, "bbox": {"xmin": 0, "ymin": 202, "ymax": 322, "xmax": 132}}], [{"tid": 0, "generated": 0, "bbox": {"xmin": 348, "ymin": 62, "ymax": 134, "xmax": 440}}, {"tid": 1, "generated": 0, "bbox": {"xmin": 398, "ymin": 134, "ymax": 306, "xmax": 478}}, {"tid": 2, "generated": 0, "bbox": {"xmin": 0, "ymin": 138, "ymax": 216, "xmax": 105}}, {"tid": 3, "generated": 0, "bbox": {"xmin": 0, "ymin": 200, "ymax": 321, "xmax": 133}}], [{"tid": 0, "generated": 0, "bbox": {"xmin": 348, "ymin": 59, "ymax": 132, "xmax": 440}}, {"tid": 1, "generated": 0, "bbox": {"xmin": 399, "ymin": 134, "ymax": 308, "xmax": 479}}, {"tid": 2, "generated": 0, "bbox": {"xmin": 0, "ymin": 138, "ymax": 216, "xmax": 105}}, {"tid": 3, "generated": 0, "bbox": {"xmin": 0, "ymin": 199, "ymax": 321, "xmax": 132}}], [{"tid": 0, "generated": 0, "bbox": {"xmin": 348, "ymin": 60, "ymax": 132, "xmax": 440}}, {"tid": 1, "generated": 0, "bbox": {"xmin": 402, "ymin": 136, "ymax": 308, "xmax": 478}}, {"tid": 2, "generated": 0, "bbox": {"xmin": 0, "ymin": 138, "ymax": 216, "xmax": 106}}, {"tid": 3, "generated": 0, "bbox": {"xmin": 0, "ymin": 199, "ymax": 321, "xmax": 130}}], [{"tid": 0, "generated": 0, "bbox": {"xmin": 350, "ymin": 59, "ymax": 132, "xmax": 436}}, {"tid": 1, "generated": 0, "bbox": {"xmin": 406, "ymin": 139, "ymax": 326, "xmax": 479}}, {"tid": 2, "generated": 0, "bbox": {"xmin": 0, "ymin": 138, "ymax": 216, "xmax": 106}}, {"tid": 3, "generated": 0, "bbox": {"xmin": 0, "ymin": 199, "ymax": 320, "xmax": 131}}], [{"tid": 0, "generated": 0, "bbox": {"xmin": 349, "ymin": 60, "ymax": 132, "xmax": 435}}, {"tid": 1, "generated": 0, "bbox": {"xmin": 406, "ymin": 142, "ymax": 335, "xmax": 479}}, {"tid": 2, "generated": 0, "bbox": {"xmin": 0, "ymin": 138, "ymax": 215, "xmax": 107}}, {"tid": 3, "generated": 0, "bbox": {"xmin": 0, "ymin": 198, "ymax": 320, "xmax": 128}}], [{"tid": 0, "generated": 0, "bbox": {"xmin": 349, "ymin": 60, "ymax": 132, "xmax": 434}}, {"tid": 1, "generated": 0, "bbox": {"xmin": 404, "ymin": 146, "ymax": 340, "xmax": 478}}, {"tid": 2, "generated": 0, "bbox": {"xmin": 0, "ymin": 135, "ymax": 215, "xmax": 105}}, {"tid": 3, "generated": 0, "bbox": {"xmin": 0, "ymin": 199, "ymax": 321, "xmax": 131}}], [{"tid": 0, "generated": 0, "bbox": {"xmin": 349, "ymin": 60, "ymax": 131, "xmax": 433}}, {"tid": 1, "generated": 0, "bbox": {"xmin": 404, "ymin": 149, "ymax": 338, "xmax": 478}}, {"tid": 2, "generated": 0, "bbox": {"xmin": 0, "ymin": 134, "ymax": 214, "xmax": 106}}, {"tid": 3, "generated": 0, "bbox": {"xmin": 0, "ymin": 199, "ymax": 324, "xmax": 128}}], [{"tid": 0, "generated": 0, "bbox": {"xmin": 348, "ymin": 60, "ymax": 131, "xmax": 432}}, {"tid": 1, "generated": 0, "bbox": {"xmin": 406, "ymin": 149, "ymax": 342, "xmax": 479}}, {"tid": 2, "generated": 0, "bbox": {"xmin": 0, "ymin": 134, "ymax": 214, "xmax": 106}}, {"tid": 3, "generated": 0, "bbox": {"xmin": 0, "ymin": 198, "ymax": 324, "xmax": 125}}], [{"tid": 0, "generated": 0, "bbox": {"xmin": 348, "ymin": 60, "ymax": 131, "xmax": 432}}, {"tid": 1, "generated": 0, "bbox": {"xmin": 404, "ymin": 148, "ymax": 339, "xmax": 478}}, {"tid": 2, "generated": 0, "bbox": {"xmin": 0, "ymin": 133, "ymax": 214, "xmax": 106}}, {"tid": 3, "generated": 0, "bbox": {"xmin": 0, "ymin": 198, "ymax": 323, "xmax": 125}}], [{"tid": 0, "generated": 0, "bbox": {"xmin": 348, "ymin": 60, "ymax": 131, "xmax": 430}}, {"tid": 1, "generated": 0, "bbox": {"xmin": 403, "ymin": 150, "ymax": 342, "xmax": 478}}, {"tid": 2, "generated": 0, "bbox": {"xmin": 0, "ymin": 135, "ymax": 216, "xmax": 106}}, {"tid": 3, "generated": 0, "bbox": {"xmin": 0, "ymin": 198, "ymax": 324, "xmax": 125}}], [{"tid": 0, "generated": 0, "bbox": {"xmin": 348, "ymin": 60, "ymax": 131, "xmax": 430}}, {"tid": 1, "generated": 0, "bbox": {"xmin": 404, "ymin": 152, "ymax": 340, "xmax": 478}}, {"tid": 2, "generated": 0, "bbox": {"xmin": 0, "ymin": 132, "ymax": 213, "xmax": 105}}, {"tid": 3, "generated": 0, "bbox": {"xmin": 0, "ymin": 198, "ymax": 322, "xmax": 125}}], [{"tid": 0, "generated": 0, "bbox": {"xmin": 347, "ymin": 59, "ymax": 131, "xmax": 428}}, {"tid": 1, "generated": 0, "bbox": {"xmin": 405, "ymin": 154, "ymax": 340, "xmax": 478}}, {"tid": 2, "generated": 0, "bbox": {"xmin": 0, "ymin": 138, "ymax": 217, "xmax": 108}}, {"tid": 3, "generated": 0, "bbox": {"xmin": 0, "ymin": 196, "ymax": 323, "xmax": 118}}], [{"tid": 0, "generated": 0, "bbox": {"xmin": 347, "ymin": 60, "ymax": 128, "xmax": 428}}, {"tid": 1, "generated": 0, "bbox": {"xmin": 406, "ymin": 158, "ymax": 358, "xmax": 479}}, {"tid": 2, "generated": 0, "bbox": {"xmin": 0, "ymin": 137, "ymax": 218, "xmax": 106}}, {"tid": 3, "generated": 0, "bbox": {"xmin": 0, "ymin": 196, "ymax": 322, "xmax": 114}}], [{"tid": 0, "generated": 0, "bbox": {"xmin": 348, "ymin": 59, "ymax": 130, "xmax": 428}}, {"tid": 1, "generated": 0, "bbox": {"xmin": 408, "ymin": 162, "ymax": 355, "xmax": 478}}, {"tid": 2, "generated": 0, "bbox": {"xmin": 0, "ymin": 136, "ymax": 218, "xmax": 106}}, {"tid": 3, "generated": 0, "bbox": {"xmin": 0, "ymin": 192, "ymax": 323, "xmax": 108}}], [{"tid": 0, "generated": 0, "bbox": {"xmin": 347, "ymin": 60, "ymax": 128, "xmax": 426}}, {"tid": 1, "generated": 0, "bbox": {"xmin": 409, "ymin": 162, "ymax": 358, "xmax": 478}}, {"tid": 2, "generated": 0, "bbox": {"xmin": 0, "ymin": 136, "ymax": 219, "xmax": 106}}, {"tid": 3, "generated": 0, "bbox": {"xmin": 0, "ymin": 188, "ymax": 322, "xmax": 100}}], [{"tid": 0, "generated": 0, "bbox": {"xmin": 347, "ymin": 60, "ymax": 128, "xmax": 426}}, {"tid": 1, "generated": 0, "bbox": {"xmin": 408, "ymin": 166, "ymax": 358, "xmax": 478}}, {"tid": 2, "generated": 0, "bbox": {"xmin": 0, "ymin": 137, "ymax": 220, "xmax": 106}}, {"tid": 3, "generated": 0, "bbox": {"xmin": 0, "ymin": 189, "ymax": 323, "xmax": 94}}], [{"tid": 0, "generated": 0, "bbox": {"xmin": 347, "ymin": 60, "ymax": 128, "xmax": 426}}, {"tid": 1, "generated": 0, "bbox": {"xmin": 412, "ymin": 171, "ymax": 358, "xmax": 479}}, {"tid": 2, "generated": 0, "bbox": {"xmin": 0, "ymin": 138, "ymax": 222, "xmax": 106}}, {"tid": 3, "generated": 0, "bbox": {"xmin": 0, "ymin": 188, "ymax": 321, "xmax": 88}}], [{"tid": 0, "generated": 0, "bbox": {"xmin": 347, "ymin": 59, "ymax": 127, "xmax": 426}}, {"tid": 1, "generated": 0, "bbox": {"xmin": 412, "ymin": 172, "ymax": 358, "xmax": 479}}, {"tid": 2, "generated": 0, "bbox": {"xmin": 0, "ymin": 138, "ymax": 218, "xmax": 106}}, {"tid": 3, "generated": 0, "bbox": {"xmin": 0, "ymin": 185, "ymax": 317, "xmax": 78}}], [{"tid": 0, "generated": 0, "bbox": {"xmin": 347, "ymin": 60, "ymax": 126, "xmax": 426}}, {"tid": 1, "generated": 0, "bbox": {"xmin": 409, "ymin": 172, "ymax": 357, "xmax": 478}}, {"tid": 2, "generated": 0, "bbox": {"xmin": 0, "ymin": 137, "ymax": 214, "xmax": 106}}, {"tid": 3, "generated": 0, "bbox": {"xmin": 0, "ymin": 182, "ymax": 315, "xmax": 72}}], [{"tid": 0, "generated": 0, "bbox": {"xmin": 347, "ymin": 58, "ymax": 127, "xmax": 424}}, {"tid": 1, "generated": 0, "bbox": {"xmin": 410, "ymin": 174, "ymax": 358, "xmax": 477}}, {"tid": 2, "generated": 0, "bbox": {"xmin": 0, "ymin": 136, "ymax": 204, "xmax": 106}}, {"tid": 3, "generated": 0, "bbox": {"xmin": 0, "ymin": 180, "ymax": 312, "xmax": 72}}], [{"tid": 0, "generated": 0, "bbox": {"xmin": 347, "ymin": 58, "ymax": 126, "xmax": 423}}, {"tid": 1, "generated": 0, "bbox": {"xmin": 412, "ymin": 177, "ymax": 356, "xmax": 479}}, {"tid": 2, "generated": 0, "bbox": {"xmin": 0, "ymin": 136, "ymax": 203, "xmax": 107}}, {"tid": 3, "generated": 0, "bbox": {"xmin": 0, "ymin": 178, "ymax": 313, "xmax": 72}}]], "subject/objects": [{"category": "dog", "tid": 0}, {"category": "dog", "tid": 1}, {"category": "dog", "tid": 2}, {"category": "dog", "tid": 3}], "relation_instances": [{"end_fid": 30, "subject_tid": 0, "predicate": "walk_behind", "begin_fid": 0, "object_tid": 1}, {"end_fid": 30, "subject_tid": 1, "predicate": "walk_front", "begin_fid": 0, "object_tid": 0}, {"end_fid": 30, "subject_tid": 0, "predicate": "walk_right", "begin_fid": 0, "object_tid": 2}, {"end_fid": 30, "subject_tid": 0, "predicate": "walk_behind", "begin_fid": 0, "object_tid": 2}, {"end_fid": 30, "subject_tid": 2, "predicate": "stand_front", "begin_fid": 0, "object_tid": 0}, {"end_fid": 30, "subject_tid": 2, "predicate": "stand_left", "begin_fid": 0, "object_tid": 0}, {"end_fid": 30, "subject_tid": 0, "predicate": "walk_right", "begin_fid": 0, "object_tid": 3}, {"end_fid": 30, "subject_tid": 0, "predicate": "walk_behind", "begin_fid": 0, "object_tid": 3}, {"end_fid": 30, "subject_tid": 3, "predicate": "stand_front", "begin_fid": 0, "object_tid": 0}, {"end_fid": 30, "subject_tid": 3, "predicate": "stand_left", "begin_fid": 0, "object_tid": 0}, {"end_fid": 30, "subject_tid": 1, "predicate": "walk_right", "begin_fid": 0, "object_tid": 2}, {"end_fid": 30, "subject_tid": 2, "predicate": "stand_left", "begin_fid": 0, "object_tid": 1}, {"end_fid": 30, "subject_tid": 1, "predicate": "walk_right", "begin_fid": 0, "object_tid": 3}, {"end_fid": 30, "subject_tid": 3, "predicate": "stand_left", "begin_fid": 0, "object_tid": 1}, {"end_fid": 30, "subject_tid": 2, "predicate": "stand_behind", "begin_fid": 0, "object_tid": 3}, {"end_fid": 30, "subject_tid": 3, "predicate": "stand_front", "begin_fid": 0, "object_tid": 2}, {"end_fid": 45, "subject_tid": 0, "predicate": "stand_behind", "begin_fid": 15, "object_tid": 1}, {"end_fid": 45, "subject_tid": 1, "predicate": "walk_front", "begin_fid": 15, "object_tid": 0}, {"end_fid": 45, "subject_tid": 0, "predicate": "stand_right", "begin_fid": 15, "object_tid": 2}, {"end_fid": 45, "subject_tid": 0, "predicate": "stand_behind", "begin_fid": 15, "object_tid": 2}, {"end_fid": 45, "subject_tid": 2, "predicate": "stand_front", "begin_fid": 15, "object_tid": 0}, {"end_fid": 45, "subject_tid": 2, "predicate": "stand_left", "begin_fid": 15, "object_tid": 0}, {"end_fid": 45, "subject_tid": 0, "predicate": "stand_right", "begin_fid": 15, "object_tid": 3}, {"end_fid": 45, "subject_tid": 0, "predicate": "stand_behind", "begin_fid": 15, "object_tid": 3}, {"end_fid": 45, "subject_tid": 3, "predicate": "stand_front", "begin_fid": 15, "object_tid": 0}, {"end_fid": 45, "subject_tid": 3, "predicate": "stand_left", "begin_fid": 15, "object_tid": 0}, {"end_fid": 45, "subject_tid": 1, "predicate": "walk_right", "begin_fid": 15, "object_tid": 2}, {"end_fid": 45, "subject_tid": 2, "predicate": "stand_left", "begin_fid": 15, "object_tid": 1}, {"end_fid": 45, "subject_tid": 1, "predicate": "walk_right", "begin_fid": 15, "object_tid": 3}, {"end_fid": 45, "subject_tid": 3, "predicate": "stand_left", "begin_fid": 15, "object_tid": 1}, {"end_fid": 45, "subject_tid": 2, "predicate": "stand_behind", "begin_fid": 15, "object_tid": 3}, {"end_fid": 45, "subject_tid": 3, "predicate": "stand_front", "begin_fid": 15, "object_tid": 2}, {"end_fid": 60, "subject_tid": 0, "predicate": "stand_behind", "begin_fid": 30, "object_tid": 1}, {"end_fid": 60, "subject_tid": 1, "predicate": "walk_front", "begin_fid": 30, "object_tid": 0}, {"end_fid": 60, "subject_tid": 0, "predicate": "stand_right", "begin_fid": 30, "object_tid": 2}, {"end_fid": 60, "subject_tid": 0, "predicate": "stand_behind", "begin_fid": 30, "object_tid": 2}, {"end_fid": 60, "subject_tid": 2, "predicate": "stand_front", "begin_fid": 30, "object_tid": 0}, {"end_fid": 60, "subject_tid": 2, "predicate": "stand_left", "begin_fid": 30, "object_tid": 0}, {"end_fid": 60, "subject_tid": 0, "predicate": "stand_right", "begin_fid": 30, "object_tid": 3}, {"end_fid": 60, "subject_tid": 0, "predicate": "stand_behind", "begin_fid": 30, "object_tid": 3}, {"end_fid": 60, "subject_tid": 3, "predicate": "stand_front", "begin_fid": 30, "object_tid": 0}, {"end_fid": 60, "subject_tid": 3, "predicate": "stand_left", "begin_fid": 30, "object_tid": 0}, {"end_fid": 60, "subject_tid": 1, "predicate": "walk_right", "begin_fid": 30, "object_tid": 2}, {"end_fid": 60, "subject_tid": 2, "predicate": "stand_left", "begin_fid": 30, "object_tid": 1}, {"end_fid": 60, "subject_tid": 1, "predicate": "walk_right", "begin_fid": 30, "object_tid": 3}, {"end_fid": 60, "subject_tid": 3, "predicate": "left", "begin_fid": 30, "object_tid": 1}, {"end_fid": 60, "subject_tid": 2, "predicate": "stand_behind", "begin_fid": 30, "object_tid": 3}, {"end_fid": 60, "subject_tid": 3, "predicate": "front", "begin_fid": 30, "object_tid": 2}], "height": 360}