{"width": 1280, "frame_count": 84, "video_id": "ILSVRC2015_train_00290023", "fps": 30, "trajectories": [[{"tid": 0, "generated": 0, "bbox": {"xmin": 12, "ymin": 465, "ymax": 718, "xmax": 504}}, {"tid": 1, "generated": 0, "bbox": {"xmin": 456, "ymin": 122, "ymax": 460, "xmax": 617}}], [{"tid": 0, "generated": 0, "bbox": {"xmin": 31, "ymin": 459, "ymax": 718, "xmax": 514}}, {"tid": 1, "generated": 0, "bbox": {"xmin": 463, "ymin": 120, "ymax": 458, "xmax": 614}}], [{"tid": 0, "generated": 0, "bbox": {"xmin": 50, "ymin": 453, "ymax": 718, "xmax": 525}}, {"tid": 1, "generated": 0, "bbox": {"xmin": 469, "ymin": 117, "ymax": 456, "xmax": 610}}], [{"tid": 0, "generated": 0, "bbox": {"xmin": 69, "ymin": 448, "ymax": 718, "xmax": 536}}, {"tid": 1, "generated": 0, "bbox": {"xmin": 476, "ymin": 115, "ymax": 453, "xmax": 607}}], [{"tid": 0, "generated": 0, "bbox": {"xmin": 86, "ymin": 436, "ymax": 718, "xmax": 546}}, {"tid": 1, "generated": 0, "bbox": {"xmin": 482, "ymin": 112, "ymax": 451, "xmax": 603}}], [{"tid": 0, "generated": 0, "bbox": {"xmin": 104, "ymin": 425, "ymax": 718, "xmax": 556}}, {"tid": 1, "generated": 0, "bbox": {"xmin": 489, "ymin": 110, "ymax": 449, "xmax": 600}}], [{"tid": 0, "generated": 0, "bbox": {"xmin": 122, "ymin": 414, "ymax": 718, "xmax": 567}}, {"tid": 1, "generated": 0, "bbox": {"xmin": 492, "ymin": 108, "ymax": 447, "xmax": 600}}], [{"tid": 0, "generated": 0, "bbox": {"xmin": 158, "ymin": 409, "ymax": 718, "xmax": 587}}, {"tid": 1, "generated": 0, "bbox": {"xmin": 495, "ymin": 106, "ymax": 445, "xmax": 601}}], [{"tid": 0, "generated": 0, "bbox": {"xmin": 195, "ymin": 404, "ymax": 718, "xmax": 607}}, {"tid": 1, "generated": 0, "bbox": {"xmin": 498, "ymin": 104, "ymax": 443, "xmax": 601}}], [{"tid": 0, "generated": 0, "bbox": {"xmin": 232, "ymin": 400, "ymax": 718, "xmax": 627}}, {"tid": 1, "generated": 0, "bbox": {"xmin": 501, "ymin": 102, "ymax": 441, "xmax": 602}}], [{"tid": 0, "generated": 0, "bbox": {"xmin": 257, "ymin": 397, "ymax": 715, "xmax": 646}}, {"tid": 1, "generated": 0, "bbox": {"xmin": 504, "ymin": 100, "ymax": 439, "xmax": 602}}], [{"tid": 0, "generated": 0, "bbox": {"xmin": 282, "ymin": 394, "ymax": 713, "xmax": 666}}, {"tid": 1, "generated": 0, "bbox": {"xmin": 503, "ymin": 99, "ymax": 444, "xmax": 603}}], [{"tid": 0, "generated": 0, "bbox": {"xmin": 307, "ymin": 392, "ymax": 711, "xmax": 686}}, {"tid": 1, "generated": 0, "bbox": {"xmin": 501, "ymin": 99, "ymax": 450, "xmax": 604}}], [{"tid": 0, "generated": 0, "bbox": {"xmin": 345, "ymin": 384, "ymax": 686, "xmax": 704}}, {"tid": 1, "generated": 0, "bbox": {"xmin": 500, "ymin": 98, "ymax": 455, "xmax": 605}}], [{"tid": 0, "generated": 0, "bbox": {"xmin": 383, "ymin": 376, "ymax": 661, "xmax": 722}}, {"tid": 1, "generated": 0, "bbox": {"xmin": 498, "ymin": 98, "ymax": 461, "xmax": 606}}], [{"tid": 0, "generated": 0, "bbox": {"xmin": 421, "ymin": 369, "ymax": 636, "xmax": 741}}, {"tid": 1, "generated": 0, "bbox": {"xmin": 497, "ymin": 97, "ymax": 466, "xmax": 607}}], [{"tid": 0, "generated": 0, "bbox": {"xmin": 467, "ymin": 362, "ymax": 623, "xmax": 759}}, {"tid": 1, "generated": 0, "bbox": {"xmin": 496, "ymin": 94, "ymax": 466, "xmax": 610}}], [{"tid": 0, "generated": 0, "bbox": {"xmin": 514, "ymin": 355, "ymax": 611, "xmax": 777}}, {"tid": 1, "generated": 0, "bbox": {"xmin": 495, "ymin": 91, "ymax": 466, "xmax": 613}}], [{"tid": 0, "generated": 0, "bbox": {"xmin": 561, "ymin": 348, "ymax": 599, "xmax": 796}}, {"tid": 1, "generated": 0, "bbox": {"xmin": 495, "ymin": 88, "ymax": 465, "xmax": 616}}], [{"tid": 0, "generated": 0, "bbox": {"xmin": 580, "ymin": 344, "ymax": 602, "xmax": 815}}, {"tid": 1, "generated": 0, "bbox": {"xmin": 494, "ymin": 85, "ymax": 465, "xmax": 619}}], [{"tid": 0, "generated": 0, "bbox": {"xmin": 600, "ymin": 340, "ymax": 605, "xmax": 835}}, {"tid": 1, "generated": 0, "bbox": {"xmin": 493, "ymin": 82, "ymax": 465, "xmax": 622}}], [{"tid": 0, "generated": 0, "bbox": {"xmin": 620, "ymin": 337, "ymax": 609, "xmax": 855}}, {"tid": 1, "generated": 0, "bbox": {"xmin": 496, "ymin": 78, "ymax": 461, "xmax": 622}}], [{"tid": 0, "generated": 0, "bbox": {"xmin": 632, "ymin": 340, "ymax": 590, "xmax": 870}}, {"tid": 1, "generated": 0, "bbox": {"xmin": 499, "ymin": 73, "ymax": 456, "xmax": 622}}], [{"tid": 0, "generated": 0, "bbox": {"xmin": 644, "ymin": 344, "ymax": 572, "xmax": 885}}, {"tid": 1, "generated": 0, "bbox": {"xmin": 503, "ymin": 69, "ymax": 452, "xmax": 621}}], [{"tid": 0, "generated": 0, "bbox": {"xmin": 657, "ymin": 348, "ymax": 554, "xmax": 901}}, {"tid": 1, "generated": 0, "bbox": {"xmin": 506, "ymin": 64, "ymax": 447, "xmax": 621}}], [{"tid": 0, "generated": 0, "bbox": {"xmin": 691, "ymin": 346, "ymax": 537, "xmax": 910}}, {"tid": 1, "generated": 0, "bbox": {"xmin": 509, "ymin": 60, "ymax": 443, "xmax": 621}}], [{"tid": 0, "generated": 0, "bbox": {"xmin": 725, "ymin": 345, "ymax": 520, "xmax": 919}}, {"tid": 1, "generated": 0, "bbox": {"xmin": 506, "ymin": 60, "ymax": 445, "xmax": 629}}], [{"tid": 0, "generated": 0, "bbox": {"xmin": 760, "ymin": 344, "ymax": 504, "xmax": 929}}, {"tid": 1, "generated": 0, "bbox": {"xmin": 503, "ymin": 60, "ymax": 447, "xmax": 638}}], [{"tid": 0, "generated": 0, "bbox": {"xmin": 781, "ymin": 339, "ymax": 496, "xmax": 936}}, {"tid": 1, "generated": 0, "bbox": {"xmin": 501, "ymin": 60, "ymax": 449, "xmax": 646}}], [{"tid": 0, "generated": 0, "bbox": {"xmin": 802, "ymin": 334, "ymax": 488, "xmax": 944}}, {"tid": 1, "generated": 0, "bbox": {"xmin": 498, "ymin": 60, "ymax": 451, "xmax": 655}}], [], [], [], [], [], [], [], [], [], [], [], [], [], [], [], [{"tid": 0, "generated": 0, "bbox": {"xmin": 842, "ymin": 264, "ymax": 398, "xmax": 974}}, {"tid": 1, "generated": 0, "bbox": {"xmin": 414, "ymin": 38, "ymax": 484, "xmax": 565}}], [{"tid": 0, "generated": 0, "bbox": {"xmin": 836, "ymin": 263, "ymax": 398, "xmax": 970}}, {"tid": 1, "generated": 0, "bbox": {"xmin": 409, "ymin": 40, "ymax": 489, "xmax": 562}}], [{"tid": 0, "generated": 0, "bbox": {"xmin": 830, "ymin": 262, "ymax": 398, "xmax": 966}}, {"tid": 1, "generated": 0, "bbox": {"xmin": 403, "ymin": 42, "ymax": 495, "xmax": 559}}], [{"tid": 0, "generated": 0, "bbox": {"xmin": 824, "ymin": 261, "ymax": 398, "xmax": 963}}, {"tid": 1, "generated": 0, "bbox": {"xmin": 398, "ymin": 44, "ymax": 500, "xmax": 555}}], [{"tid": 0, "generated": 0, "bbox": {"xmin": 817, "ymin": 257, "ymax": 398, "xmax": 961}}, {"tid": 1, "generated": 0, "bbox": {"xmin": 392, "ymin": 46, "ymax": 506, "xmax": 552}}], [{"tid": 0, "generated": 0, "bbox": {"xmin": 811, "ymin": 253, "ymax": 398, "xmax": 959}}, {"tid": 1, "generated": 0, "bbox": {"xmin": 387, "ymin": 48, "ymax": 511, "xmax": 549}}], [{"tid": 0, "generated": 0, "bbox": {"xmin": 805, "ymin": 250, "ymax": 398, "xmax": 958}}, {"tid": 1, "generated": 0, "bbox": {"xmin": 375, "ymin": 47, "ymax": 517, "xmax": 538}}], [{"tid": 0, "generated": 0, "bbox": {"xmin": 798, "ymin": 252, "ymax": 399, "xmax": 954}}, {"tid": 1, "generated": 0, "bbox": {"xmin": 364, "ymin": 46, "ymax": 523, "xmax": 528}}], [{"tid": 0, "generated": 0, "bbox": {"xmin": 791, "ymin": 254, "ymax": 400, "xmax": 950}}, {"tid": 1, "generated": 0, "bbox": {"xmin": 352, "ymin": 46, "ymax": 530, "xmax": 517}}], [{"tid": 0, "generated": 0, "bbox": {"xmin": 784, "ymin": 257, "ymax": 401, "xmax": 947}}, {"tid": 1, "generated": 0, "bbox": {"xmin": 341, "ymin": 45, "ymax": 536, "xmax": 507}}], [{"tid": 0, "generated": 0, "bbox": {"xmin": 781, "ymin": 255, "ymax": 403, "xmax": 941}}, {"tid": 1, "generated": 0, "bbox": {"xmin": 329, "ymin": 44, "ymax": 542, "xmax": 496}}], [{"tid": 0, "generated": 0, "bbox": {"xmin": 778, "ymin": 253, "ymax": 405, "xmax": 935}}, {"tid": 1, "generated": 0, "bbox": {"xmin": 315, "ymin": 42, "ymax": 537, "xmax": 488}}], [{"tid": 0, "generated": 0, "bbox": {"xmin": 776, "ymin": 252, "ymax": 407, "xmax": 929}}, {"tid": 1, "generated": 0, "bbox": {"xmin": 301, "ymin": 40, "ymax": 533, "xmax": 481}}], [{"tid": 0, "generated": 0, "bbox": {"xmin": 779, "ymin": 252, "ymax": 411, "xmax": 920}}, {"tid": 1, "generated": 0, "bbox": {"xmin": 286, "ymin": 39, "ymax": 528, "xmax": 473}}], [{"tid": 0, "generated": 0, "bbox": {"xmin": 782, "ymin": 252, "ymax": 416, "xmax": 911}}, {"tid": 1, "generated": 0, "bbox": {"xmin": 272, "ymin": 37, "ymax": 524, "xmax": 466}}], [{"tid": 0, "generated": 0, "bbox": {"xmin": 785, "ymin": 252, "ymax": 421, "xmax": 903}}, {"tid": 1, "generated": 0, "bbox": {"xmin": 258, "ymin": 35, "ymax": 519, "xmax": 458}}], [{"tid": 0, "generated": 0, "bbox": {"xmin": 781, "ymin": 253, "ymax": 422, "xmax": 895}}, {"tid": 1, "generated": 0, "bbox": {"xmin": 245, "ymin": 34, "ymax": 526, "xmax": 460}}], [{"tid": 0, "generated": 0, "bbox": {"xmin": 777, "ymin": 255, "ymax": 424, "xmax": 888}}, {"tid": 1, "generated": 0, "bbox": {"xmin": 231, "ymin": 33, "ymax": 534, "xmax": 461}}], [{"tid": 0, "generated": 0, "bbox": {"xmin": 773, "ymin": 257, "ymax": 426, "xmax": 881}}, {"tid": 1, "generated": 0, "bbox": {"xmin": 218, "ymin": 33, "ymax": 541, "xmax": 463}}], [{"tid": 0, "generated": 0, "bbox": {"xmin": 758, "ymin": 251, "ymax": 430, "xmax": 878}}, {"tid": 1, "generated": 0, "bbox": {"xmin": 204, "ymin": 32, "ymax": 549, "xmax": 464}}], [{"tid": 0, "generated": 0, "bbox": {"xmin": 744, "ymin": 245, "ymax": 434, "xmax": 875}}, {"tid": 1, "generated": 0, "bbox": {"xmin": 191, "ymin": 31, "ymax": 556, "xmax": 466}}], [{"tid": 0, "generated": 0, "bbox": {"xmin": 730, "ymin": 240, "ymax": 439, "xmax": 872}}, {"tid": 1, "generated": 0, "bbox": {"xmin": 176, "ymin": 32, "ymax": 572, "xmax": 458}}], [{"tid": 0, "generated": 0, "bbox": {"xmin": 724, "ymin": 240, "ymax": 444, "xmax": 868}}, {"tid": 1, "generated": 0, "bbox": {"xmin": 160, "ymin": 34, "ymax": 588, "xmax": 449}}], [{"tid": 0, "generated": 0, "bbox": {"xmin": 718, "ymin": 240, "ymax": 450, "xmax": 865}}, {"tid": 1, "generated": 0, "bbox": {"xmin": 145, "ymin": 35, "ymax": 604, "xmax": 441}}], [{"tid": 0, "generated": 0, "bbox": {"xmin": 712, "ymin": 240, "ymax": 456, "xmax": 862}}, {"tid": 1, "generated": 0, "bbox": {"xmin": 129, "ymin": 37, "ymax": 620, "xmax": 432}}], [{"tid": 0, "generated": 0, "bbox": {"xmin": 703, "ymin": 244, "ymax": 460, "xmax": 860}}, {"tid": 1, "generated": 0, "bbox": {"xmin": 114, "ymin": 38, "ymax": 636, "xmax": 424}}], [{"tid": 0, "generated": 0, "bbox": {"xmin": 694, "ymin": 248, "ymax": 464, "xmax": 859}}, {"tid": 1, "generated": 0, "bbox": {"xmin": 100, "ymin": 35, "ymax": 638, "xmax": 410}}], [{"tid": 0, "generated": 0, "bbox": {"xmin": 686, "ymin": 252, "ymax": 469, "xmax": 858}}, {"tid": 1, "generated": 0, "bbox": {"xmin": 86, "ymin": 32, "ymax": 640, "xmax": 396}}], [{"tid": 0, "generated": 0, "bbox": {"xmin": 686, "ymin": 250, "ymax": 475, "xmax": 869}}, {"tid": 1, "generated": 0, "bbox": {"xmin": 71, "ymin": 30, "ymax": 642, "xmax": 381}}], [{"tid": 0, "generated": 0, "bbox": {"xmin": 686, "ymin": 249, "ymax": 481, "xmax": 880}}, {"tid": 1, "generated": 0, "bbox": {"xmin": 57, "ymin": 27, "ymax": 644, "xmax": 367}}]], "subject/objects": [{"category": "dog", "tid": 0}, {"category": "person", "tid": 1}], "relation_instances": [{"end_fid": 30, "subject_tid": 0, "predicate": "run_right", "begin_fid": 0, "object_tid": 1}, {"end_fid": 30, "subject_tid": 0, "predicate": "run_past", "begin_fid": 0, "object_tid": 1}, {"end_fid": 30, "subject_tid": 1, "predicate": "walk_left", "begin_fid": 0, "object_tid": 0}, {"end_fid": 30, "subject_tid": 1, "predicate": "watch", "begin_fid": 0, "object_tid": 0}, {"end_fid": 75, "subject_tid": 0, "predicate": "walk_right", "begin_fid": 45, "object_tid": 1}, {"end_fid": 75, "subject_tid": 1, "predicate": "walk_left", "begin_fid": 45, "object_tid": 0}, {"end_fid": 75, "subject_tid": 1, "predicate": "watch", "begin_fid": 45, "object_tid": 0}], "height": 720}