{"width": 1280, "frame_count": 147, "video_id": "ILSVRC2015_train_00005015", "fps": 25, "trajectories": [[], [], [], [], [], [], [], [], [], [], [], [], [], [], [], [], [], [], [], [], [], [], [], [], [], [], [], [], [], [], [], [], [], [], [], [], [], [], [], [], [], [], [], [], [], [], [], [], [], [], [], [], [], [], [], [], [], [], [], [], [{"tid": 0, "generated": 0, "bbox": {"xmin": 382, "ymin": 24, "ymax": 405, "xmax": 705}}, {"tid": 1, "generated": 0, "bbox": {"xmin": 322, "ymin": 29, "ymax": 107, "xmax": 440}}], [{"tid": 0, "generated": 0, "bbox": {"xmin": 373, "ymin": 49, "ymax": 439, "xmax": 715}}, {"tid": 1, "generated": 0, "bbox": {"xmin": 325, "ymin": 61, "ymax": 141, "xmax": 434}}], [{"tid": 0, "generated": 0, "bbox": {"xmin": 364, "ymin": 74, "ymax": 473, "xmax": 726}}, {"tid": 1, "generated": 0, "bbox": {"xmin": 328, "ymin": 92, "ymax": 175, "xmax": 427}}], [{"tid": 0, "generated": 0, "bbox": {"xmin": 355, "ymin": 99, "ymax": 508, "xmax": 737}}, {"tid": 1, "generated": 0, "bbox": {"xmin": 332, "ymin": 124, "ymax": 210, "xmax": 421}}], [{"tid": 0, "generated": 0, "bbox": {"xmin": 355, "ymin": 109, "ymax": 513, "xmax": 746}}, {"tid": 1, "generated": 0, "bbox": {"xmin": 335, "ymin": 155, "ymax": 244, "xmax": 414}}], [{"tid": 0, "generated": 0, "bbox": {"xmin": 355, "ymin": 120, "ymax": 518, "xmax": 755}}, {"tid": 1, "generated": 0, "bbox": {"xmin": 338, "ymin": 187, "ymax": 278, "xmax": 408}}], [{"tid": 0, "generated": 0, "bbox": {"xmin": 355, "ymin": 131, "ymax": 524, "xmax": 764}}, {"tid": 1, "generated": 0, "bbox": {"xmin": 345, "ymin": 200, "ymax": 293, "xmax": 416}}], [{"tid": 0, "generated": 0, "bbox": {"xmin": 358, "ymin": 141, "ymax": 530, "xmax": 758}}, {"tid": 1, "generated": 0, "bbox": {"xmin": 353, "ymin": 212, "ymax": 308, "xmax": 424}}], [{"tid": 0, "generated": 0, "bbox": {"xmin": 362, "ymin": 152, "ymax": 536, "xmax": 753}}, {"tid": 1, "generated": 0, "bbox": {"xmin": 360, "ymin": 225, "ymax": 323, "xmax": 433}}], [{"tid": 0, "generated": 0, "bbox": {"xmin": 355, "ymin": 176, "ymax": 556, "xmax": 744}}, {"tid": 1, "generated": 0, "bbox": {"xmin": 368, "ymin": 237, "ymax": 338, "xmax": 441}}], [{"tid": 0, "generated": 0, "bbox": {"xmin": 352, "ymin": 206, "ymax": 558, "xmax": 734}}, {"tid": 1, "generated": 0, "bbox": {"xmin": 375, "ymin": 250, "ymax": 353, "xmax": 449}}], [{"tid": 0, "generated": 0, "bbox": {"xmin": 345, "ymin": 215, "ymax": 553, "xmax": 732}}, {"tid": 1, "generated": 0, "bbox": {"xmin": 369, "ymin": 266, "ymax": 369, "xmax": 440}}], [{"tid": 0, "generated": 0, "bbox": {"xmin": 339, "ymin": 224, "ymax": 549, "xmax": 730}}, {"tid": 1, "generated": 0, "bbox": {"xmin": 363, "ymin": 282, "ymax": 385, "xmax": 431}}], [{"tid": 0, "generated": 0, "bbox": {"xmin": 339, "ymin": 232, "ymax": 538, "xmax": 707}}, {"tid": 1, "generated": 0, "bbox": {"xmin": 357, "ymin": 297, "ymax": 401, "xmax": 423}}], [{"tid": 0, "generated": 0, "bbox": {"xmin": 330, "ymin": 254, "ymax": 549, "xmax": 706}}, {"tid": 1, "generated": 0, "bbox": {"xmin": 351, "ymin": 313, "ymax": 417, "xmax": 414}}], [{"tid": 0, "generated": 0, "bbox": {"xmin": 321, "ymin": 277, "ymax": 561, "xmax": 705}}, {"tid": 1, "generated": 0, "bbox": {"xmin": 345, "ymin": 329, "ymax": 433, "xmax": 405}}], [{"tid": 0, "generated": 0, "bbox": {"xmin": 330, "ymin": 288, "ymax": 554, "xmax": 701}}, {"tid": 1, "generated": 0, "bbox": {"xmin": 349, "ymin": 334, "ymax": 438, "xmax": 407}}], [{"tid": 0, "generated": 0, "bbox": {"xmin": 339, "ymin": 300, "ymax": 547, "xmax": 697}}, {"tid": 1, "generated": 0, "bbox": {"xmin": 352, "ymin": 339, "ymax": 443, "xmax": 409}}], [{"tid": 0, "generated": 0, "bbox": {"xmin": 348, "ymin": 312, "ymax": 540, "xmax": 693}}, {"tid": 1, "generated": 0, "bbox": {"xmin": 356, "ymin": 345, "ymax": 447, "xmax": 410}}], [{"tid": 0, "generated": 0, "bbox": {"xmin": 359, "ymin": 310, "ymax": 527, "xmax": 705}}, {"tid": 1, "generated": 0, "bbox": {"xmin": 359, "ymin": 350, "ymax": 452, "xmax": 412}}], [{"tid": 0, "generated": 0, "bbox": {"xmin": 371, "ymin": 309, "ymax": 515, "xmax": 718}}, {"tid": 1, "generated": 0, "bbox": {"xmin": 363, "ymin": 355, "ymax": 457, "xmax": 414}}], [{"tid": 0, "generated": 0, "bbox": {"xmin": 368, "ymin": 302, "ymax": 515, "xmax": 727}}, {"tid": 1, "generated": 0, "bbox": {"xmin": 359, "ymin": 349, "ymax": 450, "xmax": 410}}], [{"tid": 0, "generated": 0, "bbox": {"xmin": 364, "ymin": 298, "ymax": 508, "xmax": 723}}, {"tid": 1, "generated": 0, "bbox": {"xmin": 356, "ymin": 342, "ymax": 444, "xmax": 407}}], [{"tid": 0, "generated": 0, "bbox": {"xmin": 360, "ymin": 294, "ymax": 501, "xmax": 719}}, {"tid": 1, "generated": 0, "bbox": {"xmin": 352, "ymin": 336, "ymax": 437, "xmax": 403}}], [{"tid": 0, "generated": 0, "bbox": {"xmin": 357, "ymin": 291, "ymax": 494, "xmax": 716}}, {"tid": 1, "generated": 0, "bbox": {"xmin": 349, "ymin": 329, "ymax": 431, "xmax": 400}}], [{"tid": 0, "generated": 0, "bbox": {"xmin": 358, "ymin": 281, "ymax": 495, "xmax": 717}}, {"tid": 1, "generated": 0, "bbox": {"xmin": 345, "ymin": 323, "ymax": 424, "xmax": 396}}], [{"tid": 0, "generated": 0, "bbox": {"xmin": 359, "ymin": 272, "ymax": 496, "xmax": 718}}, {"tid": 1, "generated": 0, "bbox": {"xmin": 352, "ymin": 317, "ymax": 417, "xmax": 401}}], [{"tid": 0, "generated": 0, "bbox": {"xmin": 360, "ymin": 263, "ymax": 497, "xmax": 720}}, {"tid": 1, "generated": 0, "bbox": {"xmin": 359, "ymin": 311, "ymax": 410, "xmax": 406}}], [{"tid": 0, "generated": 0, "bbox": {"xmin": 371, "ymin": 261, "ymax": 488, "xmax": 732}}, {"tid": 1, "generated": 0, "bbox": {"xmin": 366, "ymin": 304, "ymax": 403, "xmax": 412}}], [{"tid": 0, "generated": 0, "bbox": {"xmin": 374, "ymin": 254, "ymax": 476, "xmax": 729}}, {"tid": 1, "generated": 0, "bbox": {"xmin": 373, "ymin": 298, "ymax": 396, "xmax": 417}}], [], [], [], [], [], [], [], [], [], [], [], [], [], [], [], [{"tid": 0, "generated": 0, "bbox": {"xmin": 394, "ymin": 227, "ymax": 401, "xmax": 609}}, {"tid": 1, "generated": 0, "bbox": {"xmin": 366, "ymin": 248, "ymax": 332, "xmax": 417}}], [{"tid": 0, "generated": 0, "bbox": {"xmin": 388, "ymin": 215, "ymax": 397, "xmax": 601}}, {"tid": 1, "generated": 0, "bbox": {"xmin": 364, "ymin": 234, "ymax": 315, "xmax": 415}}], [{"tid": 0, "generated": 0, "bbox": {"xmin": 383, "ymin": 203, "ymax": 394, "xmax": 593}}, {"tid": 1, "generated": 0, "bbox": {"xmin": 362, "ymin": 220, "ymax": 298, "xmax": 413}}], [{"tid": 0, "generated": 0, "bbox": {"xmin": 378, "ymin": 192, "ymax": 391, "xmax": 586}}, {"tid": 1, "generated": 0, "bbox": {"xmin": 361, "ymin": 206, "ymax": 282, "xmax": 412}}], [{"tid": 0, "generated": 0, "bbox": {"xmin": 376, "ymin": 171, "ymax": 358, "xmax": 587}}, {"tid": 1, "generated": 0, "bbox": {"xmin": 359, "ymin": 192, "ymax": 265, "xmax": 410}}], [{"tid": 0, "generated": 0, "bbox": {"xmin": 375, "ymin": 151, "ymax": 325, "xmax": 588}}, {"tid": 1, "generated": 0, "bbox": {"xmin": 357, "ymin": 178, "ymax": 248, "xmax": 408}}], [{"tid": 0, "generated": 0, "bbox": {"xmin": 373, "ymin": 126, "ymax": 334, "xmax": 579}}, {"tid": 1, "generated": 0, "bbox": {"xmin": 357, "ymin": 153, "ymax": 223, "xmax": 410}}], [{"tid": 0, "generated": 0, "bbox": {"xmin": 373, "ymin": 101, "ymax": 303, "xmax": 577}}, {"tid": 1, "generated": 0, "bbox": {"xmin": 356, "ymin": 128, "ymax": 198, "xmax": 412}}], [{"tid": 0, "generated": 0, "bbox": {"xmin": 374, "ymin": 76, "ymax": 273, "xmax": 575}}, {"tid": 1, "generated": 0, "bbox": {"xmin": 356, "ymin": 102, "ymax": 174, "xmax": 413}}], [{"tid": 0, "generated": 0, "bbox": {"xmin": 375, "ymin": 51, "ymax": 243, "xmax": 574}}, {"tid": 1, "generated": 0, "bbox": {"xmin": 355, "ymin": 77, "ymax": 149, "xmax": 415}}], [{"tid": 0, "generated": 0, "bbox": {"xmin": 360, "ymin": 33, "ymax": 208, "xmax": 574}}, {"tid": 1, "generated": 0, "bbox": {"xmin": 355, "ymin": 52, "ymax": 124, "xmax": 417}}], [{"tid": 0, "generated": 0, "bbox": {"xmin": 377, "ymin": 18, "ymax": 190, "xmax": 583}}, {"tid": 1, "generated": 0, "bbox": {"xmin": 360, "ymin": 47, "ymax": 119, "xmax": 422}}], [{"tid": 0, "generated": 0, "bbox": {"xmin": 394, "ymin": 3, "ymax": 172, "xmax": 593}}, {"tid": 1, "generated": 0, "bbox": {"xmin": 365, "ymin": 43, "ymax": 115, "xmax": 427}}], [{"tid": 0, "generated": 0, "bbox": {"xmin": 398, "ymin": 3, "ymax": 170, "xmax": 588}}, {"tid": 1, "generated": 0, "bbox": {"xmin": 369, "ymin": 38, "ymax": 110, "xmax": 433}}], [{"tid": 0, "generated": 0, "bbox": {"xmin": 400, "ymin": 3, "ymax": 167, "xmax": 584}}, {"tid": 1, "generated": 0, "bbox": {"xmin": 374, "ymin": 34, "ymax": 106, "xmax": 438}}], [{"tid": 0, "generated": 0, "bbox": {"xmin": 403, "ymin": 3, "ymax": 165, "xmax": 581}}, {"tid": 1, "generated": 0, "bbox": {"xmin": 379, "ymin": 29, "ymax": 101, "xmax": 443}}], [{"tid": 0, "generated": 0, "bbox": {"xmin": 393, "ymin": 6, "ymax": 162, "xmax": 563}}, {"tid": 1, "generated": 0, "bbox": {"xmin": 374, "ymin": 33, "ymax": 104, "xmax": 436}}], [{"tid": 0, "generated": 0, "bbox": {"xmin": 384, "ymin": 10, "ymax": 160, "xmax": 546}}, {"tid": 1, "generated": 0, "bbox": {"xmin": 369, "ymin": 36, "ymax": 107, "xmax": 430}}], [{"tid": 0, "generated": 0, "bbox": {"xmin": 375, "ymin": 14, "ymax": 158, "xmax": 529}}, {"tid": 1, "generated": 0, "bbox": {"xmin": 363, "ymin": 40, "ymax": 110, "xmax": 423}}], [{"tid": 0, "generated": 0, "bbox": {"xmin": 363, "ymin": 18, "ymax": 165, "xmax": 511}}, {"tid": 1, "generated": 0, "bbox": {"xmin": 358, "ymin": 43, "ymax": 113, "xmax": 417}}], [{"tid": 0, "generated": 0, "bbox": {"xmin": 352, "ymin": 23, "ymax": 172, "xmax": 494}}, {"tid": 1, "generated": 0, "bbox": {"xmin": 353, "ymin": 47, "ymax": 116, "xmax": 410}}], [{"tid": 0, "generated": 0, "bbox": {"xmin": 339, "ymin": 30, "ymax": 184, "xmax": 492}}, {"tid": 1, "generated": 0, "bbox": {"xmin": 342, "ymin": 51, "ymax": 119, "xmax": 396}}], [{"tid": 0, "generated": 0, "bbox": {"xmin": 326, "ymin": 37, "ymax": 192, "xmax": 475}}, {"tid": 1, "generated": 0, "bbox": {"xmin": 331, "ymin": 56, "ymax": 122, "xmax": 381}}], [{"tid": 0, "generated": 0, "bbox": {"xmin": 314, "ymin": 45, "ymax": 200, "xmax": 458}}, {"tid": 1, "generated": 0, "bbox": {"xmin": 319, "ymin": 60, "ymax": 124, "xmax": 367}}], [{"tid": 0, "generated": 0, "bbox": {"xmin": 302, "ymin": 53, "ymax": 209, "xmax": 442}}, {"tid": 1, "generated": 0, "bbox": {"xmin": 308, "ymin": 65, "ymax": 127, "xmax": 352}}], [{"tid": 0, "generated": 0, "bbox": {"xmin": 289, "ymin": 53, "ymax": 202, "xmax": 432}}, {"tid": 1, "generated": 0, "bbox": {"xmin": 297, "ymin": 69, "ymax": 130, "xmax": 338}}], [{"tid": 0, "generated": 0, "bbox": {"xmin": 276, "ymin": 58, "ymax": 214, "xmax": 418}}, {"tid": 1, "generated": 0, "bbox": {"xmin": 284, "ymin": 76, "ymax": 134, "xmax": 322}}], [{"tid": 0, "generated": 0, "bbox": {"xmin": 264, "ymin": 64, "ymax": 227, "xmax": 405}}, {"tid": 1, "generated": 0, "bbox": {"xmin": 271, "ymin": 84, "ymax": 138, "xmax": 306}}], [{"tid": 0, "generated": 0, "bbox": {"xmin": 247, "ymin": 68, "ymax": 226, "xmax": 388}}, {"tid": 1, "generated": 0, "bbox": {"xmin": 257, "ymin": 91, "ymax": 142, "xmax": 289}}], [{"tid": 0, "generated": 0, "bbox": {"xmin": 230, "ymin": 72, "ymax": 225, "xmax": 371}}, {"tid": 1, "generated": 0, "bbox": {"xmin": 244, "ymin": 99, "ymax": 146, "xmax": 273}}]], "subject/objects": [{"category": "dog", "tid": 0}, {"category": "frisbee", "tid": 1}], "relation_instances": [{"end_fid": 90, "subject_tid": 0, "predicate": "bite", "begin_fid": 60, "object_tid": 1}, {"end_fid": 135, "subject_tid": 0, "predicate": "bite", "begin_fid": 105, "object_tid": 1}], "height": 576}