{"width": 1280, "frame_count": 186, "video_id": "ILSVRC2015_train_00673002", "fps": 25, "trajectories": [[{"tid": 0, "generated": 0, "bbox": {"xmin": 389, "ymin": 135, "ymax": 716, "xmax": 704}}, {"tid": 1, "generated": 0, "bbox": {"xmin": 785, "ymin": 118, "ymax": 718, "xmax": 1137}}], [{"tid": 0, "generated": 0, "bbox": {"xmin": 391, "ymin": 133, "ymax": 714, "xmax": 702}}, {"tid": 1, "generated": 0, "bbox": {"xmin": 804, "ymin": 117, "ymax": 719, "xmax": 1134}}], [{"tid": 0, "generated": 0, "bbox": {"xmin": 389, "ymin": 136, "ymax": 716, "xmax": 698}}, {"tid": 1, "generated": 0, "bbox": {"xmin": 822, "ymin": 115, "ymax": 719, "xmax": 1130}}], [{"tid": 0, "generated": 0, "bbox": {"xmin": 386, "ymin": 128, "ymax": 715, "xmax": 695}}, {"tid": 1, "generated": 0, "bbox": {"xmin": 822, "ymin": 115, "ymax": 715, "xmax": 1128}}], [{"tid": 0, "generated": 0, "bbox": {"xmin": 384, "ymin": 120, "ymax": 714, "xmax": 692}}, {"tid": 1, "generated": 0, "bbox": {"xmin": 822, "ymin": 115, "ymax": 711, "xmax": 1126}}], [{"tid": 0, "generated": 0, "bbox": {"xmin": 382, "ymin": 112, "ymax": 714, "xmax": 689}}, {"tid": 1, "generated": 0, "bbox": {"xmin": 822, "ymin": 115, "ymax": 706, "xmax": 1123}}], [{"tid": 0, "generated": 0, "bbox": {"xmin": 378, "ymin": 103, "ymax": 716, "xmax": 686}}, {"tid": 1, "generated": 0, "bbox": {"xmin": 822, "ymin": 115, "ymax": 702, "xmax": 1121}}], [{"tid": 0, "generated": 0, "bbox": {"xmin": 378, "ymin": 83, "ymax": 716, "xmax": 684}}, {"tid": 1, "generated": 0, "bbox": {"xmin": 822, "ymin": 115, "ymax": 698, "xmax": 1119}}], [{"tid": 0, "generated": 0, "bbox": {"xmin": 382, "ymin": 74, "ymax": 714, "xmax": 689}}, {"tid": 1, "generated": 0, "bbox": {"xmin": 806, "ymin": 110, "ymax": 702, "xmax": 1121}}], [{"tid": 0, "generated": 0, "bbox": {"xmin": 383, "ymin": 74, "ymax": 715, "xmax": 690}}, {"tid": 1, "generated": 0, "bbox": {"xmin": 790, "ymin": 105, "ymax": 706, "xmax": 1124}}], [{"tid": 0, "generated": 0, "bbox": {"xmin": 384, "ymin": 74, "ymax": 716, "xmax": 691}}, {"tid": 1, "generated": 0, "bbox": {"xmin": 774, "ymin": 99, "ymax": 710, "xmax": 1126}}], [{"tid": 0, "generated": 0, "bbox": {"xmin": 385, "ymin": 81, "ymax": 716, "xmax": 691}}, {"tid": 1, "generated": 0, "bbox": {"xmin": 758, "ymin": 94, "ymax": 714, "xmax": 1129}}], [{"tid": 0, "generated": 0, "bbox": {"xmin": 389, "ymin": 94, "ymax": 716, "xmax": 691}}, {"tid": 1, "generated": 0, "bbox": {"xmin": 742, "ymin": 89, "ymax": 718, "xmax": 1131}}], [{"tid": 0, "generated": 0, "bbox": {"xmin": 392, "ymin": 104, "ymax": 716, "xmax": 693}}, {"tid": 1, "generated": 0, "bbox": {"xmin": 742, "ymin": 89, "ymax": 718, "xmax": 1131}}], [{"tid": 0, "generated": 0, "bbox": {"xmin": 396, "ymin": 113, "ymax": 711, "xmax": 698}}, {"tid": 1, "generated": 0, "bbox": {"xmin": 742, "ymin": 89, "ymax": 718, "xmax": 1131}}], [{"tid": 0, "generated": 0, "bbox": {"xmin": 396, "ymin": 115, "ymax": 714, "xmax": 698}}, {"tid": 1, "generated": 0, "bbox": {"xmin": 742, "ymin": 89, "ymax": 718, "xmax": 1131}}], [{"tid": 0, "generated": 0, "bbox": {"xmin": 401, "ymin": 113, "ymax": 716, "xmax": 704}}, {"tid": 1, "generated": 0, "bbox": {"xmin": 742, "ymin": 89, "ymax": 718, "xmax": 1131}}], [{"tid": 0, "generated": 0, "bbox": {"xmin": 403, "ymin": 119, "ymax": 716, "xmax": 705}}, {"tid": 1, "generated": 0, "bbox": {"xmin": 742, "ymin": 89, "ymax": 718, "xmax": 1131}}], [{"tid": 0, "generated": 0, "bbox": {"xmin": 408, "ymin": 104, "ymax": 716, "xmax": 709}}, {"tid": 1, "generated": 0, "bbox": {"xmin": 742, "ymin": 89, "ymax": 718, "xmax": 1131}}], [{"tid": 0, "generated": 0, "bbox": {"xmin": 409, "ymin": 90, "ymax": 716, "xmax": 712}}, {"tid": 1, "generated": 0, "bbox": {"xmin": 742, "ymin": 89, "ymax": 718, "xmax": 1131}}], [{"tid": 0, "generated": 0, "bbox": {"xmin": 410, "ymin": 76, "ymax": 716, "xmax": 716}}, {"tid": 1, "generated": 0, "bbox": {"xmin": 742, "ymin": 89, "ymax": 718, "xmax": 1131}}], [{"tid": 0, "generated": 0, "bbox": {"xmin": 407, "ymin": 65, "ymax": 716, "xmax": 711}}, {"tid": 1, "generated": 0, "bbox": {"xmin": 742, "ymin": 89, "ymax": 718, "xmax": 1131}}], [{"tid": 0, "generated": 0, "bbox": {"xmin": 403, "ymin": 64, "ymax": 716, "xmax": 711}}, {"tid": 1, "generated": 0, "bbox": {"xmin": 742, "ymin": 89, "ymax": 718, "xmax": 1131}}], [{"tid": 0, "generated": 0, "bbox": {"xmin": 400, "ymin": 64, "ymax": 714, "xmax": 712}}, {"tid": 1, "generated": 0, "bbox": {"xmin": 742, "ymin": 86, "ymax": 718, "xmax": 1131}}], [{"tid": 0, "generated": 0, "bbox": {"xmin": 398, "ymin": 72, "ymax": 714, "xmax": 709}}, {"tid": 1, "generated": 0, "bbox": {"xmin": 742, "ymin": 83, "ymax": 718, "xmax": 1131}}], [{"tid": 0, "generated": 0, "bbox": {"xmin": 397, "ymin": 80, "ymax": 715, "xmax": 706}}, {"tid": 1, "generated": 0, "bbox": {"xmin": 742, "ymin": 80, "ymax": 718, "xmax": 1131}}], [{"tid": 0, "generated": 0, "bbox": {"xmin": 396, "ymin": 88, "ymax": 716, "xmax": 704}}, {"tid": 1, "generated": 0, "bbox": {"xmin": 742, "ymin": 77, "ymax": 718, "xmax": 1131}}], [{"tid": 0, "generated": 0, "bbox": {"xmin": 392, "ymin": 104, "ymax": 716, "xmax": 700}}, {"tid": 1, "generated": 0, "bbox": {"xmin": 742, "ymin": 74, "ymax": 718, "xmax": 1131}}], [{"tid": 0, "generated": 0, "bbox": {"xmin": 391, "ymin": 106, "ymax": 716, "xmax": 696}}, {"tid": 1, "generated": 0, "bbox": {"xmin": 737, "ymin": 70, "ymax": 718, "xmax": 1121}}], [{"tid": 0, "generated": 0, "bbox": {"xmin": 388, "ymin": 101, "ymax": 716, "xmax": 690}}, {"tid": 1, "generated": 0, "bbox": {"xmin": 733, "ymin": 66, "ymax": 719, "xmax": 1111}}], [], [], [], [], [], [], [], [], [], [], [], [], [], [], [], [], [], [], [], [], [], [], [], [], [], [], [], [], [], [], [], [], [], [], [], [], [], [], [], [], [], [], [], [], [], [{"tid": 0, "generated": 0, "bbox": {"xmin": 407, "ymin": 33, "ymax": 716, "xmax": 677}}, {"tid": 1, "generated": 0, "bbox": {"xmin": 718, "ymin": 26, "ymax": 719, "xmax": 1045}}], [{"tid": 0, "generated": 0, "bbox": {"xmin": 405, "ymin": 30, "ymax": 714, "xmax": 673}}, {"tid": 1, "generated": 0, "bbox": {"xmin": 717, "ymin": 28, "ymax": 719, "xmax": 1044}}], [{"tid": 0, "generated": 0, "bbox": {"xmin": 405, "ymin": 30, "ymax": 713, "xmax": 676}}, {"tid": 1, "generated": 0, "bbox": {"xmin": 717, "ymin": 30, "ymax": 719, "xmax": 1044}}], [{"tid": 0, "generated": 0, "bbox": {"xmin": 405, "ymin": 30, "ymax": 712, "xmax": 679}}, {"tid": 1, "generated": 0, "bbox": {"xmin": 717, "ymin": 28, "ymax": 719, "xmax": 1044}}], [{"tid": 0, "generated": 0, "bbox": {"xmin": 405, "ymin": 33, "ymax": 711, "xmax": 679}}, {"tid": 1, "generated": 0, "bbox": {"xmin": 717, "ymin": 26, "ymax": 719, "xmax": 1044}}], [{"tid": 0, "generated": 0, "bbox": {"xmin": 405, "ymin": 44, "ymax": 714, "xmax": 677}}, {"tid": 1, "generated": 0, "bbox": {"xmin": 717, "ymin": 23, "ymax": 719, "xmax": 1044}}], [{"tid": 0, "generated": 0, "bbox": {"xmin": 408, "ymin": 55, "ymax": 716, "xmax": 675}}, {"tid": 1, "generated": 0, "bbox": {"xmin": 717, "ymin": 21, "ymax": 719, "xmax": 1044}}], [{"tid": 0, "generated": 0, "bbox": {"xmin": 401, "ymin": 56, "ymax": 716, "xmax": 677}}, {"tid": 1, "generated": 0, "bbox": {"xmin": 717, "ymin": 19, "ymax": 719, "xmax": 1044}}], [{"tid": 0, "generated": 0, "bbox": {"xmin": 403, "ymin": 56, "ymax": 714, "xmax": 670}}, {"tid": 1, "generated": 0, "bbox": {"xmin": 717, "ymin": 23, "ymax": 719, "xmax": 1044}}], [{"tid": 0, "generated": 0, "bbox": {"xmin": 401, "ymin": 58, "ymax": 714, "xmax": 664}}, {"tid": 1, "generated": 0, "bbox": {"xmin": 717, "ymin": 26, "ymax": 719, "xmax": 1044}}], [{"tid": 0, "generated": 0, "bbox": {"xmin": 398, "ymin": 58, "ymax": 714, "xmax": 661}}, {"tid": 1, "generated": 0, "bbox": {"xmin": 717, "ymin": 30, "ymax": 719, "xmax": 1044}}], [{"tid": 0, "generated": 0, "bbox": {"xmin": 392, "ymin": 51, "ymax": 714, "xmax": 656}}, {"tid": 1, "generated": 0, "bbox": {"xmin": 717, "ymin": 33, "ymax": 719, "xmax": 1044}}], [{"tid": 0, "generated": 0, "bbox": {"xmin": 390, "ymin": 41, "ymax": 715, "xmax": 652}}, {"tid": 1, "generated": 0, "bbox": {"xmin": 717, "ymin": 37, "ymax": 719, "xmax": 1044}}], [{"tid": 0, "generated": 0, "bbox": {"xmin": 389, "ymin": 32, "ymax": 716, "xmax": 648}}, {"tid": 1, "generated": 0, "bbox": {"xmin": 717, "ymin": 37, "ymax": 719, "xmax": 1036}}], [{"tid": 0, "generated": 0, "bbox": {"xmin": 390, "ymin": 26, "ymax": 715, "xmax": 651}}, {"tid": 1, "generated": 0, "bbox": {"xmin": 717, "ymin": 37, "ymax": 719, "xmax": 1028}}], [{"tid": 0, "generated": 0, "bbox": {"xmin": 391, "ymin": 21, "ymax": 714, "xmax": 654}}, {"tid": 1, "generated": 0, "bbox": {"xmin": 717, "ymin": 37, "ymax": 719, "xmax": 1020}}], [{"tid": 0, "generated": 0, "bbox": {"xmin": 388, "ymin": 24, "ymax": 712, "xmax": 654}}, {"tid": 1, "generated": 0, "bbox": {"xmin": 717, "ymin": 37, "ymax": 719, "xmax": 1012}}], [{"tid": 0, "generated": 0, "bbox": {"xmin": 386, "ymin": 28, "ymax": 710, "xmax": 654}}, {"tid": 1, "generated": 0, "bbox": {"xmin": 717, "ymin": 37, "ymax": 719, "xmax": 1004}}], [{"tid": 0, "generated": 0, "bbox": {"xmin": 384, "ymin": 32, "ymax": 709, "xmax": 654}}, {"tid": 1, "generated": 0, "bbox": {"xmin": 715, "ymin": 35, "ymax": 719, "xmax": 1002}}], [{"tid": 0, "generated": 0, "bbox": {"xmin": 384, "ymin": 49, "ymax": 716, "xmax": 650}}, {"tid": 1, "generated": 0, "bbox": {"xmin": 713, "ymin": 34, "ymax": 719, "xmax": 1000}}], [{"tid": 0, "generated": 0, "bbox": {"xmin": 385, "ymin": 62, "ymax": 716, "xmax": 652}}, {"tid": 1, "generated": 0, "bbox": {"xmin": 712, "ymin": 32, "ymax": 717, "xmax": 999}}], [{"tid": 0, "generated": 0, "bbox": {"xmin": 385, "ymin": 58, "ymax": 716, "xmax": 650}}, {"tid": 1, "generated": 0, "bbox": {"xmin": 710, "ymin": 31, "ymax": 716, "xmax": 997}}], [{"tid": 0, "generated": 0, "bbox": {"xmin": 389, "ymin": 64, "ymax": 714, "xmax": 648}}, {"tid": 1, "generated": 0, "bbox": {"xmin": 708, "ymin": 29, "ymax": 714, "xmax": 995}}], [{"tid": 0, "generated": 0, "bbox": {"xmin": 392, "ymin": 74, "ymax": 716, "xmax": 648}}, {"tid": 1, "generated": 0, "bbox": {"xmin": 705, "ymin": 29, "ymax": 714, "xmax": 992}}], [{"tid": 0, "generated": 0, "bbox": {"xmin": 392, "ymin": 72, "ymax": 716, "xmax": 648}}, {"tid": 1, "generated": 0, "bbox": {"xmin": 702, "ymin": 29, "ymax": 714, "xmax": 989}}], [{"tid": 0, "generated": 0, "bbox": {"xmin": 400, "ymin": 69, "ymax": 716, "xmax": 654}}, {"tid": 1, "generated": 0, "bbox": {"xmin": 698, "ymin": 29, "ymax": 714, "xmax": 985}}], [{"tid": 0, "generated": 0, "bbox": {"xmin": 398, "ymin": 55, "ymax": 716, "xmax": 656}}, {"tid": 1, "generated": 0, "bbox": {"xmin": 695, "ymin": 29, "ymax": 714, "xmax": 982}}], [{"tid": 0, "generated": 0, "bbox": {"xmin": 400, "ymin": 40, "ymax": 716, "xmax": 656}}, {"tid": 1, "generated": 0, "bbox": {"xmin": 692, "ymin": 29, "ymax": 714, "xmax": 979}}], [{"tid": 0, "generated": 0, "bbox": {"xmin": 400, "ymin": 32, "ymax": 714, "xmax": 656}}, {"tid": 1, "generated": 0, "bbox": {"xmin": 691, "ymin": 29, "ymax": 714, "xmax": 978}}], [{"tid": 0, "generated": 0, "bbox": {"xmin": 398, "ymin": 34, "ymax": 713, "xmax": 656}}, {"tid": 1, "generated": 0, "bbox": {"xmin": 691, "ymin": 29, "ymax": 714, "xmax": 978}}], [], [], [], [], [], [], [], [], [], [], [], [], [], [], [], [], [], [], [], [], [], [], [], [], [], [], [], [], [], [], [], [], [], [], [], [], [], [], [], [], [], [], [], [], [], [{"tid": 0, "generated": 0, "bbox": {"xmin": 380, "ymin": 65, "ymax": 588, "xmax": 615}}, {"tid": 1, "generated": 0, "bbox": {"xmin": 670, "ymin": 21, "ymax": 706, "xmax": 957}}], [{"tid": 0, "generated": 0, "bbox": {"xmin": 382, "ymin": 71, "ymax": 590, "xmax": 616}}, {"tid": 1, "generated": 0, "bbox": {"xmin": 670, "ymin": 21, "ymax": 706, "xmax": 957}}], [{"tid": 0, "generated": 0, "bbox": {"xmin": 385, "ymin": 67, "ymax": 590, "xmax": 618}}, {"tid": 1, "generated": 0, "bbox": {"xmin": 670, "ymin": 21, "ymax": 706, "xmax": 957}}], [{"tid": 0, "generated": 0, "bbox": {"xmin": 385, "ymin": 65, "ymax": 588, "xmax": 622}}, {"tid": 1, "generated": 0, "bbox": {"xmin": 670, "ymin": 21, "ymax": 706, "xmax": 957}}], [{"tid": 0, "generated": 0, "bbox": {"xmin": 389, "ymin": 62, "ymax": 583, "xmax": 625}}, {"tid": 1, "generated": 0, "bbox": {"xmin": 670, "ymin": 21, "ymax": 706, "xmax": 957}}], [{"tid": 0, "generated": 0, "bbox": {"xmin": 391, "ymin": 55, "ymax": 588, "xmax": 629}}, {"tid": 1, "generated": 0, "bbox": {"xmin": 670, "ymin": 21, "ymax": 706, "xmax": 957}}], [{"tid": 0, "generated": 0, "bbox": {"xmin": 392, "ymin": 42, "ymax": 586, "xmax": 631}}, {"tid": 1, "generated": 0, "bbox": {"xmin": 670, "ymin": 21, "ymax": 706, "xmax": 957}}], [{"tid": 0, "generated": 0, "bbox": {"xmin": 391, "ymin": 35, "ymax": 586, "xmax": 629}}, {"tid": 1, "generated": 0, "bbox": {"xmin": 670, "ymin": 21, "ymax": 706, "xmax": 957}}], [{"tid": 0, "generated": 0, "bbox": {"xmin": 389, "ymin": 37, "ymax": 588, "xmax": 631}}, {"tid": 1, "generated": 0, "bbox": {"xmin": 670, "ymin": 21, "ymax": 706, "xmax": 957}}], [{"tid": 0, "generated": 0, "bbox": {"xmin": 389, "ymin": 42, "ymax": 586, "xmax": 638}}, {"tid": 1, "generated": 0, "bbox": {"xmin": 670, "ymin": 21, "ymax": 706, "xmax": 957}}], [{"tid": 0, "generated": 0, "bbox": {"xmin": 389, "ymin": 48, "ymax": 588, "xmax": 634}}, {"tid": 1, "generated": 0, "bbox": {"xmin": 670, "ymin": 21, "ymax": 706, "xmax": 957}}], [{"tid": 0, "generated": 0, "bbox": {"xmin": 389, "ymin": 58, "ymax": 584, "xmax": 634}}, {"tid": 1, "generated": 0, "bbox": {"xmin": 670, "ymin": 21, "ymax": 706, "xmax": 957}}], [{"tid": 0, "generated": 0, "bbox": {"xmin": 391, "ymin": 64, "ymax": 586, "xmax": 632}}, {"tid": 1, "generated": 0, "bbox": {"xmin": 670, "ymin": 21, "ymax": 706, "xmax": 957}}], [{"tid": 0, "generated": 0, "bbox": {"xmin": 392, "ymin": 83, "ymax": 590, "xmax": 632}}, {"tid": 1, "generated": 0, "bbox": {"xmin": 670, "ymin": 21, "ymax": 706, "xmax": 957}}], [{"tid": 0, "generated": 0, "bbox": {"xmin": 385, "ymin": 90, "ymax": 584, "xmax": 629}}, {"tid": 1, "generated": 0, "bbox": {"xmin": 670, "ymin": 21, "ymax": 706, "xmax": 957}}], [{"tid": 0, "generated": 0, "bbox": {"xmin": 385, "ymin": 90, "ymax": 584, "xmax": 628}}, {"tid": 1, "generated": 0, "bbox": {"xmin": 670, "ymin": 21, "ymax": 706, "xmax": 957}}], [{"tid": 0, "generated": 0, "bbox": {"xmin": 386, "ymin": 90, "ymax": 584, "xmax": 627}}, {"tid": 1, "generated": 0, "bbox": {"xmin": 670, "ymin": 21, "ymax": 706, "xmax": 957}}], [{"tid": 0, "generated": 0, "bbox": {"xmin": 387, "ymin": 90, "ymax": 584, "xmax": 627}}, {"tid": 1, "generated": 0, "bbox": {"xmin": 670, "ymin": 21, "ymax": 706, "xmax": 957}}], [{"tid": 0, "generated": 0, "bbox": {"xmin": 386, "ymin": 83, "ymax": 585, "xmax": 626}}, {"tid": 1, "generated": 0, "bbox": {"xmin": 670, "ymin": 33, "ymax": 706, "xmax": 957}}], [{"tid": 0, "generated": 0, "bbox": {"xmin": 385, "ymin": 77, "ymax": 586, "xmax": 625}}, {"tid": 1, "generated": 0, "bbox": {"xmin": 670, "ymin": 45, "ymax": 706, "xmax": 957}}], [{"tid": 0, "generated": 0, "bbox": {"xmin": 385, "ymin": 71, "ymax": 588, "xmax": 625}}, {"tid": 1, "generated": 0, "bbox": {"xmin": 670, "ymin": 56, "ymax": 706, "xmax": 957}}], [{"tid": 0, "generated": 0, "bbox": {"xmin": 387, "ymin": 67, "ymax": 583, "xmax": 629}}, {"tid": 1, "generated": 0, "bbox": {"xmin": 670, "ymin": 68, "ymax": 706, "xmax": 957}}], [{"tid": 0, "generated": 0, "bbox": {"xmin": 389, "ymin": 65, "ymax": 586, "xmax": 624}}, {"tid": 1, "generated": 0, "bbox": {"xmin": 670, "ymin": 80, "ymax": 706, "xmax": 957}}], [{"tid": 0, "generated": 0, "bbox": {"xmin": 391, "ymin": 62, "ymax": 587, "xmax": 624}}, {"tid": 1, "generated": 0, "bbox": {"xmin": 670, "ymin": 80, "ymax": 698, "xmax": 953}}], [{"tid": 0, "generated": 0, "bbox": {"xmin": 394, "ymin": 60, "ymax": 588, "xmax": 625}}, {"tid": 1, "generated": 0, "bbox": {"xmin": 670, "ymin": 80, "ymax": 689, "xmax": 949}}], [{"tid": 0, "generated": 0, "bbox": {"xmin": 395, "ymin": 68, "ymax": 588, "xmax": 625}}, {"tid": 1, "generated": 0, "bbox": {"xmin": 670, "ymin": 80, "ymax": 681, "xmax": 944}}], [{"tid": 0, "generated": 0, "bbox": {"xmin": 397, "ymin": 77, "ymax": 588, "xmax": 625}}, {"tid": 1, "generated": 0, "bbox": {"xmin": 670, "ymin": 80, "ymax": 672, "xmax": 940}}], [{"tid": 0, "generated": 0, "bbox": {"xmin": 399, "ymin": 85, "ymax": 588, "xmax": 625}}, {"tid": 1, "generated": 0, "bbox": {"xmin": 670, "ymin": 80, "ymax": 664, "xmax": 936}}], [{"tid": 0, "generated": 0, "bbox": {"xmin": 401, "ymin": 94, "ymax": 588, "xmax": 625}}, {"tid": 1, "generated": 0, "bbox": {"xmin": 670, "ymin": 80, "ymax": 664, "xmax": 936}}], [{"tid": 0, "generated": 0, "bbox": {"xmin": 403, "ymin": 96, "ymax": 590, "xmax": 625}}, {"tid": 1, "generated": 0, "bbox": {"xmin": 670, "ymin": 80, "ymax": 664, "xmax": 936}}]], "subject/objects": [{"category": "horse", "tid": 0}, {"category": "person", "tid": 1}], "relation_instances": [{"end_fid": 30, "subject_tid": 0, "predicate": "walk_right", "begin_fid": 0, "object_tid": 1}, {"end_fid": 30, "subject_tid": 0, "predicate": "walk_with", "begin_fid": 0, "object_tid": 1}, {"end_fid": 30, "subject_tid": 1, "predicate": "walk_with", "begin_fid": 0, "object_tid": 0}, {"end_fid": 30, "subject_tid": 1, "predicate": "walk_left", "begin_fid": 0, "object_tid": 0}, {"end_fid": 105, "subject_tid": 0, "predicate": "walk_right", "begin_fid": 75, "object_tid": 1}, {"end_fid": 105, "subject_tid": 0, "predicate": "walk_with", "begin_fid": 75, "object_tid": 1}, {"end_fid": 105, "subject_tid": 1, "predicate": "walk_with", "begin_fid": 75, "object_tid": 0}, {"end_fid": 105, "subject_tid": 1, "predicate": "walk_left", "begin_fid": 75, "object_tid": 0}, {"end_fid": 180, "subject_tid": 0, "predicate": "walk_right", "begin_fid": 150, "object_tid": 1}, {"end_fid": 180, "subject_tid": 0, "predicate": "walk_with", "begin_fid": 150, "object_tid": 1}, {"end_fid": 180, "subject_tid": 1, "predicate": "walk_with", "begin_fid": 150, "object_tid": 0}, {"end_fid": 180, "subject_tid": 1, "predicate": "walk_left", "begin_fid": 150, "object_tid": 0}], "height": 720}