{"width": 1280, "frame_count": 123, "video_id": "ILSVRC2015_train_00069000", "fps": 25, "trajectories": [[{"tid": 0, "generated": 0, "bbox": {"xmin": 346, "ymin": 152, "ymax": 602, "xmax": 711}}, {"tid": 1, "generated": 0, "bbox": {"xmin": 855, "ymin": 76, "ymax": 264, "xmax": 920}}], [{"tid": 0, "generated": 0, "bbox": {"xmin": 346, "ymin": 153, "ymax": 602, "xmax": 710}}, {"tid": 1, "generated": 0, "bbox": {"xmin": 853, "ymin": 76, "ymax": 270, "xmax": 919}}], [{"tid": 0, "generated": 0, "bbox": {"xmin": 346, "ymin": 154, "ymax": 603, "xmax": 710}}, {"tid": 1, "generated": 0, "bbox": {"xmin": 851, "ymin": 72, "ymax": 264, "xmax": 920}}], [{"tid": 0, "generated": 0, "bbox": {"xmin": 346, "ymin": 155, "ymax": 603, "xmax": 709}}, {"tid": 1, "generated": 0, "bbox": {"xmin": 848, "ymin": 74, "ymax": 270, "xmax": 920}}], [{"tid": 0, "generated": 0, "bbox": {"xmin": 346, "ymin": 157, "ymax": 604, "xmax": 709}}, {"tid": 1, "generated": 0, "bbox": {"xmin": 845, "ymin": 74, "ymax": 268, "xmax": 920}}], [{"tid": 0, "generated": 0, "bbox": {"xmin": 346, "ymin": 158, "ymax": 605, "xmax": 709}}, {"tid": 1, "generated": 0, "bbox": {"xmin": 842, "ymin": 74, "ymax": 266, "xmax": 920}}], [{"tid": 0, "generated": 0, "bbox": {"xmin": 346, "ymin": 159, "ymax": 605, "xmax": 708}}, {"tid": 1, "generated": 0, "bbox": {"xmin": 842, "ymin": 76, "ymax": 266, "xmax": 919}}], [{"tid": 0, "generated": 0, "bbox": {"xmin": 346, "ymin": 161, "ymax": 606, "xmax": 708}}, {"tid": 1, "generated": 0, "bbox": {"xmin": 842, "ymin": 78, "ymax": 266, "xmax": 919}}], [{"tid": 0, "generated": 0, "bbox": {"xmin": 346, "ymin": 162, "ymax": 606, "xmax": 707}}, {"tid": 1, "generated": 0, "bbox": {"xmin": 842, "ymin": 80, "ymax": 266, "xmax": 919}}], [{"tid": 0, "generated": 0, "bbox": {"xmin": 346, "ymin": 163, "ymax": 607, "xmax": 707}}, {"tid": 1, "generated": 0, "bbox": {"xmin": 845, "ymin": 80, "ymax": 271, "xmax": 918}}], [{"tid": 0, "generated": 0, "bbox": {"xmin": 346, "ymin": 165, "ymax": 608, "xmax": 707}}, {"tid": 1, "generated": 0, "bbox": {"xmin": 848, "ymin": 80, "ymax": 277, "xmax": 917}}], [{"tid": 0, "generated": 0, "bbox": {"xmin": 346, "ymin": 165, "ymax": 608, "xmax": 706}}, {"tid": 1, "generated": 0, "bbox": {"xmin": 848, "ymin": 80, "ymax": 277, "xmax": 918}}], [{"tid": 0, "generated": 0, "bbox": {"xmin": 346, "ymin": 166, "ymax": 609, "xmax": 706}}, {"tid": 1, "generated": 0, "bbox": {"xmin": 848, "ymin": 80, "ymax": 278, "xmax": 920}}], [{"tid": 0, "generated": 0, "bbox": {"xmin": 346, "ymin": 167, "ymax": 610, "xmax": 706}}, {"tid": 1, "generated": 0, "bbox": {"xmin": 848, "ymin": 80, "ymax": 278, "xmax": 922}}], [{"tid": 0, "generated": 0, "bbox": {"xmin": 346, "ymin": 167, "ymax": 610, "xmax": 705}}, {"tid": 1, "generated": 0, "bbox": {"xmin": 848, "ymin": 80, "ymax": 279, "xmax": 924}}], [{"tid": 0, "generated": 0, "bbox": {"xmin": 346, "ymin": 168, "ymax": 611, "xmax": 705}}, {"tid": 1, "generated": 0, "bbox": {"xmin": 849, "ymin": 80, "ymax": 280, "xmax": 928}}], [{"tid": 0, "generated": 0, "bbox": {"xmin": 346, "ymin": 169, "ymax": 612, "xmax": 705}}, {"tid": 1, "generated": 0, "bbox": {"xmin": 848, "ymin": 81, "ymax": 283, "xmax": 926}}], [{"tid": 0, "generated": 0, "bbox": {"xmin": 346, "ymin": 169, "ymax": 612, "xmax": 704}}, {"tid": 1, "generated": 0, "bbox": {"xmin": 848, "ymin": 83, "ymax": 286, "xmax": 924}}], [{"tid": 0, "generated": 0, "bbox": {"xmin": 346, "ymin": 170, "ymax": 613, "xmax": 704}}, {"tid": 1, "generated": 0, "bbox": {"xmin": 846, "ymin": 81, "ymax": 288, "xmax": 924}}], [{"tid": 0, "generated": 0, "bbox": {"xmin": 346, "ymin": 171, "ymax": 614, "xmax": 704}}, {"tid": 1, "generated": 0, "bbox": {"xmin": 842, "ymin": 83, "ymax": 289, "xmax": 922}}], [{"tid": 0, "generated": 0, "bbox": {"xmin": 346, "ymin": 172, "ymax": 615, "xmax": 704}}, {"tid": 1, "generated": 0, "bbox": {"xmin": 840, "ymin": 85, "ymax": 289, "xmax": 924}}], [{"tid": 0, "generated": 0, "bbox": {"xmin": 345, "ymin": 173, "ymax": 615, "xmax": 702}}, {"tid": 1, "generated": 0, "bbox": {"xmin": 837, "ymin": 83, "ymax": 289, "xmax": 926}}], [{"tid": 0, "generated": 0, "bbox": {"xmin": 344, "ymin": 174, "ymax": 615, "xmax": 701}}, {"tid": 1, "generated": 0, "bbox": {"xmin": 835, "ymin": 81, "ymax": 289, "xmax": 928}}], [{"tid": 0, "generated": 0, "bbox": {"xmin": 344, "ymin": 176, "ymax": 615, "xmax": 700}}, {"tid": 1, "generated": 0, "bbox": {"xmin": 833, "ymin": 81, "ymax": 293, "xmax": 931}}], [{"tid": 0, "generated": 0, "bbox": {"xmin": 343, "ymin": 177, "ymax": 615, "xmax": 699}}, {"tid": 1, "generated": 0, "bbox": {"xmin": 831, "ymin": 83, "ymax": 293, "xmax": 925}}], [{"tid": 0, "generated": 0, "bbox": {"xmin": 343, "ymin": 179, "ymax": 616, "xmax": 698}}, {"tid": 1, "generated": 0, "bbox": {"xmin": 830, "ymin": 85, "ymax": 293, "xmax": 920}}], [{"tid": 0, "generated": 0, "bbox": {"xmin": 342, "ymin": 176, "ymax": 616, "xmax": 696}}, {"tid": 1, "generated": 0, "bbox": {"xmin": 831, "ymin": 85, "ymax": 296, "xmax": 921}}], [{"tid": 0, "generated": 0, "bbox": {"xmin": 341, "ymin": 174, "ymax": 616, "xmax": 695}}, {"tid": 1, "generated": 0, "bbox": {"xmin": 833, "ymin": 85, "ymax": 300, "xmax": 922}}], [{"tid": 0, "generated": 0, "bbox": {"xmin": 353, "ymin": 174, "ymax": 616, "xmax": 695}}, {"tid": 1, "generated": 0, "bbox": {"xmin": 835, "ymin": 85, "ymax": 300, "xmax": 923}}], [{"tid": 0, "generated": 0, "bbox": {"xmin": 351, "ymin": 174, "ymax": 616, "xmax": 695}}, {"tid": 1, "generated": 0, "bbox": {"xmin": 837, "ymin": 85, "ymax": 300, "xmax": 924}}], [], [], [], [], [], [], [], [], [], [], [], [], [], [], [], [], [], [], [], [], [], [], [], [], [], [], [], [], [], [], [], [], [], [], [], [], [], [], [], [], [], [], [], [], [], [{"tid": 0, "generated": 0, "bbox": {"xmin": 330, "ymin": 211, "ymax": 645, "xmax": 689}}, {"tid": 1, "generated": 0, "bbox": {"xmin": 869, "ymin": 23, "ymax": 421, "xmax": 1061}}], [{"tid": 0, "generated": 0, "bbox": {"xmin": 325, "ymin": 209, "ymax": 643, "xmax": 691}}, {"tid": 1, "generated": 0, "bbox": {"xmin": 871, "ymin": 8, "ymax": 421, "xmax": 1064}}], [{"tid": 0, "generated": 0, "bbox": {"xmin": 320, "ymin": 208, "ymax": 645, "xmax": 693}}, {"tid": 1, "generated": 0, "bbox": {"xmin": 872, "ymin": 0, "ymax": 424, "xmax": 1066}}], [{"tid": 0, "generated": 0, "bbox": {"xmin": 323, "ymin": 213, "ymax": 645, "xmax": 693}}, {"tid": 1, "generated": 0, "bbox": {"xmin": 871, "ymin": 1, "ymax": 423, "xmax": 1073}}], [{"tid": 0, "generated": 0, "bbox": {"xmin": 328, "ymin": 209, "ymax": 640, "xmax": 702}}, {"tid": 1, "generated": 0, "bbox": {"xmin": 874, "ymin": 0, "ymax": 424, "xmax": 1079}}], [{"tid": 0, "generated": 0, "bbox": {"xmin": 305, "ymin": 208, "ymax": 606, "xmax": 709}}, {"tid": 1, "generated": 0, "bbox": {"xmin": 878, "ymin": 7, "ymax": 428, "xmax": 1088}}], [{"tid": 0, "generated": 0, "bbox": {"xmin": 248, "ymin": 218, "ymax": 611, "xmax": 705}}, {"tid": 1, "generated": 0, "bbox": {"xmin": 884, "ymin": 7, "ymax": 443, "xmax": 1104}}], [{"tid": 0, "generated": 0, "bbox": {"xmin": 236, "ymin": 225, "ymax": 620, "xmax": 727}}, {"tid": 1, "generated": 0, "bbox": {"xmin": 890, "ymin": 8, "ymax": 458, "xmax": 1120}}], [{"tid": 0, "generated": 0, "bbox": {"xmin": 250, "ymin": 247, "ymax": 615, "xmax": 725}}, {"tid": 1, "generated": 0, "bbox": {"xmin": 894, "ymin": 5, "ymax": 472, "xmax": 1134}}], [{"tid": 0, "generated": 0, "bbox": {"xmin": 177, "ymin": 300, "ymax": 704, "xmax": 730}}, {"tid": 1, "generated": 0, "bbox": {"xmin": 897, "ymin": 1, "ymax": 478, "xmax": 1137}}], [{"tid": 0, "generated": 0, "bbox": {"xmin": 106, "ymin": 355, "ymax": 712, "xmax": 714}}, {"tid": 1, "generated": 0, "bbox": {"xmin": 903, "ymin": 0, "ymax": 476, "xmax": 1153}}], [{"tid": 0, "generated": 0, "bbox": {"xmin": 76, "ymin": 373, "ymax": 712, "xmax": 632}}, {"tid": 1, "generated": 0, "bbox": {"xmin": 908, "ymin": 0, "ymax": 476, "xmax": 1176}}], [{"tid": 0, "generated": 0, "bbox": {"xmin": 64, "ymin": 366, "ymax": 711, "xmax": 652}}, {"tid": 1, "generated": 0, "bbox": {"xmin": 913, "ymin": 0, "ymax": 483, "xmax": 1190}}], [{"tid": 0, "generated": 0, "bbox": {"xmin": 62, "ymin": 325, "ymax": 675, "xmax": 677}}, {"tid": 1, "generated": 0, "bbox": {"xmin": 918, "ymin": 0, "ymax": 490, "xmax": 1205}}], [{"tid": 0, "generated": 0, "bbox": {"xmin": 81, "ymin": 296, "ymax": 664, "xmax": 680}}, {"tid": 1, "generated": 0, "bbox": {"xmin": 923, "ymin": 0, "ymax": 497, "xmax": 1220}}], [{"tid": 0, "generated": 0, "bbox": {"xmin": 101, "ymin": 280, "ymax": 656, "xmax": 688}}, {"tid": 1, "generated": 0, "bbox": {"xmin": 929, "ymin": 0, "ymax": 504, "xmax": 1235}}], [{"tid": 0, "generated": 0, "bbox": {"xmin": 104, "ymin": 270, "ymax": 654, "xmax": 698}}, {"tid": 1, "generated": 0, "bbox": {"xmin": 931, "ymin": 0, "ymax": 524, "xmax": 1248}}], [{"tid": 0, "generated": 0, "bbox": {"xmin": 115, "ymin": 259, "ymax": 648, "xmax": 704}}, {"tid": 1, "generated": 0, "bbox": {"xmin": 940, "ymin": 0, "ymax": 556, "xmax": 1271}}], [{"tid": 0, "generated": 0, "bbox": {"xmin": 116, "ymin": 261, "ymax": 650, "xmax": 696}}, {"tid": 1, "generated": 0, "bbox": {"xmin": 942, "ymin": 0, "ymax": 558, "xmax": 1274}}], [{"tid": 0, "generated": 0, "bbox": {"xmin": 118, "ymin": 263, "ymax": 653, "xmax": 688}}, {"tid": 1, "generated": 0, "bbox": {"xmin": 945, "ymin": 0, "ymax": 561, "xmax": 1278}}], [{"tid": 0, "generated": 0, "bbox": {"xmin": 120, "ymin": 266, "ymax": 656, "xmax": 680}}, {"tid": 1, "generated": 0, "bbox": {"xmin": 947, "ymin": 0, "ymax": 565, "xmax": 1278}}], [{"tid": 0, "generated": 0, "bbox": {"xmin": 115, "ymin": 273, "ymax": 657, "xmax": 673}}, {"tid": 1, "generated": 0, "bbox": {"xmin": 952, "ymin": 0, "ymax": 565, "xmax": 1277}}], [{"tid": 0, "generated": 0, "bbox": {"xmin": 96, "ymin": 280, "ymax": 659, "xmax": 670}}, {"tid": 1, "generated": 0, "bbox": {"xmin": 957, "ymin": 0, "ymax": 566, "xmax": 1277}}], [{"tid": 0, "generated": 0, "bbox": {"xmin": 51, "ymin": 296, "ymax": 657, "xmax": 656}}, {"tid": 1, "generated": 0, "bbox": {"xmin": 962, "ymin": 0, "ymax": 566, "xmax": 1276}}], [{"tid": 0, "generated": 0, "bbox": {"xmin": 0, "ymin": 312, "ymax": 654, "xmax": 645}}, {"tid": 1, "generated": 0, "bbox": {"xmin": 967, "ymin": 0, "ymax": 567, "xmax": 1276}}], [{"tid": 0, "generated": 0, "bbox": {"xmin": 0, "ymin": 330, "ymax": 657, "xmax": 636}}, {"tid": 1, "generated": 0, "bbox": {"xmin": 972, "ymin": 0, "ymax": 568, "xmax": 1276}}], [{"tid": 0, "generated": 0, "bbox": {"xmin": 0, "ymin": 359, "ymax": 666, "xmax": 634}}, {"tid": 1, "generated": 0, "bbox": {"xmin": 981, "ymin": 0, "ymax": 570, "xmax": 1278}}], [{"tid": 0, "generated": 0, "bbox": {"xmin": 0, "ymin": 398, "ymax": 657, "xmax": 638}}, {"tid": 1, "generated": 0, "bbox": {"xmin": 998, "ymin": 0, "ymax": 573, "xmax": 1277}}], [{"tid": 0, "generated": 0, "bbox": {"xmin": 0, "ymin": 385, "ymax": 650, "xmax": 636}}, {"tid": 1, "generated": 0, "bbox": {"xmin": 1016, "ymin": 0, "ymax": 577, "xmax": 1276}}], [{"tid": 0, "generated": 0, "bbox": {"xmin": 0, "ymin": 323, "ymax": 645, "xmax": 624}}, {"tid": 1, "generated": 0, "bbox": {"xmin": 1034, "ymin": 0, "ymax": 571, "xmax": 1277}}]], "subject/objects": [{"category": "squirrel", "tid": 0}, {"category": "domestic_cat", "tid": 1}], "relation_instances": [{"end_fid": 30, "subject_tid": 0, "predicate": "sit_front", "begin_fid": 0, "object_tid": 1}, {"end_fid": 30, "subject_tid": 1, "predicate": "walk_behind", "begin_fid": 0, "object_tid": 0}, {"end_fid": 30, "subject_tid": 1, "predicate": "walk_toward", "begin_fid": 0, "object_tid": 0}, {"end_fid": 105, "subject_tid": 0, "predicate": "jump_away", "begin_fid": 75, "object_tid": 1}, {"end_fid": 105, "subject_tid": 0, "predicate": "jump_left", "begin_fid": 75, "object_tid": 1}, {"end_fid": 105, "subject_tid": 1, "predicate": "walk_right", "begin_fid": 75, "object_tid": 0}, {"end_fid": 105, "subject_tid": 1, "predicate": "walk_past", "begin_fid": 75, "object_tid": 0}], "height": 720}