{"width": 1280, "frame_count": 60, "video_id": "ILSVRC2015_train_01141008", "fps": 30, "trajectories": [[{"tid": 0, "generated": 0, "bbox": {"xmin": 314, "ymin": 165, "ymax": 608, "xmax": 929}}, {"tid": 1, "generated": 0, "bbox": {"xmin": 151, "ymin": 81, "ymax": 321, "xmax": 577}}, {"tid": 2, "generated": 0, "bbox": {"xmin": 379, "ymin": 189, "ymax": 632, "xmax": 531}}, {"tid": 3, "generated": 0, "bbox": {"xmin": 508, "ymin": 239, "ymax": 629, "xmax": 703}}, {"tid": 4, "generated": 0, "bbox": {"xmin": 619, "ymin": 183, "ymax": 611, "xmax": 772}}, {"tid": 5, "generated": 0, "bbox": {"xmin": 821, "ymin": 30, "ymax": 717, "xmax": 1278}}, {"tid": 6, "generated": 0, "bbox": {"xmin": 117, "ymin": 176, "ymax": 424, "xmax": 232}}], [{"tid": 0, "generated": 0, "bbox": {"xmin": 315, "ymin": 165, "ymax": 607, "xmax": 929}}, {"tid": 1, "generated": 0, "bbox": {"xmin": 151, "ymin": 81, "ymax": 321, "xmax": 577}}, {"tid": 2, "generated": 0, "bbox": {"xmin": 379, "ymin": 189, "ymax": 632, "xmax": 531}}, {"tid": 3, "generated": 0, "bbox": {"xmin": 508, "ymin": 239, "ymax": 629, "xmax": 703}}, {"tid": 4, "generated": 0, "bbox": {"xmin": 619, "ymin": 183, "ymax": 611, "xmax": 772}}, {"tid": 5, "generated": 0, "bbox": {"xmin": 821, "ymin": 30, "ymax": 717, "xmax": 1278}}, {"tid": 6, "generated": 0, "bbox": {"xmin": 117, "ymin": 176, "ymax": 424, "xmax": 232}}], [{"tid": 0, "generated": 0, "bbox": {"xmin": 317, "ymin": 165, "ymax": 607, "xmax": 929}}, {"tid": 1, "generated": 0, "bbox": {"xmin": 151, "ymin": 81, "ymax": 321, "xmax": 577}}, {"tid": 2, "generated": 0, "bbox": {"xmin": 379, "ymin": 189, "ymax": 632, "xmax": 531}}, {"tid": 3, "generated": 0, "bbox": {"xmin": 508, "ymin": 239, "ymax": 629, "xmax": 703}}, {"tid": 4, "generated": 0, "bbox": {"xmin": 619, "ymin": 183, "ymax": 611, "xmax": 772}}, {"tid": 5, "generated": 0, "bbox": {"xmin": 821, "ymin": 30, "ymax": 717, "xmax": 1278}}, {"tid": 6, "generated": 0, "bbox": {"xmin": 117, "ymin": 176, "ymax": 424, "xmax": 232}}], [{"tid": 0, "generated": 0, "bbox": {"xmin": 318, "ymin": 165, "ymax": 607, "xmax": 929}}, {"tid": 1, "generated": 0, "bbox": {"xmin": 152, "ymin": 81, "ymax": 321, "xmax": 578}}, {"tid": 2, "generated": 0, "bbox": {"xmin": 379, "ymin": 189, "ymax": 632, "xmax": 531}}, {"tid": 3, "generated": 0, "bbox": {"xmin": 508, "ymin": 239, "ymax": 629, "xmax": 703}}, {"tid": 4, "generated": 0, "bbox": {"xmin": 619, "ymin": 183, "ymax": 611, "xmax": 772}}, {"tid": 5, "generated": 0, "bbox": {"xmin": 821, "ymin": 30, "ymax": 717, "xmax": 1278}}, {"tid": 6, "generated": 0, "bbox": {"xmin": 117, "ymin": 176, "ymax": 424, "xmax": 232}}], [{"tid": 0, "generated": 0, "bbox": {"xmin": 320, "ymin": 165, "ymax": 607, "xmax": 929}}, {"tid": 1, "generated": 0, "bbox": {"xmin": 152, "ymin": 81, "ymax": 321, "xmax": 578}}, {"tid": 2, "generated": 0, "bbox": {"xmin": 379, "ymin": 189, "ymax": 632, "xmax": 531}}, {"tid": 3, "generated": 0, "bbox": {"xmin": 508, "ymin": 239, "ymax": 629, "xmax": 703}}, {"tid": 4, "generated": 0, "bbox": {"xmin": 619, "ymin": 183, "ymax": 611, "xmax": 772}}, {"tid": 5, "generated": 0, "bbox": {"xmin": 821, "ymin": 30, "ymax": 717, "xmax": 1278}}, {"tid": 6, "generated": 0, "bbox": {"xmin": 117, "ymin": 176, "ymax": 424, "xmax": 232}}], [{"tid": 0, "generated": 0, "bbox": {"xmin": 322, "ymin": 165, "ymax": 607, "xmax": 929}}, {"tid": 1, "generated": 0, "bbox": {"xmin": 152, "ymin": 81, "ymax": 321, "xmax": 578}}, {"tid": 2, "generated": 0, "bbox": {"xmin": 379, "ymin": 189, "ymax": 632, "xmax": 531}}, {"tid": 3, "generated": 0, "bbox": {"xmin": 508, "ymin": 239, "ymax": 629, "xmax": 703}}, {"tid": 4, "generated": 0, "bbox": {"xmin": 619, "ymin": 183, "ymax": 611, "xmax": 772}}, {"tid": 5, "generated": 0, "bbox": {"xmin": 821, "ymin": 30, "ymax": 717, "xmax": 1278}}, {"tid": 6, "generated": 0, "bbox": {"xmin": 117, "ymin": 176, "ymax": 424, "xmax": 232}}], [{"tid": 0, "generated": 0, "bbox": {"xmin": 323, "ymin": 165, "ymax": 606, "xmax": 929}}, {"tid": 1, "generated": 0, "bbox": {"xmin": 153, "ymin": 81, "ymax": 321, "xmax": 579}}, {"tid": 2, "generated": 0, "bbox": {"xmin": 379, "ymin": 189, "ymax": 632, "xmax": 531}}, {"tid": 3, "generated": 0, "bbox": {"xmin": 508, "ymin": 239, "ymax": 629, "xmax": 703}}, {"tid": 4, "generated": 0, "bbox": {"xmin": 619, "ymin": 183, "ymax": 611, "xmax": 772}}, {"tid": 5, "generated": 0, "bbox": {"xmin": 821, "ymin": 30, "ymax": 717, "xmax": 1278}}, {"tid": 6, "generated": 0, "bbox": {"xmin": 119, "ymin": 176, "ymax": 424, "xmax": 231}}], [{"tid": 0, "generated": 0, "bbox": {"xmin": 325, "ymin": 165, "ymax": 606, "xmax": 929}}, {"tid": 1, "generated": 0, "bbox": {"xmin": 153, "ymin": 81, "ymax": 321, "xmax": 579}}, {"tid": 2, "generated": 0, "bbox": {"xmin": 379, "ymin": 189, "ymax": 632, "xmax": 531}}, {"tid": 3, "generated": 0, "bbox": {"xmin": 508, "ymin": 239, "ymax": 629, "xmax": 703}}, {"tid": 4, "generated": 0, "bbox": {"xmin": 619, "ymin": 183, "ymax": 611, "xmax": 772}}, {"tid": 5, "generated": 0, "bbox": {"xmin": 821, "ymin": 30, "ymax": 717, "xmax": 1278}}, {"tid": 6, "generated": 0, "bbox": {"xmin": 121, "ymin": 176, "ymax": 424, "xmax": 231}}], [{"tid": 0, "generated": 0, "bbox": {"xmin": 326, "ymin": 165, "ymax": 606, "xmax": 929}}, {"tid": 1, "generated": 0, "bbox": {"xmin": 153, "ymin": 81, "ymax": 321, "xmax": 579}}, {"tid": 2, "generated": 0, "bbox": {"xmin": 379, "ymin": 189, "ymax": 632, "xmax": 531}}, {"tid": 3, "generated": 0, "bbox": {"xmin": 508, "ymin": 239, "ymax": 629, "xmax": 703}}, {"tid": 4, "generated": 0, "bbox": {"xmin": 619, "ymin": 183, "ymax": 611, "xmax": 772}}, {"tid": 5, "generated": 0, "bbox": {"xmin": 821, "ymin": 30, "ymax": 717, "xmax": 1278}}, {"tid": 6, "generated": 0, "bbox": {"xmin": 122, "ymin": 176, "ymax": 424, "xmax": 230}}], [{"tid": 0, "generated": 0, "bbox": {"xmin": 328, "ymin": 165, "ymax": 606, "xmax": 929}}, {"tid": 1, "generated": 0, "bbox": {"xmin": 154, "ymin": 81, "ymax": 321, "xmax": 580}}, {"tid": 2, "generated": 0, "bbox": {"xmin": 379, "ymin": 189, "ymax": 632, "xmax": 531}}, {"tid": 3, "generated": 0, "bbox": {"xmin": 508, "ymin": 239, "ymax": 629, "xmax": 703}}, {"tid": 4, "generated": 0, "bbox": {"xmin": 619, "ymin": 183, "ymax": 611, "xmax": 772}}, {"tid": 5, "generated": 0, "bbox": {"xmin": 821, "ymin": 30, "ymax": 717, "xmax": 1278}}, {"tid": 6, "generated": 0, "bbox": {"xmin": 124, "ymin": 176, "ymax": 424, "xmax": 230}}], [{"tid": 0, "generated": 0, "bbox": {"xmin": 330, "ymin": 165, "ymax": 606, "xmax": 929}}, {"tid": 1, "generated": 0, "bbox": {"xmin": 154, "ymin": 82, "ymax": 322, "xmax": 580}}, {"tid": 2, "generated": 0, "bbox": {"xmin": 379, "ymin": 189, "ymax": 632, "xmax": 531}}, {"tid": 3, "generated": 0, "bbox": {"xmin": 508, "ymin": 239, "ymax": 629, "xmax": 703}}, {"tid": 4, "generated": 0, "bbox": {"xmin": 619, "ymin": 183, "ymax": 611, "xmax": 772}}, {"tid": 5, "generated": 0, "bbox": {"xmin": 821, "ymin": 30, "ymax": 717, "xmax": 1278}}, {"tid": 6, "generated": 0, "bbox": {"xmin": 126, "ymin": 176, "ymax": 424, "xmax": 229}}], [{"tid": 0, "generated": 0, "bbox": {"xmin": 332, "ymin": 164, "ymax": 605, "xmax": 931}}, {"tid": 1, "generated": 0, "bbox": {"xmin": 154, "ymin": 82, "ymax": 322, "xmax": 580}}, {"tid": 2, "generated": 0, "bbox": {"xmin": 380, "ymin": 188, "ymax": 631, "xmax": 532}}, {"tid": 3, "generated": 0, "bbox": {"xmin": 508, "ymin": 239, "ymax": 629, "xmax": 703}}, {"tid": 4, "generated": 0, "bbox": {"xmin": 619, "ymin": 183, "ymax": 611, "xmax": 772}}, {"tid": 5, "generated": 0, "bbox": {"xmin": 822, "ymin": 31, "ymax": 717, "xmax": 1278}}, {"tid": 6, "generated": 0, "bbox": {"xmin": 127, "ymin": 176, "ymax": 424, "xmax": 229}}], [{"tid": 0, "generated": 0, "bbox": {"xmin": 334, "ymin": 164, "ymax": 605, "xmax": 934}}, {"tid": 1, "generated": 0, "bbox": {"xmin": 155, "ymin": 82, "ymax": 322, "xmax": 581}}, {"tid": 2, "generated": 0, "bbox": {"xmin": 381, "ymin": 187, "ymax": 630, "xmax": 533}}, {"tid": 3, "generated": 0, "bbox": {"xmin": 508, "ymin": 239, "ymax": 629, "xmax": 703}}, {"tid": 4, "generated": 0, "bbox": {"xmin": 619, "ymin": 183, "ymax": 611, "xmax": 772}}, {"tid": 5, "generated": 0, "bbox": {"xmin": 824, "ymin": 33, "ymax": 717, "xmax": 1278}}, {"tid": 6, "generated": 0, "bbox": {"xmin": 128, "ymin": 176, "ymax": 424, "xmax": 229}}], [{"tid": 0, "generated": 0, "bbox": {"xmin": 336, "ymin": 163, "ymax": 604, "xmax": 936}}, {"tid": 1, "generated": 0, "bbox": {"xmin": 155, "ymin": 82, "ymax": 322, "xmax": 581}}, {"tid": 2, "generated": 0, "bbox": {"xmin": 383, "ymin": 185, "ymax": 628, "xmax": 535}}, {"tid": 3, "generated": 0, "bbox": {"xmin": 508, "ymin": 239, "ymax": 629, "xmax": 703}}, {"tid": 4, "generated": 0, "bbox": {"xmin": 619, "ymin": 183, "ymax": 611, "xmax": 772}}, {"tid": 5, "generated": 0, "bbox": {"xmin": 825, "ymin": 34, "ymax": 717, "xmax": 1278}}, {"tid": 6, "generated": 0, "bbox": {"xmin": 128, "ymin": 176, "ymax": 424, "xmax": 229}}], [{"tid": 0, "generated": 0, "bbox": {"xmin": 338, "ymin": 163, "ymax": 604, "xmax": 939}}, {"tid": 1, "generated": 0, "bbox": {"xmin": 155, "ymin": 82, "ymax": 322, "xmax": 581}}, {"tid": 2, "generated": 0, "bbox": {"xmin": 384, "ymin": 184, "ymax": 627, "xmax": 536}}, {"tid": 3, "generated": 0, "bbox": {"xmin": 508, "ymin": 239, "ymax": 629, "xmax": 703}}, {"tid": 4, "generated": 0, "bbox": {"xmin": 619, "ymin": 183, "ymax": 611, "xmax": 772}}, {"tid": 5, "generated": 0, "bbox": {"xmin": 827, "ymin": 36, "ymax": 717, "xmax": 1278}}, {"tid": 6, "generated": 0, "bbox": {"xmin": 129, "ymin": 176, "ymax": 424, "xmax": 229}}], [{"tid": 0, "generated": 0, "bbox": {"xmin": 341, "ymin": 163, "ymax": 604, "xmax": 942}}, {"tid": 1, "generated": 0, "bbox": {"xmin": 156, "ymin": 82, "ymax": 322, "xmax": 582}}, {"tid": 2, "generated": 0, "bbox": {"xmin": 385, "ymin": 183, "ymax": 626, "xmax": 537}}, {"tid": 3, "generated": 0, "bbox": {"xmin": 508, "ymin": 239, "ymax": 629, "xmax": 703}}, {"tid": 4, "generated": 0, "bbox": {"xmin": 619, "ymin": 183, "ymax": 611, "xmax": 772}}, {"tid": 5, "generated": 0, "bbox": {"xmin": 828, "ymin": 37, "ymax": 717, "xmax": 1278}}, {"tid": 6, "generated": 0, "bbox": {"xmin": 130, "ymin": 176, "ymax": 424, "xmax": 229}}], [{"tid": 0, "generated": 0, "bbox": {"xmin": 336, "ymin": 163, "ymax": 604, "xmax": 936}}, {"tid": 1, "generated": 0, "bbox": {"xmin": 156, "ymin": 82, "ymax": 322, "xmax": 582}}, {"tid": 2, "generated": 0, "bbox": {"xmin": 387, "ymin": 184, "ymax": 627, "xmax": 539}}, {"tid": 3, "generated": 0, "bbox": {"xmin": 508, "ymin": 239, "ymax": 629, "xmax": 703}}, {"tid": 4, "generated": 0, "bbox": {"xmin": 619, "ymin": 183, "ymax": 611, "xmax": 772}}, {"tid": 5, "generated": 0, "bbox": {"xmin": 828, "ymin": 37, "ymax": 717, "xmax": 1278}}, {"tid": 6, "generated": 0, "bbox": {"xmin": 130, "ymin": 176, "ymax": 424, "xmax": 229}}], [{"tid": 0, "generated": 0, "bbox": {"xmin": 336, "ymin": 163, "ymax": 604, "xmax": 936}}, {"tid": 1, "generated": 0, "bbox": {"xmin": 156, "ymin": 82, "ymax": 322, "xmax": 582}}, {"tid": 2, "generated": 0, "bbox": {"xmin": 388, "ymin": 185, "ymax": 628, "xmax": 540}}, {"tid": 3, "generated": 0, "bbox": {"xmin": 508, "ymin": 239, "ymax": 629, "xmax": 703}}, {"tid": 4, "generated": 0, "bbox": {"xmin": 619, "ymin": 183, "ymax": 611, "xmax": 772}}, {"tid": 5, "generated": 0, "bbox": {"xmin": 828, "ymin": 37, "ymax": 717, "xmax": 1278}}, {"tid": 6, "generated": 0, "bbox": {"xmin": 130, "ymin": 176, "ymax": 424, "xmax": 229}}], [{"tid": 0, "generated": 0, "bbox": {"xmin": 336, "ymin": 163, "ymax": 604, "xmax": 936}}, {"tid": 1, "generated": 0, "bbox": {"xmin": 157, "ymin": 82, "ymax": 322, "xmax": 583}}, {"tid": 2, "generated": 0, "bbox": {"xmin": 390, "ymin": 185, "ymax": 628, "xmax": 542}}, {"tid": 3, "generated": 0, "bbox": {"xmin": 508, "ymin": 239, "ymax": 629, "xmax": 703}}, {"tid": 4, "generated": 0, "bbox": {"xmin": 619, "ymin": 183, "ymax": 611, "xmax": 772}}, {"tid": 5, "generated": 0, "bbox": {"xmin": 828, "ymin": 37, "ymax": 717, "xmax": 1278}}, {"tid": 6, "generated": 0, "bbox": {"xmin": 130, "ymin": 176, "ymax": 424, "xmax": 229}}], [{"tid": 0, "generated": 0, "bbox": {"xmin": 336, "ymin": 163, "ymax": 604, "xmax": 937}}, {"tid": 1, "generated": 0, "bbox": {"xmin": 157, "ymin": 82, "ymax": 322, "xmax": 583}}, {"tid": 2, "generated": 0, "bbox": {"xmin": 391, "ymin": 186, "ymax": 629, "xmax": 543}}, {"tid": 3, "generated": 0, "bbox": {"xmin": 508, "ymin": 239, "ymax": 629, "xmax": 703}}, {"tid": 4, "generated": 0, "bbox": {"xmin": 619, "ymin": 183, "ymax": 611, "xmax": 772}}, {"tid": 5, "generated": 0, "bbox": {"xmin": 828, "ymin": 37, "ymax": 717, "xmax": 1278}}, {"tid": 6, "generated": 0, "bbox": {"xmin": 130, "ymin": 176, "ymax": 424, "xmax": 229}}], [{"tid": 0, "generated": 0, "bbox": {"xmin": 336, "ymin": 163, "ymax": 604, "xmax": 937}}, {"tid": 1, "generated": 0, "bbox": {"xmin": 158, "ymin": 83, "ymax": 323, "xmax": 584}}, {"tid": 2, "generated": 0, "bbox": {"xmin": 393, "ymin": 187, "ymax": 630, "xmax": 545}}, {"tid": 3, "generated": 0, "bbox": {"xmin": 508, "ymin": 239, "ymax": 629, "xmax": 703}}, {"tid": 4, "generated": 0, "bbox": {"xmin": 619, "ymin": 183, "ymax": 611, "xmax": 772}}, {"tid": 5, "generated": 0, "bbox": {"xmin": 828, "ymin": 37, "ymax": 717, "xmax": 1278}}, {"tid": 6, "generated": 0, "bbox": {"xmin": 130, "ymin": 176, "ymax": 424, "xmax": 229}}], [{"tid": 0, "generated": 0, "bbox": {"xmin": 336, "ymin": 163, "ymax": 604, "xmax": 938}}, {"tid": 1, "generated": 0, "bbox": {"xmin": 158, "ymin": 82, "ymax": 322, "xmax": 584}}, {"tid": 2, "generated": 0, "bbox": {"xmin": 393, "ymin": 187, "ymax": 630, "xmax": 545}}, {"tid": 3, "generated": 0, "bbox": {"xmin": 508, "ymin": 239, "ymax": 629, "xmax": 703}}, {"tid": 4, "generated": 0, "bbox": {"xmin": 619, "ymin": 183, "ymax": 611, "xmax": 772}}, {"tid": 5, "generated": 0, "bbox": {"xmin": 830, "ymin": 37, "ymax": 717, "xmax": 1278}}, {"tid": 6, "generated": 0, "bbox": {"xmin": 131, "ymin": 176, "ymax": 424, "xmax": 229}}], [{"tid": 0, "generated": 0, "bbox": {"xmin": 336, "ymin": 163, "ymax": 604, "xmax": 938}}, {"tid": 1, "generated": 0, "bbox": {"xmin": 158, "ymin": 82, "ymax": 322, "xmax": 584}}, {"tid": 2, "generated": 0, "bbox": {"xmin": 393, "ymin": 187, "ymax": 630, "xmax": 545}}, {"tid": 3, "generated": 0, "bbox": {"xmin": 508, "ymin": 239, "ymax": 629, "xmax": 703}}, {"tid": 4, "generated": 0, "bbox": {"xmin": 619, "ymin": 183, "ymax": 611, "xmax": 772}}, {"tid": 5, "generated": 0, "bbox": {"xmin": 831, "ymin": 37, "ymax": 717, "xmax": 1278}}, {"tid": 6, "generated": 0, "bbox": {"xmin": 132, "ymin": 176, "ymax": 424, "xmax": 229}}], [{"tid": 0, "generated": 0, "bbox": {"xmin": 336, "ymin": 164, "ymax": 605, "xmax": 939}}, {"tid": 1, "generated": 0, "bbox": {"xmin": 158, "ymin": 82, "ymax": 322, "xmax": 584}}, {"tid": 2, "generated": 0, "bbox": {"xmin": 393, "ymin": 187, "ymax": 630, "xmax": 545}}, {"tid": 3, "generated": 0, "bbox": {"xmin": 508, "ymin": 239, "ymax": 629, "xmax": 703}}, {"tid": 4, "generated": 0, "bbox": {"xmin": 619, "ymin": 183, "ymax": 611, "xmax": 772}}, {"tid": 5, "generated": 0, "bbox": {"xmin": 833, "ymin": 37, "ymax": 717, "xmax": 1278}}, {"tid": 6, "generated": 0, "bbox": {"xmin": 134, "ymin": 176, "ymax": 424, "xmax": 229}}], [{"tid": 0, "generated": 0, "bbox": {"xmin": 336, "ymin": 164, "ymax": 605, "xmax": 939}}, {"tid": 1, "generated": 0, "bbox": {"xmin": 159, "ymin": 82, "ymax": 322, "xmax": 585}}, {"tid": 2, "generated": 0, "bbox": {"xmin": 393, "ymin": 187, "ymax": 630, "xmax": 545}}, {"tid": 3, "generated": 0, "bbox": {"xmin": 508, "ymin": 239, "ymax": 629, "xmax": 703}}, {"tid": 4, "generated": 0, "bbox": {"xmin": 619, "ymin": 183, "ymax": 611, "xmax": 772}}, {"tid": 5, "generated": 0, "bbox": {"xmin": 834, "ymin": 37, "ymax": 717, "xmax": 1278}}, {"tid": 6, "generated": 0, "bbox": {"xmin": 135, "ymin": 176, "ymax": 424, "xmax": 229}}], [{"tid": 0, "generated": 0, "bbox": {"xmin": 336, "ymin": 164, "ymax": 605, "xmax": 939}}, {"tid": 1, "generated": 0, "bbox": {"xmin": 159, "ymin": 81, "ymax": 321, "xmax": 585}}, {"tid": 2, "generated": 0, "bbox": {"xmin": 393, "ymin": 187, "ymax": 630, "xmax": 545}}, {"tid": 3, "generated": 0, "bbox": {"xmin": 508, "ymin": 239, "ymax": 629, "xmax": 703}}, {"tid": 4, "generated": 0, "bbox": {"xmin": 619, "ymin": 183, "ymax": 611, "xmax": 772}}, {"tid": 5, "generated": 0, "bbox": {"xmin": 836, "ymin": 37, "ymax": 717, "xmax": 1278}}, {"tid": 6, "generated": 0, "bbox": {"xmin": 136, "ymin": 176, "ymax": 424, "xmax": 229}}], [{"tid": 0, "generated": 0, "bbox": {"xmin": 336, "ymin": 164, "ymax": 605, "xmax": 940}}, {"tid": 1, "generated": 0, "bbox": {"xmin": 159, "ymin": 81, "ymax": 321, "xmax": 585}}, {"tid": 2, "generated": 0, "bbox": {"xmin": 393, "ymin": 187, "ymax": 630, "xmax": 545}}, {"tid": 3, "generated": 0, "bbox": {"xmin": 508, "ymin": 239, "ymax": 629, "xmax": 703}}, {"tid": 4, "generated": 0, "bbox": {"xmin": 624, "ymin": 183, "ymax": 611, "xmax": 772}}, {"tid": 5, "generated": 0, "bbox": {"xmin": 836, "ymin": 37, "ymax": 717, "xmax": 1278}}, {"tid": 6, "generated": 0, "bbox": {"xmin": 136, "ymin": 176, "ymax": 424, "xmax": 229}}], [{"tid": 0, "generated": 0, "bbox": {"xmin": 336, "ymin": 164, "ymax": 605, "xmax": 940}}, {"tid": 1, "generated": 0, "bbox": {"xmin": 159, "ymin": 81, "ymax": 321, "xmax": 586}}, {"tid": 2, "generated": 0, "bbox": {"xmin": 393, "ymin": 187, "ymax": 630, "xmax": 545}}, {"tid": 3, "generated": 0, "bbox": {"xmin": 508, "ymin": 239, "ymax": 629, "xmax": 703}}, {"tid": 4, "generated": 0, "bbox": {"xmin": 629, "ymin": 183, "ymax": 611, "xmax": 772}}, {"tid": 5, "generated": 0, "bbox": {"xmin": 836, "ymin": 37, "ymax": 717, "xmax": 1278}}, {"tid": 6, "generated": 0, "bbox": {"xmin": 136, "ymin": 176, "ymax": 424, "xmax": 229}}], [{"tid": 0, "generated": 0, "bbox": {"xmin": 336, "ymin": 164, "ymax": 605, "xmax": 941}}, {"tid": 1, "generated": 0, "bbox": {"xmin": 160, "ymin": 81, "ymax": 321, "xmax": 586}}, {"tid": 2, "generated": 0, "bbox": {"xmin": 393, "ymin": 187, "ymax": 630, "xmax": 545}}, {"tid": 3, "generated": 0, "bbox": {"xmin": 508, "ymin": 239, "ymax": 629, "xmax": 703}}, {"tid": 4, "generated": 0, "bbox": {"xmin": 633, "ymin": 183, "ymax": 611, "xmax": 772}}, {"tid": 5, "generated": 0, "bbox": {"xmin": 836, "ymin": 37, "ymax": 717, "xmax": 1278}}, {"tid": 6, "generated": 0, "bbox": {"xmin": 136, "ymin": 176, "ymax": 424, "xmax": 229}}], [{"tid": 0, "generated": 0, "bbox": {"xmin": 336, "ymin": 164, "ymax": 605, "xmax": 941}}, {"tid": 1, "generated": 0, "bbox": {"xmin": 160, "ymin": 80, "ymax": 320, "xmax": 586}}, {"tid": 2, "generated": 0, "bbox": {"xmin": 393, "ymin": 187, "ymax": 630, "xmax": 545}}, {"tid": 3, "generated": 0, "bbox": {"xmin": 508, "ymin": 239, "ymax": 629, "xmax": 703}}, {"tid": 4, "generated": 0, "bbox": {"xmin": 638, "ymin": 183, "ymax": 611, "xmax": 772}}, {"tid": 5, "generated": 0, "bbox": {"xmin": 836, "ymin": 37, "ymax": 717, "xmax": 1278}}, {"tid": 6, "generated": 0, "bbox": {"xmin": 136, "ymin": 176, "ymax": 424, "xmax": 229}}]], "subject/objects": [{"category": "elephant", "tid": 0}, {"category": "elephant", "tid": 1}, {"category": "person", "tid": 2}, {"category": "person", "tid": 3}, {"category": "person", "tid": 4}, {"category": "person", "tid": 5}, {"category": "person", "tid": 6}], "relation_instances": [{"end_fid": 30, "subject_tid": 0, "predicate": "lie_front", "begin_fid": 0, "object_tid": 1}, {"end_fid": 30, "subject_tid": 1, "predicate": "stand_behind", "begin_fid": 0, "object_tid": 0}, {"end_fid": 30, "subject_tid": 1, "predicate": "taller", "begin_fid": 0, "object_tid": 0}, {"end_fid": 30, "subject_tid": 0, "predicate": "lie_behind", "begin_fid": 0, "object_tid": 2}, {"end_fid": 30, "subject_tid": 2, "predicate": "stand_front", "begin_fid": 0, "object_tid": 0}, {"end_fid": 30, "subject_tid": 0, "predicate": "lie_behind", "begin_fid": 0, "object_tid": 3}, {"end_fid": 30, "subject_tid": 3, "predicate": "sit_front", "begin_fid": 0, "object_tid": 0}, {"end_fid": 30, "subject_tid": 0, "predicate": "lie_behind", "begin_fid": 0, "object_tid": 4}, {"end_fid": 30, "subject_tid": 4, "predicate": "stand_front", "begin_fid": 0, "object_tid": 0}, {"end_fid": 30, "subject_tid": 0, "predicate": "lie_behind", "begin_fid": 0, "object_tid": 5}, {"end_fid": 30, "subject_tid": 0, "predicate": "lie_left", "begin_fid": 0, "object_tid": 5}, {"end_fid": 30, "subject_tid": 5, "predicate": "stand_front", "begin_fid": 0, "object_tid": 0}, {"end_fid": 30, "subject_tid": 5, "predicate": "stand_right", "begin_fid": 0, "object_tid": 0}, {"end_fid": 30, "subject_tid": 0, "predicate": "lie_right", "begin_fid": 0, "object_tid": 6}, {"end_fid": 30, "subject_tid": 0, "predicate": "lie_front", "begin_fid": 0, "object_tid": 6}, {"end_fid": 30, "subject_tid": 6, "predicate": "stand_behind", "begin_fid": 0, "object_tid": 0}, {"end_fid": 30, "subject_tid": 6, "predicate": "stand_left", "begin_fid": 0, "object_tid": 0}, {"end_fid": 30, "subject_tid": 1, "predicate": "stand_behind", "begin_fid": 0, "object_tid": 2}, {"end_fid": 30, "subject_tid": 1, "predicate": "taller", "begin_fid": 0, "object_tid": 2}, {"end_fid": 30, "subject_tid": 1, "predicate": "larger", "begin_fid": 0, "object_tid": 2}, {"end_fid": 30, "subject_tid": 2, "predicate": "stand_front", "begin_fid": 0, "object_tid": 1}, {"end_fid": 30, "subject_tid": 1, "predicate": "stand_behind", "begin_fid": 0, "object_tid": 3}, {"end_fid": 30, "subject_tid": 1, "predicate": "taller", "begin_fid": 0, "object_tid": 3}, {"end_fid": 30, "subject_tid": 1, "predicate": "larger", "begin_fid": 0, "object_tid": 3}, {"end_fid": 30, "subject_tid": 3, "predicate": "sit_front", "begin_fid": 0, "object_tid": 1}, {"end_fid": 30, "subject_tid": 1, "predicate": "stand_behind", "begin_fid": 0, "object_tid": 4}, {"end_fid": 30, "subject_tid": 1, "predicate": "taller", "begin_fid": 0, "object_tid": 4}, {"end_fid": 30, "subject_tid": 1, "predicate": "larger", "begin_fid": 0, "object_tid": 4}, {"end_fid": 30, "subject_tid": 4, "predicate": "stand_front", "begin_fid": 0, "object_tid": 1}, {"end_fid": 30, "subject_tid": 1, "predicate": "stand_behind", "begin_fid": 0, "object_tid": 5}, {"end_fid": 30, "subject_tid": 1, "predicate": "stand_left", "begin_fid": 0, "object_tid": 5}, {"end_fid": 30, "subject_tid": 5, "predicate": "stand_front", "begin_fid": 0, "object_tid": 1}, {"end_fid": 30, "subject_tid": 5, "predicate": "stand_right", "begin_fid": 0, "object_tid": 1}, {"end_fid": 30, "subject_tid": 1, "predicate": "stand_right", "begin_fid": 0, "object_tid": 6}, {"end_fid": 30, "subject_tid": 1, "predicate": "taller", "begin_fid": 0, "object_tid": 6}, {"end_fid": 30, "subject_tid": 1, "predicate": "larger", "begin_fid": 0, "object_tid": 6}, {"end_fid": 30, "subject_tid": 6, "predicate": "stand_left", "begin_fid": 0, "object_tid": 1}, {"end_fid": 30, "subject_tid": 2, "predicate": "stand_next_to", "begin_fid": 0, "object_tid": 3}, {"end_fid": 30, "subject_tid": 2, "predicate": "stand_left", "begin_fid": 0, "object_tid": 3}, {"end_fid": 30, "subject_tid": 3, "predicate": "sit_next_to", "begin_fid": 0, "object_tid": 2}, {"end_fid": 30, "subject_tid": 3, "predicate": "sit_right", "begin_fid": 0, "object_tid": 2}, {"end_fid": 30, "subject_tid": 2, "predicate": "stand_left", "begin_fid": 0, "object_tid": 4}, {"end_fid": 30, "subject_tid": 4, "predicate": "stand_right", "begin_fid": 0, "object_tid": 2}, {"end_fid": 30, "subject_tid": 2, "predicate": "stand_behind", "begin_fid": 0, "object_tid": 5}, {"end_fid": 30, "subject_tid": 2, "predicate": "stand_left", "begin_fid": 0, "object_tid": 5}, {"end_fid": 30, "subject_tid": 2, "predicate": "watch", "begin_fid": 0, "object_tid": 5}, {"end_fid": 30, "subject_tid": 5, "predicate": "stand_front", "begin_fid": 0, "object_tid": 2}, {"end_fid": 30, "subject_tid": 5, "predicate": "stand_right", "begin_fid": 0, "object_tid": 2}, {"end_fid": 30, "subject_tid": 5, "predicate": "watch", "begin_fid": 0, "object_tid": 2}, {"end_fid": 30, "subject_tid": 2, "predicate": "stand_right", "begin_fid": 0, "object_tid": 6}, {"end_fid": 30, "subject_tid": 2, "predicate": "stand_front", "begin_fid": 0, "object_tid": 6}, {"end_fid": 30, "subject_tid": 6, "predicate": "stand_behind", "begin_fid": 0, "object_tid": 2}, {"end_fid": 30, "subject_tid": 6, "predicate": "stand_left", "begin_fid": 0, "object_tid": 2}, {"end_fid": 30, "subject_tid": 3, "predicate": "sit_next_to", "begin_fid": 0, "object_tid": 4}, {"end_fid": 30, "subject_tid": 3, "predicate": "sit_left", "begin_fid": 0, "object_tid": 4}, {"end_fid": 30, "subject_tid": 4, "predicate": "stand_next_to", "begin_fid": 0, "object_tid": 3}, {"end_fid": 30, "subject_tid": 4, "predicate": "stand_right", "begin_fid": 0, "object_tid": 3}, {"end_fid": 30, "subject_tid": 4, "predicate": "taller", "begin_fid": 0, "object_tid": 3}, {"end_fid": 30, "subject_tid": 3, "predicate": "sit_behind", "begin_fid": 0, "object_tid": 5}, {"end_fid": 30, "subject_tid": 3, "predicate": "sit_left", "begin_fid": 0, "object_tid": 5}, {"end_fid": 30, "subject_tid": 3, "predicate": "watch", "begin_fid": 0, "object_tid": 5}, {"end_fid": 30, "subject_tid": 5, "predicate": "stand_front", "begin_fid": 0, "object_tid": 3}, {"end_fid": 30, "subject_tid": 5, "predicate": "stand_right", "begin_fid": 0, "object_tid": 3}, {"end_fid": 30, "subject_tid": 5, "predicate": "watch", "begin_fid": 0, "object_tid": 3}, {"end_fid": 30, "subject_tid": 3, "predicate": "sit_right", "begin_fid": 0, "object_tid": 6}, {"end_fid": 30, "subject_tid": 3, "predicate": "sit_front", "begin_fid": 0, "object_tid": 6}, {"end_fid": 30, "subject_tid": 6, "predicate": "stand_behind", "begin_fid": 0, "object_tid": 3}, {"end_fid": 30, "subject_tid": 6, "predicate": "stand_left", "begin_fid": 0, "object_tid": 3}, {"end_fid": 30, "subject_tid": 4, "predicate": "stand_behind", "begin_fid": 0, "object_tid": 5}, {"end_fid": 30, "subject_tid": 4, "predicate": "stand_left", "begin_fid": 0, "object_tid": 5}, {"end_fid": 30, "subject_tid": 4, "predicate": "watch", "begin_fid": 0, "object_tid": 5}, {"end_fid": 30, "subject_tid": 5, "predicate": "stand_front", "begin_fid": 0, "object_tid": 4}, {"end_fid": 30, "subject_tid": 5, "predicate": "stand_right", "begin_fid": 0, "object_tid": 4}, {"end_fid": 30, "subject_tid": 5, "predicate": "watch", "begin_fid": 0, "object_tid": 4}, {"end_fid": 30, "subject_tid": 4, "predicate": "stand_right", "begin_fid": 0, "object_tid": 6}, {"end_fid": 30, "subject_tid": 4, "predicate": "stand_front", "begin_fid": 0, "object_tid": 6}, {"end_fid": 30, "subject_tid": 6, "predicate": "stand_behind", "begin_fid": 0, "object_tid": 4}, {"end_fid": 30, "subject_tid": 6, "predicate": "stand_left", "begin_fid": 0, "object_tid": 4}, {"end_fid": 30, "subject_tid": 5, "predicate": "stand_right", "begin_fid": 0, "object_tid": 6}, {"end_fid": 30, "subject_tid": 5, "predicate": "stand_front", "begin_fid": 0, "object_tid": 6}, {"end_fid": 30, "subject_tid": 6, "predicate": "stand_behind", "begin_fid": 0, "object_tid": 5}, {"end_fid": 30, "subject_tid": 6, "predicate": "stand_left", "begin_fid": 0, "object_tid": 5}], "height": 720}