{"width": 640, "frame_count": 438, "video_id": "ILSVRC2015_train_00209005", "fps": 30, "trajectories": [[], [], [], [], [], [], [], [], [], [], [], [], [], [], [], [], [], [], [], [], [], [], [], [], [], [], [], [], [], [], [], [], [], [], [], [], [], [], [], [], [], [], [], [], [], [], [], [], [], [], [], [], [], [], [], [], [], [], [], [], [{"tid": 2, "generated": 0, "bbox": {"xmin": 264, "ymin": 197, "ymax": 340, "xmax": 416}}, {"tid": 7, "generated": 0, "bbox": {"xmin": 39, "ymin": 312, "ymax": 383, "xmax": 150}}], [{"tid": 2, "generated": 0, "bbox": {"xmin": 264, "ymin": 197, "ymax": 340, "xmax": 419}}, {"tid": 7, "generated": 0, "bbox": {"xmin": 42, "ymin": 312, "ymax": 383, "xmax": 154}}], [{"tid": 2, "generated": 0, "bbox": {"xmin": 264, "ymin": 197, "ymax": 340, "xmax": 422}}, {"tid": 7, "generated": 0, "bbox": {"xmin": 46, "ymin": 312, "ymax": 383, "xmax": 159}}], [{"tid": 2, "generated": 0, "bbox": {"xmin": 264, "ymin": 197, "ymax": 340, "xmax": 425}}, {"tid": 7, "generated": 0, "bbox": {"xmin": 49, "ymin": 312, "ymax": 383, "xmax": 162}}], [{"tid": 2, "generated": 0, "bbox": {"xmin": 264, "ymin": 197, "ymax": 340, "xmax": 428}}, {"tid": 7, "generated": 0, "bbox": {"xmin": 53, "ymin": 312, "ymax": 383, "xmax": 166}}], [{"tid": 2, "generated": 0, "bbox": {"xmin": 264, "ymin": 197, "ymax": 340, "xmax": 432}}, {"tid": 7, "generated": 0, "bbox": {"xmin": 57, "ymin": 312, "ymax": 383, "xmax": 170}}], [{"tid": 2, "generated": 0, "bbox": {"xmin": 264, "ymin": 197, "ymax": 340, "xmax": 435}}, {"tid": 7, "generated": 0, "bbox": {"xmin": 61, "ymin": 312, "ymax": 383, "xmax": 174}}], [{"tid": 2, "generated": 0, "bbox": {"xmin": 264, "ymin": 197, "ymax": 340, "xmax": 438}}, {"tid": 7, "generated": 0, "bbox": {"xmin": 65, "ymin": 312, "ymax": 383, "xmax": 178}}], [{"tid": 2, "generated": 0, "bbox": {"xmin": 264, "ymin": 197, "ymax": 340, "xmax": 441}}, {"tid": 7, "generated": 0, "bbox": {"xmin": 68, "ymin": 312, "ymax": 383, "xmax": 181}}], [{"tid": 2, "generated": 0, "bbox": {"xmin": 264, "ymin": 197, "ymax": 340, "xmax": 444}}, {"tid": 7, "generated": 0, "bbox": {"xmin": 72, "ymin": 312, "ymax": 383, "xmax": 185}}], [{"tid": 2, "generated": 0, "bbox": {"xmin": 265, "ymin": 198, "ymax": 341, "xmax": 448}}, {"tid": 7, "generated": 0, "bbox": {"xmin": 76, "ymin": 312, "ymax": 383, "xmax": 189}}], [{"tid": 2, "generated": 0, "bbox": {"xmin": 266, "ymin": 198, "ymax": 340, "xmax": 449}}, {"tid": 7, "generated": 0, "bbox": {"xmin": 80, "ymin": 312, "ymax": 383, "xmax": 193}}], [{"tid": 2, "generated": 0, "bbox": {"xmin": 267, "ymin": 199, "ymax": 340, "xmax": 450}}, {"tid": 7, "generated": 0, "bbox": {"xmin": 84, "ymin": 313, "ymax": 384, "xmax": 197}}], [{"tid": 2, "generated": 0, "bbox": {"xmin": 268, "ymin": 200, "ymax": 339, "xmax": 451}}, {"tid": 7, "generated": 0, "bbox": {"xmin": 88, "ymin": 312, "ymax": 384, "xmax": 201}}], [{"tid": 2, "generated": 0, "bbox": {"xmin": 269, "ymin": 200, "ymax": 339, "xmax": 452}}, {"tid": 7, "generated": 0, "bbox": {"xmin": 93, "ymin": 312, "ymax": 384, "xmax": 206}}], [{"tid": 2, "generated": 0, "bbox": {"xmin": 271, "ymin": 201, "ymax": 338, "xmax": 454}}, {"tid": 7, "generated": 0, "bbox": {"xmin": 98, "ymin": 312, "ymax": 384, "xmax": 211}}], [{"tid": 2, "generated": 0, "bbox": {"xmin": 272, "ymin": 202, "ymax": 338, "xmax": 455}}, {"tid": 7, "generated": 0, "bbox": {"xmin": 103, "ymin": 312, "ymax": 384, "xmax": 216}}], [{"tid": 2, "generated": 0, "bbox": {"xmin": 273, "ymin": 202, "ymax": 337, "xmax": 456}}, {"tid": 7, "generated": 0, "bbox": {"xmin": 108, "ymin": 312, "ymax": 384, "xmax": 221}}], [{"tid": 2, "generated": 0, "bbox": {"xmin": 274, "ymin": 203, "ymax": 337, "xmax": 457}}, {"tid": 7, "generated": 0, "bbox": {"xmin": 113, "ymin": 312, "ymax": 384, "xmax": 226}}], [{"tid": 2, "generated": 0, "bbox": {"xmin": 275, "ymin": 204, "ymax": 336, "xmax": 458}}, {"tid": 7, "generated": 0, "bbox": {"xmin": 118, "ymin": 312, "ymax": 384, "xmax": 231}}], [{"tid": 2, "generated": 0, "bbox": {"xmin": 277, "ymin": 205, "ymax": 336, "xmax": 460}}, {"tid": 7, "generated": 0, "bbox": {"xmin": 123, "ymin": 312, "ymax": 384, "xmax": 236}}], [{"tid": 2, "generated": 0, "bbox": {"xmin": 281, "ymin": 204, "ymax": 335, "xmax": 460}}, {"tid": 7, "generated": 0, "bbox": {"xmin": 128, "ymin": 312, "ymax": 384, "xmax": 241}}], [{"tid": 2, "generated": 0, "bbox": {"xmin": 285, "ymin": 204, "ymax": 335, "xmax": 460}}, {"tid": 7, "generated": 0, "bbox": {"xmin": 133, "ymin": 312, "ymax": 384, "xmax": 246}}], [{"tid": 2, "generated": 0, "bbox": {"xmin": 283, "ymin": 203, "ymax": 333, "xmax": 460}}, {"tid": 7, "generated": 0, "bbox": {"xmin": 135, "ymin": 312, "ymax": 384, "xmax": 248}}], [{"tid": 2, "generated": 0, "bbox": {"xmin": 282, "ymin": 202, "ymax": 331, "xmax": 461}}, {"tid": 7, "generated": 0, "bbox": {"xmin": 138, "ymin": 312, "ymax": 384, "xmax": 251}}], [{"tid": 2, "generated": 0, "bbox": {"xmin": 281, "ymin": 201, "ymax": 329, "xmax": 462}}, {"tid": 7, "generated": 0, "bbox": {"xmin": 140, "ymin": 312, "ymax": 384, "xmax": 253}}], [{"tid": 2, "generated": 0, "bbox": {"xmin": 280, "ymin": 201, "ymax": 328, "xmax": 463}}, {"tid": 7, "generated": 0, "bbox": {"xmin": 143, "ymin": 312, "ymax": 384, "xmax": 256}}], [{"tid": 2, "generated": 0, "bbox": {"xmin": 270, "ymin": 200, "ymax": 326, "xmax": 463}}, {"tid": 7, "generated": 0, "bbox": {"xmin": 146, "ymin": 312, "ymax": 384, "xmax": 259}}], [{"tid": 2, "generated": 0, "bbox": {"xmin": 260, "ymin": 200, "ymax": 324, "xmax": 463}}, {"tid": 7, "generated": 0, "bbox": {"xmin": 148, "ymin": 312, "ymax": 384, "xmax": 261}}], [{"tid": 2, "generated": 0, "bbox": {"xmin": 250, "ymin": 200, "ymax": 322, "xmax": 463}}, {"tid": 7, "generated": 0, "bbox": {"xmin": 151, "ymin": 312, "ymax": 384, "xmax": 264}}], [], [], [], [], [], [], [], [], [], [], [], [], [], [], [], [], [], [], [], [], [], [], [], [], [], [], [], [], [], [], [{"tid": 2, "generated": 0, "bbox": {"xmin": 224, "ymin": 204, "ymax": 336, "xmax": 397}}, {"tid": 7, "generated": 0, "bbox": {"xmin": 166, "ymin": 311, "ymax": 382, "xmax": 279}}], [{"tid": 2, "generated": 0, "bbox": {"xmin": 224, "ymin": 204, "ymax": 336, "xmax": 395}}, {"tid": 7, "generated": 0, "bbox": {"xmin": 166, "ymin": 311, "ymax": 382, "xmax": 279}}], [{"tid": 2, "generated": 0, "bbox": {"xmin": 224, "ymin": 204, "ymax": 336, "xmax": 394}}, {"tid": 7, "generated": 0, "bbox": {"xmin": 167, "ymin": 311, "ymax": 382, "xmax": 280}}], [{"tid": 2, "generated": 0, "bbox": {"xmin": 224, "ymin": 204, "ymax": 336, "xmax": 393}}, {"tid": 7, "generated": 0, "bbox": {"xmin": 167, "ymin": 311, "ymax": 382, "xmax": 280}}], [{"tid": 2, "generated": 0, "bbox": {"xmin": 224, "ymin": 204, "ymax": 336, "xmax": 391}}, {"tid": 7, "generated": 0, "bbox": {"xmin": 168, "ymin": 311, "ymax": 382, "xmax": 281}}], [{"tid": 2, "generated": 0, "bbox": {"xmin": 224, "ymin": 204, "ymax": 336, "xmax": 390}}, {"tid": 7, "generated": 0, "bbox": {"xmin": 169, "ymin": 311, "ymax": 382, "xmax": 282}}], [{"tid": 2, "generated": 0, "bbox": {"xmin": 224, "ymin": 204, "ymax": 336, "xmax": 389}}, {"tid": 7, "generated": 0, "bbox": {"xmin": 170, "ymin": 311, "ymax": 382, "xmax": 283}}], [{"tid": 2, "generated": 0, "bbox": {"xmin": 224, "ymin": 204, "ymax": 336, "xmax": 387}}, {"tid": 7, "generated": 0, "bbox": {"xmin": 171, "ymin": 311, "ymax": 382, "xmax": 284}}], [{"tid": 2, "generated": 0, "bbox": {"xmin": 224, "ymin": 204, "ymax": 336, "xmax": 386}}, {"tid": 7, "generated": 0, "bbox": {"xmin": 172, "ymin": 311, "ymax": 382, "xmax": 285}}], [{"tid": 2, "generated": 0, "bbox": {"xmin": 224, "ymin": 204, "ymax": 336, "xmax": 385}}, {"tid": 7, "generated": 0, "bbox": {"xmin": 173, "ymin": 311, "ymax": 382, "xmax": 286}}], [{"tid": 2, "generated": 0, "bbox": {"xmin": 224, "ymin": 204, "ymax": 336, "xmax": 384}}, {"tid": 7, "generated": 0, "bbox": {"xmin": 174, "ymin": 311, "ymax": 382, "xmax": 287}}], [{"tid": 2, "generated": 0, "bbox": {"xmin": 222, "ymin": 204, "ymax": 336, "xmax": 384}}, {"tid": 7, "generated": 0, "bbox": {"xmin": 175, "ymin": 311, "ymax": 382, "xmax": 288}}], [{"tid": 2, "generated": 0, "bbox": {"xmin": 220, "ymin": 204, "ymax": 336, "xmax": 385}}, {"tid": 7, "generated": 0, "bbox": {"xmin": 176, "ymin": 311, "ymax": 382, "xmax": 289}}], [{"tid": 2, "generated": 0, "bbox": {"xmin": 219, "ymin": 204, "ymax": 337, "xmax": 386}}, {"tid": 7, "generated": 0, "bbox": {"xmin": 178, "ymin": 311, "ymax": 382, "xmax": 291}}], [{"tid": 2, "generated": 0, "bbox": {"xmin": 217, "ymin": 204, "ymax": 337, "xmax": 387}}, {"tid": 7, "generated": 0, "bbox": {"xmin": 181, "ymin": 311, "ymax": 382, "xmax": 294}}], [{"tid": 2, "generated": 0, "bbox": {"xmin": 216, "ymin": 204, "ymax": 338, "xmax": 388}}, {"tid": 7, "generated": 0, "bbox": {"xmin": 184, "ymin": 311, "ymax": 382, "xmax": 297}}], [{"tid": 2, "generated": 0, "bbox": {"xmin": 214, "ymin": 204, "ymax": 338, "xmax": 389}}, {"tid": 7, "generated": 0, "bbox": {"xmin": 187, "ymin": 311, "ymax": 382, "xmax": 300}}], [{"tid": 2, "generated": 0, "bbox": {"xmin": 212, "ymin": 204, "ymax": 338, "xmax": 390}}, {"tid": 7, "generated": 0, "bbox": {"xmin": 190, "ymin": 311, "ymax": 382, "xmax": 303}}], [{"tid": 2, "generated": 0, "bbox": {"xmin": 211, "ymin": 204, "ymax": 339, "xmax": 391}}, {"tid": 7, "generated": 0, "bbox": {"xmin": 192, "ymin": 311, "ymax": 382, "xmax": 305}}], [{"tid": 2, "generated": 0, "bbox": {"xmin": 209, "ymin": 204, "ymax": 339, "xmax": 392}}, {"tid": 7, "generated": 0, "bbox": {"xmin": 195, "ymin": 311, "ymax": 382, "xmax": 308}}], [{"tid": 2, "generated": 0, "bbox": {"xmin": 208, "ymin": 204, "ymax": 340, "xmax": 393}}, {"tid": 7, "generated": 0, "bbox": {"xmin": 198, "ymin": 311, "ymax": 382, "xmax": 311}}], [{"tid": 2, "generated": 0, "bbox": {"xmin": 207, "ymin": 204, "ymax": 340, "xmax": 391}}, {"tid": 7, "generated": 0, "bbox": {"xmin": 201, "ymin": 311, "ymax": 382, "xmax": 314}}], [{"tid": 2, "generated": 0, "bbox": {"xmin": 207, "ymin": 204, "ymax": 340, "xmax": 389}}, {"tid": 7, "generated": 0, "bbox": {"xmin": 204, "ymin": 311, "ymax": 382, "xmax": 317}}], [{"tid": 2, "generated": 0, "bbox": {"xmin": 206, "ymin": 204, "ymax": 340, "xmax": 387}}, {"tid": 7, "generated": 0, "bbox": {"xmin": 207, "ymin": 311, "ymax": 382, "xmax": 320}}], [{"tid": 2, "generated": 0, "bbox": {"xmin": 206, "ymin": 204, "ymax": 340, "xmax": 386}}, {"tid": 7, "generated": 0, "bbox": {"xmin": 210, "ymin": 311, "ymax": 382, "xmax": 323}}], [{"tid": 2, "generated": 0, "bbox": {"xmin": 206, "ymin": 204, "ymax": 340, "xmax": 384}}, {"tid": 7, "generated": 0, "bbox": {"xmin": 213, "ymin": 311, "ymax": 382, "xmax": 326}}], [{"tid": 2, "generated": 0, "bbox": {"xmin": 205, "ymin": 204, "ymax": 340, "xmax": 382}}, {"tid": 7, "generated": 0, "bbox": {"xmin": 217, "ymin": 311, "ymax": 382, "xmax": 330}}], [{"tid": 2, "generated": 0, "bbox": {"xmin": 205, "ymin": 204, "ymax": 340, "xmax": 381}}, {"tid": 7, "generated": 0, "bbox": {"xmin": 220, "ymin": 311, "ymax": 382, "xmax": 333}}], [{"tid": 2, "generated": 0, "bbox": {"xmin": 204, "ymin": 204, "ymax": 340, "xmax": 379}}, {"tid": 7, "generated": 0, "bbox": {"xmin": 223, "ymin": 311, "ymax": 382, "xmax": 336}}], [{"tid": 2, "generated": 0, "bbox": {"xmin": 204, "ymin": 204, "ymax": 340, "xmax": 377}}, {"tid": 7, "generated": 0, "bbox": {"xmin": 227, "ymin": 311, "ymax": 382, "xmax": 340}}], [], [], [], [], [], [], [], [], [], [], [], [], [], [], [], [], [], [], [], [], [], [], [], [], [], [], [], [], [], [], [], [], [], [], [], [], [], [], [], [], [], [], [], [], [], [{"tid": 2, "generated": 0, "bbox": {"xmin": 244, "ymin": 198, "ymax": 335, "xmax": 386}}, {"tid": 3, "generated": 0, "bbox": {"xmin": 0, "ymin": 149, "ymax": 271, "xmax": 135}}, {"tid": 4, "generated": 0, "bbox": {"xmin": 0, "ymin": 232, "ymax": 339, "xmax": 76}}, {"tid": 7, "generated": 0, "bbox": {"xmin": 306, "ymin": 310, "ymax": 383, "xmax": 443}}], [{"tid": 2, "generated": 0, "bbox": {"xmin": 245, "ymin": 199, "ymax": 335, "xmax": 388}}, {"tid": 3, "generated": 0, "bbox": {"xmin": 0, "ymin": 149, "ymax": 271, "xmax": 135}}, {"tid": 4, "generated": 0, "bbox": {"xmin": 0, "ymin": 232, "ymax": 339, "xmax": 76}}, {"tid": 7, "generated": 0, "bbox": {"xmin": 305, "ymin": 311, "ymax": 385, "xmax": 447}}], [{"tid": 2, "generated": 0, "bbox": {"xmin": 246, "ymin": 201, "ymax": 335, "xmax": 390}}, {"tid": 3, "generated": 0, "bbox": {"xmin": 0, "ymin": 149, "ymax": 272, "xmax": 136}}, {"tid": 4, "generated": 0, "bbox": {"xmin": 0, "ymin": 232, "ymax": 340, "xmax": 77}}, {"tid": 7, "generated": 0, "bbox": {"xmin": 304, "ymin": 312, "ymax": 388, "xmax": 452}}], [{"tid": 2, "generated": 0, "bbox": {"xmin": 246, "ymin": 200, "ymax": 334, "xmax": 392}}, {"tid": 3, "generated": 0, "bbox": {"xmin": 1, "ymin": 149, "ymax": 272, "xmax": 138}}, {"tid": 4, "generated": 0, "bbox": {"xmin": 1, "ymin": 232, "ymax": 339, "xmax": 79}}, {"tid": 7, "generated": 0, "bbox": {"xmin": 305, "ymin": 311, "ymax": 387, "xmax": 453}}], [{"tid": 2, "generated": 0, "bbox": {"xmin": 246, "ymin": 200, "ymax": 334, "xmax": 395}}, {"tid": 3, "generated": 0, "bbox": {"xmin": 2, "ymin": 149, "ymax": 272, "xmax": 140}}, {"tid": 4, "generated": 0, "bbox": {"xmin": 2, "ymin": 232, "ymax": 339, "xmax": 82}}, {"tid": 7, "generated": 0, "bbox": {"xmin": 307, "ymin": 310, "ymax": 386, "xmax": 454}}], [{"tid": 2, "generated": 0, "bbox": {"xmin": 246, "ymin": 200, "ymax": 334, "xmax": 397}}, {"tid": 3, "generated": 0, "bbox": {"xmin": 4, "ymin": 149, "ymax": 273, "xmax": 143}}, {"tid": 4, "generated": 0, "bbox": {"xmin": 3, "ymin": 232, "ymax": 338, "xmax": 84}}, {"tid": 7, "generated": 0, "bbox": {"xmin": 308, "ymin": 309, "ymax": 385, "xmax": 455}}], [{"tid": 2, "generated": 0, "bbox": {"xmin": 246, "ymin": 200, "ymax": 334, "xmax": 400}}, {"tid": 3, "generated": 0, "bbox": {"xmin": 5, "ymin": 150, "ymax": 273, "xmax": 145}}, {"tid": 4, "generated": 0, "bbox": {"xmin": 4, "ymin": 232, "ymax": 338, "xmax": 87}}, {"tid": 7, "generated": 0, "bbox": {"xmin": 310, "ymin": 308, "ymax": 385, "xmax": 456}}], [{"tid": 2, "generated": 0, "bbox": {"xmin": 246, "ymin": 200, "ymax": 334, "xmax": 403}}, {"tid": 3, "generated": 0, "bbox": {"xmin": 7, "ymin": 150, "ymax": 274, "xmax": 148}}, {"tid": 4, "generated": 0, "bbox": {"xmin": 6, "ymin": 232, "ymax": 338, "xmax": 89}}, {"tid": 7, "generated": 0, "bbox": {"xmin": 311, "ymin": 308, "ymax": 384, "xmax": 458}}], [{"tid": 2, "generated": 0, "bbox": {"xmin": 246, "ymin": 200, "ymax": 333, "xmax": 405}}, {"tid": 3, "generated": 0, "bbox": {"xmin": 8, "ymin": 150, "ymax": 274, "xmax": 150}}, {"tid": 4, "generated": 0, "bbox": {"xmin": 7, "ymin": 232, "ymax": 337, "xmax": 92}}, {"tid": 7, "generated": 0, "bbox": {"xmin": 313, "ymin": 307, "ymax": 383, "xmax": 459}}], [{"tid": 2, "generated": 0, "bbox": {"xmin": 246, "ymin": 200, "ymax": 333, "xmax": 408}}, {"tid": 3, "generated": 0, "bbox": {"xmin": 9, "ymin": 151, "ymax": 274, "xmax": 152}}, {"tid": 4, "generated": 0, "bbox": {"xmin": 8, "ymin": 232, "ymax": 337, "xmax": 94}}, {"tid": 7, "generated": 0, "bbox": {"xmin": 314, "ymin": 306, "ymax": 383, "xmax": 460}}], [{"tid": 2, "generated": 0, "bbox": {"xmin": 246, "ymin": 200, "ymax": 333, "xmax": 410}}, {"tid": 3, "generated": 0, "bbox": {"xmin": 11, "ymin": 151, "ymax": 275, "xmax": 155}}, {"tid": 4, "generated": 0, "bbox": {"xmin": 9, "ymin": 232, "ymax": 336, "xmax": 97}}, {"tid": 7, "generated": 0, "bbox": {"xmin": 316, "ymin": 305, "ymax": 382, "xmax": 461}}], [{"tid": 2, "generated": 0, "bbox": {"xmin": 246, "ymin": 200, "ymax": 333, "xmax": 413}}, {"tid": 3, "generated": 0, "bbox": {"xmin": 12, "ymin": 151, "ymax": 275, "xmax": 157}}, {"tid": 4, "generated": 0, "bbox": {"xmin": 10, "ymin": 232, "ymax": 336, "xmax": 99}}, {"tid": 7, "generated": 0, "bbox": {"xmin": 317, "ymin": 304, "ymax": 381, "xmax": 462}}], [{"tid": 2, "generated": 0, "bbox": {"xmin": 247, "ymin": 200, "ymax": 333, "xmax": 416}}, {"tid": 3, "generated": 0, "bbox": {"xmin": 14, "ymin": 152, "ymax": 276, "xmax": 160}}, {"tid": 4, "generated": 0, "bbox": {"xmin": 12, "ymin": 232, "ymax": 336, "xmax": 102}}, {"tid": 7, "generated": 0, "bbox": {"xmin": 319, "ymin": 304, "ymax": 381, "xmax": 464}}], [{"tid": 2, "generated": 0, "bbox": {"xmin": 245, "ymin": 200, "ymax": 333, "xmax": 415}}, {"tid": 3, "generated": 0, "bbox": {"xmin": 14, "ymin": 152, "ymax": 276, "xmax": 160}}, {"tid": 4, "generated": 0, "bbox": {"xmin": 12, "ymin": 232, "ymax": 336, "xmax": 102}}, {"tid": 7, "generated": 0, "bbox": {"xmin": 319, "ymin": 303, "ymax": 381, "xmax": 461}}], [{"tid": 2, "generated": 0, "bbox": {"xmin": 243, "ymin": 200, "ymax": 333, "xmax": 415}}, {"tid": 3, "generated": 0, "bbox": {"xmin": 15, "ymin": 152, "ymax": 276, "xmax": 161}}, {"tid": 4, "generated": 0, "bbox": {"xmin": 12, "ymin": 232, "ymax": 336, "xmax": 103}}, {"tid": 7, "generated": 0, "bbox": {"xmin": 320, "ymin": 303, "ymax": 381, "xmax": 459}}], [{"tid": 2, "generated": 0, "bbox": {"xmin": 241, "ymin": 200, "ymax": 333, "xmax": 415}}, {"tid": 3, "generated": 0, "bbox": {"xmin": 15, "ymin": 152, "ymax": 276, "xmax": 162}}, {"tid": 4, "generated": 0, "bbox": {"xmin": 13, "ymin": 232, "ymax": 336, "xmax": 103}}, {"tid": 7, "generated": 0, "bbox": {"xmin": 320, "ymin": 303, "ymax": 381, "xmax": 456}}], [{"tid": 2, "generated": 0, "bbox": {"xmin": 240, "ymin": 200, "ymax": 333, "xmax": 415}}, {"tid": 3, "generated": 0, "bbox": {"xmin": 16, "ymin": 152, "ymax": 276, "xmax": 162}}, {"tid": 4, "generated": 0, "bbox": {"xmin": 13, "ymin": 232, "ymax": 336, "xmax": 104}}, {"tid": 7, "generated": 0, "bbox": {"xmin": 321, "ymin": 303, "ymax": 382, "xmax": 454}}], [{"tid": 2, "generated": 0, "bbox": {"xmin": 238, "ymin": 200, "ymax": 333, "xmax": 415}}, {"tid": 3, "generated": 0, "bbox": {"xmin": 17, "ymin": 152, "ymax": 276, "xmax": 163}}, {"tid": 4, "generated": 0, "bbox": {"xmin": 14, "ymin": 232, "ymax": 336, "xmax": 105}}, {"tid": 7, "generated": 0, "bbox": {"xmin": 322, "ymin": 303, "ymax": 382, "xmax": 452}}], [{"tid": 2, "generated": 0, "bbox": {"xmin": 236, "ymin": 200, "ymax": 333, "xmax": 415}}, {"tid": 3, "generated": 0, "bbox": {"xmin": 17, "ymin": 152, "ymax": 276, "xmax": 164}}, {"tid": 4, "generated": 0, "bbox": {"xmin": 14, "ymin": 232, "ymax": 336, "xmax": 105}}, {"tid": 7, "generated": 0, "bbox": {"xmin": 322, "ymin": 302, "ymax": 382, "xmax": 449}}], [{"tid": 2, "generated": 0, "bbox": {"xmin": 235, "ymin": 200, "ymax": 333, "xmax": 415}}, {"tid": 3, "generated": 0, "bbox": {"xmin": 18, "ymin": 152, "ymax": 276, "xmax": 164}}, {"tid": 4, "generated": 0, "bbox": {"xmin": 14, "ymin": 232, "ymax": 336, "xmax": 106}}, {"tid": 7, "generated": 0, "bbox": {"xmin": 323, "ymin": 302, "ymax": 383, "xmax": 447}}], [{"tid": 2, "generated": 0, "bbox": {"xmin": 233, "ymin": 200, "ymax": 333, "xmax": 415}}, {"tid": 3, "generated": 0, "bbox": {"xmin": 18, "ymin": 152, "ymax": 276, "xmax": 165}}, {"tid": 4, "generated": 0, "bbox": {"xmin": 15, "ymin": 232, "ymax": 336, "xmax": 106}}, {"tid": 7, "generated": 0, "bbox": {"xmin": 323, "ymin": 302, "ymax": 383, "xmax": 444}}], [{"tid": 2, "generated": 0, "bbox": {"xmin": 231, "ymin": 200, "ymax": 333, "xmax": 415}}, {"tid": 3, "generated": 0, "bbox": {"xmin": 19, "ymin": 152, "ymax": 276, "xmax": 166}}, {"tid": 4, "generated": 0, "bbox": {"xmin": 15, "ymin": 232, "ymax": 336, "xmax": 107}}, {"tid": 7, "generated": 0, "bbox": {"xmin": 324, "ymin": 302, "ymax": 383, "xmax": 442}}], [{"tid": 2, "generated": 0, "bbox": {"xmin": 230, "ymin": 200, "ymax": 333, "xmax": 415}}, {"tid": 3, "generated": 0, "bbox": {"xmin": 20, "ymin": 152, "ymax": 276, "xmax": 167}}, {"tid": 4, "generated": 0, "bbox": {"xmin": 16, "ymin": 232, "ymax": 336, "xmax": 108}}, {"tid": 7, "generated": 0, "bbox": {"xmin": 325, "ymin": 302, "ymax": 384, "xmax": 440}}], [{"tid": 2, "generated": 0, "bbox": {"xmin": 224, "ymin": 200, "ymax": 332, "xmax": 412}}, {"tid": 3, "generated": 0, "bbox": {"xmin": 20, "ymin": 151, "ymax": 275, "xmax": 166}}, {"tid": 4, "generated": 0, "bbox": {"xmin": 15, "ymin": 229, "ymax": 335, "xmax": 108}}, {"tid": 7, "generated": 0, "bbox": {"xmin": 325, "ymin": 302, "ymax": 384, "xmax": 440}}], [{"tid": 2, "generated": 0, "bbox": {"xmin": 218, "ymin": 200, "ymax": 332, "xmax": 410}}, {"tid": 3, "generated": 0, "bbox": {"xmin": 21, "ymin": 151, "ymax": 275, "xmax": 166}}, {"tid": 4, "generated": 0, "bbox": {"xmin": 15, "ymin": 227, "ymax": 335, "xmax": 108}}, {"tid": 7, "generated": 0, "bbox": {"xmin": 325, "ymin": 302, "ymax": 384, "xmax": 440}}], [{"tid": 2, "generated": 0, "bbox": {"xmin": 213, "ymin": 200, "ymax": 332, "xmax": 408}}, {"tid": 3, "generated": 0, "bbox": {"xmin": 21, "ymin": 151, "ymax": 275, "xmax": 166}}, {"tid": 4, "generated": 0, "bbox": {"xmin": 15, "ymin": 225, "ymax": 335, "xmax": 108}}, {"tid": 7, "generated": 0, "bbox": {"xmin": 325, "ymin": 302, "ymax": 384, "xmax": 440}}], [{"tid": 2, "generated": 0, "bbox": {"xmin": 207, "ymin": 200, "ymax": 332, "xmax": 405}}, {"tid": 3, "generated": 0, "bbox": {"xmin": 22, "ymin": 151, "ymax": 274, "xmax": 166}}, {"tid": 4, "generated": 0, "bbox": {"xmin": 15, "ymin": 222, "ymax": 335, "xmax": 108}}, {"tid": 7, "generated": 0, "bbox": {"xmin": 325, "ymin": 302, "ymax": 384, "xmax": 440}}], [{"tid": 2, "generated": 0, "bbox": {"xmin": 202, "ymin": 200, "ymax": 332, "xmax": 403}}, {"tid": 3, "generated": 0, "bbox": {"xmin": 22, "ymin": 151, "ymax": 274, "xmax": 166}}, {"tid": 4, "generated": 0, "bbox": {"xmin": 15, "ymin": 220, "ymax": 335, "xmax": 108}}, {"tid": 7, "generated": 0, "bbox": {"xmin": 325, "ymin": 302, "ymax": 384, "xmax": 440}}], [{"tid": 2, "generated": 0, "bbox": {"xmin": 196, "ymin": 200, "ymax": 332, "xmax": 401}}, {"tid": 3, "generated": 0, "bbox": {"xmin": 23, "ymin": 151, "ymax": 274, "xmax": 166}}, {"tid": 4, "generated": 0, "bbox": {"xmin": 15, "ymin": 218, "ymax": 334, "xmax": 108}}, {"tid": 7, "generated": 0, "bbox": {"xmin": 325, "ymin": 302, "ymax": 384, "xmax": 440}}], [{"tid": 2, "generated": 0, "bbox": {"xmin": 190, "ymin": 200, "ymax": 332, "xmax": 398}}, {"tid": 3, "generated": 0, "bbox": {"xmin": 23, "ymin": 151, "ymax": 273, "xmax": 166}}, {"tid": 4, "generated": 0, "bbox": {"xmin": 15, "ymin": 215, "ymax": 334, "xmax": 108}}, {"tid": 7, "generated": 0, "bbox": {"xmin": 325, "ymin": 302, "ymax": 384, "xmax": 440}}], [], [], [], [], [], [], [], [], [], [], [], [], [], [], [], [], [], [], [], [], [], [], [], [], [], [], [], [], [], [], [], [], [], [], [], [], [], [], [], [], [], [], [], [], [], [], [], [], [], [], [], [], [], [], [], [], [], [], [], [], [{"tid": 2, "generated": 0, "bbox": {"xmin": 268, "ymin": 198, "ymax": 337, "xmax": 480}}, {"tid": 3, "generated": 0, "bbox": {"xmin": 159, "ymin": 151, "ymax": 273, "xmax": 310}}, {"tid": 4, "generated": 0, "bbox": {"xmin": 113, "ymin": 207, "ymax": 340, "xmax": 277}}, {"tid": 5, "generated": 0, "bbox": {"xmin": 4, "ymin": 287, "ymax": 370, "xmax": 113}}, {"tid": 7, "generated": 0, "bbox": {"xmin": 472, "ymin": 303, "ymax": 387, "xmax": 589}}], [{"tid": 2, "generated": 0, "bbox": {"xmin": 264, "ymin": 198, "ymax": 336, "xmax": 480}}, {"tid": 3, "generated": 0, "bbox": {"xmin": 159, "ymin": 151, "ymax": 273, "xmax": 310}}, {"tid": 4, "generated": 0, "bbox": {"xmin": 114, "ymin": 205, "ymax": 340, "xmax": 276}}, {"tid": 5, "generated": 0, "bbox": {"xmin": 5, "ymin": 287, "ymax": 370, "xmax": 113}}, {"tid": 7, "generated": 0, "bbox": {"xmin": 473, "ymin": 303, "ymax": 387, "xmax": 589}}], [{"tid": 2, "generated": 0, "bbox": {"xmin": 260, "ymin": 198, "ymax": 336, "xmax": 480}}, {"tid": 3, "generated": 0, "bbox": {"xmin": 160, "ymin": 151, "ymax": 273, "xmax": 311}}, {"tid": 4, "generated": 0, "bbox": {"xmin": 116, "ymin": 204, "ymax": 340, "xmax": 276}}, {"tid": 5, "generated": 0, "bbox": {"xmin": 6, "ymin": 287, "ymax": 370, "xmax": 114}}, {"tid": 7, "generated": 0, "bbox": {"xmin": 474, "ymin": 303, "ymax": 387, "xmax": 590}}], [{"tid": 2, "generated": 0, "bbox": {"xmin": 260, "ymin": 197, "ymax": 335, "xmax": 476}}, {"tid": 3, "generated": 0, "bbox": {"xmin": 161, "ymin": 151, "ymax": 273, "xmax": 311}}, {"tid": 4, "generated": 0, "bbox": {"xmin": 113, "ymin": 194, "ymax": 330, "xmax": 273}}, {"tid": 5, "generated": 0, "bbox": {"xmin": 6, "ymin": 286, "ymax": 369, "xmax": 115}}, {"tid": 7, "generated": 0, "bbox": {"xmin": 474, "ymin": 303, "ymax": 387, "xmax": 591}}], [{"tid": 2, "generated": 0, "bbox": {"xmin": 260, "ymin": 197, "ymax": 335, "xmax": 473}}, {"tid": 3, "generated": 0, "bbox": {"xmin": 162, "ymin": 151, "ymax": 273, "xmax": 312}}, {"tid": 4, "generated": 0, "bbox": {"xmin": 111, "ymin": 184, "ymax": 320, "xmax": 271}}, {"tid": 5, "generated": 0, "bbox": {"xmin": 7, "ymin": 286, "ymax": 369, "xmax": 115}}, {"tid": 7, "generated": 0, "bbox": {"xmin": 475, "ymin": 303, "ymax": 388, "xmax": 591}}], [{"tid": 2, "generated": 0, "bbox": {"xmin": 260, "ymin": 196, "ymax": 335, "xmax": 470}}, {"tid": 3, "generated": 0, "bbox": {"xmin": 163, "ymin": 151, "ymax": 273, "xmax": 313}}, {"tid": 4, "generated": 0, "bbox": {"xmin": 120, "ymin": 193, "ymax": 329, "xmax": 280}}, {"tid": 5, "generated": 0, "bbox": {"xmin": 7, "ymin": 286, "ymax": 369, "xmax": 116}}, {"tid": 7, "generated": 0, "bbox": {"xmin": 475, "ymin": 303, "ymax": 388, "xmax": 592}}], [{"tid": 2, "generated": 0, "bbox": {"xmin": 260, "ymin": 196, "ymax": 335, "xmax": 467}}, {"tid": 3, "generated": 0, "bbox": {"xmin": 164, "ymin": 151, "ymax": 273, "xmax": 314}}, {"tid": 4, "generated": 0, "bbox": {"xmin": 128, "ymin": 193, "ymax": 329, "xmax": 288}}, {"tid": 5, "generated": 0, "bbox": {"xmin": 8, "ymin": 286, "ymax": 369, "xmax": 116}}, {"tid": 7, "generated": 0, "bbox": {"xmin": 476, "ymin": 303, "ymax": 388, "xmax": 593}}], [{"tid": 2, "generated": 0, "bbox": {"xmin": 261, "ymin": 195, "ymax": 335, "xmax": 464}}, {"tid": 3, "generated": 0, "bbox": {"xmin": 166, "ymin": 151, "ymax": 273, "xmax": 315}}, {"tid": 4, "generated": 0, "bbox": {"xmin": 137, "ymin": 194, "ymax": 330, "xmax": 297}}, {"tid": 5, "generated": 0, "bbox": {"xmin": 9, "ymin": 286, "ymax": 369, "xmax": 117}}, {"tid": 7, "generated": 0, "bbox": {"xmin": 477, "ymin": 303, "ymax": 388, "xmax": 593}}], [{"tid": 2, "generated": 0, "bbox": {"xmin": 261, "ymin": 195, "ymax": 335, "xmax": 461}}, {"tid": 3, "generated": 0, "bbox": {"xmin": 167, "ymin": 151, "ymax": 273, "xmax": 316}}, {"tid": 4, "generated": 0, "bbox": {"xmin": 146, "ymin": 194, "ymax": 330, "xmax": 306}}, {"tid": 5, "generated": 0, "bbox": {"xmin": 9, "ymin": 286, "ymax": 368, "xmax": 117}}, {"tid": 7, "generated": 0, "bbox": {"xmin": 477, "ymin": 303, "ymax": 389, "xmax": 594}}], [{"tid": 2, "generated": 0, "bbox": {"xmin": 261, "ymin": 194, "ymax": 335, "xmax": 458}}, {"tid": 3, "generated": 0, "bbox": {"xmin": 168, "ymin": 151, "ymax": 273, "xmax": 317}}, {"tid": 4, "generated": 0, "bbox": {"xmin": 154, "ymin": 195, "ymax": 331, "xmax": 314}}, {"tid": 5, "generated": 0, "bbox": {"xmin": 10, "ymin": 286, "ymax": 368, "xmax": 118}}, {"tid": 7, "generated": 0, "bbox": {"xmin": 478, "ymin": 303, "ymax": 389, "xmax": 595}}], [{"tid": 2, "generated": 0, "bbox": {"xmin": 261, "ymin": 194, "ymax": 335, "xmax": 455}}, {"tid": 3, "generated": 0, "bbox": {"xmin": 169, "ymin": 151, "ymax": 273, "xmax": 318}}, {"tid": 4, "generated": 0, "bbox": {"xmin": 163, "ymin": 195, "ymax": 331, "xmax": 323}}, {"tid": 5, "generated": 0, "bbox": {"xmin": 10, "ymin": 286, "ymax": 368, "xmax": 118}}, {"tid": 7, "generated": 0, "bbox": {"xmin": 478, "ymin": 303, "ymax": 389, "xmax": 595}}], [{"tid": 2, "generated": 0, "bbox": {"xmin": 261, "ymin": 193, "ymax": 335, "xmax": 452}}, {"tid": 3, "generated": 0, "bbox": {"xmin": 170, "ymin": 151, "ymax": 273, "xmax": 319}}, {"tid": 4, "generated": 0, "bbox": {"xmin": 172, "ymin": 196, "ymax": 332, "xmax": 332}}, {"tid": 5, "generated": 0, "bbox": {"xmin": 11, "ymin": 286, "ymax": 368, "xmax": 119}}, {"tid": 7, "generated": 0, "bbox": {"xmin": 479, "ymin": 303, "ymax": 389, "xmax": 596}}], [{"tid": 2, "generated": 0, "bbox": {"xmin": 262, "ymin": 193, "ymax": 335, "xmax": 449}}, {"tid": 3, "generated": 0, "bbox": {"xmin": 172, "ymin": 151, "ymax": 273, "xmax": 320}}, {"tid": 4, "generated": 0, "bbox": {"xmin": 181, "ymin": 197, "ymax": 333, "xmax": 341}}, {"tid": 5, "generated": 0, "bbox": {"xmin": 12, "ymin": 286, "ymax": 368, "xmax": 120}}, {"tid": 7, "generated": 0, "bbox": {"xmin": 480, "ymin": 304, "ymax": 390, "xmax": 597}}], [{"tid": 2, "generated": 0, "bbox": {"xmin": 256, "ymin": 193, "ymax": 335, "xmax": 448}}, {"tid": 3, "generated": 0, "bbox": {"xmin": 172, "ymin": 150, "ymax": 272, "xmax": 320}}, {"tid": 4, "generated": 0, "bbox": {"xmin": 186, "ymin": 197, "ymax": 333, "xmax": 346}}, {"tid": 5, "generated": 0, "bbox": {"xmin": 11, "ymin": 286, "ymax": 368, "xmax": 119}}, {"tid": 7, "generated": 0, "bbox": {"xmin": 479, "ymin": 304, "ymax": 390, "xmax": 596}}], [{"tid": 2, "generated": 0, "bbox": {"xmin": 251, "ymin": 193, "ymax": 335, "xmax": 448}}, {"tid": 3, "generated": 0, "bbox": {"xmin": 172, "ymin": 150, "ymax": 272, "xmax": 320}}, {"tid": 4, "generated": 0, "bbox": {"xmin": 191, "ymin": 198, "ymax": 334, "xmax": 351}}, {"tid": 5, "generated": 0, "bbox": {"xmin": 11, "ymin": 286, "ymax": 368, "xmax": 119}}, {"tid": 7, "generated": 0, "bbox": {"xmin": 479, "ymin": 304, "ymax": 390, "xmax": 596}}], [{"tid": 2, "generated": 0, "bbox": {"xmin": 245, "ymin": 194, "ymax": 335, "xmax": 448}}, {"tid": 3, "generated": 0, "bbox": {"xmin": 172, "ymin": 150, "ymax": 272, "xmax": 320}}, {"tid": 4, "generated": 0, "bbox": {"xmin": 196, "ymin": 199, "ymax": 335, "xmax": 356}}, {"tid": 5, "generated": 0, "bbox": {"xmin": 10, "ymin": 286, "ymax": 368, "xmax": 119}}, {"tid": 7, "generated": 0, "bbox": {"xmin": 479, "ymin": 304, "ymax": 390, "xmax": 595}}], [{"tid": 2, "generated": 0, "bbox": {"xmin": 240, "ymin": 194, "ymax": 335, "xmax": 448}}, {"tid": 3, "generated": 0, "bbox": {"xmin": 172, "ymin": 150, "ymax": 272, "xmax": 320}}, {"tid": 4, "generated": 0, "bbox": {"xmin": 201, "ymin": 199, "ymax": 335, "xmax": 361}}, {"tid": 5, "generated": 0, "bbox": {"xmin": 10, "ymin": 286, "ymax": 368, "xmax": 118}}, {"tid": 7, "generated": 0, "bbox": {"xmin": 479, "ymin": 304, "ymax": 390, "xmax": 595}}], [{"tid": 2, "generated": 0, "bbox": {"xmin": 235, "ymin": 195, "ymax": 335, "xmax": 448}}, {"tid": 3, "generated": 0, "bbox": {"xmin": 172, "ymin": 150, "ymax": 272, "xmax": 320}}, {"tid": 4, "generated": 0, "bbox": {"xmin": 206, "ymin": 200, "ymax": 336, "xmax": 366}}, {"tid": 5, "generated": 0, "bbox": {"xmin": 10, "ymin": 286, "ymax": 368, "xmax": 118}}, {"tid": 7, "generated": 0, "bbox": {"xmin": 479, "ymin": 304, "ymax": 390, "xmax": 595}}], [{"tid": 2, "generated": 0, "bbox": {"xmin": 229, "ymin": 195, "ymax": 335, "xmax": 447}}, {"tid": 3, "generated": 0, "bbox": {"xmin": 172, "ymin": 150, "ymax": 272, "xmax": 320}}, {"tid": 4, "generated": 0, "bbox": {"xmin": 211, "ymin": 201, "ymax": 337, "xmax": 371}}, {"tid": 5, "generated": 0, "bbox": {"xmin": 9, "ymin": 286, "ymax": 368, "xmax": 118}}, {"tid": 7, "generated": 0, "bbox": {"xmin": 478, "ymin": 304, "ymax": 390, "xmax": 594}}], [{"tid": 2, "generated": 0, "bbox": {"xmin": 224, "ymin": 195, "ymax": 335, "xmax": 447}}, {"tid": 3, "generated": 0, "bbox": {"xmin": 172, "ymin": 150, "ymax": 272, "xmax": 320}}, {"tid": 4, "generated": 0, "bbox": {"xmin": 216, "ymin": 201, "ymax": 337, "xmax": 376}}, {"tid": 5, "generated": 0, "bbox": {"xmin": 9, "ymin": 286, "ymax": 368, "xmax": 117}}, {"tid": 7, "generated": 0, "bbox": {"xmin": 478, "ymin": 304, "ymax": 390, "xmax": 594}}], [{"tid": 2, "generated": 0, "bbox": {"xmin": 218, "ymin": 196, "ymax": 335, "xmax": 447}}, {"tid": 3, "generated": 0, "bbox": {"xmin": 172, "ymin": 150, "ymax": 272, "xmax": 320}}, {"tid": 4, "generated": 0, "bbox": {"xmin": 221, "ymin": 202, "ymax": 338, "xmax": 381}}, {"tid": 5, "generated": 0, "bbox": {"xmin": 8, "ymin": 286, "ymax": 368, "xmax": 117}}, {"tid": 7, "generated": 0, "bbox": {"xmin": 478, "ymin": 304, "ymax": 390, "xmax": 593}}], [{"tid": 2, "generated": 0, "bbox": {"xmin": 213, "ymin": 196, "ymax": 335, "xmax": 447}}, {"tid": 3, "generated": 0, "bbox": {"xmin": 172, "ymin": 150, "ymax": 272, "xmax": 320}}, {"tid": 4, "generated": 0, "bbox": {"xmin": 226, "ymin": 203, "ymax": 339, "xmax": 386}}, {"tid": 5, "generated": 0, "bbox": {"xmin": 8, "ymin": 286, "ymax": 368, "xmax": 117}}, {"tid": 7, "generated": 0, "bbox": {"xmin": 478, "ymin": 304, "ymax": 390, "xmax": 593}}], [{"tid": 2, "generated": 0, "bbox": {"xmin": 208, "ymin": 197, "ymax": 336, "xmax": 447}}, {"tid": 3, "generated": 0, "bbox": {"xmin": 172, "ymin": 150, "ymax": 272, "xmax": 321}}, {"tid": 4, "generated": 0, "bbox": {"xmin": 231, "ymin": 204, "ymax": 340, "xmax": 391}}, {"tid": 5, "generated": 0, "bbox": {"xmin": 8, "ymin": 286, "ymax": 368, "xmax": 117}}, {"tid": 7, "generated": 0, "bbox": {"xmin": 478, "ymin": 304, "ymax": 390, "xmax": 593}}], [{"tid": 2, "generated": 0, "bbox": {"xmin": 209, "ymin": 196, "ymax": 335, "xmax": 445}}, {"tid": 3, "generated": 0, "bbox": {"xmin": 171, "ymin": 150, "ymax": 272, "xmax": 321}}, {"tid": 4, "generated": 0, "bbox": {"xmin": 235, "ymin": 210, "ymax": 340, "xmax": 399}}, {"tid": 5, "generated": 0, "bbox": {"xmin": 8, "ymin": 285, "ymax": 368, "xmax": 117}}, {"tid": 7, "generated": 0, "bbox": {"xmin": 478, "ymin": 304, "ymax": 390, "xmax": 593}}], [{"tid": 2, "generated": 0, "bbox": {"xmin": 210, "ymin": 195, "ymax": 334, "xmax": 444}}, {"tid": 3, "generated": 0, "bbox": {"xmin": 171, "ymin": 150, "ymax": 272, "xmax": 321}}, {"tid": 4, "generated": 0, "bbox": {"xmin": 239, "ymin": 217, "ymax": 340, "xmax": 407}}, {"tid": 5, "generated": 0, "bbox": {"xmin": 8, "ymin": 285, "ymax": 368, "xmax": 117}}, {"tid": 7, "generated": 0, "bbox": {"xmin": 478, "ymin": 304, "ymax": 390, "xmax": 594}}], [{"tid": 2, "generated": 0, "bbox": {"xmin": 211, "ymin": 194, "ymax": 333, "xmax": 442}}, {"tid": 3, "generated": 0, "bbox": {"xmin": 171, "ymin": 150, "ymax": 272, "xmax": 322}}, {"tid": 4, "generated": 0, "bbox": {"xmin": 244, "ymin": 224, "ymax": 341, "xmax": 415}}, {"tid": 5, "generated": 0, "bbox": {"xmin": 8, "ymin": 285, "ymax": 368, "xmax": 117}}, {"tid": 7, "generated": 0, "bbox": {"xmin": 478, "ymin": 304, "ymax": 390, "xmax": 594}}], [{"tid": 2, "generated": 0, "bbox": {"xmin": 213, "ymin": 193, "ymax": 332, "xmax": 441}}, {"tid": 3, "generated": 0, "bbox": {"xmin": 170, "ymin": 150, "ymax": 272, "xmax": 322}}, {"tid": 4, "generated": 0, "bbox": {"xmin": 248, "ymin": 231, "ymax": 341, "xmax": 423}}, {"tid": 5, "generated": 0, "bbox": {"xmin": 8, "ymin": 285, "ymax": 368, "xmax": 117}}, {"tid": 7, "generated": 0, "bbox": {"xmin": 478, "ymin": 304, "ymax": 390, "xmax": 595}}], [{"tid": 2, "generated": 0, "bbox": {"xmin": 214, "ymin": 192, "ymax": 332, "xmax": 439}}, {"tid": 3, "generated": 0, "bbox": {"xmin": 170, "ymin": 150, "ymax": 272, "xmax": 323}}, {"tid": 4, "generated": 0, "bbox": {"xmin": 253, "ymin": 238, "ymax": 342, "xmax": 431}}, {"tid": 5, "generated": 0, "bbox": {"xmin": 8, "ymin": 285, "ymax": 368, "xmax": 118}}, {"tid": 7, "generated": 0, "bbox": {"xmin": 479, "ymin": 304, "ymax": 390, "xmax": 596}}], [{"tid": 2, "generated": 0, "bbox": {"xmin": 215, "ymin": 191, "ymax": 331, "xmax": 438}}, {"tid": 3, "generated": 0, "bbox": {"xmin": 170, "ymin": 150, "ymax": 272, "xmax": 323}}, {"tid": 4, "generated": 0, "bbox": {"xmin": 257, "ymin": 232, "ymax": 342, "xmax": 439}}, {"tid": 5, "generated": 0, "bbox": {"xmin": 8, "ymin": 285, "ymax": 368, "xmax": 118}}, {"tid": 7, "generated": 0, "bbox": {"xmin": 479, "ymin": 304, "ymax": 390, "xmax": 596}}], [{"tid": 2, "generated": 0, "bbox": {"xmin": 217, "ymin": 190, "ymax": 330, "xmax": 436}}, {"tid": 3, "generated": 0, "bbox": {"xmin": 169, "ymin": 150, "ymax": 272, "xmax": 323}}, {"tid": 4, "generated": 0, "bbox": {"xmin": 261, "ymin": 226, "ymax": 342, "xmax": 447}}, {"tid": 5, "generated": 0, "bbox": {"xmin": 8, "ymin": 285, "ymax": 368, "xmax": 118}}, {"tid": 7, "generated": 0, "bbox": {"xmin": 479, "ymin": 304, "ymax": 390, "xmax": 597}}], [], [], [], [], [], [], [], [], [], [], [], [], [], [], [], [], [], [], [], [], [], [], [], [], [], [], [], [], [], [], [], [], [], [], [], [], [], [], [], [], [], [], [], [], [], [{"tid": 2, "generated": 0, "bbox": {"xmin": 204, "ymin": 214, "ymax": 335, "xmax": 363}}, {"tid": 3, "generated": 0, "bbox": {"xmin": 204, "ymin": 152, "ymax": 276, "xmax": 359}}, {"tid": 4, "generated": 0, "bbox": {"xmin": 332, "ymin": 234, "ymax": 348, "xmax": 526}}, {"tid": 5, "generated": 0, "bbox": {"xmin": 47, "ymin": 287, "ymax": 370, "xmax": 158}}, {"tid": 6, "generated": 0, "bbox": {"xmin": 38, "ymin": 166, "ymax": 267, "xmax": 115}}, {"tid": 7, "generated": 0, "bbox": {"xmin": 516, "ymin": 304, "ymax": 389, "xmax": 633}}], [{"tid": 2, "generated": 0, "bbox": {"xmin": 204, "ymin": 214, "ymax": 334, "xmax": 362}}, {"tid": 3, "generated": 0, "bbox": {"xmin": 205, "ymin": 152, "ymax": 276, "xmax": 359}}, {"tid": 4, "generated": 0, "bbox": {"xmin": 333, "ymin": 234, "ymax": 348, "xmax": 525}}, {"tid": 5, "generated": 0, "bbox": {"xmin": 47, "ymin": 287, "ymax": 370, "xmax": 158}}, {"tid": 6, "generated": 0, "bbox": {"xmin": 40, "ymin": 166, "ymax": 267, "xmax": 119}}, {"tid": 7, "generated": 0, "bbox": {"xmin": 517, "ymin": 304, "ymax": 389, "xmax": 633}}], [{"tid": 2, "generated": 0, "bbox": {"xmin": 204, "ymin": 214, "ymax": 334, "xmax": 361}}, {"tid": 3, "generated": 0, "bbox": {"xmin": 205, "ymin": 152, "ymax": 276, "xmax": 359}}, {"tid": 4, "generated": 0, "bbox": {"xmin": 335, "ymin": 233, "ymax": 349, "xmax": 525}}, {"tid": 5, "generated": 0, "bbox": {"xmin": 47, "ymin": 287, "ymax": 370, "xmax": 158}}, {"tid": 6, "generated": 0, "bbox": {"xmin": 43, "ymin": 166, "ymax": 266, "xmax": 123}}, {"tid": 7, "generated": 0, "bbox": {"xmin": 517, "ymin": 304, "ymax": 389, "xmax": 634}}], [{"tid": 2, "generated": 0, "bbox": {"xmin": 204, "ymin": 214, "ymax": 334, "xmax": 360}}, {"tid": 3, "generated": 0, "bbox": {"xmin": 205, "ymin": 152, "ymax": 276, "xmax": 359}}, {"tid": 4, "generated": 0, "bbox": {"xmin": 336, "ymin": 232, "ymax": 349, "xmax": 525}}, {"tid": 5, "generated": 0, "bbox": {"xmin": 47, "ymin": 286, "ymax": 369, "xmax": 158}}, {"tid": 6, "generated": 0, "bbox": {"xmin": 46, "ymin": 165, "ymax": 266, "xmax": 127}}, {"tid": 7, "generated": 0, "bbox": {"xmin": 517, "ymin": 304, "ymax": 389, "xmax": 634}}], [{"tid": 2, "generated": 0, "bbox": {"xmin": 204, "ymin": 214, "ymax": 333, "xmax": 359}}, {"tid": 3, "generated": 0, "bbox": {"xmin": 206, "ymin": 152, "ymax": 276, "xmax": 359}}, {"tid": 4, "generated": 0, "bbox": {"xmin": 337, "ymin": 232, "ymax": 349, "xmax": 524}}, {"tid": 5, "generated": 0, "bbox": {"xmin": 47, "ymin": 286, "ymax": 369, "xmax": 158}}, {"tid": 6, "generated": 0, "bbox": {"xmin": 48, "ymin": 165, "ymax": 265, "xmax": 131}}, {"tid": 7, "generated": 0, "bbox": {"xmin": 518, "ymin": 304, "ymax": 389, "xmax": 634}}], [{"tid": 2, "generated": 0, "bbox": {"xmin": 204, "ymin": 214, "ymax": 333, "xmax": 358}}, {"tid": 3, "generated": 0, "bbox": {"xmin": 206, "ymin": 152, "ymax": 276, "xmax": 359}}, {"tid": 4, "generated": 0, "bbox": {"xmin": 338, "ymin": 231, "ymax": 349, "xmax": 524}}, {"tid": 5, "generated": 0, "bbox": {"xmin": 47, "ymin": 286, "ymax": 368, "xmax": 158}}, {"tid": 6, "generated": 0, "bbox": {"xmin": 51, "ymin": 164, "ymax": 265, "xmax": 135}}, {"tid": 7, "generated": 0, "bbox": {"xmin": 518, "ymin": 304, "ymax": 389, "xmax": 635}}], [{"tid": 2, "generated": 0, "bbox": {"xmin": 204, "ymin": 214, "ymax": 333, "xmax": 357}}, {"tid": 3, "generated": 0, "bbox": {"xmin": 206, "ymin": 152, "ymax": 276, "xmax": 359}}, {"tid": 4, "generated": 0, "bbox": {"xmin": 339, "ymin": 230, "ymax": 349, "xmax": 524}}, {"tid": 5, "generated": 0, "bbox": {"xmin": 47, "ymin": 286, "ymax": 368, "xmax": 158}}, {"tid": 6, "generated": 0, "bbox": {"xmin": 54, "ymin": 164, "ymax": 264, "xmax": 139}}, {"tid": 7, "generated": 0, "bbox": {"xmin": 518, "ymin": 304, "ymax": 389, "xmax": 635}}], [{"tid": 2, "generated": 0, "bbox": {"xmin": 204, "ymin": 214, "ymax": 333, "xmax": 357}}, {"tid": 3, "generated": 0, "bbox": {"xmin": 207, "ymin": 152, "ymax": 276, "xmax": 360}}, {"tid": 4, "generated": 0, "bbox": {"xmin": 341, "ymin": 230, "ymax": 350, "xmax": 524}}, {"tid": 5, "generated": 0, "bbox": {"xmin": 47, "ymin": 286, "ymax": 368, "xmax": 158}}, {"tid": 6, "generated": 0, "bbox": {"xmin": 57, "ymin": 164, "ymax": 264, "xmax": 143}}, {"tid": 7, "generated": 0, "bbox": {"xmin": 519, "ymin": 304, "ymax": 389, "xmax": 636}}], [{"tid": 2, "generated": 0, "bbox": {"xmin": 204, "ymin": 214, "ymax": 332, "xmax": 354}}, {"tid": 3, "generated": 0, "bbox": {"xmin": 207, "ymin": 152, "ymax": 276, "xmax": 360}}, {"tid": 4, "generated": 0, "bbox": {"xmin": 341, "ymin": 230, "ymax": 350, "xmax": 524}}, {"tid": 5, "generated": 0, "bbox": {"xmin": 47, "ymin": 286, "ymax": 368, "xmax": 159}}, {"tid": 6, "generated": 0, "bbox": {"xmin": 60, "ymin": 164, "ymax": 263, "xmax": 146}}, {"tid": 7, "generated": 0, "bbox": {"xmin": 519, "ymin": 303, "ymax": 388, "xmax": 636}}], [{"tid": 2, "generated": 0, "bbox": {"xmin": 204, "ymin": 214, "ymax": 331, "xmax": 351}}, {"tid": 3, "generated": 0, "bbox": {"xmin": 208, "ymin": 152, "ymax": 276, "xmax": 361}}, {"tid": 4, "generated": 0, "bbox": {"xmin": 341, "ymin": 230, "ymax": 350, "xmax": 524}}, {"tid": 5, "generated": 0, "bbox": {"xmin": 48, "ymin": 286, "ymax": 368, "xmax": 160}}, {"tid": 6, "generated": 0, "bbox": {"xmin": 63, "ymin": 164, "ymax": 262, "xmax": 149}}, {"tid": 7, "generated": 0, "bbox": {"xmin": 520, "ymin": 303, "ymax": 388, "xmax": 636}}], [{"tid": 2, "generated": 0, "bbox": {"xmin": 205, "ymin": 214, "ymax": 331, "xmax": 348}}, {"tid": 3, "generated": 0, "bbox": {"xmin": 209, "ymin": 152, "ymax": 276, "xmax": 362}}, {"tid": 4, "generated": 0, "bbox": {"xmin": 342, "ymin": 230, "ymax": 350, "xmax": 525}}, {"tid": 5, "generated": 0, "bbox": {"xmin": 49, "ymin": 286, "ymax": 368, "xmax": 161}}, {"tid": 6, "generated": 0, "bbox": {"xmin": 66, "ymin": 165, "ymax": 261, "xmax": 152}}, {"tid": 7, "generated": 0, "bbox": {"xmin": 520, "ymin": 302, "ymax": 387, "xmax": 636}}], [{"tid": 2, "generated": 0, "bbox": {"xmin": 205, "ymin": 214, "ymax": 330, "xmax": 345}}, {"tid": 3, "generated": 0, "bbox": {"xmin": 210, "ymin": 152, "ymax": 276, "xmax": 363}}, {"tid": 4, "generated": 0, "bbox": {"xmin": 342, "ymin": 230, "ymax": 350, "xmax": 525}}, {"tid": 5, "generated": 0, "bbox": {"xmin": 50, "ymin": 286, "ymax": 368, "xmax": 162}}, {"tid": 6, "generated": 0, "bbox": {"xmin": 69, "ymin": 165, "ymax": 260, "xmax": 156}}, {"tid": 7, "generated": 0, "bbox": {"xmin": 521, "ymin": 302, "ymax": 387, "xmax": 636}}], [{"tid": 2, "generated": 0, "bbox": {"xmin": 206, "ymin": 214, "ymax": 330, "xmax": 342}}, {"tid": 3, "generated": 0, "bbox": {"xmin": 211, "ymin": 152, "ymax": 276, "xmax": 364}}, {"tid": 4, "generated": 0, "bbox": {"xmin": 343, "ymin": 230, "ymax": 350, "xmax": 526}}, {"tid": 5, "generated": 0, "bbox": {"xmin": 51, "ymin": 286, "ymax": 368, "xmax": 163}}, {"tid": 6, "generated": 0, "bbox": {"xmin": 72, "ymin": 166, "ymax": 260, "xmax": 159}}, {"tid": 7, "generated": 0, "bbox": {"xmin": 522, "ymin": 302, "ymax": 386, "xmax": 637}}], [{"tid": 2, "generated": 0, "bbox": {"xmin": 206, "ymin": 214, "ymax": 329, "xmax": 339}}, {"tid": 3, "generated": 0, "bbox": {"xmin": 212, "ymin": 152, "ymax": 276, "xmax": 365}}, {"tid": 4, "generated": 0, "bbox": {"xmin": 343, "ymin": 230, "ymax": 350, "xmax": 526}}, {"tid": 5, "generated": 0, "bbox": {"xmin": 52, "ymin": 286, "ymax": 368, "xmax": 164}}, {"tid": 6, "generated": 0, "bbox": {"xmin": 75, "ymin": 166, "ymax": 259, "xmax": 162}}, {"tid": 7, "generated": 0, "bbox": {"xmin": 522, "ymin": 301, "ymax": 386, "xmax": 637}}], [{"tid": 2, "generated": 0, "bbox": {"xmin": 206, "ymin": 214, "ymax": 328, "xmax": 336}}, {"tid": 3, "generated": 0, "bbox": {"xmin": 213, "ymin": 152, "ymax": 276, "xmax": 366}}, {"tid": 4, "generated": 0, "bbox": {"xmin": 343, "ymin": 230, "ymax": 350, "xmax": 526}}, {"tid": 5, "generated": 0, "bbox": {"xmin": 53, "ymin": 286, "ymax": 368, "xmax": 165}}, {"tid": 6, "generated": 0, "bbox": {"xmin": 78, "ymin": 166, "ymax": 258, "xmax": 166}}, {"tid": 7, "generated": 0, "bbox": {"xmin": 523, "ymin": 301, "ymax": 385, "xmax": 637}}], [{"tid": 2, "generated": 0, "bbox": {"xmin": 207, "ymin": 214, "ymax": 328, "xmax": 333}}, {"tid": 3, "generated": 0, "bbox": {"xmin": 214, "ymin": 152, "ymax": 276, "xmax": 367}}, {"tid": 4, "generated": 0, "bbox": {"xmin": 344, "ymin": 230, "ymax": 350, "xmax": 527}}, {"tid": 5, "generated": 0, "bbox": {"xmin": 54, "ymin": 286, "ymax": 368, "xmax": 166}}, {"tid": 6, "generated": 0, "bbox": {"xmin": 81, "ymin": 167, "ymax": 257, "xmax": 169}}, {"tid": 7, "generated": 0, "bbox": {"xmin": 523, "ymin": 300, "ymax": 385, "xmax": 637}}], [{"tid": 2, "generated": 0, "bbox": {"xmin": 207, "ymin": 214, "ymax": 327, "xmax": 330}}, {"tid": 3, "generated": 0, "bbox": {"xmin": 215, "ymin": 152, "ymax": 276, "xmax": 368}}, {"tid": 4, "generated": 0, "bbox": {"xmin": 344, "ymin": 230, "ymax": 350, "xmax": 527}}, {"tid": 5, "generated": 0, "bbox": {"xmin": 55, "ymin": 286, "ymax": 368, "xmax": 167}}, {"tid": 6, "generated": 0, "bbox": {"xmin": 84, "ymin": 167, "ymax": 256, "xmax": 172}}, {"tid": 7, "generated": 0, "bbox": {"xmin": 524, "ymin": 300, "ymax": 384, "xmax": 637}}], [{"tid": 2, "generated": 0, "bbox": {"xmin": 208, "ymin": 214, "ymax": 327, "xmax": 328}}, {"tid": 3, "generated": 0, "bbox": {"xmin": 216, "ymin": 152, "ymax": 276, "xmax": 369}}, {"tid": 4, "generated": 0, "bbox": {"xmin": 345, "ymin": 230, "ymax": 350, "xmax": 528}}, {"tid": 5, "generated": 0, "bbox": {"xmin": 56, "ymin": 286, "ymax": 368, "xmax": 168}}, {"tid": 6, "generated": 0, "bbox": {"xmin": 88, "ymin": 168, "ymax": 256, "xmax": 176}}, {"tid": 7, "generated": 0, "bbox": {"xmin": 525, "ymin": 300, "ymax": 384, "xmax": 638}}], [{"tid": 2, "generated": 0, "bbox": {"xmin": 206, "ymin": 213, "ymax": 326, "xmax": 321}}, {"tid": 3, "generated": 0, "bbox": {"xmin": 216, "ymin": 152, "ymax": 276, "xmax": 369}}, {"tid": 4, "generated": 0, "bbox": {"xmin": 345, "ymin": 230, "ymax": 350, "xmax": 528}}, {"tid": 5, "generated": 0, "bbox": {"xmin": 56, "ymin": 286, "ymax": 368, "xmax": 168}}, {"tid": 6, "generated": 0, "bbox": {"xmin": 91, "ymin": 168, "ymax": 255, "xmax": 180}}, {"tid": 7, "generated": 0, "bbox": {"xmin": 525, "ymin": 300, "ymax": 384, "xmax": 638}}], [{"tid": 2, "generated": 0, "bbox": {"xmin": 204, "ymin": 212, "ymax": 325, "xmax": 315}}, {"tid": 3, "generated": 0, "bbox": {"xmin": 216, "ymin": 152, "ymax": 276, "xmax": 369}}, {"tid": 4, "generated": 0, "bbox": {"xmin": 345, "ymin": 230, "ymax": 350, "xmax": 528}}, {"tid": 5, "generated": 0, "bbox": {"xmin": 56, "ymin": 286, "ymax": 368, "xmax": 168}}, {"tid": 6, "generated": 0, "bbox": {"xmin": 95, "ymin": 168, "ymax": 254, "xmax": 185}}, {"tid": 7, "generated": 0, "bbox": {"xmin": 525, "ymin": 300, "ymax": 384, "xmax": 638}}], [{"tid": 2, "generated": 0, "bbox": {"xmin": 202, "ymin": 211, "ymax": 324, "xmax": 308}}, {"tid": 3, "generated": 0, "bbox": {"xmin": 216, "ymin": 152, "ymax": 276, "xmax": 369}}, {"tid": 4, "generated": 0, "bbox": {"xmin": 345, "ymin": 230, "ymax": 350, "xmax": 528}}, {"tid": 5, "generated": 0, "bbox": {"xmin": 56, "ymin": 286, "ymax": 368, "xmax": 168}}, {"tid": 6, "generated": 0, "bbox": {"xmin": 99, "ymin": 168, "ymax": 253, "xmax": 190}}, {"tid": 7, "generated": 0, "bbox": {"xmin": 525, "ymin": 300, "ymax": 384, "xmax": 638}}], [{"tid": 2, "generated": 0, "bbox": {"xmin": 200, "ymin": 210, "ymax": 323, "xmax": 302}}, {"tid": 3, "generated": 0, "bbox": {"xmin": 216, "ymin": 152, "ymax": 276, "xmax": 369}}, {"tid": 4, "generated": 0, "bbox": {"xmin": 345, "ymin": 230, "ymax": 350, "xmax": 528}}, {"tid": 5, "generated": 0, "bbox": {"xmin": 56, "ymin": 286, "ymax": 368, "xmax": 168}}, {"tid": 6, "generated": 0, "bbox": {"xmin": 102, "ymin": 168, "ymax": 252, "xmax": 195}}, {"tid": 7, "generated": 0, "bbox": {"xmin": 525, "ymin": 300, "ymax": 384, "xmax": 638}}], [{"tid": 2, "generated": 0, "bbox": {"xmin": 198, "ymin": 209, "ymax": 322, "xmax": 295}}, {"tid": 3, "generated": 0, "bbox": {"xmin": 216, "ymin": 152, "ymax": 276, "xmax": 370}}, {"tid": 4, "generated": 0, "bbox": {"xmin": 345, "ymin": 230, "ymax": 350, "xmax": 528}}, {"tid": 5, "generated": 0, "bbox": {"xmin": 56, "ymin": 286, "ymax": 368, "xmax": 168}}, {"tid": 6, "generated": 0, "bbox": {"xmin": 106, "ymin": 168, "ymax": 252, "xmax": 200}}, {"tid": 7, "generated": 0, "bbox": {"xmin": 525, "ymin": 300, "ymax": 384, "xmax": 638}}], [{"tid": 2, "generated": 0, "bbox": {"xmin": 196, "ymin": 208, "ymax": 321, "xmax": 289}}, {"tid": 3, "generated": 0, "bbox": {"xmin": 216, "ymin": 152, "ymax": 276, "xmax": 370}}, {"tid": 4, "generated": 0, "bbox": {"xmin": 346, "ymin": 230, "ymax": 350, "xmax": 529}}, {"tid": 5, "generated": 0, "bbox": {"xmin": 56, "ymin": 286, "ymax": 368, "xmax": 168}}, {"tid": 6, "generated": 0, "bbox": {"xmin": 110, "ymin": 168, "ymax": 251, "xmax": 204}}, {"tid": 7, "generated": 0, "bbox": {"xmin": 525, "ymin": 300, "ymax": 384, "xmax": 638}}], [{"tid": 2, "generated": 0, "bbox": {"xmin": 194, "ymin": 207, "ymax": 320, "xmax": 282}}, {"tid": 3, "generated": 0, "bbox": {"xmin": 216, "ymin": 152, "ymax": 276, "xmax": 370}}, {"tid": 4, "generated": 0, "bbox": {"xmin": 346, "ymin": 230, "ymax": 350, "xmax": 529}}, {"tid": 5, "generated": 0, "bbox": {"xmin": 56, "ymin": 286, "ymax": 368, "xmax": 168}}, {"tid": 6, "generated": 0, "bbox": {"xmin": 113, "ymin": 168, "ymax": 250, "xmax": 209}}, {"tid": 7, "generated": 0, "bbox": {"xmin": 525, "ymin": 300, "ymax": 384, "xmax": 638}}], [{"tid": 2, "generated": 0, "bbox": {"xmin": 192, "ymin": 206, "ymax": 319, "xmax": 276}}, {"tid": 3, "generated": 0, "bbox": {"xmin": 216, "ymin": 152, "ymax": 276, "xmax": 370}}, {"tid": 4, "generated": 0, "bbox": {"xmin": 346, "ymin": 230, "ymax": 350, "xmax": 529}}, {"tid": 5, "generated": 0, "bbox": {"xmin": 56, "ymin": 286, "ymax": 368, "xmax": 168}}, {"tid": 6, "generated": 0, "bbox": {"xmin": 117, "ymin": 168, "ymax": 249, "xmax": 214}}, {"tid": 7, "generated": 0, "bbox": {"xmin": 525, "ymin": 300, "ymax": 384, "xmax": 638}}], [{"tid": 2, "generated": 0, "bbox": {"xmin": 190, "ymin": 205, "ymax": 318, "xmax": 269}}, {"tid": 3, "generated": 0, "bbox": {"xmin": 216, "ymin": 152, "ymax": 276, "xmax": 370}}, {"tid": 4, "generated": 0, "bbox": {"xmin": 346, "ymin": 230, "ymax": 350, "xmax": 529}}, {"tid": 5, "generated": 0, "bbox": {"xmin": 56, "ymin": 286, "ymax": 368, "xmax": 168}}, {"tid": 6, "generated": 0, "bbox": {"xmin": 121, "ymin": 168, "ymax": 248, "xmax": 219}}, {"tid": 7, "generated": 0, "bbox": {"xmin": 525, "ymin": 300, "ymax": 384, "xmax": 638}}], [{"tid": 2, "generated": 0, "bbox": {"xmin": 188, "ymin": 205, "ymax": 318, "xmax": 263}}, {"tid": 3, "generated": 0, "bbox": {"xmin": 216, "ymin": 152, "ymax": 276, "xmax": 371}}, {"tid": 4, "generated": 0, "bbox": {"xmin": 346, "ymin": 230, "ymax": 350, "xmax": 529}}, {"tid": 5, "generated": 0, "bbox": {"xmin": 56, "ymin": 286, "ymax": 368, "xmax": 168}}, {"tid": 6, "generated": 0, "bbox": {"xmin": 125, "ymin": 169, "ymax": 248, "xmax": 224}}, {"tid": 7, "generated": 0, "bbox": {"xmin": 526, "ymin": 300, "ymax": 384, "xmax": 638}}], [{"tid": 2, "generated": 0, "bbox": {"xmin": 186, "ymin": 205, "ymax": 318, "xmax": 262}}, {"tid": 3, "generated": 0, "bbox": {"xmin": 216, "ymin": 152, "ymax": 276, "xmax": 371}}, {"tid": 4, "generated": 0, "bbox": {"xmin": 346, "ymin": 230, "ymax": 350, "xmax": 529}}, {"tid": 5, "generated": 0, "bbox": {"xmin": 56, "ymin": 286, "ymax": 368, "xmax": 168}}, {"tid": 6, "generated": 0, "bbox": {"xmin": 128, "ymin": 168, "ymax": 247, "xmax": 228}}, {"tid": 7, "generated": 0, "bbox": {"xmin": 526, "ymin": 300, "ymax": 384, "xmax": 638}}], [{"tid": 2, "generated": 0, "bbox": {"xmin": 185, "ymin": 205, "ymax": 319, "xmax": 261}}, {"tid": 3, "generated": 0, "bbox": {"xmin": 216, "ymin": 152, "ymax": 276, "xmax": 371}}, {"tid": 4, "generated": 0, "bbox": {"xmin": 347, "ymin": 230, "ymax": 350, "xmax": 530}}, {"tid": 5, "generated": 0, "bbox": {"xmin": 56, "ymin": 286, "ymax": 368, "xmax": 168}}, {"tid": 6, "generated": 0, "bbox": {"xmin": 131, "ymin": 168, "ymax": 246, "xmax": 233}}, {"tid": 7, "generated": 0, "bbox": {"xmin": 526, "ymin": 300, "ymax": 384, "xmax": 638}}]], "subject/objects": [{"category": "bird", "tid": 2}, {"category": "bird", "tid": 3}, {"category": "bird", "tid": 4}, {"category": "bird", "tid": 5}, {"category": "bird", "tid": 6}, {"category": "bird", "tid": 7}], "relation_instances": [{"end_fid": 90, "subject_tid": 2, "predicate": "walk_right", "begin_fid": 60, "object_tid": 7}, {"end_fid": 90, "subject_tid": 2, "predicate": "walk_behind", "begin_fid": 60, "object_tid": 7}, {"end_fid": 90, "subject_tid": 2, "predicate": "taller", "begin_fid": 60, "object_tid": 7}, {"end_fid": 90, "subject_tid": 2, "predicate": "larger", "begin_fid": 60, "object_tid": 7}, {"end_fid": 90, "subject_tid": 7, "predicate": "stand_front", "begin_fid": 60, "object_tid": 2}, {"end_fid": 90, "subject_tid": 7, "predicate": "stand_left", "begin_fid": 60, "object_tid": 2}, {"end_fid": 150, "subject_tid": 2, "predicate": "walk_behind", "begin_fid": 120, "object_tid": 7}, {"end_fid": 150, "subject_tid": 2, "predicate": "taller", "begin_fid": 120, "object_tid": 7}, {"end_fid": 150, "subject_tid": 2, "predicate": "larger", "begin_fid": 120, "object_tid": 7}, {"end_fid": 150, "subject_tid": 7, "predicate": "stand_front", "begin_fid": 120, "object_tid": 2}, {"end_fid": 225, "subject_tid": 2, "predicate": "walk_right", "begin_fid": 195, "object_tid": 3}, {"end_fid": 225, "subject_tid": 2, "predicate": "walk_front", "begin_fid": 195, "object_tid": 3}, {"end_fid": 225, "subject_tid": 3, "predicate": "stand_behind", "begin_fid": 195, "object_tid": 2}, {"end_fid": 225, "subject_tid": 3, "predicate": "stand_left", "begin_fid": 195, "object_tid": 2}, {"end_fid": 225, "subject_tid": 2, "predicate": "walk_right", "begin_fid": 195, "object_tid": 4}, {"end_fid": 225, "subject_tid": 2, "predicate": "taller", "begin_fid": 195, "object_tid": 4}, {"end_fid": 225, "subject_tid": 2, "predicate": "larger", "begin_fid": 195, "object_tid": 4}, {"end_fid": 225, "subject_tid": 4, "predicate": "stand_left", "begin_fid": 195, "object_tid": 2}, {"end_fid": 225, "subject_tid": 2, "predicate": "walk_behind", "begin_fid": 195, "object_tid": 7}, {"end_fid": 225, "subject_tid": 2, "predicate": "taller", "begin_fid": 195, "object_tid": 7}, {"end_fid": 225, "subject_tid": 2, "predicate": "larger", "begin_fid": 195, "object_tid": 7}, {"end_fid": 225, "subject_tid": 7, "predicate": "stand_front", "begin_fid": 195, "object_tid": 2}, {"end_fid": 225, "subject_tid": 3, "predicate": "stand_behind", "begin_fid": 195, "object_tid": 4}, {"end_fid": 225, "subject_tid": 4, "predicate": "stand_front", "begin_fid": 195, "object_tid": 3}, {"end_fid": 225, "subject_tid": 3, "predicate": "stand_behind", "begin_fid": 195, "object_tid": 7}, {"end_fid": 225, "subject_tid": 3, "predicate": "stand_left", "begin_fid": 195, "object_tid": 7}, {"end_fid": 225, "subject_tid": 3, "predicate": "taller", "begin_fid": 195, "object_tid": 7}, {"end_fid": 225, "subject_tid": 3, "predicate": "larger", "begin_fid": 195, "object_tid": 7}, {"end_fid": 225, "subject_tid": 7, "predicate": "stand_right", "begin_fid": 195, "object_tid": 3}, {"end_fid": 225, "subject_tid": 7, "predicate": "stand_front", "begin_fid": 195, "object_tid": 3}, {"end_fid": 225, "subject_tid": 4, "predicate": "stand_left", "begin_fid": 195, "object_tid": 7}, {"end_fid": 225, "subject_tid": 7, "predicate": "stand_right", "begin_fid": 195, "object_tid": 4}, {"end_fid": 315, "subject_tid": 2, "predicate": "walk_front", "begin_fid": 285, "object_tid": 3}, {"end_fid": 315, "subject_tid": 3, "predicate": "stand_behind", "begin_fid": 285, "object_tid": 2}, {"end_fid": 315, "subject_tid": 2, "predicate": "walk_behind", "begin_fid": 285, "object_tid": 4}, {"end_fid": 315, "subject_tid": 4, "predicate": "jump_front", "begin_fid": 285, "object_tid": 2}, {"end_fid": 315, "subject_tid": 2, "predicate": "walk_right", "begin_fid": 285, "object_tid": 5}, {"end_fid": 315, "subject_tid": 2, "predicate": "taller", "begin_fid": 285, "object_tid": 5}, {"end_fid": 315, "subject_tid": 2, "predicate": "larger", "begin_fid": 285, "object_tid": 5}, {"end_fid": 315, "subject_tid": 5, "predicate": "stand_left", "begin_fid": 285, "object_tid": 2}, {"end_fid": 315, "subject_tid": 2, "predicate": "walk_behind", "begin_fid": 285, "object_tid": 7}, {"end_fid": 315, "subject_tid": 2, "predicate": "walk_left", "begin_fid": 285, "object_tid": 7}, {"end_fid": 315, "subject_tid": 2, "predicate": "taller", "begin_fid": 285, "object_tid": 7}, {"end_fid": 315, "subject_tid": 2, "predicate": "larger", "begin_fid": 285, "object_tid": 7}, {"end_fid": 315, "subject_tid": 7, "predicate": "stand_right", "begin_fid": 285, "object_tid": 2}, {"end_fid": 315, "subject_tid": 7, "predicate": "stand_front", "begin_fid": 285, "object_tid": 2}, {"end_fid": 315, "subject_tid": 3, "predicate": "stand_behind", "begin_fid": 285, "object_tid": 4}, {"end_fid": 315, "subject_tid": 4, "predicate": "jump_past", "begin_fid": 285, "object_tid": 3}, {"end_fid": 315, "subject_tid": 4, "predicate": "jump_front", "begin_fid": 285, "object_tid": 3}, {"end_fid": 315, "subject_tid": 3, "predicate": "right", "begin_fid": 285, "object_tid": 5}, {"end_fid": 315, "subject_tid": 3, "predicate": "behind", "begin_fid": 285, "object_tid": 5}, {"end_fid": 315, "subject_tid": 3, "predicate": "taller", "begin_fid": 285, "object_tid": 5}, {"end_fid": 315, "subject_tid": 3, "predicate": "larger", "begin_fid": 285, "object_tid": 5}, {"end_fid": 315, "subject_tid": 5, "predicate": "stand_front", "begin_fid": 285, "object_tid": 3}, {"end_fid": 315, "subject_tid": 5, "predicate": "stand_left", "begin_fid": 285, "object_tid": 3}, {"end_fid": 315, "subject_tid": 3, "predicate": "behind", "begin_fid": 285, "object_tid": 7}, {"end_fid": 315, "subject_tid": 3, "predicate": "left", "begin_fid": 285, "object_tid": 7}, {"end_fid": 315, "subject_tid": 3, "predicate": "taller", "begin_fid": 285, "object_tid": 7}, {"end_fid": 315, "subject_tid": 3, "predicate": "larger", "begin_fid": 285, "object_tid": 7}, {"end_fid": 315, "subject_tid": 7, "predicate": "stand_right", "begin_fid": 285, "object_tid": 3}, {"end_fid": 315, "subject_tid": 7, "predicate": "stand_front", "begin_fid": 285, "object_tid": 3}, {"end_fid": 315, "subject_tid": 4, "predicate": "jump_right", "begin_fid": 285, "object_tid": 5}, {"end_fid": 315, "subject_tid": 4, "predicate": "taller", "begin_fid": 285, "object_tid": 5}, {"end_fid": 315, "subject_tid": 4, "predicate": "larger", "begin_fid": 285, "object_tid": 5}, {"end_fid": 315, "subject_tid": 5, "predicate": "stand_left", "begin_fid": 285, "object_tid": 4}, {"end_fid": 315, "subject_tid": 4, "predicate": "jump_behind", "begin_fid": 285, "object_tid": 7}, {"end_fid": 315, "subject_tid": 4, "predicate": "jump_left", "begin_fid": 285, "object_tid": 7}, {"end_fid": 315, "subject_tid": 4, "predicate": "taller", "begin_fid": 285, "object_tid": 7}, {"end_fid": 315, "subject_tid": 4, "predicate": "larger", "begin_fid": 285, "object_tid": 7}, {"end_fid": 315, "subject_tid": 7, "predicate": "stand_right", "begin_fid": 285, "object_tid": 4}, {"end_fid": 315, "subject_tid": 7, "predicate": "stand_front", "begin_fid": 285, "object_tid": 4}, {"end_fid": 315, "subject_tid": 5, "predicate": "stand_left", "begin_fid": 285, "object_tid": 7}, {"end_fid": 315, "subject_tid": 7, "predicate": "stand_right", "begin_fid": 285, "object_tid": 5}, {"end_fid": 390, "subject_tid": 2, "predicate": "walk_front", "begin_fid": 360, "object_tid": 3}, {"end_fid": 390, "subject_tid": 3, "predicate": "stand_behind", "begin_fid": 360, "object_tid": 2}, {"end_fid": 390, "subject_tid": 2, "predicate": "walk_left", "begin_fid": 360, "object_tid": 4}, {"end_fid": 390, "subject_tid": 4, "predicate": "stand_right", "begin_fid": 360, "object_tid": 2}, {"end_fid": 390, "subject_tid": 2, "predicate": "walk_right", "begin_fid": 360, "object_tid": 5}, {"end_fid": 390, "subject_tid": 2, "predicate": "taller", "begin_fid": 360, "object_tid": 5}, {"end_fid": 390, "subject_tid": 2, "predicate": "larger", "begin_fid": 360, "object_tid": 5}, {"end_fid": 390, "subject_tid": 5, "predicate": "stand_left", "begin_fid": 360, "object_tid": 2}, {"end_fid": 390, "subject_tid": 2, "predicate": "walk_right", "begin_fid": 360, "object_tid": 6}, {"end_fid": 390, "subject_tid": 2, "predicate": "walk_front", "begin_fid": 360, "object_tid": 6}, {"end_fid": 390, "subject_tid": 6, "predicate": "walk_behind", "begin_fid": 360, "object_tid": 2}, {"end_fid": 390, "subject_tid": 6, "predicate": "walk_left", "begin_fid": 360, "object_tid": 2}, {"end_fid": 390, "subject_tid": 2, "predicate": "walk_behind", "begin_fid": 360, "object_tid": 7}, {"end_fid": 390, "subject_tid": 2, "predicate": "walk_left", "begin_fid": 360, "object_tid": 7}, {"end_fid": 390, "subject_tid": 2, "predicate": "taller", "begin_fid": 360, "object_tid": 7}, {"end_fid": 390, "subject_tid": 2, "predicate": "larger", "begin_fid": 360, "object_tid": 7}, {"end_fid": 390, "subject_tid": 7, "predicate": "stand_right", "begin_fid": 360, "object_tid": 2}, {"end_fid": 390, "subject_tid": 7, "predicate": "stand_front", "begin_fid": 360, "object_tid": 2}, {"end_fid": 390, "subject_tid": 3, "predicate": "stand_behind", "begin_fid": 360, "object_tid": 4}, {"end_fid": 390, "subject_tid": 3, "predicate": "stand_left", "begin_fid": 360, "object_tid": 4}, {"end_fid": 390, "subject_tid": 4, "predicate": "stand_right", "begin_fid": 360, "object_tid": 3}, {"end_fid": 390, "subject_tid": 4, "predicate": "stand_front", "begin_fid": 360, "object_tid": 3}, {"end_fid": 390, "subject_tid": 3, "predicate": "stand_right", "begin_fid": 360, "object_tid": 5}, {"end_fid": 390, "subject_tid": 3, "predicate": "stand_behind", "begin_fid": 360, "object_tid": 5}, {"end_fid": 390, "subject_tid": 3, "predicate": "taller", "begin_fid": 360, "object_tid": 5}, {"end_fid": 390, "subject_tid": 3, "predicate": "larger", "begin_fid": 360, "object_tid": 5}, {"end_fid": 390, "subject_tid": 5, "predicate": "stand_front", "begin_fid": 360, "object_tid": 3}, {"end_fid": 390, "subject_tid": 5, "predicate": "stand_left", "begin_fid": 360, "object_tid": 3}, {"end_fid": 390, "subject_tid": 3, "predicate": "stand_right", "begin_fid": 360, "object_tid": 6}, {"end_fid": 390, "subject_tid": 3, "predicate": "stand_next_to", "begin_fid": 360, "object_tid": 6}, {"end_fid": 390, "subject_tid": 3, "predicate": "taller", "begin_fid": 360, "object_tid": 6}, {"end_fid": 390, "subject_tid": 3, "predicate": "larger", "begin_fid": 360, "object_tid": 6}, {"end_fid": 390, "subject_tid": 6, "predicate": "walk_next_to", "begin_fid": 360, "object_tid": 3}, {"end_fid": 390, "subject_tid": 6, "predicate": "walk_left", "begin_fid": 360, "object_tid": 3}, {"end_fid": 390, "subject_tid": 3, "predicate": "stand_behind", "begin_fid": 360, "object_tid": 7}, {"end_fid": 390, "subject_tid": 3, "predicate": "stand_left", "begin_fid": 360, "object_tid": 7}, {"end_fid": 390, "subject_tid": 3, "predicate": "taller", "begin_fid": 360, "object_tid": 7}, {"end_fid": 390, "subject_tid": 3, "predicate": "larger", "begin_fid": 360, "object_tid": 7}, {"end_fid": 390, "subject_tid": 7, "predicate": "stand_right", "begin_fid": 360, "object_tid": 3}, {"end_fid": 390, "subject_tid": 7, "predicate": "stand_front", "begin_fid": 360, "object_tid": 3}, {"end_fid": 390, "subject_tid": 4, "predicate": "stand_right", "begin_fid": 360, "object_tid": 5}, {"end_fid": 390, "subject_tid": 4, "predicate": "taller", "begin_fid": 360, "object_tid": 5}, {"end_fid": 390, "subject_tid": 4, "predicate": "larger", "begin_fid": 360, "object_tid": 5}, {"end_fid": 390, "subject_tid": 5, "predicate": "stand_left", "begin_fid": 360, "object_tid": 4}, {"end_fid": 390, "subject_tid": 4, "predicate": "stand_right", "begin_fid": 360, "object_tid": 6}, {"end_fid": 390, "subject_tid": 4, "predicate": "stand_front", "begin_fid": 360, "object_tid": 6}, {"end_fid": 390, "subject_tid": 4, "predicate": "taller", "begin_fid": 360, "object_tid": 6}, {"end_fid": 390, "subject_tid": 4, "predicate": "larger", "begin_fid": 360, "object_tid": 6}, {"end_fid": 390, "subject_tid": 6, "predicate": "walk_behind", "begin_fid": 360, "object_tid": 4}, {"end_fid": 390, "subject_tid": 6, "predicate": "walk_left", "begin_fid": 360, "object_tid": 4}, {"end_fid": 390, "subject_tid": 4, "predicate": "stand_behind", "begin_fid": 360, "object_tid": 7}, {"end_fid": 390, "subject_tid": 4, "predicate": "stand_left", "begin_fid": 360, "object_tid": 7}, {"end_fid": 390, "subject_tid": 4, "predicate": "taller", "begin_fid": 360, "object_tid": 7}, {"end_fid": 390, "subject_tid": 4, "predicate": "larger", "begin_fid": 360, "object_tid": 7}, {"end_fid": 390, "subject_tid": 7, "predicate": "stand_right", "begin_fid": 360, "object_tid": 4}, {"end_fid": 390, "subject_tid": 7, "predicate": "stand_front", "begin_fid": 360, "object_tid": 4}, {"end_fid": 390, "subject_tid": 5, "predicate": "stand_front", "begin_fid": 360, "object_tid": 6}, {"end_fid": 390, "subject_tid": 6, "predicate": "walk_behind", "begin_fid": 360, "object_tid": 5}, {"end_fid": 390, "subject_tid": 5, "predicate": "stand_left", "begin_fid": 360, "object_tid": 7}, {"end_fid": 390, "subject_tid": 7, "predicate": "stand_right", "begin_fid": 360, "object_tid": 5}, {"end_fid": 390, "subject_tid": 6, "predicate": "walk_behind", "begin_fid": 360, "object_tid": 7}, {"end_fid": 390, "subject_tid": 6, "predicate": "walk_left", "begin_fid": 360, "object_tid": 7}, {"end_fid": 390, "subject_tid": 7, "predicate": "stand_right", "begin_fid": 360, "object_tid": 6}, {"end_fid": 390, "subject_tid": 7, "predicate": "stand_front", "begin_fid": 360, "object_tid": 6}], "height": 424}