{"width": 1280, "frame_count": 425, "video_id": "ILSVRC2015_train_00044001", "fps": 25, "trajectories": [[], [], [], [], [], [], [], [], [], [], [], [], [], [], [], [], [], [], [], [], [], [], [], [], [], [], [], [], [], [], [], [], [], [], [], [], [], [], [], [], [], [], [], [], [], [], [], [], [], [], [], [], [], [], [], [], [], [], [], [], [], [], [], [], [], [], [], [], [], [], [], [], [], [], [], [{"tid": 0, "generated": 0, "bbox": {"xmin": 179, "ymin": 208, "ymax": 440, "xmax": 698}}, {"tid": 1, "generated": 0, "bbox": {"xmin": 1038, "ymin": 229, "ymax": 433, "xmax": 1253}}], [{"tid": 0, "generated": 0, "bbox": {"xmin": 166, "ymin": 207, "ymax": 440, "xmax": 687}}, {"tid": 1, "generated": 0, "bbox": {"xmin": 1013, "ymin": 234, "ymax": 442, "xmax": 1232}}], [{"tid": 0, "generated": 0, "bbox": {"xmin": 154, "ymin": 206, "ymax": 440, "xmax": 677}}, {"tid": 1, "generated": 0, "bbox": {"xmin": 993, "ymin": 238, "ymax": 444, "xmax": 1221}}], [{"tid": 0, "generated": 0, "bbox": {"xmin": 133, "ymin": 206, "ymax": 446, "xmax": 670}}, {"tid": 1, "generated": 0, "bbox": {"xmin": 972, "ymin": 241, "ymax": 449, "xmax": 1198}}], [{"tid": 0, "generated": 0, "bbox": {"xmin": 124, "ymin": 209, "ymax": 449, "xmax": 661}}, {"tid": 1, "generated": 0, "bbox": {"xmin": 965, "ymin": 241, "ymax": 455, "xmax": 1189}}], [{"tid": 0, "generated": 0, "bbox": {"xmin": 119, "ymin": 206, "ymax": 451, "xmax": 661}}, {"tid": 1, "generated": 0, "bbox": {"xmin": 958, "ymin": 240, "ymax": 456, "xmax": 1169}}], [{"tid": 0, "generated": 0, "bbox": {"xmin": 126, "ymin": 206, "ymax": 449, "xmax": 654}}, {"tid": 1, "generated": 0, "bbox": {"xmin": 936, "ymin": 240, "ymax": 455, "xmax": 1164}}], [{"tid": 0, "generated": 0, "bbox": {"xmin": 144, "ymin": 209, "ymax": 444, "xmax": 656}}, {"tid": 1, "generated": 0, "bbox": {"xmin": 928, "ymin": 240, "ymax": 462, "xmax": 1157}}], [{"tid": 0, "generated": 0, "bbox": {"xmin": 144, "ymin": 208, "ymax": 442, "xmax": 652}}, {"tid": 1, "generated": 0, "bbox": {"xmin": 913, "ymin": 241, "ymax": 462, "xmax": 1152}}], [{"tid": 0, "generated": 0, "bbox": {"xmin": 144, "ymin": 211, "ymax": 456, "xmax": 645}}, {"tid": 1, "generated": 0, "bbox": {"xmin": 892, "ymin": 245, "ymax": 465, "xmax": 1130}}], [{"tid": 0, "generated": 0, "bbox": {"xmin": 133, "ymin": 220, "ymax": 453, "xmax": 640}}, {"tid": 1, "generated": 0, "bbox": {"xmin": 880, "ymin": 247, "ymax": 464, "xmax": 1114}}], [{"tid": 0, "generated": 0, "bbox": {"xmin": 193, "ymin": 216, "ymax": 446, "xmax": 631}}, {"tid": 1, "generated": 0, "bbox": {"xmin": 862, "ymin": 254, "ymax": 465, "xmax": 1089}}], [{"tid": 0, "generated": 0, "bbox": {"xmin": 183, "ymin": 213, "ymax": 445, "xmax": 623}}, {"tid": 1, "generated": 0, "bbox": {"xmin": 846, "ymin": 257, "ymax": 465, "xmax": 1075}}], [{"tid": 0, "generated": 0, "bbox": {"xmin": 174, "ymin": 211, "ymax": 444, "xmax": 616}}, {"tid": 1, "generated": 0, "bbox": {"xmin": 830, "ymin": 259, "ymax": 469, "xmax": 1057}}], [{"tid": 0, "generated": 0, "bbox": {"xmin": 165, "ymin": 209, "ymax": 444, "xmax": 609}}, {"tid": 1, "generated": 0, "bbox": {"xmin": 819, "ymin": 259, "ymax": 469, "xmax": 1045}}], [{"tid": 0, "generated": 0, "bbox": {"xmin": 147, "ymin": 206, "ymax": 442, "xmax": 593}}, {"tid": 1, "generated": 0, "bbox": {"xmin": 803, "ymin": 259, "ymax": 467, "xmax": 1034}}], [{"tid": 0, "generated": 0, "bbox": {"xmin": 138, "ymin": 207, "ymax": 444, "xmax": 585}}, {"tid": 1, "generated": 0, "bbox": {"xmin": 794, "ymin": 257, "ymax": 464, "xmax": 1018}}], [{"tid": 0, "generated": 0, "bbox": {"xmin": 129, "ymin": 208, "ymax": 446, "xmax": 577}}, {"tid": 1, "generated": 0, "bbox": {"xmin": 780, "ymin": 268, "ymax": 472, "xmax": 1009}}], [{"tid": 0, "generated": 0, "bbox": {"xmin": 124, "ymin": 209, "ymax": 447, "xmax": 572}}, {"tid": 1, "generated": 0, "bbox": {"xmin": 771, "ymin": 268, "ymax": 472, "xmax": 1000}}], [{"tid": 0, "generated": 0, "bbox": {"xmin": 119, "ymin": 211, "ymax": 449, "xmax": 567}}, {"tid": 1, "generated": 0, "bbox": {"xmin": 760, "ymin": 270, "ymax": 474, "xmax": 990}}], [{"tid": 0, "generated": 0, "bbox": {"xmin": 110, "ymin": 211, "ymax": 464, "xmax": 560}}, {"tid": 1, "generated": 0, "bbox": {"xmin": 741, "ymin": 270, "ymax": 474, "xmax": 970}}], [{"tid": 0, "generated": 0, "bbox": {"xmin": 101, "ymin": 213, "ymax": 472, "xmax": 554}}, {"tid": 1, "generated": 0, "bbox": {"xmin": 732, "ymin": 270, "ymax": 474, "xmax": 961}}], [{"tid": 0, "generated": 0, "bbox": {"xmin": 97, "ymin": 213, "ymax": 465, "xmax": 558}}, {"tid": 1, "generated": 0, "bbox": {"xmin": 730, "ymin": 270, "ymax": 474, "xmax": 960}}], [{"tid": 0, "generated": 0, "bbox": {"xmin": 95, "ymin": 214, "ymax": 462, "xmax": 554}}, {"tid": 1, "generated": 0, "bbox": {"xmin": 718, "ymin": 272, "ymax": 476, "xmax": 947}}], [{"tid": 0, "generated": 0, "bbox": {"xmin": 93, "ymin": 215, "ymax": 459, "xmax": 550}}, {"tid": 1, "generated": 0, "bbox": {"xmin": 705, "ymin": 273, "ymax": 478, "xmax": 935}}], [{"tid": 0, "generated": 0, "bbox": {"xmin": 92, "ymin": 216, "ymax": 456, "xmax": 547}}, {"tid": 1, "generated": 0, "bbox": {"xmin": 693, "ymin": 275, "ymax": 478, "xmax": 926}}], [{"tid": 0, "generated": 0, "bbox": {"xmin": 85, "ymin": 215, "ymax": 455, "xmax": 551}}, {"tid": 1, "generated": 0, "bbox": {"xmin": 679, "ymin": 275, "ymax": 474, "xmax": 920}}], [{"tid": 0, "generated": 0, "bbox": {"xmin": 74, "ymin": 213, "ymax": 459, "xmax": 545}}, {"tid": 1, "generated": 0, "bbox": {"xmin": 666, "ymin": 277, "ymax": 474, "xmax": 915}}], [{"tid": 0, "generated": 0, "bbox": {"xmin": 64, "ymin": 211, "ymax": 464, "xmax": 540}}, {"tid": 1, "generated": 0, "bbox": {"xmin": 648, "ymin": 282, "ymax": 472, "xmax": 901}}], [{"tid": 0, "generated": 0, "bbox": {"xmin": 58, "ymin": 211, "ymax": 465, "xmax": 542}}, {"tid": 1, "generated": 0, "bbox": {"xmin": 645, "ymin": 282, "ymax": 472, "xmax": 898}}], [], [], [], [], [], [], [], [], [], [], [], [], [], [], [], [], [], [], [], [], [], [], [], [], [], [], [], [], [], [], [{"tid": 0, "generated": 0, "bbox": {"xmin": 1, "ymin": 168, "ymax": 451, "xmax": 510}}, {"tid": 1, "generated": 0, "bbox": {"xmin": 414, "ymin": 291, "ymax": 456, "xmax": 709}}], [{"tid": 0, "generated": 0, "bbox": {"xmin": 1, "ymin": 165, "ymax": 450, "xmax": 509}}, {"tid": 1, "generated": 0, "bbox": {"xmin": 405, "ymin": 291, "ymax": 462, "xmax": 707}}], [{"tid": 0, "generated": 0, "bbox": {"xmin": 1, "ymin": 162, "ymax": 449, "xmax": 508}}, {"tid": 1, "generated": 0, "bbox": {"xmin": 400, "ymin": 291, "ymax": 460, "xmax": 707}}], [{"tid": 0, "generated": 0, "bbox": {"xmin": 1, "ymin": 159, "ymax": 448, "xmax": 507}}, {"tid": 1, "generated": 0, "bbox": {"xmin": 392, "ymin": 291, "ymax": 458, "xmax": 707}}], [{"tid": 0, "generated": 0, "bbox": {"xmin": 1, "ymin": 156, "ymax": 448, "xmax": 506}}, {"tid": 1, "generated": 0, "bbox": {"xmin": 389, "ymin": 291, "ymax": 458, "xmax": 704}}], [{"tid": 0, "generated": 0, "bbox": {"xmin": 3, "ymin": 144, "ymax": 448, "xmax": 508}}, {"tid": 1, "generated": 0, "bbox": {"xmin": 385, "ymin": 291, "ymax": 455, "xmax": 700}}], [{"tid": 0, "generated": 0, "bbox": {"xmin": 4, "ymin": 143, "ymax": 447, "xmax": 509}}, {"tid": 1, "generated": 0, "bbox": {"xmin": 385, "ymin": 291, "ymax": 451, "xmax": 695}}], [{"tid": 0, "generated": 0, "bbox": {"xmin": 5, "ymin": 142, "ymax": 446, "xmax": 510}}, {"tid": 1, "generated": 0, "bbox": {"xmin": 380, "ymin": 291, "ymax": 455, "xmax": 688}}], [{"tid": 0, "generated": 0, "bbox": {"xmin": 11, "ymin": 139, "ymax": 444, "xmax": 513}}, {"tid": 1, "generated": 0, "bbox": {"xmin": 378, "ymin": 292, "ymax": 456, "xmax": 687}}], [{"tid": 0, "generated": 0, "bbox": {"xmin": 17, "ymin": 136, "ymax": 442, "xmax": 517}}, {"tid": 1, "generated": 0, "bbox": {"xmin": 376, "ymin": 293, "ymax": 457, "xmax": 686}}], [{"tid": 0, "generated": 0, "bbox": {"xmin": 26, "ymin": 133, "ymax": 439, "xmax": 520}}, {"tid": 1, "generated": 0, "bbox": {"xmin": 375, "ymin": 295, "ymax": 458, "xmax": 686}}], [{"tid": 0, "generated": 0, "bbox": {"xmin": 26, "ymin": 131, "ymax": 439, "xmax": 522}}, {"tid": 1, "generated": 0, "bbox": {"xmin": 376, "ymin": 296, "ymax": 460, "xmax": 686}}], [{"tid": 0, "generated": 0, "bbox": {"xmin": 24, "ymin": 129, "ymax": 440, "xmax": 525}}, {"tid": 1, "generated": 0, "bbox": {"xmin": 378, "ymin": 298, "ymax": 465, "xmax": 686}}], [{"tid": 0, "generated": 0, "bbox": {"xmin": 23, "ymin": 127, "ymax": 441, "xmax": 529}}, {"tid": 1, "generated": 0, "bbox": {"xmin": 380, "ymin": 300, "ymax": 464, "xmax": 689}}], [{"tid": 0, "generated": 0, "bbox": {"xmin": 22, "ymin": 125, "ymax": 442, "xmax": 532}}, {"tid": 1, "generated": 0, "bbox": {"xmin": 382, "ymin": 302, "ymax": 463, "xmax": 692}}], [{"tid": 0, "generated": 0, "bbox": {"xmin": 21, "ymin": 124, "ymax": 444, "xmax": 536}}, {"tid": 1, "generated": 0, "bbox": {"xmin": 385, "ymin": 304, "ymax": 462, "xmax": 695}}], [{"tid": 0, "generated": 0, "bbox": {"xmin": 24, "ymin": 129, "ymax": 440, "xmax": 545}}, {"tid": 1, "generated": 0, "bbox": {"xmin": 391, "ymin": 304, "ymax": 462, "xmax": 697}}], [{"tid": 0, "generated": 0, "bbox": {"xmin": 29, "ymin": 126, "ymax": 439, "xmax": 545}}, {"tid": 1, "generated": 0, "bbox": {"xmin": 397, "ymin": 305, "ymax": 462, "xmax": 699}}], [{"tid": 0, "generated": 0, "bbox": {"xmin": 34, "ymin": 124, "ymax": 438, "xmax": 545}}, {"tid": 1, "generated": 0, "bbox": {"xmin": 403, "ymin": 306, "ymax": 462, "xmax": 701}}], [{"tid": 0, "generated": 0, "bbox": {"xmin": 39, "ymin": 122, "ymax": 437, "xmax": 545}}, {"tid": 1, "generated": 0, "bbox": {"xmin": 410, "ymin": 307, "ymax": 462, "xmax": 704}}], [{"tid": 0, "generated": 0, "bbox": {"xmin": 44, "ymin": 120, "ymax": 436, "xmax": 546}}, {"tid": 1, "generated": 0, "bbox": {"xmin": 406, "ymin": 308, "ymax": 463, "xmax": 707}}], [{"tid": 0, "generated": 0, "bbox": {"xmin": 49, "ymin": 118, "ymax": 435, "xmax": 546}}, {"tid": 1, "generated": 0, "bbox": {"xmin": 403, "ymin": 310, "ymax": 465, "xmax": 710}}], [{"tid": 0, "generated": 0, "bbox": {"xmin": 54, "ymin": 116, "ymax": 434, "xmax": 546}}, {"tid": 1, "generated": 0, "bbox": {"xmin": 399, "ymin": 311, "ymax": 466, "xmax": 713}}], [{"tid": 0, "generated": 0, "bbox": {"xmin": 59, "ymin": 114, "ymax": 433, "xmax": 546}}, {"tid": 1, "generated": 0, "bbox": {"xmin": 396, "ymin": 313, "ymax": 468, "xmax": 716}}], [{"tid": 0, "generated": 0, "bbox": {"xmin": 65, "ymin": 112, "ymax": 433, "xmax": 547}}, {"tid": 1, "generated": 0, "bbox": {"xmin": 392, "ymin": 314, "ymax": 469, "xmax": 719}}], [{"tid": 0, "generated": 0, "bbox": {"xmin": 71, "ymin": 112, "ymax": 433, "xmax": 549}}, {"tid": 1, "generated": 0, "bbox": {"xmin": 389, "ymin": 316, "ymax": 471, "xmax": 723}}], [{"tid": 0, "generated": 0, "bbox": {"xmin": 71, "ymin": 111, "ymax": 431, "xmax": 549}}, {"tid": 1, "generated": 0, "bbox": {"xmin": 380, "ymin": 318, "ymax": 469, "xmax": 723}}], [{"tid": 0, "generated": 0, "bbox": {"xmin": 72, "ymin": 111, "ymax": 430, "xmax": 550}}, {"tid": 1, "generated": 0, "bbox": {"xmin": 373, "ymin": 320, "ymax": 467, "xmax": 725}}], [{"tid": 0, "generated": 0, "bbox": {"xmin": 73, "ymin": 110, "ymax": 429, "xmax": 551}}, {"tid": 1, "generated": 0, "bbox": {"xmin": 366, "ymin": 321, "ymax": 465, "xmax": 730}}], [{"tid": 0, "generated": 0, "bbox": {"xmin": 74, "ymin": 110, "ymax": 428, "xmax": 552}}, {"tid": 1, "generated": 0, "bbox": {"xmin": 360, "ymin": 323, "ymax": 465, "xmax": 734}}], [], [], [], [], [], [], [], [], [], [], [], [], [], [], [], [], [], [], [], [], [], [], [], [], [], [], [], [], [], [], [], [], [], [], [], [], [], [], [], [], [], [], [], [], [], [{"tid": 0, "generated": 0, "bbox": {"xmin": 40, "ymin": 23, "ymax": 350, "xmax": 497}}, {"tid": 1, "generated": 0, "bbox": {"xmin": 328, "ymin": 346, "ymax": 590, "xmax": 736}}], [{"tid": 0, "generated": 0, "bbox": {"xmin": 35, "ymin": 19, "ymax": 350, "xmax": 492}}, {"tid": 1, "generated": 0, "bbox": {"xmin": 323, "ymin": 344, "ymax": 592, "xmax": 734}}], [{"tid": 0, "generated": 0, "bbox": {"xmin": 30, "ymin": 21, "ymax": 346, "xmax": 487}}, {"tid": 1, "generated": 0, "bbox": {"xmin": 318, "ymin": 343, "ymax": 590, "xmax": 727}}], [{"tid": 0, "generated": 0, "bbox": {"xmin": 16, "ymin": 17, "ymax": 350, "xmax": 480}}, {"tid": 1, "generated": 0, "bbox": {"xmin": 328, "ymin": 343, "ymax": 590, "xmax": 727}}], [{"tid": 0, "generated": 0, "bbox": {"xmin": 1, "ymin": 14, "ymax": 328, "xmax": 476}}, {"tid": 1, "generated": 0, "bbox": {"xmin": 321, "ymin": 343, "ymax": 593, "xmax": 720}}], [{"tid": 0, "generated": 0, "bbox": {"xmin": 5, "ymin": 7, "ymax": 325, "xmax": 471}}, {"tid": 1, "generated": 0, "bbox": {"xmin": 314, "ymin": 343, "ymax": 592, "xmax": 714}}], [{"tid": 0, "generated": 0, "bbox": {"xmin": 3, "ymin": 5, "ymax": 330, "xmax": 458}}, {"tid": 1, "generated": 0, "bbox": {"xmin": 308, "ymin": 343, "ymax": 592, "xmax": 709}}], [{"tid": 0, "generated": 0, "bbox": {"xmin": 1, "ymin": 3, "ymax": 321, "xmax": 455}}, {"tid": 1, "generated": 0, "bbox": {"xmin": 302, "ymin": 343, "ymax": 592, "xmax": 704}}], [{"tid": 0, "generated": 0, "bbox": {"xmin": 0, "ymin": 1, "ymax": 314, "xmax": 444}}, {"tid": 1, "generated": 0, "bbox": {"xmin": 296, "ymin": 343, "ymax": 592, "xmax": 699}}], [{"tid": 0, "generated": 0, "bbox": {"xmin": 0, "ymin": 0, "ymax": 307, "xmax": 433}}, {"tid": 1, "generated": 0, "bbox": {"xmin": 290, "ymin": 343, "ymax": 592, "xmax": 694}}], [{"tid": 0, "generated": 0, "bbox": {"xmin": 0, "ymin": 0, "ymax": 302, "xmax": 423}}, {"tid": 1, "generated": 0, "bbox": {"xmin": 284, "ymin": 343, "ymax": 592, "xmax": 689}}], [{"tid": 0, "generated": 0, "bbox": {"xmin": 16, "ymin": 0, "ymax": 302, "xmax": 416}}, {"tid": 1, "generated": 0, "bbox": {"xmin": 282, "ymin": 344, "ymax": 595, "xmax": 688}}], [{"tid": 0, "generated": 0, "bbox": {"xmin": 26, "ymin": 0, "ymax": 302, "xmax": 410}}, {"tid": 1, "generated": 0, "bbox": {"xmin": 280, "ymin": 346, "ymax": 599, "xmax": 688}}], [{"tid": 0, "generated": 0, "bbox": {"xmin": 72, "ymin": 1, "ymax": 305, "xmax": 412}}, {"tid": 1, "generated": 0, "bbox": {"xmin": 278, "ymin": 348, "ymax": 602, "xmax": 688}}], [{"tid": 0, "generated": 0, "bbox": {"xmin": 76, "ymin": 0, "ymax": 305, "xmax": 408}}, {"tid": 1, "generated": 0, "bbox": {"xmin": 276, "ymin": 350, "ymax": 606, "xmax": 687}}], [{"tid": 0, "generated": 0, "bbox": {"xmin": 71, "ymin": 0, "ymax": 307, "xmax": 403}}, {"tid": 1, "generated": 0, "bbox": {"xmin": 274, "ymin": 352, "ymax": 609, "xmax": 687}}], [{"tid": 0, "generated": 0, "bbox": {"xmin": 62, "ymin": 0, "ymax": 310, "xmax": 399}}, {"tid": 1, "generated": 0, "bbox": {"xmin": 272, "ymin": 354, "ymax": 613, "xmax": 687}}], [{"tid": 0, "generated": 0, "bbox": {"xmin": 54, "ymin": 0, "ymax": 313, "xmax": 395}}, {"tid": 1, "generated": 0, "bbox": {"xmin": 270, "ymin": 356, "ymax": 616, "xmax": 686}}], [{"tid": 0, "generated": 0, "bbox": {"xmin": 46, "ymin": 0, "ymax": 316, "xmax": 391}}, {"tid": 1, "generated": 0, "bbox": {"xmin": 268, "ymin": 358, "ymax": 620, "xmax": 686}}], [{"tid": 0, "generated": 0, "bbox": {"xmin": 44, "ymin": 0, "ymax": 320, "xmax": 385}}, {"tid": 1, "generated": 0, "bbox": {"xmin": 266, "ymin": 360, "ymax": 624, "xmax": 686}}], [{"tid": 0, "generated": 0, "bbox": {"xmin": 23, "ymin": 0, "ymax": 320, "xmax": 387}}, {"tid": 1, "generated": 0, "bbox": {"xmin": 266, "ymin": 364, "ymax": 629, "xmax": 688}}], [{"tid": 0, "generated": 0, "bbox": {"xmin": 23, "ymin": 1, "ymax": 317, "xmax": 384}}, {"tid": 1, "generated": 0, "bbox": {"xmin": 266, "ymin": 368, "ymax": 640, "xmax": 688}}], [{"tid": 0, "generated": 0, "bbox": {"xmin": 24, "ymin": 3, "ymax": 314, "xmax": 382}}, {"tid": 1, "generated": 0, "bbox": {"xmin": 272, "ymin": 371, "ymax": 645, "xmax": 688}}], [{"tid": 0, "generated": 0, "bbox": {"xmin": 25, "ymin": 5, "ymax": 312, "xmax": 380}}, {"tid": 1, "generated": 0, "bbox": {"xmin": 273, "ymin": 375, "ymax": 647, "xmax": 688}}], [{"tid": 0, "generated": 0, "bbox": {"xmin": 26, "ymin": 8, "ymax": 310, "xmax": 378}}, {"tid": 1, "generated": 0, "bbox": {"xmin": 282, "ymin": 378, "ymax": 648, "xmax": 691}}], [{"tid": 0, "generated": 0, "bbox": {"xmin": 28, "ymin": 10, "ymax": 308, "xmax": 376}}, {"tid": 1, "generated": 0, "bbox": {"xmin": 291, "ymin": 382, "ymax": 650, "xmax": 695}}], [{"tid": 0, "generated": 0, "bbox": {"xmin": 29, "ymin": 13, "ymax": 306, "xmax": 375}}, {"tid": 1, "generated": 0, "bbox": {"xmin": 305, "ymin": 392, "ymax": 659, "xmax": 696}}], [{"tid": 0, "generated": 0, "bbox": {"xmin": 30, "ymin": 15, "ymax": 304, "xmax": 373}}, {"tid": 1, "generated": 0, "bbox": {"xmin": 320, "ymin": 400, "ymax": 664, "xmax": 698}}], [{"tid": 0, "generated": 0, "bbox": {"xmin": 32, "ymin": 18, "ymax": 302, "xmax": 371}}, {"tid": 1, "generated": 0, "bbox": {"xmin": 327, "ymin": 398, "ymax": 661, "xmax": 704}}], [{"tid": 0, "generated": 0, "bbox": {"xmin": 33, "ymin": 20, "ymax": 300, "xmax": 369}}, {"tid": 1, "generated": 0, "bbox": {"xmin": 327, "ymin": 400, "ymax": 664, "xmax": 708}}], [], [], [], [], [], [], [], [], [], [], [], [], [], [], [], [{"tid": 1, "generated": 0, "bbox": {"xmin": 292, "ymin": 374, "ymax": 641, "xmax": 769}}, {"tid": 2, "generated": 0, "bbox": {"xmin": 944, "ymin": 264, "ymax": 432, "xmax": 1027}}], [{"tid": 1, "generated": 0, "bbox": {"xmin": 293, "ymin": 373, "ymax": 641, "xmax": 775}}, {"tid": 2, "generated": 0, "bbox": {"xmin": 935, "ymin": 261, "ymax": 430, "xmax": 1018}}], [{"tid": 1, "generated": 0, "bbox": {"xmin": 294, "ymin": 371, "ymax": 642, "xmax": 778}}, {"tid": 2, "generated": 0, "bbox": {"xmin": 926, "ymin": 259, "ymax": 428, "xmax": 1010}}], [{"tid": 1, "generated": 0, "bbox": {"xmin": 296, "ymin": 370, "ymax": 643, "xmax": 781}}, {"tid": 2, "generated": 0, "bbox": {"xmin": 918, "ymin": 256, "ymax": 426, "xmax": 1002}}], [{"tid": 1, "generated": 0, "bbox": {"xmin": 298, "ymin": 369, "ymax": 644, "xmax": 784}}, {"tid": 2, "generated": 0, "bbox": {"xmin": 909, "ymin": 254, "ymax": 424, "xmax": 994}}], [{"tid": 1, "generated": 0, "bbox": {"xmin": 300, "ymin": 368, "ymax": 645, "xmax": 787}}, {"tid": 2, "generated": 0, "bbox": {"xmin": 901, "ymin": 252, "ymax": 423, "xmax": 986}}], [{"tid": 1, "generated": 0, "bbox": {"xmin": 295, "ymin": 366, "ymax": 641, "xmax": 787}}, {"tid": 2, "generated": 0, "bbox": {"xmin": 891, "ymin": 248, "ymax": 419, "xmax": 978}}], [{"tid": 1, "generated": 0, "bbox": {"xmin": 295, "ymin": 364, "ymax": 638, "xmax": 786}}, {"tid": 2, "generated": 0, "bbox": {"xmin": 882, "ymin": 245, "ymax": 415, "xmax": 970}}], [{"tid": 1, "generated": 0, "bbox": {"xmin": 295, "ymin": 362, "ymax": 636, "xmax": 785}}, {"tid": 2, "generated": 0, "bbox": {"xmin": 873, "ymin": 241, "ymax": 411, "xmax": 962}}], [{"tid": 1, "generated": 0, "bbox": {"xmin": 295, "ymin": 360, "ymax": 633, "xmax": 784}}, {"tid": 2, "generated": 0, "bbox": {"xmin": 864, "ymin": 238, "ymax": 407, "xmax": 954}}], [{"tid": 1, "generated": 0, "bbox": {"xmin": 296, "ymin": 359, "ymax": 631, "xmax": 784}}, {"tid": 2, "generated": 0, "bbox": {"xmin": 853, "ymin": 235, "ymax": 403, "xmax": 944}}], [{"tid": 1, "generated": 0, "bbox": {"xmin": 294, "ymin": 357, "ymax": 629, "xmax": 783}}, {"tid": 2, "generated": 0, "bbox": {"xmin": 842, "ymin": 232, "ymax": 399, "xmax": 935}}], [{"tid": 1, "generated": 0, "bbox": {"xmin": 293, "ymin": 355, "ymax": 628, "xmax": 783}}, {"tid": 2, "generated": 0, "bbox": {"xmin": 831, "ymin": 229, "ymax": 396, "xmax": 925}}], [{"tid": 1, "generated": 0, "bbox": {"xmin": 291, "ymin": 353, "ymax": 627, "xmax": 782}}, {"tid": 2, "generated": 0, "bbox": {"xmin": 820, "ymin": 226, "ymax": 392, "xmax": 916}}], [{"tid": 1, "generated": 0, "bbox": {"xmin": 290, "ymin": 351, "ymax": 626, "xmax": 782}}, {"tid": 2, "generated": 0, "bbox": {"xmin": 809, "ymin": 223, "ymax": 388, "xmax": 906}}], [{"tid": 1, "generated": 0, "bbox": {"xmin": 289, "ymin": 350, "ymax": 625, "xmax": 782}}, {"tid": 2, "generated": 0, "bbox": {"xmin": 798, "ymin": 220, "ymax": 385, "xmax": 897}}], [{"tid": 1, "generated": 0, "bbox": {"xmin": 284, "ymin": 348, "ymax": 624, "xmax": 780}}, {"tid": 2, "generated": 0, "bbox": {"xmin": 785, "ymin": 218, "ymax": 383, "xmax": 886}}], [{"tid": 1, "generated": 0, "bbox": {"xmin": 280, "ymin": 346, "ymax": 621, "xmax": 778}}, {"tid": 2, "generated": 0, "bbox": {"xmin": 772, "ymin": 217, "ymax": 381, "xmax": 875}}], [{"tid": 1, "generated": 0, "bbox": {"xmin": 276, "ymin": 344, "ymax": 618, "xmax": 777}}, {"tid": 2, "generated": 0, "bbox": {"xmin": 759, "ymin": 215, "ymax": 379, "xmax": 864}}], [{"tid": 1, "generated": 0, "bbox": {"xmin": 273, "ymin": 343, "ymax": 615, "xmax": 776}}, {"tid": 2, "generated": 0, "bbox": {"xmin": 746, "ymin": 214, "ymax": 377, "xmax": 853}}], [{"tid": 1, "generated": 0, "bbox": {"xmin": 279, "ymin": 341, "ymax": 611, "xmax": 778}}, {"tid": 2, "generated": 0, "bbox": {"xmin": 734, "ymin": 213, "ymax": 376, "xmax": 842}}], [{"tid": 1, "generated": 0, "bbox": {"xmin": 296, "ymin": 339, "ymax": 608, "xmax": 775}}, {"tid": 2, "generated": 0, "bbox": {"xmin": 720, "ymin": 208, "ymax": 371, "xmax": 830}}], [{"tid": 1, "generated": 0, "bbox": {"xmin": 296, "ymin": 336, "ymax": 604, "xmax": 782}}, {"tid": 2, "generated": 0, "bbox": {"xmin": 707, "ymin": 208, "ymax": 371, "xmax": 819}}], [{"tid": 1, "generated": 0, "bbox": {"xmin": 289, "ymin": 336, "ymax": 608, "xmax": 780}}, {"tid": 2, "generated": 0, "bbox": {"xmin": 696, "ymin": 206, "ymax": 368, "xmax": 810}}], [{"tid": 1, "generated": 0, "bbox": {"xmin": 284, "ymin": 337, "ymax": 609, "xmax": 780}}, {"tid": 2, "generated": 0, "bbox": {"xmin": 686, "ymin": 209, "ymax": 366, "xmax": 800}}], [{"tid": 1, "generated": 0, "bbox": {"xmin": 280, "ymin": 334, "ymax": 611, "xmax": 782}}, {"tid": 2, "generated": 0, "bbox": {"xmin": 672, "ymin": 206, "ymax": 360, "xmax": 796}}], [{"tid": 1, "generated": 0, "bbox": {"xmin": 268, "ymin": 334, "ymax": 609, "xmax": 782}}, {"tid": 2, "generated": 0, "bbox": {"xmin": 663, "ymin": 208, "ymax": 355, "xmax": 787}}], [{"tid": 1, "generated": 0, "bbox": {"xmin": 257, "ymin": 336, "ymax": 609, "xmax": 782}}, {"tid": 2, "generated": 0, "bbox": {"xmin": 651, "ymin": 208, "ymax": 354, "xmax": 780}}], [{"tid": 1, "generated": 0, "bbox": {"xmin": 252, "ymin": 337, "ymax": 611, "xmax": 782}}, {"tid": 2, "generated": 0, "bbox": {"xmin": 640, "ymin": 208, "ymax": 353, "xmax": 773}}], [{"tid": 1, "generated": 0, "bbox": {"xmin": 238, "ymin": 343, "ymax": 611, "xmax": 778}}, {"tid": 2, "generated": 0, "bbox": {"xmin": 625, "ymin": 213, "ymax": 350, "xmax": 755}}], [], [], [], [], [], [], [], [], [], [], [], [], [], [], [], [], [], [], [], [], [], [], [], [], [], [], [], [], [], [], [], [], [], [], [], [], [], [], [], [], [], [], [], [], [], [], [], [], [], [], [], [], [], [], [], [], [], [], [], [], [], [], [], [], [], [], [], [], [], [], [], [], [], [], [], [], [], [], [], [], [], [], [], [], [], [], [], [], [], [], [], [], [], [], [], [], [], [], [], [], [], [], [], [], [], [{"tid": 3, "generated": 0, "bbox": {"xmin": 321, "ymin": 200, "ymax": 508, "xmax": 862}}, {"tid": 4, "generated": 0, "bbox": {"xmin": 131, "ymin": 238, "ymax": 485, "xmax": 428}}, {"tid": 5, "generated": 0, "bbox": {"xmin": 910, "ymin": 376, "ymax": 718, "xmax": 1072}}], [{"tid": 3, "generated": 0, "bbox": {"xmin": 318, "ymin": 201, "ymax": 507, "xmax": 858}}, {"tid": 4, "generated": 0, "bbox": {"xmin": 128, "ymin": 238, "ymax": 483, "xmax": 424}}, {"tid": 5, "generated": 0, "bbox": {"xmin": 909, "ymin": 375, "ymax": 717, "xmax": 1071}}], [{"tid": 3, "generated": 0, "bbox": {"xmin": 316, "ymin": 202, "ymax": 507, "xmax": 855}}, {"tid": 4, "generated": 0, "bbox": {"xmin": 124, "ymin": 238, "ymax": 481, "xmax": 423}}, {"tid": 5, "generated": 0, "bbox": {"xmin": 908, "ymin": 375, "ymax": 717, "xmax": 1071}}], [{"tid": 3, "generated": 0, "bbox": {"xmin": 313, "ymin": 203, "ymax": 506, "xmax": 852}}, {"tid": 4, "generated": 0, "bbox": {"xmin": 120, "ymin": 238, "ymax": 481, "xmax": 421}}, {"tid": 5, "generated": 0, "bbox": {"xmin": 907, "ymin": 375, "ymax": 717, "xmax": 1071}}], [{"tid": 3, "generated": 0, "bbox": {"xmin": 311, "ymin": 204, "ymax": 506, "xmax": 849}}, {"tid": 4, "generated": 0, "bbox": {"xmin": 118, "ymin": 239, "ymax": 483, "xmax": 415}}, {"tid": 5, "generated": 0, "bbox": {"xmin": 907, "ymin": 374, "ymax": 717, "xmax": 1071}}], [{"tid": 3, "generated": 0, "bbox": {"xmin": 309, "ymin": 206, "ymax": 506, "xmax": 846}}, {"tid": 4, "generated": 0, "bbox": {"xmin": 116, "ymin": 241, "ymax": 486, "xmax": 410}}, {"tid": 5, "generated": 0, "bbox": {"xmin": 906, "ymin": 374, "ymax": 717, "xmax": 1071}}], [{"tid": 3, "generated": 0, "bbox": {"xmin": 309, "ymin": 208, "ymax": 508, "xmax": 848}}, {"tid": 4, "generated": 0, "bbox": {"xmin": 114, "ymin": 243, "ymax": 489, "xmax": 405}}, {"tid": 5, "generated": 0, "bbox": {"xmin": 905, "ymin": 374, "ymax": 716, "xmax": 1070}}], [{"tid": 3, "generated": 0, "bbox": {"xmin": 311, "ymin": 209, "ymax": 510, "xmax": 851}}, {"tid": 4, "generated": 0, "bbox": {"xmin": 112, "ymin": 244, "ymax": 491, "xmax": 399}}, {"tid": 5, "generated": 0, "bbox": {"xmin": 905, "ymin": 373, "ymax": 716, "xmax": 1070}}], [{"tid": 3, "generated": 0, "bbox": {"xmin": 306, "ymin": 210, "ymax": 510, "xmax": 849}}, {"tid": 4, "generated": 0, "bbox": {"xmin": 110, "ymin": 246, "ymax": 494, "xmax": 394}}, {"tid": 5, "generated": 0, "bbox": {"xmin": 904, "ymin": 373, "ymax": 716, "xmax": 1070}}], [{"tid": 3, "generated": 0, "bbox": {"xmin": 302, "ymin": 211, "ymax": 511, "xmax": 847}}, {"tid": 4, "generated": 0, "bbox": {"xmin": 108, "ymin": 248, "ymax": 497, "xmax": 389}}, {"tid": 5, "generated": 0, "bbox": {"xmin": 903, "ymin": 373, "ymax": 716, "xmax": 1070}}], [{"tid": 3, "generated": 0, "bbox": {"xmin": 298, "ymin": 213, "ymax": 512, "xmax": 846}}, {"tid": 4, "generated": 0, "bbox": {"xmin": 106, "ymin": 250, "ymax": 501, "xmax": 382}}, {"tid": 5, "generated": 0, "bbox": {"xmin": 903, "ymin": 373, "ymax": 716, "xmax": 1070}}], [{"tid": 3, "generated": 0, "bbox": {"xmin": 300, "ymin": 213, "ymax": 512, "xmax": 846}}, {"tid": 4, "generated": 0, "bbox": {"xmin": 108, "ymin": 249, "ymax": 502, "xmax": 373}}, {"tid": 5, "generated": 0, "bbox": {"xmin": 896, "ymin": 371, "ymax": 716, "xmax": 1068}}], [{"tid": 3, "generated": 0, "bbox": {"xmin": 302, "ymin": 214, "ymax": 513, "xmax": 847}}, {"tid": 4, "generated": 0, "bbox": {"xmin": 110, "ymin": 248, "ymax": 503, "xmax": 364}}, {"tid": 5, "generated": 0, "bbox": {"xmin": 888, "ymin": 375, "ymax": 718, "xmax": 1068}}], [{"tid": 3, "generated": 0, "bbox": {"xmin": 304, "ymin": 215, "ymax": 514, "xmax": 848}}, {"tid": 4, "generated": 0, "bbox": {"xmin": 113, "ymin": 247, "ymax": 504, "xmax": 355}}, {"tid": 5, "generated": 0, "bbox": {"xmin": 885, "ymin": 371, "ymax": 718, "xmax": 1066}}], [{"tid": 3, "generated": 0, "bbox": {"xmin": 306, "ymin": 215, "ymax": 514, "xmax": 849}}, {"tid": 4, "generated": 0, "bbox": {"xmin": 112, "ymin": 250, "ymax": 506, "xmax": 341}}, {"tid": 5, "generated": 0, "bbox": {"xmin": 881, "ymin": 370, "ymax": 718, "xmax": 1066}}], [{"tid": 3, "generated": 0, "bbox": {"xmin": 309, "ymin": 216, "ymax": 515, "xmax": 850}}, {"tid": 4, "generated": 0, "bbox": {"xmin": 117, "ymin": 250, "ymax": 506, "xmax": 328}}, {"tid": 5, "generated": 0, "bbox": {"xmin": 878, "ymin": 369, "ymax": 718, "xmax": 1066}}], [{"tid": 3, "generated": 0, "bbox": {"xmin": 311, "ymin": 217, "ymax": 516, "xmax": 851}}, {"tid": 4, "generated": 0, "bbox": {"xmin": 120, "ymin": 252, "ymax": 506, "xmax": 320}}, {"tid": 5, "generated": 0, "bbox": {"xmin": 871, "ymin": 371, "ymax": 716, "xmax": 1066}}], [{"tid": 3, "generated": 0, "bbox": {"xmin": 313, "ymin": 217, "ymax": 516, "xmax": 852}}, {"tid": 4, "generated": 0, "bbox": {"xmin": 120, "ymin": 250, "ymax": 504, "xmax": 307}}, {"tid": 5, "generated": 0, "bbox": {"xmin": 860, "ymin": 373, "ymax": 714, "xmax": 1064}}], [{"tid": 3, "generated": 0, "bbox": {"xmin": 315, "ymin": 218, "ymax": 517, "xmax": 853}}, {"tid": 4, "generated": 0, "bbox": {"xmin": 122, "ymin": 256, "ymax": 506, "xmax": 298}}, {"tid": 5, "generated": 0, "bbox": {"xmin": 856, "ymin": 375, "ymax": 712, "xmax": 1064}}], [{"tid": 3, "generated": 0, "bbox": {"xmin": 317, "ymin": 219, "ymax": 518, "xmax": 854}}, {"tid": 4, "generated": 0, "bbox": {"xmin": 126, "ymin": 256, "ymax": 510, "xmax": 296}}, {"tid": 5, "generated": 0, "bbox": {"xmin": 858, "ymin": 380, "ymax": 716, "xmax": 1066}}], [{"tid": 3, "generated": 0, "bbox": {"xmin": 320, "ymin": 220, "ymax": 519, "xmax": 855}}, {"tid": 4, "generated": 0, "bbox": {"xmin": 129, "ymin": 261, "ymax": 513, "xmax": 296}}, {"tid": 5, "generated": 0, "bbox": {"xmin": 860, "ymin": 380, "ymax": 716, "xmax": 1066}}], [{"tid": 3, "generated": 0, "bbox": {"xmin": 322, "ymin": 220, "ymax": 519, "xmax": 855}}, {"tid": 4, "generated": 0, "bbox": {"xmin": 128, "ymin": 262, "ymax": 515, "xmax": 296}}, {"tid": 5, "generated": 0, "bbox": {"xmin": 858, "ymin": 379, "ymax": 715, "xmax": 1055}}], [{"tid": 3, "generated": 0, "bbox": {"xmin": 324, "ymin": 220, "ymax": 520, "xmax": 856}}, {"tid": 4, "generated": 0, "bbox": {"xmin": 128, "ymin": 263, "ymax": 517, "xmax": 296}}, {"tid": 5, "generated": 0, "bbox": {"xmin": 856, "ymin": 378, "ymax": 714, "xmax": 1045}}], [{"tid": 3, "generated": 0, "bbox": {"xmin": 326, "ymin": 220, "ymax": 521, "xmax": 857}}, {"tid": 4, "generated": 0, "bbox": {"xmin": 128, "ymin": 266, "ymax": 517, "xmax": 295}}, {"tid": 5, "generated": 0, "bbox": {"xmin": 855, "ymin": 378, "ymax": 714, "xmax": 1038}}], [{"tid": 3, "generated": 0, "bbox": {"xmin": 328, "ymin": 220, "ymax": 522, "xmax": 857}}, {"tid": 4, "generated": 0, "bbox": {"xmin": 128, "ymin": 270, "ymax": 520, "xmax": 295}}, {"tid": 5, "generated": 0, "bbox": {"xmin": 851, "ymin": 380, "ymax": 716, "xmax": 1027}}], [{"tid": 3, "generated": 0, "bbox": {"xmin": 330, "ymin": 221, "ymax": 523, "xmax": 858}}, {"tid": 4, "generated": 0, "bbox": {"xmin": 128, "ymin": 273, "ymax": 519, "xmax": 295}}, {"tid": 5, "generated": 0, "bbox": {"xmin": 848, "ymin": 376, "ymax": 712, "xmax": 1018}}], [{"tid": 3, "generated": 0, "bbox": {"xmin": 332, "ymin": 221, "ymax": 524, "xmax": 859}}, {"tid": 4, "generated": 0, "bbox": {"xmin": 128, "ymin": 273, "ymax": 531, "xmax": 286}}, {"tid": 5, "generated": 0, "bbox": {"xmin": 847, "ymin": 376, "ymax": 715, "xmax": 1009}}], [{"tid": 3, "generated": 0, "bbox": {"xmin": 334, "ymin": 221, "ymax": 525, "xmax": 859}}, {"tid": 4, "generated": 0, "bbox": {"xmin": 128, "ymin": 272, "ymax": 531, "xmax": 284}}, {"tid": 5, "generated": 0, "bbox": {"xmin": 846, "ymin": 376, "ymax": 718, "xmax": 1000}}], [{"tid": 3, "generated": 0, "bbox": {"xmin": 336, "ymin": 221, "ymax": 526, "xmax": 860}}, {"tid": 4, "generated": 0, "bbox": {"xmin": 128, "ymin": 270, "ymax": 533, "xmax": 275}}, {"tid": 5, "generated": 0, "bbox": {"xmin": 847, "ymin": 375, "ymax": 717, "xmax": 1000}}], [{"tid": 3, "generated": 0, "bbox": {"xmin": 338, "ymin": 221, "ymax": 527, "xmax": 861}}, {"tid": 4, "generated": 0, "bbox": {"xmin": 128, "ymin": 268, "ymax": 535, "xmax": 266}}, {"tid": 5, "generated": 0, "bbox": {"xmin": 848, "ymin": 375, "ymax": 716, "xmax": 1001}}]], "subject/objects": [{"category": "lion", "tid": 0}, {"category": "lion", "tid": 1}, {"category": "lion", "tid": 2}, {"category": "lion", "tid": 3}, {"category": "lion", "tid": 4}, {"category": "lion", "tid": 5}], "relation_instances": [{"end_fid": 105, "subject_tid": 0, "predicate": "walk_toward", "begin_fid": 75, "object_tid": 1}, {"end_fid": 105, "subject_tid": 0, "predicate": "walk_left", "begin_fid": 75, "object_tid": 1}, {"end_fid": 105, "subject_tid": 1, "predicate": "walk_right", "begin_fid": 75, "object_tid": 0}, {"end_fid": 165, "subject_tid": 0, "predicate": "walk_behind", "begin_fid": 135, "object_tid": 1}, {"end_fid": 165, "subject_tid": 0, "predicate": "walk_left", "begin_fid": 135, "object_tid": 1}, {"end_fid": 165, "subject_tid": 1, "predicate": "walk_front", "begin_fid": 135, "object_tid": 0}, {"end_fid": 165, "subject_tid": 1, "predicate": "walk_right", "begin_fid": 135, "object_tid": 0}, {"end_fid": 240, "subject_tid": 0, "predicate": "walk_behind", "begin_fid": 210, "object_tid": 1}, {"end_fid": 240, "subject_tid": 0, "predicate": "walk_away", "begin_fid": 210, "object_tid": 1}, {"end_fid": 240, "subject_tid": 0, "predicate": "walk_left", "begin_fid": 210, "object_tid": 1}, {"end_fid": 240, "subject_tid": 1, "predicate": "walk_away", "begin_fid": 210, "object_tid": 0}, {"end_fid": 240, "subject_tid": 1, "predicate": "walk_front", "begin_fid": 210, "object_tid": 0}, {"end_fid": 240, "subject_tid": 1, "predicate": "walk_right", "begin_fid": 210, "object_tid": 0}, {"end_fid": 285, "subject_tid": 1, "predicate": "walk_front", "begin_fid": 255, "object_tid": 2}, {"end_fid": 285, "subject_tid": 1, "predicate": "walk_left", "begin_fid": 255, "object_tid": 2}, {"end_fid": 285, "subject_tid": 2, "predicate": "walk_away", "begin_fid": 255, "object_tid": 1}, {"end_fid": 285, "subject_tid": 2, "predicate": "walk_behind", "begin_fid": 255, "object_tid": 1}, {"end_fid": 285, "subject_tid": 2, "predicate": "walk_right", "begin_fid": 255, "object_tid": 1}, {"end_fid": 420, "subject_tid": 3, "predicate": "sit_right", "begin_fid": 390, "object_tid": 4}, {"end_fid": 420, "subject_tid": 4, "predicate": "walk_left", "begin_fid": 390, "object_tid": 3}, {"end_fid": 420, "subject_tid": 3, "predicate": "sit_behind", "begin_fid": 390, "object_tid": 5}, {"end_fid": 420, "subject_tid": 3, "predicate": "sit_left", "begin_fid": 390, "object_tid": 5}, {"end_fid": 420, "subject_tid": 5, "predicate": "walk_toward", "begin_fid": 390, "object_tid": 3}, {"end_fid": 420, "subject_tid": 5, "predicate": "walk_front", "begin_fid": 390, "object_tid": 3}, {"end_fid": 420, "subject_tid": 5, "predicate": "walk_right", "begin_fid": 390, "object_tid": 3}, {"end_fid": 420, "subject_tid": 5, "predicate": "watch", "begin_fid": 390, "object_tid": 3}, {"end_fid": 420, "subject_tid": 4, "predicate": "walk_behind", "begin_fid": 390, "object_tid": 5}, {"end_fid": 420, "subject_tid": 4, "predicate": "walk_left", "begin_fid": 390, "object_tid": 5}, {"end_fid": 420, "subject_tid": 5, "predicate": "walk_front", "begin_fid": 390, "object_tid": 4}, {"end_fid": 420, "subject_tid": 5, "predicate": "walk_right", "begin_fid": 390, "object_tid": 4}], "height": 720}