{"width": 1280, "frame_count": 303, "video_id": "ILSVRC2015_train_00053000", "fps": 25, "trajectories": [[{"tid": 0, "generated": 0, "bbox": {"xmin": 113, "ymin": 44, "ymax": 718, "xmax": 1276}}, {"tid": 1, "generated": 0, "bbox": {"xmin": 1, "ymin": 30, "ymax": 714, "xmax": 314}}], [{"tid": 0, "generated": 0, "bbox": {"xmin": 115, "ymin": 44, "ymax": 717, "xmax": 1276}}, {"tid": 1, "generated": 0, "bbox": {"xmin": 1, "ymin": 30, "ymax": 714, "xmax": 316}}], [{"tid": 0, "generated": 0, "bbox": {"xmin": 118, "ymin": 44, "ymax": 717, "xmax": 1276}}, {"tid": 1, "generated": 0, "bbox": {"xmin": 1, "ymin": 31, "ymax": 714, "xmax": 319}}], [{"tid": 0, "generated": 0, "bbox": {"xmin": 120, "ymin": 44, "ymax": 717, "xmax": 1276}}, {"tid": 1, "generated": 0, "bbox": {"xmin": 1, "ymin": 31, "ymax": 714, "xmax": 321}}], [{"tid": 0, "generated": 0, "bbox": {"xmin": 123, "ymin": 44, "ymax": 717, "xmax": 1276}}, {"tid": 1, "generated": 0, "bbox": {"xmin": 1, "ymin": 32, "ymax": 714, "xmax": 324}}], [{"tid": 0, "generated": 0, "bbox": {"xmin": 126, "ymin": 44, "ymax": 717, "xmax": 1276}}, {"tid": 1, "generated": 0, "bbox": {"xmin": 1, "ymin": 32, "ymax": 715, "xmax": 326}}], [{"tid": 0, "generated": 0, "bbox": {"xmin": 128, "ymin": 44, "ymax": 717, "xmax": 1276}}, {"tid": 1, "generated": 0, "bbox": {"xmin": 1, "ymin": 33, "ymax": 715, "xmax": 329}}], [{"tid": 0, "generated": 0, "bbox": {"xmin": 131, "ymin": 44, "ymax": 717, "xmax": 1276}}, {"tid": 1, "generated": 0, "bbox": {"xmin": 1, "ymin": 33, "ymax": 715, "xmax": 331}}], [{"tid": 0, "generated": 0, "bbox": {"xmin": 133, "ymin": 44, "ymax": 717, "xmax": 1276}}, {"tid": 1, "generated": 0, "bbox": {"xmin": 1, "ymin": 34, "ymax": 715, "xmax": 334}}], [{"tid": 0, "generated": 0, "bbox": {"xmin": 136, "ymin": 44, "ymax": 717, "xmax": 1276}}, {"tid": 1, "generated": 0, "bbox": {"xmin": 1, "ymin": 34, "ymax": 715, "xmax": 336}}], [{"tid": 0, "generated": 0, "bbox": {"xmin": 139, "ymin": 44, "ymax": 717, "xmax": 1276}}, {"tid": 1, "generated": 0, "bbox": {"xmin": 1, "ymin": 35, "ymax": 716, "xmax": 339}}], [{"tid": 0, "generated": 0, "bbox": {"xmin": 141, "ymin": 44, "ymax": 716, "xmax": 1276}}, {"tid": 1, "generated": 0, "bbox": {"xmin": 1, "ymin": 34, "ymax": 716, "xmax": 340}}], [{"tid": 0, "generated": 0, "bbox": {"xmin": 144, "ymin": 44, "ymax": 716, "xmax": 1276}}, {"tid": 1, "generated": 0, "bbox": {"xmin": 1, "ymin": 34, "ymax": 716, "xmax": 342}}], [{"tid": 0, "generated": 0, "bbox": {"xmin": 146, "ymin": 44, "ymax": 716, "xmax": 1276}}, {"tid": 1, "generated": 0, "bbox": {"xmin": 1, "ymin": 33, "ymax": 716, "xmax": 344}}], [{"tid": 0, "generated": 0, "bbox": {"xmin": 149, "ymin": 44, "ymax": 716, "xmax": 1276}}, {"tid": 1, "generated": 0, "bbox": {"xmin": 1, "ymin": 33, "ymax": 716, "xmax": 346}}], [{"tid": 0, "generated": 0, "bbox": {"xmin": 152, "ymin": 44, "ymax": 716, "xmax": 1276}}, {"tid": 1, "generated": 0, "bbox": {"xmin": 1, "ymin": 32, "ymax": 716, "xmax": 348}}], [{"tid": 0, "generated": 0, "bbox": {"xmin": 154, "ymin": 44, "ymax": 716, "xmax": 1276}}, {"tid": 1, "generated": 0, "bbox": {"xmin": 1, "ymin": 32, "ymax": 716, "xmax": 349}}], [{"tid": 0, "generated": 0, "bbox": {"xmin": 157, "ymin": 44, "ymax": 716, "xmax": 1276}}, {"tid": 1, "generated": 0, "bbox": {"xmin": 1, "ymin": 31, "ymax": 716, "xmax": 351}}], [{"tid": 0, "generated": 0, "bbox": {"xmin": 159, "ymin": 44, "ymax": 716, "xmax": 1276}}, {"tid": 1, "generated": 0, "bbox": {"xmin": 1, "ymin": 31, "ymax": 716, "xmax": 353}}], [{"tid": 0, "generated": 0, "bbox": {"xmin": 162, "ymin": 44, "ymax": 716, "xmax": 1276}}, {"tid": 1, "generated": 0, "bbox": {"xmin": 1, "ymin": 30, "ymax": 716, "xmax": 355}}], [{"tid": 0, "generated": 0, "bbox": {"xmin": 165, "ymin": 44, "ymax": 716, "xmax": 1276}}, {"tid": 1, "generated": 0, "bbox": {"xmin": 1, "ymin": 30, "ymax": 716, "xmax": 357}}], [{"tid": 0, "generated": 0, "bbox": {"xmin": 168, "ymin": 46, "ymax": 716, "xmax": 1276}}, {"tid": 1, "generated": 0, "bbox": {"xmin": 1, "ymin": 28, "ymax": 716, "xmax": 359}}], [{"tid": 0, "generated": 0, "bbox": {"xmin": 172, "ymin": 48, "ymax": 716, "xmax": 1276}}, {"tid": 1, "generated": 0, "bbox": {"xmin": 1, "ymin": 27, "ymax": 716, "xmax": 361}}], [{"tid": 0, "generated": 0, "bbox": {"xmin": 175, "ymin": 50, "ymax": 716, "xmax": 1277}}, {"tid": 1, "generated": 0, "bbox": {"xmin": 1, "ymin": 26, "ymax": 716, "xmax": 363}}], [{"tid": 0, "generated": 0, "bbox": {"xmin": 179, "ymin": 52, "ymax": 716, "xmax": 1277}}, {"tid": 1, "generated": 0, "bbox": {"xmin": 1, "ymin": 25, "ymax": 716, "xmax": 366}}], [{"tid": 0, "generated": 0, "bbox": {"xmin": 182, "ymin": 54, "ymax": 717, "xmax": 1278}}, {"tid": 1, "generated": 0, "bbox": {"xmin": 1, "ymin": 24, "ymax": 716, "xmax": 368}}], [{"tid": 0, "generated": 0, "bbox": {"xmin": 186, "ymin": 56, "ymax": 717, "xmax": 1278}}, {"tid": 1, "generated": 0, "bbox": {"xmin": 1, "ymin": 23, "ymax": 716, "xmax": 370}}], [{"tid": 0, "generated": 0, "bbox": {"xmin": 189, "ymin": 58, "ymax": 717, "xmax": 1278}}, {"tid": 1, "generated": 0, "bbox": {"xmin": 1, "ymin": 22, "ymax": 716, "xmax": 373}}], [{"tid": 0, "generated": 0, "bbox": {"xmin": 193, "ymin": 60, "ymax": 717, "xmax": 1279}}, {"tid": 1, "generated": 0, "bbox": {"xmin": 1, "ymin": 21, "ymax": 716, "xmax": 375}}], [{"tid": 0, "generated": 0, "bbox": {"xmin": 196, "ymin": 62, "ymax": 717, "xmax": 1279}}, {"tid": 1, "generated": 0, "bbox": {"xmin": 1, "ymin": 20, "ymax": 716, "xmax": 377}}], [], [], [], [], [], [], [], [], [], [], [], [], [], [], [], [], [], [], [], [], [], [], [], [], [], [], [], [], [], [], [], [], [], [], [], [], [], [], [], [], [], [], [], [], [], [], [], [], [], [], [], [], [], [], [], [], [], [], [], [], [], [], [], [], [], [], [], [], [], [], [], [], [], [], [], [], [], [], [], [], [], [], [], [], [], [], [], [], [], [], [], [], [], [], [], [], [], [], [], [], [], [], [], [], [], [{"tid": 0, "generated": 0, "bbox": {"xmin": 390, "ymin": 114, "ymax": 691, "xmax": 1279}}, {"tid": 1, "generated": 0, "bbox": {"xmin": 1, "ymin": 75, "ymax": 716, "xmax": 529}}], [{"tid": 0, "generated": 0, "bbox": {"xmin": 391, "ymin": 113, "ymax": 689, "xmax": 1279}}, {"tid": 1, "generated": 0, "bbox": {"xmin": 1, "ymin": 75, "ymax": 716, "xmax": 530}}], [{"tid": 0, "generated": 0, "bbox": {"xmin": 392, "ymin": 113, "ymax": 688, "xmax": 1279}}, {"tid": 1, "generated": 0, "bbox": {"xmin": 1, "ymin": 76, "ymax": 716, "xmax": 530}}], [{"tid": 0, "generated": 0, "bbox": {"xmin": 393, "ymin": 113, "ymax": 686, "xmax": 1279}}, {"tid": 1, "generated": 0, "bbox": {"xmin": 1, "ymin": 76, "ymax": 716, "xmax": 531}}], [{"tid": 0, "generated": 0, "bbox": {"xmin": 394, "ymin": 113, "ymax": 685, "xmax": 1279}}, {"tid": 1, "generated": 0, "bbox": {"xmin": 1, "ymin": 77, "ymax": 716, "xmax": 532}}], [{"tid": 0, "generated": 0, "bbox": {"xmin": 396, "ymin": 113, "ymax": 684, "xmax": 1279}}, {"tid": 1, "generated": 0, "bbox": {"xmin": 1, "ymin": 78, "ymax": 716, "xmax": 533}}], [{"tid": 0, "generated": 0, "bbox": {"xmin": 397, "ymin": 114, "ymax": 683, "xmax": 1279}}, {"tid": 1, "generated": 0, "bbox": {"xmin": 1, "ymin": 78, "ymax": 715, "xmax": 535}}], [{"tid": 0, "generated": 0, "bbox": {"xmin": 399, "ymin": 115, "ymax": 683, "xmax": 1278}}, {"tid": 1, "generated": 0, "bbox": {"xmin": 1, "ymin": 79, "ymax": 715, "xmax": 538}}], [{"tid": 0, "generated": 0, "bbox": {"xmin": 401, "ymin": 116, "ymax": 682, "xmax": 1277}}, {"tid": 1, "generated": 0, "bbox": {"xmin": 1, "ymin": 79, "ymax": 715, "xmax": 540}}], [{"tid": 0, "generated": 0, "bbox": {"xmin": 403, "ymin": 117, "ymax": 682, "xmax": 1276}}, {"tid": 1, "generated": 0, "bbox": {"xmin": 1, "ymin": 80, "ymax": 715, "xmax": 543}}], [{"tid": 0, "generated": 0, "bbox": {"xmin": 405, "ymin": 118, "ymax": 681, "xmax": 1275}}, {"tid": 1, "generated": 0, "bbox": {"xmin": 1, "ymin": 80, "ymax": 715, "xmax": 545}}], [{"tid": 0, "generated": 0, "bbox": {"xmin": 406, "ymin": 119, "ymax": 681, "xmax": 1274}}, {"tid": 1, "generated": 0, "bbox": {"xmin": 1, "ymin": 81, "ymax": 714, "xmax": 548}}], [{"tid": 0, "generated": 0, "bbox": {"xmin": 408, "ymin": 120, "ymax": 680, "xmax": 1273}}, {"tid": 1, "generated": 0, "bbox": {"xmin": 1, "ymin": 81, "ymax": 714, "xmax": 550}}], [{"tid": 0, "generated": 0, "bbox": {"xmin": 410, "ymin": 121, "ymax": 680, "xmax": 1272}}, {"tid": 1, "generated": 0, "bbox": {"xmin": 1, "ymin": 82, "ymax": 714, "xmax": 553}}], [{"tid": 0, "generated": 0, "bbox": {"xmin": 412, "ymin": 122, "ymax": 679, "xmax": 1271}}, {"tid": 1, "generated": 0, "bbox": {"xmin": 1, "ymin": 82, "ymax": 714, "xmax": 555}}], [{"tid": 0, "generated": 0, "bbox": {"xmin": 414, "ymin": 124, "ymax": 679, "xmax": 1271}}, {"tid": 1, "generated": 0, "bbox": {"xmin": 1, "ymin": 83, "ymax": 714, "xmax": 558}}], [{"tid": 0, "generated": 0, "bbox": {"xmin": 415, "ymin": 124, "ymax": 677, "xmax": 1270}}, {"tid": 1, "generated": 0, "bbox": {"xmin": 1, "ymin": 83, "ymax": 714, "xmax": 558}}], [{"tid": 0, "generated": 0, "bbox": {"xmin": 416, "ymin": 124, "ymax": 676, "xmax": 1270}}, {"tid": 1, "generated": 0, "bbox": {"xmin": 1, "ymin": 84, "ymax": 714, "xmax": 559}}], [{"tid": 0, "generated": 0, "bbox": {"xmin": 417, "ymin": 125, "ymax": 675, "xmax": 1269}}, {"tid": 1, "generated": 0, "bbox": {"xmin": 1, "ymin": 85, "ymax": 714, "xmax": 560}}], [{"tid": 0, "generated": 0, "bbox": {"xmin": 418, "ymin": 125, "ymax": 673, "xmax": 1269}}, {"tid": 1, "generated": 0, "bbox": {"xmin": 1, "ymin": 85, "ymax": 714, "xmax": 561}}], [{"tid": 0, "generated": 0, "bbox": {"xmin": 420, "ymin": 126, "ymax": 672, "xmax": 1269}}, {"tid": 1, "generated": 0, "bbox": {"xmin": 1, "ymin": 86, "ymax": 715, "xmax": 562}}], [{"tid": 0, "generated": 0, "bbox": {"xmin": 421, "ymin": 126, "ymax": 671, "xmax": 1268}}, {"tid": 1, "generated": 0, "bbox": {"xmin": 1, "ymin": 87, "ymax": 715, "xmax": 563}}], [{"tid": 0, "generated": 0, "bbox": {"xmin": 422, "ymin": 126, "ymax": 669, "xmax": 1268}}, {"tid": 1, "generated": 0, "bbox": {"xmin": 1, "ymin": 87, "ymax": 715, "xmax": 564}}], [{"tid": 0, "generated": 0, "bbox": {"xmin": 423, "ymin": 127, "ymax": 668, "xmax": 1267}}, {"tid": 1, "generated": 0, "bbox": {"xmin": 1, "ymin": 88, "ymax": 715, "xmax": 565}}], [{"tid": 0, "generated": 0, "bbox": {"xmin": 424, "ymin": 127, "ymax": 667, "xmax": 1267}}, {"tid": 1, "generated": 0, "bbox": {"xmin": 1, "ymin": 89, "ymax": 715, "xmax": 566}}], [{"tid": 0, "generated": 0, "bbox": {"xmin": 426, "ymin": 128, "ymax": 666, "xmax": 1267}}, {"tid": 1, "generated": 0, "bbox": {"xmin": 1, "ymin": 90, "ymax": 716, "xmax": 567}}], [{"tid": 0, "generated": 0, "bbox": {"xmin": 428, "ymin": 128, "ymax": 665, "xmax": 1266}}, {"tid": 1, "generated": 0, "bbox": {"xmin": 1, "ymin": 91, "ymax": 715, "xmax": 568}}], [{"tid": 0, "generated": 0, "bbox": {"xmin": 430, "ymin": 128, "ymax": 664, "xmax": 1266}}, {"tid": 1, "generated": 0, "bbox": {"xmin": 1, "ymin": 92, "ymax": 715, "xmax": 569}}], [{"tid": 0, "generated": 0, "bbox": {"xmin": 432, "ymin": 128, "ymax": 663, "xmax": 1266}}, {"tid": 1, "generated": 0, "bbox": {"xmin": 1, "ymin": 93, "ymax": 715, "xmax": 571}}], [{"tid": 0, "generated": 0, "bbox": {"xmin": 434, "ymin": 129, "ymax": 662, "xmax": 1265}}, {"tid": 1, "generated": 0, "bbox": {"xmin": 1, "ymin": 94, "ymax": 715, "xmax": 572}}], [], [], [], [], [], [], [], [], [], [], [], [], [], [], [], [], [], [], [], [], [], [], [], [], [], [], [], [], [], [], [], [], [], [], [], [], [], [], [], [], [], [], [], [], [], [], [], [], [], [], [], [], [], [], [], [], [], [], [], [], [], [], [], [], [], [], [], [], [], [], [], [], [], [], [], [], [], [], [], [], [], [], [], [], [], [], [], [], [], [], [], [], [], [], [], [], [], [], [], [], [], [], [], [], [], [{"tid": 0, "generated": 0, "bbox": {"xmin": 572, "ymin": 170, "ymax": 597, "xmax": 1239}}, {"tid": 1, "generated": 0, "bbox": {"xmin": 1, "ymin": 140, "ymax": 650, "xmax": 682}}], [{"tid": 0, "generated": 0, "bbox": {"xmin": 572, "ymin": 170, "ymax": 596, "xmax": 1238}}, {"tid": 1, "generated": 0, "bbox": {"xmin": 1, "ymin": 140, "ymax": 649, "xmax": 682}}], [{"tid": 0, "generated": 0, "bbox": {"xmin": 572, "ymin": 170, "ymax": 596, "xmax": 1237}}, {"tid": 1, "generated": 0, "bbox": {"xmin": 1, "ymin": 140, "ymax": 649, "xmax": 682}}], [{"tid": 0, "generated": 0, "bbox": {"xmin": 572, "ymin": 170, "ymax": 595, "xmax": 1236}}, {"tid": 1, "generated": 0, "bbox": {"xmin": 1, "ymin": 140, "ymax": 649, "xmax": 683}}], [{"tid": 0, "generated": 0, "bbox": {"xmin": 572, "ymin": 170, "ymax": 595, "xmax": 1236}}, {"tid": 1, "generated": 0, "bbox": {"xmin": 1, "ymin": 140, "ymax": 649, "xmax": 683}}], [{"tid": 0, "generated": 0, "bbox": {"xmin": 572, "ymin": 171, "ymax": 594, "xmax": 1235}}, {"tid": 1, "generated": 0, "bbox": {"xmin": 1, "ymin": 140, "ymax": 648, "xmax": 684}}], [{"tid": 0, "generated": 0, "bbox": {"xmin": 572, "ymin": 171, "ymax": 594, "xmax": 1234}}, {"tid": 1, "generated": 0, "bbox": {"xmin": 1, "ymin": 140, "ymax": 648, "xmax": 684}}], [{"tid": 0, "generated": 0, "bbox": {"xmin": 572, "ymin": 171, "ymax": 593, "xmax": 1233}}, {"tid": 1, "generated": 0, "bbox": {"xmin": 1, "ymin": 140, "ymax": 648, "xmax": 685}}], [{"tid": 0, "generated": 0, "bbox": {"xmin": 572, "ymin": 171, "ymax": 593, "xmax": 1233}}, {"tid": 1, "generated": 0, "bbox": {"xmin": 1, "ymin": 140, "ymax": 648, "xmax": 685}}], [{"tid": 0, "generated": 0, "bbox": {"xmin": 572, "ymin": 171, "ymax": 592, "xmax": 1232}}, {"tid": 1, "generated": 0, "bbox": {"xmin": 1, "ymin": 140, "ymax": 647, "xmax": 686}}], [{"tid": 0, "generated": 0, "bbox": {"xmin": 572, "ymin": 172, "ymax": 592, "xmax": 1231}}, {"tid": 1, "generated": 0, "bbox": {"xmin": 1, "ymin": 141, "ymax": 647, "xmax": 686}}], [{"tid": 0, "generated": 0, "bbox": {"xmin": 572, "ymin": 172, "ymax": 592, "xmax": 1230}}, {"tid": 1, "generated": 0, "bbox": {"xmin": 1, "ymin": 141, "ymax": 647, "xmax": 686}}], [{"tid": 0, "generated": 0, "bbox": {"xmin": 572, "ymin": 172, "ymax": 591, "xmax": 1230}}, {"tid": 1, "generated": 0, "bbox": {"xmin": 1, "ymin": 141, "ymax": 647, "xmax": 687}}], [{"tid": 0, "generated": 0, "bbox": {"xmin": 572, "ymin": 172, "ymax": 591, "xmax": 1229}}, {"tid": 1, "generated": 0, "bbox": {"xmin": 1, "ymin": 141, "ymax": 646, "xmax": 687}}], [{"tid": 0, "generated": 0, "bbox": {"xmin": 572, "ymin": 172, "ymax": 590, "xmax": 1228}}, {"tid": 1, "generated": 0, "bbox": {"xmin": 1, "ymin": 141, "ymax": 646, "xmax": 688}}], [{"tid": 0, "generated": 0, "bbox": {"xmin": 572, "ymin": 173, "ymax": 590, "xmax": 1227}}, {"tid": 1, "generated": 0, "bbox": {"xmin": 1, "ymin": 141, "ymax": 646, "xmax": 688}}], [{"tid": 0, "generated": 0, "bbox": {"xmin": 572, "ymin": 173, "ymax": 589, "xmax": 1227}}, {"tid": 1, "generated": 0, "bbox": {"xmin": 1, "ymin": 141, "ymax": 646, "xmax": 689}}], [{"tid": 0, "generated": 0, "bbox": {"xmin": 572, "ymin": 173, "ymax": 589, "xmax": 1226}}, {"tid": 1, "generated": 0, "bbox": {"xmin": 1, "ymin": 141, "ymax": 645, "xmax": 689}}], [{"tid": 0, "generated": 0, "bbox": {"xmin": 572, "ymin": 173, "ymax": 588, "xmax": 1225}}, {"tid": 1, "generated": 0, "bbox": {"xmin": 1, "ymin": 141, "ymax": 645, "xmax": 690}}], [{"tid": 0, "generated": 0, "bbox": {"xmin": 572, "ymin": 173, "ymax": 588, "xmax": 1224}}, {"tid": 1, "generated": 0, "bbox": {"xmin": 1, "ymin": 141, "ymax": 645, "xmax": 690}}], [{"tid": 0, "generated": 0, "bbox": {"xmin": 572, "ymin": 174, "ymax": 588, "xmax": 1224}}, {"tid": 1, "generated": 0, "bbox": {"xmin": 1, "ymin": 142, "ymax": 645, "xmax": 691}}], [{"tid": 0, "generated": 0, "bbox": {"xmin": 574, "ymin": 174, "ymax": 587, "xmax": 1223}}, {"tid": 1, "generated": 0, "bbox": {"xmin": 1, "ymin": 142, "ymax": 644, "xmax": 691}}], [{"tid": 0, "generated": 0, "bbox": {"xmin": 576, "ymin": 174, "ymax": 586, "xmax": 1222}}, {"tid": 1, "generated": 0, "bbox": {"xmin": 1, "ymin": 143, "ymax": 643, "xmax": 691}}], [{"tid": 0, "generated": 0, "bbox": {"xmin": 578, "ymin": 174, "ymax": 585, "xmax": 1221}}, {"tid": 1, "generated": 0, "bbox": {"xmin": 1, "ymin": 143, "ymax": 642, "xmax": 691}}], [{"tid": 0, "generated": 0, "bbox": {"xmin": 580, "ymin": 174, "ymax": 584, "xmax": 1220}}, {"tid": 1, "generated": 0, "bbox": {"xmin": 1, "ymin": 144, "ymax": 641, "xmax": 691}}], [{"tid": 0, "generated": 0, "bbox": {"xmin": 582, "ymin": 174, "ymax": 583, "xmax": 1220}}, {"tid": 1, "generated": 0, "bbox": {"xmin": 1, "ymin": 144, "ymax": 641, "xmax": 692}}], [{"tid": 0, "generated": 0, "bbox": {"xmin": 584, "ymin": 174, "ymax": 582, "xmax": 1219}}, {"tid": 1, "generated": 0, "bbox": {"xmin": 1, "ymin": 145, "ymax": 640, "xmax": 692}}], [{"tid": 0, "generated": 0, "bbox": {"xmin": 586, "ymin": 174, "ymax": 581, "xmax": 1218}}, {"tid": 1, "generated": 0, "bbox": {"xmin": 1, "ymin": 145, "ymax": 639, "xmax": 692}}], [{"tid": 0, "generated": 0, "bbox": {"xmin": 588, "ymin": 174, "ymax": 580, "xmax": 1217}}, {"tid": 1, "generated": 0, "bbox": {"xmin": 1, "ymin": 146, "ymax": 638, "xmax": 692}}], [{"tid": 0, "generated": 0, "bbox": {"xmin": 590, "ymin": 174, "ymax": 579, "xmax": 1217}}, {"tid": 1, "generated": 0, "bbox": {"xmin": 1, "ymin": 147, "ymax": 638, "xmax": 693}}]], "subject/objects": [{"category": "motorcycle", "tid": 0}, {"category": "motorcycle", "tid": 1}], "relation_instances": [{"end_fid": 30, "subject_tid": 0, "predicate": "stop_front", "begin_fid": 0, "object_tid": 1}, {"end_fid": 30, "subject_tid": 0, "predicate": "stop_left", "begin_fid": 0, "object_tid": 1}, {"end_fid": 30, "subject_tid": 1, "predicate": "stop_right", "begin_fid": 0, "object_tid": 0}, {"end_fid": 30, "subject_tid": 1, "predicate": "stop_behind", "begin_fid": 0, "object_tid": 0}, {"end_fid": 165, "subject_tid": 0, "predicate": "stop_front", "begin_fid": 135, "object_tid": 1}, {"end_fid": 165, "subject_tid": 0, "predicate": "stop_left", "begin_fid": 135, "object_tid": 1}, {"end_fid": 165, "subject_tid": 1, "predicate": "stop_right", "begin_fid": 135, "object_tid": 0}, {"end_fid": 165, "subject_tid": 1, "predicate": "stop_behind", "begin_fid": 135, "object_tid": 0}, {"end_fid": 300, "subject_tid": 0, "predicate": "stop_front", "begin_fid": 270, "object_tid": 1}, {"end_fid": 300, "subject_tid": 0, "predicate": "stop_left", "begin_fid": 270, "object_tid": 1}, {"end_fid": 300, "subject_tid": 1, "predicate": "stop_right", "begin_fid": 270, "object_tid": 0}, {"end_fid": 300, "subject_tid": 1, "predicate": "stop_behind", "begin_fid": 270, "object_tid": 0}], "height": 720}