{"width": 480, "frame_count": 110, "video_id": "ILSVRC2015_train_00058000", "fps": 25, "trajectories": [[{"tid": 0, "generated": 0, "bbox": {"xmin": 6, "ymin": 82, "ymax": 233, "xmax": 132}}, {"tid": 1, "generated": 0, "bbox": {"xmin": 314, "ymin": 69, "ymax": 245, "xmax": 478}}], [{"tid": 0, "generated": 0, "bbox": {"xmin": 5, "ymin": 81, "ymax": 232, "xmax": 132}}, {"tid": 1, "generated": 0, "bbox": {"xmin": 312, "ymin": 68, "ymax": 244, "xmax": 478}}], [{"tid": 0, "generated": 0, "bbox": {"xmin": 5, "ymin": 81, "ymax": 232, "xmax": 132}}, {"tid": 1, "generated": 0, "bbox": {"xmin": 311, "ymin": 67, "ymax": 244, "xmax": 478}}], [{"tid": 0, "generated": 0, "bbox": {"xmin": 5, "ymin": 81, "ymax": 232, "xmax": 132}}, {"tid": 1, "generated": 0, "bbox": {"xmin": 310, "ymin": 67, "ymax": 244, "xmax": 478}}], [{"tid": 0, "generated": 0, "bbox": {"xmin": 5, "ymin": 81, "ymax": 232, "xmax": 132}}, {"tid": 1, "generated": 0, "bbox": {"xmin": 309, "ymin": 66, "ymax": 243, "xmax": 478}}], [{"tid": 0, "generated": 0, "bbox": {"xmin": 5, "ymin": 81, "ymax": 232, "xmax": 132}}, {"tid": 1, "generated": 0, "bbox": {"xmin": 308, "ymin": 66, "ymax": 242, "xmax": 478}}], [{"tid": 0, "generated": 0, "bbox": {"xmin": 4, "ymin": 81, "ymax": 232, "xmax": 133}}, {"tid": 1, "generated": 0, "bbox": {"xmin": 305, "ymin": 65, "ymax": 242, "xmax": 478}}], [{"tid": 0, "generated": 0, "bbox": {"xmin": 4, "ymin": 81, "ymax": 232, "xmax": 133}}, {"tid": 1, "generated": 0, "bbox": {"xmin": 302, "ymin": 65, "ymax": 242, "xmax": 478}}], [{"tid": 0, "generated": 0, "bbox": {"xmin": 4, "ymin": 81, "ymax": 232, "xmax": 133}}, {"tid": 1, "generated": 0, "bbox": {"xmin": 300, "ymin": 64, "ymax": 242, "xmax": 478}}], [{"tid": 0, "generated": 0, "bbox": {"xmin": 4, "ymin": 81, "ymax": 232, "xmax": 133}}, {"tid": 1, "generated": 0, "bbox": {"xmin": 297, "ymin": 64, "ymax": 242, "xmax": 478}}], [{"tid": 0, "generated": 0, "bbox": {"xmin": 4, "ymin": 81, "ymax": 232, "xmax": 133}}, {"tid": 1, "generated": 0, "bbox": {"xmin": 295, "ymin": 64, "ymax": 243, "xmax": 479}}], [{"tid": 0, "generated": 0, "bbox": {"xmin": 4, "ymin": 81, "ymax": 232, "xmax": 134}}, {"tid": 1, "generated": 0, "bbox": {"xmin": 292, "ymin": 64, "ymax": 244, "xmax": 479}}], [{"tid": 0, "generated": 0, "bbox": {"xmin": 5, "ymin": 81, "ymax": 232, "xmax": 133}}, {"tid": 1, "generated": 0, "bbox": {"xmin": 287, "ymin": 66, "ymax": 243, "xmax": 479}}], [{"tid": 0, "generated": 0, "bbox": {"xmin": 4, "ymin": 81, "ymax": 232, "xmax": 133}}, {"tid": 1, "generated": 0, "bbox": {"xmin": 283, "ymin": 68, "ymax": 242, "xmax": 479}}], [{"tid": 0, "generated": 0, "bbox": {"xmin": 4, "ymin": 81, "ymax": 232, "xmax": 134}}, {"tid": 1, "generated": 0, "bbox": {"xmin": 279, "ymin": 69, "ymax": 242, "xmax": 478}}], [{"tid": 0, "generated": 0, "bbox": {"xmin": 3, "ymin": 81, "ymax": 232, "xmax": 133}}, {"tid": 1, "generated": 0, "bbox": {"xmin": 272, "ymin": 72, "ymax": 242, "xmax": 478}}], [{"tid": 0, "generated": 0, "bbox": {"xmin": 3, "ymin": 81, "ymax": 232, "xmax": 132}}, {"tid": 1, "generated": 0, "bbox": {"xmin": 263, "ymin": 70, "ymax": 241, "xmax": 474}}], [{"tid": 0, "generated": 0, "bbox": {"xmin": 3, "ymin": 81, "ymax": 233, "xmax": 131}}, {"tid": 1, "generated": 0, "bbox": {"xmin": 254, "ymin": 69, "ymax": 240, "xmax": 474}}], [{"tid": 0, "generated": 0, "bbox": {"xmin": 3, "ymin": 81, "ymax": 233, "xmax": 130}}, {"tid": 1, "generated": 0, "bbox": {"xmin": 246, "ymin": 68, "ymax": 240, "xmax": 479}}], [{"tid": 0, "generated": 0, "bbox": {"xmin": 2, "ymin": 81, "ymax": 233, "xmax": 129}}, {"tid": 1, "generated": 0, "bbox": {"xmin": 240, "ymin": 66, "ymax": 238, "xmax": 479}}], [{"tid": 0, "generated": 0, "bbox": {"xmin": 2, "ymin": 81, "ymax": 234, "xmax": 128}}, {"tid": 1, "generated": 0, "bbox": {"xmin": 236, "ymin": 65, "ymax": 238, "xmax": 478}}], [{"tid": 0, "generated": 0, "bbox": {"xmin": 2, "ymin": 81, "ymax": 234, "xmax": 127}}, {"tid": 1, "generated": 0, "bbox": {"xmin": 235, "ymin": 64, "ymax": 238, "xmax": 479}}], [{"tid": 0, "generated": 0, "bbox": {"xmin": 2, "ymin": 81, "ymax": 234, "xmax": 126}}, {"tid": 1, "generated": 0, "bbox": {"xmin": 237, "ymin": 62, "ymax": 240, "xmax": 478}}], [{"tid": 0, "generated": 0, "bbox": {"xmin": 2, "ymin": 81, "ymax": 235, "xmax": 126}}, {"tid": 1, "generated": 0, "bbox": {"xmin": 239, "ymin": 61, "ymax": 242, "xmax": 478}}], [{"tid": 0, "generated": 0, "bbox": {"xmin": 2, "ymin": 81, "ymax": 230, "xmax": 123}}, {"tid": 1, "generated": 0, "bbox": {"xmin": 241, "ymin": 58, "ymax": 238, "xmax": 478}}], [{"tid": 0, "generated": 0, "bbox": {"xmin": 2, "ymin": 81, "ymax": 231, "xmax": 123}}, {"tid": 1, "generated": 0, "bbox": {"xmin": 244, "ymin": 58, "ymax": 238, "xmax": 479}}], [{"tid": 0, "generated": 0, "bbox": {"xmin": 2, "ymin": 81, "ymax": 232, "xmax": 123}}, {"tid": 1, "generated": 0, "bbox": {"xmin": 247, "ymin": 59, "ymax": 239, "xmax": 479}}], [{"tid": 0, "generated": 0, "bbox": {"xmin": 2, "ymin": 81, "ymax": 233, "xmax": 123}}, {"tid": 1, "generated": 0, "bbox": {"xmin": 254, "ymin": 58, "ymax": 239, "xmax": 479}}], [{"tid": 0, "generated": 0, "bbox": {"xmin": 1, "ymin": 81, "ymax": 232, "xmax": 122}}, {"tid": 1, "generated": 0, "bbox": {"xmin": 265, "ymin": 64, "ymax": 238, "xmax": 479}}], [{"tid": 0, "generated": 0, "bbox": {"xmin": 1, "ymin": 81, "ymax": 232, "xmax": 122}}, {"tid": 1, "generated": 0, "bbox": {"xmin": 272, "ymin": 62, "ymax": 240, "xmax": 479}}], [{"tid": 0, "generated": 0, "bbox": {"xmin": 1, "ymin": 82, "ymax": 232, "xmax": 122}}, {"tid": 1, "generated": 0, "bbox": {"xmin": 278, "ymin": 63, "ymax": 240, "xmax": 479}}], [{"tid": 0, "generated": 0, "bbox": {"xmin": 1, "ymin": 81, "ymax": 230, "xmax": 126}}, {"tid": 1, "generated": 0, "bbox": {"xmin": 283, "ymin": 62, "ymax": 236, "xmax": 478}}], [{"tid": 0, "generated": 0, "bbox": {"xmin": 0, "ymin": 82, "ymax": 230, "xmax": 127}}, {"tid": 1, "generated": 0, "bbox": {"xmin": 294, "ymin": 64, "ymax": 236, "xmax": 479}}], [{"tid": 0, "generated": 0, "bbox": {"xmin": 0, "ymin": 81, "ymax": 230, "xmax": 126}}, {"tid": 1, "generated": 0, "bbox": {"xmin": 298, "ymin": 68, "ymax": 237, "xmax": 479}}], [{"tid": 0, "generated": 0, "bbox": {"xmin": 1, "ymin": 81, "ymax": 230, "xmax": 126}}, {"tid": 1, "generated": 0, "bbox": {"xmin": 308, "ymin": 68, "ymax": 238, "xmax": 479}}], [{"tid": 0, "generated": 0, "bbox": {"xmin": 1, "ymin": 81, "ymax": 230, "xmax": 125}}, {"tid": 1, "generated": 0, "bbox": {"xmin": 319, "ymin": 65, "ymax": 236, "xmax": 479}}], [{"tid": 0, "generated": 0, "bbox": {"xmin": 2, "ymin": 81, "ymax": 230, "xmax": 125}}, {"tid": 1, "generated": 0, "bbox": {"xmin": 324, "ymin": 62, "ymax": 236, "xmax": 479}}], [{"tid": 0, "generated": 0, "bbox": {"xmin": 2, "ymin": 81, "ymax": 230, "xmax": 124}}, {"tid": 1, "generated": 0, "bbox": {"xmin": 327, "ymin": 61, "ymax": 235, "xmax": 479}}], [{"tid": 0, "generated": 0, "bbox": {"xmin": 3, "ymin": 81, "ymax": 230, "xmax": 124}}, {"tid": 1, "generated": 0, "bbox": {"xmin": 330, "ymin": 60, "ymax": 234, "xmax": 478}}], [{"tid": 0, "generated": 0, "bbox": {"xmin": 3, "ymin": 81, "ymax": 230, "xmax": 124}}, {"tid": 1, "generated": 0, "bbox": {"xmin": 334, "ymin": 58, "ymax": 232, "xmax": 479}}], [{"tid": 0, "generated": 0, "bbox": {"xmin": 3, "ymin": 81, "ymax": 230, "xmax": 124}}, {"tid": 1, "generated": 0, "bbox": {"xmin": 335, "ymin": 57, "ymax": 230, "xmax": 479}}], [{"tid": 0, "generated": 0, "bbox": {"xmin": 3, "ymin": 81, "ymax": 230, "xmax": 124}}, {"tid": 1, "generated": 0, "bbox": {"xmin": 333, "ymin": 58, "ymax": 228, "xmax": 479}}], [{"tid": 0, "generated": 0, "bbox": {"xmin": 3, "ymin": 81, "ymax": 230, "xmax": 124}}, {"tid": 1, "generated": 0, "bbox": {"xmin": 332, "ymin": 59, "ymax": 228, "xmax": 478}}], [{"tid": 0, "generated": 0, "bbox": {"xmin": 4, "ymin": 81, "ymax": 230, "xmax": 124}}, {"tid": 1, "generated": 0, "bbox": {"xmin": 326, "ymin": 60, "ymax": 228, "xmax": 479}}], [{"tid": 0, "generated": 0, "bbox": {"xmin": 5, "ymin": 81, "ymax": 231, "xmax": 124}}, {"tid": 1, "generated": 0, "bbox": {"xmin": 325, "ymin": 58, "ymax": 227, "xmax": 479}}], [{"tid": 0, "generated": 0, "bbox": {"xmin": 5, "ymin": 81, "ymax": 231, "xmax": 124}}, {"tid": 1, "generated": 0, "bbox": {"xmin": 318, "ymin": 58, "ymax": 226, "xmax": 479}}], [{"tid": 0, "generated": 0, "bbox": {"xmin": 6, "ymin": 81, "ymax": 231, "xmax": 124}}, {"tid": 1, "generated": 0, "bbox": {"xmin": 314, "ymin": 58, "ymax": 226, "xmax": 479}}], [{"tid": 0, "generated": 0, "bbox": {"xmin": 7, "ymin": 81, "ymax": 232, "xmax": 124}}, {"tid": 1, "generated": 0, "bbox": {"xmin": 307, "ymin": 58, "ymax": 226, "xmax": 479}}], [{"tid": 0, "generated": 0, "bbox": {"xmin": 8, "ymin": 81, "ymax": 233, "xmax": 122}}, {"tid": 1, "generated": 0, "bbox": {"xmin": 300, "ymin": 58, "ymax": 226, "xmax": 478}}], [{"tid": 0, "generated": 0, "bbox": {"xmin": 9, "ymin": 81, "ymax": 234, "xmax": 122}}, {"tid": 1, "generated": 0, "bbox": {"xmin": 290, "ymin": 55, "ymax": 229, "xmax": 478}}], [{"tid": 0, "generated": 0, "bbox": {"xmin": 10, "ymin": 81, "ymax": 235, "xmax": 122}}, {"tid": 1, "generated": 0, "bbox": {"xmin": 281, "ymin": 52, "ymax": 233, "xmax": 478}}], [{"tid": 0, "generated": 0, "bbox": {"xmin": 9, "ymin": 79, "ymax": 237, "xmax": 122}}, {"tid": 1, "generated": 0, "bbox": {"xmin": 276, "ymin": 50, "ymax": 236, "xmax": 479}}], [{"tid": 0, "generated": 0, "bbox": {"xmin": 12, "ymin": 80, "ymax": 235, "xmax": 124}}, {"tid": 1, "generated": 0, "bbox": {"xmin": 269, "ymin": 51, "ymax": 235, "xmax": 479}}], [{"tid": 0, "generated": 0, "bbox": {"xmin": 14, "ymin": 81, "ymax": 238, "xmax": 122}}, {"tid": 1, "generated": 0, "bbox": {"xmin": 263, "ymin": 52, "ymax": 234, "xmax": 479}}], [{"tid": 0, "generated": 0, "bbox": {"xmin": 13, "ymin": 79, "ymax": 238, "xmax": 122}}, {"tid": 1, "generated": 0, "bbox": {"xmin": 249, "ymin": 52, "ymax": 231, "xmax": 479}}], [{"tid": 0, "generated": 0, "bbox": {"xmin": 14, "ymin": 80, "ymax": 236, "xmax": 121}}, {"tid": 1, "generated": 0, "bbox": {"xmin": 240, "ymin": 48, "ymax": 230, "xmax": 479}}], [{"tid": 0, "generated": 0, "bbox": {"xmin": 14, "ymin": 77, "ymax": 234, "xmax": 122}}, {"tid": 1, "generated": 0, "bbox": {"xmin": 234, "ymin": 46, "ymax": 225, "xmax": 478}}], [{"tid": 0, "generated": 0, "bbox": {"xmin": 15, "ymin": 77, "ymax": 234, "xmax": 124}}, {"tid": 1, "generated": 0, "bbox": {"xmin": 228, "ymin": 45, "ymax": 224, "xmax": 479}}], [{"tid": 0, "generated": 0, "bbox": {"xmin": 16, "ymin": 79, "ymax": 236, "xmax": 122}}, {"tid": 1, "generated": 0, "bbox": {"xmin": 229, "ymin": 43, "ymax": 223, "xmax": 479}}], [{"tid": 0, "generated": 0, "bbox": {"xmin": 18, "ymin": 80, "ymax": 238, "xmax": 125}}, {"tid": 1, "generated": 0, "bbox": {"xmin": 212, "ymin": 42, "ymax": 222, "xmax": 478}}], [], [], [], [], [], [], [], [], [], [], [], [], [], [], [], [{"tid": 0, "generated": 0, "bbox": {"xmin": 0, "ymin": 66, "ymax": 230, "xmax": 205}}, {"tid": 1, "generated": 0, "bbox": {"xmin": 172, "ymin": 73, "ymax": 208, "xmax": 476}}], [{"tid": 0, "generated": 0, "bbox": {"xmin": 0, "ymin": 65, "ymax": 232, "xmax": 213}}, {"tid": 1, "generated": 0, "bbox": {"xmin": 181, "ymin": 64, "ymax": 205, "xmax": 479}}], [{"tid": 0, "generated": 0, "bbox": {"xmin": 0, "ymin": 62, "ymax": 237, "xmax": 224}}, {"tid": 1, "generated": 0, "bbox": {"xmin": 184, "ymin": 49, "ymax": 208, "xmax": 478}}], [{"tid": 0, "generated": 0, "bbox": {"xmin": 0, "ymin": 66, "ymax": 231, "xmax": 232}}, {"tid": 1, "generated": 0, "bbox": {"xmin": 181, "ymin": 48, "ymax": 210, "xmax": 478}}], [{"tid": 0, "generated": 0, "bbox": {"xmin": 0, "ymin": 74, "ymax": 233, "xmax": 233}}, {"tid": 1, "generated": 0, "bbox": {"xmin": 186, "ymin": 48, "ymax": 205, "xmax": 464}}], [{"tid": 0, "generated": 0, "bbox": {"xmin": 8, "ymin": 84, "ymax": 225, "xmax": 234}}, {"tid": 1, "generated": 0, "bbox": {"xmin": 190, "ymin": 48, "ymax": 201, "xmax": 459}}], [{"tid": 0, "generated": 0, "bbox": {"xmin": 11, "ymin": 83, "ymax": 226, "xmax": 236}}, {"tid": 1, "generated": 0, "bbox": {"xmin": 195, "ymin": 48, "ymax": 198, "xmax": 455}}], [{"tid": 0, "generated": 0, "bbox": {"xmin": 22, "ymin": 84, "ymax": 222, "xmax": 241}}, {"tid": 1, "generated": 0, "bbox": {"xmin": 200, "ymin": 48, "ymax": 192, "xmax": 459}}], [{"tid": 0, "generated": 0, "bbox": {"xmin": 34, "ymin": 83, "ymax": 223, "xmax": 246}}, {"tid": 1, "generated": 0, "bbox": {"xmin": 205, "ymin": 48, "ymax": 187, "xmax": 464}}], [{"tid": 0, "generated": 0, "bbox": {"xmin": 42, "ymin": 78, "ymax": 225, "xmax": 248}}, {"tid": 1, "generated": 0, "bbox": {"xmin": 206, "ymin": 45, "ymax": 179, "xmax": 465}}], [{"tid": 0, "generated": 0, "bbox": {"xmin": 44, "ymin": 76, "ymax": 224, "xmax": 254}}, {"tid": 1, "generated": 0, "bbox": {"xmin": 208, "ymin": 36, "ymax": 180, "xmax": 466}}], [{"tid": 0, "generated": 0, "bbox": {"xmin": 48, "ymin": 75, "ymax": 224, "xmax": 254}}, {"tid": 1, "generated": 0, "bbox": {"xmin": 210, "ymin": 34, "ymax": 178, "xmax": 476}}], [{"tid": 0, "generated": 0, "bbox": {"xmin": 50, "ymin": 74, "ymax": 226, "xmax": 253}}, {"tid": 1, "generated": 0, "bbox": {"xmin": 212, "ymin": 31, "ymax": 177, "xmax": 476}}], [{"tid": 0, "generated": 0, "bbox": {"xmin": 56, "ymin": 74, "ymax": 224, "xmax": 253}}, {"tid": 1, "generated": 0, "bbox": {"xmin": 214, "ymin": 29, "ymax": 177, "xmax": 477}}], [{"tid": 0, "generated": 0, "bbox": {"xmin": 57, "ymin": 73, "ymax": 226, "xmax": 252}}, {"tid": 1, "generated": 0, "bbox": {"xmin": 216, "ymin": 26, "ymax": 176, "xmax": 477}}], [{"tid": 0, "generated": 0, "bbox": {"xmin": 60, "ymin": 72, "ymax": 224, "xmax": 254}}, {"tid": 1, "generated": 0, "bbox": {"xmin": 218, "ymin": 24, "ymax": 176, "xmax": 478}}], [{"tid": 0, "generated": 0, "bbox": {"xmin": 60, "ymin": 72, "ymax": 223, "xmax": 255}}, {"tid": 1, "generated": 0, "bbox": {"xmin": 220, "ymin": 22, "ymax": 175, "xmax": 479}}], [{"tid": 0, "generated": 0, "bbox": {"xmin": 62, "ymin": 72, "ymax": 226, "xmax": 256}}, {"tid": 1, "generated": 0, "bbox": {"xmin": 220, "ymin": 20, "ymax": 174, "xmax": 479}}], [{"tid": 0, "generated": 0, "bbox": {"xmin": 68, "ymin": 72, "ymax": 224, "xmax": 259}}, {"tid": 1, "generated": 0, "bbox": {"xmin": 221, "ymin": 18, "ymax": 174, "xmax": 479}}], [{"tid": 0, "generated": 0, "bbox": {"xmin": 70, "ymin": 72, "ymax": 224, "xmax": 258}}, {"tid": 1, "generated": 0, "bbox": {"xmin": 220, "ymin": 18, "ymax": 174, "xmax": 478}}], [{"tid": 0, "generated": 0, "bbox": {"xmin": 72, "ymin": 73, "ymax": 224, "xmax": 258}}, {"tid": 1, "generated": 0, "bbox": {"xmin": 220, "ymin": 18, "ymax": 174, "xmax": 478}}], [{"tid": 0, "generated": 0, "bbox": {"xmin": 74, "ymin": 74, "ymax": 224, "xmax": 257}}, {"tid": 1, "generated": 0, "bbox": {"xmin": 220, "ymin": 19, "ymax": 175, "xmax": 478}}], [{"tid": 0, "generated": 0, "bbox": {"xmin": 76, "ymin": 74, "ymax": 224, "xmax": 257}}, {"tid": 1, "generated": 0, "bbox": {"xmin": 219, "ymin": 19, "ymax": 175, "xmax": 478}}], [{"tid": 0, "generated": 0, "bbox": {"xmin": 78, "ymin": 75, "ymax": 224, "xmax": 256}}, {"tid": 1, "generated": 0, "bbox": {"xmin": 219, "ymin": 19, "ymax": 175, "xmax": 478}}], [{"tid": 0, "generated": 0, "bbox": {"xmin": 80, "ymin": 76, "ymax": 224, "xmax": 256}}, {"tid": 1, "generated": 0, "bbox": {"xmin": 219, "ymin": 20, "ymax": 176, "xmax": 478}}], [{"tid": 0, "generated": 0, "bbox": {"xmin": 80, "ymin": 76, "ymax": 224, "xmax": 256}}, {"tid": 1, "generated": 0, "bbox": {"xmin": 219, "ymin": 20, "ymax": 176, "xmax": 478}}], [{"tid": 0, "generated": 0, "bbox": {"xmin": 80, "ymin": 77, "ymax": 225, "xmax": 256}}, {"tid": 1, "generated": 0, "bbox": {"xmin": 218, "ymin": 20, "ymax": 176, "xmax": 478}}], [{"tid": 0, "generated": 0, "bbox": {"xmin": 80, "ymin": 78, "ymax": 226, "xmax": 256}}, {"tid": 1, "generated": 0, "bbox": {"xmin": 218, "ymin": 21, "ymax": 177, "xmax": 478}}], [{"tid": 0, "generated": 0, "bbox": {"xmin": 80, "ymin": 78, "ymax": 226, "xmax": 256}}, {"tid": 1, "generated": 0, "bbox": {"xmin": 218, "ymin": 21, "ymax": 177, "xmax": 478}}], [{"tid": 0, "generated": 0, "bbox": {"xmin": 81, "ymin": 79, "ymax": 226, "xmax": 256}}, {"tid": 1, "generated": 0, "bbox": {"xmin": 218, "ymin": 21, "ymax": 177, "xmax": 478}}]], "subject/objects": [{"category": "domestic_cat", "tid": 0}, {"category": "fox", "tid": 1}], "relation_instances": [{"end_fid": 30, "subject_tid": 0, "predicate": "stand_left", "begin_fid": 0, "object_tid": 1}, {"end_fid": 30, "subject_tid": 0, "predicate": "watch", "begin_fid": 0, "object_tid": 1}, {"end_fid": 30, "subject_tid": 1, "predicate": "walk_right", "begin_fid": 0, "object_tid": 0}, {"end_fid": 30, "subject_tid": 1, "predicate": "play", "begin_fid": 0, "object_tid": 0}, {"end_fid": 30, "subject_tid": 1, "predicate": "watch", "begin_fid": 0, "object_tid": 0}, {"end_fid": 60, "subject_tid": 0, "predicate": "stand_left", "begin_fid": 30, "object_tid": 1}, {"end_fid": 60, "subject_tid": 0, "predicate": "watch", "begin_fid": 30, "object_tid": 1}, {"end_fid": 60, "subject_tid": 1, "predicate": "walk_right", "begin_fid": 30, "object_tid": 0}, {"end_fid": 60, "subject_tid": 1, "predicate": "walk_toward", "begin_fid": 30, "object_tid": 0}, {"end_fid": 105, "subject_tid": 0, "predicate": "jump_front", "begin_fid": 75, "object_tid": 1}, {"end_fid": 105, "subject_tid": 0, "predicate": "jump_left", "begin_fid": 75, "object_tid": 1}, {"end_fid": 105, "subject_tid": 0, "predicate": "fight", "begin_fid": 75, "object_tid": 1}, {"end_fid": 105, "subject_tid": 1, "predicate": "jump_right", "begin_fid": 75, "object_tid": 0}, {"end_fid": 105, "subject_tid": 1, "predicate": "jump_behind", "begin_fid": 75, "object_tid": 0}, {"end_fid": 105, "subject_tid": 1, "predicate": "jump_away", "begin_fid": 75, "object_tid": 0}, {"end_fid": 105, "subject_tid": 1, "predicate": "play", "begin_fid": 75, "object_tid": 0}], "height": 264}