{"width": 1920, "frame_count": 34, "video_id": "ILSVRC2015_train_00265025", "fps": 25, "trajectories": [[{"tid": 0, "generated": 0, "bbox": {"xmin": 445, "ymin": 392, "ymax": 714, "xmax": 704}}, {"tid": 2, "generated": 0, "bbox": {"xmin": 426, "ymin": 164, "ymax": 685, "xmax": 770}}], [{"tid": 0, "generated": 0, "bbox": {"xmin": 443, "ymin": 398, "ymax": 720, "xmax": 709}}, {"tid": 2, "generated": 0, "bbox": {"xmin": 421, "ymin": 170, "ymax": 675, "xmax": 759}}], [{"tid": 0, "generated": 0, "bbox": {"xmin": 441, "ymin": 404, "ymax": 726, "xmax": 714}}, {"tid": 2, "generated": 0, "bbox": {"xmin": 416, "ymin": 176, "ymax": 665, "xmax": 749}}], [{"tid": 0, "generated": 0, "bbox": {"xmin": 440, "ymin": 410, "ymax": 733, "xmax": 720}}, {"tid": 2, "generated": 0, "bbox": {"xmin": 410, "ymin": 181, "ymax": 656, "xmax": 738}}], [{"tid": 0, "generated": 0, "bbox": {"xmin": 423, "ymin": 422, "ymax": 742, "xmax": 702}}, {"tid": 2, "generated": 0, "bbox": {"xmin": 405, "ymin": 187, "ymax": 646, "xmax": 728}}], [{"tid": 0, "generated": 0, "bbox": {"xmin": 406, "ymin": 435, "ymax": 752, "xmax": 684}}, {"tid": 2, "generated": 0, "bbox": {"xmin": 400, "ymin": 193, "ymax": 636, "xmax": 717}}], [{"tid": 0, "generated": 0, "bbox": {"xmin": 389, "ymin": 448, "ymax": 762, "xmax": 666}}, {"tid": 2, "generated": 0, "bbox": {"xmin": 400, "ymin": 202, "ymax": 622, "xmax": 723}}], [{"tid": 0, "generated": 0, "bbox": {"xmin": 365, "ymin": 456, "ymax": 757, "xmax": 666}}, {"tid": 2, "generated": 0, "bbox": {"xmin": 399, "ymin": 211, "ymax": 608, "xmax": 728}}], [{"tid": 0, "generated": 0, "bbox": {"xmin": 335, "ymin": 462, "ymax": 753, "xmax": 663}}, {"tid": 2, "generated": 0, "bbox": {"xmin": 399, "ymin": 219, "ymax": 593, "xmax": 734}}], [{"tid": 0, "generated": 0, "bbox": {"xmin": 306, "ymin": 469, "ymax": 749, "xmax": 661}}, {"tid": 2, "generated": 0, "bbox": {"xmin": 398, "ymin": 228, "ymax": 579, "xmax": 739}}], [{"tid": 0, "generated": 0, "bbox": {"xmin": 355, "ymin": 488, "ymax": 784, "xmax": 682}}, {"tid": 2, "generated": 0, "bbox": {"xmin": 398, "ymin": 237, "ymax": 565, "xmax": 745}}], [{"tid": 0, "generated": 0, "bbox": {"xmin": 404, "ymin": 508, "ymax": 820, "xmax": 703}}, {"tid": 2, "generated": 0, "bbox": {"xmin": 406, "ymin": 248, "ymax": 606, "xmax": 756}}], [{"tid": 0, "generated": 0, "bbox": {"xmin": 453, "ymin": 528, "ymax": 856, "xmax": 725}}, {"tid": 2, "generated": 0, "bbox": {"xmin": 413, "ymin": 258, "ymax": 647, "xmax": 767}}], [{"tid": 0, "generated": 0, "bbox": {"xmin": 470, "ymin": 544, "ymax": 877, "xmax": 742}}, {"tid": 2, "generated": 0, "bbox": {"xmin": 421, "ymin": 269, "ymax": 688, "xmax": 778}}], [{"tid": 0, "generated": 0, "bbox": {"xmin": 488, "ymin": 560, "ymax": 898, "xmax": 760}}, {"tid": 2, "generated": 0, "bbox": {"xmin": 428, "ymin": 279, "ymax": 729, "xmax": 789}}], [{"tid": 0, "generated": 0, "bbox": {"xmin": 506, "ymin": 576, "ymax": 920, "xmax": 778}}, {"tid": 2, "generated": 0, "bbox": {"xmin": 436, "ymin": 290, "ymax": 770, "xmax": 800}}], [{"tid": 0, "generated": 0, "bbox": {"xmin": 497, "ymin": 579, "ymax": 955, "xmax": 774}}, {"tid": 2, "generated": 0, "bbox": {"xmin": 432, "ymin": 296, "ymax": 790, "xmax": 791}}], [{"tid": 0, "generated": 0, "bbox": {"xmin": 488, "ymin": 582, "ymax": 990, "xmax": 771}}, {"tid": 2, "generated": 0, "bbox": {"xmin": 429, "ymin": 301, "ymax": 810, "xmax": 783}}], [{"tid": 0, "generated": 0, "bbox": {"xmin": 480, "ymin": 586, "ymax": 1026, "xmax": 768}}, {"tid": 2, "generated": 0, "bbox": {"xmin": 425, "ymin": 307, "ymax": 830, "xmax": 774}}], [{"tid": 0, "generated": 0, "bbox": {"xmin": 475, "ymin": 583, "ymax": 1033, "xmax": 769}}, {"tid": 2, "generated": 0, "bbox": {"xmin": 422, "ymin": 312, "ymax": 850, "xmax": 766}}], [{"tid": 0, "generated": 0, "bbox": {"xmin": 470, "ymin": 580, "ymax": 1040, "xmax": 771}}, {"tid": 2, "generated": 0, "bbox": {"xmin": 418, "ymin": 318, "ymax": 870, "xmax": 757}}], [{"tid": 0, "generated": 0, "bbox": {"xmin": 466, "ymin": 578, "ymax": 1048, "xmax": 773}}, {"tid": 2, "generated": 0, "bbox": {"xmin": 415, "ymin": 308, "ymax": 881, "xmax": 764}}], [{"tid": 0, "generated": 0, "bbox": {"xmin": 473, "ymin": 571, "ymax": 1044, "xmax": 780}}, {"tid": 2, "generated": 0, "bbox": {"xmin": 412, "ymin": 299, "ymax": 892, "xmax": 770}}], [{"tid": 0, "generated": 0, "bbox": {"xmin": 480, "ymin": 564, "ymax": 1040, "xmax": 787}}, {"tid": 2, "generated": 0, "bbox": {"xmin": 408, "ymin": 289, "ymax": 903, "xmax": 777}}], [{"tid": 0, "generated": 0, "bbox": {"xmin": 488, "ymin": 557, "ymax": 1037, "xmax": 794}}, {"tid": 2, "generated": 0, "bbox": {"xmin": 405, "ymin": 280, "ymax": 914, "xmax": 783}}], [{"tid": 0, "generated": 0, "bbox": {"xmin": 478, "ymin": 534, "ymax": 1005, "xmax": 784}}, {"tid": 2, "generated": 0, "bbox": {"xmin": 402, "ymin": 270, "ymax": 925, "xmax": 790}}], [{"tid": 0, "generated": 0, "bbox": {"xmin": 468, "ymin": 512, "ymax": 973, "xmax": 774}}, {"tid": 2, "generated": 0, "bbox": {"xmin": 395, "ymin": 242, "ymax": 878, "xmax": 777}}], [{"tid": 0, "generated": 0, "bbox": {"xmin": 458, "ymin": 490, "ymax": 941, "xmax": 765}}, {"tid": 2, "generated": 0, "bbox": {"xmin": 388, "ymin": 215, "ymax": 832, "xmax": 764}}], [{"tid": 0, "generated": 0, "bbox": {"xmin": 438, "ymin": 460, "ymax": 893, "xmax": 751}}, {"tid": 2, "generated": 0, "bbox": {"xmin": 382, "ymin": 187, "ymax": 785, "xmax": 752}}], [{"tid": 0, "generated": 0, "bbox": {"xmin": 419, "ymin": 430, "ymax": 845, "xmax": 738}}, {"tid": 2, "generated": 0, "bbox": {"xmin": 375, "ymin": 160, "ymax": 739, "xmax": 739}}]], "subject/objects": [{"category": "bicycle", "tid": 0}, {"category": "person", "tid": 2}], "relation_instances": [{"end_fid": 30, "subject_tid": 0, "predicate": "run_beneath", "begin_fid": 0, "object_tid": 2}, {"end_fid": 30, "subject_tid": 2, "predicate": "sit_above", "begin_fid": 0, "object_tid": 0}, {"end_fid": 30, "subject_tid": 2, "predicate": "ride", "begin_fid": 0, "object_tid": 0}], "height": 1080}