{"width": 1280, "frame_count": 890, "video_id": "ILSVRC2015_train_00035003", "fps": 30, "trajectories": [[{"tid": 0, "generated": 0, "bbox": {"xmin": 592, "ymin": 170, "ymax": 472, "xmax": 828}}, {"tid": 1, "generated": 0, "bbox": {"xmin": 796, "ymin": 1, "ymax": 719, "xmax": 1279}}], [{"tid": 0, "generated": 0, "bbox": {"xmin": 579, "ymin": 170, "ymax": 469, "xmax": 840}}, {"tid": 1, "generated": 0, "bbox": {"xmin": 817, "ymin": 1, "ymax": 719, "xmax": 1279}}], [{"tid": 0, "generated": 0, "bbox": {"xmin": 567, "ymin": 170, "ymax": 469, "xmax": 828}}, {"tid": 1, "generated": 0, "bbox": {"xmin": 839, "ymin": 1, "ymax": 719, "xmax": 1279}}], [{"tid": 0, "generated": 0, "bbox": {"xmin": 554, "ymin": 170, "ymax": 469, "xmax": 816}}, {"tid": 1, "generated": 0, "bbox": {"xmin": 860, "ymin": 1, "ymax": 719, "xmax": 1279}}], [{"tid": 0, "generated": 0, "bbox": {"xmin": 542, "ymin": 171, "ymax": 470, "xmax": 804}}, {"tid": 1, "generated": 0, "bbox": {"xmin": 882, "ymin": 1, "ymax": 719, "xmax": 1279}}], [{"tid": 0, "generated": 0, "bbox": {"xmin": 529, "ymin": 171, "ymax": 471, "xmax": 792}}, {"tid": 1, "generated": 0, "bbox": {"xmin": 903, "ymin": 1, "ymax": 719, "xmax": 1279}}], [{"tid": 0, "generated": 0, "bbox": {"xmin": 517, "ymin": 172, "ymax": 472, "xmax": 780}}, {"tid": 1, "generated": 0, "bbox": {"xmin": 931, "ymin": 1, "ymax": 719, "xmax": 1279}}], [{"tid": 0, "generated": 0, "bbox": {"xmin": 505, "ymin": 173, "ymax": 474, "xmax": 769}}, {"tid": 1, "generated": 0, "bbox": {"xmin": 960, "ymin": 1, "ymax": 719, "xmax": 1279}}], [{"tid": 0, "generated": 0, "bbox": {"xmin": 493, "ymin": 175, "ymax": 476, "xmax": 758}}, {"tid": 1, "generated": 0, "bbox": {"xmin": 988, "ymin": 1, "ymax": 719, "xmax": 1279}}], [{"tid": 0, "generated": 0, "bbox": {"xmin": 481, "ymin": 177, "ymax": 478, "xmax": 747}}, {"tid": 1, "generated": 0, "bbox": {"xmin": 1017, "ymin": 1, "ymax": 719, "xmax": 1279}}], [{"tid": 0, "generated": 0, "bbox": {"xmin": 469, "ymin": 179, "ymax": 480, "xmax": 737}}, {"tid": 1, "generated": 0, "bbox": {"xmin": 1045, "ymin": 1, "ymax": 719, "xmax": 1279}}], [{"tid": 0, "generated": 0, "bbox": {"xmin": 460, "ymin": 180, "ymax": 481, "xmax": 728}}, {"tid": 1, "generated": 0, "bbox": {"xmin": 1067, "ymin": 1, "ymax": 719, "xmax": 1279}}], [{"tid": 0, "generated": 0, "bbox": {"xmin": 451, "ymin": 181, "ymax": 483, "xmax": 719}}, {"tid": 1, "generated": 0, "bbox": {"xmin": 1089, "ymin": 1, "ymax": 719, "xmax": 1279}}], [{"tid": 0, "generated": 0, "bbox": {"xmin": 442, "ymin": 182, "ymax": 485, "xmax": 710}}, {"tid": 1, "generated": 0, "bbox": {"xmin": 1110, "ymin": 1, "ymax": 719, "xmax": 1279}}], [{"tid": 0, "generated": 0, "bbox": {"xmin": 433, "ymin": 183, "ymax": 486, "xmax": 701}}, {"tid": 1, "generated": 0, "bbox": {"xmin": 1132, "ymin": 1, "ymax": 719, "xmax": 1279}}], [{"tid": 0, "generated": 0, "bbox": {"xmin": 424, "ymin": 184, "ymax": 488, "xmax": 692}}, {"tid": 1, "generated": 0, "bbox": {"xmin": 1154, "ymin": 1, "ymax": 719, "xmax": 1279}}], [{"tid": 0, "generated": 0, "bbox": {"xmin": 415, "ymin": 185, "ymax": 490, "xmax": 683}}, {"tid": 1, "generated": 0, "bbox": {"xmin": 1151, "ymin": 1, "ymax": 719, "xmax": 1279}}], [{"tid": 0, "generated": 0, "bbox": {"xmin": 406, "ymin": 186, "ymax": 491, "xmax": 674}}, {"tid": 1, "generated": 0, "bbox": {"xmin": 1148, "ymin": 1, "ymax": 719, "xmax": 1279}}], [{"tid": 0, "generated": 0, "bbox": {"xmin": 397, "ymin": 187, "ymax": 493, "xmax": 665}}, {"tid": 1, "generated": 0, "bbox": {"xmin": 1145, "ymin": 1, "ymax": 719, "xmax": 1279}}], [{"tid": 0, "generated": 0, "bbox": {"xmin": 388, "ymin": 188, "ymax": 495, "xmax": 656}}, {"tid": 1, "generated": 0, "bbox": {"xmin": 1142, "ymin": 1, "ymax": 719, "xmax": 1279}}], [{"tid": 0, "generated": 0, "bbox": {"xmin": 380, "ymin": 190, "ymax": 497, "xmax": 647}}, {"tid": 1, "generated": 0, "bbox": {"xmin": 1139, "ymin": 1, "ymax": 719, "xmax": 1279}}], [{"tid": 0, "generated": 0, "bbox": {"xmin": 375, "ymin": 191, "ymax": 497, "xmax": 639}}, {"tid": 1, "generated": 0, "bbox": {"xmin": 1122, "ymin": 1, "ymax": 719, "xmax": 1279}}], [{"tid": 0, "generated": 0, "bbox": {"xmin": 371, "ymin": 192, "ymax": 497, "xmax": 631}}, {"tid": 1, "generated": 0, "bbox": {"xmin": 1105, "ymin": 1, "ymax": 719, "xmax": 1279}}], [{"tid": 0, "generated": 0, "bbox": {"xmin": 367, "ymin": 192, "ymax": 498, "xmax": 627}}, {"tid": 1, "generated": 0, "bbox": {"xmin": 1088, "ymin": 1, "ymax": 719, "xmax": 1279}}], [{"tid": 0, "generated": 0, "bbox": {"xmin": 364, "ymin": 193, "ymax": 500, "xmax": 623}}, {"tid": 1, "generated": 0, "bbox": {"xmin": 1071, "ymin": 1, "ymax": 719, "xmax": 1279}}], [{"tid": 0, "generated": 0, "bbox": {"xmin": 360, "ymin": 194, "ymax": 501, "xmax": 620}}, {"tid": 1, "generated": 0, "bbox": {"xmin": 1054, "ymin": 1, "ymax": 719, "xmax": 1279}}], [{"tid": 0, "generated": 0, "bbox": {"xmin": 357, "ymin": 195, "ymax": 503, "xmax": 616}}, {"tid": 1, "generated": 0, "bbox": {"xmin": 1085, "ymin": 22, "ymax": 696, "xmax": 1279}}], [{"tid": 0, "generated": 0, "bbox": {"xmin": 353, "ymin": 196, "ymax": 505, "xmax": 612}}, {"tid": 1, "generated": 0, "bbox": {"xmin": 1116, "ymin": 43, "ymax": 673, "xmax": 1279}}], [{"tid": 0, "generated": 0, "bbox": {"xmin": 350, "ymin": 197, "ymax": 506, "xmax": 609}}, {"tid": 1, "generated": 0, "bbox": {"xmin": 1148, "ymin": 63, "ymax": 649, "xmax": 1279}}], [{"tid": 0, "generated": 0, "bbox": {"xmin": 346, "ymin": 198, "ymax": 508, "xmax": 605}}, {"tid": 1, "generated": 0, "bbox": {"xmin": 1179, "ymin": 84, "ymax": 626, "xmax": 1279}}], [], [], [], [], [], [], [], [], [], [], [], [], [], [], [], [], [], [], [], [], [], [], [], [], [], [], [], [], [], [], [], [], [], [], [], [], [], [], [], [], [], [], [], [], [], [{"tid": 0, "generated": 0, "bbox": {"xmin": 294, "ymin": 205, "ymax": 496, "xmax": 539}}, {"tid": 1, "generated": 0, "bbox": {"xmin": 753, "ymin": 1, "ymax": 637, "xmax": 1275}}], [{"tid": 0, "generated": 0, "bbox": {"xmin": 300, "ymin": 206, "ymax": 493, "xmax": 542}}, {"tid": 1, "generated": 0, "bbox": {"xmin": 743, "ymin": 1, "ymax": 630, "xmax": 1275}}], [{"tid": 0, "generated": 0, "bbox": {"xmin": 307, "ymin": 208, "ymax": 490, "xmax": 546}}, {"tid": 1, "generated": 0, "bbox": {"xmin": 734, "ymin": 1, "ymax": 623, "xmax": 1275}}], [{"tid": 0, "generated": 0, "bbox": {"xmin": 313, "ymin": 209, "ymax": 487, "xmax": 550}}, {"tid": 1, "generated": 0, "bbox": {"xmin": 724, "ymin": 1, "ymax": 617, "xmax": 1275}}], [{"tid": 0, "generated": 0, "bbox": {"xmin": 320, "ymin": 211, "ymax": 484, "xmax": 554}}, {"tid": 1, "generated": 0, "bbox": {"xmin": 715, "ymin": 1, "ymax": 610, "xmax": 1275}}], [{"tid": 0, "generated": 0, "bbox": {"xmin": 327, "ymin": 213, "ymax": 481, "xmax": 558}}, {"tid": 1, "generated": 0, "bbox": {"xmin": 705, "ymin": 1, "ymax": 603, "xmax": 1275}}], [{"tid": 0, "generated": 0, "bbox": {"xmin": 329, "ymin": 213, "ymax": 478, "xmax": 559}}, {"tid": 1, "generated": 0, "bbox": {"xmin": 674, "ymin": 3, "ymax": 600, "xmax": 1266}}], [{"tid": 0, "generated": 0, "bbox": {"xmin": 332, "ymin": 214, "ymax": 476, "xmax": 561}}, {"tid": 1, "generated": 0, "bbox": {"xmin": 642, "ymin": 5, "ymax": 596, "xmax": 1257}}], [{"tid": 0, "generated": 0, "bbox": {"xmin": 334, "ymin": 214, "ymax": 473, "xmax": 563}}, {"tid": 1, "generated": 0, "bbox": {"xmin": 611, "ymin": 6, "ymax": 593, "xmax": 1247}}], [{"tid": 0, "generated": 0, "bbox": {"xmin": 337, "ymin": 215, "ymax": 471, "xmax": 565}}, {"tid": 1, "generated": 0, "bbox": {"xmin": 579, "ymin": 8, "ymax": 589, "xmax": 1238}}], [{"tid": 0, "generated": 0, "bbox": {"xmin": 339, "ymin": 215, "ymax": 469, "xmax": 563}}, {"tid": 1, "generated": 0, "bbox": {"xmin": 548, "ymin": 10, "ymax": 586, "xmax": 1229}}], [{"tid": 0, "generated": 0, "bbox": {"xmin": 342, "ymin": 216, "ymax": 468, "xmax": 563}}, {"tid": 1, "generated": 0, "bbox": {"xmin": 548, "ymin": 14, "ymax": 586, "xmax": 1222}}], [{"tid": 0, "generated": 0, "bbox": {"xmin": 345, "ymin": 217, "ymax": 467, "xmax": 563}}, {"tid": 1, "generated": 0, "bbox": {"xmin": 548, "ymin": 19, "ymax": 586, "xmax": 1214}}], [{"tid": 0, "generated": 0, "bbox": {"xmin": 348, "ymin": 218, "ymax": 466, "xmax": 563}}, {"tid": 1, "generated": 0, "bbox": {"xmin": 548, "ymin": 23, "ymax": 586, "xmax": 1207}}], [{"tid": 0, "generated": 0, "bbox": {"xmin": 351, "ymin": 219, "ymax": 465, "xmax": 563}}, {"tid": 1, "generated": 0, "bbox": {"xmin": 548, "ymin": 28, "ymax": 586, "xmax": 1199}}], [{"tid": 0, "generated": 0, "bbox": {"xmin": 355, "ymin": 220, "ymax": 464, "xmax": 563}}, {"tid": 1, "generated": 0, "bbox": {"xmin": 548, "ymin": 32, "ymax": 586, "xmax": 1192}}], [{"tid": 0, "generated": 0, "bbox": {"xmin": 357, "ymin": 224, "ymax": 462, "xmax": 561}}, {"tid": 1, "generated": 0, "bbox": {"xmin": 554, "ymin": 32, "ymax": 580, "xmax": 1184}}], [{"tid": 0, "generated": 0, "bbox": {"xmin": 359, "ymin": 226, "ymax": 461, "xmax": 560}}, {"tid": 1, "generated": 0, "bbox": {"xmin": 560, "ymin": 32, "ymax": 573, "xmax": 1175}}], [{"tid": 0, "generated": 0, "bbox": {"xmin": 361, "ymin": 229, "ymax": 460, "xmax": 559}}, {"tid": 1, "generated": 0, "bbox": {"xmin": 565, "ymin": 32, "ymax": 567, "xmax": 1167}}], [{"tid": 0, "generated": 0, "bbox": {"xmin": 363, "ymin": 232, "ymax": 459, "xmax": 558}}, {"tid": 1, "generated": 0, "bbox": {"xmin": 571, "ymin": 32, "ymax": 560, "xmax": 1158}}], [{"tid": 0, "generated": 0, "bbox": {"xmin": 365, "ymin": 235, "ymax": 458, "xmax": 557}}, {"tid": 1, "generated": 0, "bbox": {"xmin": 577, "ymin": 32, "ymax": 554, "xmax": 1150}}], [{"tid": 0, "generated": 0, "bbox": {"xmin": 368, "ymin": 238, "ymax": 458, "xmax": 556}}, {"tid": 1, "generated": 0, "bbox": {"xmin": 606, "ymin": 31, "ymax": 554, "xmax": 1143}}], [{"tid": 0, "generated": 0, "bbox": {"xmin": 370, "ymin": 242, "ymax": 457, "xmax": 557}}, {"tid": 1, "generated": 0, "bbox": {"xmin": 636, "ymin": 31, "ymax": 554, "xmax": 1136}}], [{"tid": 0, "generated": 0, "bbox": {"xmin": 372, "ymin": 246, "ymax": 457, "xmax": 558}}, {"tid": 1, "generated": 0, "bbox": {"xmin": 665, "ymin": 30, "ymax": 554, "xmax": 1130}}], [{"tid": 0, "generated": 0, "bbox": {"xmin": 374, "ymin": 250, "ymax": 456, "xmax": 559}}, {"tid": 1, "generated": 0, "bbox": {"xmin": 695, "ymin": 30, "ymax": 554, "xmax": 1123}}], [{"tid": 0, "generated": 0, "bbox": {"xmin": 376, "ymin": 254, "ymax": 456, "xmax": 560}}, {"tid": 1, "generated": 0, "bbox": {"xmin": 724, "ymin": 29, "ymax": 554, "xmax": 1116}}], [{"tid": 0, "generated": 0, "bbox": {"xmin": 378, "ymin": 254, "ymax": 455, "xmax": 561}}, {"tid": 1, "generated": 0, "bbox": {"xmin": 729, "ymin": 26, "ymax": 551, "xmax": 1116}}], [{"tid": 0, "generated": 0, "bbox": {"xmin": 380, "ymin": 254, "ymax": 455, "xmax": 563}}, {"tid": 1, "generated": 0, "bbox": {"xmin": 734, "ymin": 22, "ymax": 548, "xmax": 1116}}], [{"tid": 0, "generated": 0, "bbox": {"xmin": 382, "ymin": 254, "ymax": 455, "xmax": 565}}, {"tid": 1, "generated": 0, "bbox": {"xmin": 740, "ymin": 19, "ymax": 546, "xmax": 1116}}], [{"tid": 0, "generated": 0, "bbox": {"xmin": 385, "ymin": 255, "ymax": 455, "xmax": 568}}, {"tid": 1, "generated": 0, "bbox": {"xmin": 745, "ymin": 15, "ymax": 543, "xmax": 1116}}], [], [], [], [], [], [], [], [], [], [], [], [], [], [], [], [], [], [], [], [], [], [], [], [], [], [], [], [], [], [], [], [], [], [], [], [], [], [], [], [], [], [], [], [], [], [{"tid": 0, "generated": 0, "bbox": {"xmin": 396, "ymin": 272, "ymax": 471, "xmax": 574}}, {"tid": 1, "generated": 0, "bbox": {"xmin": 548, "ymin": 94, "ymax": 563, "xmax": 1142}}], [{"tid": 0, "generated": 0, "bbox": {"xmin": 393, "ymin": 273, "ymax": 471, "xmax": 576}}, {"tid": 1, "generated": 0, "bbox": {"xmin": 548, "ymin": 94, "ymax": 563, "xmax": 1142}}], [{"tid": 0, "generated": 0, "bbox": {"xmin": 391, "ymin": 274, "ymax": 471, "xmax": 578}}, {"tid": 1, "generated": 0, "bbox": {"xmin": 548, "ymin": 94, "ymax": 563, "xmax": 1142}}], [{"tid": 0, "generated": 0, "bbox": {"xmin": 389, "ymin": 275, "ymax": 471, "xmax": 580}}, {"tid": 1, "generated": 0, "bbox": {"xmin": 548, "ymin": 94, "ymax": 563, "xmax": 1142}}], [{"tid": 0, "generated": 0, "bbox": {"xmin": 386, "ymin": 276, "ymax": 471, "xmax": 582}}, {"tid": 1, "generated": 0, "bbox": {"xmin": 548, "ymin": 94, "ymax": 563, "xmax": 1142}}], [{"tid": 0, "generated": 0, "bbox": {"xmin": 384, "ymin": 277, "ymax": 471, "xmax": 584}}, {"tid": 1, "generated": 0, "bbox": {"xmin": 548, "ymin": 94, "ymax": 563, "xmax": 1142}}], [{"tid": 0, "generated": 0, "bbox": {"xmin": 382, "ymin": 278, "ymax": 471, "xmax": 586}}, {"tid": 1, "generated": 0, "bbox": {"xmin": 560, "ymin": 89, "ymax": 563, "xmax": 1143}}], [{"tid": 0, "generated": 0, "bbox": {"xmin": 380, "ymin": 279, "ymax": 472, "xmax": 588}}, {"tid": 1, "generated": 0, "bbox": {"xmin": 572, "ymin": 83, "ymax": 563, "xmax": 1145}}], [{"tid": 0, "generated": 0, "bbox": {"xmin": 389, "ymin": 282, "ymax": 471, "xmax": 592}}, {"tid": 1, "generated": 0, "bbox": {"xmin": 583, "ymin": 78, "ymax": 563, "xmax": 1146}}], [{"tid": 0, "generated": 0, "bbox": {"xmin": 382, "ymin": 286, "ymax": 472, "xmax": 595}}, {"tid": 1, "generated": 0, "bbox": {"xmin": 595, "ymin": 72, "ymax": 563, "xmax": 1148}}], [{"tid": 0, "generated": 0, "bbox": {"xmin": 375, "ymin": 289, "ymax": 474, "xmax": 599}}, {"tid": 1, "generated": 0, "bbox": {"xmin": 607, "ymin": 67, "ymax": 563, "xmax": 1149}}], [{"tid": 0, "generated": 0, "bbox": {"xmin": 373, "ymin": 291, "ymax": 471, "xmax": 604}}, {"tid": 1, "generated": 0, "bbox": {"xmin": 628, "ymin": 60, "ymax": 563, "xmax": 1158}}], [{"tid": 0, "generated": 0, "bbox": {"xmin": 372, "ymin": 298, "ymax": 470, "xmax": 608}}, {"tid": 1, "generated": 0, "bbox": {"xmin": 649, "ymin": 52, "ymax": 563, "xmax": 1167}}], [{"tid": 0, "generated": 0, "bbox": {"xmin": 371, "ymin": 305, "ymax": 469, "xmax": 613}}, {"tid": 1, "generated": 0, "bbox": {"xmin": 670, "ymin": 45, "ymax": 563, "xmax": 1175}}], [{"tid": 0, "generated": 0, "bbox": {"xmin": 373, "ymin": 312, "ymax": 471, "xmax": 615}}, {"tid": 1, "generated": 0, "bbox": {"xmin": 691, "ymin": 37, "ymax": 563, "xmax": 1184}}], [{"tid": 0, "generated": 0, "bbox": {"xmin": 372, "ymin": 313, "ymax": 471, "xmax": 616}}, {"tid": 1, "generated": 0, "bbox": {"xmin": 712, "ymin": 30, "ymax": 563, "xmax": 1193}}], [{"tid": 0, "generated": 0, "bbox": {"xmin": 371, "ymin": 315, "ymax": 471, "xmax": 618}}, {"tid": 1, "generated": 0, "bbox": {"xmin": 729, "ymin": 27, "ymax": 563, "xmax": 1204}}], [{"tid": 0, "generated": 0, "bbox": {"xmin": 371, "ymin": 317, "ymax": 471, "xmax": 619}}, {"tid": 1, "generated": 0, "bbox": {"xmin": 745, "ymin": 23, "ymax": 563, "xmax": 1215}}], [{"tid": 0, "generated": 0, "bbox": {"xmin": 370, "ymin": 319, "ymax": 471, "xmax": 621}}, {"tid": 1, "generated": 0, "bbox": {"xmin": 762, "ymin": 20, "ymax": 563, "xmax": 1226}}], [{"tid": 0, "generated": 0, "bbox": {"xmin": 369, "ymin": 321, "ymax": 471, "xmax": 622}}, {"tid": 1, "generated": 0, "bbox": {"xmin": 778, "ymin": 16, "ymax": 563, "xmax": 1237}}], [{"tid": 0, "generated": 0, "bbox": {"xmin": 369, "ymin": 323, "ymax": 472, "xmax": 624}}, {"tid": 1, "generated": 0, "bbox": {"xmin": 795, "ymin": 13, "ymax": 563, "xmax": 1248}}], [{"tid": 0, "generated": 0, "bbox": {"xmin": 368, "ymin": 323, "ymax": 471, "xmax": 621}}, {"tid": 1, "generated": 0, "bbox": {"xmin": 809, "ymin": 11, "ymax": 563, "xmax": 1254}}], [{"tid": 0, "generated": 0, "bbox": {"xmin": 368, "ymin": 323, "ymax": 471, "xmax": 618}}, {"tid": 1, "generated": 0, "bbox": {"xmin": 824, "ymin": 9, "ymax": 564, "xmax": 1260}}], [{"tid": 0, "generated": 0, "bbox": {"xmin": 367, "ymin": 323, "ymax": 472, "xmax": 617}}, {"tid": 1, "generated": 0, "bbox": {"xmin": 838, "ymin": 7, "ymax": 564, "xmax": 1266}}], [{"tid": 0, "generated": 0, "bbox": {"xmin": 367, "ymin": 324, "ymax": 474, "xmax": 616}}, {"tid": 1, "generated": 0, "bbox": {"xmin": 853, "ymin": 5, "ymax": 565, "xmax": 1272}}], [{"tid": 0, "generated": 0, "bbox": {"xmin": 366, "ymin": 324, "ymax": 475, "xmax": 616}}, {"tid": 1, "generated": 0, "bbox": {"xmin": 867, "ymin": 3, "ymax": 565, "xmax": 1278}}], [{"tid": 0, "generated": 0, "bbox": {"xmin": 366, "ymin": 325, "ymax": 477, "xmax": 615}}, {"tid": 1, "generated": 0, "bbox": {"xmin": 877, "ymin": 11, "ymax": 568, "xmax": 1278}}], [{"tid": 0, "generated": 0, "bbox": {"xmin": 365, "ymin": 326, "ymax": 478, "xmax": 614}}, {"tid": 1, "generated": 0, "bbox": {"xmin": 887, "ymin": 19, "ymax": 572, "xmax": 1279}}], [{"tid": 0, "generated": 0, "bbox": {"xmin": 365, "ymin": 326, "ymax": 480, "xmax": 614}}, {"tid": 1, "generated": 0, "bbox": {"xmin": 898, "ymin": 28, "ymax": 575, "xmax": 1279}}], [{"tid": 0, "generated": 0, "bbox": {"xmin": 364, "ymin": 327, "ymax": 481, "xmax": 613}}, {"tid": 1, "generated": 0, "bbox": {"xmin": 908, "ymin": 36, "ymax": 579, "xmax": 1279}}], [], [], [], [], [], [], [], [], [], [], [], [], [], [], [], [], [], [], [], [], [], [], [], [], [], [], [], [], [], [], [], [], [], [], [], [], [], [], [], [], [], [], [], [], [], [], [], [], [], [], [], [], [], [], [], [], [], [], [], [], [], [], [], [], [], [], [], [], [], [], [], [], [], [], [], [], [], [], [], [], [], [], [], [], [], [], [], [], [], [], [], [], [], [], [], [], [], [], [], [], [], [], [], [], [], [{"tid": 0, "generated": 0, "bbox": {"xmin": 326, "ymin": 313, "ymax": 443, "xmax": 534}}, {"tid": 1, "generated": 0, "bbox": {"xmin": 825, "ymin": 83, "ymax": 504, "xmax": 1114}}], [{"tid": 0, "generated": 0, "bbox": {"xmin": 326, "ymin": 313, "ymax": 443, "xmax": 534}}, {"tid": 1, "generated": 0, "bbox": {"xmin": 825, "ymin": 83, "ymax": 504, "xmax": 1114}}], [{"tid": 0, "generated": 0, "bbox": {"xmin": 327, "ymin": 313, "ymax": 443, "xmax": 534}}, {"tid": 1, "generated": 0, "bbox": {"xmin": 825, "ymin": 83, "ymax": 504, "xmax": 1114}}], [{"tid": 0, "generated": 0, "bbox": {"xmin": 327, "ymin": 313, "ymax": 443, "xmax": 534}}, {"tid": 1, "generated": 0, "bbox": {"xmin": 825, "ymin": 83, "ymax": 504, "xmax": 1114}}], [{"tid": 0, "generated": 0, "bbox": {"xmin": 327, "ymin": 313, "ymax": 443, "xmax": 534}}, {"tid": 1, "generated": 0, "bbox": {"xmin": 825, "ymin": 83, "ymax": 504, "xmax": 1114}}], [{"tid": 0, "generated": 0, "bbox": {"xmin": 328, "ymin": 314, "ymax": 444, "xmax": 535}}, {"tid": 1, "generated": 0, "bbox": {"xmin": 825, "ymin": 83, "ymax": 504, "xmax": 1114}}], [{"tid": 0, "generated": 0, "bbox": {"xmin": 327, "ymin": 314, "ymax": 444, "xmax": 534}}, {"tid": 1, "generated": 0, "bbox": {"xmin": 825, "ymin": 84, "ymax": 504, "xmax": 1114}}], [{"tid": 0, "generated": 0, "bbox": {"xmin": 327, "ymin": 315, "ymax": 445, "xmax": 534}}, {"tid": 1, "generated": 0, "bbox": {"xmin": 825, "ymin": 85, "ymax": 504, "xmax": 1114}}], [{"tid": 0, "generated": 0, "bbox": {"xmin": 327, "ymin": 316, "ymax": 445, "xmax": 534}}, {"tid": 1, "generated": 0, "bbox": {"xmin": 825, "ymin": 85, "ymax": 504, "xmax": 1114}}], [{"tid": 0, "generated": 0, "bbox": {"xmin": 327, "ymin": 317, "ymax": 446, "xmax": 534}}, {"tid": 1, "generated": 0, "bbox": {"xmin": 825, "ymin": 86, "ymax": 504, "xmax": 1114}}], [{"tid": 0, "generated": 0, "bbox": {"xmin": 327, "ymin": 318, "ymax": 446, "xmax": 534}}, {"tid": 1, "generated": 0, "bbox": {"xmin": 825, "ymin": 87, "ymax": 504, "xmax": 1114}}], [{"tid": 0, "generated": 0, "bbox": {"xmin": 327, "ymin": 319, "ymax": 447, "xmax": 533}}, {"tid": 1, "generated": 0, "bbox": {"xmin": 825, "ymin": 87, "ymax": 504, "xmax": 1114}}], [{"tid": 0, "generated": 0, "bbox": {"xmin": 327, "ymin": 320, "ymax": 447, "xmax": 533}}, {"tid": 1, "generated": 0, "bbox": {"xmin": 825, "ymin": 87, "ymax": 504, "xmax": 1114}}], [{"tid": 0, "generated": 0, "bbox": {"xmin": 327, "ymin": 321, "ymax": 448, "xmax": 533}}, {"tid": 1, "generated": 0, "bbox": {"xmin": 825, "ymin": 87, "ymax": 504, "xmax": 1114}}], [{"tid": 0, "generated": 0, "bbox": {"xmin": 327, "ymin": 322, "ymax": 448, "xmax": 533}}, {"tid": 1, "generated": 0, "bbox": {"xmin": 825, "ymin": 87, "ymax": 504, "xmax": 1114}}], [{"tid": 0, "generated": 0, "bbox": {"xmin": 327, "ymin": 323, "ymax": 449, "xmax": 533}}, {"tid": 1, "generated": 0, "bbox": {"xmin": 825, "ymin": 87, "ymax": 504, "xmax": 1114}}], [{"tid": 0, "generated": 0, "bbox": {"xmin": 327, "ymin": 322, "ymax": 448, "xmax": 532}}, {"tid": 1, "generated": 0, "bbox": {"xmin": 824, "ymin": 87, "ymax": 504, "xmax": 1114}}], [{"tid": 0, "generated": 0, "bbox": {"xmin": 327, "ymin": 322, "ymax": 448, "xmax": 531}}, {"tid": 1, "generated": 0, "bbox": {"xmin": 822, "ymin": 87, "ymax": 504, "xmax": 1113}}], [{"tid": 0, "generated": 0, "bbox": {"xmin": 327, "ymin": 322, "ymax": 448, "xmax": 530}}, {"tid": 1, "generated": 0, "bbox": {"xmin": 821, "ymin": 88, "ymax": 505, "xmax": 1113}}], [{"tid": 0, "generated": 0, "bbox": {"xmin": 328, "ymin": 321, "ymax": 447, "xmax": 529}}, {"tid": 1, "generated": 0, "bbox": {"xmin": 819, "ymin": 88, "ymax": 505, "xmax": 1112}}], [{"tid": 0, "generated": 0, "bbox": {"xmin": 328, "ymin": 321, "ymax": 447, "xmax": 528}}, {"tid": 1, "generated": 0, "bbox": {"xmin": 818, "ymin": 88, "ymax": 505, "xmax": 1112}}], [{"tid": 0, "generated": 0, "bbox": {"xmin": 328, "ymin": 321, "ymax": 447, "xmax": 527}}, {"tid": 1, "generated": 0, "bbox": {"xmin": 817, "ymin": 85, "ymax": 504, "xmax": 1111}}], [{"tid": 0, "generated": 0, "bbox": {"xmin": 329, "ymin": 320, "ymax": 446, "xmax": 526}}, {"tid": 1, "generated": 0, "bbox": {"xmin": 816, "ymin": 83, "ymax": 503, "xmax": 1110}}], [{"tid": 0, "generated": 0, "bbox": {"xmin": 329, "ymin": 320, "ymax": 446, "xmax": 525}}, {"tid": 1, "generated": 0, "bbox": {"xmin": 816, "ymin": 80, "ymax": 502, "xmax": 1110}}], [{"tid": 0, "generated": 0, "bbox": {"xmin": 329, "ymin": 320, "ymax": 446, "xmax": 524}}, {"tid": 1, "generated": 0, "bbox": {"xmin": 815, "ymin": 78, "ymax": 501, "xmax": 1109}}], [{"tid": 0, "generated": 0, "bbox": {"xmin": 330, "ymin": 320, "ymax": 446, "xmax": 524}}, {"tid": 1, "generated": 0, "bbox": {"xmin": 814, "ymin": 75, "ymax": 500, "xmax": 1108}}], [{"tid": 0, "generated": 0, "bbox": {"xmin": 329, "ymin": 319, "ymax": 445, "xmax": 524}}, {"tid": 1, "generated": 0, "bbox": {"xmin": 814, "ymin": 75, "ymax": 500, "xmax": 1108}}], [{"tid": 0, "generated": 0, "bbox": {"xmin": 328, "ymin": 318, "ymax": 444, "xmax": 524}}, {"tid": 1, "generated": 0, "bbox": {"xmin": 814, "ymin": 75, "ymax": 500, "xmax": 1108}}], [{"tid": 0, "generated": 0, "bbox": {"xmin": 327, "ymin": 317, "ymax": 443, "xmax": 525}}, {"tid": 1, "generated": 0, "bbox": {"xmin": 814, "ymin": 75, "ymax": 500, "xmax": 1108}}], [{"tid": 0, "generated": 0, "bbox": {"xmin": 327, "ymin": 316, "ymax": 443, "xmax": 525}}, {"tid": 1, "generated": 0, "bbox": {"xmin": 814, "ymin": 75, "ymax": 500, "xmax": 1108}}], [], [], [], [], [], [], [], [], [], [], [], [], [], [], [], [], [], [], [], [], [], [], [], [], [], [], [], [], [], [], [], [], [], [], [], [], [], [], [], [], [], [], [], [], [], [], [], [], [], [], [], [], [], [], [], [], [], [], [], [], [], [], [], [], [], [], [], [], [], [], [], [], [], [], [], [], [], [], [], [], [], [], [], [], [], [], [], [], [], [], [], [], [], [], [], [], [], [], [], [], [], [], [], [], [], [], [], [], [], [], [], [], [], [], [], [], [], [], [], [], [], [], [], [], [], [], [], [], [], [], [], [], [], [], [], [], [], [], [], [], [], [], [], [], [], [], [], [], [], [], [], [], [], [], [], [], [], [], [], [], [], [], [], [], [], [], [], [], [], [], [], [], [], [], [], [], [], [], [], [], [], [], [], [], [], [], [], [], [], [], [], [], [], [], [], [], [], [], [], [], [], [], [], [], [], [], [], [], [], [], [], [], [], [], [], [], [], [], [], [], [], [], [], [], [], [], [], [], [], [], [], [], [], [], [], [], [], [], [], [], [], [], [], [], [], [], [], [], [], [], [], [], [], [], [], [], [], [], [], [], [], [], [], [], [], [], [], [], [], [], [{"tid": 0, "generated": 0, "bbox": {"xmin": 354, "ymin": 287, "ymax": 526, "xmax": 512}}, {"tid": 1, "generated": 0, "bbox": {"xmin": 822, "ymin": 85, "ymax": 526, "xmax": 1120}}], [{"tid": 0, "generated": 0, "bbox": {"xmin": 354, "ymin": 286, "ymax": 526, "xmax": 513}}, {"tid": 1, "generated": 0, "bbox": {"xmin": 822, "ymin": 85, "ymax": 526, "xmax": 1120}}], [{"tid": 0, "generated": 0, "bbox": {"xmin": 354, "ymin": 286, "ymax": 526, "xmax": 513}}, {"tid": 1, "generated": 0, "bbox": {"xmin": 822, "ymin": 85, "ymax": 526, "xmax": 1120}}], [{"tid": 0, "generated": 0, "bbox": {"xmin": 354, "ymin": 286, "ymax": 526, "xmax": 514}}, {"tid": 1, "generated": 0, "bbox": {"xmin": 822, "ymin": 85, "ymax": 526, "xmax": 1120}}], [{"tid": 0, "generated": 0, "bbox": {"xmin": 354, "ymin": 286, "ymax": 526, "xmax": 514}}, {"tid": 1, "generated": 0, "bbox": {"xmin": 822, "ymin": 85, "ymax": 526, "xmax": 1120}}], [{"tid": 0, "generated": 0, "bbox": {"xmin": 355, "ymin": 286, "ymax": 526, "xmax": 515}}, {"tid": 1, "generated": 0, "bbox": {"xmin": 822, "ymin": 85, "ymax": 526, "xmax": 1120}}], [{"tid": 0, "generated": 0, "bbox": {"xmin": 355, "ymin": 286, "ymax": 526, "xmax": 515}}, {"tid": 1, "generated": 0, "bbox": {"xmin": 823, "ymin": 87, "ymax": 528, "xmax": 1121}}], [{"tid": 0, "generated": 0, "bbox": {"xmin": 356, "ymin": 287, "ymax": 527, "xmax": 515}}, {"tid": 1, "generated": 0, "bbox": {"xmin": 823, "ymin": 90, "ymax": 530, "xmax": 1122}}], [{"tid": 0, "generated": 0, "bbox": {"xmin": 357, "ymin": 288, "ymax": 527, "xmax": 515}}, {"tid": 1, "generated": 0, "bbox": {"xmin": 824, "ymin": 92, "ymax": 533, "xmax": 1123}}], [{"tid": 0, "generated": 0, "bbox": {"xmin": 357, "ymin": 288, "ymax": 528, "xmax": 515}}, {"tid": 1, "generated": 0, "bbox": {"xmin": 824, "ymin": 95, "ymax": 535, "xmax": 1124}}], [{"tid": 0, "generated": 0, "bbox": {"xmin": 358, "ymin": 289, "ymax": 528, "xmax": 516}}, {"tid": 1, "generated": 0, "bbox": {"xmin": 825, "ymin": 97, "ymax": 537, "xmax": 1125}}], [{"tid": 0, "generated": 0, "bbox": {"xmin": 359, "ymin": 290, "ymax": 529, "xmax": 516}}, {"tid": 1, "generated": 0, "bbox": {"xmin": 825, "ymin": 97, "ymax": 537, "xmax": 1125}}], [{"tid": 0, "generated": 0, "bbox": {"xmin": 359, "ymin": 290, "ymax": 529, "xmax": 516}}, {"tid": 1, "generated": 0, "bbox": {"xmin": 825, "ymin": 97, "ymax": 537, "xmax": 1125}}], [{"tid": 0, "generated": 0, "bbox": {"xmin": 360, "ymin": 291, "ymax": 530, "xmax": 516}}, {"tid": 1, "generated": 0, "bbox": {"xmin": 825, "ymin": 97, "ymax": 537, "xmax": 1125}}], [{"tid": 0, "generated": 0, "bbox": {"xmin": 361, "ymin": 292, "ymax": 530, "xmax": 516}}, {"tid": 1, "generated": 0, "bbox": {"xmin": 825, "ymin": 97, "ymax": 537, "xmax": 1125}}], [{"tid": 0, "generated": 0, "bbox": {"xmin": 362, "ymin": 293, "ymax": 531, "xmax": 517}}, {"tid": 1, "generated": 0, "bbox": {"xmin": 825, "ymin": 97, "ymax": 537, "xmax": 1125}}], [{"tid": 0, "generated": 0, "bbox": {"xmin": 362, "ymin": 293, "ymax": 531, "xmax": 517}}, {"tid": 1, "generated": 0, "bbox": {"xmin": 827, "ymin": 98, "ymax": 537, "xmax": 1125}}], [{"tid": 0, "generated": 0, "bbox": {"xmin": 362, "ymin": 294, "ymax": 531, "xmax": 517}}, {"tid": 1, "generated": 0, "bbox": {"xmin": 828, "ymin": 98, "ymax": 537, "xmax": 1125}}], [{"tid": 0, "generated": 0, "bbox": {"xmin": 362, "ymin": 294, "ymax": 532, "xmax": 517}}, {"tid": 1, "generated": 0, "bbox": {"xmin": 830, "ymin": 99, "ymax": 537, "xmax": 1125}}], [{"tid": 0, "generated": 0, "bbox": {"xmin": 362, "ymin": 295, "ymax": 532, "xmax": 518}}, {"tid": 1, "generated": 0, "bbox": {"xmin": 831, "ymin": 99, "ymax": 537, "xmax": 1125}}], [{"tid": 0, "generated": 0, "bbox": {"xmin": 363, "ymin": 295, "ymax": 533, "xmax": 518}}, {"tid": 1, "generated": 0, "bbox": {"xmin": 833, "ymin": 100, "ymax": 537, "xmax": 1125}}], [{"tid": 0, "generated": 0, "bbox": {"xmin": 363, "ymin": 296, "ymax": 533, "xmax": 518}}, {"tid": 1, "generated": 0, "bbox": {"xmin": 833, "ymin": 100, "ymax": 537, "xmax": 1123}}], [{"tid": 0, "generated": 0, "bbox": {"xmin": 363, "ymin": 296, "ymax": 533, "xmax": 519}}, {"tid": 1, "generated": 0, "bbox": {"xmin": 833, "ymin": 100, "ymax": 537, "xmax": 1121}}], [{"tid": 0, "generated": 0, "bbox": {"xmin": 363, "ymin": 297, "ymax": 534, "xmax": 519}}, {"tid": 1, "generated": 0, "bbox": {"xmin": 833, "ymin": 100, "ymax": 537, "xmax": 1120}}], [{"tid": 0, "generated": 0, "bbox": {"xmin": 363, "ymin": 297, "ymax": 534, "xmax": 519}}, {"tid": 1, "generated": 0, "bbox": {"xmin": 833, "ymin": 100, "ymax": 537, "xmax": 1118}}], [{"tid": 0, "generated": 0, "bbox": {"xmin": 364, "ymin": 298, "ymax": 535, "xmax": 520}}, {"tid": 1, "generated": 0, "bbox": {"xmin": 833, "ymin": 100, "ymax": 537, "xmax": 1116}}], [{"tid": 0, "generated": 0, "bbox": {"xmin": 364, "ymin": 298, "ymax": 535, "xmax": 520}}, {"tid": 1, "generated": 0, "bbox": {"xmin": 832, "ymin": 100, "ymax": 545, "xmax": 1115}}], [{"tid": 0, "generated": 0, "bbox": {"xmin": 364, "ymin": 298, "ymax": 535, "xmax": 520}}, {"tid": 1, "generated": 0, "bbox": {"xmin": 832, "ymin": 100, "ymax": 553, "xmax": 1115}}], [{"tid": 0, "generated": 0, "bbox": {"xmin": 365, "ymin": 298, "ymax": 535, "xmax": 521}}, {"tid": 1, "generated": 0, "bbox": {"xmin": 831, "ymin": 101, "ymax": 560, "xmax": 1114}}], [{"tid": 0, "generated": 0, "bbox": {"xmin": 365, "ymin": 298, "ymax": 535, "xmax": 521}}, {"tid": 1, "generated": 0, "bbox": {"xmin": 831, "ymin": 101, "ymax": 568, "xmax": 1114}}], [], [], [], [], [], [], [], [], [], [], [], [], [], [], [], [{"tid": 0, "generated": 0, "bbox": {"xmin": 369, "ymin": 302, "ymax": 542, "xmax": 528}}, {"tid": 1, "generated": 0, "bbox": {"xmin": 797, "ymin": 165, "ymax": 627, "xmax": 1095}}], [{"tid": 0, "generated": 0, "bbox": {"xmin": 369, "ymin": 302, "ymax": 541, "xmax": 528}}, {"tid": 1, "generated": 0, "bbox": {"xmin": 797, "ymin": 167, "ymax": 627, "xmax": 1097}}], [{"tid": 0, "generated": 0, "bbox": {"xmin": 369, "ymin": 302, "ymax": 541, "xmax": 528}}, {"tid": 1, "generated": 0, "bbox": {"xmin": 797, "ymin": 169, "ymax": 627, "xmax": 1099}}], [{"tid": 0, "generated": 0, "bbox": {"xmin": 369, "ymin": 302, "ymax": 541, "xmax": 528}}, {"tid": 1, "generated": 0, "bbox": {"xmin": 797, "ymin": 171, "ymax": 627, "xmax": 1101}}], [{"tid": 0, "generated": 0, "bbox": {"xmin": 369, "ymin": 302, "ymax": 541, "xmax": 528}}, {"tid": 1, "generated": 0, "bbox": {"xmin": 797, "ymin": 173, "ymax": 627, "xmax": 1103}}], [{"tid": 0, "generated": 0, "bbox": {"xmin": 370, "ymin": 303, "ymax": 541, "xmax": 528}}, {"tid": 1, "generated": 0, "bbox": {"xmin": 797, "ymin": 175, "ymax": 627, "xmax": 1105}}], [{"tid": 0, "generated": 0, "bbox": {"xmin": 370, "ymin": 303, "ymax": 540, "xmax": 528}}, {"tid": 1, "generated": 0, "bbox": {"xmin": 779, "ymin": 172, "ymax": 628, "xmax": 1105}}], [{"tid": 0, "generated": 0, "bbox": {"xmin": 370, "ymin": 303, "ymax": 540, "xmax": 528}}, {"tid": 1, "generated": 0, "bbox": {"xmin": 761, "ymin": 169, "ymax": 629, "xmax": 1105}}], [{"tid": 0, "generated": 0, "bbox": {"xmin": 370, "ymin": 303, "ymax": 540, "xmax": 528}}, {"tid": 1, "generated": 0, "bbox": {"xmin": 744, "ymin": 167, "ymax": 631, "xmax": 1105}}], [{"tid": 0, "generated": 0, "bbox": {"xmin": 370, "ymin": 303, "ymax": 540, "xmax": 528}}, {"tid": 1, "generated": 0, "bbox": {"xmin": 726, "ymin": 164, "ymax": 632, "xmax": 1105}}], [{"tid": 0, "generated": 0, "bbox": {"xmin": 371, "ymin": 304, "ymax": 540, "xmax": 529}}, {"tid": 1, "generated": 0, "bbox": {"xmin": 708, "ymin": 161, "ymax": 633, "xmax": 1105}}], [{"tid": 0, "generated": 0, "bbox": {"xmin": 371, "ymin": 304, "ymax": 540, "xmax": 528}}, {"tid": 1, "generated": 0, "bbox": {"xmin": 678, "ymin": 161, "ymax": 633, "xmax": 1108}}], [{"tid": 0, "generated": 0, "bbox": {"xmin": 371, "ymin": 304, "ymax": 541, "xmax": 528}}, {"tid": 1, "generated": 0, "bbox": {"xmin": 648, "ymin": 161, "ymax": 633, "xmax": 1111}}], [{"tid": 0, "generated": 0, "bbox": {"xmin": 371, "ymin": 304, "ymax": 541, "xmax": 528}}, {"tid": 1, "generated": 0, "bbox": {"xmin": 618, "ymin": 161, "ymax": 633, "xmax": 1113}}], [{"tid": 0, "generated": 0, "bbox": {"xmin": 371, "ymin": 305, "ymax": 542, "xmax": 528}}, {"tid": 1, "generated": 0, "bbox": {"xmin": 588, "ymin": 161, "ymax": 633, "xmax": 1116}}], [{"tid": 0, "generated": 0, "bbox": {"xmin": 371, "ymin": 305, "ymax": 542, "xmax": 528}}, {"tid": 1, "generated": 0, "bbox": {"xmin": 558, "ymin": 161, "ymax": 633, "xmax": 1119}}], [{"tid": 0, "generated": 0, "bbox": {"xmin": 371, "ymin": 305, "ymax": 543, "xmax": 528}}, {"tid": 1, "generated": 0, "bbox": {"xmin": 560, "ymin": 161, "ymax": 633, "xmax": 1119}}], [{"tid": 0, "generated": 0, "bbox": {"xmin": 371, "ymin": 306, "ymax": 543, "xmax": 528}}, {"tid": 1, "generated": 0, "bbox": {"xmin": 563, "ymin": 161, "ymax": 633, "xmax": 1119}}], [{"tid": 0, "generated": 0, "bbox": {"xmin": 371, "ymin": 306, "ymax": 544, "xmax": 528}}, {"tid": 1, "generated": 0, "bbox": {"xmin": 565, "ymin": 161, "ymax": 633, "xmax": 1119}}], [{"tid": 0, "generated": 0, "bbox": {"xmin": 371, "ymin": 306, "ymax": 544, "xmax": 528}}, {"tid": 1, "generated": 0, "bbox": {"xmin": 568, "ymin": 161, "ymax": 633, "xmax": 1119}}], [{"tid": 0, "generated": 0, "bbox": {"xmin": 371, "ymin": 307, "ymax": 545, "xmax": 528}}, {"tid": 1, "generated": 0, "bbox": {"xmin": 570, "ymin": 161, "ymax": 633, "xmax": 1119}}], [{"tid": 0, "generated": 0, "bbox": {"xmin": 371, "ymin": 307, "ymax": 544, "xmax": 528}}, {"tid": 1, "generated": 0, "bbox": {"xmin": 597, "ymin": 161, "ymax": 633, "xmax": 1119}}], [{"tid": 0, "generated": 0, "bbox": {"xmin": 371, "ymin": 307, "ymax": 544, "xmax": 528}}, {"tid": 1, "generated": 0, "bbox": {"xmin": 624, "ymin": 161, "ymax": 633, "xmax": 1119}}], [{"tid": 0, "generated": 0, "bbox": {"xmin": 372, "ymin": 307, "ymax": 544, "xmax": 528}}, {"tid": 1, "generated": 0, "bbox": {"xmin": 652, "ymin": 161, "ymax": 633, "xmax": 1119}}], [{"tid": 0, "generated": 0, "bbox": {"xmin": 372, "ymin": 307, "ymax": 544, "xmax": 528}}, {"tid": 1, "generated": 0, "bbox": {"xmin": 679, "ymin": 161, "ymax": 633, "xmax": 1119}}], [{"tid": 0, "generated": 0, "bbox": {"xmin": 373, "ymin": 308, "ymax": 544, "xmax": 528}}, {"tid": 1, "generated": 0, "bbox": {"xmin": 706, "ymin": 161, "ymax": 633, "xmax": 1119}}], [{"tid": 0, "generated": 0, "bbox": {"xmin": 373, "ymin": 308, "ymax": 544, "xmax": 528}}, {"tid": 1, "generated": 0, "bbox": {"xmin": 713, "ymin": 161, "ymax": 633, "xmax": 1119}}], [{"tid": 0, "generated": 0, "bbox": {"xmin": 373, "ymin": 308, "ymax": 544, "xmax": 528}}, {"tid": 1, "generated": 0, "bbox": {"xmin": 720, "ymin": 161, "ymax": 633, "xmax": 1119}}], [{"tid": 0, "generated": 0, "bbox": {"xmin": 374, "ymin": 308, "ymax": 544, "xmax": 528}}, {"tid": 1, "generated": 0, "bbox": {"xmin": 728, "ymin": 161, "ymax": 633, "xmax": 1119}}], [{"tid": 0, "generated": 0, "bbox": {"xmin": 374, "ymin": 308, "ymax": 544, "xmax": 528}}, {"tid": 1, "generated": 0, "bbox": {"xmin": 735, "ymin": 161, "ymax": 633, "xmax": 1119}}]], "subject/objects": [{"category": "snake", "tid": 0}, {"category": "person", "tid": 1}], "relation_instances": [{"end_fid": 30, "subject_tid": 0, "predicate": "lie_behind", "begin_fid": 0, "object_tid": 1}, {"end_fid": 30, "subject_tid": 0, "predicate": "lie_left", "begin_fid": 0, "object_tid": 1}, {"end_fid": 30, "subject_tid": 0, "predicate": "watch", "begin_fid": 0, "object_tid": 1}, {"end_fid": 30, "subject_tid": 1, "predicate": "walk_past", "begin_fid": 0, "object_tid": 0}, {"end_fid": 30, "subject_tid": 1, "predicate": "walk_front", "begin_fid": 0, "object_tid": 0}, {"end_fid": 30, "subject_tid": 1, "predicate": "walk_right", "begin_fid": 0, "object_tid": 0}, {"end_fid": 30, "subject_tid": 1, "predicate": "taller", "begin_fid": 0, "object_tid": 0}, {"end_fid": 30, "subject_tid": 1, "predicate": "larger", "begin_fid": 0, "object_tid": 0}, {"end_fid": 105, "subject_tid": 0, "predicate": "lie_left", "begin_fid": 75, "object_tid": 1}, {"end_fid": 105, "subject_tid": 0, "predicate": "play", "begin_fid": 75, "object_tid": 1}, {"end_fid": 105, "subject_tid": 0, "predicate": "watch", "begin_fid": 75, "object_tid": 1}, {"end_fid": 105, "subject_tid": 1, "predicate": "sit_right", "begin_fid": 75, "object_tid": 0}, {"end_fid": 105, "subject_tid": 1, "predicate": "taller", "begin_fid": 75, "object_tid": 0}, {"end_fid": 105, "subject_tid": 1, "predicate": "larger", "begin_fid": 75, "object_tid": 0}, {"end_fid": 105, "subject_tid": 1, "predicate": "play", "begin_fid": 75, "object_tid": 0}, {"end_fid": 105, "subject_tid": 1, "predicate": "watch", "begin_fid": 75, "object_tid": 0}, {"end_fid": 105, "subject_tid": 1, "predicate": "touch", "begin_fid": 75, "object_tid": 0}, {"end_fid": 180, "subject_tid": 0, "predicate": "lie_left", "begin_fid": 150, "object_tid": 1}, {"end_fid": 180, "subject_tid": 0, "predicate": "play", "begin_fid": 150, "object_tid": 1}, {"end_fid": 180, "subject_tid": 0, "predicate": "watch", "begin_fid": 150, "object_tid": 1}, {"end_fid": 180, "subject_tid": 1, "predicate": "sit_right", "begin_fid": 150, "object_tid": 0}, {"end_fid": 180, "subject_tid": 1, "predicate": "play", "begin_fid": 150, "object_tid": 0}, {"end_fid": 180, "subject_tid": 1, "predicate": "watch", "begin_fid": 150, "object_tid": 0}, {"end_fid": 180, "subject_tid": 1, "predicate": "touch", "begin_fid": 150, "object_tid": 0}, {"end_fid": 315, "subject_tid": 0, "predicate": "lie_left", "begin_fid": 285, "object_tid": 1}, {"end_fid": 315, "subject_tid": 0, "predicate": "watch", "begin_fid": 285, "object_tid": 1}, {"end_fid": 315, "subject_tid": 1, "predicate": "sit_right", "begin_fid": 285, "object_tid": 0}, {"end_fid": 315, "subject_tid": 1, "predicate": "taller", "begin_fid": 285, "object_tid": 0}, {"end_fid": 315, "subject_tid": 1, "predicate": "larger", "begin_fid": 285, "object_tid": 0}, {"end_fid": 315, "subject_tid": 1, "predicate": "watch", "begin_fid": 285, "object_tid": 0}, {"end_fid": 615, "subject_tid": 0, "predicate": "lie_left", "begin_fid": 585, "object_tid": 1}, {"end_fid": 615, "subject_tid": 0, "predicate": "watch", "begin_fid": 585, "object_tid": 1}, {"end_fid": 615, "subject_tid": 1, "predicate": "sit_right", "begin_fid": 585, "object_tid": 0}, {"end_fid": 615, "subject_tid": 1, "predicate": "taller", "begin_fid": 585, "object_tid": 0}, {"end_fid": 615, "subject_tid": 1, "predicate": "larger", "begin_fid": 585, "object_tid": 0}, {"end_fid": 615, "subject_tid": 1, "predicate": "watch", "begin_fid": 585, "object_tid": 0}, {"end_fid": 660, "subject_tid": 0, "predicate": "lie_left", "begin_fid": 630, "object_tid": 1}, {"end_fid": 660, "subject_tid": 0, "predicate": "watch", "begin_fid": 630, "object_tid": 1}, {"end_fid": 660, "subject_tid": 1, "predicate": "sit_right", "begin_fid": 630, "object_tid": 0}, {"end_fid": 660, "subject_tid": 1, "predicate": "taller", "begin_fid": 630, "object_tid": 0}, {"end_fid": 660, "subject_tid": 1, "predicate": "larger", "begin_fid": 630, "object_tid": 0}, {"end_fid": 660, "subject_tid": 1, "predicate": "watch", "begin_fid": 630, "object_tid": 0}, {"end_fid": 660, "subject_tid": 1, "predicate": "kick", "begin_fid": 630, "object_tid": 0}], "height": 720}