{"width": 480, "frame_count": 145, "video_id": "ILSVRC2015_train_00179003", "fps": 30, "trajectories": [[], [], [], [], [], [], [], [], [], [], [], [], [], [], [], [], [], [], [], [], [], [], [], [], [], [], [], [], [], [], [], [], [], [], [], [], [], [], [], [], [], [], [], [], [], [], [], [], [], [], [], [], [], [], [], [], [], [], [], [], [], [], [], [], [], [], [], [], [], [], [], [], [], [], [], [{"tid": 0, "generated": 0, "bbox": {"xmin": 78, "ymin": 60, "ymax": 273, "xmax": 421}}, {"tid": 1, "generated": 0, "bbox": {"xmin": 190, "ymin": 100, "ymax": 265, "xmax": 388}}], [{"tid": 0, "generated": 0, "bbox": {"xmin": 78, "ymin": 60, "ymax": 272, "xmax": 420}}, {"tid": 1, "generated": 0, "bbox": {"xmin": 189, "ymin": 100, "ymax": 265, "xmax": 387}}], [{"tid": 0, "generated": 0, "bbox": {"xmin": 78, "ymin": 59, "ymax": 272, "xmax": 417}}, {"tid": 1, "generated": 0, "bbox": {"xmin": 187, "ymin": 101, "ymax": 266, "xmax": 385}}], [{"tid": 0, "generated": 0, "bbox": {"xmin": 78, "ymin": 59, "ymax": 274, "xmax": 417}}, {"tid": 1, "generated": 0, "bbox": {"xmin": 186, "ymin": 101, "ymax": 266, "xmax": 384}}], [{"tid": 0, "generated": 0, "bbox": {"xmin": 79, "ymin": 61, "ymax": 273, "xmax": 418}}, {"tid": 1, "generated": 0, "bbox": {"xmin": 184, "ymin": 101, "ymax": 266, "xmax": 382}}], [{"tid": 0, "generated": 0, "bbox": {"xmin": 77, "ymin": 56, "ymax": 274, "xmax": 418}}, {"tid": 1, "generated": 0, "bbox": {"xmin": 183, "ymin": 102, "ymax": 267, "xmax": 381}}], [{"tid": 0, "generated": 0, "bbox": {"xmin": 76, "ymin": 58, "ymax": 276, "xmax": 418}}, {"tid": 1, "generated": 0, "bbox": {"xmin": 183, "ymin": 102, "ymax": 267, "xmax": 381}}], [{"tid": 0, "generated": 0, "bbox": {"xmin": 74, "ymin": 60, "ymax": 276, "xmax": 419}}, {"tid": 1, "generated": 0, "bbox": {"xmin": 183, "ymin": 103, "ymax": 268, "xmax": 381}}], [{"tid": 0, "generated": 0, "bbox": {"xmin": 77, "ymin": 56, "ymax": 277, "xmax": 416}}, {"tid": 1, "generated": 0, "bbox": {"xmin": 183, "ymin": 104, "ymax": 269, "xmax": 381}}], [{"tid": 0, "generated": 0, "bbox": {"xmin": 74, "ymin": 63, "ymax": 278, "xmax": 419}}, {"tid": 1, "generated": 0, "bbox": {"xmin": 184, "ymin": 105, "ymax": 270, "xmax": 382}}], [{"tid": 0, "generated": 0, "bbox": {"xmin": 74, "ymin": 59, "ymax": 277, "xmax": 417}}, {"tid": 1, "generated": 0, "bbox": {"xmin": 182, "ymin": 105, "ymax": 270, "xmax": 380}}], [{"tid": 0, "generated": 0, "bbox": {"xmin": 74, "ymin": 64, "ymax": 276, "xmax": 414}}, {"tid": 1, "generated": 0, "bbox": {"xmin": 181, "ymin": 106, "ymax": 271, "xmax": 379}}], [{"tid": 0, "generated": 0, "bbox": {"xmin": 70, "ymin": 59, "ymax": 280, "xmax": 413}}, {"tid": 1, "generated": 0, "bbox": {"xmin": 179, "ymin": 107, "ymax": 272, "xmax": 377}}], [{"tid": 0, "generated": 0, "bbox": {"xmin": 69, "ymin": 60, "ymax": 279, "xmax": 414}}, {"tid": 1, "generated": 0, "bbox": {"xmin": 178, "ymin": 107, "ymax": 272, "xmax": 376}}], [{"tid": 0, "generated": 0, "bbox": {"xmin": 70, "ymin": 67, "ymax": 280, "xmax": 412}}, {"tid": 1, "generated": 0, "bbox": {"xmin": 176, "ymin": 108, "ymax": 273, "xmax": 374}}], [{"tid": 0, "generated": 0, "bbox": {"xmin": 72, "ymin": 67, "ymax": 282, "xmax": 410}}, {"tid": 1, "generated": 0, "bbox": {"xmin": 175, "ymin": 109, "ymax": 274, "xmax": 373}}], [{"tid": 0, "generated": 0, "bbox": {"xmin": 71, "ymin": 65, "ymax": 280, "xmax": 411}}, {"tid": 1, "generated": 0, "bbox": {"xmin": 175, "ymin": 109, "ymax": 274, "xmax": 373}}], [{"tid": 0, "generated": 0, "bbox": {"xmin": 72, "ymin": 66, "ymax": 280, "xmax": 411}}, {"tid": 1, "generated": 0, "bbox": {"xmin": 175, "ymin": 110, "ymax": 275, "xmax": 373}}], [{"tid": 0, "generated": 0, "bbox": {"xmin": 70, "ymin": 66, "ymax": 282, "xmax": 412}}, {"tid": 1, "generated": 0, "bbox": {"xmin": 175, "ymin": 111, "ymax": 275, "xmax": 373}}], [{"tid": 0, "generated": 0, "bbox": {"xmin": 70, "ymin": 66, "ymax": 284, "xmax": 410}}, {"tid": 1, "generated": 0, "bbox": {"xmin": 176, "ymin": 112, "ymax": 276, "xmax": 374}}], [{"tid": 0, "generated": 0, "bbox": {"xmin": 67, "ymin": 69, "ymax": 286, "xmax": 410}}, {"tid": 1, "generated": 0, "bbox": {"xmin": 174, "ymin": 113, "ymax": 277, "xmax": 372}}], [{"tid": 0, "generated": 0, "bbox": {"xmin": 67, "ymin": 70, "ymax": 286, "xmax": 409}}, {"tid": 1, "generated": 0, "bbox": {"xmin": 173, "ymin": 114, "ymax": 278, "xmax": 371}}], [{"tid": 0, "generated": 0, "bbox": {"xmin": 64, "ymin": 72, "ymax": 287, "xmax": 405}}, {"tid": 1, "generated": 0, "bbox": {"xmin": 172, "ymin": 115, "ymax": 280, "xmax": 370}}], [{"tid": 0, "generated": 0, "bbox": {"xmin": 61, "ymin": 72, "ymax": 288, "xmax": 402}}, {"tid": 1, "generated": 0, "bbox": {"xmin": 171, "ymin": 116, "ymax": 281, "xmax": 369}}], [{"tid": 0, "generated": 0, "bbox": {"xmin": 61, "ymin": 76, "ymax": 291, "xmax": 402}}, {"tid": 1, "generated": 0, "bbox": {"xmin": 170, "ymin": 117, "ymax": 282, "xmax": 368}}], [{"tid": 0, "generated": 0, "bbox": {"xmin": 62, "ymin": 78, "ymax": 293, "xmax": 400}}, {"tid": 1, "generated": 0, "bbox": {"xmin": 169, "ymin": 119, "ymax": 284, "xmax": 367}}], [{"tid": 0, "generated": 0, "bbox": {"xmin": 58, "ymin": 76, "ymax": 296, "xmax": 401}}, {"tid": 1, "generated": 0, "bbox": {"xmin": 170, "ymin": 119, "ymax": 284, "xmax": 368}}], [{"tid": 0, "generated": 0, "bbox": {"xmin": 62, "ymin": 78, "ymax": 294, "xmax": 402}}, {"tid": 1, "generated": 0, "bbox": {"xmin": 171, "ymin": 120, "ymax": 285, "xmax": 369}}], [{"tid": 0, "generated": 0, "bbox": {"xmin": 62, "ymin": 77, "ymax": 293, "xmax": 402}}, {"tid": 1, "generated": 0, "bbox": {"xmin": 172, "ymin": 121, "ymax": 286, "xmax": 370}}], [{"tid": 0, "generated": 0, "bbox": {"xmin": 64, "ymin": 80, "ymax": 295, "xmax": 404}}, {"tid": 1, "generated": 0, "bbox": {"xmin": 174, "ymin": 122, "ymax": 287, "xmax": 372}}]], "subject/objects": [{"category": "antelope", "tid": 0}, {"category": "antelope", "tid": 1}], "relation_instances": [{"end_fid": 105, "subject_tid": 0, "predicate": "stand_behind", "begin_fid": 75, "object_tid": 1}, {"end_fid": 105, "subject_tid": 0, "predicate": "taller", "begin_fid": 75, "object_tid": 1}, {"end_fid": 105, "subject_tid": 0, "predicate": "larger", "begin_fid": 75, "object_tid": 1}, {"end_fid": 105, "subject_tid": 1, "predicate": "stand_front", "begin_fid": 75, "object_tid": 0}], "height": 360}