{"width": 1280, "frame_count": 41, "video_id": "ILSVRC2015_train_00259004", "fps": 25, "trajectories": [[{"tid": 0, "generated": 0, "bbox": {"xmin": 634, "ymin": 524, "ymax": 560, "xmax": 698}}, {"tid": 1, "generated": 0, "bbox": {"xmin": 609, "ymin": 464, "ymax": 501, "xmax": 680}}, {"tid": 2, "generated": 0, "bbox": {"xmin": 467, "ymin": 158, "ymax": 202, "xmax": 552}}, {"tid": 3, "generated": 0, "bbox": {"xmin": 510, "ymin": 211, "ymax": 261, "xmax": 583}}, {"tid": 4, "generated": 0, "bbox": {"xmin": 528, "ymin": 300, "ymax": 334, "xmax": 606}}, {"tid": 5, "generated": 0, "bbox": {"xmin": 576, "ymin": 384, "ymax": 423, "xmax": 643}}], [{"tid": 0, "generated": 0, "bbox": {"xmin": 638, "ymin": 528, "ymax": 565, "xmax": 702}}, {"tid": 1, "generated": 0, "bbox": {"xmin": 611, "ymin": 467, "ymax": 504, "xmax": 682}}, {"tid": 2, "generated": 0, "bbox": {"xmin": 467, "ymin": 160, "ymax": 204, "xmax": 552}}, {"tid": 3, "generated": 0, "bbox": {"xmin": 513, "ymin": 213, "ymax": 264, "xmax": 586}}, {"tid": 4, "generated": 0, "bbox": {"xmin": 529, "ymin": 304, "ymax": 339, "xmax": 609}}, {"tid": 5, "generated": 0, "bbox": {"xmin": 577, "ymin": 389, "ymax": 428, "xmax": 645}}], [{"tid": 0, "generated": 0, "bbox": {"xmin": 644, "ymin": 528, "ymax": 565, "xmax": 708}}, {"tid": 1, "generated": 0, "bbox": {"xmin": 617, "ymin": 467, "ymax": 504, "xmax": 686}}, {"tid": 2, "generated": 0, "bbox": {"xmin": 471, "ymin": 158, "ymax": 202, "xmax": 557}}, {"tid": 3, "generated": 0, "bbox": {"xmin": 519, "ymin": 211, "ymax": 262, "xmax": 592}}, {"tid": 4, "generated": 0, "bbox": {"xmin": 533, "ymin": 302, "ymax": 336, "xmax": 612}}, {"tid": 5, "generated": 0, "bbox": {"xmin": 582, "ymin": 389, "ymax": 428, "xmax": 649}}], [{"tid": 0, "generated": 0, "bbox": {"xmin": 650, "ymin": 528, "ymax": 566, "xmax": 714}}, {"tid": 1, "generated": 0, "bbox": {"xmin": 623, "ymin": 468, "ymax": 505, "xmax": 690}}, {"tid": 2, "generated": 0, "bbox": {"xmin": 476, "ymin": 157, "ymax": 201, "xmax": 562}}, {"tid": 3, "generated": 0, "bbox": {"xmin": 525, "ymin": 209, "ymax": 260, "xmax": 598}}, {"tid": 4, "generated": 0, "bbox": {"xmin": 537, "ymin": 300, "ymax": 334, "xmax": 616}}, {"tid": 5, "generated": 0, "bbox": {"xmin": 587, "ymin": 389, "ymax": 428, "xmax": 654}}], [{"tid": 0, "generated": 0, "bbox": {"xmin": 656, "ymin": 529, "ymax": 567, "xmax": 721}}, {"tid": 1, "generated": 0, "bbox": {"xmin": 629, "ymin": 469, "ymax": 506, "xmax": 695}}, {"tid": 2, "generated": 0, "bbox": {"xmin": 481, "ymin": 156, "ymax": 200, "xmax": 567}}, {"tid": 3, "generated": 0, "bbox": {"xmin": 531, "ymin": 208, "ymax": 259, "xmax": 604}}, {"tid": 4, "generated": 0, "bbox": {"xmin": 542, "ymin": 298, "ymax": 332, "xmax": 620}}, {"tid": 5, "generated": 0, "bbox": {"xmin": 592, "ymin": 389, "ymax": 428, "xmax": 659}}], [{"tid": 0, "generated": 0, "bbox": {"xmin": 660, "ymin": 522, "ymax": 559, "xmax": 724}}, {"tid": 1, "generated": 0, "bbox": {"xmin": 632, "ymin": 463, "ymax": 500, "xmax": 698}}, {"tid": 2, "generated": 0, "bbox": {"xmin": 486, "ymin": 154, "ymax": 199, "xmax": 570}}, {"tid": 3, "generated": 0, "bbox": {"xmin": 538, "ymin": 202, "ymax": 255, "xmax": 609}}, {"tid": 4, "generated": 0, "bbox": {"xmin": 546, "ymin": 291, "ymax": 327, "xmax": 620}}, {"tid": 5, "generated": 0, "bbox": {"xmin": 594, "ymin": 385, "ymax": 424, "xmax": 661}}], [{"tid": 0, "generated": 0, "bbox": {"xmin": 664, "ymin": 515, "ymax": 552, "xmax": 728}}, {"tid": 1, "generated": 0, "bbox": {"xmin": 636, "ymin": 458, "ymax": 495, "xmax": 701}}, {"tid": 2, "generated": 0, "bbox": {"xmin": 491, "ymin": 153, "ymax": 198, "xmax": 573}}, {"tid": 3, "generated": 0, "bbox": {"xmin": 545, "ymin": 197, "ymax": 251, "xmax": 614}}, {"tid": 4, "generated": 0, "bbox": {"xmin": 550, "ymin": 284, "ymax": 322, "xmax": 621}}, {"tid": 5, "generated": 0, "bbox": {"xmin": 597, "ymin": 381, "ymax": 420, "xmax": 663}}], [{"tid": 0, "generated": 0, "bbox": {"xmin": 668, "ymin": 508, "ymax": 545, "xmax": 732}}, {"tid": 1, "generated": 0, "bbox": {"xmin": 640, "ymin": 453, "ymax": 490, "xmax": 705}}, {"tid": 2, "generated": 0, "bbox": {"xmin": 496, "ymin": 152, "ymax": 197, "xmax": 577}}, {"tid": 3, "generated": 0, "bbox": {"xmin": 552, "ymin": 192, "ymax": 247, "xmax": 620}}, {"tid": 4, "generated": 0, "bbox": {"xmin": 554, "ymin": 277, "ymax": 318, "xmax": 622}}, {"tid": 5, "generated": 0, "bbox": {"xmin": 600, "ymin": 378, "ymax": 417, "xmax": 666}}], [{"tid": 0, "generated": 0, "bbox": {"xmin": 665, "ymin": 497, "ymax": 534, "xmax": 729}}, {"tid": 1, "generated": 0, "bbox": {"xmin": 638, "ymin": 444, "ymax": 480, "xmax": 702}}, {"tid": 2, "generated": 0, "bbox": {"xmin": 500, "ymin": 152, "ymax": 197, "xmax": 577}}, {"tid": 3, "generated": 0, "bbox": {"xmin": 555, "ymin": 191, "ymax": 244, "xmax": 621}}, {"tid": 4, "generated": 0, "bbox": {"xmin": 556, "ymin": 273, "ymax": 314, "xmax": 623}}, {"tid": 5, "generated": 0, "bbox": {"xmin": 600, "ymin": 371, "ymax": 410, "xmax": 663}}], [{"tid": 0, "generated": 0, "bbox": {"xmin": 662, "ymin": 486, "ymax": 523, "xmax": 727}}, {"tid": 1, "generated": 0, "bbox": {"xmin": 636, "ymin": 435, "ymax": 471, "xmax": 700}}, {"tid": 2, "generated": 0, "bbox": {"xmin": 505, "ymin": 152, "ymax": 197, "xmax": 577}}, {"tid": 3, "generated": 0, "bbox": {"xmin": 559, "ymin": 190, "ymax": 241, "xmax": 623}}, {"tid": 4, "generated": 0, "bbox": {"xmin": 558, "ymin": 269, "ymax": 310, "xmax": 624}}, {"tid": 5, "generated": 0, "bbox": {"xmin": 601, "ymin": 364, "ymax": 403, "xmax": 661}}], [{"tid": 0, "generated": 0, "bbox": {"xmin": 659, "ymin": 476, "ymax": 513, "xmax": 725}}, {"tid": 1, "generated": 0, "bbox": {"xmin": 634, "ymin": 426, "ymax": 462, "xmax": 698}}, {"tid": 2, "generated": 0, "bbox": {"xmin": 510, "ymin": 152, "ymax": 197, "xmax": 577}}, {"tid": 3, "generated": 0, "bbox": {"xmin": 563, "ymin": 190, "ymax": 238, "xmax": 625}}, {"tid": 4, "generated": 0, "bbox": {"xmin": 560, "ymin": 266, "ymax": 307, "xmax": 625}}, {"tid": 5, "generated": 0, "bbox": {"xmin": 602, "ymin": 357, "ymax": 396, "xmax": 659}}], [{"tid": 0, "generated": 0, "bbox": {"xmin": 660, "ymin": 472, "ymax": 506, "xmax": 721}}, {"tid": 1, "generated": 0, "bbox": {"xmin": 634, "ymin": 423, "ymax": 459, "xmax": 692}}, {"tid": 2, "generated": 0, "bbox": {"xmin": 513, "ymin": 159, "ymax": 204, "xmax": 580}}, {"tid": 3, "generated": 0, "bbox": {"xmin": 564, "ymin": 196, "ymax": 242, "xmax": 626}}, {"tid": 4, "generated": 0, "bbox": {"xmin": 561, "ymin": 268, "ymax": 307, "xmax": 624}}, {"tid": 5, "generated": 0, "bbox": {"xmin": 602, "ymin": 357, "ymax": 394, "xmax": 659}}], [{"tid": 0, "generated": 0, "bbox": {"xmin": 662, "ymin": 468, "ymax": 499, "xmax": 717}}, {"tid": 1, "generated": 0, "bbox": {"xmin": 634, "ymin": 421, "ymax": 457, "xmax": 687}}, {"tid": 2, "generated": 0, "bbox": {"xmin": 516, "ymin": 166, "ymax": 211, "xmax": 583}}, {"tid": 3, "generated": 0, "bbox": {"xmin": 566, "ymin": 202, "ymax": 246, "xmax": 627}}, {"tid": 4, "generated": 0, "bbox": {"xmin": 562, "ymin": 270, "ymax": 307, "xmax": 623}}, {"tid": 5, "generated": 0, "bbox": {"xmin": 602, "ymin": 357, "ymax": 392, "xmax": 659}}], [{"tid": 0, "generated": 0, "bbox": {"xmin": 664, "ymin": 464, "ymax": 492, "xmax": 714}}, {"tid": 1, "generated": 0, "bbox": {"xmin": 634, "ymin": 419, "ymax": 455, "xmax": 682}}, {"tid": 2, "generated": 0, "bbox": {"xmin": 520, "ymin": 174, "ymax": 218, "xmax": 586}}, {"tid": 3, "generated": 0, "bbox": {"xmin": 568, "ymin": 208, "ymax": 250, "xmax": 629}}, {"tid": 4, "generated": 0, "bbox": {"xmin": 563, "ymin": 273, "ymax": 307, "xmax": 622}}, {"tid": 5, "generated": 0, "bbox": {"xmin": 602, "ymin": 357, "ymax": 391, "xmax": 659}}], [{"tid": 0, "generated": 0, "bbox": {"xmin": 662, "ymin": 459, "ymax": 487, "xmax": 713}}, {"tid": 1, "generated": 0, "bbox": {"xmin": 632, "ymin": 416, "ymax": 452, "xmax": 679}}, {"tid": 2, "generated": 0, "bbox": {"xmin": 522, "ymin": 181, "ymax": 223, "xmax": 585}}, {"tid": 3, "generated": 0, "bbox": {"xmin": 573, "ymin": 213, "ymax": 255, "xmax": 630}}, {"tid": 4, "generated": 0, "bbox": {"xmin": 566, "ymin": 276, "ymax": 309, "xmax": 620}}, {"tid": 5, "generated": 0, "bbox": {"xmin": 602, "ymin": 358, "ymax": 392, "xmax": 659}}], [{"tid": 0, "generated": 0, "bbox": {"xmin": 660, "ymin": 454, "ymax": 482, "xmax": 712}}, {"tid": 1, "generated": 0, "bbox": {"xmin": 630, "ymin": 414, "ymax": 449, "xmax": 676}}, {"tid": 2, "generated": 0, "bbox": {"xmin": 524, "ymin": 188, "ymax": 228, "xmax": 584}}, {"tid": 3, "generated": 0, "bbox": {"xmin": 578, "ymin": 218, "ymax": 260, "xmax": 632}}, {"tid": 4, "generated": 0, "bbox": {"xmin": 570, "ymin": 279, "ymax": 311, "xmax": 619}}, {"tid": 5, "generated": 0, "bbox": {"xmin": 602, "ymin": 360, "ymax": 393, "xmax": 659}}], [{"tid": 0, "generated": 0, "bbox": {"xmin": 659, "ymin": 449, "ymax": 478, "xmax": 711}}, {"tid": 1, "generated": 0, "bbox": {"xmin": 629, "ymin": 412, "ymax": 446, "xmax": 673}}, {"tid": 2, "generated": 0, "bbox": {"xmin": 526, "ymin": 195, "ymax": 234, "xmax": 583}}, {"tid": 3, "generated": 0, "bbox": {"xmin": 584, "ymin": 224, "ymax": 266, "xmax": 634}}, {"tid": 4, "generated": 0, "bbox": {"xmin": 574, "ymin": 282, "ymax": 314, "xmax": 618}}, {"tid": 5, "generated": 0, "bbox": {"xmin": 602, "ymin": 362, "ymax": 394, "xmax": 659}}], [{"tid": 0, "generated": 0, "bbox": {"xmin": 663, "ymin": 446, "ymax": 475, "xmax": 711}}, {"tid": 1, "generated": 0, "bbox": {"xmin": 633, "ymin": 410, "ymax": 444, "xmax": 675}}, {"tid": 2, "generated": 0, "bbox": {"xmin": 533, "ymin": 201, "ymax": 237, "xmax": 588}}, {"tid": 3, "generated": 0, "bbox": {"xmin": 590, "ymin": 227, "ymax": 267, "xmax": 639}}, {"tid": 4, "generated": 0, "bbox": {"xmin": 579, "ymin": 284, "ymax": 316, "xmax": 623}}, {"tid": 5, "generated": 0, "bbox": {"xmin": 608, "ymin": 362, "ymax": 394, "xmax": 659}}], [{"tid": 0, "generated": 0, "bbox": {"xmin": 667, "ymin": 443, "ymax": 472, "xmax": 711}}, {"tid": 1, "generated": 0, "bbox": {"xmin": 637, "ymin": 409, "ymax": 443, "xmax": 677}}, {"tid": 2, "generated": 0, "bbox": {"xmin": 540, "ymin": 207, "ymax": 241, "xmax": 594}}, {"tid": 3, "generated": 0, "bbox": {"xmin": 597, "ymin": 230, "ymax": 268, "xmax": 644}}, {"tid": 4, "generated": 0, "bbox": {"xmin": 584, "ymin": 286, "ymax": 318, "xmax": 628}}, {"tid": 5, "generated": 0, "bbox": {"xmin": 614, "ymin": 362, "ymax": 394, "xmax": 659}}], [{"tid": 0, "generated": 0, "bbox": {"xmin": 672, "ymin": 440, "ymax": 469, "xmax": 711}}, {"tid": 1, "generated": 0, "bbox": {"xmin": 641, "ymin": 408, "ymax": 442, "xmax": 680}}, {"tid": 2, "generated": 0, "bbox": {"xmin": 547, "ymin": 213, "ymax": 245, "xmax": 600}}, {"tid": 3, "generated": 0, "bbox": {"xmin": 604, "ymin": 234, "ymax": 270, "xmax": 650}}, {"tid": 4, "generated": 0, "bbox": {"xmin": 590, "ymin": 288, "ymax": 321, "xmax": 634}}, {"tid": 5, "generated": 0, "bbox": {"xmin": 620, "ymin": 362, "ymax": 394, "xmax": 659}}], [{"tid": 0, "generated": 0, "bbox": {"xmin": 672, "ymin": 438, "ymax": 467, "xmax": 711}}, {"tid": 1, "generated": 0, "bbox": {"xmin": 640, "ymin": 404, "ymax": 439, "xmax": 679}}, {"tid": 2, "generated": 0, "bbox": {"xmin": 548, "ymin": 216, "ymax": 248, "xmax": 601}}, {"tid": 3, "generated": 0, "bbox": {"xmin": 605, "ymin": 237, "ymax": 273, "xmax": 652}}, {"tid": 4, "generated": 0, "bbox": {"xmin": 590, "ymin": 289, "ymax": 323, "xmax": 634}}, {"tid": 5, "generated": 0, "bbox": {"xmin": 620, "ymin": 362, "ymax": 394, "xmax": 659}}], [{"tid": 0, "generated": 0, "bbox": {"xmin": 672, "ymin": 436, "ymax": 466, "xmax": 711}}, {"tid": 1, "generated": 0, "bbox": {"xmin": 639, "ymin": 401, "ymax": 436, "xmax": 678}}, {"tid": 2, "generated": 0, "bbox": {"xmin": 550, "ymin": 220, "ymax": 251, "xmax": 602}}, {"tid": 3, "generated": 0, "bbox": {"xmin": 607, "ymin": 240, "ymax": 276, "xmax": 654}}, {"tid": 4, "generated": 0, "bbox": {"xmin": 591, "ymin": 291, "ymax": 325, "xmax": 635}}, {"tid": 5, "generated": 0, "bbox": {"xmin": 621, "ymin": 362, "ymax": 394, "xmax": 660}}], [{"tid": 0, "generated": 0, "bbox": {"xmin": 672, "ymin": 435, "ymax": 465, "xmax": 711}}, {"tid": 1, "generated": 0, "bbox": {"xmin": 638, "ymin": 398, "ymax": 433, "xmax": 677}}, {"tid": 2, "generated": 0, "bbox": {"xmin": 552, "ymin": 224, "ymax": 254, "xmax": 604}}, {"tid": 3, "generated": 0, "bbox": {"xmin": 609, "ymin": 243, "ymax": 280, "xmax": 657}}, {"tid": 4, "generated": 0, "bbox": {"xmin": 592, "ymin": 293, "ymax": 327, "xmax": 636}}, {"tid": 5, "generated": 0, "bbox": {"xmin": 622, "ymin": 362, "ymax": 394, "xmax": 661}}], [{"tid": 0, "generated": 0, "bbox": {"xmin": 672, "ymin": 432, "ymax": 462, "xmax": 711}}, {"tid": 1, "generated": 0, "bbox": {"xmin": 636, "ymin": 398, "ymax": 433, "xmax": 675}}, {"tid": 2, "generated": 0, "bbox": {"xmin": 551, "ymin": 221, "ymax": 252, "xmax": 601}}, {"tid": 3, "generated": 0, "bbox": {"xmin": 609, "ymin": 240, "ymax": 276, "xmax": 657}}, {"tid": 4, "generated": 0, "bbox": {"xmin": 591, "ymin": 291, "ymax": 325, "xmax": 635}}, {"tid": 5, "generated": 0, "bbox": {"xmin": 622, "ymin": 359, "ymax": 392, "xmax": 661}}], [{"tid": 0, "generated": 0, "bbox": {"xmin": 672, "ymin": 430, "ymax": 459, "xmax": 711}}, {"tid": 1, "generated": 0, "bbox": {"xmin": 635, "ymin": 399, "ymax": 434, "xmax": 674}}, {"tid": 2, "generated": 0, "bbox": {"xmin": 550, "ymin": 218, "ymax": 251, "xmax": 599}}, {"tid": 3, "generated": 0, "bbox": {"xmin": 610, "ymin": 237, "ymax": 273, "xmax": 658}}, {"tid": 4, "generated": 0, "bbox": {"xmin": 590, "ymin": 289, "ymax": 323, "xmax": 634}}, {"tid": 5, "generated": 0, "bbox": {"xmin": 622, "ymin": 357, "ymax": 390, "xmax": 661}}], [{"tid": 0, "generated": 0, "bbox": {"xmin": 673, "ymin": 428, "ymax": 456, "xmax": 712}}, {"tid": 1, "generated": 0, "bbox": {"xmin": 634, "ymin": 400, "ymax": 435, "xmax": 673}}, {"tid": 2, "generated": 0, "bbox": {"xmin": 549, "ymin": 216, "ymax": 250, "xmax": 597}}, {"tid": 3, "generated": 0, "bbox": {"xmin": 611, "ymin": 234, "ymax": 270, "xmax": 659}}, {"tid": 4, "generated": 0, "bbox": {"xmin": 590, "ymin": 288, "ymax": 321, "xmax": 634}}, {"tid": 5, "generated": 0, "bbox": {"xmin": 622, "ymin": 355, "ymax": 389, "xmax": 661}}], [{"tid": 0, "generated": 0, "bbox": {"xmin": 672, "ymin": 426, "ymax": 455, "xmax": 711}}, {"tid": 1, "generated": 0, "bbox": {"xmin": 633, "ymin": 398, "ymax": 432, "xmax": 670}}, {"tid": 2, "generated": 0, "bbox": {"xmin": 546, "ymin": 213, "ymax": 247, "xmax": 594}}, {"tid": 3, "generated": 0, "bbox": {"xmin": 611, "ymin": 231, "ymax": 267, "xmax": 659}}, {"tid": 4, "generated": 0, "bbox": {"xmin": 588, "ymin": 283, "ymax": 317, "xmax": 632}}, {"tid": 5, "generated": 0, "bbox": {"xmin": 620, "ymin": 353, "ymax": 386, "xmax": 659}}], [{"tid": 0, "generated": 0, "bbox": {"xmin": 672, "ymin": 425, "ymax": 454, "xmax": 711}}, {"tid": 1, "generated": 0, "bbox": {"xmin": 632, "ymin": 396, "ymax": 430, "xmax": 668}}, {"tid": 2, "generated": 0, "bbox": {"xmin": 544, "ymin": 210, "ymax": 245, "xmax": 591}}, {"tid": 3, "generated": 0, "bbox": {"xmin": 612, "ymin": 228, "ymax": 265, "xmax": 660}}, {"tid": 4, "generated": 0, "bbox": {"xmin": 586, "ymin": 279, "ymax": 313, "xmax": 630}}, {"tid": 5, "generated": 0, "bbox": {"xmin": 619, "ymin": 351, "ymax": 384, "xmax": 658}}], [{"tid": 0, "generated": 0, "bbox": {"xmin": 672, "ymin": 424, "ymax": 453, "xmax": 711}}, {"tid": 1, "generated": 0, "bbox": {"xmin": 632, "ymin": 394, "ymax": 428, "xmax": 666}}, {"tid": 2, "generated": 0, "bbox": {"xmin": 542, "ymin": 208, "ymax": 243, "xmax": 588}}, {"tid": 3, "generated": 0, "bbox": {"xmin": 613, "ymin": 225, "ymax": 263, "xmax": 661}}, {"tid": 4, "generated": 0, "bbox": {"xmin": 584, "ymin": 275, "ymax": 309, "xmax": 629}}, {"tid": 5, "generated": 0, "bbox": {"xmin": 618, "ymin": 350, "ymax": 382, "xmax": 657}}], [{"tid": 0, "generated": 0, "bbox": {"xmin": 672, "ymin": 422, "ymax": 451, "xmax": 711}}, {"tid": 1, "generated": 0, "bbox": {"xmin": 628, "ymin": 392, "ymax": 426, "xmax": 663}}, {"tid": 2, "generated": 0, "bbox": {"xmin": 541, "ymin": 205, "ymax": 240, "xmax": 587}}, {"tid": 3, "generated": 0, "bbox": {"xmin": 614, "ymin": 224, "ymax": 261, "xmax": 662}}, {"tid": 4, "generated": 0, "bbox": {"xmin": 583, "ymin": 275, "ymax": 309, "xmax": 628}}, {"tid": 5, "generated": 0, "bbox": {"xmin": 618, "ymin": 349, "ymax": 381, "xmax": 657}}]], "subject/objects": [{"category": "airplane", "tid": 0}, {"category": "airplane", "tid": 1}, {"category": "airplane", "tid": 2}, {"category": "airplane", "tid": 3}, {"category": "airplane", "tid": 4}, {"category": "airplane", "tid": 5}], "relation_instances": [{"end_fid": 30, "subject_tid": 0, "predicate": "fly_next_to", "begin_fid": 0, "object_tid": 1}, {"end_fid": 30, "subject_tid": 0, "predicate": "fly_with", "begin_fid": 0, "object_tid": 1}, {"end_fid": 30, "subject_tid": 1, "predicate": "fly_next_to", "begin_fid": 0, "object_tid": 0}, {"end_fid": 30, "subject_tid": 1, "predicate": "fly_with", "begin_fid": 0, "object_tid": 0}, {"end_fid": 30, "subject_tid": 0, "predicate": "fly_with", "begin_fid": 0, "object_tid": 2}, {"end_fid": 30, "subject_tid": 2, "predicate": "fly_with", "begin_fid": 0, "object_tid": 0}, {"end_fid": 30, "subject_tid": 0, "predicate": "fly_with", "begin_fid": 0, "object_tid": 3}, {"end_fid": 30, "subject_tid": 3, "predicate": "fly_with", "begin_fid": 0, "object_tid": 0}, {"end_fid": 30, "subject_tid": 0, "predicate": "fly_with", "begin_fid": 0, "object_tid": 4}, {"end_fid": 30, "subject_tid": 4, "predicate": "fly_with", "begin_fid": 0, "object_tid": 0}, {"end_fid": 30, "subject_tid": 0, "predicate": "fly_with", "begin_fid": 0, "object_tid": 5}, {"end_fid": 30, "subject_tid": 5, "predicate": "fly_with", "begin_fid": 0, "object_tid": 0}, {"end_fid": 30, "subject_tid": 1, "predicate": "fly_with", "begin_fid": 0, "object_tid": 2}, {"end_fid": 30, "subject_tid": 2, "predicate": "fly_with", "begin_fid": 0, "object_tid": 1}, {"end_fid": 30, "subject_tid": 1, "predicate": "fly_with", "begin_fid": 0, "object_tid": 3}, {"end_fid": 30, "subject_tid": 3, "predicate": "fly_with", "begin_fid": 0, "object_tid": 1}, {"end_fid": 30, "subject_tid": 1, "predicate": "fly_with", "begin_fid": 0, "object_tid": 4}, {"end_fid": 30, "subject_tid": 4, "predicate": "fly_with", "begin_fid": 0, "object_tid": 1}, {"end_fid": 30, "subject_tid": 1, "predicate": "fly_next_to", "begin_fid": 0, "object_tid": 5}, {"end_fid": 30, "subject_tid": 1, "predicate": "fly_with", "begin_fid": 0, "object_tid": 5}, {"end_fid": 30, "subject_tid": 5, "predicate": "fly_next_to", "begin_fid": 0, "object_tid": 1}, {"end_fid": 30, "subject_tid": 5, "predicate": "fly_with", "begin_fid": 0, "object_tid": 1}, {"end_fid": 30, "subject_tid": 2, "predicate": "fly_next_to", "begin_fid": 0, "object_tid": 3}, {"end_fid": 30, "subject_tid": 2, "predicate": "fly_with", "begin_fid": 0, "object_tid": 3}, {"end_fid": 30, "subject_tid": 3, "predicate": "fly_next_to", "begin_fid": 0, "object_tid": 2}, {"end_fid": 30, "subject_tid": 3, "predicate": "fly_with", "begin_fid": 0, "object_tid": 2}, {"end_fid": 30, "subject_tid": 2, "predicate": "fly_with", "begin_fid": 0, "object_tid": 4}, {"end_fid": 30, "subject_tid": 4, "predicate": "fly_with", "begin_fid": 0, "object_tid": 2}, {"end_fid": 30, "subject_tid": 2, "predicate": "fly_with", "begin_fid": 0, "object_tid": 5}, {"end_fid": 30, "subject_tid": 5, "predicate": "fly_with", "begin_fid": 0, "object_tid": 2}, {"end_fid": 30, "subject_tid": 3, "predicate": "fly_next_to", "begin_fid": 0, "object_tid": 4}, {"end_fid": 30, "subject_tid": 3, "predicate": "fly_with", "begin_fid": 0, "object_tid": 4}, {"end_fid": 30, "subject_tid": 4, "predicate": "fly_next_to", "begin_fid": 0, "object_tid": 3}, {"end_fid": 30, "subject_tid": 4, "predicate": "fly_with", "begin_fid": 0, "object_tid": 3}, {"end_fid": 30, "subject_tid": 3, "predicate": "fly_with", "begin_fid": 0, "object_tid": 5}, {"end_fid": 30, "subject_tid": 5, "predicate": "fly_with", "begin_fid": 0, "object_tid": 3}, {"end_fid": 30, "subject_tid": 4, "predicate": "fly_next_to", "begin_fid": 0, "object_tid": 5}, {"end_fid": 30, "subject_tid": 4, "predicate": "fly_with", "begin_fid": 0, "object_tid": 5}, {"end_fid": 30, "subject_tid": 5, "predicate": "fly_next_to", "begin_fid": 0, "object_tid": 4}, {"end_fid": 30, "subject_tid": 5, "predicate": "fly_with", "begin_fid": 0, "object_tid": 4}], "height": 720}