{"width": 452, "frame_count": 91, "video_id": "ILSVRC2015_train_00647000", "fps": 25, "trajectories": [[{"tid": 0, "generated": 0, "bbox": {"xmin": 128, "ymin": 219, "ymax": 244, "xmax": 141}}, {"tid": 1, "generated": 0, "bbox": {"xmin": 218, "ymin": 34, "ymax": 245, "xmax": 305}}, {"tid": 2, "generated": 0, "bbox": {"xmin": 296, "ymin": 44, "ymax": 235, "xmax": 386}}], [{"tid": 0, "generated": 0, "bbox": {"xmin": 124, "ymin": 219, "ymax": 246, "xmax": 138}}, {"tid": 1, "generated": 0, "bbox": {"xmin": 218, "ymin": 34, "ymax": 245, "xmax": 305}}, {"tid": 2, "generated": 0, "bbox": {"xmin": 296, "ymin": 44, "ymax": 235, "xmax": 386}}], [{"tid": 0, "generated": 0, "bbox": {"xmin": 121, "ymin": 219, "ymax": 246, "xmax": 136}}, {"tid": 1, "generated": 0, "bbox": {"xmin": 218, "ymin": 34, "ymax": 245, "xmax": 305}}, {"tid": 2, "generated": 0, "bbox": {"xmin": 296, "ymin": 44, "ymax": 235, "xmax": 386}}], [{"tid": 0, "generated": 0, "bbox": {"xmin": 118, "ymin": 219, "ymax": 246, "xmax": 136}}, {"tid": 1, "generated": 0, "bbox": {"xmin": 218, "ymin": 34, "ymax": 245, "xmax": 305}}, {"tid": 2, "generated": 0, "bbox": {"xmin": 296, "ymin": 44, "ymax": 235, "xmax": 386}}], [{"tid": 0, "generated": 0, "bbox": {"xmin": 114, "ymin": 219, "ymax": 246, "xmax": 133}}, {"tid": 1, "generated": 0, "bbox": {"xmin": 218, "ymin": 34, "ymax": 245, "xmax": 305}}, {"tid": 2, "generated": 0, "bbox": {"xmin": 296, "ymin": 44, "ymax": 235, "xmax": 386}}], [{"tid": 0, "generated": 0, "bbox": {"xmin": 111, "ymin": 222, "ymax": 249, "xmax": 128}}, {"tid": 1, "generated": 0, "bbox": {"xmin": 218, "ymin": 34, "ymax": 245, "xmax": 305}}, {"tid": 2, "generated": 0, "bbox": {"xmin": 296, "ymin": 44, "ymax": 235, "xmax": 386}}], [{"tid": 0, "generated": 0, "bbox": {"xmin": 106, "ymin": 222, "ymax": 249, "xmax": 126}}, {"tid": 1, "generated": 0, "bbox": {"xmin": 217, "ymin": 32, "ymax": 243, "xmax": 306}}, {"tid": 2, "generated": 0, "bbox": {"xmin": 293, "ymin": 44, "ymax": 235, "xmax": 383}}], [{"tid": 0, "generated": 0, "bbox": {"xmin": 104, "ymin": 219, "ymax": 249, "xmax": 119}}, {"tid": 1, "generated": 0, "bbox": {"xmin": 216, "ymin": 30, "ymax": 241, "xmax": 307}}, {"tid": 2, "generated": 0, "bbox": {"xmin": 290, "ymin": 44, "ymax": 235, "xmax": 380}}], [{"tid": 0, "generated": 0, "bbox": {"xmin": 101, "ymin": 220, "ymax": 249, "xmax": 119}}, {"tid": 1, "generated": 0, "bbox": {"xmin": 216, "ymin": 28, "ymax": 239, "xmax": 308}}, {"tid": 2, "generated": 0, "bbox": {"xmin": 288, "ymin": 44, "ymax": 235, "xmax": 378}}], [{"tid": 0, "generated": 0, "bbox": {"xmin": 99, "ymin": 222, "ymax": 249, "xmax": 119}}, {"tid": 1, "generated": 0, "bbox": {"xmin": 215, "ymin": 26, "ymax": 237, "xmax": 309}}, {"tid": 2, "generated": 0, "bbox": {"xmin": 285, "ymin": 44, "ymax": 235, "xmax": 375}}], [{"tid": 0, "generated": 0, "bbox": {"xmin": 96, "ymin": 224, "ymax": 251, "xmax": 118}}, {"tid": 1, "generated": 0, "bbox": {"xmin": 214, "ymin": 24, "ymax": 235, "xmax": 310}}, {"tid": 2, "generated": 0, "bbox": {"xmin": 282, "ymin": 44, "ymax": 235, "xmax": 372}}], [{"tid": 0, "generated": 0, "bbox": {"xmin": 92, "ymin": 224, "ymax": 249, "xmax": 113}}, {"tid": 1, "generated": 0, "bbox": {"xmin": 212, "ymin": 24, "ymax": 235, "xmax": 308}}, {"tid": 2, "generated": 0, "bbox": {"xmin": 282, "ymin": 44, "ymax": 235, "xmax": 372}}], [{"tid": 0, "generated": 0, "bbox": {"xmin": 89, "ymin": 226, "ymax": 251, "xmax": 109}}, {"tid": 1, "generated": 0, "bbox": {"xmin": 210, "ymin": 24, "ymax": 235, "xmax": 306}}, {"tid": 2, "generated": 0, "bbox": {"xmin": 283, "ymin": 44, "ymax": 235, "xmax": 373}}], [{"tid": 0, "generated": 0, "bbox": {"xmin": 87, "ymin": 227, "ymax": 254, "xmax": 101}}, {"tid": 1, "generated": 0, "bbox": {"xmin": 209, "ymin": 24, "ymax": 235, "xmax": 305}}, {"tid": 2, "generated": 0, "bbox": {"xmin": 283, "ymin": 43, "ymax": 234, "xmax": 373}}], [{"tid": 0, "generated": 0, "bbox": {"xmin": 85, "ymin": 226, "ymax": 254, "xmax": 99}}, {"tid": 1, "generated": 0, "bbox": {"xmin": 207, "ymin": 24, "ymax": 235, "xmax": 303}}, {"tid": 2, "generated": 0, "bbox": {"xmin": 284, "ymin": 43, "ymax": 234, "xmax": 374}}], [{"tid": 0, "generated": 0, "bbox": {"xmin": 83, "ymin": 225, "ymax": 254, "xmax": 98}}, {"tid": 1, "generated": 0, "bbox": {"xmin": 205, "ymin": 24, "ymax": 235, "xmax": 301}}, {"tid": 2, "generated": 0, "bbox": {"xmin": 284, "ymin": 43, "ymax": 234, "xmax": 374}}], [{"tid": 0, "generated": 0, "bbox": {"xmin": 82, "ymin": 224, "ymax": 254, "xmax": 97}}, {"tid": 1, "generated": 0, "bbox": {"xmin": 204, "ymin": 25, "ymax": 236, "xmax": 300}}, {"tid": 2, "generated": 0, "bbox": {"xmin": 286, "ymin": 43, "ymax": 234, "xmax": 376}}], [{"tid": 0, "generated": 0, "bbox": {"xmin": 80, "ymin": 224, "ymax": 254, "xmax": 96}}, {"tid": 1, "generated": 0, "bbox": {"xmin": 203, "ymin": 26, "ymax": 237, "xmax": 299}}, {"tid": 2, "generated": 0, "bbox": {"xmin": 287, "ymin": 42, "ymax": 233, "xmax": 377}}], [{"tid": 0, "generated": 0, "bbox": {"xmin": 79, "ymin": 226, "ymax": 256, "xmax": 94}}, {"tid": 1, "generated": 0, "bbox": {"xmin": 201, "ymin": 27, "ymax": 238, "xmax": 297}}, {"tid": 2, "generated": 0, "bbox": {"xmin": 289, "ymin": 42, "ymax": 233, "xmax": 379}}], [{"tid": 0, "generated": 0, "bbox": {"xmin": 76, "ymin": 227, "ymax": 256, "xmax": 91}}, {"tid": 1, "generated": 0, "bbox": {"xmin": 200, "ymin": 28, "ymax": 239, "xmax": 296}}, {"tid": 2, "generated": 0, "bbox": {"xmin": 290, "ymin": 41, "ymax": 232, "xmax": 380}}], [{"tid": 0, "generated": 0, "bbox": {"xmin": 74, "ymin": 229, "ymax": 256, "xmax": 89}}, {"tid": 1, "generated": 0, "bbox": {"xmin": 199, "ymin": 29, "ymax": 240, "xmax": 295}}, {"tid": 2, "generated": 0, "bbox": {"xmin": 292, "ymin": 41, "ymax": 232, "xmax": 382}}], [{"tid": 0, "generated": 0, "bbox": {"xmin": 73, "ymin": 229, "ymax": 257, "xmax": 88}}, {"tid": 1, "generated": 0, "bbox": {"xmin": 198, "ymin": 26, "ymax": 241, "xmax": 294}}, {"tid": 2, "generated": 0, "bbox": {"xmin": 292, "ymin": 41, "ymax": 232, "xmax": 382}}], [{"tid": 0, "generated": 0, "bbox": {"xmin": 72, "ymin": 229, "ymax": 258, "xmax": 87}}, {"tid": 1, "generated": 0, "bbox": {"xmin": 198, "ymin": 23, "ymax": 242, "xmax": 294}}, {"tid": 2, "generated": 0, "bbox": {"xmin": 292, "ymin": 41, "ymax": 232, "xmax": 382}}], [{"tid": 0, "generated": 0, "bbox": {"xmin": 70, "ymin": 230, "ymax": 258, "xmax": 85}}, {"tid": 1, "generated": 0, "bbox": {"xmin": 197, "ymin": 19, "ymax": 242, "xmax": 293}}, {"tid": 2, "generated": 0, "bbox": {"xmin": 292, "ymin": 41, "ymax": 232, "xmax": 382}}], [{"tid": 0, "generated": 0, "bbox": {"xmin": 69, "ymin": 231, "ymax": 259, "xmax": 84}}, {"tid": 1, "generated": 0, "bbox": {"xmin": 197, "ymin": 16, "ymax": 243, "xmax": 293}}, {"tid": 2, "generated": 0, "bbox": {"xmin": 292, "ymin": 41, "ymax": 232, "xmax": 382}}], [{"tid": 0, "generated": 0, "bbox": {"xmin": 67, "ymin": 231, "ymax": 260, "xmax": 81}}, {"tid": 1, "generated": 0, "bbox": {"xmin": 196, "ymin": 13, "ymax": 244, "xmax": 292}}, {"tid": 2, "generated": 0, "bbox": {"xmin": 292, "ymin": 41, "ymax": 232, "xmax": 382}}], [{"tid": 0, "generated": 0, "bbox": {"xmin": 65, "ymin": 232, "ymax": 261, "xmax": 79}}, {"tid": 1, "generated": 0, "bbox": {"xmin": 194, "ymin": 14, "ymax": 245, "xmax": 290}}, {"tid": 2, "generated": 0, "bbox": {"xmin": 292, "ymin": 41, "ymax": 232, "xmax": 382}}], [{"tid": 0, "generated": 0, "bbox": {"xmin": 64, "ymin": 230, "ymax": 261, "xmax": 79}}, {"tid": 1, "generated": 0, "bbox": {"xmin": 192, "ymin": 15, "ymax": 246, "xmax": 288}}, {"tid": 2, "generated": 0, "bbox": {"xmin": 292, "ymin": 41, "ymax": 232, "xmax": 382}}], [{"tid": 0, "generated": 0, "bbox": {"xmin": 64, "ymin": 229, "ymax": 261, "xmax": 79}}, {"tid": 1, "generated": 0, "bbox": {"xmin": 191, "ymin": 17, "ymax": 248, "xmax": 287}}, {"tid": 2, "generated": 0, "bbox": {"xmin": 292, "ymin": 41, "ymax": 232, "xmax": 382}}], [{"tid": 0, "generated": 0, "bbox": {"xmin": 63, "ymin": 230, "ymax": 261, "xmax": 78}}, {"tid": 1, "generated": 0, "bbox": {"xmin": 189, "ymin": 18, "ymax": 249, "xmax": 285}}, {"tid": 2, "generated": 0, "bbox": {"xmin": 292, "ymin": 41, "ymax": 232, "xmax": 382}}], [], [], [], [], [], [], [], [], [], [], [], [], [], [], [], [{"tid": 0, "generated": 0, "bbox": {"xmin": 72, "ymin": 217, "ymax": 246, "xmax": 84}}, {"tid": 1, "generated": 0, "bbox": {"xmin": 179, "ymin": 3, "ymax": 254, "xmax": 279}}, {"tid": 2, "generated": 0, "bbox": {"xmin": 303, "ymin": 28, "ymax": 229, "xmax": 393}}], [{"tid": 0, "generated": 0, "bbox": {"xmin": 72, "ymin": 214, "ymax": 246, "xmax": 86}}, {"tid": 1, "generated": 0, "bbox": {"xmin": 179, "ymin": 3, "ymax": 253, "xmax": 279}}, {"tid": 2, "generated": 0, "bbox": {"xmin": 303, "ymin": 28, "ymax": 229, "xmax": 393}}], [{"tid": 0, "generated": 0, "bbox": {"xmin": 73, "ymin": 214, "ymax": 245, "xmax": 87}}, {"tid": 1, "generated": 0, "bbox": {"xmin": 179, "ymin": 3, "ymax": 251, "xmax": 279}}, {"tid": 2, "generated": 0, "bbox": {"xmin": 303, "ymin": 28, "ymax": 229, "xmax": 393}}], [{"tid": 0, "generated": 0, "bbox": {"xmin": 74, "ymin": 214, "ymax": 244, "xmax": 89}}, {"tid": 1, "generated": 0, "bbox": {"xmin": 179, "ymin": 3, "ymax": 250, "xmax": 279}}, {"tid": 2, "generated": 0, "bbox": {"xmin": 303, "ymin": 28, "ymax": 229, "xmax": 393}}], [{"tid": 0, "generated": 0, "bbox": {"xmin": 76, "ymin": 213, "ymax": 242, "xmax": 90}}, {"tid": 1, "generated": 0, "bbox": {"xmin": 179, "ymin": 3, "ymax": 248, "xmax": 279}}, {"tid": 2, "generated": 0, "bbox": {"xmin": 303, "ymin": 28, "ymax": 229, "xmax": 393}}], [{"tid": 0, "generated": 0, "bbox": {"xmin": 79, "ymin": 212, "ymax": 241, "xmax": 92}}, {"tid": 1, "generated": 0, "bbox": {"xmin": 179, "ymin": 3, "ymax": 247, "xmax": 279}}, {"tid": 2, "generated": 0, "bbox": {"xmin": 303, "ymin": 28, "ymax": 229, "xmax": 393}}], [{"tid": 0, "generated": 0, "bbox": {"xmin": 80, "ymin": 210, "ymax": 239, "xmax": 94}}, {"tid": 1, "generated": 0, "bbox": {"xmin": 178, "ymin": 3, "ymax": 247, "xmax": 278}}, {"tid": 2, "generated": 0, "bbox": {"xmin": 303, "ymin": 28, "ymax": 229, "xmax": 393}}], [{"tid": 0, "generated": 0, "bbox": {"xmin": 82, "ymin": 210, "ymax": 239, "xmax": 97}}, {"tid": 1, "generated": 0, "bbox": {"xmin": 177, "ymin": 4, "ymax": 248, "xmax": 277}}, {"tid": 2, "generated": 0, "bbox": {"xmin": 303, "ymin": 28, "ymax": 229, "xmax": 393}}], [{"tid": 0, "generated": 0, "bbox": {"xmin": 82, "ymin": 210, "ymax": 237, "xmax": 97}}, {"tid": 1, "generated": 0, "bbox": {"xmin": 177, "ymin": 4, "ymax": 248, "xmax": 277}}, {"tid": 2, "generated": 0, "bbox": {"xmin": 303, "ymin": 28, "ymax": 229, "xmax": 393}}], [{"tid": 0, "generated": 0, "bbox": {"xmin": 82, "ymin": 210, "ymax": 239, "xmax": 99}}, {"tid": 1, "generated": 0, "bbox": {"xmin": 176, "ymin": 5, "ymax": 249, "xmax": 276}}, {"tid": 2, "generated": 0, "bbox": {"xmin": 303, "ymin": 28, "ymax": 229, "xmax": 393}}], [{"tid": 0, "generated": 0, "bbox": {"xmin": 84, "ymin": 209, "ymax": 237, "xmax": 101}}, {"tid": 1, "generated": 0, "bbox": {"xmin": 175, "ymin": 5, "ymax": 249, "xmax": 275}}, {"tid": 2, "generated": 0, "bbox": {"xmin": 303, "ymin": 28, "ymax": 229, "xmax": 393}}], [{"tid": 0, "generated": 0, "bbox": {"xmin": 84, "ymin": 210, "ymax": 237, "xmax": 101}}, {"tid": 1, "generated": 0, "bbox": {"xmin": 175, "ymin": 5, "ymax": 249, "xmax": 275}}, {"tid": 2, "generated": 0, "bbox": {"xmin": 303, "ymin": 28, "ymax": 229, "xmax": 393}}], [{"tid": 0, "generated": 0, "bbox": {"xmin": 86, "ymin": 209, "ymax": 237, "xmax": 101}}, {"tid": 1, "generated": 0, "bbox": {"xmin": 175, "ymin": 5, "ymax": 249, "xmax": 275}}, {"tid": 2, "generated": 0, "bbox": {"xmin": 303, "ymin": 28, "ymax": 229, "xmax": 393}}], [{"tid": 0, "generated": 0, "bbox": {"xmin": 87, "ymin": 209, "ymax": 237, "xmax": 101}}, {"tid": 1, "generated": 0, "bbox": {"xmin": 175, "ymin": 5, "ymax": 249, "xmax": 275}}, {"tid": 2, "generated": 0, "bbox": {"xmin": 303, "ymin": 28, "ymax": 229, "xmax": 393}}], [{"tid": 0, "generated": 0, "bbox": {"xmin": 89, "ymin": 209, "ymax": 236, "xmax": 102}}, {"tid": 1, "generated": 0, "bbox": {"xmin": 175, "ymin": 5, "ymax": 249, "xmax": 275}}, {"tid": 2, "generated": 0, "bbox": {"xmin": 303, "ymin": 28, "ymax": 229, "xmax": 393}}], [{"tid": 0, "generated": 0, "bbox": {"xmin": 89, "ymin": 209, "ymax": 237, "xmax": 104}}, {"tid": 1, "generated": 0, "bbox": {"xmin": 175, "ymin": 5, "ymax": 249, "xmax": 275}}, {"tid": 2, "generated": 0, "bbox": {"xmin": 303, "ymin": 28, "ymax": 229, "xmax": 393}}], [{"tid": 0, "generated": 0, "bbox": {"xmin": 91, "ymin": 209, "ymax": 237, "xmax": 104}}, {"tid": 1, "generated": 0, "bbox": {"xmin": 175, "ymin": 7, "ymax": 249, "xmax": 275}}, {"tid": 2, "generated": 0, "bbox": {"xmin": 303, "ymin": 28, "ymax": 229, "xmax": 393}}], [{"tid": 0, "generated": 0, "bbox": {"xmin": 91, "ymin": 209, "ymax": 237, "xmax": 104}}, {"tid": 1, "generated": 0, "bbox": {"xmin": 175, "ymin": 10, "ymax": 249, "xmax": 275}}, {"tid": 2, "generated": 0, "bbox": {"xmin": 303, "ymin": 28, "ymax": 229, "xmax": 393}}], [{"tid": 0, "generated": 0, "bbox": {"xmin": 90, "ymin": 209, "ymax": 238, "xmax": 103}}, {"tid": 1, "generated": 0, "bbox": {"xmin": 175, "ymin": 12, "ymax": 249, "xmax": 275}}, {"tid": 2, "generated": 0, "bbox": {"xmin": 303, "ymin": 28, "ymax": 229, "xmax": 393}}], [{"tid": 0, "generated": 0, "bbox": {"xmin": 89, "ymin": 210, "ymax": 239, "xmax": 102}}, {"tid": 1, "generated": 0, "bbox": {"xmin": 175, "ymin": 15, "ymax": 249, "xmax": 275}}, {"tid": 2, "generated": 0, "bbox": {"xmin": 303, "ymin": 28, "ymax": 229, "xmax": 393}}], [{"tid": 0, "generated": 0, "bbox": {"xmin": 87, "ymin": 212, "ymax": 237, "xmax": 104}}, {"tid": 1, "generated": 0, "bbox": {"xmin": 175, "ymin": 17, "ymax": 249, "xmax": 275}}, {"tid": 2, "generated": 0, "bbox": {"xmin": 303, "ymin": 28, "ymax": 229, "xmax": 393}}], [{"tid": 0, "generated": 0, "bbox": {"xmin": 87, "ymin": 212, "ymax": 237, "xmax": 104}}, {"tid": 1, "generated": 0, "bbox": {"xmin": 177, "ymin": 16, "ymax": 248, "xmax": 277}}, {"tid": 2, "generated": 0, "bbox": {"xmin": 303, "ymin": 28, "ymax": 229, "xmax": 393}}], [{"tid": 0, "generated": 0, "bbox": {"xmin": 87, "ymin": 212, "ymax": 236, "xmax": 104}}, {"tid": 1, "generated": 0, "bbox": {"xmin": 178, "ymin": 16, "ymax": 247, "xmax": 278}}, {"tid": 2, "generated": 0, "bbox": {"xmin": 303, "ymin": 28, "ymax": 229, "xmax": 393}}], [{"tid": 0, "generated": 0, "bbox": {"xmin": 87, "ymin": 212, "ymax": 236, "xmax": 104}}, {"tid": 1, "generated": 0, "bbox": {"xmin": 180, "ymin": 15, "ymax": 247, "xmax": 280}}, {"tid": 2, "generated": 0, "bbox": {"xmin": 303, "ymin": 28, "ymax": 229, "xmax": 393}}], [{"tid": 0, "generated": 0, "bbox": {"xmin": 86, "ymin": 212, "ymax": 234, "xmax": 102}}, {"tid": 1, "generated": 0, "bbox": {"xmin": 181, "ymin": 15, "ymax": 246, "xmax": 281}}, {"tid": 2, "generated": 0, "bbox": {"xmin": 303, "ymin": 28, "ymax": 229, "xmax": 393}}], [{"tid": 0, "generated": 0, "bbox": {"xmin": 84, "ymin": 210, "ymax": 236, "xmax": 101}}, {"tid": 1, "generated": 0, "bbox": {"xmin": 183, "ymin": 14, "ymax": 245, "xmax": 283}}, {"tid": 2, "generated": 0, "bbox": {"xmin": 303, "ymin": 28, "ymax": 229, "xmax": 393}}], [{"tid": 0, "generated": 0, "bbox": {"xmin": 82, "ymin": 212, "ymax": 234, "xmax": 101}}, {"tid": 1, "generated": 0, "bbox": {"xmin": 183, "ymin": 16, "ymax": 245, "xmax": 283}}, {"tid": 2, "generated": 0, "bbox": {"xmin": 302, "ymin": 30, "ymax": 230, "xmax": 390}}], [{"tid": 0, "generated": 0, "bbox": {"xmin": 82, "ymin": 212, "ymax": 234, "xmax": 101}}, {"tid": 1, "generated": 0, "bbox": {"xmin": 183, "ymin": 19, "ymax": 245, "xmax": 283}}, {"tid": 2, "generated": 0, "bbox": {"xmin": 301, "ymin": 32, "ymax": 231, "xmax": 387}}], [{"tid": 0, "generated": 0, "bbox": {"xmin": 82, "ymin": 212, "ymax": 234, "xmax": 101}}, {"tid": 1, "generated": 0, "bbox": {"xmin": 183, "ymin": 21, "ymax": 245, "xmax": 283}}, {"tid": 2, "generated": 0, "bbox": {"xmin": 301, "ymin": 34, "ymax": 233, "xmax": 383}}], [{"tid": 0, "generated": 0, "bbox": {"xmin": 82, "ymin": 210, "ymax": 232, "xmax": 101}}, {"tid": 1, "generated": 0, "bbox": {"xmin": 183, "ymin": 24, "ymax": 245, "xmax": 283}}, {"tid": 2, "generated": 0, "bbox": {"xmin": 300, "ymin": 36, "ymax": 234, "xmax": 380}}]], "subject/objects": [{"category": "dog", "tid": 0}, {"category": "person", "tid": 1}, {"category": "person", "tid": 2}], "relation_instances": [{"end_fid": 30, "subject_tid": 0, "predicate": "walk_with", "begin_fid": 0, "object_tid": 1}, {"end_fid": 30, "subject_tid": 0, "predicate": "walk_left", "begin_fid": 0, "object_tid": 1}, {"end_fid": 30, "subject_tid": 1, "predicate": "walk_right", "begin_fid": 0, "object_tid": 0}, {"end_fid": 30, "subject_tid": 1, "predicate": "walk_with", "begin_fid": 0, "object_tid": 0}, {"end_fid": 30, "subject_tid": 1, "predicate": "taller", "begin_fid": 0, "object_tid": 0}, {"end_fid": 30, "subject_tid": 1, "predicate": "larger", "begin_fid": 0, "object_tid": 0}, {"end_fid": 30, "subject_tid": 0, "predicate": "walk_with", "begin_fid": 0, "object_tid": 2}, {"end_fid": 30, "subject_tid": 0, "predicate": "walk_left", "begin_fid": 0, "object_tid": 2}, {"end_fid": 30, "subject_tid": 2, "predicate": "walk_right", "begin_fid": 0, "object_tid": 0}, {"end_fid": 30, "subject_tid": 2, "predicate": "walk_with", "begin_fid": 0, "object_tid": 0}, {"end_fid": 30, "subject_tid": 2, "predicate": "taller", "begin_fid": 0, "object_tid": 0}, {"end_fid": 30, "subject_tid": 2, "predicate": "larger", "begin_fid": 0, "object_tid": 0}, {"end_fid": 30, "subject_tid": 1, "predicate": "walk_next_to", "begin_fid": 0, "object_tid": 2}, {"end_fid": 30, "subject_tid": 1, "predicate": "walk_with", "begin_fid": 0, "object_tid": 2}, {"end_fid": 30, "subject_tid": 1, "predicate": "walk_left", "begin_fid": 0, "object_tid": 2}, {"end_fid": 30, "subject_tid": 2, "predicate": "walk_right", "begin_fid": 0, "object_tid": 1}, {"end_fid": 30, "subject_tid": 2, "predicate": "walk_next_to", "begin_fid": 0, "object_tid": 1}, {"end_fid": 30, "subject_tid": 2, "predicate": "walk_with", "begin_fid": 0, "object_tid": 1}, {"end_fid": 75, "subject_tid": 0, "predicate": "walk_with", "begin_fid": 45, "object_tid": 1}, {"end_fid": 75, "subject_tid": 0, "predicate": "walk_left", "begin_fid": 45, "object_tid": 1}, {"end_fid": 75, "subject_tid": 1, "predicate": "walk_right", "begin_fid": 45, "object_tid": 0}, {"end_fid": 75, "subject_tid": 1, "predicate": "walk_with", "begin_fid": 45, "object_tid": 0}, {"end_fid": 75, "subject_tid": 1, "predicate": "taller", "begin_fid": 45, "object_tid": 0}, {"end_fid": 75, "subject_tid": 1, "predicate": "larger", "begin_fid": 45, "object_tid": 0}, {"end_fid": 75, "subject_tid": 0, "predicate": "walk_with", "begin_fid": 45, "object_tid": 2}, {"end_fid": 75, "subject_tid": 0, "predicate": "walk_left", "begin_fid": 45, "object_tid": 2}, {"end_fid": 75, "subject_tid": 2, "predicate": "walk_right", "begin_fid": 45, "object_tid": 0}, {"end_fid": 75, "subject_tid": 2, "predicate": "walk_with", "begin_fid": 45, "object_tid": 0}, {"end_fid": 75, "subject_tid": 2, "predicate": "taller", "begin_fid": 45, "object_tid": 0}, {"end_fid": 75, "subject_tid": 2, "predicate": "larger", "begin_fid": 45, "object_tid": 0}, {"end_fid": 75, "subject_tid": 1, "predicate": "walk_next_to", "begin_fid": 45, "object_tid": 2}, {"end_fid": 75, "subject_tid": 1, "predicate": "walk_with", "begin_fid": 45, "object_tid": 2}, {"end_fid": 75, "subject_tid": 1, "predicate": "walk_left", "begin_fid": 45, "object_tid": 2}, {"end_fid": 75, "subject_tid": 2, "predicate": "walk_right", "begin_fid": 45, "object_tid": 1}, {"end_fid": 75, "subject_tid": 2, "predicate": "walk_next_to", "begin_fid": 45, "object_tid": 1}, {"end_fid": 75, "subject_tid": 2, "predicate": "walk_with", "begin_fid": 45, "object_tid": 1}], "height": 272}