{"width": 1280, "frame_count": 182, "video_id": "ILSVRC2015_train_00866000", "fps": 30, "trajectories": [[{"tid": 0, "generated": 0, "bbox": {"xmin": 120, "ymin": 28, "ymax": 435, "xmax": 627}}, {"tid": 1, "generated": 0, "bbox": {"xmin": 451, "ymin": 0, "ymax": 362, "xmax": 992}}, {"tid": 2, "generated": 0, "bbox": {"xmin": 170, "ymin": 0, "ymax": 195, "xmax": 624}}], [{"tid": 0, "generated": 0, "bbox": {"xmin": 120, "ymin": 33, "ymax": 444, "xmax": 629}}, {"tid": 1, "generated": 0, "bbox": {"xmin": 453, "ymin": 0, "ymax": 373, "xmax": 1000}}, {"tid": 2, "generated": 0, "bbox": {"xmin": 170, "ymin": 1, "ymax": 206, "xmax": 629}}], [{"tid": 0, "generated": 0, "bbox": {"xmin": 117, "ymin": 46, "ymax": 467, "xmax": 640}}, {"tid": 1, "generated": 0, "bbox": {"xmin": 448, "ymin": 0, "ymax": 387, "xmax": 1000}}, {"tid": 2, "generated": 0, "bbox": {"xmin": 172, "ymin": 0, "ymax": 211, "xmax": 634}}], [{"tid": 0, "generated": 0, "bbox": {"xmin": 108, "ymin": 55, "ymax": 483, "xmax": 634}}, {"tid": 1, "generated": 0, "bbox": {"xmin": 432, "ymin": 5, "ymax": 401, "xmax": 990}}, {"tid": 2, "generated": 0, "bbox": {"xmin": 163, "ymin": 1, "ymax": 213, "xmax": 634}}], [{"tid": 0, "generated": 0, "bbox": {"xmin": 110, "ymin": 64, "ymax": 492, "xmax": 631}}, {"tid": 1, "generated": 0, "bbox": {"xmin": 426, "ymin": 13, "ymax": 412, "xmax": 975}}, {"tid": 2, "generated": 0, "bbox": {"xmin": 163, "ymin": 3, "ymax": 224, "xmax": 638}}], [{"tid": 0, "generated": 0, "bbox": {"xmin": 110, "ymin": 71, "ymax": 499, "xmax": 636}}, {"tid": 1, "generated": 0, "bbox": {"xmin": 421, "ymin": 21, "ymax": 423, "xmax": 961}}, {"tid": 2, "generated": 0, "bbox": {"xmin": 160, "ymin": 1, "ymax": 229, "xmax": 645}}], [{"tid": 0, "generated": 0, "bbox": {"xmin": 101, "ymin": 80, "ymax": 510, "xmax": 627}}, {"tid": 1, "generated": 0, "bbox": {"xmin": 410, "ymin": 28, "ymax": 435, "xmax": 917}}, {"tid": 2, "generated": 0, "bbox": {"xmin": 150, "ymin": 7, "ymax": 243, "xmax": 644}}], [{"tid": 0, "generated": 0, "bbox": {"xmin": 90, "ymin": 81, "ymax": 520, "xmax": 622}}, {"tid": 1, "generated": 0, "bbox": {"xmin": 407, "ymin": 39, "ymax": 442, "xmax": 897}}, {"tid": 2, "generated": 0, "bbox": {"xmin": 140, "ymin": 14, "ymax": 257, "xmax": 643}}], [{"tid": 0, "generated": 0, "bbox": {"xmin": 88, "ymin": 80, "ymax": 517, "xmax": 624}}, {"tid": 1, "generated": 0, "bbox": {"xmin": 391, "ymin": 44, "ymax": 442, "xmax": 903}}, {"tid": 2, "generated": 0, "bbox": {"xmin": 141, "ymin": 14, "ymax": 267, "xmax": 642}}], [{"tid": 0, "generated": 0, "bbox": {"xmin": 87, "ymin": 90, "ymax": 528, "xmax": 618}}, {"tid": 1, "generated": 0, "bbox": {"xmin": 381, "ymin": 50, "ymax": 442, "xmax": 916}}, {"tid": 2, "generated": 0, "bbox": {"xmin": 142, "ymin": 14, "ymax": 277, "xmax": 641}}], [{"tid": 0, "generated": 0, "bbox": {"xmin": 94, "ymin": 88, "ymax": 533, "xmax": 620}}, {"tid": 1, "generated": 0, "bbox": {"xmin": 371, "ymin": 56, "ymax": 442, "xmax": 929}}, {"tid": 2, "generated": 0, "bbox": {"xmin": 144, "ymin": 14, "ymax": 288, "xmax": 641}}], [{"tid": 0, "generated": 0, "bbox": {"xmin": 92, "ymin": 87, "ymax": 540, "xmax": 632}}, {"tid": 1, "generated": 0, "bbox": {"xmin": 375, "ymin": 78, "ymax": 460, "xmax": 924}}, {"tid": 2, "generated": 0, "bbox": {"xmin": 140, "ymin": 14, "ymax": 288, "xmax": 634}}], [{"tid": 0, "generated": 0, "bbox": {"xmin": 96, "ymin": 90, "ymax": 547, "xmax": 652}}, {"tid": 1, "generated": 0, "bbox": {"xmin": 384, "ymin": 85, "ymax": 485, "xmax": 947}}, {"tid": 2, "generated": 0, "bbox": {"xmin": 136, "ymin": 14, "ymax": 288, "xmax": 627}}], [{"tid": 0, "generated": 0, "bbox": {"xmin": 97, "ymin": 88, "ymax": 551, "xmax": 650}}, {"tid": 1, "generated": 0, "bbox": {"xmin": 382, "ymin": 92, "ymax": 499, "xmax": 951}}, {"tid": 2, "generated": 0, "bbox": {"xmin": 142, "ymin": 14, "ymax": 302, "xmax": 624}}], [{"tid": 0, "generated": 0, "bbox": {"xmin": 106, "ymin": 99, "ymax": 556, "xmax": 679}}, {"tid": 1, "generated": 0, "bbox": {"xmin": 384, "ymin": 101, "ymax": 517, "xmax": 952}}, {"tid": 2, "generated": 0, "bbox": {"xmin": 147, "ymin": 15, "ymax": 305, "xmax": 623}}], [{"tid": 0, "generated": 0, "bbox": {"xmin": 103, "ymin": 104, "ymax": 558, "xmax": 677}}, {"tid": 1, "generated": 0, "bbox": {"xmin": 381, "ymin": 107, "ymax": 541, "xmax": 957}}, {"tid": 2, "generated": 0, "bbox": {"xmin": 152, "ymin": 17, "ymax": 308, "xmax": 622}}], [{"tid": 0, "generated": 0, "bbox": {"xmin": 99, "ymin": 110, "ymax": 561, "xmax": 677}}, {"tid": 1, "generated": 0, "bbox": {"xmin": 378, "ymin": 113, "ymax": 565, "xmax": 963}}, {"tid": 2, "generated": 0, "bbox": {"xmin": 158, "ymin": 19, "ymax": 312, "xmax": 622}}], [{"tid": 0, "generated": 0, "bbox": {"xmin": 97, "ymin": 126, "ymax": 577, "xmax": 670}}, {"tid": 1, "generated": 0, "bbox": {"xmin": 366, "ymin": 129, "ymax": 586, "xmax": 945}}, {"tid": 2, "generated": 0, "bbox": {"xmin": 151, "ymin": 30, "ymax": 320, "xmax": 615}}], [{"tid": 0, "generated": 0, "bbox": {"xmin": 76, "ymin": 129, "ymax": 581, "xmax": 645}}, {"tid": 1, "generated": 0, "bbox": {"xmin": 367, "ymin": 138, "ymax": 599, "xmax": 945}}, {"tid": 2, "generated": 0, "bbox": {"xmin": 144, "ymin": 42, "ymax": 330, "xmax": 602}}], [{"tid": 0, "generated": 0, "bbox": {"xmin": 81, "ymin": 142, "ymax": 593, "xmax": 645}}, {"tid": 1, "generated": 0, "bbox": {"xmin": 368, "ymin": 147, "ymax": 613, "xmax": 945}}, {"tid": 2, "generated": 0, "bbox": {"xmin": 148, "ymin": 54, "ymax": 340, "xmax": 600}}], [{"tid": 0, "generated": 0, "bbox": {"xmin": 88, "ymin": 154, "ymax": 606, "xmax": 647}}, {"tid": 1, "generated": 0, "bbox": {"xmin": 369, "ymin": 160, "ymax": 631, "xmax": 935}}, {"tid": 2, "generated": 0, "bbox": {"xmin": 152, "ymin": 67, "ymax": 350, "xmax": 599}}], [{"tid": 0, "generated": 0, "bbox": {"xmin": 87, "ymin": 160, "ymax": 612, "xmax": 651}}, {"tid": 1, "generated": 0, "bbox": {"xmin": 366, "ymin": 168, "ymax": 634, "xmax": 949}}, {"tid": 2, "generated": 0, "bbox": {"xmin": 151, "ymin": 74, "ymax": 357, "xmax": 599}}], [{"tid": 0, "generated": 0, "bbox": {"xmin": 87, "ymin": 166, "ymax": 618, "xmax": 655}}, {"tid": 1, "generated": 0, "bbox": {"xmin": 362, "ymin": 177, "ymax": 648, "xmax": 942}}, {"tid": 2, "generated": 0, "bbox": {"xmin": 150, "ymin": 81, "ymax": 364, "xmax": 599}}], [{"tid": 0, "generated": 0, "bbox": {"xmin": 87, "ymin": 172, "ymax": 625, "xmax": 659}}, {"tid": 1, "generated": 0, "bbox": {"xmin": 362, "ymin": 193, "ymax": 679, "xmax": 938}}, {"tid": 2, "generated": 0, "bbox": {"xmin": 149, "ymin": 88, "ymax": 371, "xmax": 599}}], [{"tid": 0, "generated": 0, "bbox": {"xmin": 87, "ymin": 178, "ymax": 631, "xmax": 663}}, {"tid": 1, "generated": 0, "bbox": {"xmin": 354, "ymin": 205, "ymax": 687, "xmax": 937}}, {"tid": 2, "generated": 0, "bbox": {"xmin": 148, "ymin": 95, "ymax": 378, "xmax": 599}}], [{"tid": 0, "generated": 0, "bbox": {"xmin": 87, "ymin": 184, "ymax": 638, "xmax": 668}}, {"tid": 1, "generated": 0, "bbox": {"xmin": 346, "ymin": 218, "ymax": 695, "xmax": 936}}, {"tid": 2, "generated": 0, "bbox": {"xmin": 147, "ymin": 103, "ymax": 385, "xmax": 600}}], [{"tid": 0, "generated": 0, "bbox": {"xmin": 83, "ymin": 192, "ymax": 647, "xmax": 661}}, {"tid": 1, "generated": 0, "bbox": {"xmin": 343, "ymin": 220, "ymax": 705, "xmax": 928}}, {"tid": 2, "generated": 0, "bbox": {"xmin": 147, "ymin": 110, "ymax": 391, "xmax": 601}}], [{"tid": 0, "generated": 0, "bbox": {"xmin": 81, "ymin": 195, "ymax": 647, "xmax": 654}}, {"tid": 1, "generated": 0, "bbox": {"xmin": 344, "ymin": 232, "ymax": 712, "xmax": 928}}, {"tid": 2, "generated": 0, "bbox": {"xmin": 147, "ymin": 117, "ymax": 398, "xmax": 602}}], [{"tid": 0, "generated": 0, "bbox": {"xmin": 86, "ymin": 197, "ymax": 653, "xmax": 655}}, {"tid": 1, "generated": 0, "bbox": {"xmin": 346, "ymin": 240, "ymax": 712, "xmax": 928}}, {"tid": 2, "generated": 0, "bbox": {"xmin": 149, "ymin": 124, "ymax": 405, "xmax": 605}}], [{"tid": 0, "generated": 0, "bbox": {"xmin": 92, "ymin": 200, "ymax": 659, "xmax": 657}}, {"tid": 1, "generated": 0, "bbox": {"xmin": 349, "ymin": 248, "ymax": 714, "xmax": 928}}, {"tid": 2, "generated": 0, "bbox": {"xmin": 151, "ymin": 131, "ymax": 412, "xmax": 609}}], [], [], [], [], [], [], [], [], [], [], [], [], [], [], [], [], [], [], [], [], [], [], [], [], [], [], [], [], [], [], [], [], [], [], [], [], [], [], [], [], [], [], [], [], [], [], [], [], [], [], [], [], [], [], [], [], [], [], [], [], [], [], [], [], [], [], [], [], [], [], [], [], [], [], [], [], [], [], [], [], [], [], [], [], [], [], [], [], [], [], [], [], [], [], [], [], [], [], [], [], [], [], [], [], [], [], [], [], [], [], [], [], [], [], [], [], [], [], [], [], [{"tid": 0, "generated": 0, "bbox": {"xmin": 241, "ymin": 165, "ymax": 472, "xmax": 832}}, {"tid": 1, "generated": 0, "bbox": {"xmin": 350, "ymin": 282, "ymax": 714, "xmax": 992}}, {"tid": 2, "generated": 0, "bbox": {"xmin": 312, "ymin": 99, "ymax": 277, "xmax": 759}}], [{"tid": 0, "generated": 0, "bbox": {"xmin": 239, "ymin": 161, "ymax": 469, "xmax": 830}}, {"tid": 1, "generated": 0, "bbox": {"xmin": 344, "ymin": 284, "ymax": 716, "xmax": 990}}, {"tid": 2, "generated": 0, "bbox": {"xmin": 311, "ymin": 97, "ymax": 276, "xmax": 761}}], [{"tid": 0, "generated": 0, "bbox": {"xmin": 238, "ymin": 158, "ymax": 467, "xmax": 829}}, {"tid": 1, "generated": 0, "bbox": {"xmin": 348, "ymin": 282, "ymax": 716, "xmax": 988}}, {"tid": 2, "generated": 0, "bbox": {"xmin": 311, "ymin": 95, "ymax": 275, "xmax": 763}}], [{"tid": 0, "generated": 0, "bbox": {"xmin": 237, "ymin": 154, "ymax": 464, "xmax": 827}}, {"tid": 1, "generated": 0, "bbox": {"xmin": 342, "ymin": 282, "ymax": 716, "xmax": 987}}, {"tid": 2, "generated": 0, "bbox": {"xmin": 311, "ymin": 93, "ymax": 274, "xmax": 765}}], [{"tid": 0, "generated": 0, "bbox": {"xmin": 236, "ymin": 151, "ymax": 462, "xmax": 826}}, {"tid": 1, "generated": 0, "bbox": {"xmin": 337, "ymin": 282, "ymax": 716, "xmax": 986}}, {"tid": 2, "generated": 0, "bbox": {"xmin": 311, "ymin": 91, "ymax": 273, "xmax": 767}}], [{"tid": 0, "generated": 0, "bbox": {"xmin": 241, "ymin": 156, "ymax": 467, "xmax": 832}}, {"tid": 1, "generated": 0, "bbox": {"xmin": 334, "ymin": 284, "ymax": 716, "xmax": 988}}, {"tid": 2, "generated": 0, "bbox": {"xmin": 311, "ymin": 89, "ymax": 272, "xmax": 769}}], [{"tid": 0, "generated": 0, "bbox": {"xmin": 236, "ymin": 154, "ymax": 467, "xmax": 830}}, {"tid": 1, "generated": 0, "bbox": {"xmin": 330, "ymin": 289, "ymax": 716, "xmax": 992}}, {"tid": 2, "generated": 0, "bbox": {"xmin": 311, "ymin": 88, "ymax": 272, "xmax": 771}}], [{"tid": 0, "generated": 0, "bbox": {"xmin": 232, "ymin": 154, "ymax": 467, "xmax": 830}}, {"tid": 1, "generated": 0, "bbox": {"xmin": 328, "ymin": 293, "ymax": 716, "xmax": 997}}, {"tid": 2, "generated": 0, "bbox": {"xmin": 298, "ymin": 87, "ymax": 270, "xmax": 768}}], [{"tid": 0, "generated": 0, "bbox": {"xmin": 229, "ymin": 154, "ymax": 467, "xmax": 830}}, {"tid": 1, "generated": 0, "bbox": {"xmin": 331, "ymin": 292, "ymax": 715, "xmax": 997}}, {"tid": 2, "generated": 0, "bbox": {"xmin": 297, "ymin": 85, "ymax": 269, "xmax": 767}}], [{"tid": 0, "generated": 0, "bbox": {"xmin": 230, "ymin": 154, "ymax": 469, "xmax": 825}}, {"tid": 1, "generated": 0, "bbox": {"xmin": 334, "ymin": 291, "ymax": 714, "xmax": 997}}, {"tid": 2, "generated": 0, "bbox": {"xmin": 296, "ymin": 84, "ymax": 268, "xmax": 766}}], [{"tid": 0, "generated": 0, "bbox": {"xmin": 232, "ymin": 154, "ymax": 471, "xmax": 821}}, {"tid": 1, "generated": 0, "bbox": {"xmin": 312, "ymin": 282, "ymax": 707, "xmax": 999}}, {"tid": 2, "generated": 0, "bbox": {"xmin": 296, "ymin": 83, "ymax": 268, "xmax": 766}}], [{"tid": 0, "generated": 0, "bbox": {"xmin": 230, "ymin": 154, "ymax": 471, "xmax": 821}}, {"tid": 1, "generated": 0, "bbox": {"xmin": 323, "ymin": 288, "ymax": 716, "xmax": 1008}}, {"tid": 2, "generated": 0, "bbox": {"xmin": 295, "ymin": 83, "ymax": 268, "xmax": 764}}], [{"tid": 0, "generated": 0, "bbox": {"xmin": 229, "ymin": 154, "ymax": 471, "xmax": 821}}, {"tid": 1, "generated": 0, "bbox": {"xmin": 323, "ymin": 286, "ymax": 716, "xmax": 997}}, {"tid": 2, "generated": 0, "bbox": {"xmin": 294, "ymin": 83, "ymax": 268, "xmax": 763}}], [{"tid": 0, "generated": 0, "bbox": {"xmin": 227, "ymin": 155, "ymax": 471, "xmax": 821}}, {"tid": 1, "generated": 0, "bbox": {"xmin": 322, "ymin": 285, "ymax": 715, "xmax": 996}}, {"tid": 2, "generated": 0, "bbox": {"xmin": 293, "ymin": 83, "ymax": 268, "xmax": 762}}], [{"tid": 0, "generated": 0, "bbox": {"xmin": 226, "ymin": 155, "ymax": 471, "xmax": 821}}, {"tid": 1, "generated": 0, "bbox": {"xmin": 322, "ymin": 285, "ymax": 715, "xmax": 996}}, {"tid": 2, "generated": 0, "bbox": {"xmin": 292, "ymin": 83, "ymax": 268, "xmax": 761}}], [{"tid": 0, "generated": 0, "bbox": {"xmin": 225, "ymin": 156, "ymax": 471, "xmax": 821}}, {"tid": 1, "generated": 0, "bbox": {"xmin": 322, "ymin": 284, "ymax": 714, "xmax": 996}}, {"tid": 2, "generated": 0, "bbox": {"xmin": 291, "ymin": 84, "ymax": 269, "xmax": 760}}], [{"tid": 0, "generated": 0, "bbox": {"xmin": 223, "ymin": 156, "ymax": 471, "xmax": 821}}, {"tid": 1, "generated": 0, "bbox": {"xmin": 322, "ymin": 284, "ymax": 714, "xmax": 996}}, {"tid": 2, "generated": 0, "bbox": {"xmin": 290, "ymin": 84, "ymax": 269, "xmax": 759}}], [{"tid": 0, "generated": 0, "bbox": {"xmin": 222, "ymin": 156, "ymax": 471, "xmax": 821}}, {"tid": 1, "generated": 0, "bbox": {"xmin": 321, "ymin": 283, "ymax": 713, "xmax": 995}}, {"tid": 2, "generated": 0, "bbox": {"xmin": 289, "ymin": 84, "ymax": 269, "xmax": 758}}], [{"tid": 0, "generated": 0, "bbox": {"xmin": 220, "ymin": 157, "ymax": 471, "xmax": 821}}, {"tid": 1, "generated": 0, "bbox": {"xmin": 321, "ymin": 283, "ymax": 713, "xmax": 995}}, {"tid": 2, "generated": 0, "bbox": {"xmin": 288, "ymin": 84, "ymax": 269, "xmax": 757}}], [{"tid": 0, "generated": 0, "bbox": {"xmin": 219, "ymin": 157, "ymax": 471, "xmax": 821}}, {"tid": 1, "generated": 0, "bbox": {"xmin": 321, "ymin": 282, "ymax": 712, "xmax": 995}}, {"tid": 2, "generated": 0, "bbox": {"xmin": 287, "ymin": 84, "ymax": 269, "xmax": 756}}], [{"tid": 0, "generated": 0, "bbox": {"xmin": 218, "ymin": 158, "ymax": 471, "xmax": 821}}, {"tid": 1, "generated": 0, "bbox": {"xmin": 321, "ymin": 282, "ymax": 712, "xmax": 995}}, {"tid": 2, "generated": 0, "bbox": {"xmin": 286, "ymin": 85, "ymax": 270, "xmax": 755}}], [{"tid": 0, "generated": 0, "bbox": {"xmin": 217, "ymin": 157, "ymax": 472, "xmax": 821}}, {"tid": 1, "generated": 0, "bbox": {"xmin": 320, "ymin": 280, "ymax": 712, "xmax": 993}}, {"tid": 2, "generated": 0, "bbox": {"xmin": 287, "ymin": 84, "ymax": 269, "xmax": 757}}], [{"tid": 0, "generated": 0, "bbox": {"xmin": 217, "ymin": 157, "ymax": 473, "xmax": 822}}, {"tid": 1, "generated": 0, "bbox": {"xmin": 319, "ymin": 279, "ymax": 712, "xmax": 992}}, {"tid": 2, "generated": 0, "bbox": {"xmin": 289, "ymin": 84, "ymax": 269, "xmax": 760}}], [{"tid": 0, "generated": 0, "bbox": {"xmin": 217, "ymin": 156, "ymax": 474, "xmax": 822}}, {"tid": 1, "generated": 0, "bbox": {"xmin": 318, "ymin": 278, "ymax": 713, "xmax": 991}}, {"tid": 2, "generated": 0, "bbox": {"xmin": 291, "ymin": 83, "ymax": 268, "xmax": 763}}], [{"tid": 0, "generated": 0, "bbox": {"xmin": 217, "ymin": 156, "ymax": 475, "xmax": 823}}, {"tid": 1, "generated": 0, "bbox": {"xmin": 317, "ymin": 277, "ymax": 713, "xmax": 990}}, {"tid": 2, "generated": 0, "bbox": {"xmin": 293, "ymin": 83, "ymax": 268, "xmax": 766}}], [{"tid": 0, "generated": 0, "bbox": {"xmin": 217, "ymin": 156, "ymax": 476, "xmax": 823}}, {"tid": 1, "generated": 0, "bbox": {"xmin": 317, "ymin": 276, "ymax": 714, "xmax": 988}}, {"tid": 2, "generated": 0, "bbox": {"xmin": 295, "ymin": 83, "ymax": 268, "xmax": 769}}], [{"tid": 0, "generated": 0, "bbox": {"xmin": 216, "ymin": 155, "ymax": 477, "xmax": 824}}, {"tid": 1, "generated": 0, "bbox": {"xmin": 316, "ymin": 275, "ymax": 714, "xmax": 987}}, {"tid": 2, "generated": 0, "bbox": {"xmin": 296, "ymin": 82, "ymax": 267, "xmax": 772}}], [{"tid": 0, "generated": 0, "bbox": {"xmin": 216, "ymin": 155, "ymax": 478, "xmax": 824}}, {"tid": 1, "generated": 0, "bbox": {"xmin": 315, "ymin": 274, "ymax": 715, "xmax": 986}}, {"tid": 2, "generated": 0, "bbox": {"xmin": 298, "ymin": 82, "ymax": 267, "xmax": 775}}], [{"tid": 0, "generated": 0, "bbox": {"xmin": 216, "ymin": 154, "ymax": 479, "xmax": 825}}, {"tid": 1, "generated": 0, "bbox": {"xmin": 314, "ymin": 273, "ymax": 715, "xmax": 985}}, {"tid": 2, "generated": 0, "bbox": {"xmin": 300, "ymin": 81, "ymax": 266, "xmax": 778}}], [{"tid": 0, "generated": 0, "bbox": {"xmin": 216, "ymin": 154, "ymax": 480, "xmax": 825}}, {"tid": 1, "generated": 0, "bbox": {"xmin": 314, "ymin": 272, "ymax": 716, "xmax": 984}}, {"tid": 2, "generated": 0, "bbox": {"xmin": 302, "ymin": 81, "ymax": 266, "xmax": 781}}]], "subject/objects": [{"category": "dog", "tid": 0}, {"category": "dog", "tid": 1}, {"category": "dog", "tid": 2}], "relation_instances": [{"end_fid": 30, "subject_tid": 0, "predicate": "lie_next_to", "begin_fid": 0, "object_tid": 1}, {"end_fid": 30, "subject_tid": 0, "predicate": "lie_left", "begin_fid": 0, "object_tid": 1}, {"end_fid": 30, "subject_tid": 1, "predicate": "creep_right", "begin_fid": 0, "object_tid": 0}, {"end_fid": 30, "subject_tid": 1, "predicate": "creep_next_to", "begin_fid": 0, "object_tid": 0}, {"end_fid": 30, "subject_tid": 0, "predicate": "lie_next_to", "begin_fid": 0, "object_tid": 2}, {"end_fid": 30, "subject_tid": 0, "predicate": "lie_front", "begin_fid": 0, "object_tid": 2}, {"end_fid": 30, "subject_tid": 0, "predicate": "lie_with", "begin_fid": 0, "object_tid": 2}, {"end_fid": 30, "subject_tid": 2, "predicate": "lie_next_to", "begin_fid": 0, "object_tid": 0}, {"end_fid": 30, "subject_tid": 2, "predicate": "lie_behind", "begin_fid": 0, "object_tid": 0}, {"end_fid": 30, "subject_tid": 2, "predicate": "lie_with", "begin_fid": 0, "object_tid": 0}, {"end_fid": 30, "subject_tid": 1, "predicate": "creep_right", "begin_fid": 0, "object_tid": 2}, {"end_fid": 30, "subject_tid": 1, "predicate": "creep_front", "begin_fid": 0, "object_tid": 2}, {"end_fid": 30, "subject_tid": 2, "predicate": "lie_behind", "begin_fid": 0, "object_tid": 1}, {"end_fid": 30, "subject_tid": 2, "predicate": "lie_left", "begin_fid": 0, "object_tid": 1}, {"end_fid": 180, "subject_tid": 0, "predicate": "lie_next_to", "begin_fid": 150, "object_tid": 1}, {"end_fid": 180, "subject_tid": 0, "predicate": "lie_behind", "begin_fid": 150, "object_tid": 1}, {"end_fid": 180, "subject_tid": 0, "predicate": "lie_with", "begin_fid": 150, "object_tid": 1}, {"end_fid": 180, "subject_tid": 1, "predicate": "lie_next_to", "begin_fid": 150, "object_tid": 0}, {"end_fid": 180, "subject_tid": 1, "predicate": "lie_front", "begin_fid": 150, "object_tid": 0}, {"end_fid": 180, "subject_tid": 1, "predicate": "lie_with", "begin_fid": 150, "object_tid": 0}, {"end_fid": 180, "subject_tid": 0, "predicate": "lie_next_to", "begin_fid": 150, "object_tid": 2}, {"end_fid": 180, "subject_tid": 0, "predicate": "lie_front", "begin_fid": 150, "object_tid": 2}, {"end_fid": 180, "subject_tid": 0, "predicate": "lie_with", "begin_fid": 150, "object_tid": 2}, {"end_fid": 180, "subject_tid": 2, "predicate": "lie_next_to", "begin_fid": 150, "object_tid": 0}, {"end_fid": 180, "subject_tid": 2, "predicate": "lie_behind", "begin_fid": 150, "object_tid": 0}, {"end_fid": 180, "subject_tid": 2, "predicate": "lie_with", "begin_fid": 150, "object_tid": 0}, {"end_fid": 180, "subject_tid": 1, "predicate": "lie_front", "begin_fid": 150, "object_tid": 2}, {"end_fid": 180, "subject_tid": 1, "predicate": "lie_with", "begin_fid": 150, "object_tid": 2}, {"end_fid": 180, "subject_tid": 2, "predicate": "lie_behind", "begin_fid": 150, "object_tid": 1}, {"end_fid": 180, "subject_tid": 2, "predicate": "lie_with", "begin_fid": 150, "object_tid": 1}], "height": 720}