{"width": 1280, "frame_count": 71, "video_id": "ILSVRC2015_train_00185001", "fps": 29, "trajectories": [[{"tid": 0, "generated": 0, "bbox": {"xmin": 369, "ymin": 385, "ymax": 680, "xmax": 544}}, {"tid": 1, "generated": 0, "bbox": {"xmin": 581, "ymin": 389, "ymax": 668, "xmax": 768}}, {"tid": 2, "generated": 0, "bbox": {"xmin": 689, "ymin": 24, "ymax": 588, "xmax": 1040}}], [{"tid": 0, "generated": 0, "bbox": {"xmin": 369, "ymin": 384, "ymax": 677, "xmax": 565}}, {"tid": 1, "generated": 0, "bbox": {"xmin": 597, "ymin": 385, "ymax": 663, "xmax": 768}}, {"tid": 2, "generated": 0, "bbox": {"xmin": 689, "ymin": 23, "ymax": 583, "xmax": 1050}}], [{"tid": 0, "generated": 0, "bbox": {"xmin": 378, "ymin": 380, "ymax": 673, "xmax": 565}}, {"tid": 1, "generated": 0, "bbox": {"xmin": 602, "ymin": 380, "ymax": 657, "xmax": 769}}, {"tid": 2, "generated": 0, "bbox": {"xmin": 702, "ymin": 24, "ymax": 586, "xmax": 1057}}], [{"tid": 0, "generated": 0, "bbox": {"xmin": 378, "ymin": 379, "ymax": 675, "xmax": 562}}, {"tid": 1, "generated": 0, "bbox": {"xmin": 618, "ymin": 376, "ymax": 652, "xmax": 775}}, {"tid": 2, "generated": 0, "bbox": {"xmin": 702, "ymin": 23, "ymax": 588, "xmax": 1068}}], [{"tid": 0, "generated": 0, "bbox": {"xmin": 379, "ymin": 378, "ymax": 677, "xmax": 560}}, {"tid": 1, "generated": 0, "bbox": {"xmin": 625, "ymin": 373, "ymax": 648, "xmax": 769}}, {"tid": 2, "generated": 0, "bbox": {"xmin": 702, "ymin": 27, "ymax": 585, "xmax": 1070}}], [{"tid": 0, "generated": 0, "bbox": {"xmin": 380, "ymin": 378, "ymax": 679, "xmax": 558}}, {"tid": 1, "generated": 0, "bbox": {"xmin": 624, "ymin": 387, "ymax": 647, "xmax": 760}}, {"tid": 2, "generated": 0, "bbox": {"xmin": 702, "ymin": 32, "ymax": 583, "xmax": 1072}}], [{"tid": 0, "generated": 0, "bbox": {"xmin": 371, "ymin": 369, "ymax": 679, "xmax": 556}}, {"tid": 1, "generated": 0, "bbox": {"xmin": 616, "ymin": 378, "ymax": 648, "xmax": 752}}, {"tid": 2, "generated": 0, "bbox": {"xmin": 702, "ymin": 26, "ymax": 579, "xmax": 1072}}], [{"tid": 0, "generated": 0, "bbox": {"xmin": 373, "ymin": 360, "ymax": 695, "xmax": 560}}, {"tid": 1, "generated": 0, "bbox": {"xmin": 613, "ymin": 359, "ymax": 647, "xmax": 748}}, {"tid": 2, "generated": 0, "bbox": {"xmin": 702, "ymin": 24, "ymax": 581, "xmax": 1070}}], [{"tid": 0, "generated": 0, "bbox": {"xmin": 373, "ymin": 360, "ymax": 704, "xmax": 577}}, {"tid": 1, "generated": 0, "bbox": {"xmin": 606, "ymin": 348, "ymax": 647, "xmax": 737}}, {"tid": 2, "generated": 0, "bbox": {"xmin": 700, "ymin": 23, "ymax": 580, "xmax": 1073}}], [{"tid": 0, "generated": 0, "bbox": {"xmin": 380, "ymin": 362, "ymax": 702, "xmax": 576}}, {"tid": 1, "generated": 0, "bbox": {"xmin": 607, "ymin": 345, "ymax": 648, "xmax": 736}}, {"tid": 2, "generated": 0, "bbox": {"xmin": 699, "ymin": 22, "ymax": 579, "xmax": 1076}}], [{"tid": 0, "generated": 0, "bbox": {"xmin": 380, "ymin": 364, "ymax": 702, "xmax": 563}}, {"tid": 1, "generated": 0, "bbox": {"xmin": 608, "ymin": 343, "ymax": 650, "xmax": 736}}, {"tid": 2, "generated": 0, "bbox": {"xmin": 698, "ymin": 21, "ymax": 579, "xmax": 1079}}], [{"tid": 0, "generated": 0, "bbox": {"xmin": 385, "ymin": 366, "ymax": 704, "xmax": 558}}, {"tid": 1, "generated": 0, "bbox": {"xmin": 600, "ymin": 348, "ymax": 651, "xmax": 728}}, {"tid": 2, "generated": 0, "bbox": {"xmin": 709, "ymin": 19, "ymax": 583, "xmax": 1084}}], [{"tid": 0, "generated": 0, "bbox": {"xmin": 400, "ymin": 368, "ymax": 705, "xmax": 565}}, {"tid": 1, "generated": 0, "bbox": {"xmin": 592, "ymin": 353, "ymax": 652, "xmax": 721}}, {"tid": 2, "generated": 0, "bbox": {"xmin": 709, "ymin": 17, "ymax": 584, "xmax": 1088}}], [{"tid": 0, "generated": 0, "bbox": {"xmin": 400, "ymin": 369, "ymax": 705, "xmax": 570}}, {"tid": 1, "generated": 0, "bbox": {"xmin": 583, "ymin": 364, "ymax": 650, "xmax": 723}}, {"tid": 2, "generated": 0, "bbox": {"xmin": 709, "ymin": 16, "ymax": 584, "xmax": 1105}}], [{"tid": 0, "generated": 0, "bbox": {"xmin": 400, "ymin": 373, "ymax": 706, "xmax": 565}}, {"tid": 1, "generated": 0, "bbox": {"xmin": 575, "ymin": 360, "ymax": 651, "xmax": 711}}, {"tid": 2, "generated": 0, "bbox": {"xmin": 709, "ymin": 14, "ymax": 590, "xmax": 1102}}], [{"tid": 0, "generated": 0, "bbox": {"xmin": 400, "ymin": 378, "ymax": 707, "xmax": 561}}, {"tid": 1, "generated": 0, "bbox": {"xmin": 568, "ymin": 357, "ymax": 652, "xmax": 700}}, {"tid": 2, "generated": 0, "bbox": {"xmin": 709, "ymin": 14, "ymax": 584, "xmax": 1125}}], [{"tid": 0, "generated": 0, "bbox": {"xmin": 394, "ymin": 376, "ymax": 700, "xmax": 558}}, {"tid": 1, "generated": 0, "bbox": {"xmin": 561, "ymin": 353, "ymax": 654, "xmax": 696}}, {"tid": 2, "generated": 0, "bbox": {"xmin": 711, "ymin": 14, "ymax": 584, "xmax": 1121}}], [{"tid": 0, "generated": 0, "bbox": {"xmin": 389, "ymin": 376, "ymax": 714, "xmax": 556}}, {"tid": 1, "generated": 0, "bbox": {"xmin": 554, "ymin": 350, "ymax": 657, "xmax": 693}}, {"tid": 2, "generated": 0, "bbox": {"xmin": 712, "ymin": 14, "ymax": 549, "xmax": 1120}}], [{"tid": 0, "generated": 0, "bbox": {"xmin": 382, "ymin": 368, "ymax": 698, "xmax": 547}}, {"tid": 1, "generated": 0, "bbox": {"xmin": 551, "ymin": 332, "ymax": 657, "xmax": 680}}, {"tid": 2, "generated": 0, "bbox": {"xmin": 714, "ymin": 16, "ymax": 565, "xmax": 1116}}], [{"tid": 0, "generated": 0, "bbox": {"xmin": 384, "ymin": 353, "ymax": 680, "xmax": 556}}, {"tid": 1, "generated": 0, "bbox": {"xmin": 544, "ymin": 311, "ymax": 661, "xmax": 675}}, {"tid": 2, "generated": 0, "bbox": {"xmin": 711, "ymin": 17, "ymax": 563, "xmax": 1116}}], [{"tid": 0, "generated": 0, "bbox": {"xmin": 376, "ymin": 344, "ymax": 682, "xmax": 535}}, {"tid": 1, "generated": 0, "bbox": {"xmin": 536, "ymin": 311, "ymax": 657, "xmax": 684}}, {"tid": 2, "generated": 0, "bbox": {"xmin": 709, "ymin": 19, "ymax": 561, "xmax": 1116}}], [{"tid": 0, "generated": 0, "bbox": {"xmin": 372, "ymin": 345, "ymax": 682, "xmax": 532}}, {"tid": 1, "generated": 0, "bbox": {"xmin": 529, "ymin": 302, "ymax": 654, "xmax": 691}}, {"tid": 2, "generated": 0, "bbox": {"xmin": 705, "ymin": 21, "ymax": 560, "xmax": 1116}}], [{"tid": 0, "generated": 0, "bbox": {"xmin": 369, "ymin": 346, "ymax": 682, "xmax": 529}}, {"tid": 1, "generated": 0, "bbox": {"xmin": 522, "ymin": 307, "ymax": 663, "xmax": 696}}, {"tid": 2, "generated": 0, "bbox": {"xmin": 709, "ymin": 16, "ymax": 560, "xmax": 1116}}], [{"tid": 0, "generated": 0, "bbox": {"xmin": 369, "ymin": 346, "ymax": 680, "xmax": 522}}, {"tid": 1, "generated": 0, "bbox": {"xmin": 515, "ymin": 316, "ymax": 640, "xmax": 689}}, {"tid": 2, "generated": 0, "bbox": {"xmin": 704, "ymin": 17, "ymax": 556, "xmax": 1118}}], [{"tid": 0, "generated": 0, "bbox": {"xmin": 355, "ymin": 343, "ymax": 682, "xmax": 513}}, {"tid": 1, "generated": 0, "bbox": {"xmin": 522, "ymin": 325, "ymax": 616, "xmax": 679}}, {"tid": 2, "generated": 0, "bbox": {"xmin": 698, "ymin": 19, "ymax": 554, "xmax": 1118}}], [{"tid": 0, "generated": 0, "bbox": {"xmin": 341, "ymin": 341, "ymax": 684, "xmax": 504}}, {"tid": 1, "generated": 0, "bbox": {"xmin": 520, "ymin": 355, "ymax": 615, "xmax": 663}}, {"tid": 2, "generated": 0, "bbox": {"xmin": 686, "ymin": 28, "ymax": 554, "xmax": 1130}}], [{"tid": 0, "generated": 0, "bbox": {"xmin": 336, "ymin": 343, "ymax": 686, "xmax": 496}}, {"tid": 1, "generated": 0, "bbox": {"xmin": 512, "ymin": 366, "ymax": 609, "xmax": 657}}, {"tid": 2, "generated": 0, "bbox": {"xmin": 680, "ymin": 30, "ymax": 552, "xmax": 1136}}], [{"tid": 0, "generated": 0, "bbox": {"xmin": 320, "ymin": 344, "ymax": 695, "xmax": 485}}, {"tid": 1, "generated": 0, "bbox": {"xmin": 503, "ymin": 366, "ymax": 609, "xmax": 643}}, {"tid": 2, "generated": 0, "bbox": {"xmin": 689, "ymin": 32, "ymax": 552, "xmax": 1143}}], [{"tid": 0, "generated": 0, "bbox": {"xmin": 320, "ymin": 346, "ymax": 693, "xmax": 485}}, {"tid": 1, "generated": 0, "bbox": {"xmin": 506, "ymin": 357, "ymax": 611, "xmax": 645}}, {"tid": 2, "generated": 0, "bbox": {"xmin": 691, "ymin": 33, "ymax": 552, "xmax": 1139}}], [{"tid": 0, "generated": 0, "bbox": {"xmin": 307, "ymin": 348, "ymax": 704, "xmax": 474}}, {"tid": 1, "generated": 0, "bbox": {"xmin": 496, "ymin": 355, "ymax": 615, "xmax": 645}}, {"tid": 2, "generated": 0, "bbox": {"xmin": 702, "ymin": 30, "ymax": 556, "xmax": 1134}}], [{"tid": 0, "generated": 0, "bbox": {"xmin": 288, "ymin": 355, "ymax": 706, "xmax": 461}}, {"tid": 1, "generated": 0, "bbox": {"xmin": 490, "ymin": 337, "ymax": 615, "xmax": 659}}, {"tid": 2, "generated": 0, "bbox": {"xmin": 737, "ymin": 26, "ymax": 565, "xmax": 1157}}], [{"tid": 0, "generated": 0, "bbox": {"xmin": 270, "ymin": 362, "ymax": 709, "xmax": 448}}, {"tid": 1, "generated": 0, "bbox": {"xmin": 478, "ymin": 314, "ymax": 618, "xmax": 654}}, {"tid": 2, "generated": 0, "bbox": {"xmin": 740, "ymin": 32, "ymax": 564, "xmax": 1146}}], [{"tid": 0, "generated": 0, "bbox": {"xmin": 252, "ymin": 360, "ymax": 707, "xmax": 446}}, {"tid": 1, "generated": 0, "bbox": {"xmin": 465, "ymin": 311, "ymax": 624, "xmax": 638}}, {"tid": 2, "generated": 0, "bbox": {"xmin": 744, "ymin": 39, "ymax": 563, "xmax": 1136}}], [{"tid": 0, "generated": 0, "bbox": {"xmin": 234, "ymin": 359, "ymax": 718, "xmax": 432}}, {"tid": 1, "generated": 0, "bbox": {"xmin": 453, "ymin": 314, "ymax": 631, "xmax": 650}}, {"tid": 2, "generated": 0, "bbox": {"xmin": 750, "ymin": 46, "ymax": 567, "xmax": 1136}}], [{"tid": 0, "generated": 0, "bbox": {"xmin": 231, "ymin": 359, "ymax": 716, "xmax": 419}}, {"tid": 1, "generated": 0, "bbox": {"xmin": 446, "ymin": 317, "ymax": 631, "xmax": 630}}, {"tid": 2, "generated": 0, "bbox": {"xmin": 742, "ymin": 43, "ymax": 566, "xmax": 1136}}], [{"tid": 0, "generated": 0, "bbox": {"xmin": 215, "ymin": 359, "ymax": 717, "xmax": 406}}, {"tid": 1, "generated": 0, "bbox": {"xmin": 439, "ymin": 321, "ymax": 632, "xmax": 611}}, {"tid": 2, "generated": 0, "bbox": {"xmin": 735, "ymin": 40, "ymax": 565, "xmax": 1136}}], [{"tid": 0, "generated": 0, "bbox": {"xmin": 199, "ymin": 360, "ymax": 718, "xmax": 394}}, {"tid": 1, "generated": 0, "bbox": {"xmin": 437, "ymin": 327, "ymax": 627, "xmax": 600}}, {"tid": 2, "generated": 0, "bbox": {"xmin": 728, "ymin": 37, "ymax": 565, "xmax": 1137}}], [{"tid": 0, "generated": 0, "bbox": {"xmin": 177, "ymin": 360, "ymax": 718, "xmax": 380}}, {"tid": 1, "generated": 0, "bbox": {"xmin": 435, "ymin": 320, "ymax": 616, "xmax": 597}}, {"tid": 2, "generated": 0, "bbox": {"xmin": 728, "ymin": 37, "ymax": 568, "xmax": 1152}}], [{"tid": 0, "generated": 0, "bbox": {"xmin": 158, "ymin": 366, "ymax": 716, "xmax": 366}}, {"tid": 1, "generated": 0, "bbox": {"xmin": 428, "ymin": 320, "ymax": 602, "xmax": 593}}, {"tid": 2, "generated": 0, "bbox": {"xmin": 723, "ymin": 37, "ymax": 586, "xmax": 1152}}], [{"tid": 0, "generated": 0, "bbox": {"xmin": 133, "ymin": 368, "ymax": 716, "xmax": 339}}, {"tid": 1, "generated": 0, "bbox": {"xmin": 414, "ymin": 328, "ymax": 597, "xmax": 595}}, {"tid": 2, "generated": 0, "bbox": {"xmin": 709, "ymin": 49, "ymax": 599, "xmax": 1150}}], [{"tid": 0, "generated": 0, "bbox": {"xmin": 124, "ymin": 368, "ymax": 718, "xmax": 327}}, {"tid": 1, "generated": 0, "bbox": {"xmin": 407, "ymin": 333, "ymax": 597, "xmax": 605}}, {"tid": 2, "generated": 0, "bbox": {"xmin": 708, "ymin": 53, "ymax": 601, "xmax": 1150}}], [{"tid": 0, "generated": 0, "bbox": {"xmin": 115, "ymin": 373, "ymax": 716, "xmax": 311}}, {"tid": 1, "generated": 0, "bbox": {"xmin": 400, "ymin": 339, "ymax": 597, "xmax": 616}}, {"tid": 2, "generated": 0, "bbox": {"xmin": 707, "ymin": 57, "ymax": 603, "xmax": 1150}}], [{"tid": 0, "generated": 0, "bbox": {"xmin": 90, "ymin": 373, "ymax": 714, "xmax": 291}}, {"tid": 1, "generated": 0, "bbox": {"xmin": 384, "ymin": 337, "ymax": 608, "xmax": 593}}, {"tid": 2, "generated": 0, "bbox": {"xmin": 707, "ymin": 62, "ymax": 606, "xmax": 1150}}], [{"tid": 0, "generated": 0, "bbox": {"xmin": 69, "ymin": 376, "ymax": 718, "xmax": 279}}, {"tid": 1, "generated": 0, "bbox": {"xmin": 364, "ymin": 330, "ymax": 613, "xmax": 576}}, {"tid": 2, "generated": 0, "bbox": {"xmin": 725, "ymin": 58, "ymax": 606, "xmax": 1146}}], [{"tid": 0, "generated": 0, "bbox": {"xmin": 56, "ymin": 376, "ymax": 716, "xmax": 270}}, {"tid": 1, "generated": 0, "bbox": {"xmin": 365, "ymin": 331, "ymax": 612, "xmax": 576}}, {"tid": 2, "generated": 0, "bbox": {"xmin": 743, "ymin": 49, "ymax": 615, "xmax": 1144}}], [{"tid": 0, "generated": 0, "bbox": {"xmin": 40, "ymin": 382, "ymax": 718, "xmax": 257}}, {"tid": 1, "generated": 0, "bbox": {"xmin": 366, "ymin": 333, "ymax": 612, "xmax": 577}}, {"tid": 2, "generated": 0, "bbox": {"xmin": 741, "ymin": 46, "ymax": 608, "xmax": 1160}}], [{"tid": 0, "generated": 0, "bbox": {"xmin": 37, "ymin": 382, "ymax": 718, "xmax": 248}}, {"tid": 1, "generated": 0, "bbox": {"xmin": 367, "ymin": 335, "ymax": 611, "xmax": 578}}, {"tid": 2, "generated": 0, "bbox": {"xmin": 739, "ymin": 44, "ymax": 618, "xmax": 1162}}], [{"tid": 0, "generated": 0, "bbox": {"xmin": 39, "ymin": 389, "ymax": 716, "xmax": 240}}, {"tid": 1, "generated": 0, "bbox": {"xmin": 369, "ymin": 337, "ymax": 611, "xmax": 579}}, {"tid": 2, "generated": 0, "bbox": {"xmin": 750, "ymin": 48, "ymax": 609, "xmax": 1157}}], [{"tid": 0, "generated": 0, "bbox": {"xmin": 33, "ymin": 387, "ymax": 716, "xmax": 231}}, {"tid": 1, "generated": 0, "bbox": {"xmin": 373, "ymin": 327, "ymax": 608, "xmax": 561}}, {"tid": 2, "generated": 0, "bbox": {"xmin": 748, "ymin": 47, "ymax": 610, "xmax": 1157}}], [{"tid": 0, "generated": 0, "bbox": {"xmin": 28, "ymin": 385, "ymax": 716, "xmax": 216}}, {"tid": 1, "generated": 0, "bbox": {"xmin": 376, "ymin": 311, "ymax": 604, "xmax": 563}}, {"tid": 2, "generated": 0, "bbox": {"xmin": 746, "ymin": 46, "ymax": 611, "xmax": 1157}}], [{"tid": 0, "generated": 0, "bbox": {"xmin": 24, "ymin": 384, "ymax": 718, "xmax": 211}}, {"tid": 1, "generated": 0, "bbox": {"xmin": 382, "ymin": 309, "ymax": 600, "xmax": 570}}, {"tid": 2, "generated": 0, "bbox": {"xmin": 769, "ymin": 44, "ymax": 609, "xmax": 1184}}], [{"tid": 0, "generated": 0, "bbox": {"xmin": 21, "ymin": 396, "ymax": 718, "xmax": 202}}, {"tid": 1, "generated": 0, "bbox": {"xmin": 373, "ymin": 311, "ymax": 615, "xmax": 597}}, {"tid": 2, "generated": 0, "bbox": {"xmin": 762, "ymin": 42, "ymax": 602, "xmax": 1182}}], [{"tid": 0, "generated": 0, "bbox": {"xmin": 17, "ymin": 392, "ymax": 718, "xmax": 197}}, {"tid": 1, "generated": 0, "bbox": {"xmin": 365, "ymin": 317, "ymax": 607, "xmax": 598}}, {"tid": 2, "generated": 0, "bbox": {"xmin": 764, "ymin": 42, "ymax": 609, "xmax": 1168}}], [{"tid": 0, "generated": 0, "bbox": {"xmin": 0, "ymin": 389, "ymax": 716, "xmax": 192}}, {"tid": 1, "generated": 0, "bbox": {"xmin": 357, "ymin": 323, "ymax": 599, "xmax": 600}}, {"tid": 2, "generated": 0, "bbox": {"xmin": 764, "ymin": 42, "ymax": 615, "xmax": 1166}}], [{"tid": 0, "generated": 0, "bbox": {"xmin": 0, "ymin": 398, "ymax": 702, "xmax": 188}}, {"tid": 1, "generated": 0, "bbox": {"xmin": 353, "ymin": 330, "ymax": 599, "xmax": 600}}, {"tid": 2, "generated": 0, "bbox": {"xmin": 755, "ymin": 42, "ymax": 609, "xmax": 1169}}], [{"tid": 0, "generated": 0, "bbox": {"xmin": 0, "ymin": 384, "ymax": 686, "xmax": 176}}, {"tid": 1, "generated": 0, "bbox": {"xmin": 374, "ymin": 329, "ymax": 590, "xmax": 603}}, {"tid": 2, "generated": 0, "bbox": {"xmin": 746, "ymin": 51, "ymax": 613, "xmax": 1166}}], [{"tid": 0, "generated": 0, "bbox": {"xmin": 0, "ymin": 383, "ymax": 671, "xmax": 179}}, {"tid": 1, "generated": 0, "bbox": {"xmin": 395, "ymin": 328, "ymax": 582, "xmax": 607}}, {"tid": 2, "generated": 0, "bbox": {"xmin": 739, "ymin": 46, "ymax": 596, "xmax": 1171}}], [{"tid": 0, "generated": 0, "bbox": {"xmin": 0, "ymin": 382, "ymax": 657, "xmax": 183}}, {"tid": 1, "generated": 0, "bbox": {"xmin": 416, "ymin": 328, "ymax": 574, "xmax": 611}}, {"tid": 2, "generated": 0, "bbox": {"xmin": 732, "ymin": 42, "ymax": 579, "xmax": 1176}}], [{"tid": 0, "generated": 0, "bbox": {"xmin": 0, "ymin": 385, "ymax": 660, "xmax": 181}}, {"tid": 1, "generated": 0, "bbox": {"xmin": 420, "ymin": 321, "ymax": 577, "xmax": 615}}, {"tid": 2, "generated": 0, "bbox": {"xmin": 732, "ymin": 48, "ymax": 574, "xmax": 1171}}], [{"tid": 0, "generated": 0, "bbox": {"xmin": 0, "ymin": 389, "ymax": 663, "xmax": 179}}, {"tid": 1, "generated": 0, "bbox": {"xmin": 424, "ymin": 314, "ymax": 581, "xmax": 620}}, {"tid": 2, "generated": 0, "bbox": {"xmin": 732, "ymin": 46, "ymax": 567, "xmax": 1166}}]], "subject/objects": [{"category": "sheep", "tid": 0}, {"category": "sheep", "tid": 1}, {"category": "sheep", "tid": 2}], "relation_instances": [{"end_fid": 30, "subject_tid": 0, "predicate": "run_with", "begin_fid": 0, "object_tid": 1}, {"end_fid": 30, "subject_tid": 0, "predicate": "run_left", "begin_fid": 0, "object_tid": 1}, {"end_fid": 30, "subject_tid": 1, "predicate": "run_right", "begin_fid": 0, "object_tid": 0}, {"end_fid": 30, "subject_tid": 1, "predicate": "run_with", "begin_fid": 0, "object_tid": 0}, {"end_fid": 30, "subject_tid": 0, "predicate": "run_behind", "begin_fid": 0, "object_tid": 2}, {"end_fid": 30, "subject_tid": 0, "predicate": "run_left", "begin_fid": 0, "object_tid": 2}, {"end_fid": 30, "subject_tid": 0, "predicate": "follow", "begin_fid": 0, "object_tid": 2}, {"end_fid": 30, "subject_tid": 2, "predicate": "run_right", "begin_fid": 0, "object_tid": 0}, {"end_fid": 30, "subject_tid": 2, "predicate": "run_front", "begin_fid": 0, "object_tid": 0}, {"end_fid": 30, "subject_tid": 2, "predicate": "taller", "begin_fid": 0, "object_tid": 0}, {"end_fid": 30, "subject_tid": 2, "predicate": "larger", "begin_fid": 0, "object_tid": 0}, {"end_fid": 30, "subject_tid": 1, "predicate": "run_behind", "begin_fid": 0, "object_tid": 2}, {"end_fid": 30, "subject_tid": 1, "predicate": "run_left", "begin_fid": 0, "object_tid": 2}, {"end_fid": 30, "subject_tid": 1, "predicate": "follow", "begin_fid": 0, "object_tid": 2}, {"end_fid": 30, "subject_tid": 2, "predicate": "run_right", "begin_fid": 0, "object_tid": 1}, {"end_fid": 30, "subject_tid": 2, "predicate": "run_front", "begin_fid": 0, "object_tid": 1}, {"end_fid": 30, "subject_tid": 2, "predicate": "taller", "begin_fid": 0, "object_tid": 1}, {"end_fid": 30, "subject_tid": 2, "predicate": "larger", "begin_fid": 0, "object_tid": 1}, {"end_fid": 45, "subject_tid": 0, "predicate": "run_with", "begin_fid": 15, "object_tid": 1}, {"end_fid": 45, "subject_tid": 0, "predicate": "run_left", "begin_fid": 15, "object_tid": 1}, {"end_fid": 45, "subject_tid": 1, "predicate": "run_right", "begin_fid": 15, "object_tid": 0}, {"end_fid": 45, "subject_tid": 1, "predicate": "run_past", "begin_fid": 15, "object_tid": 0}, {"end_fid": 45, "subject_tid": 1, "predicate": "run_with", "begin_fid": 15, "object_tid": 0}, {"end_fid": 45, "subject_tid": 1, "predicate": "faster", "begin_fid": 15, "object_tid": 0}, {"end_fid": 45, "subject_tid": 0, "predicate": "run_behind", "begin_fid": 15, "object_tid": 2}, {"end_fid": 45, "subject_tid": 0, "predicate": "run_left", "begin_fid": 15, "object_tid": 2}, {"end_fid": 45, "subject_tid": 0, "predicate": "follow", "begin_fid": 15, "object_tid": 2}, {"end_fid": 45, "subject_tid": 2, "predicate": "run_right", "begin_fid": 15, "object_tid": 0}, {"end_fid": 45, "subject_tid": 2, "predicate": "run_front", "begin_fid": 15, "object_tid": 0}, {"end_fid": 45, "subject_tid": 2, "predicate": "taller", "begin_fid": 15, "object_tid": 0}, {"end_fid": 45, "subject_tid": 2, "predicate": "larger", "begin_fid": 15, "object_tid": 0}, {"end_fid": 45, "subject_tid": 1, "predicate": "run_behind", "begin_fid": 15, "object_tid": 2}, {"end_fid": 45, "subject_tid": 1, "predicate": "run_left", "begin_fid": 15, "object_tid": 2}, {"end_fid": 45, "subject_tid": 1, "predicate": "follow", "begin_fid": 15, "object_tid": 2}, {"end_fid": 45, "subject_tid": 2, "predicate": "run_right", "begin_fid": 15, "object_tid": 1}, {"end_fid": 45, "subject_tid": 2, "predicate": "run_front", "begin_fid": 15, "object_tid": 1}, {"end_fid": 45, "subject_tid": 2, "predicate": "taller", "begin_fid": 15, "object_tid": 1}, {"end_fid": 45, "subject_tid": 2, "predicate": "larger", "begin_fid": 15, "object_tid": 1}, {"end_fid": 60, "subject_tid": 0, "predicate": "run_behind", "begin_fid": 30, "object_tid": 1}, {"end_fid": 60, "subject_tid": 0, "predicate": "run_with", "begin_fid": 30, "object_tid": 1}, {"end_fid": 60, "subject_tid": 0, "predicate": "run_left", "begin_fid": 30, "object_tid": 1}, {"end_fid": 60, "subject_tid": 1, "predicate": "run_right", "begin_fid": 30, "object_tid": 0}, {"end_fid": 60, "subject_tid": 1, "predicate": "run_front", "begin_fid": 30, "object_tid": 0}, {"end_fid": 60, "subject_tid": 1, "predicate": "run_with", "begin_fid": 30, "object_tid": 0}, {"end_fid": 60, "subject_tid": 0, "predicate": "run_behind", "begin_fid": 30, "object_tid": 2}, {"end_fid": 60, "subject_tid": 0, "predicate": "run_left", "begin_fid": 30, "object_tid": 2}, {"end_fid": 60, "subject_tid": 0, "predicate": "follow", "begin_fid": 30, "object_tid": 2}, {"end_fid": 60, "subject_tid": 2, "predicate": "run_right", "begin_fid": 30, "object_tid": 0}, {"end_fid": 60, "subject_tid": 2, "predicate": "run_front", "begin_fid": 30, "object_tid": 0}, {"end_fid": 60, "subject_tid": 2, "predicate": "taller", "begin_fid": 30, "object_tid": 0}, {"end_fid": 60, "subject_tid": 2, "predicate": "larger", "begin_fid": 30, "object_tid": 0}, {"end_fid": 60, "subject_tid": 2, "predicate": "follow", "begin_fid": 30, "object_tid": 0}, {"end_fid": 60, "subject_tid": 1, "predicate": "run_behind", "begin_fid": 30, "object_tid": 2}, {"end_fid": 60, "subject_tid": 1, "predicate": "run_left", "begin_fid": 30, "object_tid": 2}, {"end_fid": 60, "subject_tid": 1, "predicate": "follow", "begin_fid": 30, "object_tid": 2}, {"end_fid": 60, "subject_tid": 2, "predicate": "run_right", "begin_fid": 30, "object_tid": 1}, {"end_fid": 60, "subject_tid": 2, "predicate": "run_front", "begin_fid": 30, "object_tid": 1}, {"end_fid": 60, "subject_tid": 2, "predicate": "taller", "begin_fid": 30, "object_tid": 1}, {"end_fid": 60, "subject_tid": 2, "predicate": "larger", "begin_fid": 30, "object_tid": 1}], "height": 720}