{"width": 1280, "frame_count": 435, "video_id": "ILSVRC2015_train_01025001", "fps": 29, "trajectories": [[{"tid": 0, "generated": 0, "bbox": {"xmin": 636, "ymin": 296, "ymax": 718, "xmax": 1107}}, {"tid": 1, "generated": 0, "bbox": {"xmin": 273, "ymin": 152, "ymax": 704, "xmax": 517}}], [{"tid": 0, "generated": 0, "bbox": {"xmin": 637, "ymin": 296, "ymax": 717, "xmax": 1098}}, {"tid": 1, "generated": 0, "bbox": {"xmin": 273, "ymin": 151, "ymax": 704, "xmax": 516}}], [{"tid": 0, "generated": 0, "bbox": {"xmin": 638, "ymin": 296, "ymax": 717, "xmax": 1089}}, {"tid": 1, "generated": 0, "bbox": {"xmin": 273, "ymin": 150, "ymax": 704, "xmax": 516}}], [{"tid": 0, "generated": 0, "bbox": {"xmin": 640, "ymin": 296, "ymax": 717, "xmax": 1080}}, {"tid": 1, "generated": 0, "bbox": {"xmin": 273, "ymin": 149, "ymax": 704, "xmax": 516}}], [{"tid": 0, "generated": 0, "bbox": {"xmin": 641, "ymin": 296, "ymax": 717, "xmax": 1072}}, {"tid": 1, "generated": 0, "bbox": {"xmin": 273, "ymin": 149, "ymax": 704, "xmax": 516}}], [{"tid": 0, "generated": 0, "bbox": {"xmin": 643, "ymin": 297, "ymax": 717, "xmax": 1063}}, {"tid": 1, "generated": 0, "bbox": {"xmin": 273, "ymin": 148, "ymax": 704, "xmax": 516}}], [{"tid": 0, "generated": 0, "bbox": {"xmin": 644, "ymin": 297, "ymax": 716, "xmax": 1054}}, {"tid": 1, "generated": 0, "bbox": {"xmin": 273, "ymin": 147, "ymax": 704, "xmax": 515}}], [{"tid": 0, "generated": 0, "bbox": {"xmin": 645, "ymin": 297, "ymax": 716, "xmax": 1046}}, {"tid": 1, "generated": 0, "bbox": {"xmin": 273, "ymin": 147, "ymax": 704, "xmax": 515}}], [{"tid": 0, "generated": 0, "bbox": {"xmin": 647, "ymin": 297, "ymax": 716, "xmax": 1037}}, {"tid": 1, "generated": 0, "bbox": {"xmin": 273, "ymin": 146, "ymax": 704, "xmax": 515}}], [{"tid": 0, "generated": 0, "bbox": {"xmin": 648, "ymin": 297, "ymax": 716, "xmax": 1028}}, {"tid": 1, "generated": 0, "bbox": {"xmin": 273, "ymin": 145, "ymax": 704, "xmax": 515}}], [{"tid": 0, "generated": 0, "bbox": {"xmin": 650, "ymin": 298, "ymax": 716, "xmax": 1020}}, {"tid": 1, "generated": 0, "bbox": {"xmin": 273, "ymin": 145, "ymax": 704, "xmax": 515}}], [{"tid": 0, "generated": 0, "bbox": {"xmin": 648, "ymin": 297, "ymax": 716, "xmax": 1019}}, {"tid": 1, "generated": 0, "bbox": {"xmin": 273, "ymin": 144, "ymax": 703, "xmax": 515}}], [{"tid": 0, "generated": 0, "bbox": {"xmin": 646, "ymin": 296, "ymax": 716, "xmax": 1018}}, {"tid": 1, "generated": 0, "bbox": {"xmin": 273, "ymin": 144, "ymax": 703, "xmax": 515}}], [{"tid": 0, "generated": 0, "bbox": {"xmin": 644, "ymin": 295, "ymax": 716, "xmax": 1017}}, {"tid": 1, "generated": 0, "bbox": {"xmin": 273, "ymin": 144, "ymax": 703, "xmax": 515}}], [{"tid": 0, "generated": 0, "bbox": {"xmin": 642, "ymin": 294, "ymax": 716, "xmax": 1016}}, {"tid": 1, "generated": 0, "bbox": {"xmin": 273, "ymin": 144, "ymax": 703, "xmax": 515}}], [{"tid": 0, "generated": 0, "bbox": {"xmin": 640, "ymin": 293, "ymax": 716, "xmax": 1016}}, {"tid": 1, "generated": 0, "bbox": {"xmin": 273, "ymin": 144, "ymax": 703, "xmax": 515}}], [{"tid": 0, "generated": 0, "bbox": {"xmin": 640, "ymin": 292, "ymax": 716, "xmax": 1015}}, {"tid": 1, "generated": 0, "bbox": {"xmin": 273, "ymin": 144, "ymax": 703, "xmax": 515}}], [{"tid": 0, "generated": 0, "bbox": {"xmin": 641, "ymin": 291, "ymax": 716, "xmax": 1014}}, {"tid": 1, "generated": 0, "bbox": {"xmin": 273, "ymin": 144, "ymax": 703, "xmax": 515}}], [{"tid": 0, "generated": 0, "bbox": {"xmin": 641, "ymin": 290, "ymax": 717, "xmax": 1013}}, {"tid": 1, "generated": 0, "bbox": {"xmin": 273, "ymin": 144, "ymax": 703, "xmax": 515}}], [{"tid": 0, "generated": 0, "bbox": {"xmin": 642, "ymin": 289, "ymax": 717, "xmax": 1012}}, {"tid": 1, "generated": 0, "bbox": {"xmin": 273, "ymin": 144, "ymax": 703, "xmax": 515}}], [{"tid": 0, "generated": 0, "bbox": {"xmin": 643, "ymin": 288, "ymax": 718, "xmax": 1011}}, {"tid": 1, "generated": 0, "bbox": {"xmin": 273, "ymin": 144, "ymax": 703, "xmax": 515}}], [{"tid": 0, "generated": 0, "bbox": {"xmin": 642, "ymin": 289, "ymax": 717, "xmax": 1010}}, {"tid": 1, "generated": 0, "bbox": {"xmin": 273, "ymin": 144, "ymax": 702, "xmax": 515}}], [{"tid": 0, "generated": 0, "bbox": {"xmin": 642, "ymin": 290, "ymax": 716, "xmax": 1009}}, {"tid": 1, "generated": 0, "bbox": {"xmin": 273, "ymin": 144, "ymax": 702, "xmax": 515}}], [{"tid": 0, "generated": 0, "bbox": {"xmin": 641, "ymin": 291, "ymax": 715, "xmax": 1009}}, {"tid": 1, "generated": 0, "bbox": {"xmin": 273, "ymin": 144, "ymax": 702, "xmax": 515}}], [{"tid": 0, "generated": 0, "bbox": {"xmin": 641, "ymin": 292, "ymax": 714, "xmax": 1008}}, {"tid": 1, "generated": 0, "bbox": {"xmin": 273, "ymin": 143, "ymax": 702, "xmax": 515}}], [{"tid": 0, "generated": 0, "bbox": {"xmin": 641, "ymin": 293, "ymax": 714, "xmax": 1008}}, {"tid": 1, "generated": 0, "bbox": {"xmin": 273, "ymin": 143, "ymax": 702, "xmax": 515}}], [{"tid": 0, "generated": 0, "bbox": {"xmin": 637, "ymin": 298, "ymax": 714, "xmax": 1009}}, {"tid": 1, "generated": 0, "bbox": {"xmin": 273, "ymin": 143, "ymax": 702, "xmax": 515}}], [{"tid": 0, "generated": 0, "bbox": {"xmin": 634, "ymin": 304, "ymax": 714, "xmax": 1010}}, {"tid": 1, "generated": 0, "bbox": {"xmin": 273, "ymin": 143, "ymax": 702, "xmax": 515}}], [{"tid": 0, "generated": 0, "bbox": {"xmin": 630, "ymin": 309, "ymax": 715, "xmax": 1011}}, {"tid": 1, "generated": 0, "bbox": {"xmin": 273, "ymin": 143, "ymax": 702, "xmax": 515}}], [{"tid": 0, "generated": 0, "bbox": {"xmin": 627, "ymin": 315, "ymax": 715, "xmax": 1012}}, {"tid": 1, "generated": 0, "bbox": {"xmin": 273, "ymin": 143, "ymax": 702, "xmax": 515}}], [], [], [], [], [], [], [], [], [], [], [], [], [], [], [], [], [], [], [], [], [], [], [], [], [], [], [], [], [], [], [], [], [], [], [], [], [], [], [], [], [], [], [], [], [], [], [], [], [], [], [], [], [], [], [], [], [], [], [], [], [], [], [], [], [], [], [], [], [], [], [], [], [], [], [], [], [], [], [], [], [], [], [], [], [], [], [], [], [], [], [], [], [], [], [], [], [], [], [], [], [], [], [], [], [], [{"tid": 0, "generated": 0, "bbox": {"xmin": 579, "ymin": 350, "ymax": 718, "xmax": 1086}}, {"tid": 1, "generated": 0, "bbox": {"xmin": 272, "ymin": 182, "ymax": 679, "xmax": 514}}], [{"tid": 0, "generated": 0, "bbox": {"xmin": 579, "ymin": 350, "ymax": 717, "xmax": 1082}}, {"tid": 1, "generated": 0, "bbox": {"xmin": 272, "ymin": 181, "ymax": 679, "xmax": 513}}], [{"tid": 0, "generated": 0, "bbox": {"xmin": 579, "ymin": 351, "ymax": 716, "xmax": 1078}}, {"tid": 1, "generated": 0, "bbox": {"xmin": 272, "ymin": 180, "ymax": 679, "xmax": 513}}], [{"tid": 0, "generated": 0, "bbox": {"xmin": 580, "ymin": 351, "ymax": 715, "xmax": 1075}}, {"tid": 1, "generated": 0, "bbox": {"xmin": 272, "ymin": 179, "ymax": 679, "xmax": 513}}], [{"tid": 0, "generated": 0, "bbox": {"xmin": 580, "ymin": 352, "ymax": 714, "xmax": 1071}}, {"tid": 1, "generated": 0, "bbox": {"xmin": 272, "ymin": 178, "ymax": 679, "xmax": 513}}], [{"tid": 0, "generated": 0, "bbox": {"xmin": 581, "ymin": 353, "ymax": 714, "xmax": 1068}}, {"tid": 1, "generated": 0, "bbox": {"xmin": 272, "ymin": 177, "ymax": 679, "xmax": 513}}], [{"tid": 0, "generated": 0, "bbox": {"xmin": 581, "ymin": 352, "ymax": 713, "xmax": 1069}}, {"tid": 1, "generated": 0, "bbox": {"xmin": 272, "ymin": 176, "ymax": 678, "xmax": 513}}], [{"tid": 0, "generated": 0, "bbox": {"xmin": 581, "ymin": 351, "ymax": 713, "xmax": 1070}}, {"tid": 1, "generated": 0, "bbox": {"xmin": 273, "ymin": 175, "ymax": 677, "xmax": 514}}], [{"tid": 0, "generated": 0, "bbox": {"xmin": 581, "ymin": 350, "ymax": 712, "xmax": 1071}}, {"tid": 1, "generated": 0, "bbox": {"xmin": 273, "ymin": 174, "ymax": 676, "xmax": 514}}], [{"tid": 0, "generated": 0, "bbox": {"xmin": 581, "ymin": 349, "ymax": 712, "xmax": 1072}}, {"tid": 1, "generated": 0, "bbox": {"xmin": 274, "ymin": 174, "ymax": 676, "xmax": 515}}], [{"tid": 0, "generated": 0, "bbox": {"xmin": 581, "ymin": 348, "ymax": 712, "xmax": 1073}}, {"tid": 1, "generated": 0, "bbox": {"xmin": 274, "ymin": 173, "ymax": 675, "xmax": 516}}], [{"tid": 0, "generated": 0, "bbox": {"xmin": 581, "ymin": 347, "ymax": 712, "xmax": 1072}}, {"tid": 1, "generated": 0, "bbox": {"xmin": 275, "ymin": 172, "ymax": 674, "xmax": 516}}], [{"tid": 0, "generated": 0, "bbox": {"xmin": 581, "ymin": 346, "ymax": 712, "xmax": 1072}}, {"tid": 1, "generated": 0, "bbox": {"xmin": 275, "ymin": 172, "ymax": 674, "xmax": 517}}], [{"tid": 0, "generated": 0, "bbox": {"xmin": 581, "ymin": 345, "ymax": 713, "xmax": 1072}}, {"tid": 1, "generated": 0, "bbox": {"xmin": 276, "ymin": 171, "ymax": 673, "xmax": 517}}], [{"tid": 0, "generated": 0, "bbox": {"xmin": 581, "ymin": 344, "ymax": 713, "xmax": 1072}}, {"tid": 1, "generated": 0, "bbox": {"xmin": 276, "ymin": 170, "ymax": 672, "xmax": 518}}], [{"tid": 0, "generated": 0, "bbox": {"xmin": 581, "ymin": 343, "ymax": 714, "xmax": 1072}}, {"tid": 1, "generated": 0, "bbox": {"xmin": 277, "ymin": 170, "ymax": 672, "xmax": 519}}], [{"tid": 0, "generated": 0, "bbox": {"xmin": 580, "ymin": 341, "ymax": 712, "xmax": 1069}}, {"tid": 1, "generated": 0, "bbox": {"xmin": 275, "ymin": 169, "ymax": 671, "xmax": 517}}], [{"tid": 0, "generated": 0, "bbox": {"xmin": 579, "ymin": 339, "ymax": 710, "xmax": 1066}}, {"tid": 1, "generated": 0, "bbox": {"xmin": 274, "ymin": 169, "ymax": 671, "xmax": 516}}], [{"tid": 0, "generated": 0, "bbox": {"xmin": 579, "ymin": 337, "ymax": 709, "xmax": 1063}}, {"tid": 1, "generated": 0, "bbox": {"xmin": 273, "ymin": 169, "ymax": 671, "xmax": 515}}], [{"tid": 0, "generated": 0, "bbox": {"xmin": 579, "ymin": 336, "ymax": 710, "xmax": 1063}}, {"tid": 1, "generated": 0, "bbox": {"xmin": 271, "ymin": 169, "ymax": 671, "xmax": 513}}], [{"tid": 0, "generated": 0, "bbox": {"xmin": 579, "ymin": 336, "ymax": 712, "xmax": 1064}}, {"tid": 1, "generated": 0, "bbox": {"xmin": 270, "ymin": 169, "ymax": 671, "xmax": 512}}], [{"tid": 0, "generated": 0, "bbox": {"xmin": 583, "ymin": 332, "ymax": 712, "xmax": 1064}}, {"tid": 1, "generated": 0, "bbox": {"xmin": 269, "ymin": 168, "ymax": 670, "xmax": 511}}], [{"tid": 0, "generated": 0, "bbox": {"xmin": 587, "ymin": 328, "ymax": 712, "xmax": 1064}}, {"tid": 1, "generated": 0, "bbox": {"xmin": 267, "ymin": 168, "ymax": 670, "xmax": 509}}], [{"tid": 0, "generated": 0, "bbox": {"xmin": 591, "ymin": 325, "ymax": 712, "xmax": 1065}}, {"tid": 1, "generated": 0, "bbox": {"xmin": 266, "ymin": 168, "ymax": 670, "xmax": 508}}], [{"tid": 0, "generated": 0, "bbox": {"xmin": 595, "ymin": 321, "ymax": 712, "xmax": 1065}}, {"tid": 1, "generated": 0, "bbox": {"xmin": 265, "ymin": 168, "ymax": 670, "xmax": 507}}], [{"tid": 0, "generated": 0, "bbox": {"xmin": 599, "ymin": 318, "ymax": 712, "xmax": 1066}}, {"tid": 1, "generated": 0, "bbox": {"xmin": 264, "ymin": 168, "ymax": 670, "xmax": 506}}], [{"tid": 0, "generated": 0, "bbox": {"xmin": 599, "ymin": 316, "ymax": 710, "xmax": 1065}}, {"tid": 1, "generated": 0, "bbox": {"xmin": 263, "ymin": 167, "ymax": 667, "xmax": 506}}], [{"tid": 0, "generated": 0, "bbox": {"xmin": 599, "ymin": 314, "ymax": 709, "xmax": 1064}}, {"tid": 1, "generated": 0, "bbox": {"xmin": 262, "ymin": 166, "ymax": 665, "xmax": 506}}], [{"tid": 0, "generated": 0, "bbox": {"xmin": 599, "ymin": 312, "ymax": 708, "xmax": 1063}}, {"tid": 1, "generated": 0, "bbox": {"xmin": 262, "ymin": 166, "ymax": 663, "xmax": 506}}], [{"tid": 0, "generated": 0, "bbox": {"xmin": 599, "ymin": 310, "ymax": 707, "xmax": 1062}}, {"tid": 1, "generated": 0, "bbox": {"xmin": 261, "ymin": 165, "ymax": 661, "xmax": 506}}], [], [], [], [], [], [], [], [], [], [], [], [], [], [], [], [], [], [], [], [], [], [], [], [], [], [], [], [], [], [], [], [], [], [], [], [], [], [], [], [], [], [], [], [], [], [], [], [], [], [], [], [], [], [], [], [], [], [], [], [], [], [], [], [], [], [], [], [], [], [], [], [], [], [], [], [], [], [], [], [], [], [], [], [], [], [], [], [], [], [], [], [], [], [], [], [], [], [], [], [], [], [], [], [], [], [], [], [], [], [], [], [], [], [], [], [], [], [], [], [], [{"tid": 0, "generated": 0, "bbox": {"xmin": 574, "ymin": 298, "ymax": 661, "xmax": 1024}}, {"tid": 1, "generated": 0, "bbox": {"xmin": 232, "ymin": 68, "ymax": 615, "xmax": 482}}], [{"tid": 0, "generated": 0, "bbox": {"xmin": 573, "ymin": 296, "ymax": 661, "xmax": 1023}}, {"tid": 1, "generated": 0, "bbox": {"xmin": 232, "ymin": 68, "ymax": 615, "xmax": 482}}], [{"tid": 0, "generated": 0, "bbox": {"xmin": 573, "ymin": 294, "ymax": 661, "xmax": 1022}}, {"tid": 1, "generated": 0, "bbox": {"xmin": 232, "ymin": 68, "ymax": 616, "xmax": 483}}], [{"tid": 0, "generated": 0, "bbox": {"xmin": 572, "ymin": 292, "ymax": 662, "xmax": 1021}}, {"tid": 1, "generated": 0, "bbox": {"xmin": 233, "ymin": 68, "ymax": 616, "xmax": 483}}], [{"tid": 0, "generated": 0, "bbox": {"xmin": 572, "ymin": 290, "ymax": 662, "xmax": 1020}}, {"tid": 1, "generated": 0, "bbox": {"xmin": 233, "ymin": 68, "ymax": 616, "xmax": 483}}], [{"tid": 0, "generated": 0, "bbox": {"xmin": 572, "ymin": 289, "ymax": 663, "xmax": 1020}}, {"tid": 1, "generated": 0, "bbox": {"xmin": 233, "ymin": 69, "ymax": 616, "xmax": 484}}], [{"tid": 0, "generated": 0, "bbox": {"xmin": 574, "ymin": 288, "ymax": 663, "xmax": 1020}}, {"tid": 1, "generated": 0, "bbox": {"xmin": 233, "ymin": 69, "ymax": 616, "xmax": 484}}], [{"tid": 0, "generated": 0, "bbox": {"xmin": 576, "ymin": 288, "ymax": 663, "xmax": 1021}}, {"tid": 1, "generated": 0, "bbox": {"xmin": 234, "ymin": 69, "ymax": 616, "xmax": 484}}], [{"tid": 0, "generated": 0, "bbox": {"xmin": 579, "ymin": 288, "ymax": 663, "xmax": 1022}}, {"tid": 1, "generated": 0, "bbox": {"xmin": 234, "ymin": 69, "ymax": 616, "xmax": 484}}], [{"tid": 0, "generated": 0, "bbox": {"xmin": 576, "ymin": 288, "ymax": 663, "xmax": 1018}}, {"tid": 1, "generated": 0, "bbox": {"xmin": 234, "ymin": 69, "ymax": 617, "xmax": 485}}], [{"tid": 0, "generated": 0, "bbox": {"xmin": 574, "ymin": 288, "ymax": 663, "xmax": 1015}}, {"tid": 1, "generated": 0, "bbox": {"xmin": 234, "ymin": 70, "ymax": 617, "xmax": 485}}], [{"tid": 0, "generated": 0, "bbox": {"xmin": 576, "ymin": 287, "ymax": 663, "xmax": 1016}}, {"tid": 1, "generated": 0, "bbox": {"xmin": 235, "ymin": 70, "ymax": 617, "xmax": 485}}], [{"tid": 0, "generated": 0, "bbox": {"xmin": 578, "ymin": 287, "ymax": 663, "xmax": 1017}}, {"tid": 1, "generated": 0, "bbox": {"xmin": 235, "ymin": 70, "ymax": 617, "xmax": 486}}], [{"tid": 0, "generated": 0, "bbox": {"xmin": 581, "ymin": 286, "ymax": 663, "xmax": 1018}}, {"tid": 1, "generated": 0, "bbox": {"xmin": 235, "ymin": 70, "ymax": 617, "xmax": 486}}], [{"tid": 0, "generated": 0, "bbox": {"xmin": 583, "ymin": 286, "ymax": 663, "xmax": 1019}}, {"tid": 1, "generated": 0, "bbox": {"xmin": 235, "ymin": 70, "ymax": 617, "xmax": 486}}], [{"tid": 0, "generated": 0, "bbox": {"xmin": 586, "ymin": 286, "ymax": 663, "xmax": 1020}}, {"tid": 1, "generated": 0, "bbox": {"xmin": 236, "ymin": 71, "ymax": 618, "xmax": 487}}], [{"tid": 0, "generated": 0, "bbox": {"xmin": 584, "ymin": 286, "ymax": 662, "xmax": 1018}}, {"tid": 1, "generated": 0, "bbox": {"xmin": 236, "ymin": 71, "ymax": 617, "xmax": 486}}], [{"tid": 0, "generated": 0, "bbox": {"xmin": 582, "ymin": 286, "ymax": 662, "xmax": 1017}}, {"tid": 1, "generated": 0, "bbox": {"xmin": 236, "ymin": 71, "ymax": 617, "xmax": 486}}], [{"tid": 0, "generated": 0, "bbox": {"xmin": 580, "ymin": 286, "ymax": 661, "xmax": 1015}}, {"tid": 1, "generated": 0, "bbox": {"xmin": 236, "ymin": 71, "ymax": 617, "xmax": 486}}], [{"tid": 0, "generated": 0, "bbox": {"xmin": 578, "ymin": 286, "ymax": 661, "xmax": 1014}}, {"tid": 1, "generated": 0, "bbox": {"xmin": 236, "ymin": 71, "ymax": 617, "xmax": 486}}], [{"tid": 0, "generated": 0, "bbox": {"xmin": 577, "ymin": 286, "ymax": 661, "xmax": 1013}}, {"tid": 1, "generated": 0, "bbox": {"xmin": 237, "ymin": 71, "ymax": 617, "xmax": 486}}], [{"tid": 0, "generated": 0, "bbox": {"xmin": 577, "ymin": 286, "ymax": 661, "xmax": 1013}}, {"tid": 1, "generated": 0, "bbox": {"xmin": 237, "ymin": 71, "ymax": 616, "xmax": 485}}], [{"tid": 0, "generated": 0, "bbox": {"xmin": 577, "ymin": 286, "ymax": 661, "xmax": 1014}}, {"tid": 1, "generated": 0, "bbox": {"xmin": 237, "ymin": 71, "ymax": 616, "xmax": 485}}], [{"tid": 0, "generated": 0, "bbox": {"xmin": 577, "ymin": 287, "ymax": 662, "xmax": 1014}}, {"tid": 1, "generated": 0, "bbox": {"xmin": 237, "ymin": 71, "ymax": 616, "xmax": 485}}], [{"tid": 0, "generated": 0, "bbox": {"xmin": 577, "ymin": 287, "ymax": 662, "xmax": 1015}}, {"tid": 1, "generated": 0, "bbox": {"xmin": 237, "ymin": 71, "ymax": 616, "xmax": 485}}], [{"tid": 0, "generated": 0, "bbox": {"xmin": 577, "ymin": 288, "ymax": 663, "xmax": 1016}}, {"tid": 1, "generated": 0, "bbox": {"xmin": 238, "ymin": 71, "ymax": 616, "xmax": 485}}], [{"tid": 0, "generated": 0, "bbox": {"xmin": 577, "ymin": 287, "ymax": 663, "xmax": 1016}}, {"tid": 1, "generated": 0, "bbox": {"xmin": 238, "ymin": 71, "ymax": 616, "xmax": 485}}], [{"tid": 0, "generated": 0, "bbox": {"xmin": 578, "ymin": 286, "ymax": 663, "xmax": 1016}}, {"tid": 1, "generated": 0, "bbox": {"xmin": 238, "ymin": 71, "ymax": 616, "xmax": 485}}], [{"tid": 0, "generated": 0, "bbox": {"xmin": 578, "ymin": 285, "ymax": 663, "xmax": 1017}}, {"tid": 1, "generated": 0, "bbox": {"xmin": 238, "ymin": 71, "ymax": 616, "xmax": 485}}], [{"tid": 0, "generated": 0, "bbox": {"xmin": 579, "ymin": 284, "ymax": 663, "xmax": 1017}}, {"tid": 1, "generated": 0, "bbox": {"xmin": 238, "ymin": 71, "ymax": 616, "xmax": 485}}], [], [], [], [], [], [], [], [], [], [], [], [], [], [], [], [], [], [], [], [], [], [], [], [], [], [], [], [], [], [], [], [], [], [], [], [], [], [], [], [], [], [], [], [], [], [], [], [], [], [], [], [], [], [], [], [], [], [], [], [], [], [], [], [], [], [], [], [], [], [], [], [], [], [], [], [], [], [], [], [], [], [], [], [], [], [], [], [], [], [], [{"tid": 0, "generated": 0, "bbox": {"xmin": 564, "ymin": 267, "ymax": 663, "xmax": 1007}}, {"tid": 1, "generated": 0, "bbox": {"xmin": 219, "ymin": 67, "ymax": 612, "xmax": 467}}], [{"tid": 0, "generated": 0, "bbox": {"xmin": 564, "ymin": 265, "ymax": 663, "xmax": 1007}}, {"tid": 1, "generated": 0, "bbox": {"xmin": 219, "ymin": 66, "ymax": 611, "xmax": 467}}], [{"tid": 0, "generated": 0, "bbox": {"xmin": 565, "ymin": 264, "ymax": 662, "xmax": 1008}}, {"tid": 1, "generated": 0, "bbox": {"xmin": 220, "ymin": 65, "ymax": 611, "xmax": 467}}], [{"tid": 0, "generated": 0, "bbox": {"xmin": 565, "ymin": 263, "ymax": 662, "xmax": 1008}}, {"tid": 1, "generated": 0, "bbox": {"xmin": 220, "ymin": 64, "ymax": 611, "xmax": 468}}], [{"tid": 0, "generated": 0, "bbox": {"xmin": 566, "ymin": 262, "ymax": 661, "xmax": 1008}}, {"tid": 1, "generated": 0, "bbox": {"xmin": 221, "ymin": 63, "ymax": 611, "xmax": 468}}], [{"tid": 0, "generated": 0, "bbox": {"xmin": 567, "ymin": 261, "ymax": 661, "xmax": 1009}}, {"tid": 1, "generated": 0, "bbox": {"xmin": 222, "ymin": 62, "ymax": 611, "xmax": 469}}], [{"tid": 0, "generated": 0, "bbox": {"xmin": 568, "ymin": 260, "ymax": 660, "xmax": 1010}}, {"tid": 1, "generated": 0, "bbox": {"xmin": 222, "ymin": 62, "ymax": 611, "xmax": 469}}], [{"tid": 0, "generated": 0, "bbox": {"xmin": 569, "ymin": 260, "ymax": 660, "xmax": 1011}}, {"tid": 1, "generated": 0, "bbox": {"xmin": 223, "ymin": 62, "ymax": 611, "xmax": 470}}], [{"tid": 0, "generated": 0, "bbox": {"xmin": 570, "ymin": 260, "ymax": 660, "xmax": 1012}}, {"tid": 1, "generated": 0, "bbox": {"xmin": 223, "ymin": 62, "ymax": 611, "xmax": 470}}], [{"tid": 0, "generated": 0, "bbox": {"xmin": 571, "ymin": 259, "ymax": 659, "xmax": 1013}}, {"tid": 1, "generated": 0, "bbox": {"xmin": 224, "ymin": 62, "ymax": 611, "xmax": 471}}], [{"tid": 0, "generated": 0, "bbox": {"xmin": 572, "ymin": 259, "ymax": 659, "xmax": 1014}}, {"tid": 1, "generated": 0, "bbox": {"xmin": 224, "ymin": 62, "ymax": 611, "xmax": 471}}], [{"tid": 0, "generated": 0, "bbox": {"xmin": 573, "ymin": 259, "ymax": 659, "xmax": 1015}}, {"tid": 1, "generated": 0, "bbox": {"xmin": 225, "ymin": 62, "ymax": 611, "xmax": 472}}], [{"tid": 0, "generated": 0, "bbox": {"xmin": 574, "ymin": 259, "ymax": 659, "xmax": 1016}}, {"tid": 1, "generated": 0, "bbox": {"xmin": 225, "ymin": 62, "ymax": 611, "xmax": 472}}], [{"tid": 0, "generated": 0, "bbox": {"xmin": 574, "ymin": 257, "ymax": 657, "xmax": 1016}}, {"tid": 1, "generated": 0, "bbox": {"xmin": 226, "ymin": 62, "ymax": 611, "xmax": 473}}], [{"tid": 0, "generated": 0, "bbox": {"xmin": 574, "ymin": 255, "ymax": 655, "xmax": 1016}}, {"tid": 1, "generated": 0, "bbox": {"xmin": 226, "ymin": 62, "ymax": 611, "xmax": 473}}], [{"tid": 0, "generated": 0, "bbox": {"xmin": 574, "ymin": 254, "ymax": 654, "xmax": 1016}}, {"tid": 1, "generated": 0, "bbox": {"xmin": 227, "ymin": 62, "ymax": 611, "xmax": 474}}], [{"tid": 0, "generated": 0, "bbox": {"xmin": 574, "ymin": 254, "ymax": 654, "xmax": 1016}}, {"tid": 1, "generated": 0, "bbox": {"xmin": 227, "ymin": 62, "ymax": 611, "xmax": 474}}], [{"tid": 0, "generated": 0, "bbox": {"xmin": 575, "ymin": 254, "ymax": 654, "xmax": 1016}}, {"tid": 1, "generated": 0, "bbox": {"xmin": 228, "ymin": 62, "ymax": 611, "xmax": 475}}], [{"tid": 0, "generated": 0, "bbox": {"xmin": 576, "ymin": 254, "ymax": 654, "xmax": 1017}}, {"tid": 1, "generated": 0, "bbox": {"xmin": 229, "ymin": 62, "ymax": 611, "xmax": 476}}], [{"tid": 0, "generated": 0, "bbox": {"xmin": 577, "ymin": 254, "ymax": 654, "xmax": 1017}}, {"tid": 1, "generated": 0, "bbox": {"xmin": 229, "ymin": 62, "ymax": 611, "xmax": 476}}], [{"tid": 0, "generated": 0, "bbox": {"xmin": 578, "ymin": 255, "ymax": 654, "xmax": 1018}}, {"tid": 1, "generated": 0, "bbox": {"xmin": 230, "ymin": 62, "ymax": 611, "xmax": 477}}], [{"tid": 0, "generated": 0, "bbox": {"xmin": 579, "ymin": 255, "ymax": 654, "xmax": 1018}}, {"tid": 1, "generated": 0, "bbox": {"xmin": 231, "ymin": 62, "ymax": 611, "xmax": 478}}], [{"tid": 0, "generated": 0, "bbox": {"xmin": 580, "ymin": 255, "ymax": 654, "xmax": 1018}}, {"tid": 1, "generated": 0, "bbox": {"xmin": 231, "ymin": 62, "ymax": 611, "xmax": 478}}], [{"tid": 0, "generated": 0, "bbox": {"xmin": 581, "ymin": 255, "ymax": 654, "xmax": 1019}}, {"tid": 1, "generated": 0, "bbox": {"xmin": 232, "ymin": 62, "ymax": 611, "xmax": 479}}], [{"tid": 0, "generated": 0, "bbox": {"xmin": 582, "ymin": 255, "ymax": 654, "xmax": 1019}}, {"tid": 1, "generated": 0, "bbox": {"xmin": 233, "ymin": 62, "ymax": 611, "xmax": 480}}], [{"tid": 0, "generated": 0, "bbox": {"xmin": 583, "ymin": 256, "ymax": 654, "xmax": 1020}}, {"tid": 1, "generated": 0, "bbox": {"xmin": 234, "ymin": 62, "ymax": 611, "xmax": 481}}], [{"tid": 0, "generated": 0, "bbox": {"xmin": 583, "ymin": 256, "ymax": 653, "xmax": 1021}}, {"tid": 1, "generated": 0, "bbox": {"xmin": 234, "ymin": 62, "ymax": 614, "xmax": 479}}], [{"tid": 0, "generated": 0, "bbox": {"xmin": 584, "ymin": 256, "ymax": 652, "xmax": 1022}}, {"tid": 1, "generated": 0, "bbox": {"xmin": 234, "ymin": 63, "ymax": 617, "xmax": 478}}], [{"tid": 0, "generated": 0, "bbox": {"xmin": 585, "ymin": 256, "ymax": 651, "xmax": 1023}}, {"tid": 1, "generated": 0, "bbox": {"xmin": 234, "ymin": 64, "ymax": 620, "xmax": 477}}], [{"tid": 0, "generated": 0, "bbox": {"xmin": 586, "ymin": 257, "ymax": 650, "xmax": 1024}}, {"tid": 1, "generated": 0, "bbox": {"xmin": 234, "ymin": 65, "ymax": 624, "xmax": 476}}]], "subject/objects": [{"category": "bird", "tid": 0}, {"category": "bird", "tid": 1}], "relation_instances": [{"end_fid": 30, "subject_tid": 0, "predicate": "stand_right", "begin_fid": 0, "object_tid": 1}, {"end_fid": 30, "subject_tid": 0, "predicate": "stand_with", "begin_fid": 0, "object_tid": 1}, {"end_fid": 30, "subject_tid": 1, "predicate": "stand_with", "begin_fid": 0, "object_tid": 0}, {"end_fid": 30, "subject_tid": 1, "predicate": "stand_left", "begin_fid": 0, "object_tid": 0}, {"end_fid": 165, "subject_tid": 0, "predicate": "stand_right", "begin_fid": 135, "object_tid": 1}, {"end_fid": 165, "subject_tid": 0, "predicate": "stand_with", "begin_fid": 135, "object_tid": 1}, {"end_fid": 165, "subject_tid": 1, "predicate": "stand_with", "begin_fid": 135, "object_tid": 0}, {"end_fid": 165, "subject_tid": 1, "predicate": "stand_left", "begin_fid": 135, "object_tid": 0}, {"end_fid": 315, "subject_tid": 0, "predicate": "stand_right", "begin_fid": 285, "object_tid": 1}, {"end_fid": 315, "subject_tid": 0, "predicate": "stand_with", "begin_fid": 285, "object_tid": 1}, {"end_fid": 315, "subject_tid": 1, "predicate": "stand_with", "begin_fid": 285, "object_tid": 0}, {"end_fid": 315, "subject_tid": 1, "predicate": "stand_left", "begin_fid": 285, "object_tid": 0}, {"end_fid": 435, "subject_tid": 0, "predicate": "stand_right", "begin_fid": 405, "object_tid": 1}, {"end_fid": 435, "subject_tid": 0, "predicate": "stand_with", "begin_fid": 405, "object_tid": 1}, {"end_fid": 435, "subject_tid": 1, "predicate": "stand_with", "begin_fid": 405, "object_tid": 0}, {"end_fid": 435, "subject_tid": 1, "predicate": "stand_left", "begin_fid": 405, "object_tid": 0}], "height": 720}