{"width": 1280, "frame_count": 75, "video_id": "ILSVRC2015_train_00060013", "fps": 25, "trajectories": [[{"tid": 0, "generated": 0, "bbox": {"xmin": 606, "ymin": 46, "ymax": 371, "xmax": 1091}}, {"tid": 1, "generated": 0, "bbox": {"xmin": 467, "ymin": 213, "ymax": 376, "xmax": 604}}, {"tid": 2, "generated": 0, "bbox": {"xmin": 366, "ymin": 282, "ymax": 369, "xmax": 476}}], [{"tid": 0, "generated": 0, "bbox": {"xmin": 606, "ymin": 46, "ymax": 371, "xmax": 1091}}, {"tid": 1, "generated": 0, "bbox": {"xmin": 466, "ymin": 213, "ymax": 375, "xmax": 603}}, {"tid": 2, "generated": 0, "bbox": {"xmin": 366, "ymin": 282, "ymax": 369, "xmax": 476}}], [{"tid": 0, "generated": 0, "bbox": {"xmin": 606, "ymin": 46, "ymax": 371, "xmax": 1091}}, {"tid": 1, "generated": 0, "bbox": {"xmin": 465, "ymin": 213, "ymax": 375, "xmax": 603}}, {"tid": 2, "generated": 0, "bbox": {"xmin": 366, "ymin": 282, "ymax": 369, "xmax": 476}}], [{"tid": 0, "generated": 0, "bbox": {"xmin": 606, "ymin": 46, "ymax": 371, "xmax": 1091}}, {"tid": 1, "generated": 0, "bbox": {"xmin": 464, "ymin": 213, "ymax": 375, "xmax": 603}}, {"tid": 2, "generated": 0, "bbox": {"xmin": 366, "ymin": 282, "ymax": 369, "xmax": 476}}], [{"tid": 0, "generated": 0, "bbox": {"xmin": 606, "ymin": 46, "ymax": 371, "xmax": 1091}}, {"tid": 1, "generated": 0, "bbox": {"xmin": 463, "ymin": 213, "ymax": 375, "xmax": 603}}, {"tid": 2, "generated": 0, "bbox": {"xmin": 366, "ymin": 282, "ymax": 369, "xmax": 476}}], [{"tid": 0, "generated": 0, "bbox": {"xmin": 606, "ymin": 46, "ymax": 371, "xmax": 1091}}, {"tid": 1, "generated": 0, "bbox": {"xmin": 462, "ymin": 213, "ymax": 375, "xmax": 603}}, {"tid": 2, "generated": 0, "bbox": {"xmin": 366, "ymin": 282, "ymax": 369, "xmax": 476}}], [{"tid": 0, "generated": 0, "bbox": {"xmin": 607, "ymin": 46, "ymax": 371, "xmax": 1092}}, {"tid": 1, "generated": 0, "bbox": {"xmin": 461, "ymin": 213, "ymax": 375, "xmax": 603}}, {"tid": 2, "generated": 0, "bbox": {"xmin": 366, "ymin": 282, "ymax": 369, "xmax": 476}}], [{"tid": 0, "generated": 0, "bbox": {"xmin": 607, "ymin": 46, "ymax": 371, "xmax": 1092}}, {"tid": 1, "generated": 0, "bbox": {"xmin": 460, "ymin": 213, "ymax": 375, "xmax": 603}}, {"tid": 2, "generated": 0, "bbox": {"xmin": 366, "ymin": 282, "ymax": 369, "xmax": 476}}], [{"tid": 0, "generated": 0, "bbox": {"xmin": 607, "ymin": 46, "ymax": 371, "xmax": 1092}}, {"tid": 1, "generated": 0, "bbox": {"xmin": 459, "ymin": 213, "ymax": 375, "xmax": 603}}, {"tid": 2, "generated": 0, "bbox": {"xmin": 366, "ymin": 282, "ymax": 369, "xmax": 476}}], [{"tid": 0, "generated": 0, "bbox": {"xmin": 607, "ymin": 46, "ymax": 371, "xmax": 1092}}, {"tid": 1, "generated": 0, "bbox": {"xmin": 458, "ymin": 213, "ymax": 375, "xmax": 603}}, {"tid": 2, "generated": 0, "bbox": {"xmin": 366, "ymin": 282, "ymax": 369, "xmax": 476}}], [{"tid": 0, "generated": 0, "bbox": {"xmin": 607, "ymin": 46, "ymax": 371, "xmax": 1092}}, {"tid": 1, "generated": 0, "bbox": {"xmin": 457, "ymin": 213, "ymax": 375, "xmax": 603}}, {"tid": 2, "generated": 0, "bbox": {"xmin": 367, "ymin": 282, "ymax": 369, "xmax": 477}}], [{"tid": 0, "generated": 0, "bbox": {"xmin": 607, "ymin": 46, "ymax": 371, "xmax": 1092}}, {"tid": 1, "generated": 0, "bbox": {"xmin": 456, "ymin": 213, "ymax": 375, "xmax": 602}}, {"tid": 2, "generated": 0, "bbox": {"xmin": 367, "ymin": 282, "ymax": 369, "xmax": 477}}], [{"tid": 0, "generated": 0, "bbox": {"xmin": 608, "ymin": 46, "ymax": 371, "xmax": 1093}}, {"tid": 1, "generated": 0, "bbox": {"xmin": 455, "ymin": 213, "ymax": 375, "xmax": 602}}, {"tid": 2, "generated": 0, "bbox": {"xmin": 367, "ymin": 282, "ymax": 369, "xmax": 477}}], [{"tid": 0, "generated": 0, "bbox": {"xmin": 608, "ymin": 46, "ymax": 371, "xmax": 1093}}, {"tid": 1, "generated": 0, "bbox": {"xmin": 454, "ymin": 213, "ymax": 375, "xmax": 602}}, {"tid": 2, "generated": 0, "bbox": {"xmin": 367, "ymin": 282, "ymax": 369, "xmax": 477}}], [{"tid": 0, "generated": 0, "bbox": {"xmin": 608, "ymin": 46, "ymax": 371, "xmax": 1093}}, {"tid": 1, "generated": 0, "bbox": {"xmin": 453, "ymin": 213, "ymax": 375, "xmax": 602}}, {"tid": 2, "generated": 0, "bbox": {"xmin": 367, "ymin": 282, "ymax": 369, "xmax": 477}}], [{"tid": 0, "generated": 0, "bbox": {"xmin": 608, "ymin": 46, "ymax": 371, "xmax": 1093}}, {"tid": 1, "generated": 0, "bbox": {"xmin": 452, "ymin": 213, "ymax": 375, "xmax": 602}}, {"tid": 2, "generated": 0, "bbox": {"xmin": 367, "ymin": 282, "ymax": 369, "xmax": 477}}], [{"tid": 0, "generated": 0, "bbox": {"xmin": 608, "ymin": 46, "ymax": 371, "xmax": 1093}}, {"tid": 1, "generated": 0, "bbox": {"xmin": 451, "ymin": 213, "ymax": 375, "xmax": 602}}, {"tid": 2, "generated": 0, "bbox": {"xmin": 367, "ymin": 282, "ymax": 369, "xmax": 477}}], [{"tid": 0, "generated": 0, "bbox": {"xmin": 608, "ymin": 46, "ymax": 371, "xmax": 1093}}, {"tid": 1, "generated": 0, "bbox": {"xmin": 450, "ymin": 213, "ymax": 375, "xmax": 602}}, {"tid": 2, "generated": 0, "bbox": {"xmin": 367, "ymin": 282, "ymax": 369, "xmax": 477}}], [{"tid": 0, "generated": 0, "bbox": {"xmin": 609, "ymin": 46, "ymax": 371, "xmax": 1094}}, {"tid": 1, "generated": 0, "bbox": {"xmin": 449, "ymin": 213, "ymax": 375, "xmax": 602}}, {"tid": 2, "generated": 0, "bbox": {"xmin": 367, "ymin": 282, "ymax": 369, "xmax": 477}}], [{"tid": 0, "generated": 0, "bbox": {"xmin": 609, "ymin": 46, "ymax": 371, "xmax": 1094}}, {"tid": 1, "generated": 0, "bbox": {"xmin": 448, "ymin": 213, "ymax": 375, "xmax": 602}}, {"tid": 2, "generated": 0, "bbox": {"xmin": 367, "ymin": 282, "ymax": 369, "xmax": 477}}], [{"tid": 0, "generated": 0, "bbox": {"xmin": 609, "ymin": 46, "ymax": 371, "xmax": 1094}}, {"tid": 1, "generated": 0, "bbox": {"xmin": 448, "ymin": 213, "ymax": 375, "xmax": 602}}, {"tid": 2, "generated": 0, "bbox": {"xmin": 368, "ymin": 282, "ymax": 369, "xmax": 478}}], [{"tid": 0, "generated": 0, "bbox": {"xmin": 609, "ymin": 46, "ymax": 371, "xmax": 1094}}, {"tid": 1, "generated": 0, "bbox": {"xmin": 447, "ymin": 212, "ymax": 374, "xmax": 602}}, {"tid": 2, "generated": 0, "bbox": {"xmin": 368, "ymin": 282, "ymax": 369, "xmax": 478}}], [{"tid": 0, "generated": 0, "bbox": {"xmin": 609, "ymin": 46, "ymax": 371, "xmax": 1094}}, {"tid": 1, "generated": 0, "bbox": {"xmin": 447, "ymin": 212, "ymax": 374, "xmax": 602}}, {"tid": 2, "generated": 0, "bbox": {"xmin": 368, "ymin": 282, "ymax": 369, "xmax": 478}}], [{"tid": 0, "generated": 0, "bbox": {"xmin": 609, "ymin": 46, "ymax": 371, "xmax": 1094}}, {"tid": 1, "generated": 0, "bbox": {"xmin": 446, "ymin": 212, "ymax": 374, "xmax": 602}}, {"tid": 2, "generated": 0, "bbox": {"xmin": 368, "ymin": 282, "ymax": 369, "xmax": 478}}], [{"tid": 0, "generated": 0, "bbox": {"xmin": 610, "ymin": 46, "ymax": 371, "xmax": 1095}}, {"tid": 1, "generated": 0, "bbox": {"xmin": 446, "ymin": 212, "ymax": 374, "xmax": 602}}, {"tid": 2, "generated": 0, "bbox": {"xmin": 368, "ymin": 282, "ymax": 369, "xmax": 478}}], [{"tid": 0, "generated": 0, "bbox": {"xmin": 610, "ymin": 46, "ymax": 371, "xmax": 1095}}, {"tid": 1, "generated": 0, "bbox": {"xmin": 446, "ymin": 212, "ymax": 374, "xmax": 602}}, {"tid": 2, "generated": 0, "bbox": {"xmin": 368, "ymin": 282, "ymax": 369, "xmax": 478}}], [{"tid": 0, "generated": 0, "bbox": {"xmin": 610, "ymin": 46, "ymax": 371, "xmax": 1095}}, {"tid": 1, "generated": 0, "bbox": {"xmin": 445, "ymin": 211, "ymax": 373, "xmax": 602}}, {"tid": 2, "generated": 0, "bbox": {"xmin": 368, "ymin": 282, "ymax": 369, "xmax": 478}}], [{"tid": 0, "generated": 0, "bbox": {"xmin": 610, "ymin": 46, "ymax": 371, "xmax": 1095}}, {"tid": 1, "generated": 0, "bbox": {"xmin": 445, "ymin": 211, "ymax": 373, "xmax": 602}}, {"tid": 2, "generated": 0, "bbox": {"xmin": 368, "ymin": 282, "ymax": 369, "xmax": 478}}], [{"tid": 0, "generated": 0, "bbox": {"xmin": 610, "ymin": 46, "ymax": 371, "xmax": 1095}}, {"tid": 1, "generated": 0, "bbox": {"xmin": 444, "ymin": 211, "ymax": 373, "xmax": 602}}, {"tid": 2, "generated": 0, "bbox": {"xmin": 368, "ymin": 282, "ymax": 369, "xmax": 478}}], [{"tid": 0, "generated": 0, "bbox": {"xmin": 610, "ymin": 46, "ymax": 371, "xmax": 1095}}, {"tid": 1, "generated": 0, "bbox": {"xmin": 444, "ymin": 211, "ymax": 373, "xmax": 602}}, {"tid": 2, "generated": 0, "bbox": {"xmin": 368, "ymin": 282, "ymax": 369, "xmax": 478}}], [], [], [], [], [], [], [], [], [], [], [], [], [], [], [], [{"tid": 0, "generated": 0, "bbox": {"xmin": 610, "ymin": 46, "ymax": 370, "xmax": 1095}}, {"tid": 1, "generated": 0, "bbox": {"xmin": 438, "ymin": 208, "ymax": 370, "xmax": 596}}, {"tid": 2, "generated": 0, "bbox": {"xmin": 368, "ymin": 282, "ymax": 369, "xmax": 478}}], [{"tid": 0, "generated": 0, "bbox": {"xmin": 609, "ymin": 46, "ymax": 369, "xmax": 1095}}, {"tid": 1, "generated": 0, "bbox": {"xmin": 438, "ymin": 208, "ymax": 370, "xmax": 596}}, {"tid": 2, "generated": 0, "bbox": {"xmin": 368, "ymin": 282, "ymax": 369, "xmax": 478}}], [{"tid": 0, "generated": 0, "bbox": {"xmin": 609, "ymin": 46, "ymax": 369, "xmax": 1095}}, {"tid": 1, "generated": 0, "bbox": {"xmin": 439, "ymin": 208, "ymax": 370, "xmax": 596}}, {"tid": 2, "generated": 0, "bbox": {"xmin": 368, "ymin": 282, "ymax": 369, "xmax": 478}}], [{"tid": 0, "generated": 0, "bbox": {"xmin": 609, "ymin": 46, "ymax": 369, "xmax": 1095}}, {"tid": 1, "generated": 0, "bbox": {"xmin": 439, "ymin": 208, "ymax": 370, "xmax": 596}}, {"tid": 2, "generated": 0, "bbox": {"xmin": 368, "ymin": 282, "ymax": 369, "xmax": 478}}], [{"tid": 0, "generated": 0, "bbox": {"xmin": 609, "ymin": 46, "ymax": 369, "xmax": 1095}}, {"tid": 1, "generated": 0, "bbox": {"xmin": 439, "ymin": 208, "ymax": 370, "xmax": 596}}, {"tid": 2, "generated": 0, "bbox": {"xmin": 368, "ymin": 282, "ymax": 369, "xmax": 478}}], [{"tid": 0, "generated": 0, "bbox": {"xmin": 609, "ymin": 46, "ymax": 369, "xmax": 1095}}, {"tid": 1, "generated": 0, "bbox": {"xmin": 440, "ymin": 208, "ymax": 370, "xmax": 596}}, {"tid": 2, "generated": 0, "bbox": {"xmin": 368, "ymin": 282, "ymax": 369, "xmax": 478}}], [{"tid": 0, "generated": 0, "bbox": {"xmin": 609, "ymin": 46, "ymax": 369, "xmax": 1095}}, {"tid": 1, "generated": 0, "bbox": {"xmin": 440, "ymin": 208, "ymax": 370, "xmax": 596}}, {"tid": 2, "generated": 0, "bbox": {"xmin": 368, "ymin": 282, "ymax": 369, "xmax": 478}}], [{"tid": 0, "generated": 0, "bbox": {"xmin": 609, "ymin": 46, "ymax": 369, "xmax": 1095}}, {"tid": 1, "generated": 0, "bbox": {"xmin": 440, "ymin": 208, "ymax": 370, "xmax": 596}}, {"tid": 2, "generated": 0, "bbox": {"xmin": 368, "ymin": 282, "ymax": 369, "xmax": 478}}], [{"tid": 0, "generated": 0, "bbox": {"xmin": 609, "ymin": 46, "ymax": 369, "xmax": 1095}}, {"tid": 1, "generated": 0, "bbox": {"xmin": 440, "ymin": 208, "ymax": 370, "xmax": 596}}, {"tid": 2, "generated": 0, "bbox": {"xmin": 368, "ymin": 282, "ymax": 369, "xmax": 478}}], [{"tid": 0, "generated": 0, "bbox": {"xmin": 609, "ymin": 46, "ymax": 369, "xmax": 1095}}, {"tid": 1, "generated": 0, "bbox": {"xmin": 441, "ymin": 208, "ymax": 370, "xmax": 596}}, {"tid": 2, "generated": 0, "bbox": {"xmin": 368, "ymin": 282, "ymax": 369, "xmax": 478}}], [{"tid": 0, "generated": 0, "bbox": {"xmin": 609, "ymin": 46, "ymax": 369, "xmax": 1095}}, {"tid": 1, "generated": 0, "bbox": {"xmin": 441, "ymin": 208, "ymax": 370, "xmax": 596}}, {"tid": 2, "generated": 0, "bbox": {"xmin": 368, "ymin": 282, "ymax": 369, "xmax": 478}}], [{"tid": 0, "generated": 0, "bbox": {"xmin": 609, "ymin": 46, "ymax": 369, "xmax": 1095}}, {"tid": 1, "generated": 0, "bbox": {"xmin": 441, "ymin": 208, "ymax": 369, "xmax": 595}}, {"tid": 2, "generated": 0, "bbox": {"xmin": 368, "ymin": 282, "ymax": 369, "xmax": 478}}], [{"tid": 0, "generated": 0, "bbox": {"xmin": 609, "ymin": 46, "ymax": 369, "xmax": 1095}}, {"tid": 1, "generated": 0, "bbox": {"xmin": 442, "ymin": 208, "ymax": 369, "xmax": 595}}, {"tid": 2, "generated": 0, "bbox": {"xmin": 368, "ymin": 282, "ymax": 369, "xmax": 478}}], [{"tid": 0, "generated": 0, "bbox": {"xmin": 609, "ymin": 46, "ymax": 369, "xmax": 1095}}, {"tid": 1, "generated": 0, "bbox": {"xmin": 442, "ymin": 208, "ymax": 369, "xmax": 595}}, {"tid": 2, "generated": 0, "bbox": {"xmin": 368, "ymin": 282, "ymax": 369, "xmax": 478}}], [{"tid": 0, "generated": 0, "bbox": {"xmin": 609, "ymin": 46, "ymax": 369, "xmax": 1095}}, {"tid": 1, "generated": 0, "bbox": {"xmin": 442, "ymin": 208, "ymax": 369, "xmax": 595}}, {"tid": 2, "generated": 0, "bbox": {"xmin": 368, "ymin": 282, "ymax": 369, "xmax": 478}}], [{"tid": 0, "generated": 0, "bbox": {"xmin": 609, "ymin": 46, "ymax": 369, "xmax": 1095}}, {"tid": 1, "generated": 0, "bbox": {"xmin": 443, "ymin": 208, "ymax": 369, "xmax": 595}}, {"tid": 2, "generated": 0, "bbox": {"xmin": 368, "ymin": 282, "ymax": 369, "xmax": 478}}], [{"tid": 0, "generated": 0, "bbox": {"xmin": 608, "ymin": 45, "ymax": 368, "xmax": 1095}}, {"tid": 1, "generated": 0, "bbox": {"xmin": 443, "ymin": 208, "ymax": 369, "xmax": 595}}, {"tid": 2, "generated": 0, "bbox": {"xmin": 368, "ymin": 282, "ymax": 369, "xmax": 478}}], [{"tid": 0, "generated": 0, "bbox": {"xmin": 607, "ymin": 45, "ymax": 368, "xmax": 1095}}, {"tid": 1, "generated": 0, "bbox": {"xmin": 443, "ymin": 208, "ymax": 369, "xmax": 595}}, {"tid": 2, "generated": 0, "bbox": {"xmin": 368, "ymin": 282, "ymax": 369, "xmax": 478}}], [{"tid": 0, "generated": 0, "bbox": {"xmin": 607, "ymin": 45, "ymax": 368, "xmax": 1095}}, {"tid": 1, "generated": 0, "bbox": {"xmin": 443, "ymin": 208, "ymax": 369, "xmax": 595}}, {"tid": 2, "generated": 0, "bbox": {"xmin": 368, "ymin": 282, "ymax": 369, "xmax": 478}}], [{"tid": 0, "generated": 0, "bbox": {"xmin": 606, "ymin": 45, "ymax": 368, "xmax": 1095}}, {"tid": 1, "generated": 0, "bbox": {"xmin": 444, "ymin": 208, "ymax": 369, "xmax": 595}}, {"tid": 2, "generated": 0, "bbox": {"xmin": 368, "ymin": 282, "ymax": 369, "xmax": 478}}], [{"tid": 0, "generated": 0, "bbox": {"xmin": 605, "ymin": 45, "ymax": 368, "xmax": 1095}}, {"tid": 1, "generated": 0, "bbox": {"xmin": 444, "ymin": 208, "ymax": 369, "xmax": 595}}, {"tid": 2, "generated": 0, "bbox": {"xmin": 368, "ymin": 282, "ymax": 369, "xmax": 478}}], [{"tid": 0, "generated": 0, "bbox": {"xmin": 605, "ymin": 45, "ymax": 368, "xmax": 1095}}, {"tid": 1, "generated": 0, "bbox": {"xmin": 444, "ymin": 208, "ymax": 369, "xmax": 595}}, {"tid": 2, "generated": 0, "bbox": {"xmin": 368, "ymin": 282, "ymax": 369, "xmax": 478}}], [{"tid": 0, "generated": 0, "bbox": {"xmin": 604, "ymin": 45, "ymax": 368, "xmax": 1095}}, {"tid": 1, "generated": 0, "bbox": {"xmin": 445, "ymin": 208, "ymax": 369, "xmax": 595}}, {"tid": 2, "generated": 0, "bbox": {"xmin": 368, "ymin": 282, "ymax": 369, "xmax": 478}}], [{"tid": 0, "generated": 0, "bbox": {"xmin": 603, "ymin": 44, "ymax": 368, "xmax": 1095}}, {"tid": 1, "generated": 0, "bbox": {"xmin": 445, "ymin": 208, "ymax": 369, "xmax": 595}}, {"tid": 2, "generated": 0, "bbox": {"xmin": 368, "ymin": 282, "ymax": 369, "xmax": 478}}], [{"tid": 0, "generated": 0, "bbox": {"xmin": 603, "ymin": 44, "ymax": 368, "xmax": 1095}}, {"tid": 1, "generated": 0, "bbox": {"xmin": 445, "ymin": 208, "ymax": 369, "xmax": 595}}, {"tid": 2, "generated": 0, "bbox": {"xmin": 368, "ymin": 282, "ymax": 369, "xmax": 478}}], [{"tid": 0, "generated": 0, "bbox": {"xmin": 602, "ymin": 44, "ymax": 368, "xmax": 1095}}, {"tid": 1, "generated": 0, "bbox": {"xmin": 446, "ymin": 208, "ymax": 369, "xmax": 595}}, {"tid": 2, "generated": 0, "bbox": {"xmin": 368, "ymin": 282, "ymax": 369, "xmax": 478}}], [{"tid": 0, "generated": 0, "bbox": {"xmin": 601, "ymin": 44, "ymax": 368, "xmax": 1095}}, {"tid": 1, "generated": 0, "bbox": {"xmin": 446, "ymin": 208, "ymax": 369, "xmax": 595}}, {"tid": 2, "generated": 0, "bbox": {"xmin": 368, "ymin": 282, "ymax": 369, "xmax": 478}}], [{"tid": 0, "generated": 0, "bbox": {"xmin": 601, "ymin": 44, "ymax": 368, "xmax": 1095}}, {"tid": 1, "generated": 0, "bbox": {"xmin": 446, "ymin": 208, "ymax": 369, "xmax": 595}}, {"tid": 2, "generated": 0, "bbox": {"xmin": 368, "ymin": 282, "ymax": 369, "xmax": 478}}], [{"tid": 0, "generated": 0, "bbox": {"xmin": 600, "ymin": 44, "ymax": 368, "xmax": 1095}}, {"tid": 1, "generated": 0, "bbox": {"xmin": 446, "ymin": 208, "ymax": 369, "xmax": 595}}, {"tid": 2, "generated": 0, "bbox": {"xmin": 368, "ymin": 282, "ymax": 369, "xmax": 478}}], [{"tid": 0, "generated": 0, "bbox": {"xmin": 600, "ymin": 44, "ymax": 368, "xmax": 1095}}, {"tid": 1, "generated": 0, "bbox": {"xmin": 446, "ymin": 208, "ymax": 369, "xmax": 595}}, {"tid": 2, "generated": 0, "bbox": {"xmin": 368, "ymin": 282, "ymax": 369, "xmax": 478}}]], "subject/objects": [{"category": "sheep", "tid": 0}, {"category": "sheep", "tid": 1}, {"category": "sheep", "tid": 2}], "relation_instances": [{"end_fid": 30, "subject_tid": 0, "predicate": "stand_right", "begin_fid": 0, "object_tid": 1}, {"end_fid": 30, "subject_tid": 0, "predicate": "taller", "begin_fid": 0, "object_tid": 1}, {"end_fid": 30, "subject_tid": 0, "predicate": "larger", "begin_fid": 0, "object_tid": 1}, {"end_fid": 30, "subject_tid": 1, "predicate": "walk_left", "begin_fid": 0, "object_tid": 0}, {"end_fid": 30, "subject_tid": 0, "predicate": "stand_right", "begin_fid": 0, "object_tid": 2}, {"end_fid": 30, "subject_tid": 0, "predicate": "taller", "begin_fid": 0, "object_tid": 2}, {"end_fid": 30, "subject_tid": 0, "predicate": "larger", "begin_fid": 0, "object_tid": 2}, {"end_fid": 30, "subject_tid": 2, "predicate": "lie_left", "begin_fid": 0, "object_tid": 0}, {"end_fid": 30, "subject_tid": 1, "predicate": "walk_right", "begin_fid": 0, "object_tid": 2}, {"end_fid": 30, "subject_tid": 2, "predicate": "lie_left", "begin_fid": 0, "object_tid": 1}, {"end_fid": 75, "subject_tid": 0, "predicate": "stand_right", "begin_fid": 45, "object_tid": 1}, {"end_fid": 75, "subject_tid": 0, "predicate": "taller", "begin_fid": 45, "object_tid": 1}, {"end_fid": 75, "subject_tid": 0, "predicate": "larger", "begin_fid": 45, "object_tid": 1}, {"end_fid": 75, "subject_tid": 1, "predicate": "stand_left", "begin_fid": 45, "object_tid": 0}, {"end_fid": 75, "subject_tid": 0, "predicate": "stand_right", "begin_fid": 45, "object_tid": 2}, {"end_fid": 75, "subject_tid": 0, "predicate": "taller", "begin_fid": 45, "object_tid": 2}, {"end_fid": 75, "subject_tid": 0, "predicate": "larger", "begin_fid": 45, "object_tid": 2}, {"end_fid": 75, "subject_tid": 2, "predicate": "lie_left", "begin_fid": 45, "object_tid": 0}, {"end_fid": 75, "subject_tid": 1, "predicate": "stand_right", "begin_fid": 45, "object_tid": 2}, {"end_fid": 75, "subject_tid": 2, "predicate": "lie_left", "begin_fid": 45, "object_tid": 1}], "height": 720}