{"width": 640, "frame_count": 171, "video_id": "ILSVRC2015_train_00227011", "fps": 30, "trajectories": [[{"tid": 0, "generated": 0, "bbox": {"xmin": 160, "ymin": 117, "ymax": 271, "xmax": 409}}, {"tid": 1, "generated": 0, "bbox": {"xmin": 231, "ymin": 143, "ymax": 203, "xmax": 269}}, {"tid": 2, "generated": 0, "bbox": {"xmin": 294, "ymin": 154, "ymax": 196, "xmax": 332}}], [{"tid": 0, "generated": 0, "bbox": {"xmin": 159, "ymin": 116, "ymax": 270, "xmax": 408}}, {"tid": 1, "generated": 0, "bbox": {"xmin": 230, "ymin": 143, "ymax": 203, "xmax": 268}}, {"tid": 2, "generated": 0, "bbox": {"xmin": 294, "ymin": 154, "ymax": 196, "xmax": 332}}], [{"tid": 0, "generated": 0, "bbox": {"xmin": 158, "ymin": 116, "ymax": 270, "xmax": 408}}, {"tid": 1, "generated": 0, "bbox": {"xmin": 229, "ymin": 143, "ymax": 203, "xmax": 267}}, {"tid": 2, "generated": 0, "bbox": {"xmin": 294, "ymin": 154, "ymax": 196, "xmax": 332}}], [{"tid": 0, "generated": 0, "bbox": {"xmin": 157, "ymin": 115, "ymax": 270, "xmax": 407}}, {"tid": 1, "generated": 0, "bbox": {"xmin": 227, "ymin": 143, "ymax": 203, "xmax": 265}}, {"tid": 2, "generated": 0, "bbox": {"xmin": 294, "ymin": 154, "ymax": 196, "xmax": 332}}], [{"tid": 0, "generated": 0, "bbox": {"xmin": 157, "ymin": 115, "ymax": 270, "xmax": 407}}, {"tid": 1, "generated": 0, "bbox": {"xmin": 226, "ymin": 143, "ymax": 203, "xmax": 264}}, {"tid": 2, "generated": 0, "bbox": {"xmin": 294, "ymin": 154, "ymax": 196, "xmax": 332}}], [{"tid": 0, "generated": 0, "bbox": {"xmin": 156, "ymin": 115, "ymax": 270, "xmax": 406}}, {"tid": 1, "generated": 0, "bbox": {"xmin": 225, "ymin": 143, "ymax": 203, "xmax": 263}}, {"tid": 2, "generated": 0, "bbox": {"xmin": 294, "ymin": 154, "ymax": 196, "xmax": 332}}], [{"tid": 0, "generated": 0, "bbox": {"xmin": 155, "ymin": 114, "ymax": 269, "xmax": 406}}, {"tid": 1, "generated": 0, "bbox": {"xmin": 225, "ymin": 143, "ymax": 203, "xmax": 263}}, {"tid": 2, "generated": 0, "bbox": {"xmin": 294, "ymin": 154, "ymax": 196, "xmax": 330}}], [{"tid": 0, "generated": 0, "bbox": {"xmin": 155, "ymin": 114, "ymax": 269, "xmax": 405}}, {"tid": 1, "generated": 0, "bbox": {"xmin": 225, "ymin": 143, "ymax": 203, "xmax": 263}}, {"tid": 2, "generated": 0, "bbox": {"xmin": 294, "ymin": 154, "ymax": 196, "xmax": 329}}], [{"tid": 0, "generated": 0, "bbox": {"xmin": 154, "ymin": 113, "ymax": 269, "xmax": 405}}, {"tid": 1, "generated": 0, "bbox": {"xmin": 224, "ymin": 142, "ymax": 202, "xmax": 262}}, {"tid": 2, "generated": 0, "bbox": {"xmin": 294, "ymin": 154, "ymax": 196, "xmax": 327}}], [{"tid": 0, "generated": 0, "bbox": {"xmin": 153, "ymin": 113, "ymax": 269, "xmax": 404}}, {"tid": 1, "generated": 0, "bbox": {"xmin": 224, "ymin": 142, "ymax": 202, "xmax": 262}}, {"tid": 2, "generated": 0, "bbox": {"xmin": 294, "ymin": 154, "ymax": 196, "xmax": 326}}], [{"tid": 0, "generated": 0, "bbox": {"xmin": 153, "ymin": 113, "ymax": 269, "xmax": 404}}, {"tid": 1, "generated": 0, "bbox": {"xmin": 224, "ymin": 142, "ymax": 202, "xmax": 262}}, {"tid": 2, "generated": 0, "bbox": {"xmin": 294, "ymin": 154, "ymax": 196, "xmax": 324}}], [{"tid": 0, "generated": 0, "bbox": {"xmin": 152, "ymin": 113, "ymax": 269, "xmax": 402}}, {"tid": 1, "generated": 0, "bbox": {"xmin": 222, "ymin": 142, "ymax": 202, "xmax": 260}}, {"tid": 2, "generated": 0, "bbox": {"xmin": 292, "ymin": 154, "ymax": 196, "xmax": 322}}], [{"tid": 0, "generated": 0, "bbox": {"xmin": 151, "ymin": 113, "ymax": 269, "xmax": 401}}, {"tid": 1, "generated": 0, "bbox": {"xmin": 220, "ymin": 141, "ymax": 201, "xmax": 258}}, {"tid": 2, "generated": 0, "bbox": {"xmin": 290, "ymin": 154, "ymax": 196, "xmax": 320}}], [{"tid": 0, "generated": 0, "bbox": {"xmin": 150, "ymin": 113, "ymax": 269, "xmax": 400}}, {"tid": 1, "generated": 0, "bbox": {"xmin": 219, "ymin": 141, "ymax": 201, "xmax": 257}}, {"tid": 2, "generated": 0, "bbox": {"xmin": 287, "ymin": 153, "ymax": 195, "xmax": 317}}], [{"tid": 0, "generated": 0, "bbox": {"xmin": 149, "ymin": 114, "ymax": 269, "xmax": 399}}, {"tid": 1, "generated": 0, "bbox": {"xmin": 217, "ymin": 140, "ymax": 200, "xmax": 255}}, {"tid": 2, "generated": 0, "bbox": {"xmin": 285, "ymin": 153, "ymax": 195, "xmax": 315}}], [{"tid": 0, "generated": 0, "bbox": {"xmin": 148, "ymin": 114, "ymax": 269, "xmax": 398}}, {"tid": 1, "generated": 0, "bbox": {"xmin": 215, "ymin": 140, "ymax": 200, "xmax": 253}}, {"tid": 2, "generated": 0, "bbox": {"xmin": 283, "ymin": 153, "ymax": 195, "xmax": 313}}], [{"tid": 0, "generated": 0, "bbox": {"xmin": 147, "ymin": 114, "ymax": 269, "xmax": 396}}, {"tid": 1, "generated": 0, "bbox": {"xmin": 214, "ymin": 140, "ymax": 200, "xmax": 252}}, {"tid": 2, "generated": 0, "bbox": {"xmin": 282, "ymin": 153, "ymax": 195, "xmax": 312}}], [{"tid": 0, "generated": 0, "bbox": {"xmin": 146, "ymin": 115, "ymax": 269, "xmax": 395}}, {"tid": 1, "generated": 0, "bbox": {"xmin": 213, "ymin": 140, "ymax": 200, "xmax": 251}}, {"tid": 2, "generated": 0, "bbox": {"xmin": 281, "ymin": 153, "ymax": 195, "xmax": 311}}], [{"tid": 0, "generated": 0, "bbox": {"xmin": 145, "ymin": 115, "ymax": 269, "xmax": 394}}, {"tid": 1, "generated": 0, "bbox": {"xmin": 212, "ymin": 140, "ymax": 200, "xmax": 250}}, {"tid": 2, "generated": 0, "bbox": {"xmin": 281, "ymin": 153, "ymax": 195, "xmax": 311}}], [{"tid": 0, "generated": 0, "bbox": {"xmin": 144, "ymin": 115, "ymax": 269, "xmax": 393}}, {"tid": 1, "generated": 0, "bbox": {"xmin": 211, "ymin": 140, "ymax": 200, "xmax": 249}}, {"tid": 2, "generated": 0, "bbox": {"xmin": 280, "ymin": 153, "ymax": 195, "xmax": 310}}], [{"tid": 0, "generated": 0, "bbox": {"xmin": 144, "ymin": 116, "ymax": 270, "xmax": 392}}, {"tid": 1, "generated": 0, "bbox": {"xmin": 210, "ymin": 140, "ymax": 200, "xmax": 248}}, {"tid": 2, "generated": 0, "bbox": {"xmin": 279, "ymin": 153, "ymax": 195, "xmax": 309}}], [{"tid": 0, "generated": 0, "bbox": {"xmin": 143, "ymin": 116, "ymax": 270, "xmax": 392}}, {"tid": 1, "generated": 0, "bbox": {"xmin": 209, "ymin": 140, "ymax": 200, "xmax": 247}}, {"tid": 2, "generated": 0, "bbox": {"xmin": 279, "ymin": 153, "ymax": 195, "xmax": 309}}], [{"tid": 0, "generated": 0, "bbox": {"xmin": 142, "ymin": 116, "ymax": 270, "xmax": 392}}, {"tid": 1, "generated": 0, "bbox": {"xmin": 208, "ymin": 141, "ymax": 201, "xmax": 246}}, {"tid": 2, "generated": 0, "bbox": {"xmin": 279, "ymin": 153, "ymax": 195, "xmax": 309}}], [{"tid": 0, "generated": 0, "bbox": {"xmin": 141, "ymin": 116, "ymax": 270, "xmax": 392}}, {"tid": 1, "generated": 0, "bbox": {"xmin": 208, "ymin": 141, "ymax": 201, "xmax": 246}}, {"tid": 2, "generated": 0, "bbox": {"xmin": 279, "ymin": 153, "ymax": 195, "xmax": 309}}], [{"tid": 0, "generated": 0, "bbox": {"xmin": 140, "ymin": 116, "ymax": 270, "xmax": 392}}, {"tid": 1, "generated": 0, "bbox": {"xmin": 207, "ymin": 142, "ymax": 202, "xmax": 245}}, {"tid": 2, "generated": 0, "bbox": {"xmin": 279, "ymin": 153, "ymax": 195, "xmax": 309}}], [{"tid": 0, "generated": 0, "bbox": {"xmin": 140, "ymin": 116, "ymax": 270, "xmax": 392}}, {"tid": 1, "generated": 0, "bbox": {"xmin": 206, "ymin": 142, "ymax": 202, "xmax": 244}}, {"tid": 2, "generated": 0, "bbox": {"xmin": 279, "ymin": 153, "ymax": 195, "xmax": 309}}], [{"tid": 0, "generated": 0, "bbox": {"xmin": 139, "ymin": 116, "ymax": 270, "xmax": 392}}, {"tid": 1, "generated": 0, "bbox": {"xmin": 206, "ymin": 143, "ymax": 203, "xmax": 244}}, {"tid": 2, "generated": 0, "bbox": {"xmin": 279, "ymin": 153, "ymax": 195, "xmax": 309}}], [{"tid": 0, "generated": 0, "bbox": {"xmin": 138, "ymin": 116, "ymax": 270, "xmax": 392}}, {"tid": 1, "generated": 0, "bbox": {"xmin": 205, "ymin": 143, "ymax": 203, "xmax": 243}}, {"tid": 2, "generated": 0, "bbox": {"xmin": 279, "ymin": 153, "ymax": 195, "xmax": 309}}], [{"tid": 0, "generated": 0, "bbox": {"xmin": 137, "ymin": 116, "ymax": 270, "xmax": 392}}, {"tid": 1, "generated": 0, "bbox": {"xmin": 205, "ymin": 144, "ymax": 204, "xmax": 243}}, {"tid": 2, "generated": 0, "bbox": {"xmin": 279, "ymin": 153, "ymax": 195, "xmax": 309}}], [{"tid": 0, "generated": 0, "bbox": {"xmin": 136, "ymin": 116, "ymax": 270, "xmax": 392}}, {"tid": 1, "generated": 0, "bbox": {"xmin": 204, "ymin": 144, "ymax": 204, "xmax": 242}}, {"tid": 2, "generated": 0, "bbox": {"xmin": 279, "ymin": 153, "ymax": 195, "xmax": 309}}], [], [], [], [], [], [], [], [], [], [], [], [], [], [], [], [], [], [], [], [], [], [], [], [], [], [], [], [], [], [], [], [], [], [], [], [], [], [], [], [], [], [], [], [], [], [], [], [], [], [], [], [], [], [], [], [], [], [], [], [], [], [], [], [], [], [], [], [], [], [], [], [], [], [], [], [], [], [], [], [], [], [], [], [], [], [], [], [], [], [], [], [], [], [], [], [], [], [], [], [], [], [], [], [], [], [{"tid": 0, "generated": 0, "bbox": {"xmin": 162, "ymin": 142, "ymax": 302, "xmax": 424}}, {"tid": 1, "generated": 0, "bbox": {"xmin": 232, "ymin": 157, "ymax": 217, "xmax": 270}}, {"tid": 2, "generated": 0, "bbox": {"xmin": 311, "ymin": 174, "ymax": 216, "xmax": 341}}], [{"tid": 0, "generated": 0, "bbox": {"xmin": 162, "ymin": 142, "ymax": 302, "xmax": 424}}, {"tid": 1, "generated": 0, "bbox": {"xmin": 232, "ymin": 157, "ymax": 217, "xmax": 270}}, {"tid": 2, "generated": 0, "bbox": {"xmin": 311, "ymin": 174, "ymax": 216, "xmax": 341}}], [{"tid": 0, "generated": 0, "bbox": {"xmin": 161, "ymin": 142, "ymax": 302, "xmax": 424}}, {"tid": 1, "generated": 0, "bbox": {"xmin": 232, "ymin": 157, "ymax": 217, "xmax": 270}}, {"tid": 2, "generated": 0, "bbox": {"xmin": 312, "ymin": 174, "ymax": 216, "xmax": 342}}], [{"tid": 0, "generated": 0, "bbox": {"xmin": 161, "ymin": 142, "ymax": 302, "xmax": 424}}, {"tid": 1, "generated": 0, "bbox": {"xmin": 232, "ymin": 157, "ymax": 217, "xmax": 270}}, {"tid": 2, "generated": 0, "bbox": {"xmin": 312, "ymin": 173, "ymax": 215, "xmax": 342}}], [{"tid": 0, "generated": 0, "bbox": {"xmin": 160, "ymin": 142, "ymax": 302, "xmax": 424}}, {"tid": 1, "generated": 0, "bbox": {"xmin": 232, "ymin": 157, "ymax": 217, "xmax": 270}}, {"tid": 2, "generated": 0, "bbox": {"xmin": 313, "ymin": 173, "ymax": 215, "xmax": 343}}], [{"tid": 0, "generated": 0, "bbox": {"xmin": 160, "ymin": 142, "ymax": 302, "xmax": 424}}, {"tid": 1, "generated": 0, "bbox": {"xmin": 232, "ymin": 157, "ymax": 217, "xmax": 270}}, {"tid": 2, "generated": 0, "bbox": {"xmin": 313, "ymin": 173, "ymax": 215, "xmax": 343}}], [{"tid": 0, "generated": 0, "bbox": {"xmin": 160, "ymin": 142, "ymax": 302, "xmax": 424}}, {"tid": 1, "generated": 0, "bbox": {"xmin": 232, "ymin": 157, "ymax": 217, "xmax": 270}}, {"tid": 2, "generated": 0, "bbox": {"xmin": 314, "ymin": 172, "ymax": 214, "xmax": 344}}], [{"tid": 0, "generated": 0, "bbox": {"xmin": 159, "ymin": 142, "ymax": 302, "xmax": 424}}, {"tid": 1, "generated": 0, "bbox": {"xmin": 232, "ymin": 157, "ymax": 217, "xmax": 270}}, {"tid": 2, "generated": 0, "bbox": {"xmin": 314, "ymin": 171, "ymax": 213, "xmax": 344}}], [{"tid": 0, "generated": 0, "bbox": {"xmin": 159, "ymin": 142, "ymax": 302, "xmax": 424}}, {"tid": 1, "generated": 0, "bbox": {"xmin": 233, "ymin": 157, "ymax": 217, "xmax": 271}}, {"tid": 2, "generated": 0, "bbox": {"xmin": 315, "ymin": 169, "ymax": 211, "xmax": 345}}], [{"tid": 0, "generated": 0, "bbox": {"xmin": 158, "ymin": 142, "ymax": 302, "xmax": 424}}, {"tid": 1, "generated": 0, "bbox": {"xmin": 233, "ymin": 157, "ymax": 217, "xmax": 271}}, {"tid": 2, "generated": 0, "bbox": {"xmin": 315, "ymin": 168, "ymax": 210, "xmax": 345}}], [{"tid": 0, "generated": 0, "bbox": {"xmin": 158, "ymin": 142, "ymax": 302, "xmax": 424}}, {"tid": 1, "generated": 0, "bbox": {"xmin": 233, "ymin": 157, "ymax": 217, "xmax": 271}}, {"tid": 2, "generated": 0, "bbox": {"xmin": 316, "ymin": 167, "ymax": 209, "xmax": 346}}], [{"tid": 0, "generated": 0, "bbox": {"xmin": 157, "ymin": 142, "ymax": 302, "xmax": 424}}, {"tid": 1, "generated": 0, "bbox": {"xmin": 231, "ymin": 157, "ymax": 217, "xmax": 269}}, {"tid": 2, "generated": 0, "bbox": {"xmin": 315, "ymin": 167, "ymax": 209, "xmax": 345}}], [{"tid": 0, "generated": 0, "bbox": {"xmin": 157, "ymin": 142, "ymax": 302, "xmax": 424}}, {"tid": 1, "generated": 0, "bbox": {"xmin": 229, "ymin": 157, "ymax": 217, "xmax": 267}}, {"tid": 2, "generated": 0, "bbox": {"xmin": 314, "ymin": 167, "ymax": 209, "xmax": 344}}], [{"tid": 0, "generated": 0, "bbox": {"xmin": 156, "ymin": 142, "ymax": 302, "xmax": 424}}, {"tid": 1, "generated": 0, "bbox": {"xmin": 228, "ymin": 157, "ymax": 217, "xmax": 266}}, {"tid": 2, "generated": 0, "bbox": {"xmin": 312, "ymin": 168, "ymax": 210, "xmax": 342}}], [{"tid": 0, "generated": 0, "bbox": {"xmin": 156, "ymin": 142, "ymax": 302, "xmax": 424}}, {"tid": 1, "generated": 0, "bbox": {"xmin": 226, "ymin": 157, "ymax": 217, "xmax": 264}}, {"tid": 2, "generated": 0, "bbox": {"xmin": 311, "ymin": 168, "ymax": 210, "xmax": 341}}], [{"tid": 0, "generated": 0, "bbox": {"xmin": 156, "ymin": 142, "ymax": 302, "xmax": 424}}, {"tid": 1, "generated": 0, "bbox": {"xmin": 224, "ymin": 157, "ymax": 217, "xmax": 262}}, {"tid": 2, "generated": 0, "bbox": {"xmin": 310, "ymin": 168, "ymax": 210, "xmax": 340}}], [{"tid": 0, "generated": 0, "bbox": {"xmin": 154, "ymin": 142, "ymax": 302, "xmax": 423}}, {"tid": 1, "generated": 0, "bbox": {"xmin": 224, "ymin": 157, "ymax": 217, "xmax": 262}}, {"tid": 2, "generated": 0, "bbox": {"xmin": 310, "ymin": 168, "ymax": 210, "xmax": 340}}], [{"tid": 0, "generated": 0, "bbox": {"xmin": 153, "ymin": 142, "ymax": 302, "xmax": 423}}, {"tid": 1, "generated": 0, "bbox": {"xmin": 224, "ymin": 157, "ymax": 217, "xmax": 262}}, {"tid": 2, "generated": 0, "bbox": {"xmin": 311, "ymin": 168, "ymax": 210, "xmax": 341}}], [{"tid": 0, "generated": 0, "bbox": {"xmin": 152, "ymin": 142, "ymax": 302, "xmax": 423}}, {"tid": 1, "generated": 0, "bbox": {"xmin": 225, "ymin": 157, "ymax": 217, "xmax": 263}}, {"tid": 2, "generated": 0, "bbox": {"xmin": 311, "ymin": 168, "ymax": 210, "xmax": 341}}], [{"tid": 0, "generated": 0, "bbox": {"xmin": 151, "ymin": 142, "ymax": 303, "xmax": 423}}, {"tid": 1, "generated": 0, "bbox": {"xmin": 225, "ymin": 157, "ymax": 217, "xmax": 263}}, {"tid": 2, "generated": 0, "bbox": {"xmin": 312, "ymin": 168, "ymax": 210, "xmax": 342}}], [{"tid": 0, "generated": 0, "bbox": {"xmin": 150, "ymin": 142, "ymax": 303, "xmax": 423}}, {"tid": 1, "generated": 0, "bbox": {"xmin": 225, "ymin": 157, "ymax": 217, "xmax": 263}}, {"tid": 2, "generated": 0, "bbox": {"xmin": 312, "ymin": 168, "ymax": 210, "xmax": 342}}], [{"tid": 0, "generated": 0, "bbox": {"xmin": 148, "ymin": 142, "ymax": 303, "xmax": 423}}, {"tid": 1, "generated": 0, "bbox": {"xmin": 225, "ymin": 157, "ymax": 217, "xmax": 263}}, {"tid": 2, "generated": 0, "bbox": {"xmin": 312, "ymin": 168, "ymax": 210, "xmax": 342}}], [{"tid": 0, "generated": 0, "bbox": {"xmin": 147, "ymin": 142, "ymax": 304, "xmax": 423}}, {"tid": 1, "generated": 0, "bbox": {"xmin": 225, "ymin": 157, "ymax": 217, "xmax": 263}}, {"tid": 2, "generated": 0, "bbox": {"xmin": 312, "ymin": 168, "ymax": 210, "xmax": 342}}], [{"tid": 0, "generated": 0, "bbox": {"xmin": 146, "ymin": 142, "ymax": 304, "xmax": 423}}, {"tid": 1, "generated": 0, "bbox": {"xmin": 225, "ymin": 157, "ymax": 217, "xmax": 263}}, {"tid": 2, "generated": 0, "bbox": {"xmin": 311, "ymin": 168, "ymax": 210, "xmax": 341}}], [{"tid": 0, "generated": 0, "bbox": {"xmin": 145, "ymin": 142, "ymax": 304, "xmax": 423}}, {"tid": 1, "generated": 0, "bbox": {"xmin": 225, "ymin": 157, "ymax": 217, "xmax": 263}}, {"tid": 2, "generated": 0, "bbox": {"xmin": 311, "ymin": 168, "ymax": 210, "xmax": 341}}], [{"tid": 0, "generated": 0, "bbox": {"xmin": 144, "ymin": 142, "ymax": 305, "xmax": 423}}, {"tid": 1, "generated": 0, "bbox": {"xmin": 225, "ymin": 157, "ymax": 217, "xmax": 263}}, {"tid": 2, "generated": 0, "bbox": {"xmin": 311, "ymin": 168, "ymax": 210, "xmax": 341}}], [{"tid": 0, "generated": 0, "bbox": {"xmin": 144, "ymin": 141, "ymax": 305, "xmax": 423}}, {"tid": 1, "generated": 0, "bbox": {"xmin": 225, "ymin": 158, "ymax": 218, "xmax": 263}}, {"tid": 2, "generated": 0, "bbox": {"xmin": 310, "ymin": 168, "ymax": 210, "xmax": 340}}], [{"tid": 0, "generated": 0, "bbox": {"xmin": 144, "ymin": 141, "ymax": 306, "xmax": 424}}, {"tid": 1, "generated": 0, "bbox": {"xmin": 225, "ymin": 158, "ymax": 218, "xmax": 263}}, {"tid": 2, "generated": 0, "bbox": {"xmin": 310, "ymin": 168, "ymax": 210, "xmax": 340}}], [{"tid": 0, "generated": 0, "bbox": {"xmin": 144, "ymin": 141, "ymax": 306, "xmax": 425}}, {"tid": 1, "generated": 0, "bbox": {"xmin": 224, "ymin": 159, "ymax": 219, "xmax": 262}}, {"tid": 2, "generated": 0, "bbox": {"xmin": 309, "ymin": 168, "ymax": 210, "xmax": 339}}], [{"tid": 0, "generated": 0, "bbox": {"xmin": 144, "ymin": 141, "ymax": 307, "xmax": 425}}, {"tid": 1, "generated": 0, "bbox": {"xmin": 224, "ymin": 159, "ymax": 219, "xmax": 262}}, {"tid": 2, "generated": 0, "bbox": {"xmin": 309, "ymin": 168, "ymax": 210, "xmax": 339}}]], "subject/objects": [{"category": "watercraft", "tid": 0}, {"category": "person", "tid": 1}, {"category": "person", "tid": 2}], "relation_instances": [{"end_fid": 30, "subject_tid": 1, "predicate": "sit_inside", "begin_fid": 0, "object_tid": 0}, {"end_fid": 30, "subject_tid": 1, "predicate": "drive", "begin_fid": 0, "object_tid": 0}, {"end_fid": 30, "subject_tid": 2, "predicate": "sit_inside", "begin_fid": 0, "object_tid": 0}, {"end_fid": 30, "subject_tid": 2, "predicate": "drive", "begin_fid": 0, "object_tid": 0}, {"end_fid": 30, "subject_tid": 1, "predicate": "sit_next_to", "begin_fid": 0, "object_tid": 2}, {"end_fid": 30, "subject_tid": 1, "predicate": "sit_left", "begin_fid": 0, "object_tid": 2}, {"end_fid": 30, "subject_tid": 2, "predicate": "sit_next_to", "begin_fid": 0, "object_tid": 1}, {"end_fid": 30, "subject_tid": 2, "predicate": "sit_right", "begin_fid": 0, "object_tid": 1}, {"end_fid": 165, "subject_tid": 1, "predicate": "sit_inside", "begin_fid": 135, "object_tid": 0}, {"end_fid": 165, "subject_tid": 1, "predicate": "drive", "begin_fid": 135, "object_tid": 0}, {"end_fid": 165, "subject_tid": 2, "predicate": "sit_inside", "begin_fid": 135, "object_tid": 0}, {"end_fid": 165, "subject_tid": 2, "predicate": "drive", "begin_fid": 135, "object_tid": 0}, {"end_fid": 165, "subject_tid": 1, "predicate": "sit_next_to", "begin_fid": 135, "object_tid": 2}, {"end_fid": 165, "subject_tid": 1, "predicate": "sit_left", "begin_fid": 135, "object_tid": 2}, {"end_fid": 165, "subject_tid": 2, "predicate": "sit_next_to", "begin_fid": 135, "object_tid": 1}, {"end_fid": 165, "subject_tid": 2, "predicate": "sit_right", "begin_fid": 135, "object_tid": 1}], "height": 480}