{"width": 1920, "frame_count": 64, "video_id": "ILSVRC2015_train_00010009", "fps": 30, "trajectories": [[{"tid": 0, "generated": 0, "bbox": {"xmin": 816, "ymin": 506, "ymax": 680, "xmax": 904}}, {"tid": 1, "generated": 0, "bbox": {"xmin": 810, "ymin": 398, "ymax": 609, "xmax": 914}}], [{"tid": 0, "generated": 0, "bbox": {"xmin": 811, "ymin": 510, "ymax": 684, "xmax": 901}}, {"tid": 1, "generated": 0, "bbox": {"xmin": 805, "ymin": 397, "ymax": 609, "xmax": 913}}], [{"tid": 0, "generated": 0, "bbox": {"xmin": 806, "ymin": 515, "ymax": 689, "xmax": 899}}, {"tid": 1, "generated": 0, "bbox": {"xmin": 801, "ymin": 396, "ymax": 609, "xmax": 912}}], [{"tid": 0, "generated": 0, "bbox": {"xmin": 801, "ymin": 520, "ymax": 694, "xmax": 897}}, {"tid": 1, "generated": 0, "bbox": {"xmin": 796, "ymin": 395, "ymax": 609, "xmax": 911}}], [{"tid": 0, "generated": 0, "bbox": {"xmin": 796, "ymin": 525, "ymax": 699, "xmax": 895}}, {"tid": 1, "generated": 0, "bbox": {"xmin": 792, "ymin": 394, "ymax": 609, "xmax": 910}}], [{"tid": 0, "generated": 0, "bbox": {"xmin": 792, "ymin": 530, "ymax": 704, "xmax": 893}}, {"tid": 1, "generated": 0, "bbox": {"xmin": 787, "ymin": 393, "ymax": 609, "xmax": 909}}], [{"tid": 0, "generated": 0, "bbox": {"xmin": 777, "ymin": 526, "ymax": 717, "xmax": 886}}, {"tid": 1, "generated": 0, "bbox": {"xmin": 777, "ymin": 397, "ymax": 621, "xmax": 906}}], [{"tid": 0, "generated": 0, "bbox": {"xmin": 762, "ymin": 522, "ymax": 730, "xmax": 880}}, {"tid": 1, "generated": 0, "bbox": {"xmin": 753, "ymin": 400, "ymax": 633, "xmax": 903}}], [{"tid": 0, "generated": 0, "bbox": {"xmin": 753, "ymin": 530, "ymax": 756, "xmax": 877}}, {"tid": 1, "generated": 0, "bbox": {"xmin": 755, "ymin": 402, "ymax": 642, "xmax": 904}}], [{"tid": 0, "generated": 0, "bbox": {"xmin": 744, "ymin": 538, "ymax": 782, "xmax": 874}}, {"tid": 1, "generated": 0, "bbox": {"xmin": 743, "ymin": 407, "ymax": 656, "xmax": 896}}], [{"tid": 0, "generated": 0, "bbox": {"xmin": 736, "ymin": 546, "ymax": 808, "xmax": 872}}, {"tid": 1, "generated": 0, "bbox": {"xmin": 745, "ymin": 411, "ymax": 668, "xmax": 896}}], [{"tid": 0, "generated": 0, "bbox": {"xmin": 717, "ymin": 548, "ymax": 818, "xmax": 862}}, {"tid": 1, "generated": 0, "bbox": {"xmin": 741, "ymin": 412, "ymax": 676, "xmax": 886}}], [{"tid": 0, "generated": 0, "bbox": {"xmin": 699, "ymin": 550, "ymax": 828, "xmax": 852}}, {"tid": 1, "generated": 0, "bbox": {"xmin": 713, "ymin": 396, "ymax": 684, "xmax": 880}}], [{"tid": 0, "generated": 0, "bbox": {"xmin": 681, "ymin": 552, "ymax": 838, "xmax": 843}}, {"tid": 1, "generated": 0, "bbox": {"xmin": 698, "ymin": 395, "ymax": 693, "xmax": 873}}], [{"tid": 0, "generated": 0, "bbox": {"xmin": 663, "ymin": 554, "ymax": 848, "xmax": 833}}, {"tid": 1, "generated": 0, "bbox": {"xmin": 698, "ymin": 392, "ymax": 685, "xmax": 875}}], [{"tid": 0, "generated": 0, "bbox": {"xmin": 645, "ymin": 557, "ymax": 858, "xmax": 824}}, {"tid": 1, "generated": 0, "bbox": {"xmin": 666, "ymin": 373, "ymax": 709, "xmax": 860}}], [{"tid": 0, "generated": 0, "bbox": {"xmin": 618, "ymin": 557, "ymax": 872, "xmax": 824}}, {"tid": 1, "generated": 0, "bbox": {"xmin": 651, "ymin": 364, "ymax": 719, "xmax": 849}}], [{"tid": 0, "generated": 0, "bbox": {"xmin": 592, "ymin": 558, "ymax": 886, "xmax": 824}}, {"tid": 1, "generated": 0, "bbox": {"xmin": 656, "ymin": 359, "ymax": 712, "xmax": 851}}], [{"tid": 0, "generated": 0, "bbox": {"xmin": 566, "ymin": 558, "ymax": 901, "xmax": 824}}, {"tid": 1, "generated": 0, "bbox": {"xmin": 612, "ymin": 340, "ymax": 751, "xmax": 828}}], [{"tid": 0, "generated": 0, "bbox": {"xmin": 540, "ymin": 559, "ymax": 915, "xmax": 824}}, {"tid": 1, "generated": 0, "bbox": {"xmin": 597, "ymin": 328, "ymax": 758, "xmax": 817}}], [{"tid": 0, "generated": 0, "bbox": {"xmin": 514, "ymin": 560, "ymax": 930, "xmax": 824}}, {"tid": 1, "generated": 0, "bbox": {"xmin": 592, "ymin": 329, "ymax": 759, "xmax": 806}}], [{"tid": 0, "generated": 0, "bbox": {"xmin": 485, "ymin": 554, "ymax": 947, "xmax": 843}}, {"tid": 1, "generated": 0, "bbox": {"xmin": 558, "ymin": 324, "ymax": 781, "xmax": 806}}], [{"tid": 0, "generated": 0, "bbox": {"xmin": 456, "ymin": 549, "ymax": 965, "xmax": 862}}, {"tid": 1, "generated": 0, "bbox": {"xmin": 528, "ymin": 319, "ymax": 788, "xmax": 806}}], [{"tid": 0, "generated": 0, "bbox": {"xmin": 427, "ymin": 543, "ymax": 982, "xmax": 881}}, {"tid": 1, "generated": 0, "bbox": {"xmin": 523, "ymin": 313, "ymax": 802, "xmax": 807}}], [{"tid": 0, "generated": 0, "bbox": {"xmin": 398, "ymin": 538, "ymax": 1000, "xmax": 900}}, {"tid": 1, "generated": 0, "bbox": {"xmin": 500, "ymin": 308, "ymax": 817, "xmax": 807}}], [{"tid": 0, "generated": 0, "bbox": {"xmin": 370, "ymin": 533, "ymax": 1018, "xmax": 920}}, {"tid": 1, "generated": 0, "bbox": {"xmin": 477, "ymin": 303, "ymax": 831, "xmax": 807}}], [{"tid": 0, "generated": 0, "bbox": {"xmin": 350, "ymin": 530, "ymax": 1022, "xmax": 941}}, {"tid": 1, "generated": 0, "bbox": {"xmin": 471, "ymin": 302, "ymax": 840, "xmax": 809}}], [{"tid": 0, "generated": 0, "bbox": {"xmin": 330, "ymin": 527, "ymax": 1027, "xmax": 963}}, {"tid": 1, "generated": 0, "bbox": {"xmin": 458, "ymin": 275, "ymax": 849, "xmax": 811}}], [{"tid": 0, "generated": 0, "bbox": {"xmin": 311, "ymin": 525, "ymax": 1032, "xmax": 985}}, {"tid": 1, "generated": 0, "bbox": {"xmin": 447, "ymin": 261, "ymax": 857, "xmax": 813}}], [{"tid": 0, "generated": 0, "bbox": {"xmin": 291, "ymin": 522, "ymax": 1037, "xmax": 1007}}, {"tid": 1, "generated": 0, "bbox": {"xmin": 447, "ymin": 254, "ymax": 860, "xmax": 789}}], [{"tid": 0, "generated": 0, "bbox": {"xmin": 272, "ymin": 520, "ymax": 1042, "xmax": 1029}}, {"tid": 1, "generated": 0, "bbox": {"xmin": 449, "ymin": 233, "ymax": 875, "xmax": 817}}], [{"tid": 0, "generated": 0, "bbox": {"xmin": 273, "ymin": 514, "ymax": 1030, "xmax": 1034}}, {"tid": 1, "generated": 0, "bbox": {"xmin": 460, "ymin": 224, "ymax": 874, "xmax": 849}}], [{"tid": 0, "generated": 0, "bbox": {"xmin": 274, "ymin": 509, "ymax": 1019, "xmax": 1039}}, {"tid": 1, "generated": 0, "bbox": {"xmin": 455, "ymin": 227, "ymax": 874, "xmax": 849}}], [{"tid": 0, "generated": 0, "bbox": {"xmin": 275, "ymin": 503, "ymax": 1008, "xmax": 1045}}, {"tid": 1, "generated": 0, "bbox": {"xmin": 481, "ymin": 221, "ymax": 873, "xmax": 917}}], [{"tid": 0, "generated": 0, "bbox": {"xmin": 276, "ymin": 498, "ymax": 997, "xmax": 1050}}, {"tid": 1, "generated": 0, "bbox": {"xmin": 501, "ymin": 229, "ymax": 873, "xmax": 941}}], [{"tid": 0, "generated": 0, "bbox": {"xmin": 277, "ymin": 493, "ymax": 986, "xmax": 1056}}, {"tid": 1, "generated": 0, "bbox": {"xmin": 502, "ymin": 228, "ymax": 872, "xmax": 946}}], [{"tid": 0, "generated": 0, "bbox": {"xmin": 318, "ymin": 499, "ymax": 979, "xmax": 1056}}, {"tid": 1, "generated": 0, "bbox": {"xmin": 542, "ymin": 250, "ymax": 865, "xmax": 989}}], [{"tid": 0, "generated": 0, "bbox": {"xmin": 359, "ymin": 505, "ymax": 973, "xmax": 1056}}, {"tid": 1, "generated": 0, "bbox": {"xmin": 567, "ymin": 260, "ymax": 858, "xmax": 998}}], [{"tid": 0, "generated": 0, "bbox": {"xmin": 400, "ymin": 512, "ymax": 966, "xmax": 1056}}, {"tid": 1, "generated": 0, "bbox": {"xmin": 567, "ymin": 265, "ymax": 851, "xmax": 999}}], [{"tid": 0, "generated": 0, "bbox": {"xmin": 441, "ymin": 518, "ymax": 960, "xmax": 1056}}, {"tid": 1, "generated": 0, "bbox": {"xmin": 621, "ymin": 291, "ymax": 844, "xmax": 1010}}], [{"tid": 0, "generated": 0, "bbox": {"xmin": 482, "ymin": 525, "ymax": 954, "xmax": 1056}}, {"tid": 1, "generated": 0, "bbox": {"xmin": 630, "ymin": 307, "ymax": 837, "xmax": 1015}}], [{"tid": 0, "generated": 0, "bbox": {"xmin": 519, "ymin": 521, "ymax": 941, "xmax": 1044}}, {"tid": 1, "generated": 0, "bbox": {"xmin": 632, "ymin": 308, "ymax": 820, "xmax": 1013}}], [{"tid": 0, "generated": 0, "bbox": {"xmin": 556, "ymin": 518, "ymax": 929, "xmax": 1033}}, {"tid": 1, "generated": 0, "bbox": {"xmin": 680, "ymin": 323, "ymax": 803, "xmax": 1001}}], [{"tid": 0, "generated": 0, "bbox": {"xmin": 594, "ymin": 515, "ymax": 917, "xmax": 1022}}, {"tid": 1, "generated": 0, "bbox": {"xmin": 696, "ymin": 341, "ymax": 786, "xmax": 998}}], [{"tid": 0, "generated": 0, "bbox": {"xmin": 631, "ymin": 512, "ymax": 905, "xmax": 1011}}, {"tid": 1, "generated": 0, "bbox": {"xmin": 695, "ymin": 340, "ymax": 769, "xmax": 987}}], [{"tid": 0, "generated": 0, "bbox": {"xmin": 669, "ymin": 509, "ymax": 893, "xmax": 1000}}, {"tid": 1, "generated": 0, "bbox": {"xmin": 717, "ymin": 348, "ymax": 752, "xmax": 980}}], [{"tid": 0, "generated": 0, "bbox": {"xmin": 685, "ymin": 507, "ymax": 877, "xmax": 984}}, {"tid": 1, "generated": 0, "bbox": {"xmin": 721, "ymin": 350, "ymax": 742, "xmax": 970}}], [{"tid": 0, "generated": 0, "bbox": {"xmin": 701, "ymin": 506, "ymax": 862, "xmax": 968}}, {"tid": 1, "generated": 0, "bbox": {"xmin": 726, "ymin": 352, "ymax": 732, "xmax": 960}}], [{"tid": 0, "generated": 0, "bbox": {"xmin": 717, "ymin": 505, "ymax": 847, "xmax": 952}}, {"tid": 1, "generated": 0, "bbox": {"xmin": 730, "ymin": 353, "ymax": 722, "xmax": 949}}], [{"tid": 0, "generated": 0, "bbox": {"xmin": 733, "ymin": 504, "ymax": 832, "xmax": 936}}, {"tid": 1, "generated": 0, "bbox": {"xmin": 735, "ymin": 355, "ymax": 712, "xmax": 939}}], [{"tid": 0, "generated": 0, "bbox": {"xmin": 743, "ymin": 505, "ymax": 820, "xmax": 929}}, {"tid": 1, "generated": 0, "bbox": {"xmin": 739, "ymin": 357, "ymax": 702, "xmax": 929}}], [{"tid": 0, "generated": 0, "bbox": {"xmin": 753, "ymin": 507, "ymax": 808, "xmax": 922}}, {"tid": 1, "generated": 0, "bbox": {"xmin": 746, "ymin": 362, "ymax": 695, "xmax": 922}}], [{"tid": 0, "generated": 0, "bbox": {"xmin": 763, "ymin": 508, "ymax": 796, "xmax": 915}}, {"tid": 1, "generated": 0, "bbox": {"xmin": 753, "ymin": 368, "ymax": 688, "xmax": 915}}], [{"tid": 0, "generated": 0, "bbox": {"xmin": 773, "ymin": 510, "ymax": 784, "xmax": 908}}, {"tid": 1, "generated": 0, "bbox": {"xmin": 761, "ymin": 373, "ymax": 680, "xmax": 908}}], [{"tid": 0, "generated": 0, "bbox": {"xmin": 784, "ymin": 512, "ymax": 773, "xmax": 901}}, {"tid": 1, "generated": 0, "bbox": {"xmin": 768, "ymin": 379, "ymax": 673, "xmax": 901}}], [{"tid": 0, "generated": 0, "bbox": {"xmin": 791, "ymin": 514, "ymax": 766, "xmax": 903}}, {"tid": 1, "generated": 0, "bbox": {"xmin": 775, "ymin": 384, "ymax": 666, "xmax": 894}}], [{"tid": 0, "generated": 0, "bbox": {"xmin": 798, "ymin": 516, "ymax": 759, "xmax": 905}}, {"tid": 1, "generated": 0, "bbox": {"xmin": 782, "ymin": 390, "ymax": 666, "xmax": 898}}], [{"tid": 0, "generated": 0, "bbox": {"xmin": 806, "ymin": 518, "ymax": 752, "xmax": 907}}, {"tid": 1, "generated": 0, "bbox": {"xmin": 789, "ymin": 396, "ymax": 666, "xmax": 903}}], [{"tid": 0, "generated": 0, "bbox": {"xmin": 813, "ymin": 520, "ymax": 745, "xmax": 909}}, {"tid": 1, "generated": 0, "bbox": {"xmin": 797, "ymin": 401, "ymax": 666, "xmax": 907}}], [{"tid": 0, "generated": 0, "bbox": {"xmin": 821, "ymin": 522, "ymax": 738, "xmax": 912}}, {"tid": 1, "generated": 0, "bbox": {"xmin": 804, "ymin": 407, "ymax": 666, "xmax": 912}}]], "subject/objects": [{"category": "bicycle", "tid": 0}, {"category": "person", "tid": 1}], "relation_instances": [{"end_fid": 30, "subject_tid": 0, "predicate": "move_beneath", "begin_fid": 0, "object_tid": 1}, {"end_fid": 30, "subject_tid": 1, "predicate": "sit_above", "begin_fid": 0, "object_tid": 0}, {"end_fid": 30, "subject_tid": 1, "predicate": "ride", "begin_fid": 0, "object_tid": 0}, {"end_fid": 60, "subject_tid": 0, "predicate": "move_beneath", "begin_fid": 30, "object_tid": 1}, {"end_fid": 60, "subject_tid": 1, "predicate": "sit_above", "begin_fid": 30, "object_tid": 0}, {"end_fid": 60, "subject_tid": 1, "predicate": "ride", "begin_fid": 30, "object_tid": 0}], "height": 1080}