{"width": 1280, "frame_count": 32, "video_id": "ILSVRC2015_train_00025007", "fps": 24, "trajectories": [[{"tid": 0, "generated": 0, "bbox": {"xmin": 851, "ymin": 101, "ymax": 305, "xmax": 1032}}, {"tid": 1, "generated": 0, "bbox": {"xmin": 622, "ymin": 120, "ymax": 521, "xmax": 1147}}], [{"tid": 0, "generated": 0, "bbox": {"xmin": 852, "ymin": 108, "ymax": 306, "xmax": 1034}}, {"tid": 1, "generated": 0, "bbox": {"xmin": 622, "ymin": 120, "ymax": 521, "xmax": 1147}}], [{"tid": 0, "generated": 0, "bbox": {"xmin": 854, "ymin": 116, "ymax": 308, "xmax": 1037}}, {"tid": 1, "generated": 0, "bbox": {"xmin": 622, "ymin": 120, "ymax": 521, "xmax": 1147}}], [{"tid": 0, "generated": 0, "bbox": {"xmin": 856, "ymin": 123, "ymax": 310, "xmax": 1040}}, {"tid": 1, "generated": 0, "bbox": {"xmin": 622, "ymin": 120, "ymax": 521, "xmax": 1147}}], [{"tid": 0, "generated": 0, "bbox": {"xmin": 858, "ymin": 131, "ymax": 312, "xmax": 1043}}, {"tid": 1, "generated": 0, "bbox": {"xmin": 622, "ymin": 120, "ymax": 521, "xmax": 1147}}], [{"tid": 0, "generated": 0, "bbox": {"xmin": 846, "ymin": 145, "ymax": 321, "xmax": 1032}}, {"tid": 1, "generated": 0, "bbox": {"xmin": 622, "ymin": 120, "ymax": 521, "xmax": 1147}}], [{"tid": 0, "generated": 0, "bbox": {"xmin": 851, "ymin": 145, "ymax": 327, "xmax": 1028}}, {"tid": 1, "generated": 0, "bbox": {"xmin": 622, "ymin": 120, "ymax": 521, "xmax": 1147}}], [{"tid": 0, "generated": 0, "bbox": {"xmin": 856, "ymin": 145, "ymax": 334, "xmax": 1025}}, {"tid": 1, "generated": 0, "bbox": {"xmin": 622, "ymin": 120, "ymax": 521, "xmax": 1147}}], [{"tid": 0, "generated": 0, "bbox": {"xmin": 855, "ymin": 146, "ymax": 342, "xmax": 1017}}, {"tid": 1, "generated": 0, "bbox": {"xmin": 622, "ymin": 120, "ymax": 521, "xmax": 1147}}], [{"tid": 0, "generated": 0, "bbox": {"xmin": 855, "ymin": 147, "ymax": 351, "xmax": 1009}}, {"tid": 1, "generated": 0, "bbox": {"xmin": 622, "ymin": 120, "ymax": 521, "xmax": 1147}}], [{"tid": 0, "generated": 0, "bbox": {"xmin": 855, "ymin": 149, "ymax": 360, "xmax": 1002}}, {"tid": 1, "generated": 0, "bbox": {"xmin": 622, "ymin": 120, "ymax": 521, "xmax": 1147}}], [{"tid": 0, "generated": 0, "bbox": {"xmin": 846, "ymin": 158, "ymax": 348, "xmax": 986}}, {"tid": 1, "generated": 0, "bbox": {"xmin": 622, "ymin": 120, "ymax": 521, "xmax": 1147}}], [{"tid": 0, "generated": 0, "bbox": {"xmin": 849, "ymin": 169, "ymax": 380, "xmax": 985}}, {"tid": 1, "generated": 0, "bbox": {"xmin": 622, "ymin": 120, "ymax": 521, "xmax": 1147}}], [{"tid": 0, "generated": 0, "bbox": {"xmin": 853, "ymin": 181, "ymax": 412, "xmax": 984}}, {"tid": 1, "generated": 0, "bbox": {"xmin": 622, "ymin": 120, "ymax": 521, "xmax": 1147}}], [{"tid": 0, "generated": 0, "bbox": {"xmin": 853, "ymin": 195, "ymax": 460, "xmax": 988}}, {"tid": 1, "generated": 0, "bbox": {"xmin": 622, "ymin": 120, "ymax": 521, "xmax": 1147}}], [{"tid": 0, "generated": 0, "bbox": {"xmin": 833, "ymin": 204, "ymax": 494, "xmax": 972}}, {"tid": 1, "generated": 0, "bbox": {"xmin": 622, "ymin": 120, "ymax": 521, "xmax": 1147}}], [{"tid": 0, "generated": 0, "bbox": {"xmin": 821, "ymin": 225, "ymax": 554, "xmax": 976}}, {"tid": 1, "generated": 0, "bbox": {"xmin": 622, "ymin": 120, "ymax": 521, "xmax": 1147}}], [{"tid": 0, "generated": 0, "bbox": {"xmin": 812, "ymin": 266, "ymax": 556, "xmax": 984}}, {"tid": 1, "generated": 0, "bbox": {"xmin": 622, "ymin": 120, "ymax": 521, "xmax": 1147}}], [{"tid": 0, "generated": 0, "bbox": {"xmin": 798, "ymin": 311, "ymax": 536, "xmax": 990}}, {"tid": 1, "generated": 0, "bbox": {"xmin": 622, "ymin": 120, "ymax": 521, "xmax": 1147}}], [{"tid": 0, "generated": 0, "bbox": {"xmin": 796, "ymin": 318, "ymax": 551, "xmax": 993}}, {"tid": 1, "generated": 0, "bbox": {"xmin": 622, "ymin": 120, "ymax": 521, "xmax": 1147}}], [{"tid": 0, "generated": 0, "bbox": {"xmin": 794, "ymin": 325, "ymax": 567, "xmax": 997}}, {"tid": 1, "generated": 0, "bbox": {"xmin": 622, "ymin": 120, "ymax": 521, "xmax": 1147}}], [{"tid": 0, "generated": 0, "bbox": {"xmin": 774, "ymin": 320, "ymax": 577, "xmax": 987}}, {"tid": 1, "generated": 0, "bbox": {"xmin": 622, "ymin": 120, "ymax": 521, "xmax": 1147}}], [{"tid": 0, "generated": 0, "bbox": {"xmin": 754, "ymin": 315, "ymax": 587, "xmax": 977}}, {"tid": 1, "generated": 0, "bbox": {"xmin": 622, "ymin": 120, "ymax": 521, "xmax": 1147}}], [{"tid": 0, "generated": 0, "bbox": {"xmin": 734, "ymin": 311, "ymax": 597, "xmax": 968}}, {"tid": 1, "generated": 0, "bbox": {"xmin": 622, "ymin": 120, "ymax": 521, "xmax": 1147}}], [{"tid": 0, "generated": 0, "bbox": {"xmin": 715, "ymin": 305, "ymax": 606, "xmax": 960}}, {"tid": 1, "generated": 0, "bbox": {"xmin": 622, "ymin": 120, "ymax": 521, "xmax": 1147}}], [{"tid": 0, "generated": 0, "bbox": {"xmin": 697, "ymin": 300, "ymax": 615, "xmax": 952}}, {"tid": 1, "generated": 0, "bbox": {"xmin": 622, "ymin": 120, "ymax": 521, "xmax": 1147}}], [{"tid": 0, "generated": 0, "bbox": {"xmin": 679, "ymin": 295, "ymax": 625, "xmax": 944}}, {"tid": 1, "generated": 0, "bbox": {"xmin": 622, "ymin": 120, "ymax": 521, "xmax": 1147}}], [{"tid": 0, "generated": 0, "bbox": {"xmin": 661, "ymin": 307, "ymax": 652, "xmax": 922}}, {"tid": 1, "generated": 0, "bbox": {"xmin": 622, "ymin": 120, "ymax": 521, "xmax": 1147}}], [{"tid": 0, "generated": 0, "bbox": {"xmin": 610, "ymin": 293, "ymax": 654, "xmax": 889}}, {"tid": 1, "generated": 0, "bbox": {"xmin": 622, "ymin": 120, "ymax": 521, "xmax": 1147}}], [{"tid": 0, "generated": 0, "bbox": {"xmin": 560, "ymin": 280, "ymax": 656, "xmax": 856}}, {"tid": 1, "generated": 0, "bbox": {"xmin": 622, "ymin": 120, "ymax": 521, "xmax": 1147}}]], "subject/objects": [{"category": "dog", "tid": 0}, {"category": "sofa", "tid": 1}], "relation_instances": [{"end_fid": 30, "subject_tid": 0, "predicate": "run_front", "begin_fid": 0, "object_tid": 1}, {"end_fid": 30, "subject_tid": 0, "predicate": "run_away", "begin_fid": 0, "object_tid": 1}, {"end_fid": 30, "subject_tid": 1, "predicate": "behind", "begin_fid": 0, "object_tid": 0}, {"end_fid": 30, "subject_tid": 1, "predicate": "taller", "begin_fid": 0, "object_tid": 0}, {"end_fid": 30, "subject_tid": 1, "predicate": "larger", "begin_fid": 0, "object_tid": 0}], "height": 720}