{"width": 480, "frame_count": 300, "video_id": "ILSVRC2015_train_01056000", "fps": 30, "trajectories": [[{"tid": 0, "generated": 0, "bbox": {"xmin": 0, "ymin": 0, "ymax": 318, "xmax": 345}}, {"tid": 1, "generated": 0, "bbox": {"xmin": 79, "ymin": 3, "ymax": 359, "xmax": 479}}], [{"tid": 0, "generated": 0, "bbox": {"xmin": 0, "ymin": 0, "ymax": 316, "xmax": 344}}, {"tid": 1, "generated": 0, "bbox": {"xmin": 79, "ymin": 3, "ymax": 359, "xmax": 479}}], [{"tid": 0, "generated": 0, "bbox": {"xmin": 0, "ymin": 0, "ymax": 315, "xmax": 344}}, {"tid": 1, "generated": 0, "bbox": {"xmin": 79, "ymin": 3, "ymax": 359, "xmax": 479}}], [{"tid": 0, "generated": 0, "bbox": {"xmin": 0, "ymin": 0, "ymax": 314, "xmax": 344}}, {"tid": 1, "generated": 0, "bbox": {"xmin": 79, "ymin": 3, "ymax": 359, "xmax": 479}}], [{"tid": 0, "generated": 0, "bbox": {"xmin": 0, "ymin": 0, "ymax": 313, "xmax": 344}}, {"tid": 1, "generated": 0, "bbox": {"xmin": 79, "ymin": 3, "ymax": 359, "xmax": 479}}], [{"tid": 0, "generated": 0, "bbox": {"xmin": 0, "ymin": 0, "ymax": 312, "xmax": 344}}, {"tid": 1, "generated": 0, "bbox": {"xmin": 79, "ymin": 3, "ymax": 359, "xmax": 479}}], [{"tid": 0, "generated": 0, "bbox": {"xmin": 0, "ymin": 0, "ymax": 312, "xmax": 345}}, {"tid": 1, "generated": 0, "bbox": {"xmin": 81, "ymin": 3, "ymax": 359, "xmax": 479}}], [{"tid": 0, "generated": 0, "bbox": {"xmin": 0, "ymin": 0, "ymax": 312, "xmax": 347}}, {"tid": 1, "generated": 0, "bbox": {"xmin": 82, "ymin": 3, "ymax": 359, "xmax": 479}}], [{"tid": 0, "generated": 0, "bbox": {"xmin": 0, "ymin": 0, "ymax": 312, "xmax": 348}}, {"tid": 1, "generated": 0, "bbox": {"xmin": 84, "ymin": 3, "ymax": 359, "xmax": 479}}], [{"tid": 0, "generated": 0, "bbox": {"xmin": 0, "ymin": 0, "ymax": 312, "xmax": 350}}, {"tid": 1, "generated": 0, "bbox": {"xmin": 85, "ymin": 3, "ymax": 359, "xmax": 479}}], [{"tid": 0, "generated": 0, "bbox": {"xmin": 0, "ymin": 0, "ymax": 312, "xmax": 352}}, {"tid": 1, "generated": 0, "bbox": {"xmin": 87, "ymin": 3, "ymax": 359, "xmax": 479}}], [{"tid": 0, "generated": 0, "bbox": {"xmin": 0, "ymin": 0, "ymax": 313, "xmax": 350}}, {"tid": 1, "generated": 0, "bbox": {"xmin": 87, "ymin": 3, "ymax": 359, "xmax": 479}}], [{"tid": 0, "generated": 0, "bbox": {"xmin": 0, "ymin": 0, "ymax": 315, "xmax": 349}}, {"tid": 1, "generated": 0, "bbox": {"xmin": 87, "ymin": 3, "ymax": 359, "xmax": 479}}], [{"tid": 0, "generated": 0, "bbox": {"xmin": 0, "ymin": 0, "ymax": 316, "xmax": 347}}, {"tid": 1, "generated": 0, "bbox": {"xmin": 87, "ymin": 3, "ymax": 359, "xmax": 479}}], [{"tid": 0, "generated": 0, "bbox": {"xmin": 0, "ymin": 0, "ymax": 318, "xmax": 346}}, {"tid": 1, "generated": 0, "bbox": {"xmin": 87, "ymin": 3, "ymax": 359, "xmax": 479}}], [{"tid": 0, "generated": 0, "bbox": {"xmin": 0, "ymin": 0, "ymax": 320, "xmax": 345}}, {"tid": 1, "generated": 0, "bbox": {"xmin": 87, "ymin": 3, "ymax": 359, "xmax": 479}}], [{"tid": 0, "generated": 0, "bbox": {"xmin": 0, "ymin": 0, "ymax": 321, "xmax": 343}}, {"tid": 1, "generated": 0, "bbox": {"xmin": 86, "ymin": 3, "ymax": 359, "xmax": 479}}], [{"tid": 0, "generated": 0, "bbox": {"xmin": 0, "ymin": 0, "ymax": 323, "xmax": 342}}, {"tid": 1, "generated": 0, "bbox": {"xmin": 85, "ymin": 3, "ymax": 359, "xmax": 479}}], [{"tid": 0, "generated": 0, "bbox": {"xmin": 0, "ymin": 0, "ymax": 324, "xmax": 340}}, {"tid": 1, "generated": 0, "bbox": {"xmin": 83, "ymin": 3, "ymax": 359, "xmax": 479}}], [{"tid": 0, "generated": 0, "bbox": {"xmin": 0, "ymin": 0, "ymax": 326, "xmax": 339}}, {"tid": 1, "generated": 0, "bbox": {"xmin": 82, "ymin": 3, "ymax": 359, "xmax": 479}}], [{"tid": 0, "generated": 0, "bbox": {"xmin": 0, "ymin": 0, "ymax": 328, "xmax": 338}}, {"tid": 1, "generated": 0, "bbox": {"xmin": 81, "ymin": 3, "ymax": 359, "xmax": 479}}], [{"tid": 0, "generated": 0, "bbox": {"xmin": 0, "ymin": 0, "ymax": 326, "xmax": 338}}, {"tid": 1, "generated": 0, "bbox": {"xmin": 77, "ymin": 3, "ymax": 359, "xmax": 479}}], [{"tid": 0, "generated": 0, "bbox": {"xmin": 0, "ymin": 0, "ymax": 324, "xmax": 339}}, {"tid": 1, "generated": 0, "bbox": {"xmin": 73, "ymin": 3, "ymax": 359, "xmax": 479}}], [{"tid": 0, "generated": 0, "bbox": {"xmin": 0, "ymin": 0, "ymax": 322, "xmax": 339}}, {"tid": 1, "generated": 0, "bbox": {"xmin": 68, "ymin": 3, "ymax": 359, "xmax": 479}}], [{"tid": 0, "generated": 0, "bbox": {"xmin": 0, "ymin": 0, "ymax": 320, "xmax": 340}}, {"tid": 1, "generated": 0, "bbox": {"xmin": 64, "ymin": 3, "ymax": 359, "xmax": 479}}], [{"tid": 0, "generated": 0, "bbox": {"xmin": 0, "ymin": 0, "ymax": 318, "xmax": 341}}, {"tid": 1, "generated": 0, "bbox": {"xmin": 60, "ymin": 3, "ymax": 359, "xmax": 479}}], [{"tid": 0, "generated": 0, "bbox": {"xmin": 0, "ymin": 0, "ymax": 317, "xmax": 342}}, {"tid": 1, "generated": 0, "bbox": {"xmin": 60, "ymin": 3, "ymax": 359, "xmax": 479}}], [{"tid": 0, "generated": 0, "bbox": {"xmin": 0, "ymin": 0, "ymax": 317, "xmax": 343}}, {"tid": 1, "generated": 0, "bbox": {"xmin": 60, "ymin": 3, "ymax": 359, "xmax": 479}}], [{"tid": 0, "generated": 0, "bbox": {"xmin": 0, "ymin": 0, "ymax": 316, "xmax": 344}}, {"tid": 1, "generated": 0, "bbox": {"xmin": 60, "ymin": 3, "ymax": 359, "xmax": 479}}], [{"tid": 0, "generated": 0, "bbox": {"xmin": 0, "ymin": 0, "ymax": 316, "xmax": 345}}, {"tid": 1, "generated": 0, "bbox": {"xmin": 60, "ymin": 3, "ymax": 359, "xmax": 479}}], [], [], [], [], [], [], [], [], [], [], [], [], [], [], [], [], [], [], [], [], [], [], [], [], [], [], [], [], [], [], [], [], [], [], [], [], [], [], [], [], [], [], [], [], [], [], [], [], [], [], [], [], [], [], [], [], [], [], [], [], [], [], [], [], [], [], [], [], [], [], [], [], [], [], [], [], [], [], [], [], [], [], [], [], [], [], [], [], [], [], [], [], [], [], [], [], [], [], [], [], [], [], [], [], [], [{"tid": 0, "generated": 0, "bbox": {"xmin": 0, "ymin": 0, "ymax": 345, "xmax": 368}}, {"tid": 1, "generated": 0, "bbox": {"xmin": 107, "ymin": 3, "ymax": 359, "xmax": 479}}], [{"tid": 0, "generated": 0, "bbox": {"xmin": 0, "ymin": 0, "ymax": 343, "xmax": 368}}, {"tid": 1, "generated": 0, "bbox": {"xmin": 107, "ymin": 3, "ymax": 359, "xmax": 479}}], [{"tid": 0, "generated": 0, "bbox": {"xmin": 0, "ymin": 0, "ymax": 342, "xmax": 369}}, {"tid": 1, "generated": 0, "bbox": {"xmin": 107, "ymin": 3, "ymax": 359, "xmax": 479}}], [{"tid": 0, "generated": 0, "bbox": {"xmin": 0, "ymin": 0, "ymax": 340, "xmax": 369}}, {"tid": 1, "generated": 0, "bbox": {"xmin": 107, "ymin": 3, "ymax": 359, "xmax": 479}}], [{"tid": 0, "generated": 0, "bbox": {"xmin": 0, "ymin": 0, "ymax": 339, "xmax": 370}}, {"tid": 1, "generated": 0, "bbox": {"xmin": 107, "ymin": 3, "ymax": 359, "xmax": 479}}], [{"tid": 0, "generated": 0, "bbox": {"xmin": 0, "ymin": 0, "ymax": 338, "xmax": 371}}, {"tid": 1, "generated": 0, "bbox": {"xmin": 107, "ymin": 3, "ymax": 359, "xmax": 479}}], [{"tid": 0, "generated": 0, "bbox": {"xmin": 0, "ymin": 0, "ymax": 337, "xmax": 371}}, {"tid": 1, "generated": 0, "bbox": {"xmin": 102, "ymin": 3, "ymax": 359, "xmax": 479}}], [{"tid": 0, "generated": 0, "bbox": {"xmin": 0, "ymin": 0, "ymax": 337, "xmax": 372}}, {"tid": 1, "generated": 0, "bbox": {"xmin": 97, "ymin": 3, "ymax": 359, "xmax": 479}}], [{"tid": 0, "generated": 0, "bbox": {"xmin": 0, "ymin": 0, "ymax": 336, "xmax": 372}}, {"tid": 1, "generated": 0, "bbox": {"xmin": 92, "ymin": 3, "ymax": 359, "xmax": 479}}], [{"tid": 0, "generated": 0, "bbox": {"xmin": 0, "ymin": 0, "ymax": 336, "xmax": 373}}, {"tid": 1, "generated": 0, "bbox": {"xmin": 87, "ymin": 3, "ymax": 359, "xmax": 479}}], [{"tid": 0, "generated": 0, "bbox": {"xmin": 0, "ymin": 0, "ymax": 336, "xmax": 374}}, {"tid": 1, "generated": 0, "bbox": {"xmin": 82, "ymin": 3, "ymax": 359, "xmax": 479}}], [{"tid": 0, "generated": 0, "bbox": {"xmin": 0, "ymin": 0, "ymax": 335, "xmax": 374}}, {"tid": 1, "generated": 0, "bbox": {"xmin": 84, "ymin": 3, "ymax": 359, "xmax": 479}}], [{"tid": 0, "generated": 0, "bbox": {"xmin": 0, "ymin": 0, "ymax": 335, "xmax": 375}}, {"tid": 1, "generated": 0, "bbox": {"xmin": 85, "ymin": 3, "ymax": 359, "xmax": 479}}], [{"tid": 0, "generated": 0, "bbox": {"xmin": 0, "ymin": 0, "ymax": 334, "xmax": 375}}, {"tid": 1, "generated": 0, "bbox": {"xmin": 87, "ymin": 3, "ymax": 359, "xmax": 479}}], [{"tid": 0, "generated": 0, "bbox": {"xmin": 0, "ymin": 0, "ymax": 334, "xmax": 376}}, {"tid": 1, "generated": 0, "bbox": {"xmin": 88, "ymin": 3, "ymax": 359, "xmax": 479}}], [{"tid": 0, "generated": 0, "bbox": {"xmin": 0, "ymin": 0, "ymax": 334, "xmax": 377}}, {"tid": 1, "generated": 0, "bbox": {"xmin": 90, "ymin": 3, "ymax": 359, "xmax": 479}}], [{"tid": 0, "generated": 0, "bbox": {"xmin": 0, "ymin": 0, "ymax": 334, "xmax": 376}}, {"tid": 1, "generated": 0, "bbox": {"xmin": 99, "ymin": 3, "ymax": 359, "xmax": 479}}], [{"tid": 0, "generated": 0, "bbox": {"xmin": 0, "ymin": 0, "ymax": 334, "xmax": 375}}, {"tid": 1, "generated": 0, "bbox": {"xmin": 108, "ymin": 3, "ymax": 359, "xmax": 479}}], [{"tid": 0, "generated": 0, "bbox": {"xmin": 0, "ymin": 0, "ymax": 334, "xmax": 375}}, {"tid": 1, "generated": 0, "bbox": {"xmin": 118, "ymin": 3, "ymax": 359, "xmax": 479}}], [{"tid": 0, "generated": 0, "bbox": {"xmin": 0, "ymin": 0, "ymax": 334, "xmax": 374}}, {"tid": 1, "generated": 0, "bbox": {"xmin": 127, "ymin": 3, "ymax": 359, "xmax": 479}}], [{"tid": 0, "generated": 0, "bbox": {"xmin": 0, "ymin": 0, "ymax": 334, "xmax": 374}}, {"tid": 1, "generated": 0, "bbox": {"xmin": 136, "ymin": 3, "ymax": 359, "xmax": 479}}], [{"tid": 0, "generated": 0, "bbox": {"xmin": 0, "ymin": 0, "ymax": 333, "xmax": 375}}, {"tid": 1, "generated": 0, "bbox": {"xmin": 148, "ymin": 3, "ymax": 359, "xmax": 479}}], [{"tid": 0, "generated": 0, "bbox": {"xmin": 1, "ymin": 0, "ymax": 332, "xmax": 376}}, {"tid": 1, "generated": 0, "bbox": {"xmin": 160, "ymin": 3, "ymax": 359, "xmax": 479}}], [{"tid": 0, "generated": 0, "bbox": {"xmin": 1, "ymin": 0, "ymax": 331, "xmax": 377}}, {"tid": 1, "generated": 0, "bbox": {"xmin": 173, "ymin": 3, "ymax": 359, "xmax": 479}}], [{"tid": 0, "generated": 0, "bbox": {"xmin": 2, "ymin": 0, "ymax": 330, "xmax": 378}}, {"tid": 1, "generated": 0, "bbox": {"xmin": 185, "ymin": 3, "ymax": 359, "xmax": 479}}], [{"tid": 0, "generated": 0, "bbox": {"xmin": 3, "ymin": 0, "ymax": 329, "xmax": 380}}, {"tid": 1, "generated": 0, "bbox": {"xmin": 197, "ymin": 3, "ymax": 359, "xmax": 479}}], [{"tid": 0, "generated": 0, "bbox": {"xmin": 3, "ymin": 0, "ymax": 329, "xmax": 380}}, {"tid": 1, "generated": 0, "bbox": {"xmin": 194, "ymin": 3, "ymax": 359, "xmax": 479}}], [{"tid": 0, "generated": 0, "bbox": {"xmin": 3, "ymin": 0, "ymax": 329, "xmax": 380}}, {"tid": 1, "generated": 0, "bbox": {"xmin": 192, "ymin": 3, "ymax": 359, "xmax": 479}}], [{"tid": 0, "generated": 0, "bbox": {"xmin": 3, "ymin": 0, "ymax": 329, "xmax": 381}}, {"tid": 1, "generated": 0, "bbox": {"xmin": 189, "ymin": 3, "ymax": 359, "xmax": 479}}], [{"tid": 0, "generated": 0, "bbox": {"xmin": 4, "ymin": 0, "ymax": 329, "xmax": 381}}, {"tid": 1, "generated": 0, "bbox": {"xmin": 187, "ymin": 3, "ymax": 359, "xmax": 479}}], [], [], [], [], [], [], [], [], [], [], [], [], [], [], [], [], [], [], [], [], [], [], [], [], [], [], [], [], [], [], [], [], [], [], [], [], [], [], [], [], [], [], [], [], [], [], [], [], [], [], [], [], [], [], [], [], [], [], [], [], [], [], [], [], [], [], [], [], [], [], [], [], [], [], [], [], [], [], [], [], [], [], [], [], [], [], [], [], [], [], [], [], [], [], [], [], [], [], [], [], [], [], [], [], [], [{"tid": 0, "generated": 0, "bbox": {"xmin": 15, "ymin": 0, "ymax": 347, "xmax": 369}}, {"tid": 1, "generated": 0, "bbox": {"xmin": 200, "ymin": 1, "ymax": 357, "xmax": 474}}], [{"tid": 0, "generated": 0, "bbox": {"xmin": 13, "ymin": 0, "ymax": 346, "xmax": 369}}, {"tid": 1, "generated": 0, "bbox": {"xmin": 200, "ymin": 1, "ymax": 357, "xmax": 474}}], [{"tid": 0, "generated": 0, "bbox": {"xmin": 11, "ymin": 0, "ymax": 346, "xmax": 369}}, {"tid": 1, "generated": 0, "bbox": {"xmin": 200, "ymin": 1, "ymax": 357, "xmax": 474}}], [{"tid": 0, "generated": 0, "bbox": {"xmin": 10, "ymin": 0, "ymax": 346, "xmax": 369}}, {"tid": 1, "generated": 0, "bbox": {"xmin": 200, "ymin": 1, "ymax": 357, "xmax": 474}}], [{"tid": 0, "generated": 0, "bbox": {"xmin": 8, "ymin": 0, "ymax": 345, "xmax": 367}}, {"tid": 1, "generated": 0, "bbox": {"xmin": 200, "ymin": 1, "ymax": 357, "xmax": 474}}], [{"tid": 0, "generated": 0, "bbox": {"xmin": 7, "ymin": 0, "ymax": 344, "xmax": 366}}, {"tid": 1, "generated": 0, "bbox": {"xmin": 200, "ymin": 1, "ymax": 357, "xmax": 474}}], [{"tid": 0, "generated": 0, "bbox": {"xmin": 5, "ymin": 0, "ymax": 343, "xmax": 366}}, {"tid": 1, "generated": 0, "bbox": {"xmin": 197, "ymin": 1, "ymax": 357, "xmax": 474}}], [{"tid": 0, "generated": 0, "bbox": {"xmin": 4, "ymin": 0, "ymax": 343, "xmax": 367}}, {"tid": 1, "generated": 0, "bbox": {"xmin": 194, "ymin": 1, "ymax": 357, "xmax": 474}}], [{"tid": 0, "generated": 0, "bbox": {"xmin": 2, "ymin": 0, "ymax": 335, "xmax": 368}}, {"tid": 1, "generated": 0, "bbox": {"xmin": 191, "ymin": 1, "ymax": 357, "xmax": 474}}], [{"tid": 0, "generated": 0, "bbox": {"xmin": 1, "ymin": 0, "ymax": 327, "xmax": 370}}, {"tid": 1, "generated": 0, "bbox": {"xmin": 188, "ymin": 1, "ymax": 357, "xmax": 474}}], [{"tid": 0, "generated": 0, "bbox": {"xmin": 0, "ymin": 0, "ymax": 320, "xmax": 372}}, {"tid": 1, "generated": 0, "bbox": {"xmin": 185, "ymin": 1, "ymax": 357, "xmax": 474}}], [{"tid": 0, "generated": 0, "bbox": {"xmin": 0, "ymin": 0, "ymax": 312, "xmax": 374}}, {"tid": 1, "generated": 0, "bbox": {"xmin": 188, "ymin": 1, "ymax": 357, "xmax": 474}}], [{"tid": 0, "generated": 0, "bbox": {"xmin": 0, "ymin": 0, "ymax": 305, "xmax": 377}}, {"tid": 1, "generated": 0, "bbox": {"xmin": 191, "ymin": 1, "ymax": 357, "xmax": 474}}], [{"tid": 0, "generated": 0, "bbox": {"xmin": 0, "ymin": 0, "ymax": 298, "xmax": 380}}, {"tid": 1, "generated": 0, "bbox": {"xmin": 194, "ymin": 1, "ymax": 357, "xmax": 474}}], [{"tid": 0, "generated": 0, "bbox": {"xmin": 0, "ymin": 0, "ymax": 291, "xmax": 383}}, {"tid": 1, "generated": 0, "bbox": {"xmin": 197, "ymin": 1, "ymax": 357, "xmax": 474}}], [{"tid": 0, "generated": 0, "bbox": {"xmin": 0, "ymin": 0, "ymax": 284, "xmax": 386}}, {"tid": 1, "generated": 0, "bbox": {"xmin": 200, "ymin": 1, "ymax": 357, "xmax": 474}}], [{"tid": 0, "generated": 0, "bbox": {"xmin": 0, "ymin": 0, "ymax": 284, "xmax": 391}}, {"tid": 1, "generated": 0, "bbox": {"xmin": 201, "ymin": 1, "ymax": 357, "xmax": 474}}], [{"tid": 0, "generated": 0, "bbox": {"xmin": 0, "ymin": 0, "ymax": 285, "xmax": 396}}, {"tid": 1, "generated": 0, "bbox": {"xmin": 202, "ymin": 1, "ymax": 357, "xmax": 474}}], [{"tid": 0, "generated": 0, "bbox": {"xmin": 0, "ymin": 0, "ymax": 283, "xmax": 398}}, {"tid": 1, "generated": 0, "bbox": {"xmin": 204, "ymin": 1, "ymax": 357, "xmax": 474}}], [{"tid": 0, "generated": 0, "bbox": {"xmin": 0, "ymin": 0, "ymax": 282, "xmax": 401}}, {"tid": 1, "generated": 0, "bbox": {"xmin": 205, "ymin": 1, "ymax": 357, "xmax": 474}}], [{"tid": 0, "generated": 0, "bbox": {"xmin": 0, "ymin": 0, "ymax": 281, "xmax": 404}}, {"tid": 1, "generated": 0, "bbox": {"xmin": 206, "ymin": 1, "ymax": 357, "xmax": 474}}], [{"tid": 0, "generated": 0, "bbox": {"xmin": 2, "ymin": 0, "ymax": 281, "xmax": 404}}, {"tid": 1, "generated": 0, "bbox": {"xmin": 206, "ymin": 1, "ymax": 357, "xmax": 474}}], [{"tid": 0, "generated": 0, "bbox": {"xmin": 4, "ymin": 0, "ymax": 281, "xmax": 405}}, {"tid": 1, "generated": 0, "bbox": {"xmin": 206, "ymin": 1, "ymax": 357, "xmax": 474}}], [{"tid": 0, "generated": 0, "bbox": {"xmin": 6, "ymin": 0, "ymax": 282, "xmax": 406}}, {"tid": 1, "generated": 0, "bbox": {"xmin": 206, "ymin": 1, "ymax": 357, "xmax": 474}}], [{"tid": 0, "generated": 0, "bbox": {"xmin": 8, "ymin": 0, "ymax": 278, "xmax": 408}}, {"tid": 1, "generated": 0, "bbox": {"xmin": 206, "ymin": 1, "ymax": 357, "xmax": 474}}], [{"tid": 0, "generated": 0, "bbox": {"xmin": 10, "ymin": 0, "ymax": 274, "xmax": 410}}, {"tid": 1, "generated": 0, "bbox": {"xmin": 206, "ymin": 1, "ymax": 357, "xmax": 474}}], [{"tid": 0, "generated": 0, "bbox": {"xmin": 7, "ymin": 0, "ymax": 268, "xmax": 408}}, {"tid": 1, "generated": 0, "bbox": {"xmin": 206, "ymin": 1, "ymax": 357, "xmax": 474}}], [{"tid": 0, "generated": 0, "bbox": {"xmin": 5, "ymin": 0, "ymax": 262, "xmax": 407}}, {"tid": 1, "generated": 0, "bbox": {"xmin": 206, "ymin": 1, "ymax": 357, "xmax": 474}}], [{"tid": 0, "generated": 0, "bbox": {"xmin": 2, "ymin": 0, "ymax": 256, "xmax": 406}}, {"tid": 1, "generated": 0, "bbox": {"xmin": 206, "ymin": 1, "ymax": 357, "xmax": 474}}], [{"tid": 0, "generated": 0, "bbox": {"xmin": 0, "ymin": 0, "ymax": 250, "xmax": 405}}, {"tid": 1, "generated": 0, "bbox": {"xmin": 206, "ymin": 1, "ymax": 357, "xmax": 474}}]], "subject/objects": [{"category": "dog", "tid": 0}, {"category": "person", "tid": 1}], "relation_instances": [{"end_fid": 30, "subject_tid": 0, "predicate": "lie_left", "begin_fid": 0, "object_tid": 1}, {"end_fid": 30, "subject_tid": 1, "predicate": "sit_right", "begin_fid": 0, "object_tid": 0}, {"end_fid": 30, "subject_tid": 1, "predicate": "touch", "begin_fid": 0, "object_tid": 0}, {"end_fid": 165, "subject_tid": 0, "predicate": "lie_left", "begin_fid": 135, "object_tid": 1}, {"end_fid": 165, "subject_tid": 1, "predicate": "sit_right", "begin_fid": 135, "object_tid": 0}, {"end_fid": 165, "subject_tid": 1, "predicate": "touch", "begin_fid": 135, "object_tid": 0}, {"end_fid": 300, "subject_tid": 0, "predicate": "lie_left", "begin_fid": 270, "object_tid": 1}, {"end_fid": 300, "subject_tid": 1, "predicate": "sit_right", "begin_fid": 270, "object_tid": 0}, {"end_fid": 300, "subject_tid": 1, "predicate": "touch", "begin_fid": 270, "object_tid": 0}], "height": 360}