{"width": 480, "frame_count": 569, "video_id": "ILSVRC2015_train_00262000", "fps": 29, "trajectories": [[{"tid": 0, "generated": 0, "bbox": {"xmin": 190, "ymin": 14, "ymax": 290, "xmax": 477}}, {"tid": 1, "generated": 0, "bbox": {"xmin": 28, "ymin": 80, "ymax": 290, "xmax": 203}}], [{"tid": 0, "generated": 0, "bbox": {"xmin": 184, "ymin": 24, "ymax": 298, "xmax": 470}}, {"tid": 1, "generated": 0, "bbox": {"xmin": 24, "ymin": 89, "ymax": 298, "xmax": 193}}], [{"tid": 0, "generated": 0, "bbox": {"xmin": 171, "ymin": 34, "ymax": 316, "xmax": 464}}, {"tid": 1, "generated": 0, "bbox": {"xmin": 15, "ymin": 100, "ymax": 308, "xmax": 181}}], [{"tid": 0, "generated": 0, "bbox": {"xmin": 164, "ymin": 42, "ymax": 304, "xmax": 457}}, {"tid": 1, "generated": 0, "bbox": {"xmin": 8, "ymin": 111, "ymax": 317, "xmax": 174}}], [{"tid": 0, "generated": 0, "bbox": {"xmin": 157, "ymin": 47, "ymax": 319, "xmax": 450}}, {"tid": 1, "generated": 0, "bbox": {"xmin": 4, "ymin": 118, "ymax": 324, "xmax": 169}}], [{"tid": 0, "generated": 0, "bbox": {"xmin": 148, "ymin": 48, "ymax": 326, "xmax": 444}}, {"tid": 1, "generated": 0, "bbox": {"xmin": 0, "ymin": 121, "ymax": 329, "xmax": 160}}], [{"tid": 0, "generated": 0, "bbox": {"xmin": 146, "ymin": 51, "ymax": 325, "xmax": 441}}, {"tid": 1, "generated": 0, "bbox": {"xmin": 0, "ymin": 122, "ymax": 330, "xmax": 159}}], [{"tid": 0, "generated": 0, "bbox": {"xmin": 146, "ymin": 48, "ymax": 322, "xmax": 440}}, {"tid": 1, "generated": 0, "bbox": {"xmin": 0, "ymin": 120, "ymax": 327, "xmax": 161}}], [{"tid": 0, "generated": 0, "bbox": {"xmin": 148, "ymin": 45, "ymax": 316, "xmax": 444}}, {"tid": 1, "generated": 0, "bbox": {"xmin": 0, "ymin": 117, "ymax": 321, "xmax": 162}}], [{"tid": 0, "generated": 0, "bbox": {"xmin": 154, "ymin": 40, "ymax": 310, "xmax": 447}}, {"tid": 1, "generated": 0, "bbox": {"xmin": 0, "ymin": 109, "ymax": 313, "xmax": 167}}], [{"tid": 0, "generated": 0, "bbox": {"xmin": 161, "ymin": 30, "ymax": 301, "xmax": 453}}, {"tid": 1, "generated": 0, "bbox": {"xmin": 5, "ymin": 94, "ymax": 301, "xmax": 175}}], [{"tid": 0, "generated": 0, "bbox": {"xmin": 170, "ymin": 16, "ymax": 294, "xmax": 461}}, {"tid": 1, "generated": 0, "bbox": {"xmin": 12, "ymin": 77, "ymax": 286, "xmax": 184}}], [{"tid": 0, "generated": 0, "bbox": {"xmin": 178, "ymin": 5, "ymax": 280, "xmax": 472}}, {"tid": 1, "generated": 0, "bbox": {"xmin": 18, "ymin": 64, "ymax": 274, "xmax": 192}}], [{"tid": 0, "generated": 0, "bbox": {"xmin": 188, "ymin": 0, "ymax": 268, "xmax": 478}}, {"tid": 1, "generated": 0, "bbox": {"xmin": 25, "ymin": 55, "ymax": 265, "xmax": 203}}], [{"tid": 0, "generated": 0, "bbox": {"xmin": 196, "ymin": 0, "ymax": 266, "xmax": 478}}, {"tid": 1, "generated": 0, "bbox": {"xmin": 32, "ymin": 50, "ymax": 261, "xmax": 209}}], [{"tid": 0, "generated": 0, "bbox": {"xmin": 204, "ymin": 0, "ymax": 263, "xmax": 478}}, {"tid": 1, "generated": 0, "bbox": {"xmin": 38, "ymin": 46, "ymax": 256, "xmax": 216}}], [{"tid": 0, "generated": 0, "bbox": {"xmin": 215, "ymin": 0, "ymax": 260, "xmax": 479}}, {"tid": 1, "generated": 0, "bbox": {"xmin": 48, "ymin": 42, "ymax": 250, "xmax": 225}}], [{"tid": 0, "generated": 0, "bbox": {"xmin": 224, "ymin": 0, "ymax": 258, "xmax": 478}}, {"tid": 1, "generated": 0, "bbox": {"xmin": 54, "ymin": 40, "ymax": 247, "xmax": 234}}], [{"tid": 0, "generated": 0, "bbox": {"xmin": 230, "ymin": 0, "ymax": 254, "xmax": 478}}, {"tid": 1, "generated": 0, "bbox": {"xmin": 62, "ymin": 37, "ymax": 243, "xmax": 240}}], [{"tid": 0, "generated": 0, "bbox": {"xmin": 238, "ymin": 0, "ymax": 252, "xmax": 478}}, {"tid": 1, "generated": 0, "bbox": {"xmin": 67, "ymin": 34, "ymax": 239, "xmax": 249}}], [{"tid": 0, "generated": 0, "bbox": {"xmin": 240, "ymin": 0, "ymax": 253, "xmax": 478}}, {"tid": 1, "generated": 0, "bbox": {"xmin": 72, "ymin": 32, "ymax": 236, "xmax": 251}}], [{"tid": 0, "generated": 0, "bbox": {"xmin": 244, "ymin": 0, "ymax": 252, "xmax": 479}}, {"tid": 1, "generated": 0, "bbox": {"xmin": 78, "ymin": 32, "ymax": 235, "xmax": 257}}], [{"tid": 0, "generated": 0, "bbox": {"xmin": 249, "ymin": 0, "ymax": 252, "xmax": 479}}, {"tid": 1, "generated": 0, "bbox": {"xmin": 80, "ymin": 32, "ymax": 234, "xmax": 260}}], [{"tid": 0, "generated": 0, "bbox": {"xmin": 250, "ymin": 0, "ymax": 252, "xmax": 478}}, {"tid": 1, "generated": 0, "bbox": {"xmin": 81, "ymin": 33, "ymax": 235, "xmax": 260}}], [{"tid": 0, "generated": 0, "bbox": {"xmin": 253, "ymin": 0, "ymax": 252, "xmax": 479}}, {"tid": 1, "generated": 0, "bbox": {"xmin": 85, "ymin": 32, "ymax": 235, "xmax": 266}}], [{"tid": 0, "generated": 0, "bbox": {"xmin": 254, "ymin": 0, "ymax": 252, "xmax": 478}}, {"tid": 1, "generated": 0, "bbox": {"xmin": 84, "ymin": 32, "ymax": 236, "xmax": 264}}], [{"tid": 0, "generated": 0, "bbox": {"xmin": 252, "ymin": 0, "ymax": 252, "xmax": 479}}, {"tid": 1, "generated": 0, "bbox": {"xmin": 82, "ymin": 32, "ymax": 238, "xmax": 262}}], [{"tid": 0, "generated": 0, "bbox": {"xmin": 254, "ymin": 0, "ymax": 253, "xmax": 479}}, {"tid": 1, "generated": 0, "bbox": {"xmin": 84, "ymin": 35, "ymax": 241, "xmax": 262}}], [{"tid": 0, "generated": 0, "bbox": {"xmin": 254, "ymin": 0, "ymax": 254, "xmax": 479}}, {"tid": 1, "generated": 0, "bbox": {"xmin": 84, "ymin": 36, "ymax": 242, "xmax": 262}}], [{"tid": 0, "generated": 0, "bbox": {"xmin": 252, "ymin": 0, "ymax": 254, "xmax": 478}}, {"tid": 1, "generated": 0, "bbox": {"xmin": 83, "ymin": 39, "ymax": 246, "xmax": 263}}], [], [], [], [], [], [], [], [], [], [], [], [], [], [], [], [], [], [], [], [], [], [], [], [], [], [], [], [], [], [], [], [], [], [], [], [], [], [], [], [], [], [], [], [], [], [], [], [], [], [], [], [], [], [], [], [], [], [], [], [], [], [], [], [], [], [], [], [], [], [], [], [], [], [], [], [], [], [], [], [], [], [], [], [], [], [], [], [], [], [], [], [], [], [], [], [], [], [], [], [], [], [], [], [], [], [], [], [], [], [], [], [], [], [], [], [], [], [], [], [], [], [], [], [], [], [], [], [], [], [], [], [], [], [], [], [], [], [], [], [], [], [], [], [], [], [], [], [], [], [], [], [], [], [], [], [], [], [], [], [], [], [], [], [], [], [], [], [], [], [], [], [], [], [], [], [], [], [], [], [], [], [], [], [], [], [], [], [], [], [], [], [], [], [], [], [], [], [], [], [], [], [], [], [], [], [], [], [], [], [], [], [], [], [], [], [], [], [], [], [], [], [], [], [], [], [], [], [], [], [], [], [], [], [], [], [], [], [], [], [], [], [], [], [], [], [], [], [], [], [], [], [], [], [], [], [], [], [], [], [], [], [], [], [], [], [], [], [], [], [], [], [], [], [], [], [], [], [], [], [], [], [], [], [], [], [], [], [], [], [], [], [], [], [], [], [], [], [], [], [], [], [], [], [], [], [], [], [], [], [], [], [], [], [], [], [], [], [], [], [], [], [], [], [], [], [], [], [], [], [], [], [], [], [], [], [], [], [], [], [], [], [], [], [], [], [], [], [], [], [], [], [], [], [], [], [], [], [], [], [], [{"tid": 0, "generated": 0, "bbox": {"xmin": 194, "ymin": 0, "ymax": 220, "xmax": 456}}, {"tid": 1, "generated": 0, "bbox": {"xmin": 0, "ymin": 0, "ymax": 202, "xmax": 196}}], [{"tid": 0, "generated": 0, "bbox": {"xmin": 197, "ymin": 0, "ymax": 220, "xmax": 456}}, {"tid": 1, "generated": 0, "bbox": {"xmin": 0, "ymin": 0, "ymax": 202, "xmax": 196}}], [{"tid": 0, "generated": 0, "bbox": {"xmin": 197, "ymin": 0, "ymax": 226, "xmax": 454}}, {"tid": 1, "generated": 0, "bbox": {"xmin": 0, "ymin": 0, "ymax": 207, "xmax": 196}}], [{"tid": 0, "generated": 0, "bbox": {"xmin": 197, "ymin": 0, "ymax": 234, "xmax": 453}}, {"tid": 1, "generated": 0, "bbox": {"xmin": 0, "ymin": 0, "ymax": 206, "xmax": 196}}], [{"tid": 0, "generated": 0, "bbox": {"xmin": 197, "ymin": 0, "ymax": 244, "xmax": 451}}, {"tid": 1, "generated": 0, "bbox": {"xmin": 0, "ymin": 0, "ymax": 207, "xmax": 196}}], [{"tid": 0, "generated": 0, "bbox": {"xmin": 197, "ymin": 0, "ymax": 248, "xmax": 450}}, {"tid": 1, "generated": 0, "bbox": {"xmin": 0, "ymin": 0, "ymax": 212, "xmax": 196}}], [{"tid": 0, "generated": 0, "bbox": {"xmin": 197, "ymin": 0, "ymax": 245, "xmax": 450}}, {"tid": 1, "generated": 0, "bbox": {"xmin": 0, "ymin": 1, "ymax": 215, "xmax": 196}}], [{"tid": 0, "generated": 0, "bbox": {"xmin": 197, "ymin": 0, "ymax": 240, "xmax": 449}}, {"tid": 1, "generated": 0, "bbox": {"xmin": 0, "ymin": 2, "ymax": 212, "xmax": 199}}], [{"tid": 0, "generated": 0, "bbox": {"xmin": 197, "ymin": 0, "ymax": 234, "xmax": 448}}, {"tid": 1, "generated": 0, "bbox": {"xmin": 0, "ymin": 0, "ymax": 210, "xmax": 198}}], [{"tid": 0, "generated": 0, "bbox": {"xmin": 197, "ymin": 0, "ymax": 228, "xmax": 448}}, {"tid": 1, "generated": 0, "bbox": {"xmin": 0, "ymin": 0, "ymax": 209, "xmax": 198}}], [{"tid": 0, "generated": 0, "bbox": {"xmin": 197, "ymin": 0, "ymax": 222, "xmax": 450}}, {"tid": 1, "generated": 0, "bbox": {"xmin": 0, "ymin": 5, "ymax": 208, "xmax": 199}}], [{"tid": 0, "generated": 0, "bbox": {"xmin": 196, "ymin": 0, "ymax": 223, "xmax": 448}}, {"tid": 1, "generated": 0, "bbox": {"xmin": 0, "ymin": 0, "ymax": 208, "xmax": 198}}], [{"tid": 0, "generated": 0, "bbox": {"xmin": 196, "ymin": 0, "ymax": 226, "xmax": 446}}, {"tid": 1, "generated": 0, "bbox": {"xmin": 0, "ymin": 0, "ymax": 209, "xmax": 198}}], [{"tid": 0, "generated": 0, "bbox": {"xmin": 195, "ymin": 0, "ymax": 228, "xmax": 445}}, {"tid": 1, "generated": 0, "bbox": {"xmin": 0, "ymin": 0, "ymax": 210, "xmax": 197}}], [{"tid": 0, "generated": 0, "bbox": {"xmin": 194, "ymin": 0, "ymax": 228, "xmax": 444}}, {"tid": 1, "generated": 0, "bbox": {"xmin": 0, "ymin": 0, "ymax": 212, "xmax": 196}}], [{"tid": 0, "generated": 0, "bbox": {"xmin": 194, "ymin": 0, "ymax": 228, "xmax": 444}}, {"tid": 1, "generated": 0, "bbox": {"xmin": 0, "ymin": 0, "ymax": 212, "xmax": 196}}], [{"tid": 0, "generated": 0, "bbox": {"xmin": 194, "ymin": 0, "ymax": 228, "xmax": 444}}, {"tid": 1, "generated": 0, "bbox": {"xmin": 0, "ymin": 0, "ymax": 214, "xmax": 195}}], [{"tid": 0, "generated": 0, "bbox": {"xmin": 194, "ymin": 0, "ymax": 230, "xmax": 444}}, {"tid": 1, "generated": 0, "bbox": {"xmin": 0, "ymin": 2, "ymax": 216, "xmax": 195}}], [{"tid": 0, "generated": 0, "bbox": {"xmin": 194, "ymin": 0, "ymax": 230, "xmax": 445}}, {"tid": 1, "generated": 0, "bbox": {"xmin": 0, "ymin": 0, "ymax": 216, "xmax": 195}}], [{"tid": 0, "generated": 0, "bbox": {"xmin": 194, "ymin": 0, "ymax": 229, "xmax": 446}}, {"tid": 1, "generated": 0, "bbox": {"xmin": 0, "ymin": 3, "ymax": 218, "xmax": 196}}], [{"tid": 0, "generated": 0, "bbox": {"xmin": 194, "ymin": 0, "ymax": 228, "xmax": 448}}, {"tid": 1, "generated": 0, "bbox": {"xmin": 0, "ymin": 3, "ymax": 218, "xmax": 196}}], [{"tid": 0, "generated": 0, "bbox": {"xmin": 193, "ymin": 0, "ymax": 226, "xmax": 447}}, {"tid": 1, "generated": 0, "bbox": {"xmin": 0, "ymin": 2, "ymax": 217, "xmax": 196}}], [{"tid": 0, "generated": 0, "bbox": {"xmin": 193, "ymin": 0, "ymax": 224, "xmax": 446}}, {"tid": 1, "generated": 0, "bbox": {"xmin": 0, "ymin": 0, "ymax": 216, "xmax": 195}}], [{"tid": 0, "generated": 0, "bbox": {"xmin": 193, "ymin": 0, "ymax": 223, "xmax": 446}}, {"tid": 1, "generated": 0, "bbox": {"xmin": 0, "ymin": 0, "ymax": 214, "xmax": 194}}], [{"tid": 0, "generated": 0, "bbox": {"xmin": 193, "ymin": 0, "ymax": 221, "xmax": 446}}, {"tid": 1, "generated": 0, "bbox": {"xmin": 0, "ymin": 0, "ymax": 213, "xmax": 194}}], [{"tid": 0, "generated": 0, "bbox": {"xmin": 193, "ymin": 0, "ymax": 224, "xmax": 446}}, {"tid": 1, "generated": 0, "bbox": {"xmin": 0, "ymin": 0, "ymax": 212, "xmax": 194}}], [{"tid": 0, "generated": 0, "bbox": {"xmin": 193, "ymin": 0, "ymax": 224, "xmax": 446}}, {"tid": 1, "generated": 0, "bbox": {"xmin": 0, "ymin": 0, "ymax": 212, "xmax": 194}}], [{"tid": 0, "generated": 0, "bbox": {"xmin": 196, "ymin": 0, "ymax": 220, "xmax": 446}}, {"tid": 1, "generated": 0, "bbox": {"xmin": 0, "ymin": 0, "ymax": 211, "xmax": 194}}], [{"tid": 0, "generated": 0, "bbox": {"xmin": 200, "ymin": 0, "ymax": 217, "xmax": 445}}, {"tid": 1, "generated": 0, "bbox": {"xmin": 0, "ymin": 0, "ymax": 210, "xmax": 194}}], [{"tid": 0, "generated": 0, "bbox": {"xmin": 196, "ymin": 0, "ymax": 215, "xmax": 445}}, {"tid": 1, "generated": 0, "bbox": {"xmin": 0, "ymin": 0, "ymax": 209, "xmax": 194}}], [], [], [], [], [], [], [], [], [], [], [], [], [], [], [], [], [], [], [], [], [], [], [], [], [], [], [], [], [], [], [], [], [], [], [], [], [], [], [], [], [], [], [], [], [], [], [], [], [], [], [], [], [], [], [], [], [], [], [], [], [{"tid": 0, "generated": 0, "bbox": {"xmin": 121, "ymin": 0, "ymax": 240, "xmax": 438}}, {"tid": 1, "generated": 0, "bbox": {"xmin": 0, "ymin": 16, "ymax": 211, "xmax": 152}}], [{"tid": 0, "generated": 0, "bbox": {"xmin": 120, "ymin": 0, "ymax": 246, "xmax": 436}}, {"tid": 1, "generated": 0, "bbox": {"xmin": 0, "ymin": 16, "ymax": 210, "xmax": 152}}], [{"tid": 0, "generated": 0, "bbox": {"xmin": 116, "ymin": 0, "ymax": 245, "xmax": 436}}, {"tid": 1, "generated": 0, "bbox": {"xmin": 0, "ymin": 20, "ymax": 210, "xmax": 150}}], [{"tid": 0, "generated": 0, "bbox": {"xmin": 116, "ymin": 0, "ymax": 245, "xmax": 436}}, {"tid": 1, "generated": 0, "bbox": {"xmin": 0, "ymin": 24, "ymax": 211, "xmax": 148}}], [{"tid": 0, "generated": 0, "bbox": {"xmin": 116, "ymin": 0, "ymax": 245, "xmax": 435}}, {"tid": 1, "generated": 0, "bbox": {"xmin": 0, "ymin": 26, "ymax": 212, "xmax": 147}}], [{"tid": 0, "generated": 0, "bbox": {"xmin": 116, "ymin": 0, "ymax": 245, "xmax": 434}}, {"tid": 1, "generated": 0, "bbox": {"xmin": 0, "ymin": 28, "ymax": 212, "xmax": 146}}], [{"tid": 0, "generated": 0, "bbox": {"xmin": 117, "ymin": 0, "ymax": 245, "xmax": 435}}, {"tid": 1, "generated": 0, "bbox": {"xmin": 0, "ymin": 30, "ymax": 212, "xmax": 144}}], [{"tid": 0, "generated": 0, "bbox": {"xmin": 118, "ymin": 0, "ymax": 245, "xmax": 436}}, {"tid": 1, "generated": 0, "bbox": {"xmin": 0, "ymin": 31, "ymax": 212, "xmax": 143}}], [{"tid": 0, "generated": 0, "bbox": {"xmin": 118, "ymin": 0, "ymax": 244, "xmax": 436}}, {"tid": 1, "generated": 0, "bbox": {"xmin": 0, "ymin": 32, "ymax": 213, "xmax": 142}}], [{"tid": 0, "generated": 0, "bbox": {"xmin": 119, "ymin": 0, "ymax": 244, "xmax": 438}}, {"tid": 1, "generated": 0, "bbox": {"xmin": 0, "ymin": 33, "ymax": 214, "xmax": 141}}], [{"tid": 0, "generated": 0, "bbox": {"xmin": 120, "ymin": 0, "ymax": 244, "xmax": 440}}, {"tid": 1, "generated": 0, "bbox": {"xmin": 0, "ymin": 33, "ymax": 216, "xmax": 141}}], [{"tid": 0, "generated": 0, "bbox": {"xmin": 119, "ymin": 0, "ymax": 230, "xmax": 439}}, {"tid": 1, "generated": 0, "bbox": {"xmin": 0, "ymin": 36, "ymax": 216, "xmax": 141}}], [{"tid": 0, "generated": 0, "bbox": {"xmin": 118, "ymin": 0, "ymax": 234, "xmax": 438}}, {"tid": 1, "generated": 0, "bbox": {"xmin": 0, "ymin": 38, "ymax": 216, "xmax": 141}}], [{"tid": 0, "generated": 0, "bbox": {"xmin": 118, "ymin": 0, "ymax": 233, "xmax": 438}}, {"tid": 1, "generated": 0, "bbox": {"xmin": 0, "ymin": 36, "ymax": 214, "xmax": 142}}], [{"tid": 0, "generated": 0, "bbox": {"xmin": 117, "ymin": 0, "ymax": 232, "xmax": 438}}, {"tid": 1, "generated": 0, "bbox": {"xmin": 0, "ymin": 32, "ymax": 214, "xmax": 142}}], [{"tid": 0, "generated": 0, "bbox": {"xmin": 113, "ymin": 0, "ymax": 226, "xmax": 434}}, {"tid": 1, "generated": 0, "bbox": {"xmin": 0, "ymin": 30, "ymax": 213, "xmax": 142}}], [{"tid": 0, "generated": 0, "bbox": {"xmin": 113, "ymin": 0, "ymax": 226, "xmax": 435}}, {"tid": 1, "generated": 0, "bbox": {"xmin": 0, "ymin": 29, "ymax": 212, "xmax": 142}}], [{"tid": 0, "generated": 0, "bbox": {"xmin": 113, "ymin": 0, "ymax": 226, "xmax": 435}}, {"tid": 1, "generated": 0, "bbox": {"xmin": 0, "ymin": 28, "ymax": 212, "xmax": 143}}], [{"tid": 0, "generated": 0, "bbox": {"xmin": 113, "ymin": 0, "ymax": 226, "xmax": 436}}, {"tid": 1, "generated": 0, "bbox": {"xmin": 0, "ymin": 26, "ymax": 212, "xmax": 144}}], [{"tid": 0, "generated": 0, "bbox": {"xmin": 114, "ymin": 0, "ymax": 226, "xmax": 438}}, {"tid": 1, "generated": 0, "bbox": {"xmin": 0, "ymin": 26, "ymax": 212, "xmax": 146}}], [{"tid": 0, "generated": 0, "bbox": {"xmin": 114, "ymin": 0, "ymax": 226, "xmax": 441}}, {"tid": 1, "generated": 0, "bbox": {"xmin": 0, "ymin": 25, "ymax": 214, "xmax": 146}}], [{"tid": 0, "generated": 0, "bbox": {"xmin": 114, "ymin": 0, "ymax": 227, "xmax": 440}}, {"tid": 1, "generated": 0, "bbox": {"xmin": 0, "ymin": 26, "ymax": 214, "xmax": 146}}], [{"tid": 0, "generated": 0, "bbox": {"xmin": 114, "ymin": 0, "ymax": 227, "xmax": 436}}, {"tid": 1, "generated": 0, "bbox": {"xmin": 0, "ymin": 26, "ymax": 212, "xmax": 146}}], [{"tid": 0, "generated": 0, "bbox": {"xmin": 114, "ymin": 0, "ymax": 228, "xmax": 436}}, {"tid": 1, "generated": 0, "bbox": {"xmin": 0, "ymin": 26, "ymax": 207, "xmax": 146}}], [{"tid": 0, "generated": 0, "bbox": {"xmin": 114, "ymin": 0, "ymax": 228, "xmax": 435}}, {"tid": 1, "generated": 0, "bbox": {"xmin": 0, "ymin": 26, "ymax": 206, "xmax": 146}}], [{"tid": 0, "generated": 0, "bbox": {"xmin": 114, "ymin": 0, "ymax": 228, "xmax": 434}}, {"tid": 1, "generated": 0, "bbox": {"xmin": 0, "ymin": 28, "ymax": 207, "xmax": 146}}], [{"tid": 0, "generated": 0, "bbox": {"xmin": 114, "ymin": 0, "ymax": 229, "xmax": 434}}, {"tid": 1, "generated": 0, "bbox": {"xmin": 0, "ymin": 28, "ymax": 207, "xmax": 147}}], [{"tid": 0, "generated": 0, "bbox": {"xmin": 114, "ymin": 0, "ymax": 234, "xmax": 432}}, {"tid": 1, "generated": 0, "bbox": {"xmin": 0, "ymin": 28, "ymax": 208, "xmax": 148}}], [{"tid": 0, "generated": 0, "bbox": {"xmin": 114, "ymin": 0, "ymax": 240, "xmax": 432}}, {"tid": 1, "generated": 0, "bbox": {"xmin": 0, "ymin": 28, "ymax": 209, "xmax": 148}}], [{"tid": 0, "generated": 0, "bbox": {"xmin": 115, "ymin": 0, "ymax": 241, "xmax": 433}}, {"tid": 1, "generated": 0, "bbox": {"xmin": 0, "ymin": 33, "ymax": 212, "xmax": 148}}]], "subject/objects": [{"category": "rabbit", "tid": 0}, {"category": "rabbit", "tid": 1}], "relation_instances": [{"end_fid": 30, "subject_tid": 0, "predicate": "sit_right", "begin_fid": 0, "object_tid": 1}, {"end_fid": 30, "subject_tid": 1, "predicate": "sit_left", "begin_fid": 0, "object_tid": 0}, {"end_fid": 420, "subject_tid": 0, "predicate": "sit_right", "begin_fid": 390, "object_tid": 1}, {"end_fid": 420, "subject_tid": 1, "predicate": "sit_left", "begin_fid": 390, "object_tid": 0}, {"end_fid": 510, "subject_tid": 0, "predicate": "sit_front", "begin_fid": 480, "object_tid": 1}, {"end_fid": 510, "subject_tid": 1, "predicate": "sit_behind", "begin_fid": 480, "object_tid": 0}], "height": 360}