{"width": 1280, "frame_count": 348, "video_id": "ILSVRC2015_train_00066003", "fps": 29, "trajectories": [[], [], [], [], [], [], [], [], [], [], [], [], [], [], [], [], [], [], [], [], [], [], [], [], [], [], [], [], [], [], [], [], [], [], [], [], [], [], [], [], [], [], [], [], [], [], [], [], [], [], [], [], [], [], [], [], [], [], [], [], [], [], [], [], [], [], [], [], [], [], [], [], [], [], [], [], [], [], [], [], [], [], [], [], [], [], [], [], [], [], [], [], [], [], [], [], [], [], [], [], [], [], [], [], [], [], [], [], [], [], [], [], [], [], [], [], [], [], [], [], [], [], [], [], [], [], [], [], [], [], [], [], [], [], [], [{"tid": 0, "generated": 0, "bbox": {"xmin": 597, "ymin": 179, "ymax": 398, "xmax": 748}}, {"tid": 1, "generated": 0, "bbox": {"xmin": 554, "ymin": 16, "ymax": 56, "xmax": 586}}], [{"tid": 0, "generated": 0, "bbox": {"xmin": 595, "ymin": 179, "ymax": 398, "xmax": 764}}, {"tid": 1, "generated": 0, "bbox": {"xmin": 554, "ymin": 16, "ymax": 55, "xmax": 588}}], [{"tid": 0, "generated": 0, "bbox": {"xmin": 593, "ymin": 179, "ymax": 398, "xmax": 764}}, {"tid": 1, "generated": 0, "bbox": {"xmin": 554, "ymin": 16, "ymax": 55, "xmax": 592}}], [{"tid": 0, "generated": 0, "bbox": {"xmin": 599, "ymin": 179, "ymax": 398, "xmax": 762}}, {"tid": 1, "generated": 0, "bbox": {"xmin": 560, "ymin": 17, "ymax": 56, "xmax": 597}}], [{"tid": 0, "generated": 0, "bbox": {"xmin": 597, "ymin": 179, "ymax": 389, "xmax": 768}}, {"tid": 1, "generated": 0, "bbox": {"xmin": 560, "ymin": 16, "ymax": 55, "xmax": 597}}], [{"tid": 0, "generated": 0, "bbox": {"xmin": 595, "ymin": 174, "ymax": 384, "xmax": 762}}, {"tid": 1, "generated": 0, "bbox": {"xmin": 556, "ymin": 10, "ymax": 49, "xmax": 593}}], [{"tid": 0, "generated": 0, "bbox": {"xmin": 597, "ymin": 170, "ymax": 378, "xmax": 759}}, {"tid": 1, "generated": 0, "bbox": {"xmin": 556, "ymin": 10, "ymax": 48, "xmax": 590}}], [{"tid": 0, "generated": 0, "bbox": {"xmin": 595, "ymin": 163, "ymax": 378, "xmax": 752}}, {"tid": 1, "generated": 0, "bbox": {"xmin": 558, "ymin": 7, "ymax": 44, "xmax": 592}}], [{"tid": 0, "generated": 0, "bbox": {"xmin": 597, "ymin": 163, "ymax": 368, "xmax": 748}}, {"tid": 1, "generated": 0, "bbox": {"xmin": 560, "ymin": 0, "ymax": 35, "xmax": 593}}], [{"tid": 0, "generated": 0, "bbox": {"xmin": 595, "ymin": 156, "ymax": 360, "xmax": 743}}, {"tid": 1, "generated": 0, "bbox": {"xmin": 560, "ymin": 1, "ymax": 37, "xmax": 593}}], [{"tid": 0, "generated": 0, "bbox": {"xmin": 597, "ymin": 156, "ymax": 360, "xmax": 739}}, {"tid": 1, "generated": 0, "bbox": {"xmin": 563, "ymin": 0, "ymax": 35, "xmax": 597}}], [{"tid": 0, "generated": 0, "bbox": {"xmin": 596, "ymin": 156, "ymax": 360, "xmax": 729}}, {"tid": 1, "generated": 0, "bbox": {"xmin": 567, "ymin": 0, "ymax": 35, "xmax": 600}}], [{"tid": 0, "generated": 0, "bbox": {"xmin": 595, "ymin": 156, "ymax": 360, "xmax": 720}}, {"tid": 1, "generated": 0, "bbox": {"xmin": 570, "ymin": 0, "ymax": 35, "xmax": 604}}], [{"tid": 0, "generated": 0, "bbox": {"xmin": 593, "ymin": 156, "ymax": 360, "xmax": 716}}, {"tid": 1, "generated": 0, "bbox": {"xmin": 572, "ymin": 0, "ymax": 35, "xmax": 606}}], [{"tid": 0, "generated": 0, "bbox": {"xmin": 597, "ymin": 158, "ymax": 362, "xmax": 723}}, {"tid": 1, "generated": 0, "bbox": {"xmin": 577, "ymin": 0, "ymax": 35, "xmax": 611}}], [{"tid": 0, "generated": 0, "bbox": {"xmin": 595, "ymin": 156, "ymax": 360, "xmax": 721}}, {"tid": 1, "generated": 0, "bbox": {"xmin": 576, "ymin": 3, "ymax": 39, "xmax": 609}}], [{"tid": 0, "generated": 0, "bbox": {"xmin": 593, "ymin": 165, "ymax": 362, "xmax": 718}}, {"tid": 1, "generated": 0, "bbox": {"xmin": 579, "ymin": 3, "ymax": 39, "xmax": 613}}], [{"tid": 0, "generated": 0, "bbox": {"xmin": 602, "ymin": 160, "ymax": 360, "xmax": 714}}, {"tid": 1, "generated": 0, "bbox": {"xmin": 576, "ymin": 3, "ymax": 37, "xmax": 613}}], [{"tid": 0, "generated": 0, "bbox": {"xmin": 600, "ymin": 160, "ymax": 362, "xmax": 718}}, {"tid": 1, "generated": 0, "bbox": {"xmin": 574, "ymin": 3, "ymax": 35, "xmax": 615}}], [{"tid": 0, "generated": 0, "bbox": {"xmin": 599, "ymin": 160, "ymax": 362, "xmax": 718}}, {"tid": 1, "generated": 0, "bbox": {"xmin": 574, "ymin": 3, "ymax": 40, "xmax": 616}}], [{"tid": 0, "generated": 0, "bbox": {"xmin": 597, "ymin": 160, "ymax": 360, "xmax": 716}}, {"tid": 1, "generated": 0, "bbox": {"xmin": 581, "ymin": 3, "ymax": 40, "xmax": 624}}], [{"tid": 0, "generated": 0, "bbox": {"xmin": 600, "ymin": 160, "ymax": 359, "xmax": 730}}, {"tid": 1, "generated": 0, "bbox": {"xmin": 581, "ymin": 1, "ymax": 39, "xmax": 624}}], [{"tid": 0, "generated": 0, "bbox": {"xmin": 599, "ymin": 160, "ymax": 359, "xmax": 732}}, {"tid": 1, "generated": 0, "bbox": {"xmin": 583, "ymin": 3, "ymax": 40, "xmax": 625}}], [{"tid": 0, "generated": 0, "bbox": {"xmin": 600, "ymin": 160, "ymax": 357, "xmax": 739}}, {"tid": 1, "generated": 0, "bbox": {"xmin": 583, "ymin": 3, "ymax": 35, "xmax": 624}}], [{"tid": 0, "generated": 0, "bbox": {"xmin": 599, "ymin": 160, "ymax": 355, "xmax": 737}}, {"tid": 1, "generated": 0, "bbox": {"xmin": 584, "ymin": 3, "ymax": 35, "xmax": 625}}], [{"tid": 0, "generated": 0, "bbox": {"xmin": 597, "ymin": 160, "ymax": 360, "xmax": 744}}, {"tid": 1, "generated": 0, "bbox": {"xmin": 588, "ymin": 1, "ymax": 33, "xmax": 629}}], [{"tid": 0, "generated": 0, "bbox": {"xmin": 597, "ymin": 167, "ymax": 360, "xmax": 741}}, {"tid": 1, "generated": 0, "bbox": {"xmin": 590, "ymin": 1, "ymax": 33, "xmax": 631}}], [{"tid": 0, "generated": 0, "bbox": {"xmin": 602, "ymin": 167, "ymax": 366, "xmax": 744}}, {"tid": 1, "generated": 0, "bbox": {"xmin": 590, "ymin": 0, "ymax": 32, "xmax": 631}}], [{"tid": 0, "generated": 0, "bbox": {"xmin": 606, "ymin": 167, "ymax": 364, "xmax": 743}}, {"tid": 1, "generated": 0, "bbox": {"xmin": 593, "ymin": 0, "ymax": 32, "xmax": 634}}], [{"tid": 0, "generated": 0, "bbox": {"xmin": 604, "ymin": 170, "ymax": 366, "xmax": 737}}, {"tid": 1, "generated": 0, "bbox": {"xmin": 597, "ymin": 3, "ymax": 35, "xmax": 638}}], [], [], [], [], [], [], [], [], [], [], [], [], [], [], [], [], [], [], [], [], [], [], [], [], [], [], [], [], [], [], [], [], [], [], [], [], [], [], [], [], [], [], [], [], [], [{"tid": 0, "generated": 0, "bbox": {"xmin": 563, "ymin": 186, "ymax": 360, "xmax": 647}}, {"tid": 1, "generated": 0, "bbox": {"xmin": 618, "ymin": 35, "ymax": 74, "xmax": 657}}, {"tid": 2, "generated": 0, "bbox": {"xmin": 559, "ymin": 7, "ymax": 55, "xmax": 618}}], [{"tid": 0, "generated": 0, "bbox": {"xmin": 568, "ymin": 192, "ymax": 360, "xmax": 652}}, {"tid": 1, "generated": 0, "bbox": {"xmin": 622, "ymin": 39, "ymax": 78, "xmax": 661}}, {"tid": 2, "generated": 0, "bbox": {"xmin": 564, "ymin": 7, "ymax": 55, "xmax": 623}}], [{"tid": 0, "generated": 0, "bbox": {"xmin": 567, "ymin": 195, "ymax": 360, "xmax": 648}}, {"tid": 1, "generated": 0, "bbox": {"xmin": 625, "ymin": 48, "ymax": 87, "xmax": 664}}, {"tid": 2, "generated": 0, "bbox": {"xmin": 569, "ymin": 7, "ymax": 55, "xmax": 628}}], [{"tid": 0, "generated": 0, "bbox": {"xmin": 565, "ymin": 193, "ymax": 359, "xmax": 654}}, {"tid": 1, "generated": 0, "bbox": {"xmin": 627, "ymin": 49, "ymax": 88, "xmax": 666}}, {"tid": 2, "generated": 0, "bbox": {"xmin": 574, "ymin": 7, "ymax": 55, "xmax": 633}}], [{"tid": 0, "generated": 0, "bbox": {"xmin": 568, "ymin": 195, "ymax": 364, "xmax": 656}}, {"tid": 1, "generated": 0, "bbox": {"xmin": 636, "ymin": 49, "ymax": 88, "xmax": 675}}, {"tid": 2, "generated": 0, "bbox": {"xmin": 579, "ymin": 7, "ymax": 55, "xmax": 638}}], [{"tid": 0, "generated": 0, "bbox": {"xmin": 576, "ymin": 199, "ymax": 360, "xmax": 661}}, {"tid": 1, "generated": 0, "bbox": {"xmin": 641, "ymin": 51, "ymax": 90, "xmax": 680}}, {"tid": 2, "generated": 0, "bbox": {"xmin": 584, "ymin": 7, "ymax": 55, "xmax": 643}}], [{"tid": 0, "generated": 0, "bbox": {"xmin": 574, "ymin": 197, "ymax": 359, "xmax": 659}}, {"tid": 1, "generated": 0, "bbox": {"xmin": 647, "ymin": 51, "ymax": 90, "xmax": 686}}, {"tid": 2, "generated": 0, "bbox": {"xmin": 589, "ymin": 7, "ymax": 59, "xmax": 648}}], [{"tid": 0, "generated": 0, "bbox": {"xmin": 579, "ymin": 195, "ymax": 359, "xmax": 664}}, {"tid": 1, "generated": 0, "bbox": {"xmin": 652, "ymin": 51, "ymax": 90, "xmax": 691}}, {"tid": 2, "generated": 0, "bbox": {"xmin": 594, "ymin": 7, "ymax": 62, "xmax": 653}}], [{"tid": 0, "generated": 0, "bbox": {"xmin": 583, "ymin": 197, "ymax": 362, "xmax": 670}}, {"tid": 1, "generated": 0, "bbox": {"xmin": 657, "ymin": 51, "ymax": 90, "xmax": 696}}, {"tid": 2, "generated": 0, "bbox": {"xmin": 598, "ymin": 8, "ymax": 66, "xmax": 657}}], [{"tid": 0, "generated": 0, "bbox": {"xmin": 590, "ymin": 197, "ymax": 364, "xmax": 677}}, {"tid": 1, "generated": 0, "bbox": {"xmin": 664, "ymin": 51, "ymax": 90, "xmax": 704}}, {"tid": 2, "generated": 0, "bbox": {"xmin": 603, "ymin": 8, "ymax": 69, "xmax": 662}}], [{"tid": 0, "generated": 0, "bbox": {"xmin": 593, "ymin": 197, "ymax": 366, "xmax": 680}}, {"tid": 1, "generated": 0, "bbox": {"xmin": 668, "ymin": 53, "ymax": 92, "xmax": 707}}, {"tid": 2, "generated": 0, "bbox": {"xmin": 608, "ymin": 8, "ymax": 73, "xmax": 667}}], [{"tid": 0, "generated": 0, "bbox": {"xmin": 595, "ymin": 197, "ymax": 368, "xmax": 684}}, {"tid": 1, "generated": 0, "bbox": {"xmin": 677, "ymin": 53, "ymax": 97, "xmax": 714}}, {"tid": 2, "generated": 0, "bbox": {"xmin": 611, "ymin": 8, "ymax": 73, "xmax": 670}}], [{"tid": 0, "generated": 0, "bbox": {"xmin": 595, "ymin": 197, "ymax": 371, "xmax": 684}}, {"tid": 1, "generated": 0, "bbox": {"xmin": 677, "ymin": 53, "ymax": 101, "xmax": 718}}, {"tid": 2, "generated": 0, "bbox": {"xmin": 614, "ymin": 8, "ymax": 73, "xmax": 673}}], [{"tid": 0, "generated": 0, "bbox": {"xmin": 597, "ymin": 199, "ymax": 376, "xmax": 688}}, {"tid": 1, "generated": 0, "bbox": {"xmin": 680, "ymin": 56, "ymax": 104, "xmax": 721}}, {"tid": 2, "generated": 0, "bbox": {"xmin": 617, "ymin": 8, "ymax": 73, "xmax": 676}}], [{"tid": 0, "generated": 0, "bbox": {"xmin": 597, "ymin": 204, "ymax": 380, "xmax": 686}}, {"tid": 1, "generated": 0, "bbox": {"xmin": 680, "ymin": 60, "ymax": 108, "xmax": 721}}, {"tid": 2, "generated": 0, "bbox": {"xmin": 620, "ymin": 8, "ymax": 73, "xmax": 679}}], [{"tid": 0, "generated": 0, "bbox": {"xmin": 600, "ymin": 202, "ymax": 376, "xmax": 686}}, {"tid": 1, "generated": 0, "bbox": {"xmin": 682, "ymin": 60, "ymax": 108, "xmax": 723}}, {"tid": 2, "generated": 0, "bbox": {"xmin": 623, "ymin": 8, "ymax": 73, "xmax": 682}}], [{"tid": 0, "generated": 0, "bbox": {"xmin": 595, "ymin": 204, "ymax": 375, "xmax": 684}}, {"tid": 1, "generated": 0, "bbox": {"xmin": 686, "ymin": 60, "ymax": 108, "xmax": 727}}, {"tid": 2, "generated": 0, "bbox": {"xmin": 626, "ymin": 9, "ymax": 74, "xmax": 685}}], [{"tid": 0, "generated": 0, "bbox": {"xmin": 593, "ymin": 208, "ymax": 373, "xmax": 684}}, {"tid": 1, "generated": 0, "bbox": {"xmin": 682, "ymin": 62, "ymax": 110, "xmax": 723}}, {"tid": 2, "generated": 0, "bbox": {"xmin": 629, "ymin": 9, "ymax": 74, "xmax": 688}}], [{"tid": 0, "generated": 0, "bbox": {"xmin": 592, "ymin": 209, "ymax": 371, "xmax": 686}}, {"tid": 1, "generated": 0, "bbox": {"xmin": 682, "ymin": 60, "ymax": 108, "xmax": 723}}, {"tid": 2, "generated": 0, "bbox": {"xmin": 632, "ymin": 10, "ymax": 75, "xmax": 691}}], [{"tid": 0, "generated": 0, "bbox": {"xmin": 593, "ymin": 204, "ymax": 368, "xmax": 688}}, {"tid": 1, "generated": 0, "bbox": {"xmin": 682, "ymin": 62, "ymax": 110, "xmax": 723}}, {"tid": 2, "generated": 0, "bbox": {"xmin": 635, "ymin": 10, "ymax": 75, "xmax": 694}}], [{"tid": 0, "generated": 0, "bbox": {"xmin": 592, "ymin": 208, "ymax": 368, "xmax": 684}}, {"tid": 1, "generated": 0, "bbox": {"xmin": 689, "ymin": 65, "ymax": 113, "xmax": 730}}, {"tid": 2, "generated": 0, "bbox": {"xmin": 638, "ymin": 11, "ymax": 76, "xmax": 697}}], [{"tid": 0, "generated": 0, "bbox": {"xmin": 591, "ymin": 207, "ymax": 367, "xmax": 686}}, {"tid": 1, "generated": 0, "bbox": {"xmin": 688, "ymin": 64, "ymax": 112, "xmax": 728}}, {"tid": 2, "generated": 0, "bbox": {"xmin": 638, "ymin": 11, "ymax": 76, "xmax": 697}}], [{"tid": 0, "generated": 0, "bbox": {"xmin": 590, "ymin": 206, "ymax": 366, "xmax": 688}}, {"tid": 1, "generated": 0, "bbox": {"xmin": 686, "ymin": 64, "ymax": 112, "xmax": 727}}, {"tid": 2, "generated": 0, "bbox": {"xmin": 637, "ymin": 11, "ymax": 76, "xmax": 696}}], [{"tid": 0, "generated": 0, "bbox": {"xmin": 588, "ymin": 204, "ymax": 366, "xmax": 682}}, {"tid": 1, "generated": 0, "bbox": {"xmin": 684, "ymin": 62, "ymax": 110, "xmax": 725}}, {"tid": 2, "generated": 0, "bbox": {"xmin": 637, "ymin": 10, "ymax": 75, "xmax": 696}}], [{"tid": 0, "generated": 0, "bbox": {"xmin": 588, "ymin": 202, "ymax": 362, "xmax": 680}}, {"tid": 1, "generated": 0, "bbox": {"xmin": 686, "ymin": 64, "ymax": 112, "xmax": 727}}, {"tid": 2, "generated": 0, "bbox": {"xmin": 636, "ymin": 10, "ymax": 75, "xmax": 695}}], [{"tid": 0, "generated": 0, "bbox": {"xmin": 581, "ymin": 200, "ymax": 360, "xmax": 679}}, {"tid": 1, "generated": 0, "bbox": {"xmin": 686, "ymin": 64, "ymax": 112, "xmax": 727}}, {"tid": 2, "generated": 0, "bbox": {"xmin": 636, "ymin": 10, "ymax": 75, "xmax": 695}}], [{"tid": 0, "generated": 0, "bbox": {"xmin": 577, "ymin": 199, "ymax": 359, "xmax": 677}}, {"tid": 1, "generated": 0, "bbox": {"xmin": 686, "ymin": 64, "ymax": 112, "xmax": 727}}, {"tid": 2, "generated": 0, "bbox": {"xmin": 636, "ymin": 9, "ymax": 75, "xmax": 695}}], [{"tid": 0, "generated": 0, "bbox": {"xmin": 576, "ymin": 197, "ymax": 357, "xmax": 682}}, {"tid": 1, "generated": 0, "bbox": {"xmin": 688, "ymin": 69, "ymax": 117, "xmax": 728}}, {"tid": 2, "generated": 0, "bbox": {"xmin": 637, "ymin": 7, "ymax": 74, "xmax": 696}}], [{"tid": 0, "generated": 0, "bbox": {"xmin": 579, "ymin": 195, "ymax": 355, "xmax": 680}}, {"tid": 1, "generated": 0, "bbox": {"xmin": 691, "ymin": 62, "ymax": 110, "xmax": 732}}, {"tid": 2, "generated": 0, "bbox": {"xmin": 637, "ymin": 6, "ymax": 74, "xmax": 696}}], [{"tid": 0, "generated": 0, "bbox": {"xmin": 577, "ymin": 204, "ymax": 355, "xmax": 677}}, {"tid": 1, "generated": 0, "bbox": {"xmin": 689, "ymin": 65, "ymax": 113, "xmax": 730}}, {"tid": 2, "generated": 0, "bbox": {"xmin": 638, "ymin": 4, "ymax": 73, "xmax": 697}}], [{"tid": 0, "generated": 0, "bbox": {"xmin": 576, "ymin": 202, "ymax": 357, "xmax": 673}}, {"tid": 1, "generated": 0, "bbox": {"xmin": 689, "ymin": 65, "ymax": 113, "xmax": 730}}, {"tid": 2, "generated": 0, "bbox": {"xmin": 638, "ymin": 3, "ymax": 73, "xmax": 697}}, {"tid": 3, "generated": 0, "bbox": {"xmin": 584, "ymin": 2, "ymax": 84, "xmax": 633}}], [{"tid": 0, "generated": 0, "bbox": {"xmin": 574, "ymin": 204, "ymax": 362, "xmax": 672}}, {"tid": 1, "generated": 0, "bbox": {"xmin": 689, "ymin": 65, "ymax": 113, "xmax": 730}}, {"tid": 2, "generated": 0, "bbox": {"xmin": 639, "ymin": 3, "ymax": 76, "xmax": 698}}, {"tid": 3, "generated": 0, "bbox": {"xmin": 584, "ymin": 2, "ymax": 84, "xmax": 633}}], [{"tid": 0, "generated": 0, "bbox": {"xmin": 570, "ymin": 202, "ymax": 359, "xmax": 670}}, {"tid": 1, "generated": 0, "bbox": {"xmin": 691, "ymin": 65, "ymax": 113, "xmax": 732}}, {"tid": 2, "generated": 0, "bbox": {"xmin": 640, "ymin": 3, "ymax": 78, "xmax": 699}}, {"tid": 3, "generated": 0, "bbox": {"xmin": 584, "ymin": 2, "ymax": 84, "xmax": 633}}], [{"tid": 0, "generated": 0, "bbox": {"xmin": 568, "ymin": 209, "ymax": 357, "xmax": 670}}, {"tid": 1, "generated": 0, "bbox": {"xmin": 693, "ymin": 69, "ymax": 117, "xmax": 737}}, {"tid": 2, "generated": 0, "bbox": {"xmin": 641, "ymin": 2, "ymax": 81, "xmax": 700}}, {"tid": 3, "generated": 0, "bbox": {"xmin": 584, "ymin": 2, "ymax": 84, "xmax": 633}}], [{"tid": 0, "generated": 0, "bbox": {"xmin": 568, "ymin": 209, "ymax": 371, "xmax": 670}}, {"tid": 1, "generated": 0, "bbox": {"xmin": 689, "ymin": 71, "ymax": 119, "xmax": 736}}, {"tid": 2, "generated": 0, "bbox": {"xmin": 642, "ymin": 2, "ymax": 83, "xmax": 701}}, {"tid": 3, "generated": 0, "bbox": {"xmin": 584, "ymin": 2, "ymax": 84, "xmax": 633}}], [{"tid": 0, "generated": 0, "bbox": {"xmin": 567, "ymin": 209, "ymax": 371, "xmax": 666}}, {"tid": 1, "generated": 0, "bbox": {"xmin": 686, "ymin": 67, "ymax": 115, "xmax": 730}}, {"tid": 2, "generated": 0, "bbox": {"xmin": 643, "ymin": 2, "ymax": 86, "xmax": 702}}, {"tid": 3, "generated": 0, "bbox": {"xmin": 584, "ymin": 2, "ymax": 84, "xmax": 633}}], [{"tid": 0, "generated": 0, "bbox": {"xmin": 565, "ymin": 213, "ymax": 371, "xmax": 663}}, {"tid": 1, "generated": 0, "bbox": {"xmin": 689, "ymin": 72, "ymax": 120, "xmax": 732}}, {"tid": 2, "generated": 0, "bbox": {"xmin": 643, "ymin": 2, "ymax": 88, "xmax": 702}}, {"tid": 3, "generated": 0, "bbox": {"xmin": 584, "ymin": 2, "ymax": 87, "xmax": 633}}], [{"tid": 0, "generated": 0, "bbox": {"xmin": 565, "ymin": 218, "ymax": 378, "xmax": 663}}, {"tid": 1, "generated": 0, "bbox": {"xmin": 686, "ymin": 76, "ymax": 124, "xmax": 730}}, {"tid": 2, "generated": 0, "bbox": {"xmin": 643, "ymin": 2, "ymax": 90, "xmax": 702}}, {"tid": 3, "generated": 0, "bbox": {"xmin": 584, "ymin": 2, "ymax": 90, "xmax": 633}}], [{"tid": 0, "generated": 0, "bbox": {"xmin": 565, "ymin": 218, "ymax": 378, "xmax": 659}}, {"tid": 1, "generated": 0, "bbox": {"xmin": 682, "ymin": 81, "ymax": 129, "xmax": 727}}, {"tid": 2, "generated": 0, "bbox": {"xmin": 643, "ymin": 2, "ymax": 93, "xmax": 701}}, {"tid": 3, "generated": 0, "bbox": {"xmin": 584, "ymin": 2, "ymax": 94, "xmax": 633}}], [{"tid": 0, "generated": 0, "bbox": {"xmin": 563, "ymin": 227, "ymax": 378, "xmax": 656}}, {"tid": 1, "generated": 0, "bbox": {"xmin": 686, "ymin": 83, "ymax": 129, "xmax": 725}}, {"tid": 2, "generated": 0, "bbox": {"xmin": 643, "ymin": 2, "ymax": 95, "xmax": 701}}, {"tid": 3, "generated": 0, "bbox": {"xmin": 584, "ymin": 2, "ymax": 97, "xmax": 633}}], [{"tid": 0, "generated": 0, "bbox": {"xmin": 561, "ymin": 227, "ymax": 378, "xmax": 652}}, {"tid": 1, "generated": 0, "bbox": {"xmin": 682, "ymin": 85, "ymax": 131, "xmax": 721}}, {"tid": 2, "generated": 0, "bbox": {"xmin": 643, "ymin": 2, "ymax": 97, "xmax": 701}}, {"tid": 3, "generated": 0, "bbox": {"xmin": 584, "ymin": 2, "ymax": 100, "xmax": 633}}], [{"tid": 0, "generated": 0, "bbox": {"xmin": 560, "ymin": 229, "ymax": 378, "xmax": 648}}, {"tid": 1, "generated": 0, "bbox": {"xmin": 679, "ymin": 90, "ymax": 138, "xmax": 720}}, {"tid": 2, "generated": 0, "bbox": {"xmin": 643, "ymin": 2, "ymax": 100, "xmax": 701}}, {"tid": 3, "generated": 0, "bbox": {"xmin": 582, "ymin": 2, "ymax": 103, "xmax": 633}}], [{"tid": 0, "generated": 0, "bbox": {"xmin": 558, "ymin": 236, "ymax": 400, "xmax": 643}}, {"tid": 1, "generated": 0, "bbox": {"xmin": 679, "ymin": 90, "ymax": 138, "xmax": 718}}, {"tid": 2, "generated": 0, "bbox": {"xmin": 643, "ymin": 2, "ymax": 102, "xmax": 701}}, {"tid": 3, "generated": 0, "bbox": {"xmin": 579, "ymin": 2, "ymax": 106, "xmax": 633}}], [{"tid": 0, "generated": 0, "bbox": {"xmin": 557, "ymin": 236, "ymax": 402, "xmax": 641}}, {"tid": 1, "generated": 0, "bbox": {"xmin": 682, "ymin": 94, "ymax": 140, "xmax": 718}}, {"tid": 2, "generated": 0, "bbox": {"xmin": 643, "ymin": 2, "ymax": 105, "xmax": 701}}, {"tid": 3, "generated": 0, "bbox": {"xmin": 577, "ymin": 2, "ymax": 109, "xmax": 633}}], [{"tid": 0, "generated": 0, "bbox": {"xmin": 556, "ymin": 236, "ymax": 405, "xmax": 640}}, {"tid": 1, "generated": 0, "bbox": {"xmin": 680, "ymin": 94, "ymax": 140, "xmax": 716}}, {"tid": 2, "generated": 0, "bbox": {"xmin": 643, "ymin": 2, "ymax": 107, "xmax": 701}}, {"tid": 3, "generated": 0, "bbox": {"xmin": 574, "ymin": 2, "ymax": 112, "xmax": 633}}], [{"tid": 0, "generated": 0, "bbox": {"xmin": 560, "ymin": 229, "ymax": 401, "xmax": 645}}, {"tid": 1, "generated": 0, "bbox": {"xmin": 682, "ymin": 94, "ymax": 140, "xmax": 718}}, {"tid": 2, "generated": 0, "bbox": {"xmin": 643, "ymin": 2, "ymax": 110, "xmax": 701}}, {"tid": 3, "generated": 0, "bbox": {"xmin": 572, "ymin": 2, "ymax": 115, "xmax": 633}}], [{"tid": 0, "generated": 0, "bbox": {"xmin": 560, "ymin": 234, "ymax": 396, "xmax": 652}}, {"tid": 1, "generated": 0, "bbox": {"xmin": 686, "ymin": 94, "ymax": 140, "xmax": 721}}, {"tid": 2, "generated": 0, "bbox": {"xmin": 645, "ymin": 2, "ymax": 110, "xmax": 703}}, {"tid": 3, "generated": 0, "bbox": {"xmin": 575, "ymin": 2, "ymax": 115, "xmax": 636}}], [{"tid": 0, "generated": 0, "bbox": {"xmin": 563, "ymin": 232, "ymax": 396, "xmax": 656}}, {"tid": 1, "generated": 0, "bbox": {"xmin": 689, "ymin": 94, "ymax": 140, "xmax": 725}}, {"tid": 2, "generated": 0, "bbox": {"xmin": 647, "ymin": 2, "ymax": 110, "xmax": 705}}, {"tid": 3, "generated": 0, "bbox": {"xmin": 578, "ymin": 2, "ymax": 115, "xmax": 639}}], [{"tid": 0, "generated": 0, "bbox": {"xmin": 567, "ymin": 231, "ymax": 398, "xmax": 661}}, {"tid": 1, "generated": 0, "bbox": {"xmin": 693, "ymin": 96, "ymax": 142, "xmax": 728}}, {"tid": 2, "generated": 0, "bbox": {"xmin": 648, "ymin": 1, "ymax": 109, "xmax": 706}}, {"tid": 3, "generated": 0, "bbox": {"xmin": 582, "ymin": 2, "ymax": 115, "xmax": 643}}], [{"tid": 0, "generated": 0, "bbox": {"xmin": 567, "ymin": 227, "ymax": 398, "xmax": 661}}, {"tid": 1, "generated": 0, "bbox": {"xmin": 693, "ymin": 90, "ymax": 136, "xmax": 728}}, {"tid": 2, "generated": 0, "bbox": {"xmin": 650, "ymin": 1, "ymax": 109, "xmax": 708}}, {"tid": 3, "generated": 0, "bbox": {"xmin": 585, "ymin": 2, "ymax": 115, "xmax": 646}}], [{"tid": 0, "generated": 0, "bbox": {"xmin": 565, "ymin": 229, "ymax": 401, "xmax": 661}}, {"tid": 1, "generated": 0, "bbox": {"xmin": 691, "ymin": 88, "ymax": 135, "xmax": 727}}, {"tid": 2, "generated": 0, "bbox": {"xmin": 652, "ymin": 1, "ymax": 109, "xmax": 710}}, {"tid": 3, "generated": 0, "bbox": {"xmin": 588, "ymin": 2, "ymax": 115, "xmax": 649}}], [{"tid": 0, "generated": 0, "bbox": {"xmin": 565, "ymin": 229, "ymax": 387, "xmax": 659}}, {"tid": 1, "generated": 0, "bbox": {"xmin": 691, "ymin": 88, "ymax": 135, "xmax": 727}}, {"tid": 2, "generated": 0, "bbox": {"xmin": 654, "ymin": 1, "ymax": 107, "xmax": 712}}, {"tid": 3, "generated": 0, "bbox": {"xmin": 589, "ymin": 2, "ymax": 115, "xmax": 650}}], [{"tid": 0, "generated": 0, "bbox": {"xmin": 567, "ymin": 227, "ymax": 385, "xmax": 652}}, {"tid": 1, "generated": 0, "bbox": {"xmin": 688, "ymin": 85, "ymax": 131, "xmax": 723}}, {"tid": 2, "generated": 0, "bbox": {"xmin": 656, "ymin": 1, "ymax": 105, "xmax": 714}}, {"tid": 3, "generated": 0, "bbox": {"xmin": 589, "ymin": 2, "ymax": 115, "xmax": 650}}], [{"tid": 0, "generated": 0, "bbox": {"xmin": 570, "ymin": 225, "ymax": 385, "xmax": 650}}, {"tid": 1, "generated": 0, "bbox": {"xmin": 689, "ymin": 83, "ymax": 129, "xmax": 725}}, {"tid": 2, "generated": 0, "bbox": {"xmin": 658, "ymin": 2, "ymax": 104, "xmax": 716}}, {"tid": 3, "generated": 0, "bbox": {"xmin": 590, "ymin": 1, "ymax": 114, "xmax": 651}}], [{"tid": 0, "generated": 0, "bbox": {"xmin": 576, "ymin": 224, "ymax": 384, "xmax": 654}}, {"tid": 1, "generated": 0, "bbox": {"xmin": 689, "ymin": 78, "ymax": 124, "xmax": 725}}, {"tid": 2, "generated": 0, "bbox": {"xmin": 660, "ymin": 2, "ymax": 102, "xmax": 718}}, {"tid": 3, "generated": 0, "bbox": {"xmin": 590, "ymin": 1, "ymax": 114, "xmax": 651}}], [{"tid": 0, "generated": 0, "bbox": {"xmin": 574, "ymin": 222, "ymax": 385, "xmax": 650}}, {"tid": 1, "generated": 0, "bbox": {"xmin": 689, "ymin": 81, "ymax": 128, "xmax": 725}}, {"tid": 2, "generated": 0, "bbox": {"xmin": 662, "ymin": 2, "ymax": 100, "xmax": 720}}, {"tid": 3, "generated": 0, "bbox": {"xmin": 591, "ymin": 1, "ymax": 114, "xmax": 652}}], [{"tid": 0, "generated": 0, "bbox": {"xmin": 567, "ymin": 220, "ymax": 385, "xmax": 648}}, {"tid": 1, "generated": 0, "bbox": {"xmin": 689, "ymin": 83, "ymax": 129, "xmax": 725}}, {"tid": 2, "generated": 0, "bbox": {"xmin": 660, "ymin": 2, "ymax": 100, "xmax": 718}}, {"tid": 3, "generated": 0, "bbox": {"xmin": 586, "ymin": 1, "ymax": 114, "xmax": 652}}], [{"tid": 0, "generated": 0, "bbox": {"xmin": 565, "ymin": 220, "ymax": 387, "xmax": 645}}, {"tid": 1, "generated": 0, "bbox": {"xmin": 686, "ymin": 85, "ymax": 131, "xmax": 721}}, {"tid": 2, "generated": 0, "bbox": {"xmin": 658, "ymin": 2, "ymax": 100, "xmax": 716}}, {"tid": 3, "generated": 0, "bbox": {"xmin": 581, "ymin": 1, "ymax": 114, "xmax": 652}}], [{"tid": 0, "generated": 0, "bbox": {"xmin": 570, "ymin": 218, "ymax": 387, "xmax": 643}}, {"tid": 1, "generated": 0, "bbox": {"xmin": 684, "ymin": 88, "ymax": 135, "xmax": 720}}, {"tid": 2, "generated": 0, "bbox": {"xmin": 656, "ymin": 1, "ymax": 99, "xmax": 714}}, {"tid": 3, "generated": 0, "bbox": {"xmin": 577, "ymin": 1, "ymax": 114, "xmax": 652}}], [{"tid": 0, "generated": 0, "bbox": {"xmin": 558, "ymin": 224, "ymax": 387, "xmax": 640}}, {"tid": 1, "generated": 0, "bbox": {"xmin": 677, "ymin": 90, "ymax": 136, "xmax": 712}}, {"tid": 2, "generated": 0, "bbox": {"xmin": 654, "ymin": 1, "ymax": 99, "xmax": 712}}, {"tid": 3, "generated": 0, "bbox": {"xmin": 572, "ymin": 1, "ymax": 114, "xmax": 652}}], [{"tid": 0, "generated": 0, "bbox": {"xmin": 556, "ymin": 222, "ymax": 387, "xmax": 631}}, {"tid": 1, "generated": 0, "bbox": {"xmin": 673, "ymin": 94, "ymax": 140, "xmax": 709}}, {"tid": 2, "generated": 0, "bbox": {"xmin": 652, "ymin": 1, "ymax": 99, "xmax": 710}}, {"tid": 3, "generated": 0, "bbox": {"xmin": 567, "ymin": 1, "ymax": 114, "xmax": 652}}], [{"tid": 0, "generated": 0, "bbox": {"xmin": 560, "ymin": 220, "ymax": 387, "xmax": 629}}, {"tid": 1, "generated": 0, "bbox": {"xmin": 670, "ymin": 97, "ymax": 144, "xmax": 705}}, {"tid": 2, "generated": 0, "bbox": {"xmin": 652, "ymin": 1, "ymax": 104, "xmax": 710}}, {"tid": 3, "generated": 0, "bbox": {"xmin": 567, "ymin": 1, "ymax": 117, "xmax": 652}}], [{"tid": 0, "generated": 0, "bbox": {"xmin": 554, "ymin": 234, "ymax": 387, "xmax": 624}}, {"tid": 1, "generated": 0, "bbox": {"xmin": 664, "ymin": 99, "ymax": 145, "xmax": 700}}, {"tid": 2, "generated": 0, "bbox": {"xmin": 652, "ymin": 1, "ymax": 109, "xmax": 710}}, {"tid": 3, "generated": 0, "bbox": {"xmin": 567, "ymin": 1, "ymax": 120, "xmax": 652}}], [{"tid": 0, "generated": 0, "bbox": {"xmin": 552, "ymin": 232, "ymax": 387, "xmax": 625}}, {"tid": 1, "generated": 0, "bbox": {"xmin": 663, "ymin": 97, "ymax": 144, "xmax": 698}}, {"tid": 2, "generated": 0, "bbox": {"xmin": 652, "ymin": 1, "ymax": 114, "xmax": 710}}, {"tid": 3, "generated": 0, "bbox": {"xmin": 567, "ymin": 1, "ymax": 122, "xmax": 652}}], [{"tid": 0, "generated": 0, "bbox": {"xmin": 551, "ymin": 236, "ymax": 389, "xmax": 622}}, {"tid": 1, "generated": 0, "bbox": {"xmin": 664, "ymin": 97, "ymax": 144, "xmax": 700}}, {"tid": 2, "generated": 0, "bbox": {"xmin": 652, "ymin": 1, "ymax": 119, "xmax": 710}}, {"tid": 3, "generated": 0, "bbox": {"xmin": 567, "ymin": 1, "ymax": 125, "xmax": 652}}], [{"tid": 0, "generated": 0, "bbox": {"xmin": 549, "ymin": 234, "ymax": 389, "xmax": 627}}, {"tid": 1, "generated": 0, "bbox": {"xmin": 664, "ymin": 104, "ymax": 151, "xmax": 700}}, {"tid": 2, "generated": 0, "bbox": {"xmin": 652, "ymin": 1, "ymax": 124, "xmax": 710}}, {"tid": 3, "generated": 0, "bbox": {"xmin": 567, "ymin": 1, "ymax": 128, "xmax": 652}}], [{"tid": 0, "generated": 0, "bbox": {"xmin": 547, "ymin": 232, "ymax": 375, "xmax": 631}}, {"tid": 1, "generated": 0, "bbox": {"xmin": 663, "ymin": 104, "ymax": 151, "xmax": 698}}, {"tid": 2, "generated": 0, "bbox": {"xmin": 652, "ymin": 1, "ymax": 122, "xmax": 710}}, {"tid": 3, "generated": 0, "bbox": {"xmin": 569, "ymin": 1, "ymax": 129, "xmax": 652}}], [{"tid": 0, "generated": 0, "bbox": {"xmin": 545, "ymin": 238, "ymax": 376, "xmax": 627}}, {"tid": 1, "generated": 0, "bbox": {"xmin": 666, "ymin": 103, "ymax": 149, "xmax": 702}}, {"tid": 2, "generated": 0, "bbox": {"xmin": 652, "ymin": 1, "ymax": 120, "xmax": 710}}, {"tid": 3, "generated": 0, "bbox": {"xmin": 572, "ymin": 1, "ymax": 130, "xmax": 652}}], [{"tid": 0, "generated": 0, "bbox": {"xmin": 551, "ymin": 236, "ymax": 376, "xmax": 625}}, {"tid": 1, "generated": 0, "bbox": {"xmin": 670, "ymin": 103, "ymax": 149, "xmax": 705}}, {"tid": 2, "generated": 0, "bbox": {"xmin": 652, "ymin": 1, "ymax": 117, "xmax": 710}}, {"tid": 3, "generated": 0, "bbox": {"xmin": 574, "ymin": 1, "ymax": 132, "xmax": 652}}], [{"tid": 0, "generated": 0, "bbox": {"xmin": 549, "ymin": 234, "ymax": 376, "xmax": 631}}, {"tid": 1, "generated": 0, "bbox": {"xmin": 670, "ymin": 104, "ymax": 151, "xmax": 705}}, {"tid": 2, "generated": 0, "bbox": {"xmin": 652, "ymin": 1, "ymax": 115, "xmax": 710}}, {"tid": 3, "generated": 0, "bbox": {"xmin": 577, "ymin": 1, "ymax": 133, "xmax": 652}}], [{"tid": 0, "generated": 0, "bbox": {"xmin": 551, "ymin": 232, "ymax": 376, "xmax": 629}}, {"tid": 1, "generated": 0, "bbox": {"xmin": 668, "ymin": 103, "ymax": 149, "xmax": 704}}, {"tid": 2, "generated": 0, "bbox": {"xmin": 652, "ymin": 1, "ymax": 113, "xmax": 710}}, {"tid": 3, "generated": 0, "bbox": {"xmin": 579, "ymin": 1, "ymax": 134, "xmax": 652}}], [{"tid": 0, "generated": 0, "bbox": {"xmin": 552, "ymin": 231, "ymax": 376, "xmax": 627}}, {"tid": 1, "generated": 0, "bbox": {"xmin": 668, "ymin": 101, "ymax": 147, "xmax": 704}}, {"tid": 2, "generated": 0, "bbox": {"xmin": 652, "ymin": 1, "ymax": 113, "xmax": 710}}, {"tid": 3, "generated": 0, "bbox": {"xmin": 580, "ymin": 1, "ymax": 134, "xmax": 652}}], [{"tid": 0, "generated": 0, "bbox": {"xmin": 551, "ymin": 229, "ymax": 376, "xmax": 629}}, {"tid": 1, "generated": 0, "bbox": {"xmin": 668, "ymin": 101, "ymax": 147, "xmax": 704}}, {"tid": 2, "generated": 0, "bbox": {"xmin": 653, "ymin": 1, "ymax": 113, "xmax": 710}}, {"tid": 3, "generated": 0, "bbox": {"xmin": 581, "ymin": 1, "ymax": 134, "xmax": 652}}], [{"tid": 0, "generated": 0, "bbox": {"xmin": 552, "ymin": 227, "ymax": 376, "xmax": 627}}, {"tid": 1, "generated": 0, "bbox": {"xmin": 670, "ymin": 97, "ymax": 144, "xmax": 705}}, {"tid": 2, "generated": 0, "bbox": {"xmin": 653, "ymin": 1, "ymax": 113, "xmax": 710}}, {"tid": 3, "generated": 0, "bbox": {"xmin": 583, "ymin": 1, "ymax": 134, "xmax": 652}}], [{"tid": 0, "generated": 0, "bbox": {"xmin": 551, "ymin": 225, "ymax": 376, "xmax": 632}}, {"tid": 1, "generated": 0, "bbox": {"xmin": 668, "ymin": 97, "ymax": 144, "xmax": 704}}, {"tid": 2, "generated": 0, "bbox": {"xmin": 654, "ymin": 1, "ymax": 113, "xmax": 710}}, {"tid": 3, "generated": 0, "bbox": {"xmin": 584, "ymin": 1, "ymax": 134, "xmax": 652}}], [], [], [], [], [], [], [], [], [], [], [], [], [], [], [], [{"tid": 0, "generated": 0, "bbox": {"xmin": 552, "ymin": 222, "ymax": 364, "xmax": 620}}, {"tid": 1, "generated": 0, "bbox": {"xmin": 661, "ymin": 112, "ymax": 161, "xmax": 695}}, {"tid": 2, "generated": 0, "bbox": {"xmin": 666, "ymin": 3, "ymax": 115, "xmax": 719}}, {"tid": 3, "generated": 0, "bbox": {"xmin": 602, "ymin": 0, "ymax": 153, "xmax": 680}}], [{"tid": 0, "generated": 0, "bbox": {"xmin": 551, "ymin": 229, "ymax": 369, "xmax": 618}}, {"tid": 1, "generated": 0, "bbox": {"xmin": 659, "ymin": 113, "ymax": 163, "xmax": 693}}, {"tid": 2, "generated": 0, "bbox": {"xmin": 661, "ymin": 3, "ymax": 119, "xmax": 714}}, {"tid": 3, "generated": 0, "bbox": {"xmin": 605, "ymin": 0, "ymax": 153, "xmax": 683}}], [{"tid": 0, "generated": 0, "bbox": {"xmin": 549, "ymin": 232, "ymax": 375, "xmax": 616}}, {"tid": 1, "generated": 0, "bbox": {"xmin": 659, "ymin": 115, "ymax": 165, "xmax": 693}}, {"tid": 2, "generated": 0, "bbox": {"xmin": 656, "ymin": 3, "ymax": 123, "xmax": 709}}, {"tid": 3, "generated": 0, "bbox": {"xmin": 608, "ymin": 0, "ymax": 153, "xmax": 687}}], [{"tid": 0, "generated": 0, "bbox": {"xmin": 547, "ymin": 231, "ymax": 368, "xmax": 616}}, {"tid": 1, "generated": 0, "bbox": {"xmin": 659, "ymin": 117, "ymax": 167, "xmax": 693}}, {"tid": 2, "generated": 0, "bbox": {"xmin": 651, "ymin": 2, "ymax": 128, "xmax": 704}}, {"tid": 3, "generated": 0, "bbox": {"xmin": 612, "ymin": 0, "ymax": 153, "xmax": 690}}], [{"tid": 0, "generated": 0, "bbox": {"xmin": 545, "ymin": 229, "ymax": 371, "xmax": 613}}, {"tid": 1, "generated": 0, "bbox": {"xmin": 657, "ymin": 119, "ymax": 168, "xmax": 691}}, {"tid": 2, "generated": 0, "bbox": {"xmin": 646, "ymin": 2, "ymax": 132, "xmax": 699}}, {"tid": 3, "generated": 0, "bbox": {"xmin": 615, "ymin": 0, "ymax": 153, "xmax": 694}}], [{"tid": 0, "generated": 0, "bbox": {"xmin": 544, "ymin": 236, "ymax": 376, "xmax": 613}}, {"tid": 1, "generated": 0, "bbox": {"xmin": 659, "ymin": 117, "ymax": 167, "xmax": 693}}, {"tid": 2, "generated": 0, "bbox": {"xmin": 641, "ymin": 2, "ymax": 136, "xmax": 694}}, {"tid": 3, "generated": 0, "bbox": {"xmin": 618, "ymin": 0, "ymax": 153, "xmax": 697}}], [{"tid": 0, "generated": 0, "bbox": {"xmin": 542, "ymin": 234, "ymax": 364, "xmax": 611}}, {"tid": 1, "generated": 0, "bbox": {"xmin": 659, "ymin": 117, "ymax": 167, "xmax": 693}}, {"tid": 2, "generated": 0, "bbox": {"xmin": 635, "ymin": 2, "ymax": 136, "xmax": 692}}, {"tid": 3, "generated": 0, "bbox": {"xmin": 623, "ymin": 0, "ymax": 150, "xmax": 699}}], [{"tid": 0, "generated": 0, "bbox": {"xmin": 540, "ymin": 232, "ymax": 362, "xmax": 609}}, {"tid": 1, "generated": 0, "bbox": {"xmin": 661, "ymin": 117, "ymax": 167, "xmax": 695}}, {"tid": 2, "generated": 0, "bbox": {"xmin": 629, "ymin": 3, "ymax": 137, "xmax": 690}}, {"tid": 3, "generated": 0, "bbox": {"xmin": 629, "ymin": 0, "ymax": 147, "xmax": 701}}], [{"tid": 0, "generated": 0, "bbox": {"xmin": 538, "ymin": 231, "ymax": 359, "xmax": 608}}, {"tid": 1, "generated": 0, "bbox": {"xmin": 661, "ymin": 117, "ymax": 167, "xmax": 695}}, {"tid": 2, "generated": 0, "bbox": {"xmin": 624, "ymin": 3, "ymax": 137, "xmax": 688}}, {"tid": 3, "generated": 0, "bbox": {"xmin": 634, "ymin": 0, "ymax": 145, "xmax": 702}}], [{"tid": 0, "generated": 0, "bbox": {"xmin": 542, "ymin": 229, "ymax": 364, "xmax": 616}}, {"tid": 1, "generated": 0, "bbox": {"xmin": 657, "ymin": 117, "ymax": 167, "xmax": 691}}, {"tid": 2, "generated": 0, "bbox": {"xmin": 618, "ymin": 4, "ymax": 138, "xmax": 686}}, {"tid": 3, "generated": 0, "bbox": {"xmin": 640, "ymin": 0, "ymax": 142, "xmax": 704}}], [{"tid": 0, "generated": 0, "bbox": {"xmin": 547, "ymin": 231, "ymax": 355, "xmax": 613}}, {"tid": 1, "generated": 0, "bbox": {"xmin": 659, "ymin": 117, "ymax": 167, "xmax": 693}}, {"tid": 2, "generated": 0, "bbox": {"xmin": 612, "ymin": 4, "ymax": 138, "xmax": 684}}, {"tid": 3, "generated": 0, "bbox": {"xmin": 645, "ymin": 0, "ymax": 139, "xmax": 706}}], [{"tid": 0, "generated": 0, "bbox": {"xmin": 545, "ymin": 229, "ymax": 350, "xmax": 613}}, {"tid": 1, "generated": 0, "bbox": {"xmin": 659, "ymin": 117, "ymax": 167, "xmax": 693}}, {"tid": 2, "generated": 0, "bbox": {"xmin": 609, "ymin": 4, "ymax": 138, "xmax": 681}}, {"tid": 3, "generated": 0, "bbox": {"xmin": 645, "ymin": 0, "ymax": 139, "xmax": 706}}], [{"tid": 0, "generated": 0, "bbox": {"xmin": 544, "ymin": 227, "ymax": 353, "xmax": 613}}, {"tid": 1, "generated": 0, "bbox": {"xmin": 661, "ymin": 119, "ymax": 168, "xmax": 695}}, {"tid": 2, "generated": 0, "bbox": {"xmin": 607, "ymin": 4, "ymax": 138, "xmax": 679}}, {"tid": 3, "generated": 0, "bbox": {"xmin": 645, "ymin": 0, "ymax": 139, "xmax": 706}}], [{"tid": 0, "generated": 0, "bbox": {"xmin": 542, "ymin": 225, "ymax": 355, "xmax": 613}}, {"tid": 1, "generated": 0, "bbox": {"xmin": 656, "ymin": 120, "ymax": 170, "xmax": 689}}, {"tid": 2, "generated": 0, "bbox": {"xmin": 604, "ymin": 4, "ymax": 138, "xmax": 676}}, {"tid": 3, "generated": 0, "bbox": {"xmin": 645, "ymin": 0, "ymax": 139, "xmax": 706}}], [{"tid": 0, "generated": 0, "bbox": {"xmin": 540, "ymin": 224, "ymax": 352, "xmax": 613}}, {"tid": 1, "generated": 0, "bbox": {"xmin": 657, "ymin": 120, "ymax": 170, "xmax": 691}}, {"tid": 2, "generated": 0, "bbox": {"xmin": 602, "ymin": 4, "ymax": 138, "xmax": 674}}, {"tid": 3, "generated": 0, "bbox": {"xmin": 645, "ymin": 0, "ymax": 139, "xmax": 706}}], [{"tid": 0, "generated": 0, "bbox": {"xmin": 538, "ymin": 222, "ymax": 353, "xmax": 613}}, {"tid": 1, "generated": 0, "bbox": {"xmin": 656, "ymin": 119, "ymax": 168, "xmax": 689}}, {"tid": 2, "generated": 0, "bbox": {"xmin": 599, "ymin": 4, "ymax": 138, "xmax": 671}}, {"tid": 3, "generated": 0, "bbox": {"xmin": 645, "ymin": 0, "ymax": 139, "xmax": 706}}], [{"tid": 0, "generated": 0, "bbox": {"xmin": 536, "ymin": 220, "ymax": 350, "xmax": 613}}, {"tid": 1, "generated": 0, "bbox": {"xmin": 648, "ymin": 119, "ymax": 167, "xmax": 689}}, {"tid": 2, "generated": 0, "bbox": {"xmin": 599, "ymin": 4, "ymax": 138, "xmax": 671}}, {"tid": 3, "generated": 0, "bbox": {"xmin": 648, "ymin": 1, "ymax": 140, "xmax": 709}}], [{"tid": 0, "generated": 0, "bbox": {"xmin": 535, "ymin": 218, "ymax": 346, "xmax": 613}}, {"tid": 1, "generated": 0, "bbox": {"xmin": 654, "ymin": 115, "ymax": 163, "xmax": 696}}, {"tid": 2, "generated": 0, "bbox": {"xmin": 599, "ymin": 4, "ymax": 138, "xmax": 671}}, {"tid": 3, "generated": 0, "bbox": {"xmin": 651, "ymin": 2, "ymax": 141, "xmax": 712}}], [{"tid": 0, "generated": 0, "bbox": {"xmin": 551, "ymin": 216, "ymax": 337, "xmax": 613}}, {"tid": 1, "generated": 0, "bbox": {"xmin": 664, "ymin": 112, "ymax": 161, "xmax": 698}}, {"tid": 2, "generated": 0, "bbox": {"xmin": 599, "ymin": 4, "ymax": 138, "xmax": 671}}, {"tid": 3, "generated": 0, "bbox": {"xmin": 654, "ymin": 2, "ymax": 141, "xmax": 715}}], [{"tid": 0, "generated": 0, "bbox": {"xmin": 554, "ymin": 215, "ymax": 346, "xmax": 615}}, {"tid": 1, "generated": 0, "bbox": {"xmin": 654, "ymin": 112, "ymax": 156, "xmax": 704}}, {"tid": 2, "generated": 0, "bbox": {"xmin": 599, "ymin": 4, "ymax": 138, "xmax": 671}}, {"tid": 3, "generated": 0, "bbox": {"xmin": 657, "ymin": 3, "ymax": 142, "xmax": 718}}], [{"tid": 0, "generated": 0, "bbox": {"xmin": 552, "ymin": 213, "ymax": 350, "xmax": 615}}, {"tid": 1, "generated": 0, "bbox": {"xmin": 654, "ymin": 115, "ymax": 160, "xmax": 707}}, {"tid": 2, "generated": 0, "bbox": {"xmin": 599, "ymin": 4, "ymax": 138, "xmax": 671}}, {"tid": 3, "generated": 0, "bbox": {"xmin": 660, "ymin": 4, "ymax": 143, "xmax": 721}}], [{"tid": 0, "generated": 0, "bbox": {"xmin": 551, "ymin": 211, "ymax": 350, "xmax": 615}}, {"tid": 1, "generated": 0, "bbox": {"xmin": 652, "ymin": 115, "ymax": 165, "xmax": 707}}, {"tid": 2, "generated": 0, "bbox": {"xmin": 599, "ymin": 4, "ymax": 138, "xmax": 667}}, {"tid": 3, "generated": 0, "bbox": {"xmin": 661, "ymin": 4, "ymax": 145, "xmax": 722}}], [{"tid": 0, "generated": 0, "bbox": {"xmin": 549, "ymin": 209, "ymax": 352, "xmax": 615}}, {"tid": 1, "generated": 0, "bbox": {"xmin": 643, "ymin": 115, "ymax": 163, "xmax": 707}}, {"tid": 2, "generated": 0, "bbox": {"xmin": 599, "ymin": 4, "ymax": 138, "xmax": 664}}, {"tid": 3, "generated": 0, "bbox": {"xmin": 662, "ymin": 3, "ymax": 148, "xmax": 723}}], [{"tid": 0, "generated": 0, "bbox": {"xmin": 547, "ymin": 222, "ymax": 344, "xmax": 613}}, {"tid": 1, "generated": 0, "bbox": {"xmin": 640, "ymin": 115, "ymax": 172, "xmax": 709}}, {"tid": 2, "generated": 0, "bbox": {"xmin": 599, "ymin": 4, "ymax": 138, "xmax": 660}}, {"tid": 3, "generated": 0, "bbox": {"xmin": 664, "ymin": 3, "ymax": 150, "xmax": 725}}], [{"tid": 0, "generated": 0, "bbox": {"xmin": 545, "ymin": 220, "ymax": 343, "xmax": 613}}, {"tid": 1, "generated": 0, "bbox": {"xmin": 634, "ymin": 115, "ymax": 168, "xmax": 716}}, {"tid": 2, "generated": 0, "bbox": {"xmin": 599, "ymin": 4, "ymax": 138, "xmax": 657}}, {"tid": 3, "generated": 0, "bbox": {"xmin": 665, "ymin": 2, "ymax": 153, "xmax": 726}}], [{"tid": 0, "generated": 0, "bbox": {"xmin": 551, "ymin": 218, "ymax": 341, "xmax": 613}}, {"tid": 1, "generated": 0, "bbox": {"xmin": 632, "ymin": 115, "ymax": 168, "xmax": 714}}, {"tid": 2, "generated": 0, "bbox": {"xmin": 599, "ymin": 4, "ymax": 138, "xmax": 653}}, {"tid": 3, "generated": 0, "bbox": {"xmin": 666, "ymin": 2, "ymax": 155, "xmax": 727}}], [{"tid": 0, "generated": 0, "bbox": {"xmin": 558, "ymin": 216, "ymax": 343, "xmax": 622}}, {"tid": 1, "generated": 0, "bbox": {"xmin": 641, "ymin": 115, "ymax": 161, "xmax": 721}}, {"tid": 2, "generated": 0, "bbox": {"xmin": 598, "ymin": 4, "ymax": 138, "xmax": 652}}, {"tid": 3, "generated": 0, "bbox": {"xmin": 669, "ymin": 2, "ymax": 155, "xmax": 730}}], [{"tid": 0, "generated": 0, "bbox": {"xmin": 558, "ymin": 215, "ymax": 343, "xmax": 620}}, {"tid": 1, "generated": 0, "bbox": {"xmin": 638, "ymin": 115, "ymax": 160, "xmax": 720}}, {"tid": 2, "generated": 0, "bbox": {"xmin": 596, "ymin": 4, "ymax": 138, "xmax": 650}}, {"tid": 3, "generated": 0, "bbox": {"xmin": 673, "ymin": 2, "ymax": 155, "xmax": 734}}], [{"tid": 0, "generated": 0, "bbox": {"xmin": 556, "ymin": 213, "ymax": 328, "xmax": 629}}, {"tid": 1, "generated": 0, "bbox": {"xmin": 648, "ymin": 115, "ymax": 160, "xmax": 725}}, {"tid": 2, "generated": 0, "bbox": {"xmin": 595, "ymin": 4, "ymax": 138, "xmax": 649}}, {"tid": 3, "generated": 0, "bbox": {"xmin": 676, "ymin": 2, "ymax": 155, "xmax": 737}}], [{"tid": 0, "generated": 0, "bbox": {"xmin": 552, "ymin": 211, "ymax": 330, "xmax": 627}}, {"tid": 1, "generated": 0, "bbox": {"xmin": 647, "ymin": 108, "ymax": 158, "xmax": 721}}, {"tid": 2, "generated": 0, "bbox": {"xmin": 593, "ymin": 4, "ymax": 138, "xmax": 647}}, {"tid": 3, "generated": 0, "bbox": {"xmin": 680, "ymin": 2, "ymax": 155, "xmax": 741}}]], "subject/objects": [{"category": "red_panda", "tid": 0}, {"category": "red_panda", "tid": 1}, {"category": "person", "tid": 2}, {"category": "person", "tid": 3}], "relation_instances": [{"end_fid": 165, "subject_tid": 0, "predicate": "walk_front", "begin_fid": 135, "object_tid": 1}, {"end_fid": 165, "subject_tid": 0, "predicate": "walk_toward", "begin_fid": 135, "object_tid": 1}, {"end_fid": 165, "subject_tid": 1, "predicate": "walk_behind", "begin_fid": 135, "object_tid": 0}, {"end_fid": 165, "subject_tid": 1, "predicate": "walk_toward", "begin_fid": 135, "object_tid": 0}, {"end_fid": 240, "subject_tid": 0, "predicate": "walk_front", "begin_fid": 210, "object_tid": 1}, {"end_fid": 240, "subject_tid": 0, "predicate": "walk_toward", "begin_fid": 210, "object_tid": 1}, {"end_fid": 240, "subject_tid": 1, "predicate": "walk_behind", "begin_fid": 210, "object_tid": 0}, {"end_fid": 240, "subject_tid": 1, "predicate": "walk_toward", "begin_fid": 210, "object_tid": 0}, {"end_fid": 240, "subject_tid": 0, "predicate": "walk_front", "begin_fid": 210, "object_tid": 2}, {"end_fid": 240, "subject_tid": 0, "predicate": "walk_toward", "begin_fid": 210, "object_tid": 2}, {"end_fid": 240, "subject_tid": 2, "predicate": "walk_behind", "begin_fid": 210, "object_tid": 0}, {"end_fid": 240, "subject_tid": 2, "predicate": "walk_toward", "begin_fid": 210, "object_tid": 0}, {"end_fid": 240, "subject_tid": 2, "predicate": "taller", "begin_fid": 210, "object_tid": 0}, {"end_fid": 240, "subject_tid": 1, "predicate": "walk_front", "begin_fid": 210, "object_tid": 2}, {"end_fid": 240, "subject_tid": 2, "predicate": "walk_behind", "begin_fid": 210, "object_tid": 1}, {"end_fid": 240, "subject_tid": 2, "predicate": "taller", "begin_fid": 210, "object_tid": 1}, {"end_fid": 240, "subject_tid": 2, "predicate": "follow", "begin_fid": 210, "object_tid": 1}, {"end_fid": 270, "subject_tid": 0, "predicate": "walk_front", "begin_fid": 240, "object_tid": 1}, {"end_fid": 270, "subject_tid": 0, "predicate": "walk_toward", "begin_fid": 240, "object_tid": 1}, {"end_fid": 270, "subject_tid": 1, "predicate": "walk_behind", "begin_fid": 240, "object_tid": 0}, {"end_fid": 270, "subject_tid": 1, "predicate": "walk_toward", "begin_fid": 240, "object_tid": 0}, {"end_fid": 270, "subject_tid": 0, "predicate": "walk_front", "begin_fid": 240, "object_tid": 2}, {"end_fid": 270, "subject_tid": 0, "predicate": "walk_toward", "begin_fid": 240, "object_tid": 2}, {"end_fid": 270, "subject_tid": 0, "predicate": "taller", "begin_fid": 240, "object_tid": 2}, {"end_fid": 270, "subject_tid": 2, "predicate": "walk_behind", "begin_fid": 240, "object_tid": 0}, {"end_fid": 270, "subject_tid": 2, "predicate": "walk_toward", "begin_fid": 240, "object_tid": 0}, {"end_fid": 270, "subject_tid": 0, "predicate": "walk_front", "begin_fid": 240, "object_tid": 3}, {"end_fid": 270, "subject_tid": 0, "predicate": "walk_toward", "begin_fid": 240, "object_tid": 3}, {"end_fid": 270, "subject_tid": 3, "predicate": "walk_behind", "begin_fid": 240, "object_tid": 0}, {"end_fid": 270, "subject_tid": 3, "predicate": "walk_toward", "begin_fid": 240, "object_tid": 0}, {"end_fid": 270, "subject_tid": 3, "predicate": "taller", "begin_fid": 240, "object_tid": 0}, {"end_fid": 270, "subject_tid": 1, "predicate": "walk_front", "begin_fid": 240, "object_tid": 2}, {"end_fid": 270, "subject_tid": 2, "predicate": "walk_behind", "begin_fid": 240, "object_tid": 1}, {"end_fid": 270, "subject_tid": 2, "predicate": "taller", "begin_fid": 240, "object_tid": 1}, {"end_fid": 270, "subject_tid": 1, "predicate": "walk_right", "begin_fid": 240, "object_tid": 3}, {"end_fid": 270, "subject_tid": 1, "predicate": "walk_front", "begin_fid": 240, "object_tid": 3}, {"end_fid": 270, "subject_tid": 3, "predicate": "walk_behind", "begin_fid": 240, "object_tid": 1}, {"end_fid": 270, "subject_tid": 3, "predicate": "walk_left", "begin_fid": 240, "object_tid": 1}, {"end_fid": 270, "subject_tid": 3, "predicate": "taller", "begin_fid": 240, "object_tid": 1}, {"end_fid": 270, "subject_tid": 2, "predicate": "walk_right", "begin_fid": 240, "object_tid": 3}, {"end_fid": 270, "subject_tid": 2, "predicate": "walk_next_to", "begin_fid": 240, "object_tid": 3}, {"end_fid": 270, "subject_tid": 2, "predicate": "walk_with", "begin_fid": 240, "object_tid": 3}, {"end_fid": 270, "subject_tid": 3, "predicate": "walk_next_to", "begin_fid": 240, "object_tid": 2}, {"end_fid": 270, "subject_tid": 3, "predicate": "walk_with", "begin_fid": 240, "object_tid": 2}, {"end_fid": 270, "subject_tid": 3, "predicate": "walk_left", "begin_fid": 240, "object_tid": 2}, {"end_fid": 285, "subject_tid": 0, "predicate": "walk_front", "begin_fid": 255, "object_tid": 1}, {"end_fid": 285, "subject_tid": 0, "predicate": "walk_toward", "begin_fid": 255, "object_tid": 1}, {"end_fid": 285, "subject_tid": 1, "predicate": "stand_behind", "begin_fid": 255, "object_tid": 0}, {"end_fid": 285, "subject_tid": 0, "predicate": "walk_front", "begin_fid": 255, "object_tid": 2}, {"end_fid": 285, "subject_tid": 0, "predicate": "walk_toward", "begin_fid": 255, "object_tid": 2}, {"end_fid": 285, "subject_tid": 2, "predicate": "walk_behind", "begin_fid": 255, "object_tid": 0}, {"end_fid": 285, "subject_tid": 2, "predicate": "walk_toward", "begin_fid": 255, "object_tid": 0}, {"end_fid": 285, "subject_tid": 0, "predicate": "walk_front", "begin_fid": 255, "object_tid": 3}, {"end_fid": 285, "subject_tid": 0, "predicate": "walk_toward", "begin_fid": 255, "object_tid": 3}, {"end_fid": 285, "subject_tid": 3, "predicate": "walk_behind", "begin_fid": 255, "object_tid": 0}, {"end_fid": 285, "subject_tid": 3, "predicate": "walk_toward", "begin_fid": 255, "object_tid": 0}, {"end_fid": 285, "subject_tid": 1, "predicate": "stand_front", "begin_fid": 255, "object_tid": 2}, {"end_fid": 285, "subject_tid": 2, "predicate": "walk_behind", "begin_fid": 255, "object_tid": 1}, {"end_fid": 285, "subject_tid": 2, "predicate": "walk_toward", "begin_fid": 255, "object_tid": 1}, {"end_fid": 285, "subject_tid": 2, "predicate": "taller", "begin_fid": 255, "object_tid": 1}, {"end_fid": 285, "subject_tid": 2, "predicate": "larger", "begin_fid": 255, "object_tid": 1}, {"end_fid": 285, "subject_tid": 1, "predicate": "stand_right", "begin_fid": 255, "object_tid": 3}, {"end_fid": 285, "subject_tid": 1, "predicate": "stand_front", "begin_fid": 255, "object_tid": 3}, {"end_fid": 285, "subject_tid": 3, "predicate": "walk_behind", "begin_fid": 255, "object_tid": 1}, {"end_fid": 285, "subject_tid": 3, "predicate": "walk_toward", "begin_fid": 255, "object_tid": 1}, {"end_fid": 285, "subject_tid": 3, "predicate": "walk_left", "begin_fid": 255, "object_tid": 1}, {"end_fid": 285, "subject_tid": 3, "predicate": "taller", "begin_fid": 255, "object_tid": 1}, {"end_fid": 285, "subject_tid": 3, "predicate": "larger", "begin_fid": 255, "object_tid": 1}, {"end_fid": 285, "subject_tid": 2, "predicate": "walk_right", "begin_fid": 255, "object_tid": 3}, {"end_fid": 285, "subject_tid": 2, "predicate": "walk_next_to", "begin_fid": 255, "object_tid": 3}, {"end_fid": 285, "subject_tid": 2, "predicate": "walk_with", "begin_fid": 255, "object_tid": 3}, {"end_fid": 285, "subject_tid": 3, "predicate": "walk_next_to", "begin_fid": 255, "object_tid": 2}, {"end_fid": 285, "subject_tid": 3, "predicate": "walk_with", "begin_fid": 255, "object_tid": 2}, {"end_fid": 285, "subject_tid": 3, "predicate": "walk_left", "begin_fid": 255, "object_tid": 2}, {"end_fid": 330, "subject_tid": 0, "predicate": "walk_front", "begin_fid": 300, "object_tid": 1}, {"end_fid": 330, "subject_tid": 0, "predicate": "walk_toward", "begin_fid": 300, "object_tid": 1}, {"end_fid": 330, "subject_tid": 1, "predicate": "walk_behind", "begin_fid": 300, "object_tid": 0}, {"end_fid": 330, "subject_tid": 0, "predicate": "walk_front", "begin_fid": 300, "object_tid": 2}, {"end_fid": 330, "subject_tid": 0, "predicate": "walk_toward", "begin_fid": 300, "object_tid": 2}, {"end_fid": 330, "subject_tid": 2, "predicate": "walk_behind", "begin_fid": 300, "object_tid": 0}, {"end_fid": 330, "subject_tid": 2, "predicate": "taller", "begin_fid": 300, "object_tid": 0}, {"end_fid": 330, "subject_tid": 0, "predicate": "walk_front", "begin_fid": 300, "object_tid": 3}, {"end_fid": 330, "subject_tid": 0, "predicate": "walk_toward", "begin_fid": 300, "object_tid": 3}, {"end_fid": 330, "subject_tid": 3, "predicate": "walk_behind", "begin_fid": 300, "object_tid": 0}, {"end_fid": 330, "subject_tid": 3, "predicate": "taller", "begin_fid": 300, "object_tid": 0}, {"end_fid": 330, "subject_tid": 1, "predicate": "walk_front", "begin_fid": 300, "object_tid": 2}, {"end_fid": 330, "subject_tid": 2, "predicate": "walk_behind", "begin_fid": 300, "object_tid": 1}, {"end_fid": 330, "subject_tid": 2, "predicate": "taller", "begin_fid": 300, "object_tid": 1}, {"end_fid": 330, "subject_tid": 1, "predicate": "walk_front", "begin_fid": 300, "object_tid": 3}, {"end_fid": 330, "subject_tid": 3, "predicate": "walk_behind", "begin_fid": 300, "object_tid": 1}, {"end_fid": 330, "subject_tid": 3, "predicate": "taller", "begin_fid": 300, "object_tid": 1}, {"end_fid": 330, "subject_tid": 2, "predicate": "walk_past", "begin_fid": 300, "object_tid": 3}, {"end_fid": 330, "subject_tid": 2, "predicate": "walk_behind", "begin_fid": 300, "object_tid": 3}, {"end_fid": 330, "subject_tid": 3, "predicate": "walk_past", "begin_fid": 300, "object_tid": 2}, {"end_fid": 330, "subject_tid": 3, "predicate": "walk_front", "begin_fid": 300, "object_tid": 2}], "height": 720}