{"width": 636, "frame_count": 382, "video_id": "ILSVRC2015_train_01079000", "fps": 29, "trajectories": [[{"tid": 0, "generated": 0, "bbox": {"xmin": 381, "ymin": 199, "ymax": 254, "xmax": 452}}, {"tid": 1, "generated": 0, "bbox": {"xmin": 318, "ymin": 179, "ymax": 262, "xmax": 390}}, {"tid": 3, "generated": 0, "bbox": {"xmin": 430, "ymin": 10, "ymax": 62, "xmax": 474}}, {"tid": 4, "generated": 0, "bbox": {"xmin": 488, "ymin": 22, "ymax": 68, "xmax": 534}}, {"tid": 5, "generated": 0, "bbox": {"xmin": 586, "ymin": 22, "ymax": 76, "xmax": 629}}], [{"tid": 0, "generated": 0, "bbox": {"xmin": 385, "ymin": 196, "ymax": 247, "xmax": 460}}, {"tid": 1, "generated": 0, "bbox": {"xmin": 317, "ymin": 176, "ymax": 257, "xmax": 391}}, {"tid": 3, "generated": 0, "bbox": {"xmin": 430, "ymin": 10, "ymax": 62, "xmax": 474}}, {"tid": 4, "generated": 0, "bbox": {"xmin": 488, "ymin": 22, "ymax": 68, "xmax": 534}}, {"tid": 5, "generated": 0, "bbox": {"xmin": 586, "ymin": 22, "ymax": 76, "xmax": 629}}], [{"tid": 0, "generated": 0, "bbox": {"xmin": 379, "ymin": 196, "ymax": 248, "xmax": 424}}, {"tid": 1, "generated": 0, "bbox": {"xmin": 313, "ymin": 174, "ymax": 254, "xmax": 387}}, {"tid": 3, "generated": 0, "bbox": {"xmin": 430, "ymin": 10, "ymax": 62, "xmax": 474}}, {"tid": 4, "generated": 0, "bbox": {"xmin": 487, "ymin": 22, "ymax": 68, "xmax": 533}}, {"tid": 5, "generated": 0, "bbox": {"xmin": 586, "ymin": 22, "ymax": 76, "xmax": 629}}], [{"tid": 0, "generated": 0, "bbox": {"xmin": 371, "ymin": 202, "ymax": 249, "xmax": 431}}, {"tid": 1, "generated": 0, "bbox": {"xmin": 316, "ymin": 179, "ymax": 257, "xmax": 393}}, {"tid": 3, "generated": 0, "bbox": {"xmin": 430, "ymin": 10, "ymax": 62, "xmax": 474}}, {"tid": 4, "generated": 0, "bbox": {"xmin": 487, "ymin": 21, "ymax": 67, "xmax": 533}}, {"tid": 5, "generated": 0, "bbox": {"xmin": 586, "ymin": 22, "ymax": 76, "xmax": 629}}], [{"tid": 0, "generated": 0, "bbox": {"xmin": 378, "ymin": 202, "ymax": 249, "xmax": 433}}, {"tid": 1, "generated": 0, "bbox": {"xmin": 318, "ymin": 179, "ymax": 257, "xmax": 393}}, {"tid": 3, "generated": 0, "bbox": {"xmin": 430, "ymin": 10, "ymax": 62, "xmax": 474}}, {"tid": 4, "generated": 0, "bbox": {"xmin": 486, "ymin": 21, "ymax": 67, "xmax": 532}}, {"tid": 5, "generated": 0, "bbox": {"xmin": 586, "ymin": 22, "ymax": 76, "xmax": 629}}], [{"tid": 0, "generated": 0, "bbox": {"xmin": 379, "ymin": 196, "ymax": 242, "xmax": 424}}, {"tid": 1, "generated": 0, "bbox": {"xmin": 318, "ymin": 174, "ymax": 250, "xmax": 396}}, {"tid": 3, "generated": 0, "bbox": {"xmin": 430, "ymin": 10, "ymax": 62, "xmax": 474}}, {"tid": 4, "generated": 0, "bbox": {"xmin": 486, "ymin": 21, "ymax": 67, "xmax": 532}}, {"tid": 5, "generated": 0, "bbox": {"xmin": 586, "ymin": 22, "ymax": 76, "xmax": 629}}], [{"tid": 0, "generated": 0, "bbox": {"xmin": 377, "ymin": 197, "ymax": 242, "xmax": 425}}, {"tid": 1, "generated": 0, "bbox": {"xmin": 318, "ymin": 180, "ymax": 255, "xmax": 402}}, {"tid": 3, "generated": 0, "bbox": {"xmin": 430, "ymin": 9, "ymax": 61, "xmax": 474}}, {"tid": 4, "generated": 0, "bbox": {"xmin": 486, "ymin": 19, "ymax": 65, "xmax": 532}}, {"tid": 5, "generated": 0, "bbox": {"xmin": 585, "ymin": 20, "ymax": 74, "xmax": 628}}], [{"tid": 0, "generated": 0, "bbox": {"xmin": 381, "ymin": 195, "ymax": 242, "xmax": 429}}, {"tid": 1, "generated": 0, "bbox": {"xmin": 318, "ymin": 181, "ymax": 254, "xmax": 406}}, {"tid": 3, "generated": 0, "bbox": {"xmin": 430, "ymin": 8, "ymax": 60, "xmax": 474}}, {"tid": 4, "generated": 0, "bbox": {"xmin": 485, "ymin": 18, "ymax": 64, "xmax": 531}}, {"tid": 5, "generated": 0, "bbox": {"xmin": 585, "ymin": 18, "ymax": 72, "xmax": 628}}], [{"tid": 0, "generated": 0, "bbox": {"xmin": 384, "ymin": 187, "ymax": 240, "xmax": 429}}, {"tid": 1, "generated": 0, "bbox": {"xmin": 316, "ymin": 180, "ymax": 252, "xmax": 409}}, {"tid": 3, "generated": 0, "bbox": {"xmin": 430, "ymin": 6, "ymax": 58, "xmax": 474}}, {"tid": 4, "generated": 0, "bbox": {"xmin": 485, "ymin": 16, "ymax": 62, "xmax": 531}}, {"tid": 5, "generated": 0, "bbox": {"xmin": 584, "ymin": 15, "ymax": 69, "xmax": 627}}], [{"tid": 0, "generated": 0, "bbox": {"xmin": 381, "ymin": 184, "ymax": 241, "xmax": 428}}, {"tid": 1, "generated": 0, "bbox": {"xmin": 319, "ymin": 181, "ymax": 252, "xmax": 408}}, {"tid": 3, "generated": 0, "bbox": {"xmin": 430, "ymin": 5, "ymax": 57, "xmax": 474}}, {"tid": 4, "generated": 0, "bbox": {"xmin": 484, "ymin": 15, "ymax": 61, "xmax": 530}}, {"tid": 5, "generated": 0, "bbox": {"xmin": 584, "ymin": 13, "ymax": 67, "xmax": 627}}], [{"tid": 0, "generated": 0, "bbox": {"xmin": 376, "ymin": 180, "ymax": 242, "xmax": 431}}, {"tid": 1, "generated": 0, "bbox": {"xmin": 310, "ymin": 181, "ymax": 252, "xmax": 393}}, {"tid": 3, "generated": 0, "bbox": {"xmin": 430, "ymin": 4, "ymax": 56, "xmax": 474}}, {"tid": 4, "generated": 0, "bbox": {"xmin": 484, "ymin": 13, "ymax": 59, "xmax": 530}}, {"tid": 5, "generated": 0, "bbox": {"xmin": 583, "ymin": 11, "ymax": 65, "xmax": 626}}], [{"tid": 0, "generated": 0, "bbox": {"xmin": 383, "ymin": 175, "ymax": 242, "xmax": 431}}, {"tid": 1, "generated": 0, "bbox": {"xmin": 316, "ymin": 180, "ymax": 252, "xmax": 402}}, {"tid": 3, "generated": 0, "bbox": {"xmin": 430, "ymin": 4, "ymax": 56, "xmax": 474}}, {"tid": 4, "generated": 0, "bbox": {"xmin": 484, "ymin": 13, "ymax": 59, "xmax": 530}}, {"tid": 5, "generated": 0, "bbox": {"xmin": 583, "ymin": 11, "ymax": 65, "xmax": 626}}], [{"tid": 0, "generated": 0, "bbox": {"xmin": 381, "ymin": 174, "ymax": 241, "xmax": 431}}, {"tid": 1, "generated": 0, "bbox": {"xmin": 308, "ymin": 181, "ymax": 251, "xmax": 409}}, {"tid": 3, "generated": 0, "bbox": {"xmin": 430, "ymin": 4, "ymax": 56, "xmax": 474}}, {"tid": 4, "generated": 0, "bbox": {"xmin": 485, "ymin": 13, "ymax": 59, "xmax": 531}}, {"tid": 5, "generated": 0, "bbox": {"xmin": 583, "ymin": 11, "ymax": 65, "xmax": 626}}], [{"tid": 0, "generated": 0, "bbox": {"xmin": 386, "ymin": 173, "ymax": 242, "xmax": 436}}, {"tid": 1, "generated": 0, "bbox": {"xmin": 312, "ymin": 189, "ymax": 264, "xmax": 414}}, {"tid": 3, "generated": 0, "bbox": {"xmin": 429, "ymin": 3, "ymax": 55, "xmax": 473}}, {"tid": 4, "generated": 0, "bbox": {"xmin": 485, "ymin": 12, "ymax": 58, "xmax": 531}}, {"tid": 5, "generated": 0, "bbox": {"xmin": 583, "ymin": 11, "ymax": 65, "xmax": 626}}], [{"tid": 0, "generated": 0, "bbox": {"xmin": 386, "ymin": 171, "ymax": 243, "xmax": 436}}, {"tid": 1, "generated": 0, "bbox": {"xmin": 318, "ymin": 184, "ymax": 257, "xmax": 416}}, {"tid": 3, "generated": 0, "bbox": {"xmin": 429, "ymin": 3, "ymax": 55, "xmax": 473}}, {"tid": 4, "generated": 0, "bbox": {"xmin": 486, "ymin": 12, "ymax": 58, "xmax": 532}}, {"tid": 5, "generated": 0, "bbox": {"xmin": 583, "ymin": 11, "ymax": 65, "xmax": 626}}], [{"tid": 0, "generated": 0, "bbox": {"xmin": 384, "ymin": 166, "ymax": 243, "xmax": 431}}, {"tid": 1, "generated": 0, "bbox": {"xmin": 307, "ymin": 184, "ymax": 257, "xmax": 414}}, {"tid": 3, "generated": 0, "bbox": {"xmin": 429, "ymin": 3, "ymax": 55, "xmax": 473}}, {"tid": 4, "generated": 0, "bbox": {"xmin": 486, "ymin": 12, "ymax": 58, "xmax": 532}}, {"tid": 5, "generated": 0, "bbox": {"xmin": 583, "ymin": 11, "ymax": 65, "xmax": 626}}], [{"tid": 0, "generated": 0, "bbox": {"xmin": 385, "ymin": 166, "ymax": 239, "xmax": 431}}, {"tid": 1, "generated": 0, "bbox": {"xmin": 302, "ymin": 181, "ymax": 262, "xmax": 411}}, {"tid": 3, "generated": 0, "bbox": {"xmin": 427, "ymin": 3, "ymax": 52, "xmax": 471}}, {"tid": 4, "generated": 0, "bbox": {"xmin": 485, "ymin": 11, "ymax": 57, "xmax": 531}}, {"tid": 5, "generated": 0, "bbox": {"xmin": 583, "ymin": 10, "ymax": 64, "xmax": 626}}], [{"tid": 0, "generated": 0, "bbox": {"xmin": 385, "ymin": 165, "ymax": 242, "xmax": 429}}, {"tid": 1, "generated": 0, "bbox": {"xmin": 302, "ymin": 181, "ymax": 262, "xmax": 414}}, {"tid": 3, "generated": 0, "bbox": {"xmin": 425, "ymin": 2, "ymax": 50, "xmax": 469}}, {"tid": 4, "generated": 0, "bbox": {"xmin": 483, "ymin": 10, "ymax": 56, "xmax": 529}}, {"tid": 5, "generated": 0, "bbox": {"xmin": 584, "ymin": 8, "ymax": 62, "xmax": 627}}], [{"tid": 0, "generated": 0, "bbox": {"xmin": 386, "ymin": 166, "ymax": 239, "xmax": 437}}, {"tid": 1, "generated": 0, "bbox": {"xmin": 302, "ymin": 178, "ymax": 262, "xmax": 408}}, {"tid": 3, "generated": 0, "bbox": {"xmin": 423, "ymin": 2, "ymax": 47, "xmax": 467}}, {"tid": 4, "generated": 0, "bbox": {"xmin": 482, "ymin": 10, "ymax": 56, "xmax": 528}}, {"tid": 5, "generated": 0, "bbox": {"xmin": 584, "ymin": 7, "ymax": 61, "xmax": 627}}], [{"tid": 0, "generated": 0, "bbox": {"xmin": 387, "ymin": 163, "ymax": 243, "xmax": 437}}, {"tid": 1, "generated": 0, "bbox": {"xmin": 300, "ymin": 174, "ymax": 265, "xmax": 408}}, {"tid": 3, "generated": 0, "bbox": {"xmin": 421, "ymin": 1, "ymax": 45, "xmax": 465}}, {"tid": 4, "generated": 0, "bbox": {"xmin": 480, "ymin": 9, "ymax": 55, "xmax": 526}}, {"tid": 5, "generated": 0, "bbox": {"xmin": 585, "ymin": 5, "ymax": 59, "xmax": 628}}], [{"tid": 0, "generated": 0, "bbox": {"xmin": 383, "ymin": 169, "ymax": 245, "xmax": 429}}, {"tid": 1, "generated": 0, "bbox": {"xmin": 298, "ymin": 174, "ymax": 265, "xmax": 416}}, {"tid": 3, "generated": 0, "bbox": {"xmin": 419, "ymin": 1, "ymax": 42, "xmax": 463}}, {"tid": 4, "generated": 0, "bbox": {"xmin": 479, "ymin": 8, "ymax": 54, "xmax": 525}}, {"tid": 5, "generated": 0, "bbox": {"xmin": 585, "ymin": 4, "ymax": 58, "xmax": 628}}], [{"tid": 0, "generated": 0, "bbox": {"xmin": 385, "ymin": 168, "ymax": 249, "xmax": 431}}, {"tid": 1, "generated": 0, "bbox": {"xmin": 295, "ymin": 168, "ymax": 265, "xmax": 417}}, {"tid": 3, "generated": 0, "bbox": {"xmin": 419, "ymin": 1, "ymax": 39, "xmax": 463}}, {"tid": 4, "generated": 0, "bbox": {"xmin": 479, "ymin": 6, "ymax": 51, "xmax": 526}}, {"tid": 5, "generated": 0, "bbox": {"xmin": 587, "ymin": 3, "ymax": 55, "xmax": 629}}], [{"tid": 0, "generated": 0, "bbox": {"xmin": 381, "ymin": 169, "ymax": 243, "xmax": 431}}, {"tid": 1, "generated": 0, "bbox": {"xmin": 294, "ymin": 166, "ymax": 265, "xmax": 414}}, {"tid": 3, "generated": 0, "bbox": {"xmin": 419, "ymin": 1, "ymax": 36, "xmax": 463}}, {"tid": 4, "generated": 0, "bbox": {"xmin": 479, "ymin": 4, "ymax": 48, "xmax": 527}}, {"tid": 5, "generated": 0, "bbox": {"xmin": 589, "ymin": 3, "ymax": 52, "xmax": 631}}], [{"tid": 0, "generated": 0, "bbox": {"xmin": 385, "ymin": 167, "ymax": 245, "xmax": 436}}, {"tid": 1, "generated": 0, "bbox": {"xmin": 287, "ymin": 163, "ymax": 267, "xmax": 416}}, {"tid": 3, "generated": 0, "bbox": {"xmin": 419, "ymin": 1, "ymax": 33, "xmax": 463}}, {"tid": 4, "generated": 0, "bbox": {"xmin": 479, "ymin": 3, "ymax": 44, "xmax": 528}}, {"tid": 5, "generated": 0, "bbox": {"xmin": 590, "ymin": 2, "ymax": 50, "xmax": 632}}], [{"tid": 0, "generated": 0, "bbox": {"xmin": 390, "ymin": 174, "ymax": 248, "xmax": 433}}, {"tid": 1, "generated": 0, "bbox": {"xmin": 286, "ymin": 164, "ymax": 272, "xmax": 404}}, {"tid": 3, "generated": 0, "bbox": {"xmin": 419, "ymin": 1, "ymax": 30, "xmax": 463}}, {"tid": 4, "generated": 0, "bbox": {"xmin": 479, "ymin": 1, "ymax": 41, "xmax": 529}}, {"tid": 5, "generated": 0, "bbox": {"xmin": 592, "ymin": 2, "ymax": 47, "xmax": 634}}], [{"tid": 0, "generated": 0, "bbox": {"xmin": 387, "ymin": 174, "ymax": 249, "xmax": 434}}, {"tid": 1, "generated": 0, "bbox": {"xmin": 281, "ymin": 159, "ymax": 267, "xmax": 402}}, {"tid": 3, "generated": 0, "bbox": {"xmin": 419, "ymin": 1, "ymax": 27, "xmax": 463}}, {"tid": 4, "generated": 0, "bbox": {"xmin": 479, "ymin": 0, "ymax": 38, "xmax": 530}}, {"tid": 5, "generated": 0, "bbox": {"xmin": 594, "ymin": 1, "ymax": 44, "xmax": 635}}], [{"tid": 0, "generated": 0, "bbox": {"xmin": 387, "ymin": 173, "ymax": 251, "xmax": 437}}, {"tid": 1, "generated": 0, "bbox": {"xmin": 290, "ymin": 161, "ymax": 272, "xmax": 416}}, {"tid": 3, "generated": 0, "bbox": {"xmin": 417, "ymin": 1, "ymax": 27, "xmax": 461}}, {"tid": 4, "generated": 0, "bbox": {"xmin": 477, "ymin": 0, "ymax": 37, "xmax": 530}}, {"tid": 5, "generated": 0, "bbox": {"xmin": 594, "ymin": 1, "ymax": 43, "xmax": 635}}], [{"tid": 0, "generated": 0, "bbox": {"xmin": 386, "ymin": 171, "ymax": 256, "xmax": 433}}, {"tid": 1, "generated": 0, "bbox": {"xmin": 285, "ymin": 159, "ymax": 272, "xmax": 416}}, {"tid": 3, "generated": 0, "bbox": {"xmin": 414, "ymin": 1, "ymax": 27, "xmax": 458}}, {"tid": 4, "generated": 0, "bbox": {"xmin": 475, "ymin": 0, "ymax": 36, "xmax": 530}}, {"tid": 5, "generated": 0, "bbox": {"xmin": 594, "ymin": 1, "ymax": 42, "xmax": 635}}], [{"tid": 0, "generated": 0, "bbox": {"xmin": 386, "ymin": 166, "ymax": 257, "xmax": 439}}, {"tid": 1, "generated": 0, "bbox": {"xmin": 287, "ymin": 166, "ymax": 275, "xmax": 416}}, {"tid": 3, "generated": 0, "bbox": {"xmin": 412, "ymin": 1, "ymax": 26, "xmax": 456}}, {"tid": 4, "generated": 0, "bbox": {"xmin": 472, "ymin": 0, "ymax": 35, "xmax": 529}}, {"tid": 5, "generated": 0, "bbox": {"xmin": 593, "ymin": 1, "ymax": 41, "xmax": 635}}], [{"tid": 0, "generated": 0, "bbox": {"xmin": 386, "ymin": 160, "ymax": 263, "xmax": 432}}, {"tid": 1, "generated": 0, "bbox": {"xmin": 282, "ymin": 174, "ymax": 278, "xmax": 407}}, {"tid": 3, "generated": 0, "bbox": {"xmin": 409, "ymin": 1, "ymax": 26, "xmax": 453}}, {"tid": 4, "generated": 0, "bbox": {"xmin": 470, "ymin": 0, "ymax": 34, "xmax": 529}}, {"tid": 5, "generated": 0, "bbox": {"xmin": 593, "ymin": 1, "ymax": 40, "xmax": 635}}], [{"tid": 0, "generated": 0, "bbox": {"xmin": 386, "ymin": 159, "ymax": 264, "xmax": 436}}, {"tid": 1, "generated": 0, "bbox": {"xmin": 280, "ymin": 180, "ymax": 278, "xmax": 410}}], [{"tid": 0, "generated": 0, "bbox": {"xmin": 386, "ymin": 151, "ymax": 260, "xmax": 439}}, {"tid": 1, "generated": 0, "bbox": {"xmin": 281, "ymin": 183, "ymax": 275, "xmax": 408}}], [{"tid": 0, "generated": 0, "bbox": {"xmin": 378, "ymin": 150, "ymax": 264, "xmax": 443}}, {"tid": 1, "generated": 0, "bbox": {"xmin": 279, "ymin": 184, "ymax": 279, "xmax": 415}}], [{"tid": 0, "generated": 0, "bbox": {"xmin": 363, "ymin": 151, "ymax": 272, "xmax": 451}}, {"tid": 1, "generated": 0, "bbox": {"xmin": 281, "ymin": 201, "ymax": 285, "xmax": 409}}], [{"tid": 0, "generated": 0, "bbox": {"xmin": 373, "ymin": 150, "ymax": 266, "xmax": 447}}, {"tid": 1, "generated": 0, "bbox": {"xmin": 279, "ymin": 204, "ymax": 278, "xmax": 417}}], [{"tid": 0, "generated": 0, "bbox": {"xmin": 384, "ymin": 145, "ymax": 265, "xmax": 449}}, {"tid": 1, "generated": 0, "bbox": {"xmin": 278, "ymin": 207, "ymax": 279, "xmax": 413}}], [{"tid": 0, "generated": 0, "bbox": {"xmin": 391, "ymin": 149, "ymax": 259, "xmax": 457}}, {"tid": 1, "generated": 0, "bbox": {"xmin": 218, "ymin": 211, "ymax": 293, "xmax": 388}}], [{"tid": 0, "generated": 0, "bbox": {"xmin": 393, "ymin": 148, "ymax": 237, "xmax": 441}}, {"tid": 1, "generated": 0, "bbox": {"xmin": 214, "ymin": 217, "ymax": 286, "xmax": 378}}], [{"tid": 0, "generated": 0, "bbox": {"xmin": 393, "ymin": 146, "ymax": 228, "xmax": 438}}, {"tid": 1, "generated": 0, "bbox": {"xmin": 202, "ymin": 220, "ymax": 287, "xmax": 378}}], [{"tid": 0, "generated": 0, "bbox": {"xmin": 387, "ymin": 151, "ymax": 240, "xmax": 430}}, {"tid": 1, "generated": 0, "bbox": {"xmin": 196, "ymin": 225, "ymax": 287, "xmax": 376}}], [{"tid": 0, "generated": 0, "bbox": {"xmin": 392, "ymin": 153, "ymax": 245, "xmax": 436}}, {"tid": 1, "generated": 0, "bbox": {"xmin": 190, "ymin": 227, "ymax": 288, "xmax": 377}}], [{"tid": 0, "generated": 0, "bbox": {"xmin": 393, "ymin": 159, "ymax": 249, "xmax": 433}}, {"tid": 1, "generated": 0, "bbox": {"xmin": 189, "ymin": 234, "ymax": 295, "xmax": 375}}], [{"tid": 0, "generated": 0, "bbox": {"xmin": 385, "ymin": 166, "ymax": 257, "xmax": 443}}, {"tid": 1, "generated": 0, "bbox": {"xmin": 181, "ymin": 242, "ymax": 297, "xmax": 381}}], [{"tid": 0, "generated": 0, "bbox": {"xmin": 369, "ymin": 174, "ymax": 264, "xmax": 443}}, {"tid": 1, "generated": 0, "bbox": {"xmin": 176, "ymin": 243, "ymax": 302, "xmax": 378}}], [{"tid": 0, "generated": 0, "bbox": {"xmin": 363, "ymin": 178, "ymax": 265, "xmax": 439}}, {"tid": 1, "generated": 0, "bbox": {"xmin": 166, "ymin": 245, "ymax": 304, "xmax": 375}}], [{"tid": 0, "generated": 0, "bbox": {"xmin": 354, "ymin": 189, "ymax": 287, "xmax": 449}}, {"tid": 1, "generated": 0, "bbox": {"xmin": 159, "ymin": 252, "ymax": 312, "xmax": 371}}], [{"tid": 0, "generated": 0, "bbox": {"xmin": 371, "ymin": 197, "ymax": 287, "xmax": 453}}, {"tid": 1, "generated": 0, "bbox": {"xmin": 156, "ymin": 252, "ymax": 320, "xmax": 371}}], [{"tid": 0, "generated": 0, "bbox": {"xmin": 377, "ymin": 199, "ymax": 287, "xmax": 459}}, {"tid": 1, "generated": 0, "bbox": {"xmin": 160, "ymin": 247, "ymax": 320, "xmax": 370}}], [{"tid": 0, "generated": 0, "bbox": {"xmin": 378, "ymin": 204, "ymax": 281, "xmax": 466}}, {"tid": 1, "generated": 0, "bbox": {"xmin": 163, "ymin": 237, "ymax": 318, "xmax": 370}}], [{"tid": 0, "generated": 0, "bbox": {"xmin": 370, "ymin": 209, "ymax": 281, "xmax": 468}}, {"tid": 1, "generated": 0, "bbox": {"xmin": 174, "ymin": 231, "ymax": 318, "xmax": 371}}], [{"tid": 0, "generated": 0, "bbox": {"xmin": 363, "ymin": 216, "ymax": 281, "xmax": 477}}, {"tid": 1, "generated": 0, "bbox": {"xmin": 266, "ymin": 227, "ymax": 311, "xmax": 371}}], [{"tid": 0, "generated": 0, "bbox": {"xmin": 393, "ymin": 216, "ymax": 274, "xmax": 478}}, {"tid": 1, "generated": 0, "bbox": {"xmin": 174, "ymin": 218, "ymax": 316, "xmax": 373}}], [{"tid": 0, "generated": 0, "bbox": {"xmin": 390, "ymin": 220, "ymax": 272, "xmax": 484}}, {"tid": 1, "generated": 0, "bbox": {"xmin": 175, "ymin": 209, "ymax": 313, "xmax": 368}}], [{"tid": 0, "generated": 0, "bbox": {"xmin": 388, "ymin": 219, "ymax": 272, "xmax": 479}}, {"tid": 1, "generated": 0, "bbox": {"xmin": 176, "ymin": 197, "ymax": 307, "xmax": 365}}], [{"tid": 0, "generated": 0, "bbox": {"xmin": 386, "ymin": 218, "ymax": 270, "xmax": 484}}, {"tid": 1, "generated": 0, "bbox": {"xmin": 181, "ymin": 189, "ymax": 304, "xmax": 365}}], [{"tid": 0, "generated": 0, "bbox": {"xmin": 392, "ymin": 216, "ymax": 272, "xmax": 492}}, {"tid": 1, "generated": 0, "bbox": {"xmin": 186, "ymin": 182, "ymax": 305, "xmax": 372}}], [{"tid": 0, "generated": 0, "bbox": {"xmin": 394, "ymin": 211, "ymax": 272, "xmax": 486}}, {"tid": 1, "generated": 0, "bbox": {"xmin": 264, "ymin": 180, "ymax": 295, "xmax": 378}}], [{"tid": 0, "generated": 0, "bbox": {"xmin": 398, "ymin": 204, "ymax": 274, "xmax": 487}}, {"tid": 1, "generated": 0, "bbox": {"xmin": 265, "ymin": 173, "ymax": 294, "xmax": 377}}], [{"tid": 0, "generated": 0, "bbox": {"xmin": 403, "ymin": 197, "ymax": 275, "xmax": 499}}, {"tid": 1, "generated": 0, "bbox": {"xmin": 271, "ymin": 168, "ymax": 296, "xmax": 388}}], [{"tid": 0, "generated": 0, "bbox": {"xmin": 411, "ymin": 196, "ymax": 280, "xmax": 508}}, {"tid": 1, "generated": 0, "bbox": {"xmin": 272, "ymin": 171, "ymax": 302, "xmax": 393}}], [], [], [], [], [], [], [], [], [], [], [], [], [], [], [], [{"tid": 0, "generated": 0, "bbox": {"xmin": 425, "ymin": 172, "ymax": 234, "xmax": 504}}, {"tid": 1, "generated": 0, "bbox": {"xmin": 272, "ymin": 173, "ymax": 259, "xmax": 369}}, {"tid": 2, "generated": 0, "bbox": {"xmin": 0, "ymin": 196, "ymax": 331, "xmax": 189}}], [{"tid": 0, "generated": 0, "bbox": {"xmin": 424, "ymin": 175, "ymax": 234, "xmax": 501}}, {"tid": 1, "generated": 0, "bbox": {"xmin": 272, "ymin": 174, "ymax": 263, "xmax": 369}}, {"tid": 2, "generated": 0, "bbox": {"xmin": 0, "ymin": 187, "ymax": 331, "xmax": 197}}], [{"tid": 0, "generated": 0, "bbox": {"xmin": 422, "ymin": 176, "ymax": 234, "xmax": 500}}, {"tid": 1, "generated": 0, "bbox": {"xmin": 270, "ymin": 181, "ymax": 257, "xmax": 369}}, {"tid": 2, "generated": 0, "bbox": {"xmin": 0, "ymin": 181, "ymax": 313, "xmax": 204}}], [{"tid": 0, "generated": 0, "bbox": {"xmin": 423, "ymin": 181, "ymax": 236, "xmax": 502}}, {"tid": 1, "generated": 0, "bbox": {"xmin": 265, "ymin": 181, "ymax": 259, "xmax": 365}}, {"tid": 2, "generated": 0, "bbox": {"xmin": 0, "ymin": 180, "ymax": 317, "xmax": 212}}], [{"tid": 0, "generated": 0, "bbox": {"xmin": 415, "ymin": 181, "ymax": 234, "xmax": 499}}, {"tid": 1, "generated": 0, "bbox": {"xmin": 250, "ymin": 181, "ymax": 259, "xmax": 363}}, {"tid": 2, "generated": 0, "bbox": {"xmin": 0, "ymin": 172, "ymax": 313, "xmax": 217}}], [{"tid": 0, "generated": 0, "bbox": {"xmin": 408, "ymin": 174, "ymax": 231, "xmax": 492}}, {"tid": 1, "generated": 0, "bbox": {"xmin": 249, "ymin": 186, "ymax": 258, "xmax": 363}}, {"tid": 2, "generated": 0, "bbox": {"xmin": 7, "ymin": 166, "ymax": 318, "xmax": 219}}], [{"tid": 0, "generated": 0, "bbox": {"xmin": 404, "ymin": 178, "ymax": 237, "xmax": 489}}, {"tid": 1, "generated": 0, "bbox": {"xmin": 247, "ymin": 180, "ymax": 263, "xmax": 368}}, {"tid": 2, "generated": 0, "bbox": {"xmin": 22, "ymin": 166, "ymax": 318, "xmax": 227}}], [{"tid": 0, "generated": 0, "bbox": {"xmin": 403, "ymin": 175, "ymax": 237, "xmax": 493}}, {"tid": 1, "generated": 0, "bbox": {"xmin": 242, "ymin": 183, "ymax": 260, "xmax": 366}}, {"tid": 2, "generated": 0, "bbox": {"xmin": 30, "ymin": 166, "ymax": 309, "xmax": 240}}], [{"tid": 0, "generated": 0, "bbox": {"xmin": 406, "ymin": 172, "ymax": 227, "xmax": 493}}, {"tid": 1, "generated": 0, "bbox": {"xmin": 249, "ymin": 178, "ymax": 247, "xmax": 369}}, {"tid": 2, "generated": 0, "bbox": {"xmin": 39, "ymin": 163, "ymax": 303, "xmax": 249}}], [{"tid": 0, "generated": 0, "bbox": {"xmin": 408, "ymin": 165, "ymax": 225, "xmax": 492}}, {"tid": 1, "generated": 0, "bbox": {"xmin": 250, "ymin": 174, "ymax": 245, "xmax": 369}}, {"tid": 2, "generated": 0, "bbox": {"xmin": 47, "ymin": 159, "ymax": 301, "xmax": 257}}], [{"tid": 0, "generated": 0, "bbox": {"xmin": 410, "ymin": 166, "ymax": 225, "xmax": 499}}, {"tid": 1, "generated": 0, "bbox": {"xmin": 263, "ymin": 169, "ymax": 243, "xmax": 375}}, {"tid": 2, "generated": 0, "bbox": {"xmin": 51, "ymin": 156, "ymax": 296, "xmax": 269}}], [{"tid": 0, "generated": 0, "bbox": {"xmin": 414, "ymin": 161, "ymax": 227, "xmax": 499}}, {"tid": 1, "generated": 0, "bbox": {"xmin": 270, "ymin": 163, "ymax": 240, "xmax": 372}}, {"tid": 2, "generated": 0, "bbox": {"xmin": 69, "ymin": 154, "ymax": 290, "xmax": 284}}], [{"tid": 0, "generated": 0, "bbox": {"xmin": 414, "ymin": 159, "ymax": 227, "xmax": 501}}, {"tid": 1, "generated": 0, "bbox": {"xmin": 275, "ymin": 159, "ymax": 236, "xmax": 373}}, {"tid": 2, "generated": 0, "bbox": {"xmin": 106, "ymin": 159, "ymax": 295, "xmax": 293}}], [{"tid": 0, "generated": 0, "bbox": {"xmin": 413, "ymin": 166, "ymax": 228, "xmax": 500}}, {"tid": 1, "generated": 0, "bbox": {"xmin": 287, "ymin": 159, "ymax": 234, "xmax": 372}}, {"tid": 2, "generated": 0, "bbox": {"xmin": 129, "ymin": 165, "ymax": 294, "xmax": 297}}], [{"tid": 0, "generated": 0, "bbox": {"xmin": 411, "ymin": 166, "ymax": 226, "xmax": 499}}, {"tid": 1, "generated": 0, "bbox": {"xmin": 289, "ymin": 156, "ymax": 227, "xmax": 375}}, {"tid": 2, "generated": 0, "bbox": {"xmin": 143, "ymin": 160, "ymax": 295, "xmax": 305}}], [{"tid": 0, "generated": 0, "bbox": {"xmin": 413, "ymin": 164, "ymax": 227, "xmax": 499}}, {"tid": 1, "generated": 0, "bbox": {"xmin": 287, "ymin": 156, "ymax": 232, "xmax": 377}}, {"tid": 2, "generated": 0, "bbox": {"xmin": 163, "ymin": 154, "ymax": 280, "xmax": 313}}], [{"tid": 0, "generated": 0, "bbox": {"xmin": 416, "ymin": 167, "ymax": 227, "xmax": 504}}, {"tid": 1, "generated": 0, "bbox": {"xmin": 275, "ymin": 153, "ymax": 221, "xmax": 375}}, {"tid": 2, "generated": 0, "bbox": {"xmin": 179, "ymin": 160, "ymax": 275, "xmax": 310}}], [{"tid": 0, "generated": 0, "bbox": {"xmin": 417, "ymin": 166, "ymax": 232, "xmax": 499}}, {"tid": 1, "generated": 0, "bbox": {"xmin": 272, "ymin": 149, "ymax": 227, "xmax": 386}}, {"tid": 2, "generated": 0, "bbox": {"xmin": 202, "ymin": 183, "ymax": 273, "xmax": 327}}], [{"tid": 0, "generated": 0, "bbox": {"xmin": 417, "ymin": 166, "ymax": 231, "xmax": 500}}, {"tid": 1, "generated": 0, "bbox": {"xmin": 265, "ymin": 144, "ymax": 226, "xmax": 380}}, {"tid": 2, "generated": 0, "bbox": {"xmin": 212, "ymin": 194, "ymax": 271, "xmax": 332}}], [{"tid": 0, "generated": 0, "bbox": {"xmin": 417, "ymin": 166, "ymax": 239, "xmax": 504}}, {"tid": 1, "generated": 0, "bbox": {"xmin": 265, "ymin": 141, "ymax": 212, "xmax": 381}}, {"tid": 2, "generated": 0, "bbox": {"xmin": 218, "ymin": 194, "ymax": 264, "xmax": 337}}], [{"tid": 0, "generated": 0, "bbox": {"xmin": 418, "ymin": 166, "ymax": 235, "xmax": 502}}, {"tid": 1, "generated": 0, "bbox": {"xmin": 265, "ymin": 135, "ymax": 205, "xmax": 381}}, {"tid": 2, "generated": 0, "bbox": {"xmin": 228, "ymin": 194, "ymax": 263, "xmax": 340}}], [{"tid": 0, "generated": 0, "bbox": {"xmin": 422, "ymin": 166, "ymax": 232, "xmax": 499}}, {"tid": 1, "generated": 0, "bbox": {"xmin": 272, "ymin": 137, "ymax": 207, "xmax": 377}}, {"tid": 2, "generated": 0, "bbox": {"xmin": 234, "ymin": 194, "ymax": 267, "xmax": 340}}], [{"tid": 0, "generated": 0, "bbox": {"xmin": 424, "ymin": 165, "ymax": 227, "xmax": 504}}, {"tid": 1, "generated": 0, "bbox": {"xmin": 286, "ymin": 134, "ymax": 219, "xmax": 380}}, {"tid": 2, "generated": 0, "bbox": {"xmin": 242, "ymin": 180, "ymax": 280, "xmax": 348}}], [{"tid": 0, "generated": 0, "bbox": {"xmin": 429, "ymin": 165, "ymax": 225, "xmax": 505}}, {"tid": 1, "generated": 0, "bbox": {"xmin": 303, "ymin": 130, "ymax": 212, "xmax": 401}}, {"tid": 2, "generated": 0, "bbox": {"xmin": 250, "ymin": 169, "ymax": 288, "xmax": 357}}], [{"tid": 0, "generated": 0, "bbox": {"xmin": 428, "ymin": 166, "ymax": 229, "xmax": 508}}, {"tid": 1, "generated": 0, "bbox": {"xmin": 300, "ymin": 130, "ymax": 212, "xmax": 401}}, {"tid": 2, "generated": 0, "bbox": {"xmin": 252, "ymin": 161, "ymax": 294, "xmax": 363}}], [{"tid": 0, "generated": 0, "bbox": {"xmin": 431, "ymin": 169, "ymax": 227, "xmax": 512}}, {"tid": 1, "generated": 0, "bbox": {"xmin": 326, "ymin": 131, "ymax": 204, "xmax": 402}}, {"tid": 2, "generated": 0, "bbox": {"xmin": 265, "ymin": 156, "ymax": 295, "xmax": 370}}], [{"tid": 0, "generated": 0, "bbox": {"xmin": 436, "ymin": 167, "ymax": 234, "xmax": 514}}, {"tid": 1, "generated": 0, "bbox": {"xmin": 301, "ymin": 133, "ymax": 212, "xmax": 401}}, {"tid": 2, "generated": 0, "bbox": {"xmin": 266, "ymin": 159, "ymax": 297, "xmax": 373}}], [{"tid": 0, "generated": 0, "bbox": {"xmin": 436, "ymin": 172, "ymax": 234, "xmax": 510}}, {"tid": 1, "generated": 0, "bbox": {"xmin": 295, "ymin": 135, "ymax": 216, "xmax": 401}}, {"tid": 2, "generated": 0, "bbox": {"xmin": 266, "ymin": 160, "ymax": 302, "xmax": 378}}], [{"tid": 0, "generated": 0, "bbox": {"xmin": 439, "ymin": 174, "ymax": 242, "xmax": 522}}, {"tid": 1, "generated": 0, "bbox": {"xmin": 293, "ymin": 135, "ymax": 216, "xmax": 407}}, {"tid": 2, "generated": 0, "bbox": {"xmin": 272, "ymin": 167, "ymax": 302, "xmax": 388}}], [{"tid": 0, "generated": 0, "bbox": {"xmin": 444, "ymin": 171, "ymax": 235, "xmax": 521}}, {"tid": 1, "generated": 0, "bbox": {"xmin": 333, "ymin": 136, "ymax": 194, "xmax": 386}}, {"tid": 2, "generated": 0, "bbox": {"xmin": 274, "ymin": 167, "ymax": 300, "xmax": 393}}], [{"tid": 0, "generated": 0, "bbox": {"xmin": 446, "ymin": 171, "ymax": 234, "xmax": 517}}, {"tid": 1, "generated": 0, "bbox": {"xmin": 328, "ymin": 137, "ymax": 202, "xmax": 387}}, {"tid": 2, "generated": 0, "bbox": {"xmin": 275, "ymin": 175, "ymax": 302, "xmax": 393}}], [{"tid": 0, "generated": 0, "bbox": {"xmin": 446, "ymin": 175, "ymax": 234, "xmax": 520}}, {"tid": 1, "generated": 0, "bbox": {"xmin": 331, "ymin": 143, "ymax": 202, "xmax": 384}}, {"tid": 2, "generated": 0, "bbox": {"xmin": 271, "ymin": 178, "ymax": 302, "xmax": 400}}], [{"tid": 0, "generated": 0, "bbox": {"xmin": 445, "ymin": 174, "ymax": 234, "xmax": 515}}, {"tid": 1, "generated": 0, "bbox": {"xmin": 339, "ymin": 142, "ymax": 191, "xmax": 386}}, {"tid": 2, "generated": 0, "bbox": {"xmin": 274, "ymin": 179, "ymax": 300, "xmax": 395}}], [{"tid": 0, "generated": 0, "bbox": {"xmin": 446, "ymin": 176, "ymax": 239, "xmax": 514}}, {"tid": 1, "generated": 0, "bbox": {"xmin": 316, "ymin": 143, "ymax": 219, "xmax": 386}}, {"tid": 2, "generated": 0, "bbox": {"xmin": 280, "ymin": 183, "ymax": 302, "xmax": 396}}], [{"tid": 0, "generated": 0, "bbox": {"xmin": 443, "ymin": 180, "ymax": 236, "xmax": 509}}, {"tid": 1, "generated": 0, "bbox": {"xmin": 313, "ymin": 154, "ymax": 232, "xmax": 398}}, {"tid": 2, "generated": 0, "bbox": {"xmin": 280, "ymin": 194, "ymax": 307, "xmax": 399}}], [{"tid": 0, "generated": 0, "bbox": {"xmin": 441, "ymin": 181, "ymax": 242, "xmax": 514}}, {"tid": 1, "generated": 0, "bbox": {"xmin": 318, "ymin": 160, "ymax": 235, "xmax": 399}}, {"tid": 2, "generated": 0, "bbox": {"xmin": 280, "ymin": 194, "ymax": 309, "xmax": 393}}], [{"tid": 0, "generated": 0, "bbox": {"xmin": 440, "ymin": 180, "ymax": 245, "xmax": 513}}, {"tid": 1, "generated": 0, "bbox": {"xmin": 319, "ymin": 164, "ymax": 234, "xmax": 395}}, {"tid": 2, "generated": 0, "bbox": {"xmin": 279, "ymin": 199, "ymax": 310, "xmax": 379}}], [{"tid": 0, "generated": 0, "bbox": {"xmin": 431, "ymin": 178, "ymax": 244, "xmax": 510}}, {"tid": 1, "generated": 0, "bbox": {"xmin": 333, "ymin": 169, "ymax": 236, "xmax": 396}}, {"tid": 2, "generated": 0, "bbox": {"xmin": 263, "ymin": 203, "ymax": 316, "xmax": 372}}], [{"tid": 0, "generated": 0, "bbox": {"xmin": 430, "ymin": 176, "ymax": 242, "xmax": 507}}, {"tid": 1, "generated": 0, "bbox": {"xmin": 325, "ymin": 178, "ymax": 252, "xmax": 393}}, {"tid": 2, "generated": 0, "bbox": {"xmin": 257, "ymin": 203, "ymax": 315, "xmax": 372}}], [{"tid": 0, "generated": 0, "bbox": {"xmin": 431, "ymin": 174, "ymax": 240, "xmax": 512}}, {"tid": 1, "generated": 0, "bbox": {"xmin": 293, "ymin": 181, "ymax": 257, "xmax": 400}}, {"tid": 2, "generated": 0, "bbox": {"xmin": 257, "ymin": 202, "ymax": 307, "xmax": 363}}], [{"tid": 0, "generated": 0, "bbox": {"xmin": 425, "ymin": 174, "ymax": 242, "xmax": 507}}, {"tid": 1, "generated": 0, "bbox": {"xmin": 335, "ymin": 184, "ymax": 256, "xmax": 393}}, {"tid": 2, "generated": 0, "bbox": {"xmin": 256, "ymin": 202, "ymax": 301, "xmax": 357}}], [{"tid": 0, "generated": 0, "bbox": {"xmin": 424, "ymin": 175, "ymax": 240, "xmax": 505}}, {"tid": 1, "generated": 0, "bbox": {"xmin": 320, "ymin": 191, "ymax": 242, "xmax": 396}}, {"tid": 2, "generated": 0, "bbox": {"xmin": 255, "ymin": 204, "ymax": 297, "xmax": 360}}], [{"tid": 0, "generated": 0, "bbox": {"xmin": 424, "ymin": 174, "ymax": 234, "xmax": 507}}, {"tid": 1, "generated": 0, "bbox": {"xmin": 250, "ymin": 195, "ymax": 250, "xmax": 398}}, {"tid": 2, "generated": 0, "bbox": {"xmin": 255, "ymin": 204, "ymax": 296, "xmax": 356}}], [{"tid": 0, "generated": 0, "bbox": {"xmin": 424, "ymin": 171, "ymax": 227, "xmax": 501}}, {"tid": 1, "generated": 0, "bbox": {"xmin": 247, "ymin": 199, "ymax": 245, "xmax": 401}}, {"tid": 2, "generated": 0, "bbox": {"xmin": 256, "ymin": 203, "ymax": 292, "xmax": 349}}], [{"tid": 0, "generated": 0, "bbox": {"xmin": 422, "ymin": 169, "ymax": 231, "xmax": 505}}, {"tid": 1, "generated": 0, "bbox": {"xmin": 227, "ymin": 198, "ymax": 244, "xmax": 395}}, {"tid": 2, "generated": 0, "bbox": {"xmin": 256, "ymin": 204, "ymax": 292, "xmax": 347}}], [{"tid": 0, "generated": 0, "bbox": {"xmin": 424, "ymin": 168, "ymax": 227, "xmax": 507}}, {"tid": 1, "generated": 0, "bbox": {"xmin": 227, "ymin": 199, "ymax": 245, "xmax": 393}}, {"tid": 2, "generated": 0, "bbox": {"xmin": 249, "ymin": 199, "ymax": 295, "xmax": 345}}], [{"tid": 0, "generated": 0, "bbox": {"xmin": 421, "ymin": 169, "ymax": 222, "xmax": 500}}, {"tid": 1, "generated": 0, "bbox": {"xmin": 242, "ymin": 203, "ymax": 244, "xmax": 386}}, {"tid": 2, "generated": 0, "bbox": {"xmin": 242, "ymin": 198, "ymax": 295, "xmax": 340}}], [{"tid": 0, "generated": 0, "bbox": {"xmin": 411, "ymin": 172, "ymax": 227, "xmax": 492}}, {"tid": 1, "generated": 0, "bbox": {"xmin": 239, "ymin": 204, "ymax": 245, "xmax": 383}}, {"tid": 2, "generated": 0, "bbox": {"xmin": 234, "ymin": 202, "ymax": 297, "xmax": 337}}], [{"tid": 0, "generated": 0, "bbox": {"xmin": 399, "ymin": 167, "ymax": 225, "xmax": 493}}, {"tid": 1, "generated": 0, "bbox": {"xmin": 244, "ymin": 203, "ymax": 255, "xmax": 381}}, {"tid": 2, "generated": 0, "bbox": {"xmin": 234, "ymin": 206, "ymax": 301, "xmax": 341}}], [{"tid": 0, "generated": 0, "bbox": {"xmin": 408, "ymin": 169, "ymax": 227, "xmax": 498}}, {"tid": 1, "generated": 0, "bbox": {"xmin": 252, "ymin": 204, "ymax": 255, "xmax": 384}}, {"tid": 2, "generated": 0, "bbox": {"xmin": 236, "ymin": 205, "ymax": 302, "xmax": 350}}], [{"tid": 0, "generated": 0, "bbox": {"xmin": 408, "ymin": 167, "ymax": 233, "xmax": 498}}, {"tid": 1, "generated": 0, "bbox": {"xmin": 249, "ymin": 203, "ymax": 252, "xmax": 378}}, {"tid": 2, "generated": 0, "bbox": {"xmin": 229, "ymin": 205, "ymax": 307, "xmax": 348}}], [{"tid": 0, "generated": 0, "bbox": {"xmin": 408, "ymin": 166, "ymax": 227, "xmax": 492}}, {"tid": 1, "generated": 0, "bbox": {"xmin": 251, "ymin": 196, "ymax": 249, "xmax": 366}}, {"tid": 2, "generated": 0, "bbox": {"xmin": 227, "ymin": 204, "ymax": 309, "xmax": 353}}], [{"tid": 0, "generated": 0, "bbox": {"xmin": 408, "ymin": 166, "ymax": 233, "xmax": 494}}, {"tid": 1, "generated": 0, "bbox": {"xmin": 251, "ymin": 195, "ymax": 250, "xmax": 368}}, {"tid": 2, "generated": 0, "bbox": {"xmin": 227, "ymin": 199, "ymax": 308, "xmax": 355}}], [{"tid": 0, "generated": 0, "bbox": {"xmin": 408, "ymin": 164, "ymax": 227, "xmax": 493}}, {"tid": 1, "generated": 0, "bbox": {"xmin": 269, "ymin": 189, "ymax": 247, "xmax": 361}}, {"tid": 2, "generated": 0, "bbox": {"xmin": 227, "ymin": 196, "ymax": 303, "xmax": 311}}], [{"tid": 0, "generated": 0, "bbox": {"xmin": 408, "ymin": 165, "ymax": 227, "xmax": 493}}, {"tid": 1, "generated": 0, "bbox": {"xmin": 257, "ymin": 191, "ymax": 249, "xmax": 360}}, {"tid": 2, "generated": 0, "bbox": {"xmin": 229, "ymin": 201, "ymax": 303, "xmax": 302}}], [{"tid": 0, "generated": 0, "bbox": {"xmin": 408, "ymin": 166, "ymax": 234, "xmax": 492}}, {"tid": 1, "generated": 0, "bbox": {"xmin": 232, "ymin": 186, "ymax": 236, "xmax": 355}}, {"tid": 2, "generated": 0, "bbox": {"xmin": 227, "ymin": 201, "ymax": 303, "xmax": 302}}], [{"tid": 0, "generated": 0, "bbox": {"xmin": 407, "ymin": 165, "ymax": 227, "xmax": 492}}, {"tid": 1, "generated": 0, "bbox": {"xmin": 232, "ymin": 180, "ymax": 234, "xmax": 347}}, {"tid": 2, "generated": 0, "bbox": {"xmin": 221, "ymin": 199, "ymax": 302, "xmax": 295}}], [{"tid": 0, "generated": 0, "bbox": {"xmin": 400, "ymin": 165, "ymax": 227, "xmax": 484}}, {"tid": 1, "generated": 0, "bbox": {"xmin": 234, "ymin": 174, "ymax": 235, "xmax": 346}}, {"tid": 2, "generated": 0, "bbox": {"xmin": 218, "ymin": 198, "ymax": 302, "xmax": 290}}], [{"tid": 0, "generated": 0, "bbox": {"xmin": 395, "ymin": 166, "ymax": 228, "xmax": 482}}, {"tid": 1, "generated": 0, "bbox": {"xmin": 227, "ymin": 173, "ymax": 235, "xmax": 340}}, {"tid": 2, "generated": 0, "bbox": {"xmin": 214, "ymin": 198, "ymax": 302, "xmax": 287}}], [{"tid": 0, "generated": 0, "bbox": {"xmin": 393, "ymin": 166, "ymax": 226, "xmax": 476}}, {"tid": 1, "generated": 0, "bbox": {"xmin": 216, "ymin": 166, "ymax": 234, "xmax": 334}}, {"tid": 2, "generated": 0, "bbox": {"xmin": 209, "ymin": 196, "ymax": 316, "xmax": 333}}], [], [], [], [], [], [], [], [], [], [], [], [], [], [], [], [], [], [], [], [], [], [], [], [], [], [], [], [], [], [], [], [], [], [], [], [], [], [], [], [], [], [], [], [], [], [{"tid": 0, "generated": 0, "bbox": {"xmin": 424, "ymin": 143, "ymax": 195, "xmax": 512}}, {"tid": 2, "generated": 0, "bbox": {"xmin": 236, "ymin": 133, "ymax": 266, "xmax": 302}}], [{"tid": 0, "generated": 0, "bbox": {"xmin": 426, "ymin": 148, "ymax": 197, "xmax": 513}}, {"tid": 2, "generated": 0, "bbox": {"xmin": 211, "ymin": 133, "ymax": 272, "xmax": 302}}], [{"tid": 0, "generated": 0, "bbox": {"xmin": 428, "ymin": 148, "ymax": 199, "xmax": 514}}, {"tid": 2, "generated": 0, "bbox": {"xmin": 201, "ymin": 133, "ymax": 272, "xmax": 302}}], [{"tid": 0, "generated": 0, "bbox": {"xmin": 425, "ymin": 151, "ymax": 204, "xmax": 509}}, {"tid": 2, "generated": 0, "bbox": {"xmin": 190, "ymin": 133, "ymax": 272, "xmax": 302}}], [{"tid": 0, "generated": 0, "bbox": {"xmin": 424, "ymin": 151, "ymax": 203, "xmax": 508}}, {"tid": 2, "generated": 0, "bbox": {"xmin": 178, "ymin": 131, "ymax": 278, "xmax": 307}}], [{"tid": 0, "generated": 0, "bbox": {"xmin": 429, "ymin": 152, "ymax": 204, "xmax": 514}}, {"tid": 2, "generated": 0, "bbox": {"xmin": 187, "ymin": 129, "ymax": 274, "xmax": 304}}], [{"tid": 0, "generated": 0, "bbox": {"xmin": 431, "ymin": 151, "ymax": 204, "xmax": 514}}, {"tid": 2, "generated": 0, "bbox": {"xmin": 191, "ymin": 127, "ymax": 273, "xmax": 310}}], [{"tid": 0, "generated": 0, "bbox": {"xmin": 432, "ymin": 151, "ymax": 202, "xmax": 512}}, {"tid": 2, "generated": 0, "bbox": {"xmin": 191, "ymin": 121, "ymax": 273, "xmax": 310}}], [{"tid": 0, "generated": 0, "bbox": {"xmin": 433, "ymin": 153, "ymax": 204, "xmax": 515}}, {"tid": 2, "generated": 0, "bbox": {"xmin": 196, "ymin": 116, "ymax": 272, "xmax": 310}}], [{"tid": 0, "generated": 0, "bbox": {"xmin": 433, "ymin": 158, "ymax": 203, "xmax": 514}}, {"tid": 2, "generated": 0, "bbox": {"xmin": 204, "ymin": 114, "ymax": 278, "xmax": 311}}], [{"tid": 0, "generated": 0, "bbox": {"xmin": 438, "ymin": 154, "ymax": 204, "xmax": 514}}, {"tid": 2, "generated": 0, "bbox": {"xmin": 204, "ymin": 113, "ymax": 279, "xmax": 312}}], [{"tid": 0, "generated": 0, "bbox": {"xmin": 438, "ymin": 157, "ymax": 204, "xmax": 514}}, {"tid": 2, "generated": 0, "bbox": {"xmin": 196, "ymin": 107, "ymax": 274, "xmax": 310}}], [{"tid": 0, "generated": 0, "bbox": {"xmin": 437, "ymin": 158, "ymax": 204, "xmax": 514}}, {"tid": 2, "generated": 0, "bbox": {"xmin": 196, "ymin": 106, "ymax": 280, "xmax": 310}}], [{"tid": 0, "generated": 0, "bbox": {"xmin": 436, "ymin": 158, "ymax": 207, "xmax": 514}}, {"tid": 2, "generated": 0, "bbox": {"xmin": 196, "ymin": 100, "ymax": 278, "xmax": 302}}], [{"tid": 0, "generated": 0, "bbox": {"xmin": 438, "ymin": 159, "ymax": 204, "xmax": 512}}, {"tid": 2, "generated": 0, "bbox": {"xmin": 219, "ymin": 98, "ymax": 274, "xmax": 304}}], [{"tid": 0, "generated": 0, "bbox": {"xmin": 436, "ymin": 154, "ymax": 204, "xmax": 514}}, {"tid": 2, "generated": 0, "bbox": {"xmin": 219, "ymin": 93, "ymax": 274, "xmax": 302}}], [{"tid": 0, "generated": 0, "bbox": {"xmin": 437, "ymin": 154, "ymax": 201, "xmax": 514}}, {"tid": 2, "generated": 0, "bbox": {"xmin": 219, "ymin": 93, "ymax": 273, "xmax": 318}}], [{"tid": 0, "generated": 0, "bbox": {"xmin": 439, "ymin": 157, "ymax": 204, "xmax": 515}}, {"tid": 2, "generated": 0, "bbox": {"xmin": 219, "ymin": 97, "ymax": 277, "xmax": 324}}], [{"tid": 0, "generated": 0, "bbox": {"xmin": 440, "ymin": 157, "ymax": 203, "xmax": 515}}, {"tid": 2, "generated": 0, "bbox": {"xmin": 228, "ymin": 99, "ymax": 280, "xmax": 335}}], [{"tid": 0, "generated": 0, "bbox": {"xmin": 443, "ymin": 154, "ymax": 198, "xmax": 520}}, {"tid": 2, "generated": 0, "bbox": {"xmin": 227, "ymin": 103, "ymax": 284, "xmax": 341}}], [{"tid": 0, "generated": 0, "bbox": {"xmin": 440, "ymin": 157, "ymax": 204, "xmax": 517}}, {"tid": 2, "generated": 0, "bbox": {"xmin": 227, "ymin": 110, "ymax": 280, "xmax": 355}}], [{"tid": 0, "generated": 0, "bbox": {"xmin": 444, "ymin": 159, "ymax": 203, "xmax": 520}}, {"tid": 2, "generated": 0, "bbox": {"xmin": 224, "ymin": 113, "ymax": 279, "xmax": 349}}], [{"tid": 0, "generated": 0, "bbox": {"xmin": 444, "ymin": 158, "ymax": 204, "xmax": 522}}, {"tid": 2, "generated": 0, "bbox": {"xmin": 224, "ymin": 119, "ymax": 280, "xmax": 342}}], [{"tid": 0, "generated": 0, "bbox": {"xmin": 444, "ymin": 157, "ymax": 204, "xmax": 516}}, {"tid": 2, "generated": 0, "bbox": {"xmin": 220, "ymin": 125, "ymax": 280, "xmax": 340}}], [{"tid": 0, "generated": 0, "bbox": {"xmin": 443, "ymin": 157, "ymax": 207, "xmax": 516}}, {"tid": 2, "generated": 0, "bbox": {"xmin": 216, "ymin": 131, "ymax": 280, "xmax": 328}}], [{"tid": 0, "generated": 0, "bbox": {"xmin": 441, "ymin": 156, "ymax": 207, "xmax": 516}}, {"tid": 2, "generated": 0, "bbox": {"xmin": 219, "ymin": 138, "ymax": 282, "xmax": 325}}], [{"tid": 0, "generated": 0, "bbox": {"xmin": 440, "ymin": 153, "ymax": 212, "xmax": 517}}, {"tid": 2, "generated": 0, "bbox": {"xmin": 216, "ymin": 145, "ymax": 286, "xmax": 325}}], [{"tid": 0, "generated": 0, "bbox": {"xmin": 443, "ymin": 157, "ymax": 206, "xmax": 516}}, {"tid": 2, "generated": 0, "bbox": {"xmin": 213, "ymin": 151, "ymax": 290, "xmax": 323}}], [{"tid": 0, "generated": 0, "bbox": {"xmin": 443, "ymin": 156, "ymax": 209, "xmax": 514}}, {"tid": 2, "generated": 0, "bbox": {"xmin": 204, "ymin": 158, "ymax": 289, "xmax": 312}}], [{"tid": 0, "generated": 0, "bbox": {"xmin": 439, "ymin": 154, "ymax": 205, "xmax": 514}}, {"tid": 2, "generated": 0, "bbox": {"xmin": 199, "ymin": 163, "ymax": 287, "xmax": 315}}], [{"tid": 0, "generated": 0, "bbox": {"xmin": 440, "ymin": 156, "ymax": 204, "xmax": 514}}, {"tid": 1, "generated": 0, "bbox": {"xmin": 201, "ymin": 166, "ymax": 237, "xmax": 265}}], [{"tid": 0, "generated": 0, "bbox": {"xmin": 440, "ymin": 156, "ymax": 209, "xmax": 515}}, {"tid": 1, "generated": 0, "bbox": {"xmin": 204, "ymin": 172, "ymax": 243, "xmax": 265}}], [{"tid": 0, "generated": 0, "bbox": {"xmin": 440, "ymin": 158, "ymax": 204, "xmax": 514}}, {"tid": 1, "generated": 0, "bbox": {"xmin": 201, "ymin": 174, "ymax": 234, "xmax": 251}}], [{"tid": 0, "generated": 0, "bbox": {"xmin": 441, "ymin": 154, "ymax": 203, "xmax": 514}}, {"tid": 1, "generated": 0, "bbox": {"xmin": 199, "ymin": 175, "ymax": 227, "xmax": 265}}], [{"tid": 0, "generated": 0, "bbox": {"xmin": 439, "ymin": 156, "ymax": 204, "xmax": 515}}, {"tid": 1, "generated": 0, "bbox": {"xmin": 195, "ymin": 178, "ymax": 227, "xmax": 265}}], [{"tid": 0, "generated": 0, "bbox": {"xmin": 439, "ymin": 156, "ymax": 203, "xmax": 515}}, {"tid": 1, "generated": 0, "bbox": {"xmin": 197, "ymin": 181, "ymax": 227, "xmax": 262}}], [{"tid": 0, "generated": 0, "bbox": {"xmin": 438, "ymin": 154, "ymax": 204, "xmax": 517}}, {"tid": 1, "generated": 0, "bbox": {"xmin": 196, "ymin": 181, "ymax": 231, "xmax": 264}}], [{"tid": 0, "generated": 0, "bbox": {"xmin": 438, "ymin": 156, "ymax": 204, "xmax": 517}}, {"tid": 1, "generated": 0, "bbox": {"xmin": 195, "ymin": 181, "ymax": 231, "xmax": 260}}], [{"tid": 0, "generated": 0, "bbox": {"xmin": 438, "ymin": 158, "ymax": 199, "xmax": 519}}, {"tid": 1, "generated": 0, "bbox": {"xmin": 195, "ymin": 181, "ymax": 234, "xmax": 259}}], [{"tid": 0, "generated": 0, "bbox": {"xmin": 434, "ymin": 153, "ymax": 201, "xmax": 514}}, {"tid": 1, "generated": 0, "bbox": {"xmin": 192, "ymin": 180, "ymax": 248, "xmax": 259}}], [{"tid": 0, "generated": 0, "bbox": {"xmin": 436, "ymin": 152, "ymax": 202, "xmax": 514}}, {"tid": 1, "generated": 0, "bbox": {"xmin": 191, "ymin": 181, "ymax": 260, "xmax": 265}}], [{"tid": 0, "generated": 0, "bbox": {"xmin": 438, "ymin": 153, "ymax": 202, "xmax": 516}}, {"tid": 1, "generated": 0, "bbox": {"xmin": 196, "ymin": 180, "ymax": 262, "xmax": 254}}], [{"tid": 0, "generated": 0, "bbox": {"xmin": 439, "ymin": 151, "ymax": 197, "xmax": 517}}, {"tid": 1, "generated": 0, "bbox": {"xmin": 196, "ymin": 179, "ymax": 259, "xmax": 257}}], [{"tid": 0, "generated": 0, "bbox": {"xmin": 446, "ymin": 151, "ymax": 196, "xmax": 523}}, {"tid": 1, "generated": 0, "bbox": {"xmin": 201, "ymin": 179, "ymax": 260, "xmax": 258}}], [{"tid": 0, "generated": 0, "bbox": {"xmin": 446, "ymin": 151, "ymax": 196, "xmax": 524}}, {"tid": 1, "generated": 0, "bbox": {"xmin": 197, "ymin": 174, "ymax": 257, "xmax": 259}}], [{"tid": 0, "generated": 0, "bbox": {"xmin": 446, "ymin": 146, "ymax": 189, "xmax": 520}}, {"tid": 1, "generated": 0, "bbox": {"xmin": 196, "ymin": 168, "ymax": 242, "xmax": 256}}], [{"tid": 0, "generated": 0, "bbox": {"xmin": 447, "ymin": 145, "ymax": 191, "xmax": 514}}, {"tid": 1, "generated": 0, "bbox": {"xmin": 196, "ymin": 166, "ymax": 247, "xmax": 254}}], [{"tid": 0, "generated": 0, "bbox": {"xmin": 416, "ymin": 139, "ymax": 182, "xmax": 524}}, {"tid": 1, "generated": 0, "bbox": {"xmin": 196, "ymin": 161, "ymax": 241, "xmax": 255}}], [{"tid": 0, "generated": 0, "bbox": {"xmin": 413, "ymin": 128, "ymax": 175, "xmax": 519}}, {"tid": 1, "generated": 0, "bbox": {"xmin": 192, "ymin": 151, "ymax": 226, "xmax": 258}}], [{"tid": 0, "generated": 0, "bbox": {"xmin": 414, "ymin": 118, "ymax": 167, "xmax": 516}}, {"tid": 1, "generated": 0, "bbox": {"xmin": 192, "ymin": 142, "ymax": 217, "xmax": 259}}], [{"tid": 0, "generated": 0, "bbox": {"xmin": 424, "ymin": 114, "ymax": 164, "xmax": 514}}, {"tid": 1, "generated": 0, "bbox": {"xmin": 189, "ymin": 138, "ymax": 216, "xmax": 257}}], [{"tid": 0, "generated": 0, "bbox": {"xmin": 424, "ymin": 108, "ymax": 159, "xmax": 516}}, {"tid": 1, "generated": 0, "bbox": {"xmin": 189, "ymin": 133, "ymax": 210, "xmax": 257}}], [{"tid": 0, "generated": 0, "bbox": {"xmin": 446, "ymin": 105, "ymax": 151, "xmax": 514}}, {"tid": 1, "generated": 0, "bbox": {"xmin": 183, "ymin": 125, "ymax": 202, "xmax": 255}}], [{"tid": 0, "generated": 0, "bbox": {"xmin": 443, "ymin": 100, "ymax": 151, "xmax": 514}}, {"tid": 1, "generated": 0, "bbox": {"xmin": 185, "ymin": 123, "ymax": 200, "xmax": 256}}], [{"tid": 0, "generated": 0, "bbox": {"xmin": 448, "ymin": 98, "ymax": 150, "xmax": 514}}, {"tid": 1, "generated": 0, "bbox": {"xmin": 187, "ymin": 121, "ymax": 199, "xmax": 258}}], [{"tid": 0, "generated": 0, "bbox": {"xmin": 446, "ymin": 98, "ymax": 150, "xmax": 516}}, {"tid": 1, "generated": 0, "bbox": {"xmin": 184, "ymin": 125, "ymax": 196, "xmax": 257}}], [{"tid": 0, "generated": 0, "bbox": {"xmin": 447, "ymin": 96, "ymax": 144, "xmax": 515}}, {"tid": 1, "generated": 0, "bbox": {"xmin": 183, "ymin": 121, "ymax": 194, "xmax": 257}}], [{"tid": 0, "generated": 0, "bbox": {"xmin": 446, "ymin": 97, "ymax": 143, "xmax": 515}}, {"tid": 1, "generated": 0, "bbox": {"xmin": 187, "ymin": 121, "ymax": 196, "xmax": 260}}], [{"tid": 0, "generated": 0, "bbox": {"xmin": 447, "ymin": 98, "ymax": 150, "xmax": 514}}, {"tid": 1, "generated": 0, "bbox": {"xmin": 186, "ymin": 128, "ymax": 204, "xmax": 263}}], [{"tid": 0, "generated": 0, "bbox": {"xmin": 446, "ymin": 98, "ymax": 151, "xmax": 510}}, {"tid": 1, "generated": 0, "bbox": {"xmin": 188, "ymin": 128, "ymax": 196, "xmax": 258}}], [], [], [], [], [], [], [], [], [], [], [], [], [], [], [], [], [], [], [], [], [], [], [], [], [], [], [], [], [], [], [], [], [], [], [], [], [], [], [], [], [], [], [], [], [], [{"tid": 0, "generated": 0, "bbox": {"xmin": 445, "ymin": 96, "ymax": 143, "xmax": 510}}, {"tid": 1, "generated": 0, "bbox": {"xmin": 159, "ymin": 153, "ymax": 245, "xmax": 318}}, {"tid": 2, "generated": 0, "bbox": {"xmin": 302, "ymin": 174, "ymax": 287, "xmax": 411}}], [{"tid": 0, "generated": 0, "bbox": {"xmin": 447, "ymin": 96, "ymax": 145, "xmax": 512}}, {"tid": 1, "generated": 0, "bbox": {"xmin": 158, "ymin": 157, "ymax": 242, "xmax": 342}}, {"tid": 2, "generated": 0, "bbox": {"xmin": 302, "ymin": 171, "ymax": 292, "xmax": 413}}], [{"tid": 0, "generated": 0, "bbox": {"xmin": 444, "ymin": 91, "ymax": 143, "xmax": 506}}, {"tid": 1, "generated": 0, "bbox": {"xmin": 149, "ymin": 163, "ymax": 236, "xmax": 343}}, {"tid": 2, "generated": 0, "bbox": {"xmin": 300, "ymin": 168, "ymax": 293, "xmax": 410}}], [{"tid": 0, "generated": 0, "bbox": {"xmin": 443, "ymin": 90, "ymax": 142, "xmax": 505}}, {"tid": 1, "generated": 0, "bbox": {"xmin": 136, "ymin": 154, "ymax": 241, "xmax": 342}}, {"tid": 2, "generated": 0, "bbox": {"xmin": 295, "ymin": 168, "ymax": 285, "xmax": 410}}], [{"tid": 0, "generated": 0, "bbox": {"xmin": 437, "ymin": 92, "ymax": 143, "xmax": 501}}, {"tid": 1, "generated": 0, "bbox": {"xmin": 129, "ymin": 151, "ymax": 239, "xmax": 348}}, {"tid": 2, "generated": 0, "bbox": {"xmin": 294, "ymin": 167, "ymax": 282, "xmax": 413}}], [{"tid": 0, "generated": 0, "bbox": {"xmin": 438, "ymin": 95, "ymax": 143, "xmax": 500}}, {"tid": 1, "generated": 0, "bbox": {"xmin": 126, "ymin": 151, "ymax": 237, "xmax": 350}}, {"tid": 2, "generated": 0, "bbox": {"xmin": 289, "ymin": 166, "ymax": 280, "xmax": 416}}], [{"tid": 0, "generated": 0, "bbox": {"xmin": 436, "ymin": 93, "ymax": 148, "xmax": 502}}, {"tid": 1, "generated": 0, "bbox": {"xmin": 121, "ymin": 151, "ymax": 241, "xmax": 350}}, {"tid": 2, "generated": 0, "bbox": {"xmin": 289, "ymin": 171, "ymax": 287, "xmax": 416}}], [{"tid": 0, "generated": 0, "bbox": {"xmin": 433, "ymin": 96, "ymax": 150, "xmax": 499}}, {"tid": 1, "generated": 0, "bbox": {"xmin": 121, "ymin": 151, "ymax": 242, "xmax": 348}}, {"tid": 2, "generated": 0, "bbox": {"xmin": 284, "ymin": 174, "ymax": 287, "xmax": 416}}], [{"tid": 0, "generated": 0, "bbox": {"xmin": 432, "ymin": 97, "ymax": 151, "xmax": 499}}, {"tid": 1, "generated": 0, "bbox": {"xmin": 112, "ymin": 152, "ymax": 242, "xmax": 342}}, {"tid": 2, "generated": 0, "bbox": {"xmin": 284, "ymin": 176, "ymax": 287, "xmax": 423}}], [{"tid": 0, "generated": 0, "bbox": {"xmin": 433, "ymin": 96, "ymax": 151, "xmax": 499}}, {"tid": 1, "generated": 0, "bbox": {"xmin": 122, "ymin": 156, "ymax": 244, "xmax": 348}}, {"tid": 2, "generated": 0, "bbox": {"xmin": 280, "ymin": 182, "ymax": 293, "xmax": 424}}], [{"tid": 0, "generated": 0, "bbox": {"xmin": 432, "ymin": 97, "ymax": 151, "xmax": 499}}, {"tid": 1, "generated": 0, "bbox": {"xmin": 121, "ymin": 153, "ymax": 242, "xmax": 340}}, {"tid": 2, "generated": 0, "bbox": {"xmin": 280, "ymin": 189, "ymax": 294, "xmax": 428}}], [{"tid": 0, "generated": 0, "bbox": {"xmin": 431, "ymin": 96, "ymax": 151, "xmax": 493}}, {"tid": 1, "generated": 0, "bbox": {"xmin": 120, "ymin": 152, "ymax": 242, "xmax": 340}}, {"tid": 2, "generated": 0, "bbox": {"xmin": 277, "ymin": 189, "ymax": 289, "xmax": 430}}], [{"tid": 0, "generated": 0, "bbox": {"xmin": 431, "ymin": 93, "ymax": 151, "xmax": 494}}, {"tid": 1, "generated": 0, "bbox": {"xmin": 119, "ymin": 152, "ymax": 243, "xmax": 340}}, {"tid": 2, "generated": 0, "bbox": {"xmin": 272, "ymin": 196, "ymax": 292, "xmax": 431}}], [{"tid": 0, "generated": 0, "bbox": {"xmin": 431, "ymin": 97, "ymax": 149, "xmax": 499}}, {"tid": 1, "generated": 0, "bbox": {"xmin": 201, "ymin": 157, "ymax": 248, "xmax": 341}}, {"tid": 2, "generated": 0, "bbox": {"xmin": 270, "ymin": 197, "ymax": 289, "xmax": 436}}], [{"tid": 0, "generated": 0, "bbox": {"xmin": 431, "ymin": 95, "ymax": 148, "xmax": 499}}, {"tid": 1, "generated": 0, "bbox": {"xmin": 137, "ymin": 156, "ymax": 249, "xmax": 340}}, {"tid": 2, "generated": 0, "bbox": {"xmin": 267, "ymin": 201, "ymax": 295, "xmax": 439}}], [{"tid": 0, "generated": 0, "bbox": {"xmin": 432, "ymin": 93, "ymax": 146, "xmax": 499}}, {"tid": 1, "generated": 0, "bbox": {"xmin": 101, "ymin": 156, "ymax": 250, "xmax": 340}}, {"tid": 2, "generated": 0, "bbox": {"xmin": 269, "ymin": 204, "ymax": 295, "xmax": 439}}], [{"tid": 0, "generated": 0, "bbox": {"xmin": 429, "ymin": 92, "ymax": 145, "xmax": 496}}, {"tid": 1, "generated": 0, "bbox": {"xmin": 196, "ymin": 156, "ymax": 249, "xmax": 338}}, {"tid": 2, "generated": 0, "bbox": {"xmin": 267, "ymin": 203, "ymax": 296, "xmax": 443}}], [{"tid": 0, "generated": 0, "bbox": {"xmin": 431, "ymin": 92, "ymax": 144, "xmax": 497}}, {"tid": 1, "generated": 0, "bbox": {"xmin": 196, "ymin": 155, "ymax": 249, "xmax": 337}}, {"tid": 2, "generated": 0, "bbox": {"xmin": 267, "ymin": 203, "ymax": 298, "xmax": 446}}], [{"tid": 0, "generated": 0, "bbox": {"xmin": 429, "ymin": 93, "ymax": 143, "xmax": 492}}, {"tid": 1, "generated": 0, "bbox": {"xmin": 196, "ymin": 154, "ymax": 249, "xmax": 337}}, {"tid": 2, "generated": 0, "bbox": {"xmin": 267, "ymin": 203, "ymax": 302, "xmax": 448}}], [{"tid": 0, "generated": 0, "bbox": {"xmin": 426, "ymin": 92, "ymax": 146, "xmax": 492}}, {"tid": 1, "generated": 0, "bbox": {"xmin": 192, "ymin": 153, "ymax": 249, "xmax": 334}}, {"tid": 2, "generated": 0, "bbox": {"xmin": 267, "ymin": 196, "ymax": 302, "xmax": 451}}], [{"tid": 0, "generated": 0, "bbox": {"xmin": 426, "ymin": 93, "ymax": 145, "xmax": 496}}, {"tid": 1, "generated": 0, "bbox": {"xmin": 196, "ymin": 156, "ymax": 252, "xmax": 333}}, {"tid": 2, "generated": 0, "bbox": {"xmin": 277, "ymin": 188, "ymax": 301, "xmax": 454}}], [{"tid": 0, "generated": 0, "bbox": {"xmin": 428, "ymin": 90, "ymax": 143, "xmax": 498}}, {"tid": 1, "generated": 0, "bbox": {"xmin": 196, "ymin": 154, "ymax": 254, "xmax": 333}}, {"tid": 2, "generated": 0, "bbox": {"xmin": 277, "ymin": 182, "ymax": 301, "xmax": 460}}], [{"tid": 0, "generated": 0, "bbox": {"xmin": 426, "ymin": 92, "ymax": 145, "xmax": 498}}, {"tid": 1, "generated": 0, "bbox": {"xmin": 192, "ymin": 151, "ymax": 252, "xmax": 333}}, {"tid": 2, "generated": 0, "bbox": {"xmin": 280, "ymin": 189, "ymax": 298, "xmax": 477}}], [{"tid": 0, "generated": 0, "bbox": {"xmin": 428, "ymin": 92, "ymax": 143, "xmax": 499}}, {"tid": 1, "generated": 0, "bbox": {"xmin": 190, "ymin": 156, "ymax": 257, "xmax": 340}}, {"tid": 2, "generated": 0, "bbox": {"xmin": 282, "ymin": 189, "ymax": 296, "xmax": 497}}], [{"tid": 0, "generated": 0, "bbox": {"xmin": 425, "ymin": 92, "ymax": 143, "xmax": 499}}, {"tid": 1, "generated": 0, "bbox": {"xmin": 191, "ymin": 153, "ymax": 262, "xmax": 340}}, {"tid": 2, "generated": 0, "bbox": {"xmin": 287, "ymin": 196, "ymax": 296, "xmax": 507}}], [{"tid": 0, "generated": 0, "bbox": {"xmin": 429, "ymin": 92, "ymax": 145, "xmax": 499}}, {"tid": 1, "generated": 0, "bbox": {"xmin": 196, "ymin": 153, "ymax": 259, "xmax": 342}}, {"tid": 2, "generated": 0, "bbox": {"xmin": 293, "ymin": 196, "ymax": 301, "xmax": 510}}], [{"tid": 0, "generated": 0, "bbox": {"xmin": 430, "ymin": 95, "ymax": 151, "xmax": 504}}, {"tid": 1, "generated": 0, "bbox": {"xmin": 196, "ymin": 153, "ymax": 257, "xmax": 346}}, {"tid": 2, "generated": 0, "bbox": {"xmin": 295, "ymin": 196, "ymax": 302, "xmax": 514}}], [{"tid": 0, "generated": 0, "bbox": {"xmin": 430, "ymin": 91, "ymax": 151, "xmax": 504}}, {"tid": 1, "generated": 0, "bbox": {"xmin": 196, "ymin": 153, "ymax": 257, "xmax": 348}}, {"tid": 2, "generated": 0, "bbox": {"xmin": 295, "ymin": 198, "ymax": 300, "xmax": 514}}], [{"tid": 0, "generated": 0, "bbox": {"xmin": 430, "ymin": 90, "ymax": 149, "xmax": 504}}, {"tid": 1, "generated": 0, "bbox": {"xmin": 196, "ymin": 153, "ymax": 256, "xmax": 371}}, {"tid": 2, "generated": 0, "bbox": {"xmin": 295, "ymin": 196, "ymax": 296, "xmax": 521}}], [{"tid": 0, "generated": 0, "bbox": {"xmin": 426, "ymin": 91, "ymax": 146, "xmax": 507}}, {"tid": 1, "generated": 0, "bbox": {"xmin": 195, "ymin": 153, "ymax": 255, "xmax": 369}}, {"tid": 2, "generated": 0, "bbox": {"xmin": 296, "ymin": 196, "ymax": 297, "xmax": 523}}]], "subject/objects": [{"category": "tiger", "tid": 0}, {"category": "tiger", "tid": 1}, {"category": "tiger", "tid": 2}, {"category": "person", "tid": 3}, {"category": "person", "tid": 4}, {"category": "person", "tid": 5}], "relation_instances": [{"end_fid": 30, "subject_tid": 0, "predicate": "right", "begin_fid": 0, "object_tid": 1}, {"end_fid": 30, "subject_tid": 0, "predicate": "next_to", "begin_fid": 0, "object_tid": 1}, {"end_fid": 30, "subject_tid": 0, "predicate": "fight", "begin_fid": 0, "object_tid": 1}, {"end_fid": 30, "subject_tid": 1, "predicate": "next_to", "begin_fid": 0, "object_tid": 0}, {"end_fid": 30, "subject_tid": 1, "predicate": "left", "begin_fid": 0, "object_tid": 0}, {"end_fid": 30, "subject_tid": 1, "predicate": "fight", "begin_fid": 0, "object_tid": 0}, {"end_fid": 30, "subject_tid": 0, "predicate": "stand_beneath", "begin_fid": 0, "object_tid": 3}, {"end_fid": 30, "subject_tid": 3, "predicate": "stand_above", "begin_fid": 0, "object_tid": 0}, {"end_fid": 30, "subject_tid": 3, "predicate": "watch", "begin_fid": 0, "object_tid": 0}, {"end_fid": 30, "subject_tid": 0, "predicate": "stand_beneath", "begin_fid": 0, "object_tid": 4}, {"end_fid": 30, "subject_tid": 0, "predicate": "stand_left", "begin_fid": 0, "object_tid": 4}, {"end_fid": 30, "subject_tid": 4, "predicate": "stand_above", "begin_fid": 0, "object_tid": 0}, {"end_fid": 30, "subject_tid": 4, "predicate": "stand_right", "begin_fid": 0, "object_tid": 0}, {"end_fid": 30, "subject_tid": 4, "predicate": "watch", "begin_fid": 0, "object_tid": 0}, {"end_fid": 30, "subject_tid": 0, "predicate": "stand_beneath", "begin_fid": 0, "object_tid": 5}, {"end_fid": 30, "subject_tid": 0, "predicate": "stand_left", "begin_fid": 0, "object_tid": 5}, {"end_fid": 30, "subject_tid": 5, "predicate": "stand_above", "begin_fid": 0, "object_tid": 0}, {"end_fid": 30, "subject_tid": 5, "predicate": "stand_right", "begin_fid": 0, "object_tid": 0}, {"end_fid": 30, "subject_tid": 5, "predicate": "watch", "begin_fid": 0, "object_tid": 0}, {"end_fid": 30, "subject_tid": 1, "predicate": "stand_beneath", "begin_fid": 0, "object_tid": 3}, {"end_fid": 30, "subject_tid": 3, "predicate": "stand_above", "begin_fid": 0, "object_tid": 1}, {"end_fid": 30, "subject_tid": 3, "predicate": "watch", "begin_fid": 0, "object_tid": 1}, {"end_fid": 30, "subject_tid": 1, "predicate": "stand_beneath", "begin_fid": 0, "object_tid": 4}, {"end_fid": 30, "subject_tid": 1, "predicate": "stand_left", "begin_fid": 0, "object_tid": 4}, {"end_fid": 30, "subject_tid": 4, "predicate": "stand_above", "begin_fid": 0, "object_tid": 1}, {"end_fid": 30, "subject_tid": 4, "predicate": "stand_right", "begin_fid": 0, "object_tid": 1}, {"end_fid": 30, "subject_tid": 4, "predicate": "watch", "begin_fid": 0, "object_tid": 1}, {"end_fid": 30, "subject_tid": 1, "predicate": "stand_beneath", "begin_fid": 0, "object_tid": 5}, {"end_fid": 30, "subject_tid": 1, "predicate": "stand_left", "begin_fid": 0, "object_tid": 5}, {"end_fid": 30, "subject_tid": 5, "predicate": "stand_above", "begin_fid": 0, "object_tid": 1}, {"end_fid": 30, "subject_tid": 5, "predicate": "stand_right", "begin_fid": 0, "object_tid": 1}, {"end_fid": 30, "subject_tid": 5, "predicate": "watch", "begin_fid": 0, "object_tid": 1}, {"end_fid": 30, "subject_tid": 3, "predicate": "stand_next_to", "begin_fid": 0, "object_tid": 4}, {"end_fid": 30, "subject_tid": 3, "predicate": "stand_left", "begin_fid": 0, "object_tid": 4}, {"end_fid": 30, "subject_tid": 4, "predicate": "stand_next_to", "begin_fid": 0, "object_tid": 3}, {"end_fid": 30, "subject_tid": 4, "predicate": "stand_right", "begin_fid": 0, "object_tid": 3}, {"end_fid": 30, "subject_tid": 3, "predicate": "stand_left", "begin_fid": 0, "object_tid": 5}, {"end_fid": 30, "subject_tid": 5, "predicate": "stand_right", "begin_fid": 0, "object_tid": 3}, {"end_fid": 30, "subject_tid": 4, "predicate": "stand_left", "begin_fid": 0, "object_tid": 5}, {"end_fid": 30, "subject_tid": 5, "predicate": "stand_right", "begin_fid": 0, "object_tid": 4}, {"end_fid": 60, "subject_tid": 0, "predicate": "right", "begin_fid": 30, "object_tid": 1}, {"end_fid": 60, "subject_tid": 0, "predicate": "fight", "begin_fid": 30, "object_tid": 1}, {"end_fid": 60, "subject_tid": 1, "predicate": "left", "begin_fid": 30, "object_tid": 0}, {"end_fid": 105, "subject_tid": 0, "predicate": "stand_right", "begin_fid": 75, "object_tid": 1}, {"end_fid": 105, "subject_tid": 0, "predicate": "watch", "begin_fid": 75, "object_tid": 1}, {"end_fid": 105, "subject_tid": 1, "predicate": "stand_left", "begin_fid": 75, "object_tid": 0}, {"end_fid": 105, "subject_tid": 0, "predicate": "stand_right", "begin_fid": 75, "object_tid": 2}, {"end_fid": 105, "subject_tid": 0, "predicate": "stand_behind", "begin_fid": 75, "object_tid": 2}, {"end_fid": 105, "subject_tid": 2, "predicate": "run_front", "begin_fid": 75, "object_tid": 0}, {"end_fid": 105, "subject_tid": 2, "predicate": "run_left", "begin_fid": 75, "object_tid": 0}, {"end_fid": 105, "subject_tid": 1, "predicate": "stand_behind", "begin_fid": 75, "object_tid": 2}, {"end_fid": 105, "subject_tid": 1, "predicate": "fight", "begin_fid": 75, "object_tid": 2}, {"end_fid": 105, "subject_tid": 2, "predicate": "run_front", "begin_fid": 75, "object_tid": 1}, {"end_fid": 105, "subject_tid": 2, "predicate": "fight", "begin_fid": 75, "object_tid": 1}, {"end_fid": 135, "subject_tid": 0, "predicate": "right", "begin_fid": 105, "object_tid": 1}, {"end_fid": 135, "subject_tid": 0, "predicate": "next_to", "begin_fid": 105, "object_tid": 1}, {"end_fid": 135, "subject_tid": 0, "predicate": "watch", "begin_fid": 105, "object_tid": 1}, {"end_fid": 135, "subject_tid": 1, "predicate": "stand_next_to", "begin_fid": 105, "object_tid": 0}, {"end_fid": 135, "subject_tid": 1, "predicate": "stand_left", "begin_fid": 105, "object_tid": 0}, {"end_fid": 135, "subject_tid": 0, "predicate": "right", "begin_fid": 105, "object_tid": 2}, {"end_fid": 135, "subject_tid": 0, "predicate": "behind", "begin_fid": 105, "object_tid": 2}, {"end_fid": 135, "subject_tid": 0, "predicate": "watch", "begin_fid": 105, "object_tid": 2}, {"end_fid": 135, "subject_tid": 2, "predicate": "stand_front", "begin_fid": 105, "object_tid": 0}, {"end_fid": 135, "subject_tid": 2, "predicate": "stand_left", "begin_fid": 105, "object_tid": 0}, {"end_fid": 135, "subject_tid": 1, "predicate": "stand_next_to", "begin_fid": 105, "object_tid": 2}, {"end_fid": 135, "subject_tid": 1, "predicate": "stand_behind", "begin_fid": 105, "object_tid": 2}, {"end_fid": 135, "subject_tid": 1, "predicate": "fight", "begin_fid": 105, "object_tid": 2}, {"end_fid": 135, "subject_tid": 2, "predicate": "stand_next_to", "begin_fid": 105, "object_tid": 1}, {"end_fid": 135, "subject_tid": 2, "predicate": "stand_front", "begin_fid": 105, "object_tid": 1}, {"end_fid": 135, "subject_tid": 2, "predicate": "fight", "begin_fid": 105, "object_tid": 1}, {"end_fid": 210, "subject_tid": 0, "predicate": "stand_right", "begin_fid": 180, "object_tid": 2}, {"end_fid": 210, "subject_tid": 0, "predicate": "stand_behind", "begin_fid": 180, "object_tid": 2}, {"end_fid": 210, "subject_tid": 0, "predicate": "watch", "begin_fid": 180, "object_tid": 2}, {"end_fid": 210, "subject_tid": 2, "predicate": "front", "begin_fid": 180, "object_tid": 0}, {"end_fid": 210, "subject_tid": 2, "predicate": "left", "begin_fid": 180, "object_tid": 0}, {"end_fid": 240, "subject_tid": 0, "predicate": "stand_right", "begin_fid": 210, "object_tid": 1}, {"end_fid": 240, "subject_tid": 0, "predicate": "watch", "begin_fid": 210, "object_tid": 1}, {"end_fid": 240, "subject_tid": 1, "predicate": "stand_left", "begin_fid": 210, "object_tid": 0}, {"end_fid": 315, "subject_tid": 0, "predicate": "stand_right", "begin_fid": 285, "object_tid": 1}, {"end_fid": 315, "subject_tid": 0, "predicate": "stand_behind", "begin_fid": 285, "object_tid": 1}, {"end_fid": 315, "subject_tid": 0, "predicate": "watch", "begin_fid": 285, "object_tid": 1}, {"end_fid": 315, "subject_tid": 1, "predicate": "stand_front", "begin_fid": 285, "object_tid": 0}, {"end_fid": 315, "subject_tid": 1, "predicate": "stand_left", "begin_fid": 285, "object_tid": 0}, {"end_fid": 315, "subject_tid": 0, "predicate": "stand_behind", "begin_fid": 285, "object_tid": 2}, {"end_fid": 315, "subject_tid": 0, "predicate": "watch", "begin_fid": 285, "object_tid": 2}, {"end_fid": 315, "subject_tid": 2, "predicate": "stand_front", "begin_fid": 285, "object_tid": 0}, {"end_fid": 315, "subject_tid": 1, "predicate": "stand_next_to", "begin_fid": 285, "object_tid": 2}, {"end_fid": 315, "subject_tid": 1, "predicate": "stand_behind", "begin_fid": 285, "object_tid": 2}, {"end_fid": 315, "subject_tid": 1, "predicate": "fight", "begin_fid": 285, "object_tid": 2}, {"end_fid": 315, "subject_tid": 2, "predicate": "stand_next_to", "begin_fid": 285, "object_tid": 1}, {"end_fid": 315, "subject_tid": 2, "predicate": "stand_front", "begin_fid": 285, "object_tid": 1}, {"end_fid": 315, "subject_tid": 2, "predicate": "fight", "begin_fid": 285, "object_tid": 1}], "height": 360}