{"width": 1280, "frame_count": 34, "video_id": "ILSVRC2015_train_00025029", "fps": 24, "trajectories": [[{"tid": 0, "generated": 0, "bbox": {"xmin": 590, "ymin": 469, "ymax": 568, "xmax": 641}}, {"tid": 1, "generated": 0, "bbox": {"xmin": 650, "ymin": 238, "ymax": 544, "xmax": 756}}], [{"tid": 0, "generated": 0, "bbox": {"xmin": 588, "ymin": 467, "ymax": 577, "xmax": 642}}, {"tid": 1, "generated": 0, "bbox": {"xmin": 650, "ymin": 238, "ymax": 550, "xmax": 757}}], [{"tid": 0, "generated": 0, "bbox": {"xmin": 587, "ymin": 466, "ymax": 587, "xmax": 643}}, {"tid": 1, "generated": 0, "bbox": {"xmin": 650, "ymin": 238, "ymax": 556, "xmax": 757}}], [{"tid": 0, "generated": 0, "bbox": {"xmin": 586, "ymin": 465, "ymax": 597, "xmax": 645}}, {"tid": 1, "generated": 0, "bbox": {"xmin": 650, "ymin": 238, "ymax": 563, "xmax": 758}}], [{"tid": 0, "generated": 0, "bbox": {"xmin": 585, "ymin": 470, "ymax": 606, "xmax": 645}}, {"tid": 1, "generated": 0, "bbox": {"xmin": 650, "ymin": 238, "ymax": 569, "xmax": 758}}], [{"tid": 0, "generated": 0, "bbox": {"xmin": 584, "ymin": 475, "ymax": 615, "xmax": 645}}, {"tid": 1, "generated": 0, "bbox": {"xmin": 650, "ymin": 238, "ymax": 575, "xmax": 759}}], [{"tid": 0, "generated": 0, "bbox": {"xmin": 584, "ymin": 481, "ymax": 625, "xmax": 645}}, {"tid": 1, "generated": 0, "bbox": {"xmin": 650, "ymin": 238, "ymax": 576, "xmax": 760}}], [{"tid": 0, "generated": 0, "bbox": {"xmin": 584, "ymin": 486, "ymax": 628, "xmax": 646}}, {"tid": 1, "generated": 0, "bbox": {"xmin": 650, "ymin": 238, "ymax": 577, "xmax": 761}}], [{"tid": 0, "generated": 0, "bbox": {"xmin": 584, "ymin": 492, "ymax": 632, "xmax": 648}}, {"tid": 1, "generated": 0, "bbox": {"xmin": 650, "ymin": 238, "ymax": 578, "xmax": 763}}], [{"tid": 0, "generated": 0, "bbox": {"xmin": 584, "ymin": 503, "ymax": 664, "xmax": 654}}, {"tid": 1, "generated": 0, "bbox": {"xmin": 650, "ymin": 238, "ymax": 579, "xmax": 764}}], [{"tid": 0, "generated": 0, "bbox": {"xmin": 583, "ymin": 514, "ymax": 669, "xmax": 662}}, {"tid": 1, "generated": 0, "bbox": {"xmin": 650, "ymin": 238, "ymax": 580, "xmax": 765}}], [{"tid": 0, "generated": 0, "bbox": {"xmin": 583, "ymin": 526, "ymax": 674, "xmax": 671}}, {"tid": 1, "generated": 0, "bbox": {"xmin": 653, "ymin": 238, "ymax": 591, "xmax": 770}}], [{"tid": 0, "generated": 0, "bbox": {"xmin": 583, "ymin": 538, "ymax": 680, "xmax": 680}}, {"tid": 1, "generated": 0, "bbox": {"xmin": 656, "ymin": 238, "ymax": 602, "xmax": 775}}], [{"tid": 0, "generated": 0, "bbox": {"xmin": 585, "ymin": 538, "ymax": 682, "xmax": 686}}, {"tid": 1, "generated": 0, "bbox": {"xmin": 659, "ymin": 238, "ymax": 613, "xmax": 781}}], [{"tid": 0, "generated": 0, "bbox": {"xmin": 587, "ymin": 539, "ymax": 684, "xmax": 693}}, {"tid": 1, "generated": 0, "bbox": {"xmin": 662, "ymin": 238, "ymax": 624, "xmax": 786}}], [{"tid": 0, "generated": 0, "bbox": {"xmin": 590, "ymin": 540, "ymax": 686, "xmax": 700}}, {"tid": 1, "generated": 0, "bbox": {"xmin": 665, "ymin": 238, "ymax": 635, "xmax": 791}}], [{"tid": 0, "generated": 0, "bbox": {"xmin": 588, "ymin": 534, "ymax": 693, "xmax": 710}}, {"tid": 1, "generated": 0, "bbox": {"xmin": 671, "ymin": 238, "ymax": 645, "xmax": 799}}], [{"tid": 0, "generated": 0, "bbox": {"xmin": 587, "ymin": 529, "ymax": 700, "xmax": 720}}, {"tid": 1, "generated": 0, "bbox": {"xmin": 678, "ymin": 239, "ymax": 656, "xmax": 808}}], [{"tid": 0, "generated": 0, "bbox": {"xmin": 586, "ymin": 524, "ymax": 707, "xmax": 730}}, {"tid": 1, "generated": 0, "bbox": {"xmin": 684, "ymin": 239, "ymax": 666, "xmax": 816}}], [{"tid": 0, "generated": 0, "bbox": {"xmin": 588, "ymin": 532, "ymax": 712, "xmax": 744}}, {"tid": 1, "generated": 0, "bbox": {"xmin": 690, "ymin": 239, "ymax": 676, "xmax": 825}}], [{"tid": 0, "generated": 0, "bbox": {"xmin": 590, "ymin": 540, "ymax": 718, "xmax": 759}}, {"tid": 1, "generated": 0, "bbox": {"xmin": 696, "ymin": 239, "ymax": 686, "xmax": 833}}], [{"tid": 0, "generated": 0, "bbox": {"xmin": 598, "ymin": 533, "ymax": 718, "xmax": 778}}, {"tid": 1, "generated": 0, "bbox": {"xmin": 704, "ymin": 233, "ymax": 685, "xmax": 842}}], [{"tid": 0, "generated": 0, "bbox": {"xmin": 606, "ymin": 526, "ymax": 718, "xmax": 797}}, {"tid": 1, "generated": 0, "bbox": {"xmin": 712, "ymin": 227, "ymax": 684, "xmax": 850}}], [{"tid": 0, "generated": 0, "bbox": {"xmin": 614, "ymin": 519, "ymax": 718, "xmax": 816}}, {"tid": 1, "generated": 0, "bbox": {"xmin": 719, "ymin": 220, "ymax": 682, "xmax": 859}}], [{"tid": 0, "generated": 0, "bbox": {"xmin": 622, "ymin": 513, "ymax": 718, "xmax": 835}}, {"tid": 1, "generated": 0, "bbox": {"xmin": 727, "ymin": 214, "ymax": 681, "xmax": 867}}], [{"tid": 0, "generated": 0, "bbox": {"xmin": 627, "ymin": 518, "ymax": 718, "xmax": 876}}, {"tid": 1, "generated": 0, "bbox": {"xmin": 735, "ymin": 208, "ymax": 680, "xmax": 876}}], [{"tid": 0, "generated": 0, "bbox": {"xmin": 632, "ymin": 524, "ymax": 718, "xmax": 917}}, {"tid": 1, "generated": 0, "bbox": {"xmin": 755, "ymin": 202, "ymax": 683, "xmax": 906}}], [{"tid": 0, "generated": 0, "bbox": {"xmin": 636, "ymin": 524, "ymax": 712, "xmax": 917}}, {"tid": 1, "generated": 0, "bbox": {"xmin": 776, "ymin": 196, "ymax": 687, "xmax": 936}}], [{"tid": 0, "generated": 0, "bbox": {"xmin": 659, "ymin": 529, "ymax": 718, "xmax": 1013}}, {"tid": 1, "generated": 0, "bbox": {"xmin": 796, "ymin": 190, "ymax": 690, "xmax": 965}}], [{"tid": 0, "generated": 0, "bbox": {"xmin": 716, "ymin": 529, "ymax": 718, "xmax": 1052}}, {"tid": 1, "generated": 0, "bbox": {"xmin": 817, "ymin": 184, "ymax": 694, "xmax": 995}}]], "subject/objects": [{"category": "dog", "tid": 0}, {"category": "person", "tid": 1}], "relation_instances": [{"end_fid": 30, "subject_tid": 0, "predicate": "run_next_to", "begin_fid": 0, "object_tid": 1}, {"end_fid": 30, "subject_tid": 0, "predicate": "run_left", "begin_fid": 0, "object_tid": 1}, {"end_fid": 30, "subject_tid": 1, "predicate": "walk_right", "begin_fid": 0, "object_tid": 0}, {"end_fid": 30, "subject_tid": 1, "predicate": "walk_next_to", "begin_fid": 0, "object_tid": 0}, {"end_fid": 30, "subject_tid": 1, "predicate": "taller", "begin_fid": 0, "object_tid": 0}, {"end_fid": 30, "subject_tid": 1, "predicate": "pull", "begin_fid": 0, "object_tid": 0}], "height": 720}