{"width": 480, "frame_count": 310, "video_id": "ILSVRC2015_train_00120000", "fps": 30, "trajectories": [[], [], [], [], [], [], [], [], [], [], [], [], [], [], [], [], [], [], [], [], [], [], [], [], [], [], [], [], [], [], [], [], [], [], [], [], [], [], [], [], [], [], [], [], [], [], [], [], [], [], [], [], [], [], [], [], [], [], [], [], [], [], [], [], [], [], [], [], [], [], [], [], [], [], [], [], [], [], [], [], [], [], [], [], [], [], [], [], [], [], [], [], [], [], [], [], [], [], [], [], [], [], [], [], [], [], [], [], [], [], [], [], [], [], [], [], [], [], [], [], [], [], [], [], [], [], [], [], [], [], [], [], [], [], [], [], [], [], [], [], [], [], [], [], [], [], [], [], [], [], [], [], [], [], [], [], [], [], [], [], [], [], [], [], [], [], [], [], [], [], [], [], [], [], [], [], [], [], [], [], [], [], [], [], [], [], [], [], [], [], [], [], [], [], [], [], [], [], [], [], [], [], [], [], [], [], [], [], [], [], [], [], [], [], [], [], [], [], [], [], [], [], [], [], [], [], [], [], [], [], [], [], [], [], [], [], [], [], [], [], [], [], [], [], [], [], [], [], [], [], [], [], [], [], [], [], [], [], [], [], [], [], [], [], [], [], [], [], [], [], [{"tid": 0, "generated": 0, "bbox": {"xmin": 75, "ymin": 174, "ymax": 295, "xmax": 170}}, {"tid": 1, "generated": 0, "bbox": {"xmin": 246, "ymin": 175, "ymax": 272, "xmax": 442}}], [{"tid": 0, "generated": 0, "bbox": {"xmin": 73, "ymin": 165, "ymax": 294, "xmax": 172}}, {"tid": 1, "generated": 0, "bbox": {"xmin": 240, "ymin": 175, "ymax": 270, "xmax": 418}}], [{"tid": 0, "generated": 0, "bbox": {"xmin": 73, "ymin": 158, "ymax": 288, "xmax": 176}}, {"tid": 1, "generated": 0, "bbox": {"xmin": 220, "ymin": 183, "ymax": 271, "xmax": 388}}], [{"tid": 0, "generated": 0, "bbox": {"xmin": 73, "ymin": 150, "ymax": 288, "xmax": 175}}, {"tid": 1, "generated": 0, "bbox": {"xmin": 211, "ymin": 184, "ymax": 272, "xmax": 378}}], [{"tid": 0, "generated": 0, "bbox": {"xmin": 73, "ymin": 146, "ymax": 288, "xmax": 174}}, {"tid": 1, "generated": 0, "bbox": {"xmin": 195, "ymin": 188, "ymax": 276, "xmax": 360}}], [{"tid": 0, "generated": 0, "bbox": {"xmin": 79, "ymin": 140, "ymax": 286, "xmax": 188}}, {"tid": 1, "generated": 0, "bbox": {"xmin": 185, "ymin": 191, "ymax": 275, "xmax": 350}}], [{"tid": 0, "generated": 0, "bbox": {"xmin": 79, "ymin": 136, "ymax": 286, "xmax": 201}}, {"tid": 1, "generated": 0, "bbox": {"xmin": 176, "ymin": 192, "ymax": 276, "xmax": 340}}], [{"tid": 0, "generated": 0, "bbox": {"xmin": 79, "ymin": 132, "ymax": 285, "xmax": 204}}, {"tid": 1, "generated": 0, "bbox": {"xmin": 167, "ymin": 191, "ymax": 275, "xmax": 332}}], [{"tid": 0, "generated": 0, "bbox": {"xmin": 80, "ymin": 130, "ymax": 284, "xmax": 204}}, {"tid": 1, "generated": 0, "bbox": {"xmin": 158, "ymin": 192, "ymax": 273, "xmax": 322}}], [{"tid": 0, "generated": 0, "bbox": {"xmin": 80, "ymin": 128, "ymax": 283, "xmax": 205}}, {"tid": 1, "generated": 0, "bbox": {"xmin": 147, "ymin": 195, "ymax": 276, "xmax": 311}}], [{"tid": 0, "generated": 0, "bbox": {"xmin": 80, "ymin": 126, "ymax": 283, "xmax": 206}}, {"tid": 1, "generated": 0, "bbox": {"xmin": 136, "ymin": 196, "ymax": 277, "xmax": 300}}], [{"tid": 0, "generated": 0, "bbox": {"xmin": 80, "ymin": 124, "ymax": 283, "xmax": 207}}, {"tid": 1, "generated": 0, "bbox": {"xmin": 128, "ymin": 196, "ymax": 286, "xmax": 322}}], [{"tid": 0, "generated": 0, "bbox": {"xmin": 84, "ymin": 119, "ymax": 278, "xmax": 211}}, {"tid": 1, "generated": 0, "bbox": {"xmin": 121, "ymin": 196, "ymax": 286, "xmax": 317}}], [{"tid": 0, "generated": 0, "bbox": {"xmin": 83, "ymin": 124, "ymax": 267, "xmax": 215}}, {"tid": 1, "generated": 0, "bbox": {"xmin": 121, "ymin": 196, "ymax": 285, "xmax": 322}}], [{"tid": 0, "generated": 0, "bbox": {"xmin": 84, "ymin": 123, "ymax": 252, "xmax": 223}}, {"tid": 1, "generated": 0, "bbox": {"xmin": 103, "ymin": 196, "ymax": 284, "xmax": 304}}], [{"tid": 0, "generated": 0, "bbox": {"xmin": 84, "ymin": 123, "ymax": 251, "xmax": 226}}, {"tid": 1, "generated": 0, "bbox": {"xmin": 96, "ymin": 196, "ymax": 282, "xmax": 282}}], [{"tid": 0, "generated": 0, "bbox": {"xmin": 80, "ymin": 123, "ymax": 250, "xmax": 228}}, {"tid": 1, "generated": 0, "bbox": {"xmin": 91, "ymin": 194, "ymax": 285, "xmax": 282}}], [{"tid": 0, "generated": 0, "bbox": {"xmin": 80, "ymin": 123, "ymax": 244, "xmax": 230}}, {"tid": 1, "generated": 0, "bbox": {"xmin": 85, "ymin": 196, "ymax": 286, "xmax": 281}}], [{"tid": 0, "generated": 0, "bbox": {"xmin": 75, "ymin": 123, "ymax": 236, "xmax": 234}}, {"tid": 1, "generated": 0, "bbox": {"xmin": 84, "ymin": 196, "ymax": 285, "xmax": 281}}], [{"tid": 0, "generated": 0, "bbox": {"xmin": 70, "ymin": 124, "ymax": 236, "xmax": 233}}, {"tid": 1, "generated": 0, "bbox": {"xmin": 84, "ymin": 196, "ymax": 284, "xmax": 282}}], [{"tid": 0, "generated": 0, "bbox": {"xmin": 68, "ymin": 124, "ymax": 235, "xmax": 233}}, {"tid": 1, "generated": 0, "bbox": {"xmin": 87, "ymin": 196, "ymax": 288, "xmax": 282}}], [{"tid": 0, "generated": 0, "bbox": {"xmin": 68, "ymin": 127, "ymax": 249, "xmax": 234}}, {"tid": 1, "generated": 0, "bbox": {"xmin": 83, "ymin": 196, "ymax": 288, "xmax": 281}}], [{"tid": 0, "generated": 0, "bbox": {"xmin": 68, "ymin": 130, "ymax": 263, "xmax": 236}}, {"tid": 1, "generated": 0, "bbox": {"xmin": 80, "ymin": 197, "ymax": 288, "xmax": 281}}], [{"tid": 0, "generated": 0, "bbox": {"xmin": 68, "ymin": 130, "ymax": 284, "xmax": 235}}, {"tid": 1, "generated": 0, "bbox": {"xmin": 76, "ymin": 195, "ymax": 286, "xmax": 277}}], [{"tid": 0, "generated": 0, "bbox": {"xmin": 72, "ymin": 126, "ymax": 283, "xmax": 238}}, {"tid": 1, "generated": 0, "bbox": {"xmin": 74, "ymin": 195, "ymax": 286, "xmax": 275}}], [{"tid": 0, "generated": 0, "bbox": {"xmin": 75, "ymin": 126, "ymax": 283, "xmax": 240}}, {"tid": 1, "generated": 0, "bbox": {"xmin": 71, "ymin": 195, "ymax": 286, "xmax": 272}}], [{"tid": 0, "generated": 0, "bbox": {"xmin": 75, "ymin": 126, "ymax": 282, "xmax": 245}}, {"tid": 1, "generated": 0, "bbox": {"xmin": 71, "ymin": 195, "ymax": 285, "xmax": 266}}], [{"tid": 0, "generated": 0, "bbox": {"xmin": 78, "ymin": 133, "ymax": 283, "xmax": 248}}, {"tid": 1, "generated": 0, "bbox": {"xmin": 71, "ymin": 195, "ymax": 283, "xmax": 261}}], [{"tid": 0, "generated": 0, "bbox": {"xmin": 85, "ymin": 140, "ymax": 282, "xmax": 257}}, {"tid": 1, "generated": 0, "bbox": {"xmin": 71, "ymin": 195, "ymax": 282, "xmax": 215}}], [{"tid": 0, "generated": 0, "bbox": {"xmin": 85, "ymin": 151, "ymax": 287, "xmax": 266}}, {"tid": 1, "generated": 0, "bbox": {"xmin": 71, "ymin": 195, "ymax": 282, "xmax": 170}}]], "subject/objects": [{"category": "tiger", "tid": 0}, {"category": "tiger", "tid": 1}], "relation_instances": [{"end_fid": 300, "subject_tid": 0, "predicate": "jump_past", "begin_fid": 270, "object_tid": 1}, {"end_fid": 300, "subject_tid": 0, "predicate": "jump_above", "begin_fid": 270, "object_tid": 1}, {"end_fid": 300, "subject_tid": 0, "predicate": "jump_left", "begin_fid": 270, "object_tid": 1}, {"end_fid": 300, "subject_tid": 1, "predicate": "run_right", "begin_fid": 270, "object_tid": 0}, {"end_fid": 300, "subject_tid": 1, "predicate": "run_beneath", "begin_fid": 270, "object_tid": 0}, {"end_fid": 300, "subject_tid": 1, "predicate": "run_toward", "begin_fid": 270, "object_tid": 0}], "height": 360}