{"width": 640, "frame_count": 127, "video_id": "ILSVRC2015_train_00161012", "fps": 30, "trajectories": [[{"tid": 0, "generated": 0, "bbox": {"xmin": 280, "ymin": 185, "ymax": 216, "xmax": 326}}, {"tid": 1, "generated": 0, "bbox": {"xmin": 274, "ymin": 207, "ymax": 217, "xmax": 330}}], [{"tid": 0, "generated": 0, "bbox": {"xmin": 277, "ymin": 184, "ymax": 216, "xmax": 328}}, {"tid": 1, "generated": 0, "bbox": {"xmin": 274, "ymin": 207, "ymax": 217, "xmax": 330}}], [{"tid": 0, "generated": 0, "bbox": {"xmin": 275, "ymin": 184, "ymax": 216, "xmax": 330}}, {"tid": 1, "generated": 0, "bbox": {"xmin": 274, "ymin": 207, "ymax": 217, "xmax": 330}}], [{"tid": 0, "generated": 0, "bbox": {"xmin": 273, "ymin": 184, "ymax": 216, "xmax": 333}}, {"tid": 1, "generated": 0, "bbox": {"xmin": 274, "ymin": 207, "ymax": 217, "xmax": 330}}], [{"tid": 0, "generated": 0, "bbox": {"xmin": 269, "ymin": 178, "ymax": 213, "xmax": 338}}, {"tid": 1, "generated": 0, "bbox": {"xmin": 274, "ymin": 207, "ymax": 217, "xmax": 330}}], [{"tid": 0, "generated": 0, "bbox": {"xmin": 269, "ymin": 174, "ymax": 214, "xmax": 332}}, {"tid": 1, "generated": 0, "bbox": {"xmin": 274, "ymin": 207, "ymax": 217, "xmax": 330}}], [{"tid": 0, "generated": 0, "bbox": {"xmin": 269, "ymin": 175, "ymax": 210, "xmax": 329}}, {"tid": 1, "generated": 0, "bbox": {"xmin": 271, "ymin": 207, "ymax": 217, "xmax": 327}}], [{"tid": 0, "generated": 0, "bbox": {"xmin": 266, "ymin": 180, "ymax": 213, "xmax": 320}}, {"tid": 1, "generated": 0, "bbox": {"xmin": 269, "ymin": 206, "ymax": 216, "xmax": 325}}], [{"tid": 0, "generated": 0, "bbox": {"xmin": 264, "ymin": 185, "ymax": 216, "xmax": 311}}, {"tid": 1, "generated": 0, "bbox": {"xmin": 266, "ymin": 206, "ymax": 216, "xmax": 322}}], [{"tid": 0, "generated": 0, "bbox": {"xmin": 262, "ymin": 184, "ymax": 214, "xmax": 311}}, {"tid": 1, "generated": 0, "bbox": {"xmin": 264, "ymin": 205, "ymax": 215, "xmax": 320}}], [{"tid": 0, "generated": 0, "bbox": {"xmin": 260, "ymin": 183, "ymax": 213, "xmax": 311}}, {"tid": 1, "generated": 0, "bbox": {"xmin": 261, "ymin": 205, "ymax": 215, "xmax": 317}}], [{"tid": 0, "generated": 0, "bbox": {"xmin": 258, "ymin": 182, "ymax": 212, "xmax": 312}}, {"tid": 1, "generated": 0, "bbox": {"xmin": 261, "ymin": 204, "ymax": 214, "xmax": 317}}], [{"tid": 0, "generated": 0, "bbox": {"xmin": 263, "ymin": 184, "ymax": 216, "xmax": 308}}, {"tid": 1, "generated": 0, "bbox": {"xmin": 261, "ymin": 203, "ymax": 213, "xmax": 317}}], [{"tid": 0, "generated": 0, "bbox": {"xmin": 262, "ymin": 180, "ymax": 213, "xmax": 314}}, {"tid": 1, "generated": 0, "bbox": {"xmin": 261, "ymin": 203, "ymax": 213, "xmax": 317}}], [{"tid": 0, "generated": 0, "bbox": {"xmin": 261, "ymin": 177, "ymax": 210, "xmax": 320}}, {"tid": 1, "generated": 0, "bbox": {"xmin": 261, "ymin": 202, "ymax": 212, "xmax": 317}}], [{"tid": 0, "generated": 0, "bbox": {"xmin": 262, "ymin": 178, "ymax": 210, "xmax": 317}}, {"tid": 1, "generated": 0, "bbox": {"xmin": 261, "ymin": 201, "ymax": 211, "xmax": 317}}], [{"tid": 0, "generated": 0, "bbox": {"xmin": 263, "ymin": 180, "ymax": 211, "xmax": 314}}, {"tid": 1, "generated": 0, "bbox": {"xmin": 261, "ymin": 201, "ymax": 211, "xmax": 317}}], [{"tid": 0, "generated": 0, "bbox": {"xmin": 264, "ymin": 182, "ymax": 212, "xmax": 311}}, {"tid": 1, "generated": 0, "bbox": {"xmin": 261, "ymin": 201, "ymax": 211, "xmax": 317}}], [{"tid": 0, "generated": 0, "bbox": {"xmin": 265, "ymin": 180, "ymax": 211, "xmax": 311}}, {"tid": 1, "generated": 0, "bbox": {"xmin": 261, "ymin": 201, "ymax": 211, "xmax": 317}}], [{"tid": 0, "generated": 0, "bbox": {"xmin": 267, "ymin": 179, "ymax": 210, "xmax": 311}}, {"tid": 1, "generated": 0, "bbox": {"xmin": 261, "ymin": 201, "ymax": 211, "xmax": 317}}], [{"tid": 0, "generated": 0, "bbox": {"xmin": 269, "ymin": 178, "ymax": 210, "xmax": 312}}, {"tid": 1, "generated": 0, "bbox": {"xmin": 261, "ymin": 201, "ymax": 211, "xmax": 317}}], [{"tid": 0, "generated": 0, "bbox": {"xmin": 270, "ymin": 180, "ymax": 209, "xmax": 313}}, {"tid": 1, "generated": 0, "bbox": {"xmin": 263, "ymin": 201, "ymax": 211, "xmax": 319}}], [{"tid": 0, "generated": 0, "bbox": {"xmin": 271, "ymin": 182, "ymax": 208, "xmax": 315}}, {"tid": 1, "generated": 0, "bbox": {"xmin": 265, "ymin": 201, "ymax": 211, "xmax": 321}}], [{"tid": 0, "generated": 0, "bbox": {"xmin": 273, "ymin": 184, "ymax": 208, "xmax": 317}}, {"tid": 1, "generated": 0, "bbox": {"xmin": 267, "ymin": 201, "ymax": 211, "xmax": 323}}], [{"tid": 0, "generated": 0, "bbox": {"xmin": 272, "ymin": 181, "ymax": 209, "xmax": 319}}, {"tid": 1, "generated": 0, "bbox": {"xmin": 269, "ymin": 201, "ymax": 211, "xmax": 325}}], [{"tid": 0, "generated": 0, "bbox": {"xmin": 272, "ymin": 179, "ymax": 210, "xmax": 322}}, {"tid": 1, "generated": 0, "bbox": {"xmin": 271, "ymin": 201, "ymax": 211, "xmax": 327}}], [{"tid": 0, "generated": 0, "bbox": {"xmin": 272, "ymin": 177, "ymax": 212, "xmax": 325}}, {"tid": 1, "generated": 0, "bbox": {"xmin": 271, "ymin": 201, "ymax": 211, "xmax": 327}}], [{"tid": 0, "generated": 0, "bbox": {"xmin": 272, "ymin": 180, "ymax": 212, "xmax": 318}}, {"tid": 1, "generated": 0, "bbox": {"xmin": 271, "ymin": 201, "ymax": 211, "xmax": 327}}], [{"tid": 0, "generated": 0, "bbox": {"xmin": 272, "ymin": 183, "ymax": 213, "xmax": 312}}, {"tid": 1, "generated": 0, "bbox": {"xmin": 271, "ymin": 201, "ymax": 211, "xmax": 327}}], [{"tid": 0, "generated": 0, "bbox": {"xmin": 272, "ymin": 183, "ymax": 213, "xmax": 314}}, {"tid": 1, "generated": 0, "bbox": {"xmin": 271, "ymin": 201, "ymax": 211, "xmax": 327}}], [], [], [], [], [], [], [], [], [], [], [], [], [], [], [], [], [], [], [], [], [], [], [], [], [], [], [], [], [], [], [], [], [], [], [], [], [], [], [], [], [], [], [], [], [], [{"tid": 0, "generated": 0, "bbox": {"xmin": 223, "ymin": 177, "ymax": 240, "xmax": 312}}, {"tid": 1, "generated": 0, "bbox": {"xmin": 233, "ymin": 235, "ymax": 244, "xmax": 299}}], [{"tid": 0, "generated": 0, "bbox": {"xmin": 228, "ymin": 176, "ymax": 239, "xmax": 317}}, {"tid": 1, "generated": 0, "bbox": {"xmin": 239, "ymin": 235, "ymax": 244, "xmax": 305}}], [{"tid": 0, "generated": 0, "bbox": {"xmin": 233, "ymin": 175, "ymax": 239, "xmax": 322}}, {"tid": 1, "generated": 0, "bbox": {"xmin": 246, "ymin": 236, "ymax": 245, "xmax": 312}}], [{"tid": 0, "generated": 0, "bbox": {"xmin": 239, "ymin": 175, "ymax": 239, "xmax": 328}}, {"tid": 1, "generated": 0, "bbox": {"xmin": 252, "ymin": 236, "ymax": 245, "xmax": 318}}], [{"tid": 0, "generated": 0, "bbox": {"xmin": 247, "ymin": 175, "ymax": 237, "xmax": 332}}, {"tid": 1, "generated": 0, "bbox": {"xmin": 259, "ymin": 237, "ymax": 246, "xmax": 325}}], [{"tid": 0, "generated": 0, "bbox": {"xmin": 256, "ymin": 176, "ymax": 236, "xmax": 337}}, {"tid": 1, "generated": 0, "bbox": {"xmin": 265, "ymin": 237, "ymax": 246, "xmax": 331}}], [{"tid": 0, "generated": 0, "bbox": {"xmin": 260, "ymin": 176, "ymax": 238, "xmax": 342}}, {"tid": 1, "generated": 0, "bbox": {"xmin": 267, "ymin": 237, "ymax": 246, "xmax": 333}}], [{"tid": 0, "generated": 0, "bbox": {"xmin": 259, "ymin": 176, "ymax": 238, "xmax": 345}}, {"tid": 1, "generated": 0, "bbox": {"xmin": 268, "ymin": 238, "ymax": 247, "xmax": 334}}], [{"tid": 0, "generated": 0, "bbox": {"xmin": 258, "ymin": 176, "ymax": 239, "xmax": 348}}, {"tid": 1, "generated": 0, "bbox": {"xmin": 270, "ymin": 238, "ymax": 247, "xmax": 336}}], [{"tid": 0, "generated": 0, "bbox": {"xmin": 257, "ymin": 177, "ymax": 240, "xmax": 352}}, {"tid": 1, "generated": 0, "bbox": {"xmin": 271, "ymin": 239, "ymax": 248, "xmax": 337}}], [{"tid": 0, "generated": 0, "bbox": {"xmin": 256, "ymin": 179, "ymax": 239, "xmax": 347}}, {"tid": 1, "generated": 0, "bbox": {"xmin": 273, "ymin": 239, "ymax": 248, "xmax": 339}}], [{"tid": 0, "generated": 0, "bbox": {"xmin": 256, "ymin": 181, "ymax": 238, "xmax": 343}}, {"tid": 1, "generated": 0, "bbox": {"xmin": 268, "ymin": 239, "ymax": 248, "xmax": 334}}], [{"tid": 0, "generated": 0, "bbox": {"xmin": 250, "ymin": 176, "ymax": 242, "xmax": 346}}, {"tid": 1, "generated": 0, "bbox": {"xmin": 263, "ymin": 239, "ymax": 248, "xmax": 329}}], [{"tid": 0, "generated": 0, "bbox": {"xmin": 241, "ymin": 175, "ymax": 241, "xmax": 340}}, {"tid": 1, "generated": 0, "bbox": {"xmin": 258, "ymin": 239, "ymax": 248, "xmax": 324}}], [{"tid": 0, "generated": 0, "bbox": {"xmin": 233, "ymin": 174, "ymax": 241, "xmax": 334}}, {"tid": 1, "generated": 0, "bbox": {"xmin": 253, "ymin": 239, "ymax": 248, "xmax": 319}}], [{"tid": 0, "generated": 0, "bbox": {"xmin": 231, "ymin": 178, "ymax": 239, "xmax": 326}}, {"tid": 1, "generated": 0, "bbox": {"xmin": 248, "ymin": 239, "ymax": 248, "xmax": 314}}], [{"tid": 0, "generated": 0, "bbox": {"xmin": 230, "ymin": 183, "ymax": 238, "xmax": 319}}, {"tid": 1, "generated": 0, "bbox": {"xmin": 245, "ymin": 239, "ymax": 248, "xmax": 311}}], [{"tid": 0, "generated": 0, "bbox": {"xmin": 225, "ymin": 183, "ymax": 238, "xmax": 314}}, {"tid": 1, "generated": 0, "bbox": {"xmin": 241, "ymin": 239, "ymax": 248, "xmax": 307}}], [{"tid": 0, "generated": 0, "bbox": {"xmin": 220, "ymin": 183, "ymax": 239, "xmax": 309}}, {"tid": 1, "generated": 0, "bbox": {"xmin": 238, "ymin": 239, "ymax": 248, "xmax": 304}}], [{"tid": 0, "generated": 0, "bbox": {"xmin": 216, "ymin": 184, "ymax": 240, "xmax": 305}}, {"tid": 1, "generated": 0, "bbox": {"xmin": 234, "ymin": 239, "ymax": 248, "xmax": 300}}], [{"tid": 0, "generated": 0, "bbox": {"xmin": 216, "ymin": 183, "ymax": 240, "xmax": 304}}, {"tid": 1, "generated": 0, "bbox": {"xmin": 231, "ymin": 239, "ymax": 248, "xmax": 297}}], [{"tid": 0, "generated": 0, "bbox": {"xmin": 216, "ymin": 182, "ymax": 240, "xmax": 304}}, {"tid": 1, "generated": 0, "bbox": {"xmin": 231, "ymin": 239, "ymax": 248, "xmax": 297}}], [{"tid": 0, "generated": 0, "bbox": {"xmin": 216, "ymin": 181, "ymax": 241, "xmax": 304}}, {"tid": 1, "generated": 0, "bbox": {"xmin": 230, "ymin": 239, "ymax": 248, "xmax": 296}}], [{"tid": 0, "generated": 0, "bbox": {"xmin": 214, "ymin": 181, "ymax": 241, "xmax": 302}}, {"tid": 1, "generated": 0, "bbox": {"xmin": 230, "ymin": 239, "ymax": 248, "xmax": 296}}], [{"tid": 0, "generated": 0, "bbox": {"xmin": 213, "ymin": 181, "ymax": 241, "xmax": 301}}, {"tid": 1, "generated": 0, "bbox": {"xmin": 229, "ymin": 239, "ymax": 248, "xmax": 295}}], [{"tid": 0, "generated": 0, "bbox": {"xmin": 212, "ymin": 182, "ymax": 242, "xmax": 300}}, {"tid": 1, "generated": 0, "bbox": {"xmin": 229, "ymin": 239, "ymax": 248, "xmax": 295}}], [{"tid": 0, "generated": 0, "bbox": {"xmin": 212, "ymin": 184, "ymax": 239, "xmax": 301}}, {"tid": 1, "generated": 0, "bbox": {"xmin": 228, "ymin": 239, "ymax": 248, "xmax": 294}}], [{"tid": 0, "generated": 0, "bbox": {"xmin": 210, "ymin": 184, "ymax": 239, "xmax": 299}}, {"tid": 1, "generated": 0, "bbox": {"xmin": 228, "ymin": 239, "ymax": 248, "xmax": 294}}], [{"tid": 0, "generated": 0, "bbox": {"xmin": 209, "ymin": 184, "ymax": 239, "xmax": 297}}, {"tid": 1, "generated": 0, "bbox": {"xmin": 227, "ymin": 239, "ymax": 248, "xmax": 293}}], [{"tid": 0, "generated": 0, "bbox": {"xmin": 208, "ymin": 185, "ymax": 240, "xmax": 295}}, {"tid": 1, "generated": 0, "bbox": {"xmin": 227, "ymin": 239, "ymax": 248, "xmax": 293}}], [{"tid": 0, "generated": 0, "bbox": {"xmin": 212, "ymin": 184, "ymax": 239, "xmax": 298}}, {"tid": 1, "generated": 0, "bbox": {"xmin": 226, "ymin": 239, "ymax": 248, "xmax": 292}}], [{"tid": 0, "generated": 0, "bbox": {"xmin": 216, "ymin": 184, "ymax": 239, "xmax": 301}}, {"tid": 1, "generated": 0, "bbox": {"xmin": 231, "ymin": 239, "ymax": 248, "xmax": 297}}], [{"tid": 0, "generated": 0, "bbox": {"xmin": 222, "ymin": 182, "ymax": 239, "xmax": 307}}, {"tid": 1, "generated": 0, "bbox": {"xmin": 236, "ymin": 239, "ymax": 248, "xmax": 302}}], [{"tid": 0, "generated": 0, "bbox": {"xmin": 229, "ymin": 180, "ymax": 239, "xmax": 313}}, {"tid": 1, "generated": 0, "bbox": {"xmin": 240, "ymin": 240, "ymax": 249, "xmax": 306}}], [{"tid": 0, "generated": 0, "bbox": {"xmin": 236, "ymin": 178, "ymax": 240, "xmax": 320}}, {"tid": 1, "generated": 0, "bbox": {"xmin": 245, "ymin": 240, "ymax": 249, "xmax": 311}}], [{"tid": 0, "generated": 0, "bbox": {"xmin": 240, "ymin": 180, "ymax": 240, "xmax": 323}}, {"tid": 1, "generated": 0, "bbox": {"xmin": 250, "ymin": 240, "ymax": 249, "xmax": 316}}], [{"tid": 0, "generated": 0, "bbox": {"xmin": 244, "ymin": 182, "ymax": 240, "xmax": 326}}, {"tid": 1, "generated": 0, "bbox": {"xmin": 257, "ymin": 240, "ymax": 249, "xmax": 323}}], [{"tid": 0, "generated": 0, "bbox": {"xmin": 249, "ymin": 184, "ymax": 240, "xmax": 329}}, {"tid": 1, "generated": 0, "bbox": {"xmin": 264, "ymin": 240, "ymax": 249, "xmax": 330}}], [{"tid": 0, "generated": 0, "bbox": {"xmin": 257, "ymin": 186, "ymax": 239, "xmax": 336}}, {"tid": 1, "generated": 0, "bbox": {"xmin": 271, "ymin": 241, "ymax": 250, "xmax": 337}}], [{"tid": 0, "generated": 0, "bbox": {"xmin": 265, "ymin": 188, "ymax": 239, "xmax": 343}}, {"tid": 1, "generated": 0, "bbox": {"xmin": 278, "ymin": 241, "ymax": 250, "xmax": 344}}], [{"tid": 0, "generated": 0, "bbox": {"xmin": 271, "ymin": 190, "ymax": 239, "xmax": 351}}, {"tid": 1, "generated": 0, "bbox": {"xmin": 285, "ymin": 241, "ymax": 250, "xmax": 351}}], [{"tid": 0, "generated": 0, "bbox": {"xmin": 276, "ymin": 187, "ymax": 240, "xmax": 354}}, {"tid": 1, "generated": 0, "bbox": {"xmin": 291, "ymin": 241, "ymax": 250, "xmax": 357}}], [{"tid": 0, "generated": 0, "bbox": {"xmin": 282, "ymin": 185, "ymax": 241, "xmax": 358}}, {"tid": 1, "generated": 0, "bbox": {"xmin": 296, "ymin": 241, "ymax": 250, "xmax": 362}}], [{"tid": 0, "generated": 0, "bbox": {"xmin": 288, "ymin": 183, "ymax": 242, "xmax": 362}}, {"tid": 1, "generated": 0, "bbox": {"xmin": 302, "ymin": 240, "ymax": 249, "xmax": 368}}], [{"tid": 0, "generated": 0, "bbox": {"xmin": 288, "ymin": 183, "ymax": 241, "xmax": 368}}, {"tid": 1, "generated": 0, "bbox": {"xmin": 307, "ymin": 240, "ymax": 249, "xmax": 373}}]], "subject/objects": [{"category": "dog", "tid": 0}, {"category": "skateboard", "tid": 1}], "relation_instances": [{"end_fid": 30, "subject_tid": 0, "predicate": "walk_above", "begin_fid": 0, "object_tid": 1}, {"end_fid": 30, "subject_tid": 1, "predicate": "move_beneath", "begin_fid": 0, "object_tid": 0}, {"end_fid": 105, "subject_tid": 0, "predicate": "stand_above", "begin_fid": 75, "object_tid": 1}, {"end_fid": 105, "subject_tid": 1, "predicate": "move_beneath", "begin_fid": 75, "object_tid": 0}, {"end_fid": 120, "subject_tid": 0, "predicate": "stand_above", "begin_fid": 90, "object_tid": 1}, {"end_fid": 120, "subject_tid": 1, "predicate": "move_beneath", "begin_fid": 90, "object_tid": 0}], "height": 360}