{"width": 480, "frame_count": 122, "video_id": "ILSVRC2015_train_00533003", "fps": 29, "trajectories": [[{"tid": 0, "generated": 0, "bbox": {"xmin": 122, "ymin": 136, "ymax": 272, "xmax": 320}}, {"tid": 1, "generated": 0, "bbox": {"xmin": 214, "ymin": 105, "ymax": 206, "xmax": 265}}], [{"tid": 0, "generated": 0, "bbox": {"xmin": 106, "ymin": 136, "ymax": 258, "xmax": 315}}, {"tid": 1, "generated": 0, "bbox": {"xmin": 212, "ymin": 105, "ymax": 207, "xmax": 265}}], [{"tid": 0, "generated": 0, "bbox": {"xmin": 106, "ymin": 136, "ymax": 264, "xmax": 312}}, {"tid": 1, "generated": 0, "bbox": {"xmin": 211, "ymin": 105, "ymax": 207, "xmax": 265}}], [{"tid": 0, "generated": 0, "bbox": {"xmin": 106, "ymin": 136, "ymax": 264, "xmax": 312}}, {"tid": 1, "generated": 0, "bbox": {"xmin": 209, "ymin": 105, "ymax": 208, "xmax": 264}}], [{"tid": 0, "generated": 0, "bbox": {"xmin": 107, "ymin": 136, "ymax": 268, "xmax": 312}}, {"tid": 1, "generated": 0, "bbox": {"xmin": 208, "ymin": 105, "ymax": 208, "xmax": 264}}], [{"tid": 0, "generated": 0, "bbox": {"xmin": 108, "ymin": 140, "ymax": 266, "xmax": 312}}, {"tid": 1, "generated": 0, "bbox": {"xmin": 206, "ymin": 105, "ymax": 209, "xmax": 264}}], [{"tid": 0, "generated": 0, "bbox": {"xmin": 108, "ymin": 142, "ymax": 266, "xmax": 311}}, {"tid": 1, "generated": 0, "bbox": {"xmin": 206, "ymin": 109, "ymax": 213, "xmax": 264}}], [{"tid": 0, "generated": 0, "bbox": {"xmin": 108, "ymin": 147, "ymax": 270, "xmax": 309}}, {"tid": 1, "generated": 0, "bbox": {"xmin": 206, "ymin": 112, "ymax": 216, "xmax": 264}}], [{"tid": 0, "generated": 0, "bbox": {"xmin": 113, "ymin": 152, "ymax": 268, "xmax": 311}}, {"tid": 1, "generated": 0, "bbox": {"xmin": 207, "ymin": 116, "ymax": 220, "xmax": 265}}], [{"tid": 0, "generated": 0, "bbox": {"xmin": 112, "ymin": 152, "ymax": 270, "xmax": 311}}, {"tid": 1, "generated": 0, "bbox": {"xmin": 207, "ymin": 119, "ymax": 223, "xmax": 265}}], [{"tid": 0, "generated": 0, "bbox": {"xmin": 124, "ymin": 154, "ymax": 268, "xmax": 308}}, {"tid": 1, "generated": 0, "bbox": {"xmin": 207, "ymin": 123, "ymax": 227, "xmax": 265}}], [{"tid": 0, "generated": 0, "bbox": {"xmin": 128, "ymin": 158, "ymax": 268, "xmax": 307}}, {"tid": 1, "generated": 0, "bbox": {"xmin": 209, "ymin": 121, "ymax": 224, "xmax": 266}}], [{"tid": 0, "generated": 0, "bbox": {"xmin": 126, "ymin": 158, "ymax": 266, "xmax": 308}}, {"tid": 1, "generated": 0, "bbox": {"xmin": 211, "ymin": 120, "ymax": 221, "xmax": 266}}], [{"tid": 0, "generated": 0, "bbox": {"xmin": 126, "ymin": 152, "ymax": 266, "xmax": 307}}, {"tid": 1, "generated": 0, "bbox": {"xmin": 214, "ymin": 118, "ymax": 219, "xmax": 267}}], [{"tid": 0, "generated": 0, "bbox": {"xmin": 128, "ymin": 144, "ymax": 265, "xmax": 305}}, {"tid": 1, "generated": 0, "bbox": {"xmin": 216, "ymin": 117, "ymax": 216, "xmax": 267}}], [{"tid": 0, "generated": 0, "bbox": {"xmin": 126, "ymin": 145, "ymax": 266, "xmax": 306}}, {"tid": 1, "generated": 0, "bbox": {"xmin": 218, "ymin": 115, "ymax": 213, "xmax": 268}}], [{"tid": 0, "generated": 0, "bbox": {"xmin": 130, "ymin": 138, "ymax": 262, "xmax": 301}}, {"tid": 1, "generated": 0, "bbox": {"xmin": 218, "ymin": 112, "ymax": 211, "xmax": 270}}], [{"tid": 0, "generated": 0, "bbox": {"xmin": 132, "ymin": 130, "ymax": 262, "xmax": 298}}, {"tid": 1, "generated": 0, "bbox": {"xmin": 219, "ymin": 109, "ymax": 208, "xmax": 272}}], [{"tid": 0, "generated": 0, "bbox": {"xmin": 136, "ymin": 125, "ymax": 259, "xmax": 298}}, {"tid": 1, "generated": 0, "bbox": {"xmin": 219, "ymin": 107, "ymax": 206, "xmax": 275}}], [{"tid": 0, "generated": 0, "bbox": {"xmin": 144, "ymin": 122, "ymax": 258, "xmax": 298}}, {"tid": 1, "generated": 0, "bbox": {"xmin": 220, "ymin": 104, "ymax": 203, "xmax": 277}}], [{"tid": 0, "generated": 0, "bbox": {"xmin": 148, "ymin": 118, "ymax": 255, "xmax": 296}}, {"tid": 1, "generated": 0, "bbox": {"xmin": 220, "ymin": 101, "ymax": 201, "xmax": 279}}], [{"tid": 0, "generated": 0, "bbox": {"xmin": 148, "ymin": 118, "ymax": 253, "xmax": 296}}, {"tid": 1, "generated": 0, "bbox": {"xmin": 220, "ymin": 102, "ymax": 200, "xmax": 279}}], [{"tid": 0, "generated": 0, "bbox": {"xmin": 150, "ymin": 118, "ymax": 254, "xmax": 296}}, {"tid": 1, "generated": 0, "bbox": {"xmin": 220, "ymin": 102, "ymax": 199, "xmax": 279}}], [{"tid": 0, "generated": 0, "bbox": {"xmin": 156, "ymin": 118, "ymax": 252, "xmax": 294}}, {"tid": 1, "generated": 0, "bbox": {"xmin": 220, "ymin": 103, "ymax": 198, "xmax": 279}}], [{"tid": 0, "generated": 0, "bbox": {"xmin": 165, "ymin": 118, "ymax": 253, "xmax": 293}}, {"tid": 1, "generated": 0, "bbox": {"xmin": 220, "ymin": 103, "ymax": 197, "xmax": 279}}], [{"tid": 0, "generated": 0, "bbox": {"xmin": 173, "ymin": 118, "ymax": 252, "xmax": 295}}, {"tid": 1, "generated": 0, "bbox": {"xmin": 220, "ymin": 104, "ymax": 196, "xmax": 279}}], [{"tid": 0, "generated": 0, "bbox": {"xmin": 178, "ymin": 120, "ymax": 247, "xmax": 294}}, {"tid": 1, "generated": 0, "bbox": {"xmin": 220, "ymin": 104, "ymax": 191, "xmax": 278}}], [{"tid": 0, "generated": 0, "bbox": {"xmin": 177, "ymin": 121, "ymax": 238, "xmax": 294}}, {"tid": 1, "generated": 0, "bbox": {"xmin": 221, "ymin": 105, "ymax": 185, "xmax": 278}}], [{"tid": 0, "generated": 0, "bbox": {"xmin": 166, "ymin": 125, "ymax": 224, "xmax": 294}}, {"tid": 1, "generated": 0, "bbox": {"xmin": 221, "ymin": 105, "ymax": 180, "xmax": 277}}], [{"tid": 0, "generated": 0, "bbox": {"xmin": 166, "ymin": 125, "ymax": 222, "xmax": 294}}, {"tid": 1, "generated": 0, "bbox": {"xmin": 222, "ymin": 106, "ymax": 174, "xmax": 277}}], [{"tid": 0, "generated": 0, "bbox": {"xmin": 173, "ymin": 128, "ymax": 208, "xmax": 296}}, {"tid": 1, "generated": 0, "bbox": {"xmin": 222, "ymin": 106, "ymax": 169, "xmax": 276}}], [{"tid": 0, "generated": 0, "bbox": {"xmin": 173, "ymin": 131, "ymax": 207, "xmax": 297}}, {"tid": 1, "generated": 0, "bbox": {"xmin": 224, "ymin": 106, "ymax": 171, "xmax": 277}}], [{"tid": 0, "generated": 0, "bbox": {"xmin": 173, "ymin": 136, "ymax": 204, "xmax": 300}}, {"tid": 1, "generated": 0, "bbox": {"xmin": 226, "ymin": 106, "ymax": 173, "xmax": 278}}], [{"tid": 0, "generated": 0, "bbox": {"xmin": 173, "ymin": 136, "ymax": 204, "xmax": 301}}, {"tid": 1, "generated": 0, "bbox": {"xmin": 227, "ymin": 105, "ymax": 175, "xmax": 279}}], [{"tid": 0, "generated": 0, "bbox": {"xmin": 173, "ymin": 136, "ymax": 204, "xmax": 302}}, {"tid": 1, "generated": 0, "bbox": {"xmin": 229, "ymin": 105, "ymax": 177, "xmax": 280}}], [{"tid": 0, "generated": 0, "bbox": {"xmin": 174, "ymin": 136, "ymax": 228, "xmax": 302}}, {"tid": 1, "generated": 0, "bbox": {"xmin": 231, "ymin": 105, "ymax": 179, "xmax": 281}}], [{"tid": 0, "generated": 0, "bbox": {"xmin": 174, "ymin": 136, "ymax": 237, "xmax": 302}}, {"tid": 1, "generated": 0, "bbox": {"xmin": 234, "ymin": 110, "ymax": 187, "xmax": 282}}], [{"tid": 0, "generated": 0, "bbox": {"xmin": 175, "ymin": 136, "ymax": 240, "xmax": 298}}, {"tid": 1, "generated": 0, "bbox": {"xmin": 237, "ymin": 114, "ymax": 195, "xmax": 283}}], [{"tid": 0, "generated": 0, "bbox": {"xmin": 173, "ymin": 141, "ymax": 243, "xmax": 308}}, {"tid": 1, "generated": 0, "bbox": {"xmin": 240, "ymin": 119, "ymax": 202, "xmax": 284}}], [{"tid": 0, "generated": 0, "bbox": {"xmin": 173, "ymin": 142, "ymax": 245, "xmax": 308}}, {"tid": 1, "generated": 0, "bbox": {"xmin": 243, "ymin": 123, "ymax": 210, "xmax": 285}}], [{"tid": 0, "generated": 0, "bbox": {"xmin": 173, "ymin": 144, "ymax": 248, "xmax": 309}}, {"tid": 1, "generated": 0, "bbox": {"xmin": 246, "ymin": 128, "ymax": 218, "xmax": 286}}], [{"tid": 0, "generated": 0, "bbox": {"xmin": 173, "ymin": 146, "ymax": 250, "xmax": 312}}, {"tid": 1, "generated": 0, "bbox": {"xmin": 250, "ymin": 131, "ymax": 221, "xmax": 290}}], [{"tid": 0, "generated": 0, "bbox": {"xmin": 178, "ymin": 149, "ymax": 251, "xmax": 318}}, {"tid": 1, "generated": 0, "bbox": {"xmin": 254, "ymin": 134, "ymax": 224, "xmax": 294}}], [{"tid": 0, "generated": 0, "bbox": {"xmin": 179, "ymin": 156, "ymax": 250, "xmax": 318}}, {"tid": 1, "generated": 0, "bbox": {"xmin": 257, "ymin": 138, "ymax": 228, "xmax": 297}}], [{"tid": 0, "generated": 0, "bbox": {"xmin": 179, "ymin": 167, "ymax": 251, "xmax": 323}}, {"tid": 1, "generated": 0, "bbox": {"xmin": 261, "ymin": 141, "ymax": 231, "xmax": 301}}], [], [], [], [], [], [], [], [], [], [], [], [], [], [], [], [], [], [], [], [], [], [], [], [], [], [], [], [], [], [], [{"tid": 0, "generated": 0, "bbox": {"xmin": 217, "ymin": 179, "ymax": 266, "xmax": 325}}, {"tid": 1, "generated": 0, "bbox": {"xmin": 271, "ymin": 146, "ymax": 224, "xmax": 312}}], [{"tid": 0, "generated": 0, "bbox": {"xmin": 214, "ymin": 175, "ymax": 267, "xmax": 327}}, {"tid": 1, "generated": 0, "bbox": {"xmin": 270, "ymin": 142, "ymax": 224, "xmax": 312}}], [{"tid": 0, "generated": 0, "bbox": {"xmin": 208, "ymin": 174, "ymax": 266, "xmax": 324}}, {"tid": 1, "generated": 0, "bbox": {"xmin": 270, "ymin": 139, "ymax": 224, "xmax": 312}}], [{"tid": 0, "generated": 0, "bbox": {"xmin": 204, "ymin": 168, "ymax": 265, "xmax": 327}}, {"tid": 1, "generated": 0, "bbox": {"xmin": 269, "ymin": 135, "ymax": 223, "xmax": 311}}], [{"tid": 0, "generated": 0, "bbox": {"xmin": 201, "ymin": 162, "ymax": 264, "xmax": 329}}, {"tid": 1, "generated": 0, "bbox": {"xmin": 269, "ymin": 132, "ymax": 223, "xmax": 311}}], [{"tid": 0, "generated": 0, "bbox": {"xmin": 197, "ymin": 160, "ymax": 268, "xmax": 330}}, {"tid": 1, "generated": 0, "bbox": {"xmin": 268, "ymin": 128, "ymax": 223, "xmax": 311}}], [{"tid": 0, "generated": 0, "bbox": {"xmin": 196, "ymin": 158, "ymax": 266, "xmax": 331}}, {"tid": 1, "generated": 0, "bbox": {"xmin": 266, "ymin": 124, "ymax": 223, "xmax": 311}}], [{"tid": 0, "generated": 0, "bbox": {"xmin": 191, "ymin": 157, "ymax": 268, "xmax": 332}}, {"tid": 1, "generated": 0, "bbox": {"xmin": 264, "ymin": 121, "ymax": 223, "xmax": 311}}], [{"tid": 0, "generated": 0, "bbox": {"xmin": 183, "ymin": 156, "ymax": 271, "xmax": 330}}, {"tid": 1, "generated": 0, "bbox": {"xmin": 262, "ymin": 117, "ymax": 223, "xmax": 311}}], [{"tid": 0, "generated": 0, "bbox": {"xmin": 177, "ymin": 156, "ymax": 270, "xmax": 332}}, {"tid": 1, "generated": 0, "bbox": {"xmin": 260, "ymin": 114, "ymax": 223, "xmax": 311}}], [{"tid": 0, "generated": 0, "bbox": {"xmin": 171, "ymin": 155, "ymax": 272, "xmax": 335}}, {"tid": 1, "generated": 0, "bbox": {"xmin": 258, "ymin": 110, "ymax": 223, "xmax": 311}}], [{"tid": 0, "generated": 0, "bbox": {"xmin": 168, "ymin": 156, "ymax": 274, "xmax": 337}}, {"tid": 1, "generated": 0, "bbox": {"xmin": 257, "ymin": 108, "ymax": 223, "xmax": 311}}], [{"tid": 0, "generated": 0, "bbox": {"xmin": 166, "ymin": 156, "ymax": 276, "xmax": 338}}, {"tid": 1, "generated": 0, "bbox": {"xmin": 256, "ymin": 107, "ymax": 223, "xmax": 311}}], [{"tid": 0, "generated": 0, "bbox": {"xmin": 165, "ymin": 156, "ymax": 278, "xmax": 339}}, {"tid": 1, "generated": 0, "bbox": {"xmin": 255, "ymin": 105, "ymax": 223, "xmax": 311}}], [{"tid": 0, "generated": 0, "bbox": {"xmin": 167, "ymin": 155, "ymax": 282, "xmax": 340}}, {"tid": 1, "generated": 0, "bbox": {"xmin": 254, "ymin": 104, "ymax": 223, "xmax": 311}}], [{"tid": 0, "generated": 0, "bbox": {"xmin": 171, "ymin": 156, "ymax": 284, "xmax": 339}}, {"tid": 1, "generated": 0, "bbox": {"xmin": 253, "ymin": 102, "ymax": 223, "xmax": 311}}], [{"tid": 0, "generated": 0, "bbox": {"xmin": 180, "ymin": 152, "ymax": 280, "xmax": 338}}, {"tid": 1, "generated": 0, "bbox": {"xmin": 253, "ymin": 104, "ymax": 223, "xmax": 310}}], [{"tid": 0, "generated": 0, "bbox": {"xmin": 186, "ymin": 150, "ymax": 280, "xmax": 335}}, {"tid": 1, "generated": 0, "bbox": {"xmin": 253, "ymin": 105, "ymax": 223, "xmax": 309}}], [{"tid": 0, "generated": 0, "bbox": {"xmin": 185, "ymin": 150, "ymax": 282, "xmax": 334}}, {"tid": 1, "generated": 0, "bbox": {"xmin": 253, "ymin": 107, "ymax": 223, "xmax": 308}}], [{"tid": 0, "generated": 0, "bbox": {"xmin": 187, "ymin": 144, "ymax": 282, "xmax": 328}}, {"tid": 1, "generated": 0, "bbox": {"xmin": 253, "ymin": 108, "ymax": 223, "xmax": 307}}], [{"tid": 0, "generated": 0, "bbox": {"xmin": 188, "ymin": 147, "ymax": 284, "xmax": 328}}, {"tid": 1, "generated": 0, "bbox": {"xmin": 253, "ymin": 110, "ymax": 223, "xmax": 306}}], [{"tid": 0, "generated": 0, "bbox": {"xmin": 190, "ymin": 152, "ymax": 294, "xmax": 330}}, {"tid": 1, "generated": 0, "bbox": {"xmin": 255, "ymin": 113, "ymax": 226, "xmax": 309}}], [{"tid": 0, "generated": 0, "bbox": {"xmin": 197, "ymin": 158, "ymax": 300, "xmax": 332}}, {"tid": 1, "generated": 0, "bbox": {"xmin": 257, "ymin": 116, "ymax": 229, "xmax": 311}}], [{"tid": 0, "generated": 0, "bbox": {"xmin": 200, "ymin": 162, "ymax": 304, "xmax": 338}}, {"tid": 1, "generated": 0, "bbox": {"xmin": 258, "ymin": 118, "ymax": 231, "xmax": 314}}], [{"tid": 0, "generated": 0, "bbox": {"xmin": 200, "ymin": 161, "ymax": 304, "xmax": 336}}, {"tid": 1, "generated": 0, "bbox": {"xmin": 260, "ymin": 121, "ymax": 234, "xmax": 316}}], [{"tid": 0, "generated": 0, "bbox": {"xmin": 206, "ymin": 166, "ymax": 304, "xmax": 343}}, {"tid": 1, "generated": 0, "bbox": {"xmin": 262, "ymin": 124, "ymax": 237, "xmax": 319}}], [{"tid": 0, "generated": 0, "bbox": {"xmin": 216, "ymin": 170, "ymax": 302, "xmax": 347}}, {"tid": 1, "generated": 0, "bbox": {"xmin": 264, "ymin": 124, "ymax": 237, "xmax": 320}}], [{"tid": 0, "generated": 0, "bbox": {"xmin": 217, "ymin": 171, "ymax": 298, "xmax": 347}}, {"tid": 1, "generated": 0, "bbox": {"xmin": 266, "ymin": 123, "ymax": 236, "xmax": 321}}], [{"tid": 0, "generated": 0, "bbox": {"xmin": 211, "ymin": 170, "ymax": 294, "xmax": 348}}, {"tid": 1, "generated": 0, "bbox": {"xmin": 269, "ymin": 123, "ymax": 236, "xmax": 322}}], [{"tid": 0, "generated": 0, "bbox": {"xmin": 202, "ymin": 162, "ymax": 282, "xmax": 349}}, {"tid": 1, "generated": 0, "bbox": {"xmin": 271, "ymin": 122, "ymax": 235, "xmax": 323}}]], "subject/objects": [{"category": "horse", "tid": 0}, {"category": "person", "tid": 1}], "relation_instances": [{"end_fid": 30, "subject_tid": 0, "predicate": "run_beneath", "begin_fid": 0, "object_tid": 1}, {"end_fid": 30, "subject_tid": 1, "predicate": "above", "begin_fid": 0, "object_tid": 0}, {"end_fid": 30, "subject_tid": 1, "predicate": "ride", "begin_fid": 0, "object_tid": 0}, {"end_fid": 45, "subject_tid": 0, "predicate": "jump_beneath", "begin_fid": 15, "object_tid": 1}, {"end_fid": 45, "subject_tid": 1, "predicate": "above", "begin_fid": 15, "object_tid": 0}, {"end_fid": 45, "subject_tid": 1, "predicate": "ride", "begin_fid": 15, "object_tid": 0}, {"end_fid": 105, "subject_tid": 0, "predicate": "run_beneath", "begin_fid": 75, "object_tid": 1}, {"end_fid": 105, "subject_tid": 1, "predicate": "above", "begin_fid": 75, "object_tid": 0}, {"end_fid": 105, "subject_tid": 1, "predicate": "ride", "begin_fid": 75, "object_tid": 0}], "height": 360}