{"width": 480, "frame_count": 551, "video_id": "ILSVRC2015_train_00210003", "fps": 29, "trajectories": [[], [], [], [], [], [], [], [], [], [], [], [], [], [], [], [], [], [], [], [], [], [], [], [], [], [], [], [], [], [], [], [], [], [], [], [], [], [], [], [], [], [], [], [], [], [], [], [], [], [], [], [], [], [], [], [], [], [], [], [], [], [], [], [], [], [], [], [], [], [], [], [], [], [], [], [{"tid": 0, "generated": 0, "bbox": {"xmin": 0, "ymin": 0, "ymax": 302, "xmax": 479}}, {"tid": 1, "generated": 0, "bbox": {"xmin": 156, "ymin": 191, "ymax": 253, "xmax": 208}}, {"tid": 2, "generated": 0, "bbox": {"xmin": 204, "ymin": 207, "ymax": 242, "xmax": 253}}], [{"tid": 0, "generated": 0, "bbox": {"xmin": 0, "ymin": 0, "ymax": 302, "xmax": 479}}, {"tid": 1, "generated": 0, "bbox": {"xmin": 156, "ymin": 191, "ymax": 253, "xmax": 208}}, {"tid": 2, "generated": 0, "bbox": {"xmin": 204, "ymin": 207, "ymax": 242, "xmax": 253}}], [{"tid": 0, "generated": 0, "bbox": {"xmin": 0, "ymin": 0, "ymax": 302, "xmax": 479}}, {"tid": 1, "generated": 0, "bbox": {"xmin": 156, "ymin": 191, "ymax": 253, "xmax": 208}}, {"tid": 2, "generated": 0, "bbox": {"xmin": 204, "ymin": 207, "ymax": 242, "xmax": 252}}], [{"tid": 0, "generated": 0, "bbox": {"xmin": 0, "ymin": 0, "ymax": 302, "xmax": 479}}, {"tid": 1, "generated": 0, "bbox": {"xmin": 156, "ymin": 191, "ymax": 253, "xmax": 208}}, {"tid": 2, "generated": 0, "bbox": {"xmin": 204, "ymin": 207, "ymax": 242, "xmax": 252}}], [{"tid": 0, "generated": 0, "bbox": {"xmin": 0, "ymin": 0, "ymax": 302, "xmax": 479}}, {"tid": 1, "generated": 0, "bbox": {"xmin": 156, "ymin": 191, "ymax": 253, "xmax": 208}}, {"tid": 2, "generated": 0, "bbox": {"xmin": 204, "ymin": 207, "ymax": 242, "xmax": 252}}], [{"tid": 0, "generated": 0, "bbox": {"xmin": 0, "ymin": 0, "ymax": 302, "xmax": 479}}, {"tid": 1, "generated": 0, "bbox": {"xmin": 156, "ymin": 191, "ymax": 253, "xmax": 208}}, {"tid": 2, "generated": 0, "bbox": {"xmin": 204, "ymin": 207, "ymax": 242, "xmax": 251}}], [{"tid": 0, "generated": 0, "bbox": {"xmin": 0, "ymin": 0, "ymax": 302, "xmax": 479}}, {"tid": 1, "generated": 0, "bbox": {"xmin": 156, "ymin": 191, "ymax": 253, "xmax": 208}}, {"tid": 2, "generated": 0, "bbox": {"xmin": 204, "ymin": 208, "ymax": 242, "xmax": 251}}], [{"tid": 0, "generated": 0, "bbox": {"xmin": 0, "ymin": 0, "ymax": 302, "xmax": 479}}, {"tid": 1, "generated": 0, "bbox": {"xmin": 156, "ymin": 191, "ymax": 253, "xmax": 208}}, {"tid": 2, "generated": 0, "bbox": {"xmin": 204, "ymin": 208, "ymax": 242, "xmax": 251}}], [{"tid": 0, "generated": 0, "bbox": {"xmin": 0, "ymin": 0, "ymax": 302, "xmax": 479}}, {"tid": 1, "generated": 0, "bbox": {"xmin": 156, "ymin": 191, "ymax": 253, "xmax": 208}}, {"tid": 2, "generated": 0, "bbox": {"xmin": 204, "ymin": 208, "ymax": 242, "xmax": 250}}], [{"tid": 0, "generated": 0, "bbox": {"xmin": 0, "ymin": 0, "ymax": 302, "xmax": 479}}, {"tid": 1, "generated": 0, "bbox": {"xmin": 156, "ymin": 191, "ymax": 253, "xmax": 208}}, {"tid": 2, "generated": 0, "bbox": {"xmin": 204, "ymin": 208, "ymax": 242, "xmax": 250}}], [{"tid": 0, "generated": 0, "bbox": {"xmin": 0, "ymin": 0, "ymax": 302, "xmax": 479}}, {"tid": 1, "generated": 0, "bbox": {"xmin": 156, "ymin": 191, "ymax": 253, "xmax": 208}}, {"tid": 2, "generated": 0, "bbox": {"xmin": 204, "ymin": 208, "ymax": 242, "xmax": 250}}], [{"tid": 0, "generated": 0, "bbox": {"xmin": 0, "ymin": 0, "ymax": 302, "xmax": 479}}, {"tid": 1, "generated": 0, "bbox": {"xmin": 156, "ymin": 191, "ymax": 253, "xmax": 208}}, {"tid": 2, "generated": 0, "bbox": {"xmin": 204, "ymin": 208, "ymax": 242, "xmax": 249}}], [{"tid": 0, "generated": 0, "bbox": {"xmin": 0, "ymin": 0, "ymax": 302, "xmax": 479}}, {"tid": 1, "generated": 0, "bbox": {"xmin": 156, "ymin": 191, "ymax": 253, "xmax": 208}}, {"tid": 2, "generated": 0, "bbox": {"xmin": 204, "ymin": 208, "ymax": 242, "xmax": 249}}], [{"tid": 0, "generated": 0, "bbox": {"xmin": 0, "ymin": 0, "ymax": 302, "xmax": 479}}, {"tid": 1, "generated": 0, "bbox": {"xmin": 156, "ymin": 191, "ymax": 253, "xmax": 208}}, {"tid": 2, "generated": 0, "bbox": {"xmin": 204, "ymin": 209, "ymax": 242, "xmax": 249}}], [{"tid": 0, "generated": 0, "bbox": {"xmin": 0, "ymin": 0, "ymax": 302, "xmax": 479}}, {"tid": 1, "generated": 0, "bbox": {"xmin": 156, "ymin": 191, "ymax": 253, "xmax": 208}}, {"tid": 2, "generated": 0, "bbox": {"xmin": 204, "ymin": 208, "ymax": 242, "xmax": 249}}], [{"tid": 0, "generated": 0, "bbox": {"xmin": 0, "ymin": 0, "ymax": 302, "xmax": 479}}, {"tid": 1, "generated": 0, "bbox": {"xmin": 156, "ymin": 191, "ymax": 253, "xmax": 208}}, {"tid": 2, "generated": 0, "bbox": {"xmin": 204, "ymin": 208, "ymax": 242, "xmax": 249}}], [{"tid": 0, "generated": 0, "bbox": {"xmin": 0, "ymin": 0, "ymax": 302, "xmax": 479}}, {"tid": 1, "generated": 0, "bbox": {"xmin": 156, "ymin": 191, "ymax": 253, "xmax": 208}}, {"tid": 2, "generated": 0, "bbox": {"xmin": 204, "ymin": 208, "ymax": 242, "xmax": 249}}], [{"tid": 0, "generated": 0, "bbox": {"xmin": 0, "ymin": 0, "ymax": 302, "xmax": 479}}, {"tid": 1, "generated": 0, "bbox": {"xmin": 156, "ymin": 191, "ymax": 253, "xmax": 208}}, {"tid": 2, "generated": 0, "bbox": {"xmin": 204, "ymin": 208, "ymax": 242, "xmax": 249}}], [{"tid": 0, "generated": 0, "bbox": {"xmin": 0, "ymin": 0, "ymax": 302, "xmax": 479}}, {"tid": 1, "generated": 0, "bbox": {"xmin": 156, "ymin": 191, "ymax": 253, "xmax": 208}}, {"tid": 2, "generated": 0, "bbox": {"xmin": 204, "ymin": 208, "ymax": 242, "xmax": 249}}], [{"tid": 0, "generated": 0, "bbox": {"xmin": 0, "ymin": 0, "ymax": 302, "xmax": 479}}, {"tid": 1, "generated": 0, "bbox": {"xmin": 156, "ymin": 191, "ymax": 253, "xmax": 208}}, {"tid": 2, "generated": 0, "bbox": {"xmin": 204, "ymin": 208, "ymax": 242, "xmax": 250}}], [{"tid": 0, "generated": 0, "bbox": {"xmin": 0, "ymin": 0, "ymax": 302, "xmax": 479}}, {"tid": 1, "generated": 0, "bbox": {"xmin": 156, "ymin": 191, "ymax": 253, "xmax": 208}}, {"tid": 2, "generated": 0, "bbox": {"xmin": 204, "ymin": 208, "ymax": 241, "xmax": 252}}], [{"tid": 0, "generated": 0, "bbox": {"xmin": 0, "ymin": 0, "ymax": 302, "xmax": 479}}, {"tid": 1, "generated": 0, "bbox": {"xmin": 156, "ymin": 191, "ymax": 253, "xmax": 208}}, {"tid": 2, "generated": 0, "bbox": {"xmin": 204, "ymin": 208, "ymax": 240, "xmax": 254}}], [{"tid": 0, "generated": 0, "bbox": {"xmin": 0, "ymin": 0, "ymax": 302, "xmax": 479}}, {"tid": 1, "generated": 0, "bbox": {"xmin": 156, "ymin": 191, "ymax": 253, "xmax": 208}}, {"tid": 2, "generated": 0, "bbox": {"xmin": 204, "ymin": 208, "ymax": 240, "xmax": 253}}], [{"tid": 0, "generated": 0, "bbox": {"xmin": 0, "ymin": 0, "ymax": 302, "xmax": 479}}, {"tid": 1, "generated": 0, "bbox": {"xmin": 156, "ymin": 191, "ymax": 253, "xmax": 208}}, {"tid": 2, "generated": 0, "bbox": {"xmin": 204, "ymin": 208, "ymax": 241, "xmax": 252}}], [{"tid": 0, "generated": 0, "bbox": {"xmin": 0, "ymin": 0, "ymax": 302, "xmax": 479}}, {"tid": 1, "generated": 0, "bbox": {"xmin": 156, "ymin": 191, "ymax": 253, "xmax": 208}}, {"tid": 2, "generated": 0, "bbox": {"xmin": 204, "ymin": 208, "ymax": 242, "xmax": 251}}], [{"tid": 0, "generated": 0, "bbox": {"xmin": 0, "ymin": 0, "ymax": 302, "xmax": 479}}, {"tid": 1, "generated": 0, "bbox": {"xmin": 156, "ymin": 191, "ymax": 253, "xmax": 208}}, {"tid": 2, "generated": 0, "bbox": {"xmin": 204, "ymin": 207, "ymax": 242, "xmax": 255}}], [{"tid": 0, "generated": 0, "bbox": {"xmin": 0, "ymin": 0, "ymax": 302, "xmax": 479}}, {"tid": 1, "generated": 0, "bbox": {"xmin": 156, "ymin": 191, "ymax": 253, "xmax": 208}}, {"tid": 2, "generated": 0, "bbox": {"xmin": 204, "ymin": 208, "ymax": 242, "xmax": 252}}], [{"tid": 0, "generated": 0, "bbox": {"xmin": 0, "ymin": 0, "ymax": 302, "xmax": 479}}, {"tid": 1, "generated": 0, "bbox": {"xmin": 156, "ymin": 191, "ymax": 253, "xmax": 208}}, {"tid": 2, "generated": 0, "bbox": {"xmin": 204, "ymin": 210, "ymax": 242, "xmax": 250}}], [{"tid": 0, "generated": 0, "bbox": {"xmin": 0, "ymin": 0, "ymax": 302, "xmax": 479}}, {"tid": 1, "generated": 0, "bbox": {"xmin": 156, "ymin": 191, "ymax": 253, "xmax": 208}}, {"tid": 2, "generated": 0, "bbox": {"xmin": 204, "ymin": 210, "ymax": 242, "xmax": 250}}], [{"tid": 0, "generated": 0, "bbox": {"xmin": 0, "ymin": 0, "ymax": 302, "xmax": 479}}, {"tid": 1, "generated": 0, "bbox": {"xmin": 156, "ymin": 191, "ymax": 253, "xmax": 208}}, {"tid": 2, "generated": 0, "bbox": {"xmin": 204, "ymin": 211, "ymax": 242, "xmax": 250}}]], "subject/objects": [{"category": "car", "tid": 0}, {"category": "rabbit", "tid": 1}, {"category": "rabbit", "tid": 2}], "relation_instances": [{"end_fid": 105, "subject_tid": 0, "predicate": "stop_above", "begin_fid": 75, "object_tid": 1}, {"end_fid": 105, "subject_tid": 0, "predicate": "taller", "begin_fid": 75, "object_tid": 1}, {"end_fid": 105, "subject_tid": 0, "predicate": "larger", "begin_fid": 75, "object_tid": 1}, {"end_fid": 105, "subject_tid": 1, "predicate": "sit_beneath", "begin_fid": 75, "object_tid": 0}, {"end_fid": 105, "subject_tid": 0, "predicate": "stop_above", "begin_fid": 75, "object_tid": 2}, {"end_fid": 105, "subject_tid": 0, "predicate": "taller", "begin_fid": 75, "object_tid": 2}, {"end_fid": 105, "subject_tid": 0, "predicate": "larger", "begin_fid": 75, "object_tid": 2}, {"end_fid": 105, "subject_tid": 2, "predicate": "lie_beneath", "begin_fid": 75, "object_tid": 0}, {"end_fid": 105, "subject_tid": 1, "predicate": "sit_front", "begin_fid": 75, "object_tid": 2}, {"end_fid": 105, "subject_tid": 1, "predicate": "sit_left", "begin_fid": 75, "object_tid": 2}, {"end_fid": 105, "subject_tid": 2, "predicate": "lie_right", "begin_fid": 75, "object_tid": 1}, {"end_fid": 105, "subject_tid": 2, "predicate": "lie_behind", "begin_fid": 75, "object_tid": 1}], "height": 360}