{"width": 1280, "frame_count": 243, "video_id": "ILSVRC2015_train_00143003", "fps": 29, "trajectories": [[{"tid": 0, "generated": 0, "bbox": {"xmin": 808, "ymin": 241, "ymax": 522, "xmax": 1011}}, {"tid": 1, "generated": 0, "bbox": {"xmin": 152, "ymin": 490, "ymax": 718, "xmax": 236}}], [{"tid": 0, "generated": 0, "bbox": {"xmin": 812, "ymin": 241, "ymax": 513, "xmax": 1013}}, {"tid": 1, "generated": 0, "bbox": {"xmin": 149, "ymin": 481, "ymax": 714, "xmax": 232}}], [{"tid": 0, "generated": 0, "bbox": {"xmin": 805, "ymin": 243, "ymax": 515, "xmax": 1004}}, {"tid": 1, "generated": 0, "bbox": {"xmin": 151, "ymin": 488, "ymax": 716, "xmax": 238}}], [{"tid": 0, "generated": 0, "bbox": {"xmin": 807, "ymin": 241, "ymax": 504, "xmax": 1008}}, {"tid": 1, "generated": 0, "bbox": {"xmin": 149, "ymin": 485, "ymax": 716, "xmax": 238}}], [{"tid": 0, "generated": 0, "bbox": {"xmin": 812, "ymin": 245, "ymax": 510, "xmax": 1008}}, {"tid": 1, "generated": 0, "bbox": {"xmin": 142, "ymin": 488, "ymax": 718, "xmax": 232}}], [{"tid": 0, "generated": 0, "bbox": {"xmin": 794, "ymin": 234, "ymax": 517, "xmax": 997}}, {"tid": 1, "generated": 0, "bbox": {"xmin": 144, "ymin": 480, "ymax": 714, "xmax": 236}}], [{"tid": 0, "generated": 0, "bbox": {"xmin": 800, "ymin": 220, "ymax": 520, "xmax": 1011}}, {"tid": 1, "generated": 0, "bbox": {"xmin": 145, "ymin": 478, "ymax": 716, "xmax": 240}}], [{"tid": 0, "generated": 0, "bbox": {"xmin": 807, "ymin": 208, "ymax": 510, "xmax": 1020}}, {"tid": 1, "generated": 0, "bbox": {"xmin": 145, "ymin": 467, "ymax": 711, "xmax": 241}}], [{"tid": 0, "generated": 0, "bbox": {"xmin": 819, "ymin": 190, "ymax": 488, "xmax": 1027}}, {"tid": 1, "generated": 0, "bbox": {"xmin": 145, "ymin": 453, "ymax": 718, "xmax": 240}}], [{"tid": 0, "generated": 0, "bbox": {"xmin": 842, "ymin": 179, "ymax": 465, "xmax": 1040}}, {"tid": 1, "generated": 0, "bbox": {"xmin": 147, "ymin": 442, "ymax": 712, "xmax": 240}}], [{"tid": 0, "generated": 0, "bbox": {"xmin": 851, "ymin": 176, "ymax": 456, "xmax": 1054}}, {"tid": 1, "generated": 0, "bbox": {"xmin": 151, "ymin": 433, "ymax": 695, "xmax": 250}}], [{"tid": 0, "generated": 0, "bbox": {"xmin": 856, "ymin": 168, "ymax": 449, "xmax": 1059}}, {"tid": 1, "generated": 0, "bbox": {"xmin": 149, "ymin": 426, "ymax": 688, "xmax": 248}}], [{"tid": 0, "generated": 0, "bbox": {"xmin": 860, "ymin": 168, "ymax": 449, "xmax": 1063}}, {"tid": 1, "generated": 0, "bbox": {"xmin": 158, "ymin": 412, "ymax": 641, "xmax": 256}}], [{"tid": 0, "generated": 0, "bbox": {"xmin": 864, "ymin": 160, "ymax": 439, "xmax": 1077}}, {"tid": 1, "generated": 0, "bbox": {"xmin": 156, "ymin": 401, "ymax": 634, "xmax": 254}}], [{"tid": 0, "generated": 0, "bbox": {"xmin": 864, "ymin": 160, "ymax": 439, "xmax": 1080}}, {"tid": 1, "generated": 0, "bbox": {"xmin": 154, "ymin": 382, "ymax": 620, "xmax": 252}}], [{"tid": 0, "generated": 0, "bbox": {"xmin": 862, "ymin": 158, "ymax": 439, "xmax": 1077}}, {"tid": 1, "generated": 0, "bbox": {"xmin": 158, "ymin": 380, "ymax": 632, "xmax": 254}}], [{"tid": 0, "generated": 0, "bbox": {"xmin": 862, "ymin": 156, "ymax": 435, "xmax": 1072}}, {"tid": 1, "generated": 0, "bbox": {"xmin": 152, "ymin": 375, "ymax": 636, "xmax": 248}}], [{"tid": 0, "generated": 0, "bbox": {"xmin": 862, "ymin": 158, "ymax": 439, "xmax": 1077}}, {"tid": 1, "generated": 0, "bbox": {"xmin": 152, "ymin": 375, "ymax": 631, "xmax": 250}}], [{"tid": 0, "generated": 0, "bbox": {"xmin": 862, "ymin": 156, "ymax": 437, "xmax": 1077}}, {"tid": 1, "generated": 0, "bbox": {"xmin": 151, "ymin": 373, "ymax": 631, "xmax": 248}}], [{"tid": 0, "generated": 0, "bbox": {"xmin": 865, "ymin": 160, "ymax": 439, "xmax": 1077}}, {"tid": 1, "generated": 0, "bbox": {"xmin": 149, "ymin": 371, "ymax": 631, "xmax": 247}}], [{"tid": 0, "generated": 0, "bbox": {"xmin": 865, "ymin": 161, "ymax": 440, "xmax": 1077}}, {"tid": 1, "generated": 0, "bbox": {"xmin": 151, "ymin": 369, "ymax": 629, "xmax": 240}}], [{"tid": 0, "generated": 0, "bbox": {"xmin": 862, "ymin": 163, "ymax": 432, "xmax": 1073}}, {"tid": 1, "generated": 0, "bbox": {"xmin": 152, "ymin": 371, "ymax": 629, "xmax": 241}}], [{"tid": 0, "generated": 0, "bbox": {"xmin": 860, "ymin": 160, "ymax": 430, "xmax": 1068}}, {"tid": 1, "generated": 0, "bbox": {"xmin": 151, "ymin": 373, "ymax": 629, "xmax": 240}}], [{"tid": 0, "generated": 0, "bbox": {"xmin": 856, "ymin": 163, "ymax": 433, "xmax": 1064}}, {"tid": 1, "generated": 0, "bbox": {"xmin": 147, "ymin": 369, "ymax": 624, "xmax": 238}}], [{"tid": 0, "generated": 0, "bbox": {"xmin": 853, "ymin": 181, "ymax": 435, "xmax": 1059}}, {"tid": 1, "generated": 0, "bbox": {"xmin": 147, "ymin": 373, "ymax": 624, "xmax": 238}}], [{"tid": 0, "generated": 0, "bbox": {"xmin": 871, "ymin": 181, "ymax": 430, "xmax": 1054}}, {"tid": 1, "generated": 0, "bbox": {"xmin": 145, "ymin": 369, "ymax": 624, "xmax": 236}}], [{"tid": 0, "generated": 0, "bbox": {"xmin": 865, "ymin": 186, "ymax": 403, "xmax": 1054}}, {"tid": 1, "generated": 0, "bbox": {"xmin": 144, "ymin": 373, "ymax": 624, "xmax": 236}}], [{"tid": 0, "generated": 0, "bbox": {"xmin": 848, "ymin": 184, "ymax": 384, "xmax": 1050}}, {"tid": 1, "generated": 0, "bbox": {"xmin": 147, "ymin": 369, "ymax": 615, "xmax": 236}}], [{"tid": 0, "generated": 0, "bbox": {"xmin": 842, "ymin": 195, "ymax": 385, "xmax": 1050}}, {"tid": 1, "generated": 0, "bbox": {"xmin": 144, "ymin": 376, "ymax": 627, "xmax": 238}}], [{"tid": 0, "generated": 0, "bbox": {"xmin": 839, "ymin": 193, "ymax": 373, "xmax": 1047}}, {"tid": 1, "generated": 0, "bbox": {"xmin": 142, "ymin": 380, "ymax": 629, "xmax": 248}}], [], [], [], [], [], [], [], [], [], [], [], [], [], [], [], [], [], [], [], [], [], [], [], [], [], [], [], [], [], [], [], [], [], [], [], [], [], [], [], [], [], [], [], [], [], [], [], [], [], [], [], [], [], [], [], [], [], [], [], [], [], [], [], [], [], [], [], [], [], [], [], [], [], [], [], [], [], [], [], [], [], [], [], [], [], [], [], [], [], [], [], [], [], [], [], [], [], [], [], [], [], [], [], [], [], [{"tid": 0, "generated": 0, "bbox": {"xmin": 152, "ymin": 120, "ymax": 224, "xmax": 336}}, {"tid": 1, "generated": 0, "bbox": {"xmin": 579, "ymin": 348, "ymax": 574, "xmax": 643}}], [{"tid": 0, "generated": 0, "bbox": {"xmin": 151, "ymin": 120, "ymax": 224, "xmax": 330}}, {"tid": 1, "generated": 0, "bbox": {"xmin": 579, "ymin": 348, "ymax": 574, "xmax": 643}}], [{"tid": 0, "generated": 0, "bbox": {"xmin": 163, "ymin": 120, "ymax": 224, "xmax": 336}}, {"tid": 1, "generated": 0, "bbox": {"xmin": 579, "ymin": 348, "ymax": 574, "xmax": 643}}], [{"tid": 0, "generated": 0, "bbox": {"xmin": 154, "ymin": 120, "ymax": 224, "xmax": 336}}, {"tid": 1, "generated": 0, "bbox": {"xmin": 579, "ymin": 348, "ymax": 572, "xmax": 643}}], [{"tid": 0, "generated": 0, "bbox": {"xmin": 145, "ymin": 120, "ymax": 224, "xmax": 336}}, {"tid": 1, "generated": 0, "bbox": {"xmin": 579, "ymin": 348, "ymax": 572, "xmax": 643}}], [{"tid": 0, "generated": 0, "bbox": {"xmin": 158, "ymin": 120, "ymax": 224, "xmax": 336}}, {"tid": 1, "generated": 0, "bbox": {"xmin": 579, "ymin": 348, "ymax": 572, "xmax": 643}}], [{"tid": 0, "generated": 0, "bbox": {"xmin": 156, "ymin": 120, "ymax": 224, "xmax": 334}}, {"tid": 1, "generated": 0, "bbox": {"xmin": 579, "ymin": 348, "ymax": 572, "xmax": 643}}], [{"tid": 0, "generated": 0, "bbox": {"xmin": 151, "ymin": 120, "ymax": 224, "xmax": 330}}, {"tid": 1, "generated": 0, "bbox": {"xmin": 579, "ymin": 348, "ymax": 570, "xmax": 643}}], [{"tid": 0, "generated": 0, "bbox": {"xmin": 149, "ymin": 120, "ymax": 224, "xmax": 328}}, {"tid": 1, "generated": 0, "bbox": {"xmin": 579, "ymin": 348, "ymax": 570, "xmax": 643}}], [{"tid": 0, "generated": 0, "bbox": {"xmin": 152, "ymin": 120, "ymax": 222, "xmax": 337}}, {"tid": 1, "generated": 0, "bbox": {"xmin": 579, "ymin": 348, "ymax": 570, "xmax": 643}}], [{"tid": 0, "generated": 0, "bbox": {"xmin": 151, "ymin": 122, "ymax": 224, "xmax": 330}}, {"tid": 1, "generated": 0, "bbox": {"xmin": 579, "ymin": 348, "ymax": 570, "xmax": 643}}], [{"tid": 0, "generated": 0, "bbox": {"xmin": 156, "ymin": 122, "ymax": 224, "xmax": 334}}, {"tid": 1, "generated": 0, "bbox": {"xmin": 579, "ymin": 348, "ymax": 568, "xmax": 643}}], [{"tid": 0, "generated": 0, "bbox": {"xmin": 156, "ymin": 120, "ymax": 216, "xmax": 332}}, {"tid": 1, "generated": 0, "bbox": {"xmin": 579, "ymin": 348, "ymax": 568, "xmax": 643}}], [{"tid": 0, "generated": 0, "bbox": {"xmin": 149, "ymin": 122, "ymax": 224, "xmax": 328}}, {"tid": 1, "generated": 0, "bbox": {"xmin": 579, "ymin": 348, "ymax": 568, "xmax": 643}}], [{"tid": 0, "generated": 0, "bbox": {"xmin": 151, "ymin": 122, "ymax": 224, "xmax": 330}}, {"tid": 1, "generated": 0, "bbox": {"xmin": 579, "ymin": 348, "ymax": 568, "xmax": 643}}], [{"tid": 0, "generated": 0, "bbox": {"xmin": 154, "ymin": 122, "ymax": 224, "xmax": 334}}, {"tid": 1, "generated": 0, "bbox": {"xmin": 579, "ymin": 348, "ymax": 567, "xmax": 643}}], [{"tid": 0, "generated": 0, "bbox": {"xmin": 151, "ymin": 122, "ymax": 216, "xmax": 330}}, {"tid": 1, "generated": 0, "bbox": {"xmin": 579, "ymin": 348, "ymax": 567, "xmax": 643}}], [{"tid": 0, "generated": 0, "bbox": {"xmin": 156, "ymin": 122, "ymax": 216, "xmax": 348}}, {"tid": 1, "generated": 0, "bbox": {"xmin": 579, "ymin": 348, "ymax": 567, "xmax": 643}}], [{"tid": 0, "generated": 0, "bbox": {"xmin": 156, "ymin": 122, "ymax": 216, "xmax": 337}}, {"tid": 1, "generated": 0, "bbox": {"xmin": 579, "ymin": 348, "ymax": 567, "xmax": 643}}], [{"tid": 0, "generated": 0, "bbox": {"xmin": 152, "ymin": 120, "ymax": 222, "xmax": 334}}, {"tid": 1, "generated": 0, "bbox": {"xmin": 579, "ymin": 348, "ymax": 565, "xmax": 643}}], [{"tid": 0, "generated": 0, "bbox": {"xmin": 152, "ymin": 120, "ymax": 222, "xmax": 330}}, {"tid": 1, "generated": 0, "bbox": {"xmin": 579, "ymin": 348, "ymax": 565, "xmax": 643}}], [{"tid": 0, "generated": 0, "bbox": {"xmin": 147, "ymin": 122, "ymax": 225, "xmax": 343}}, {"tid": 1, "generated": 0, "bbox": {"xmin": 579, "ymin": 348, "ymax": 565, "xmax": 643}}], [{"tid": 0, "generated": 0, "bbox": {"xmin": 152, "ymin": 138, "ymax": 252, "xmax": 334}}, {"tid": 1, "generated": 0, "bbox": {"xmin": 579, "ymin": 348, "ymax": 563, "xmax": 643}}], [{"tid": 0, "generated": 0, "bbox": {"xmin": 158, "ymin": 129, "ymax": 238, "xmax": 295}}, {"tid": 1, "generated": 0, "bbox": {"xmin": 579, "ymin": 348, "ymax": 563, "xmax": 643}}], [{"tid": 0, "generated": 0, "bbox": {"xmin": 158, "ymin": 128, "ymax": 232, "xmax": 296}}, {"tid": 1, "generated": 0, "bbox": {"xmin": 579, "ymin": 348, "ymax": 563, "xmax": 643}}], [{"tid": 0, "generated": 0, "bbox": {"xmin": 160, "ymin": 128, "ymax": 229, "xmax": 300}}, {"tid": 1, "generated": 0, "bbox": {"xmin": 579, "ymin": 348, "ymax": 563, "xmax": 643}}], [{"tid": 0, "generated": 0, "bbox": {"xmin": 161, "ymin": 126, "ymax": 227, "xmax": 300}}, {"tid": 1, "generated": 0, "bbox": {"xmin": 579, "ymin": 348, "ymax": 561, "xmax": 643}}], [{"tid": 0, "generated": 0, "bbox": {"xmin": 165, "ymin": 126, "ymax": 227, "xmax": 295}}, {"tid": 1, "generated": 0, "bbox": {"xmin": 579, "ymin": 348, "ymax": 561, "xmax": 643}}], [{"tid": 0, "generated": 0, "bbox": {"xmin": 163, "ymin": 124, "ymax": 225, "xmax": 300}}, {"tid": 1, "generated": 0, "bbox": {"xmin": 579, "ymin": 348, "ymax": 561, "xmax": 643}}], [{"tid": 0, "generated": 0, "bbox": {"xmin": 170, "ymin": 124, "ymax": 225, "xmax": 302}}, {"tid": 1, "generated": 0, "bbox": {"xmin": 579, "ymin": 348, "ymax": 561, "xmax": 643}}], [], [], [], [], [], [], [], [], [], [], [], [], [], [], [], [], [], [], [], [], [], [], [], [], [], [], [], [], [], [], [{"tid": 0, "generated": 0, "bbox": {"xmin": 232, "ymin": 117, "ymax": 248, "xmax": 355}}, {"tid": 1, "generated": 0, "bbox": {"xmin": 581, "ymin": 337, "ymax": 547, "xmax": 643}}], [{"tid": 0, "generated": 0, "bbox": {"xmin": 238, "ymin": 120, "ymax": 243, "xmax": 359}}, {"tid": 1, "generated": 0, "bbox": {"xmin": 574, "ymin": 336, "ymax": 547, "xmax": 648}}], [{"tid": 0, "generated": 0, "bbox": {"xmin": 234, "ymin": 129, "ymax": 238, "xmax": 348}}, {"tid": 1, "generated": 0, "bbox": {"xmin": 574, "ymin": 336, "ymax": 547, "xmax": 648}}], [{"tid": 0, "generated": 0, "bbox": {"xmin": 240, "ymin": 115, "ymax": 232, "xmax": 341}}, {"tid": 1, "generated": 0, "bbox": {"xmin": 574, "ymin": 336, "ymax": 547, "xmax": 648}}], [{"tid": 0, "generated": 0, "bbox": {"xmin": 261, "ymin": 110, "ymax": 238, "xmax": 360}}, {"tid": 1, "generated": 0, "bbox": {"xmin": 576, "ymin": 337, "ymax": 551, "xmax": 640}}], [{"tid": 0, "generated": 0, "bbox": {"xmin": 248, "ymin": 90, "ymax": 238, "xmax": 348}}, {"tid": 1, "generated": 0, "bbox": {"xmin": 577, "ymin": 337, "ymax": 551, "xmax": 640}}], [{"tid": 0, "generated": 0, "bbox": {"xmin": 225, "ymin": 83, "ymax": 224, "xmax": 323}}, {"tid": 1, "generated": 0, "bbox": {"xmin": 577, "ymin": 337, "ymax": 551, "xmax": 640}}], [{"tid": 0, "generated": 0, "bbox": {"xmin": 209, "ymin": 51, "ymax": 184, "xmax": 316}}, {"tid": 1, "generated": 0, "bbox": {"xmin": 576, "ymin": 336, "ymax": 547, "xmax": 648}}], [{"tid": 0, "generated": 0, "bbox": {"xmin": 222, "ymin": 46, "ymax": 172, "xmax": 327}}, {"tid": 1, "generated": 0, "bbox": {"xmin": 577, "ymin": 337, "ymax": 552, "xmax": 640}}], [{"tid": 0, "generated": 0, "bbox": {"xmin": 216, "ymin": 44, "ymax": 167, "xmax": 328}}, {"tid": 1, "generated": 0, "bbox": {"xmin": 576, "ymin": 336, "ymax": 549, "xmax": 648}}], [{"tid": 0, "generated": 0, "bbox": {"xmin": 231, "ymin": 48, "ymax": 163, "xmax": 328}}, {"tid": 1, "generated": 0, "bbox": {"xmin": 576, "ymin": 336, "ymax": 549, "xmax": 648}}], [{"tid": 0, "generated": 0, "bbox": {"xmin": 232, "ymin": 56, "ymax": 165, "xmax": 328}}, {"tid": 1, "generated": 0, "bbox": {"xmin": 576, "ymin": 336, "ymax": 549, "xmax": 648}}], [{"tid": 0, "generated": 0, "bbox": {"xmin": 234, "ymin": 64, "ymax": 167, "xmax": 327}}, {"tid": 1, "generated": 0, "bbox": {"xmin": 576, "ymin": 336, "ymax": 549, "xmax": 647}}], [{"tid": 0, "generated": 0, "bbox": {"xmin": 236, "ymin": 72, "ymax": 168, "xmax": 325}}, {"tid": 1, "generated": 0, "bbox": {"xmin": 576, "ymin": 336, "ymax": 549, "xmax": 648}}], [{"tid": 0, "generated": 0, "bbox": {"xmin": 238, "ymin": 81, "ymax": 170, "xmax": 323}}, {"tid": 1, "generated": 0, "bbox": {"xmin": 576, "ymin": 336, "ymax": 549, "xmax": 648}}], [{"tid": 0, "generated": 0, "bbox": {"xmin": 241, "ymin": 90, "ymax": 172, "xmax": 323}}, {"tid": 1, "generated": 0, "bbox": {"xmin": 577, "ymin": 336, "ymax": 551, "xmax": 648}}], [{"tid": 0, "generated": 0, "bbox": {"xmin": 241, "ymin": 88, "ymax": 170, "xmax": 323}}, {"tid": 1, "generated": 0, "bbox": {"xmin": 583, "ymin": 314, "ymax": 538, "xmax": 647}}], [{"tid": 0, "generated": 0, "bbox": {"xmin": 243, "ymin": 88, "ymax": 170, "xmax": 323}}, {"tid": 1, "generated": 0, "bbox": {"xmin": 586, "ymin": 293, "ymax": 538, "xmax": 652}}], [{"tid": 0, "generated": 0, "bbox": {"xmin": 254, "ymin": 88, "ymax": 168, "xmax": 321}}, {"tid": 1, "generated": 0, "bbox": {"xmin": 584, "ymin": 268, "ymax": 536, "xmax": 657}}], [{"tid": 0, "generated": 0, "bbox": {"xmin": 254, "ymin": 87, "ymax": 167, "xmax": 321}}, {"tid": 1, "generated": 0, "bbox": {"xmin": 579, "ymin": 245, "ymax": 526, "xmax": 691}}], [{"tid": 0, "generated": 0, "bbox": {"xmin": 254, "ymin": 87, "ymax": 167, "xmax": 321}}, {"tid": 1, "generated": 0, "bbox": {"xmin": 595, "ymin": 227, "ymax": 504, "xmax": 704}}], [{"tid": 0, "generated": 0, "bbox": {"xmin": 254, "ymin": 87, "ymax": 167, "xmax": 321}}, {"tid": 1, "generated": 0, "bbox": {"xmin": 599, "ymin": 204, "ymax": 481, "xmax": 721}}], [{"tid": 0, "generated": 0, "bbox": {"xmin": 256, "ymin": 85, "ymax": 165, "xmax": 323}}, {"tid": 1, "generated": 0, "bbox": {"xmin": 602, "ymin": 179, "ymax": 458, "xmax": 723}}], [{"tid": 0, "generated": 0, "bbox": {"xmin": 256, "ymin": 85, "ymax": 165, "xmax": 323}}, {"tid": 1, "generated": 0, "bbox": {"xmin": 609, "ymin": 160, "ymax": 444, "xmax": 714}}], [{"tid": 0, "generated": 0, "bbox": {"xmin": 256, "ymin": 85, "ymax": 165, "xmax": 323}}, {"tid": 1, "generated": 0, "bbox": {"xmin": 615, "ymin": 138, "ymax": 424, "xmax": 711}}], [{"tid": 0, "generated": 0, "bbox": {"xmin": 257, "ymin": 85, "ymax": 165, "xmax": 325}}, {"tid": 1, "generated": 0, "bbox": {"xmin": 620, "ymin": 117, "ymax": 407, "xmax": 709}}], [{"tid": 0, "generated": 0, "bbox": {"xmin": 257, "ymin": 83, "ymax": 163, "xmax": 325}}, {"tid": 1, "generated": 0, "bbox": {"xmin": 599, "ymin": 88, "ymax": 375, "xmax": 707}}], [{"tid": 0, "generated": 0, "bbox": {"xmin": 259, "ymin": 83, "ymax": 163, "xmax": 325}}, {"tid": 1, "generated": 0, "bbox": {"xmin": 552, "ymin": 80, "ymax": 364, "xmax": 677}}], [{"tid": 0, "generated": 0, "bbox": {"xmin": 259, "ymin": 83, "ymax": 163, "xmax": 327}}, {"tid": 1, "generated": 0, "bbox": {"xmin": 533, "ymin": 69, "ymax": 352, "xmax": 659}}], [{"tid": 0, "generated": 0, "bbox": {"xmin": 261, "ymin": 83, "ymax": 161, "xmax": 327}}, {"tid": 1, "generated": 0, "bbox": {"xmin": 512, "ymin": 56, "ymax": 360, "xmax": 640}}], [{"tid": 0, "generated": 0, "bbox": {"xmin": 261, "ymin": 83, "ymax": 161, "xmax": 328}}, {"tid": 1, "generated": 0, "bbox": {"xmin": 501, "ymin": 56, "ymax": 359, "xmax": 631}}], [{"tid": 0, "generated": 0, "bbox": {"xmin": 263, "ymin": 83, "ymax": 161, "xmax": 328}}, {"tid": 1, "generated": 0, "bbox": {"xmin": 517, "ymin": 60, "ymax": 353, "xmax": 613}}], [{"tid": 0, "generated": 0, "bbox": {"xmin": 263, "ymin": 83, "ymax": 160, "xmax": 328}}, {"tid": 1, "generated": 0, "bbox": {"xmin": 488, "ymin": 49, "ymax": 337, "xmax": 595}}], [{"tid": 0, "generated": 0, "bbox": {"xmin": 264, "ymin": 83, "ymax": 160, "xmax": 330}}, {"tid": 1, "generated": 0, "bbox": {"xmin": 471, "ymin": 44, "ymax": 325, "xmax": 593}}], [{"tid": 0, "generated": 0, "bbox": {"xmin": 264, "ymin": 83, "ymax": 160, "xmax": 330}}, {"tid": 1, "generated": 0, "bbox": {"xmin": 446, "ymin": 35, "ymax": 289, "xmax": 567}}], [{"tid": 0, "generated": 0, "bbox": {"xmin": 266, "ymin": 83, "ymax": 160, "xmax": 332}}, {"tid": 1, "generated": 0, "bbox": {"xmin": 400, "ymin": 0, "ymax": 273, "xmax": 542}}], [{"tid": 0, "generated": 0, "bbox": {"xmin": 264, "ymin": 85, "ymax": 161, "xmax": 330}}, {"tid": 1, "generated": 0, "bbox": {"xmin": 396, "ymin": 0, "ymax": 266, "xmax": 508}}], [{"tid": 0, "generated": 0, "bbox": {"xmin": 264, "ymin": 87, "ymax": 163, "xmax": 330}}, {"tid": 1, "generated": 0, "bbox": {"xmin": 391, "ymin": 0, "ymax": 270, "xmax": 499}}], [{"tid": 0, "generated": 0, "bbox": {"xmin": 264, "ymin": 88, "ymax": 165, "xmax": 330}}, {"tid": 1, "generated": 0, "bbox": {"xmin": 387, "ymin": 0, "ymax": 266, "xmax": 494}}], [{"tid": 0, "generated": 0, "bbox": {"xmin": 263, "ymin": 90, "ymax": 167, "xmax": 328}}, {"tid": 1, "generated": 0, "bbox": {"xmin": 384, "ymin": 0, "ymax": 259, "xmax": 492}}], [{"tid": 0, "generated": 0, "bbox": {"xmin": 264, "ymin": 85, "ymax": 161, "xmax": 330}}, {"tid": 1, "generated": 0, "bbox": {"xmin": 382, "ymin": 0, "ymax": 247, "xmax": 487}}], [{"tid": 0, "generated": 0, "bbox": {"xmin": 264, "ymin": 88, "ymax": 165, "xmax": 330}}, {"tid": 1, "generated": 0, "bbox": {"xmin": 378, "ymin": 0, "ymax": 241, "xmax": 483}}], [{"tid": 0, "generated": 0, "bbox": {"xmin": 263, "ymin": 92, "ymax": 168, "xmax": 328}}, {"tid": 1, "generated": 0, "bbox": {"xmin": 375, "ymin": 0, "ymax": 238, "xmax": 478}}], [{"tid": 0, "generated": 0, "bbox": {"xmin": 263, "ymin": 96, "ymax": 172, "xmax": 328}}, {"tid": 1, "generated": 0, "bbox": {"xmin": 371, "ymin": 0, "ymax": 232, "xmax": 472}}], [{"tid": 0, "generated": 0, "bbox": {"xmin": 261, "ymin": 99, "ymax": 176, "xmax": 327}}, {"tid": 1, "generated": 0, "bbox": {"xmin": 368, "ymin": 0, "ymax": 227, "xmax": 467}}]], "subject/objects": [{"category": "squirrel", "tid": 0}, {"category": "squirrel", "tid": 1}], "relation_instances": [{"end_fid": 30, "subject_tid": 0, "predicate": "walk_right", "begin_fid": 0, "object_tid": 1}, {"end_fid": 30, "subject_tid": 1, "predicate": "walk_left", "begin_fid": 0, "object_tid": 0}, {"end_fid": 165, "subject_tid": 0, "predicate": "walk_above", "begin_fid": 135, "object_tid": 1}, {"end_fid": 165, "subject_tid": 0, "predicate": "walk_left", "begin_fid": 135, "object_tid": 1}, {"end_fid": 165, "subject_tid": 1, "predicate": "sit_right", "begin_fid": 135, "object_tid": 0}, {"end_fid": 165, "subject_tid": 1, "predicate": "sit_beneath", "begin_fid": 135, "object_tid": 0}, {"end_fid": 225, "subject_tid": 0, "predicate": "walk_left", "begin_fid": 195, "object_tid": 1}, {"end_fid": 225, "subject_tid": 1, "predicate": "walk_right", "begin_fid": 195, "object_tid": 0}, {"end_fid": 240, "subject_tid": 0, "predicate": "sit_left", "begin_fid": 210, "object_tid": 1}, {"end_fid": 240, "subject_tid": 1, "predicate": "walk_right", "begin_fid": 210, "object_tid": 0}, {"end_fid": 240, "subject_tid": 1, "predicate": "walk_toward", "begin_fid": 210, "object_tid": 0}], "height": 720}