{"width": 640, "frame_count": 303, "video_id": "ILSVRC2015_train_00161017", "fps": 30, "trajectories": [[{"tid": 0, "generated": 0, "bbox": {"xmin": 112, "ymin": 46, "ymax": 120, "xmax": 168}}, {"tid": 2, "generated": 0, "bbox": {"xmin": 37, "ymin": 8, "ymax": 100, "xmax": 91}}, {"tid": 3, "generated": 0, "bbox": {"xmin": 132, "ymin": 4, "ymax": 71, "xmax": 189}}, {"tid": 4, "generated": 0, "bbox": {"xmin": 105, "ymin": 108, "ymax": 139, "xmax": 164}}], [{"tid": 0, "generated": 0, "bbox": {"xmin": 112, "ymin": 45, "ymax": 120, "xmax": 167}}, {"tid": 2, "generated": 0, "bbox": {"xmin": 37, "ymin": 8, "ymax": 100, "xmax": 91}}, {"tid": 3, "generated": 0, "bbox": {"xmin": 132, "ymin": 4, "ymax": 71, "xmax": 189}}, {"tid": 4, "generated": 0, "bbox": {"xmin": 106, "ymin": 108, "ymax": 139, "xmax": 165}}], [{"tid": 0, "generated": 0, "bbox": {"xmin": 112, "ymin": 48, "ymax": 120, "xmax": 168}}, {"tid": 2, "generated": 0, "bbox": {"xmin": 37, "ymin": 8, "ymax": 100, "xmax": 91}}, {"tid": 3, "generated": 0, "bbox": {"xmin": 132, "ymin": 4, "ymax": 71, "xmax": 189}}, {"tid": 4, "generated": 0, "bbox": {"xmin": 108, "ymin": 108, "ymax": 139, "xmax": 167}}], [{"tid": 0, "generated": 0, "bbox": {"xmin": 112, "ymin": 46, "ymax": 122, "xmax": 172}}, {"tid": 2, "generated": 0, "bbox": {"xmin": 37, "ymin": 8, "ymax": 100, "xmax": 91}}, {"tid": 3, "generated": 0, "bbox": {"xmin": 132, "ymin": 4, "ymax": 71, "xmax": 189}}, {"tid": 4, "generated": 0, "bbox": {"xmin": 109, "ymin": 108, "ymax": 139, "xmax": 168}}], [{"tid": 0, "generated": 0, "bbox": {"xmin": 113, "ymin": 45, "ymax": 124, "xmax": 176}}, {"tid": 2, "generated": 0, "bbox": {"xmin": 37, "ymin": 8, "ymax": 100, "xmax": 91}}, {"tid": 3, "generated": 0, "bbox": {"xmin": 132, "ymin": 4, "ymax": 71, "xmax": 189}}, {"tid": 4, "generated": 0, "bbox": {"xmin": 111, "ymin": 108, "ymax": 139, "xmax": 170}}], [{"tid": 0, "generated": 0, "bbox": {"xmin": 116, "ymin": 44, "ymax": 125, "xmax": 175}}, {"tid": 2, "generated": 0, "bbox": {"xmin": 37, "ymin": 8, "ymax": 100, "xmax": 91}}, {"tid": 3, "generated": 0, "bbox": {"xmin": 132, "ymin": 4, "ymax": 71, "xmax": 189}}, {"tid": 4, "generated": 0, "bbox": {"xmin": 112, "ymin": 108, "ymax": 139, "xmax": 171}}], [{"tid": 0, "generated": 0, "bbox": {"xmin": 120, "ymin": 44, "ymax": 127, "xmax": 175}}, {"tid": 2, "generated": 0, "bbox": {"xmin": 37, "ymin": 8, "ymax": 100, "xmax": 91}}, {"tid": 3, "generated": 0, "bbox": {"xmin": 132, "ymin": 4, "ymax": 71, "xmax": 189}}, {"tid": 4, "generated": 0, "bbox": {"xmin": 115, "ymin": 109, "ymax": 140, "xmax": 174}}], [{"tid": 0, "generated": 0, "bbox": {"xmin": 120, "ymin": 46, "ymax": 126, "xmax": 178}}, {"tid": 2, "generated": 0, "bbox": {"xmin": 37, "ymin": 8, "ymax": 100, "xmax": 91}}, {"tid": 3, "generated": 0, "bbox": {"xmin": 132, "ymin": 4, "ymax": 71, "xmax": 189}}, {"tid": 4, "generated": 0, "bbox": {"xmin": 118, "ymin": 110, "ymax": 141, "xmax": 177}}], [{"tid": 0, "generated": 0, "bbox": {"xmin": 120, "ymin": 49, "ymax": 125, "xmax": 182}}, {"tid": 2, "generated": 0, "bbox": {"xmin": 37, "ymin": 8, "ymax": 100, "xmax": 91}}, {"tid": 3, "generated": 0, "bbox": {"xmin": 132, "ymin": 4, "ymax": 71, "xmax": 189}}, {"tid": 4, "generated": 0, "bbox": {"xmin": 120, "ymin": 110, "ymax": 141, "xmax": 179}}], [{"tid": 0, "generated": 0, "bbox": {"xmin": 124, "ymin": 48, "ymax": 126, "xmax": 186}}, {"tid": 2, "generated": 0, "bbox": {"xmin": 37, "ymin": 8, "ymax": 100, "xmax": 91}}, {"tid": 3, "generated": 0, "bbox": {"xmin": 132, "ymin": 4, "ymax": 71, "xmax": 189}}, {"tid": 4, "generated": 0, "bbox": {"xmin": 123, "ymin": 111, "ymax": 142, "xmax": 182}}], [{"tid": 0, "generated": 0, "bbox": {"xmin": 128, "ymin": 48, "ymax": 128, "xmax": 191}}, {"tid": 2, "generated": 0, "bbox": {"xmin": 37, "ymin": 8, "ymax": 100, "xmax": 91}}, {"tid": 3, "generated": 0, "bbox": {"xmin": 132, "ymin": 4, "ymax": 71, "xmax": 189}}, {"tid": 4, "generated": 0, "bbox": {"xmin": 126, "ymin": 112, "ymax": 143, "xmax": 185}}], [{"tid": 0, "generated": 0, "bbox": {"xmin": 130, "ymin": 48, "ymax": 129, "xmax": 193}}, {"tid": 2, "generated": 0, "bbox": {"xmin": 37, "ymin": 8, "ymax": 100, "xmax": 91}}, {"tid": 3, "generated": 0, "bbox": {"xmin": 132, "ymin": 4, "ymax": 71, "xmax": 189}}, {"tid": 4, "generated": 0, "bbox": {"xmin": 128, "ymin": 114, "ymax": 145, "xmax": 189}}], [{"tid": 0, "generated": 0, "bbox": {"xmin": 132, "ymin": 48, "ymax": 130, "xmax": 195}}, {"tid": 2, "generated": 0, "bbox": {"xmin": 37, "ymin": 8, "ymax": 100, "xmax": 91}}, {"tid": 3, "generated": 0, "bbox": {"xmin": 132, "ymin": 4, "ymax": 71, "xmax": 189}}, {"tid": 4, "generated": 0, "bbox": {"xmin": 130, "ymin": 115, "ymax": 146, "xmax": 193}}], [{"tid": 0, "generated": 0, "bbox": {"xmin": 135, "ymin": 48, "ymax": 132, "xmax": 197}}, {"tid": 2, "generated": 0, "bbox": {"xmin": 37, "ymin": 8, "ymax": 100, "xmax": 91}}, {"tid": 3, "generated": 0, "bbox": {"xmin": 132, "ymin": 4, "ymax": 71, "xmax": 189}}, {"tid": 4, "generated": 0, "bbox": {"xmin": 131, "ymin": 117, "ymax": 148, "xmax": 197}}], [{"tid": 0, "generated": 0, "bbox": {"xmin": 137, "ymin": 49, "ymax": 132, "xmax": 199}}, {"tid": 2, "generated": 0, "bbox": {"xmin": 37, "ymin": 8, "ymax": 100, "xmax": 91}}, {"tid": 3, "generated": 0, "bbox": {"xmin": 132, "ymin": 4, "ymax": 71, "xmax": 189}}, {"tid": 4, "generated": 0, "bbox": {"xmin": 133, "ymin": 118, "ymax": 149, "xmax": 201}}], [{"tid": 0, "generated": 0, "bbox": {"xmin": 139, "ymin": 51, "ymax": 132, "xmax": 202}}, {"tid": 2, "generated": 0, "bbox": {"xmin": 37, "ymin": 8, "ymax": 100, "xmax": 91}}, {"tid": 3, "generated": 0, "bbox": {"xmin": 132, "ymin": 4, "ymax": 71, "xmax": 189}}, {"tid": 4, "generated": 0, "bbox": {"xmin": 135, "ymin": 120, "ymax": 151, "xmax": 205}}], [{"tid": 0, "generated": 0, "bbox": {"xmin": 142, "ymin": 53, "ymax": 133, "xmax": 205}}, {"tid": 2, "generated": 0, "bbox": {"xmin": 37, "ymin": 8, "ymax": 100, "xmax": 91}}, {"tid": 3, "generated": 0, "bbox": {"xmin": 132, "ymin": 4, "ymax": 71, "xmax": 189}}, {"tid": 4, "generated": 0, "bbox": {"xmin": 135, "ymin": 120, "ymax": 151, "xmax": 208}}], [{"tid": 0, "generated": 0, "bbox": {"xmin": 142, "ymin": 51, "ymax": 132, "xmax": 207}}, {"tid": 2, "generated": 0, "bbox": {"xmin": 37, "ymin": 8, "ymax": 100, "xmax": 91}}, {"tid": 3, "generated": 0, "bbox": {"xmin": 132, "ymin": 4, "ymax": 71, "xmax": 189}}, {"tid": 4, "generated": 0, "bbox": {"xmin": 135, "ymin": 120, "ymax": 151, "xmax": 210}}], [{"tid": 0, "generated": 0, "bbox": {"xmin": 143, "ymin": 49, "ymax": 132, "xmax": 210}}, {"tid": 2, "generated": 0, "bbox": {"xmin": 37, "ymin": 8, "ymax": 100, "xmax": 91}}, {"tid": 3, "generated": 0, "bbox": {"xmin": 132, "ymin": 4, "ymax": 71, "xmax": 189}}, {"tid": 4, "generated": 0, "bbox": {"xmin": 135, "ymin": 120, "ymax": 151, "xmax": 213}}], [{"tid": 0, "generated": 0, "bbox": {"xmin": 144, "ymin": 48, "ymax": 132, "xmax": 213}}, {"tid": 2, "generated": 0, "bbox": {"xmin": 37, "ymin": 8, "ymax": 100, "xmax": 91}}, {"tid": 3, "generated": 0, "bbox": {"xmin": 132, "ymin": 4, "ymax": 71, "xmax": 189}}, {"tid": 4, "generated": 0, "bbox": {"xmin": 135, "ymin": 120, "ymax": 151, "xmax": 215}}], [{"tid": 0, "generated": 0, "bbox": {"xmin": 145, "ymin": 47, "ymax": 131, "xmax": 213}}, {"tid": 2, "generated": 0, "bbox": {"xmin": 37, "ymin": 8, "ymax": 100, "xmax": 91}}, {"tid": 3, "generated": 0, "bbox": {"xmin": 132, "ymin": 4, "ymax": 71, "xmax": 189}}, {"tid": 4, "generated": 0, "bbox": {"xmin": 135, "ymin": 120, "ymax": 151, "xmax": 218}}], [{"tid": 0, "generated": 0, "bbox": {"xmin": 147, "ymin": 46, "ymax": 130, "xmax": 213}}, {"tid": 2, "generated": 0, "bbox": {"xmin": 32, "ymin": 6, "ymax": 98, "xmax": 86}}, {"tid": 3, "generated": 0, "bbox": {"xmin": 128, "ymin": 3, "ymax": 70, "xmax": 185}}, {"tid": 4, "generated": 0, "bbox": {"xmin": 136, "ymin": 123, "ymax": 154, "xmax": 219}}], [{"tid": 0, "generated": 0, "bbox": {"xmin": 149, "ymin": 45, "ymax": 129, "xmax": 213}}, {"tid": 2, "generated": 0, "bbox": {"xmin": 27, "ymin": 3, "ymax": 95, "xmax": 81}}, {"tid": 3, "generated": 0, "bbox": {"xmin": 123, "ymin": 1, "ymax": 68, "xmax": 180}}, {"tid": 4, "generated": 0, "bbox": {"xmin": 136, "ymin": 126, "ymax": 157, "xmax": 220}}], [{"tid": 0, "generated": 0, "bbox": {"xmin": 149, "ymin": 43, "ymax": 136, "xmax": 214}}, {"tid": 2, "generated": 0, "bbox": {"xmin": 22, "ymin": 1, "ymax": 93, "xmax": 76}}, {"tid": 3, "generated": 0, "bbox": {"xmin": 119, "ymin": 0, "ymax": 67, "xmax": 176}}, {"tid": 4, "generated": 0, "bbox": {"xmin": 137, "ymin": 129, "ymax": 160, "xmax": 222}}], [{"tid": 0, "generated": 0, "bbox": {"xmin": 149, "ymin": 42, "ymax": 144, "xmax": 215}}, {"tid": 2, "generated": 0, "bbox": {"xmin": 17, "ymin": 0, "ymax": 90, "xmax": 71}}, {"tid": 3, "generated": 0, "bbox": {"xmin": 114, "ymin": 0, "ymax": 65, "xmax": 171}}, {"tid": 4, "generated": 0, "bbox": {"xmin": 137, "ymin": 132, "ymax": 163, "xmax": 223}}], [{"tid": 0, "generated": 0, "bbox": {"xmin": 149, "ymin": 41, "ymax": 152, "xmax": 217}}, {"tid": 2, "generated": 0, "bbox": {"xmin": 12, "ymin": 0, "ymax": 88, "xmax": 66}}, {"tid": 3, "generated": 0, "bbox": {"xmin": 110, "ymin": 0, "ymax": 64, "xmax": 167}}, {"tid": 4, "generated": 0, "bbox": {"xmin": 138, "ymin": 135, "ymax": 166, "xmax": 224}}], [{"tid": 0, "generated": 0, "bbox": {"xmin": 151, "ymin": 45, "ymax": 160, "xmax": 219}}, {"tid": 2, "generated": 0, "bbox": {"xmin": 12, "ymin": 0, "ymax": 88, "xmax": 66}}, {"tid": 3, "generated": 0, "bbox": {"xmin": 110, "ymin": 0, "ymax": 64, "xmax": 167}}, {"tid": 4, "generated": 0, "bbox": {"xmin": 140, "ymin": 144, "ymax": 175, "xmax": 226}}], [{"tid": 0, "generated": 0, "bbox": {"xmin": 153, "ymin": 49, "ymax": 168, "xmax": 221}}, {"tid": 2, "generated": 0, "bbox": {"xmin": 12, "ymin": 0, "ymax": 88, "xmax": 66}}, {"tid": 3, "generated": 0, "bbox": {"xmin": 110, "ymin": 0, "ymax": 64, "xmax": 167}}, {"tid": 4, "generated": 0, "bbox": {"xmin": 143, "ymin": 153, "ymax": 184, "xmax": 229}}], [{"tid": 0, "generated": 0, "bbox": {"xmin": 156, "ymin": 53, "ymax": 177, "xmax": 224}}, {"tid": 2, "generated": 0, "bbox": {"xmin": 12, "ymin": 0, "ymax": 88, "xmax": 66}}, {"tid": 3, "generated": 0, "bbox": {"xmin": 110, "ymin": 0, "ymax": 64, "xmax": 167}}, {"tid": 4, "generated": 0, "bbox": {"xmin": 145, "ymin": 163, "ymax": 194, "xmax": 231}}], [{"tid": 0, "generated": 0, "bbox": {"xmin": 157, "ymin": 62, "ymax": 187, "xmax": 224}}, {"tid": 2, "generated": 0, "bbox": {"xmin": 12, "ymin": 0, "ymax": 88, "xmax": 66}}, {"tid": 3, "generated": 0, "bbox": {"xmin": 110, "ymin": 0, "ymax": 64, "xmax": 167}}, {"tid": 4, "generated": 0, "bbox": {"xmin": 148, "ymin": 172, "ymax": 203, "xmax": 234}}], [], [], [], [], [], [], [], [], [], [], [], [], [], [], [], [], [], [], [], [], [], [], [], [], [], [], [], [], [], [], [], [], [], [], [], [], [], [], [], [], [], [], [], [], [], [{"tid": 0, "generated": 0, "bbox": {"xmin": 224, "ymin": 91, "ymax": 204, "xmax": 298}}, {"tid": 2, "generated": 0, "bbox": {"xmin": 255, "ymin": 31, "ymax": 94, "xmax": 287}}, {"tid": 3, "generated": 0, "bbox": {"xmin": 296, "ymin": 17, "ymax": 84, "xmax": 353}}, {"tid": 4, "generated": 0, "bbox": {"xmin": 221, "ymin": 179, "ymax": 222, "xmax": 297}}], [{"tid": 0, "generated": 0, "bbox": {"xmin": 224, "ymin": 93, "ymax": 206, "xmax": 301}}, {"tid": 2, "generated": 0, "bbox": {"xmin": 257, "ymin": 32, "ymax": 95, "xmax": 289}}, {"tid": 3, "generated": 0, "bbox": {"xmin": 302, "ymin": 20, "ymax": 85, "xmax": 355}}, {"tid": 4, "generated": 0, "bbox": {"xmin": 219, "ymin": 182, "ymax": 225, "xmax": 295}}], [{"tid": 0, "generated": 0, "bbox": {"xmin": 221, "ymin": 94, "ymax": 207, "xmax": 298}}, {"tid": 2, "generated": 0, "bbox": {"xmin": 259, "ymin": 34, "ymax": 97, "xmax": 291}}, {"tid": 3, "generated": 0, "bbox": {"xmin": 307, "ymin": 23, "ymax": 87, "xmax": 357}}, {"tid": 4, "generated": 0, "bbox": {"xmin": 217, "ymin": 185, "ymax": 228, "xmax": 293}}], [{"tid": 0, "generated": 0, "bbox": {"xmin": 219, "ymin": 95, "ymax": 208, "xmax": 295}}, {"tid": 2, "generated": 0, "bbox": {"xmin": 261, "ymin": 35, "ymax": 98, "xmax": 293}}, {"tid": 3, "generated": 0, "bbox": {"xmin": 313, "ymin": 25, "ymax": 88, "xmax": 360}}, {"tid": 4, "generated": 0, "bbox": {"xmin": 216, "ymin": 189, "ymax": 232, "xmax": 292}}], [{"tid": 0, "generated": 0, "bbox": {"xmin": 217, "ymin": 96, "ymax": 209, "xmax": 293}}, {"tid": 2, "generated": 0, "bbox": {"xmin": 263, "ymin": 37, "ymax": 100, "xmax": 295}}, {"tid": 3, "generated": 0, "bbox": {"xmin": 318, "ymin": 28, "ymax": 90, "xmax": 362}}, {"tid": 4, "generated": 0, "bbox": {"xmin": 214, "ymin": 192, "ymax": 235, "xmax": 290}}], [{"tid": 0, "generated": 0, "bbox": {"xmin": 216, "ymin": 98, "ymax": 211, "xmax": 293}}, {"tid": 2, "generated": 0, "bbox": {"xmin": 265, "ymin": 38, "ymax": 101, "xmax": 297}}, {"tid": 3, "generated": 0, "bbox": {"xmin": 324, "ymin": 31, "ymax": 91, "xmax": 364}}, {"tid": 4, "generated": 0, "bbox": {"xmin": 212, "ymin": 195, "ymax": 238, "xmax": 288}}], [{"tid": 0, "generated": 0, "bbox": {"xmin": 216, "ymin": 100, "ymax": 213, "xmax": 294}}, {"tid": 2, "generated": 0, "bbox": {"xmin": 272, "ymin": 40, "ymax": 103, "xmax": 304}}, {"tid": 3, "generated": 0, "bbox": {"xmin": 328, "ymin": 33, "ymax": 93, "xmax": 368}}, {"tid": 4, "generated": 0, "bbox": {"xmin": 214, "ymin": 196, "ymax": 239, "xmax": 290}}], [{"tid": 0, "generated": 0, "bbox": {"xmin": 216, "ymin": 103, "ymax": 216, "xmax": 295}}, {"tid": 2, "generated": 0, "bbox": {"xmin": 278, "ymin": 41, "ymax": 104, "xmax": 310}}, {"tid": 3, "generated": 0, "bbox": {"xmin": 332, "ymin": 34, "ymax": 94, "xmax": 372}}, {"tid": 4, "generated": 0, "bbox": {"xmin": 217, "ymin": 197, "ymax": 240, "xmax": 293}}], [{"tid": 0, "generated": 0, "bbox": {"xmin": 221, "ymin": 103, "ymax": 218, "xmax": 297}}, {"tid": 2, "generated": 0, "bbox": {"xmin": 285, "ymin": 43, "ymax": 106, "xmax": 317}}, {"tid": 3, "generated": 0, "bbox": {"xmin": 337, "ymin": 36, "ymax": 96, "xmax": 377}}, {"tid": 4, "generated": 0, "bbox": {"xmin": 219, "ymin": 199, "ymax": 242, "xmax": 295}}], [{"tid": 0, "generated": 0, "bbox": {"xmin": 226, "ymin": 103, "ymax": 220, "xmax": 300}}, {"tid": 2, "generated": 0, "bbox": {"xmin": 291, "ymin": 44, "ymax": 107, "xmax": 323}}, {"tid": 3, "generated": 0, "bbox": {"xmin": 341, "ymin": 37, "ymax": 97, "xmax": 381}}, {"tid": 4, "generated": 0, "bbox": {"xmin": 222, "ymin": 200, "ymax": 243, "xmax": 298}}], [{"tid": 0, "generated": 0, "bbox": {"xmin": 231, "ymin": 104, "ymax": 223, "xmax": 303}}, {"tid": 2, "generated": 0, "bbox": {"xmin": 298, "ymin": 46, "ymax": 109, "xmax": 330}}, {"tid": 3, "generated": 0, "bbox": {"xmin": 345, "ymin": 39, "ymax": 99, "xmax": 385}}, {"tid": 4, "generated": 0, "bbox": {"xmin": 224, "ymin": 201, "ymax": 244, "xmax": 300}}], [{"tid": 0, "generated": 0, "bbox": {"xmin": 234, "ymin": 105, "ymax": 225, "xmax": 308}}, {"tid": 2, "generated": 0, "bbox": {"xmin": 306, "ymin": 48, "ymax": 111, "xmax": 338}}, {"tid": 3, "generated": 0, "bbox": {"xmin": 352, "ymin": 40, "ymax": 100, "xmax": 392}}, {"tid": 4, "generated": 0, "bbox": {"xmin": 230, "ymin": 201, "ymax": 246, "xmax": 306}}], [{"tid": 0, "generated": 0, "bbox": {"xmin": 237, "ymin": 107, "ymax": 228, "xmax": 313}}, {"tid": 2, "generated": 0, "bbox": {"xmin": 315, "ymin": 50, "ymax": 113, "xmax": 347}}, {"tid": 3, "generated": 0, "bbox": {"xmin": 359, "ymin": 40, "ymax": 100, "xmax": 399}}, {"tid": 4, "generated": 0, "bbox": {"xmin": 236, "ymin": 202, "ymax": 248, "xmax": 312}}], [{"tid": 0, "generated": 0, "bbox": {"xmin": 240, "ymin": 109, "ymax": 231, "xmax": 319}}, {"tid": 2, "generated": 0, "bbox": {"xmin": 323, "ymin": 53, "ymax": 116, "xmax": 355}}, {"tid": 3, "generated": 0, "bbox": {"xmin": 366, "ymin": 41, "ymax": 101, "xmax": 406}}, {"tid": 4, "generated": 0, "bbox": {"xmin": 241, "ymin": 202, "ymax": 249, "xmax": 317}}], [{"tid": 0, "generated": 0, "bbox": {"xmin": 241, "ymin": 108, "ymax": 231, "xmax": 324}}, {"tid": 2, "generated": 0, "bbox": {"xmin": 332, "ymin": 55, "ymax": 118, "xmax": 364}}, {"tid": 3, "generated": 0, "bbox": {"xmin": 373, "ymin": 41, "ymax": 101, "xmax": 413}}, {"tid": 4, "generated": 0, "bbox": {"xmin": 247, "ymin": 203, "ymax": 251, "xmax": 323}}], [{"tid": 0, "generated": 0, "bbox": {"xmin": 242, "ymin": 108, "ymax": 232, "xmax": 330}}, {"tid": 2, "generated": 0, "bbox": {"xmin": 340, "ymin": 57, "ymax": 120, "xmax": 372}}, {"tid": 3, "generated": 0, "bbox": {"xmin": 380, "ymin": 42, "ymax": 102, "xmax": 420}}, {"tid": 4, "generated": 0, "bbox": {"xmin": 253, "ymin": 203, "ymax": 253, "xmax": 329}}], [{"tid": 0, "generated": 0, "bbox": {"xmin": 244, "ymin": 108, "ymax": 233, "xmax": 336}}, {"tid": 2, "generated": 0, "bbox": {"xmin": 345, "ymin": 57, "ymax": 120, "xmax": 377}}, {"tid": 3, "generated": 0, "bbox": {"xmin": 385, "ymin": 44, "ymax": 104, "xmax": 425}}, {"tid": 4, "generated": 0, "bbox": {"xmin": 253, "ymin": 203, "ymax": 255, "xmax": 332}}], [{"tid": 0, "generated": 0, "bbox": {"xmin": 242, "ymin": 109, "ymax": 235, "xmax": 338}}, {"tid": 2, "generated": 0, "bbox": {"xmin": 350, "ymin": 58, "ymax": 121, "xmax": 382}}, {"tid": 3, "generated": 0, "bbox": {"xmin": 391, "ymin": 46, "ymax": 106, "xmax": 431}}, {"tid": 4, "generated": 0, "bbox": {"xmin": 253, "ymin": 203, "ymax": 257, "xmax": 335}}], [{"tid": 0, "generated": 0, "bbox": {"xmin": 241, "ymin": 110, "ymax": 237, "xmax": 340}}, {"tid": 2, "generated": 0, "bbox": {"xmin": 354, "ymin": 58, "ymax": 121, "xmax": 386}}, {"tid": 3, "generated": 0, "bbox": {"xmin": 396, "ymin": 49, "ymax": 109, "xmax": 436}}, {"tid": 4, "generated": 0, "bbox": {"xmin": 253, "ymin": 203, "ymax": 258, "xmax": 339}}], [{"tid": 0, "generated": 0, "bbox": {"xmin": 240, "ymin": 112, "ymax": 240, "xmax": 343}}, {"tid": 2, "generated": 0, "bbox": {"xmin": 359, "ymin": 59, "ymax": 122, "xmax": 391}}, {"tid": 3, "generated": 0, "bbox": {"xmin": 402, "ymin": 51, "ymax": 111, "xmax": 442}}, {"tid": 4, "generated": 0, "bbox": {"xmin": 253, "ymin": 203, "ymax": 260, "xmax": 342}}], [{"tid": 0, "generated": 0, "bbox": {"xmin": 239, "ymin": 112, "ymax": 240, "xmax": 343}}, {"tid": 2, "generated": 0, "bbox": {"xmin": 364, "ymin": 59, "ymax": 122, "xmax": 396}}, {"tid": 3, "generated": 0, "bbox": {"xmin": 407, "ymin": 53, "ymax": 113, "xmax": 447}}, {"tid": 4, "generated": 0, "bbox": {"xmin": 253, "ymin": 203, "ymax": 262, "xmax": 345}}], [{"tid": 0, "generated": 0, "bbox": {"xmin": 239, "ymin": 112, "ymax": 240, "xmax": 343}}, {"tid": 2, "generated": 0, "bbox": {"xmin": 378, "ymin": 59, "ymax": 122, "xmax": 410}}, {"tid": 3, "generated": 0, "bbox": {"xmin": 421, "ymin": 53, "ymax": 113, "xmax": 461}}, {"tid": 4, "generated": 0, "bbox": {"xmin": 253, "ymin": 204, "ymax": 264, "xmax": 350}}], [{"tid": 0, "generated": 0, "bbox": {"xmin": 239, "ymin": 112, "ymax": 241, "xmax": 343}}, {"tid": 2, "generated": 0, "bbox": {"xmin": 393, "ymin": 59, "ymax": 122, "xmax": 425}}, {"tid": 3, "generated": 0, "bbox": {"xmin": 434, "ymin": 53, "ymax": 113, "xmax": 474}}, {"tid": 4, "generated": 0, "bbox": {"xmin": 253, "ymin": 205, "ymax": 266, "xmax": 354}}], [{"tid": 0, "generated": 0, "bbox": {"xmin": 244, "ymin": 109, "ymax": 243, "xmax": 348}}, {"tid": 2, "generated": 0, "bbox": {"xmin": 407, "ymin": 59, "ymax": 122, "xmax": 439}}, {"tid": 3, "generated": 0, "bbox": {"xmin": 448, "ymin": 53, "ymax": 113, "xmax": 488}}, {"tid": 4, "generated": 0, "bbox": {"xmin": 253, "ymin": 206, "ymax": 268, "xmax": 359}}], [{"tid": 0, "generated": 0, "bbox": {"xmin": 249, "ymin": 106, "ymax": 245, "xmax": 354}}, {"tid": 2, "generated": 0, "bbox": {"xmin": 422, "ymin": 59, "ymax": 122, "xmax": 454}}, {"tid": 3, "generated": 0, "bbox": {"xmin": 461, "ymin": 53, "ymax": 113, "xmax": 501}}, {"tid": 4, "generated": 0, "bbox": {"xmin": 253, "ymin": 207, "ymax": 270, "xmax": 363}}], [{"tid": 0, "generated": 0, "bbox": {"xmin": 255, "ymin": 104, "ymax": 248, "xmax": 360}}, {"tid": 2, "generated": 0, "bbox": {"xmin": 436, "ymin": 59, "ymax": 122, "xmax": 468}}, {"tid": 3, "generated": 0, "bbox": {"xmin": 475, "ymin": 53, "ymax": 113, "xmax": 515}}, {"tid": 4, "generated": 0, "bbox": {"xmin": 253, "ymin": 208, "ymax": 272, "xmax": 368}}], [{"tid": 0, "generated": 0, "bbox": {"xmin": 263, "ymin": 105, "ymax": 250, "xmax": 370}}, {"tid": 2, "generated": 0, "bbox": {"xmin": 454, "ymin": 59, "ymax": 122, "xmax": 486}}, {"tid": 3, "generated": 0, "bbox": {"xmin": 494, "ymin": 53, "ymax": 113, "xmax": 534}}, {"tid": 4, "generated": 0, "bbox": {"xmin": 261, "ymin": 211, "ymax": 275, "xmax": 376}}], [{"tid": 0, "generated": 0, "bbox": {"xmin": 272, "ymin": 106, "ymax": 252, "xmax": 381}}, {"tid": 2, "generated": 0, "bbox": {"xmin": 473, "ymin": 59, "ymax": 122, "xmax": 505}}, {"tid": 3, "generated": 0, "bbox": {"xmin": 513, "ymin": 53, "ymax": 113, "xmax": 553}}, {"tid": 4, "generated": 0, "bbox": {"xmin": 270, "ymin": 213, "ymax": 279, "xmax": 385}}], [{"tid": 0, "generated": 0, "bbox": {"xmin": 281, "ymin": 108, "ymax": 255, "xmax": 392}}, {"tid": 2, "generated": 0, "bbox": {"xmin": 491, "ymin": 60, "ymax": 123, "xmax": 523}}, {"tid": 3, "generated": 0, "bbox": {"xmin": 532, "ymin": 54, "ymax": 114, "xmax": 572}}, {"tid": 4, "generated": 0, "bbox": {"xmin": 278, "ymin": 216, "ymax": 282, "xmax": 393}}], [{"tid": 0, "generated": 0, "bbox": {"xmin": 286, "ymin": 109, "ymax": 258, "xmax": 402}}, {"tid": 2, "generated": 0, "bbox": {"xmin": 510, "ymin": 60, "ymax": 123, "xmax": 542}}, {"tid": 3, "generated": 0, "bbox": {"xmin": 551, "ymin": 54, "ymax": 114, "xmax": 591}}, {"tid": 4, "generated": 0, "bbox": {"xmin": 287, "ymin": 218, "ymax": 286, "xmax": 402}}], [{"tid": 0, "generated": 0, "bbox": {"xmin": 291, "ymin": 110, "ymax": 261, "xmax": 412}}, {"tid": 4, "generated": 0, "bbox": {"xmin": 295, "ymin": 221, "ymax": 289, "xmax": 410}}], [{"tid": 0, "generated": 0, "bbox": {"xmin": 297, "ymin": 112, "ymax": 264, "xmax": 422}}, {"tid": 4, "generated": 0, "bbox": {"xmin": 305, "ymin": 223, "ymax": 293, "xmax": 420}}], [{"tid": 0, "generated": 0, "bbox": {"xmin": 301, "ymin": 110, "ymax": 266, "xmax": 435}}, {"tid": 4, "generated": 0, "bbox": {"xmin": 316, "ymin": 225, "ymax": 297, "xmax": 431}}], [{"tid": 0, "generated": 0, "bbox": {"xmin": 305, "ymin": 109, "ymax": 269, "xmax": 448}}, {"tid": 4, "generated": 0, "bbox": {"xmin": 326, "ymin": 227, "ymax": 300, "xmax": 441}}], [{"tid": 0, "generated": 0, "bbox": {"xmin": 309, "ymin": 108, "ymax": 272, "xmax": 461}}, {"tid": 4, "generated": 0, "bbox": {"xmin": 337, "ymin": 229, "ymax": 304, "xmax": 452}}], [{"tid": 0, "generated": 0, "bbox": {"xmin": 305, "ymin": 106, "ymax": 277, "xmax": 471}}, {"tid": 4, "generated": 0, "bbox": {"xmin": 347, "ymin": 231, "ymax": 308, "xmax": 462}}], [{"tid": 0, "generated": 0, "bbox": {"xmin": 301, "ymin": 105, "ymax": 282, "xmax": 482}}, {"tid": 4, "generated": 0, "bbox": {"xmin": 342, "ymin": 234, "ymax": 315, "xmax": 475}}], [{"tid": 0, "generated": 0, "bbox": {"xmin": 297, "ymin": 104, "ymax": 287, "xmax": 493}}, {"tid": 4, "generated": 0, "bbox": {"xmin": 336, "ymin": 238, "ymax": 322, "xmax": 488}}], [{"tid": 0, "generated": 0, "bbox": {"xmin": 288, "ymin": 101, "ymax": 292, "xmax": 496}}, {"tid": 4, "generated": 0, "bbox": {"xmin": 331, "ymin": 241, "ymax": 328, "xmax": 500}}], [{"tid": 0, "generated": 0, "bbox": {"xmin": 280, "ymin": 98, "ymax": 297, "xmax": 500}}, {"tid": 4, "generated": 0, "bbox": {"xmin": 325, "ymin": 245, "ymax": 335, "xmax": 513}}], [{"tid": 0, "generated": 0, "bbox": {"xmin": 272, "ymin": 96, "ymax": 303, "xmax": 504}}, {"tid": 4, "generated": 0, "bbox": {"xmin": 320, "ymin": 248, "ymax": 342, "xmax": 526}}], [{"tid": 0, "generated": 0, "bbox": {"xmin": 255, "ymin": 96, "ymax": 311, "xmax": 497}}, {"tid": 4, "generated": 0, "bbox": {"xmin": 301, "ymin": 251, "ymax": 345, "xmax": 521}}], [{"tid": 0, "generated": 0, "bbox": {"xmin": 239, "ymin": 96, "ymax": 319, "xmax": 491}}, {"tid": 4, "generated": 0, "bbox": {"xmin": 281, "ymin": 255, "ymax": 349, "xmax": 516}}], [{"tid": 0, "generated": 0, "bbox": {"xmin": 223, "ymin": 96, "ymax": 328, "xmax": 485}}, {"tid": 4, "generated": 0, "bbox": {"xmin": 262, "ymin": 258, "ymax": 352, "xmax": 511}}], [{"tid": 0, "generated": 0, "bbox": {"xmin": 197, "ymin": 96, "ymax": 338, "xmax": 475}}, {"tid": 4, "generated": 0, "bbox": {"xmin": 242, "ymin": 262, "ymax": 356, "xmax": 506}}], [], [], [], [], [], [], [], [], [], [], [], [], [], [], [], [], [], [], [], [], [], [], [], [], [], [], [], [], [], [], [{"tid": 0, "generated": 0, "bbox": {"xmin": 220, "ymin": 86, "ymax": 240, "xmax": 340}}, {"tid": 4, "generated": 0, "bbox": {"xmin": 219, "ymin": 127, "ymax": 265, "xmax": 358}}], [{"tid": 0, "generated": 0, "bbox": {"xmin": 226, "ymin": 83, "ymax": 238, "xmax": 340}}, {"tid": 4, "generated": 0, "bbox": {"xmin": 223, "ymin": 111, "ymax": 257, "xmax": 357}}], [{"tid": 0, "generated": 0, "bbox": {"xmin": 232, "ymin": 81, "ymax": 236, "xmax": 341}}, {"tid": 4, "generated": 0, "bbox": {"xmin": 227, "ymin": 94, "ymax": 249, "xmax": 356}}], [{"tid": 0, "generated": 0, "bbox": {"xmin": 227, "ymin": 81, "ymax": 232, "xmax": 340}}, {"tid": 4, "generated": 0, "bbox": {"xmin": 227, "ymin": 94, "ymax": 247, "xmax": 356}}], [{"tid": 0, "generated": 0, "bbox": {"xmin": 222, "ymin": 81, "ymax": 229, "xmax": 340}}, {"tid": 4, "generated": 0, "bbox": {"xmin": 227, "ymin": 94, "ymax": 245, "xmax": 356}}], [{"tid": 0, "generated": 0, "bbox": {"xmin": 219, "ymin": 81, "ymax": 229, "xmax": 342}}, {"tid": 4, "generated": 0, "bbox": {"xmin": 227, "ymin": 94, "ymax": 242, "xmax": 356}}], [{"tid": 0, "generated": 0, "bbox": {"xmin": 217, "ymin": 81, "ymax": 229, "xmax": 344}}, {"tid": 4, "generated": 0, "bbox": {"xmin": 227, "ymin": 94, "ymax": 240, "xmax": 356}}], [{"tid": 0, "generated": 0, "bbox": {"xmin": 217, "ymin": 88, "ymax": 230, "xmax": 347}}, {"tid": 4, "generated": 0, "bbox": {"xmin": 227, "ymin": 94, "ymax": 238, "xmax": 356}}], [{"tid": 0, "generated": 0, "bbox": {"xmin": 217, "ymin": 95, "ymax": 232, "xmax": 350}}, {"tid": 4, "generated": 0, "bbox": {"xmin": 228, "ymin": 104, "ymax": 244, "xmax": 357}}], [{"tid": 0, "generated": 0, "bbox": {"xmin": 216, "ymin": 99, "ymax": 235, "xmax": 351}}, {"tid": 4, "generated": 0, "bbox": {"xmin": 230, "ymin": 113, "ymax": 250, "xmax": 359}}], [{"tid": 0, "generated": 0, "bbox": {"xmin": 216, "ymin": 103, "ymax": 238, "xmax": 352}}, {"tid": 4, "generated": 0, "bbox": {"xmin": 231, "ymin": 123, "ymax": 257, "xmax": 360}}], [{"tid": 0, "generated": 0, "bbox": {"xmin": 212, "ymin": 103, "ymax": 242, "xmax": 356}}, {"tid": 4, "generated": 0, "bbox": {"xmin": 233, "ymin": 132, "ymax": 263, "xmax": 362}}], [{"tid": 0, "generated": 0, "bbox": {"xmin": 208, "ymin": 104, "ymax": 246, "xmax": 360}}, {"tid": 4, "generated": 0, "bbox": {"xmin": 234, "ymin": 142, "ymax": 269, "xmax": 363}}], [{"tid": 0, "generated": 0, "bbox": {"xmin": 199, "ymin": 112, "ymax": 251, "xmax": 356}}, {"tid": 4, "generated": 0, "bbox": {"xmin": 231, "ymin": 152, "ymax": 279, "xmax": 357}}], [{"tid": 0, "generated": 0, "bbox": {"xmin": 191, "ymin": 120, "ymax": 257, "xmax": 352}}, {"tid": 4, "generated": 0, "bbox": {"xmin": 229, "ymin": 161, "ymax": 288, "xmax": 351}}], [{"tid": 0, "generated": 0, "bbox": {"xmin": 178, "ymin": 126, "ymax": 270, "xmax": 354}}, {"tid": 4, "generated": 0, "bbox": {"xmin": 226, "ymin": 171, "ymax": 298, "xmax": 344}}], [{"tid": 0, "generated": 0, "bbox": {"xmin": 165, "ymin": 132, "ymax": 284, "xmax": 357}}, {"tid": 4, "generated": 0, "bbox": {"xmin": 224, "ymin": 180, "ymax": 307, "xmax": 338}}], [{"tid": 0, "generated": 0, "bbox": {"xmin": 158, "ymin": 134, "ymax": 297, "xmax": 358}}, {"tid": 4, "generated": 0, "bbox": {"xmin": 221, "ymin": 190, "ymax": 317, "xmax": 332}}], [{"tid": 0, "generated": 0, "bbox": {"xmin": 152, "ymin": 136, "ymax": 311, "xmax": 360}}, {"tid": 4, "generated": 0, "bbox": {"xmin": 203, "ymin": 209, "ymax": 336, "xmax": 321}}], [{"tid": 0, "generated": 0, "bbox": {"xmin": 152, "ymin": 138, "ymax": 323, "xmax": 360}}, {"tid": 4, "generated": 0, "bbox": {"xmin": 186, "ymin": 228, "ymax": 355, "xmax": 311}}], [{"tid": 0, "generated": 0, "bbox": {"xmin": 152, "ymin": 140, "ymax": 336, "xmax": 360}}, {"tid": 4, "generated": 0, "bbox": {"xmin": 168, "ymin": 248, "ymax": 359, "xmax": 300}}], [{"tid": 0, "generated": 0, "bbox": {"xmin": 152, "ymin": 152, "ymax": 347, "xmax": 360}}, {"tid": 4, "generated": 0, "bbox": {"xmin": 151, "ymin": 267, "ymax": 359, "xmax": 290}}], [{"tid": 0, "generated": 0, "bbox": {"xmin": 152, "ymin": 164, "ymax": 358, "xmax": 360}}, {"tid": 4, "generated": 0, "bbox": {"xmin": 133, "ymin": 286, "ymax": 359, "xmax": 279}}], [{"tid": 0, "generated": 0, "bbox": {"xmin": 158, "ymin": 182, "ymax": 358, "xmax": 350}}, {"tid": 4, "generated": 0, "bbox": {"xmin": 114, "ymin": 295, "ymax": 359, "xmax": 260}}], [{"tid": 0, "generated": 0, "bbox": {"xmin": 164, "ymin": 201, "ymax": 358, "xmax": 340}}, {"tid": 4, "generated": 0, "bbox": {"xmin": 95, "ymin": 305, "ymax": 359, "xmax": 241}}], [{"tid": 0, "generated": 0, "bbox": {"xmin": 168, "ymin": 207, "ymax": 358, "xmax": 334}}, {"tid": 4, "generated": 0, "bbox": {"xmin": 76, "ymin": 314, "ymax": 359, "xmax": 222}}], [{"tid": 0, "generated": 0, "bbox": {"xmin": 173, "ymin": 213, "ymax": 359, "xmax": 329}}, {"tid": 4, "generated": 0, "bbox": {"xmin": 57, "ymin": 324, "ymax": 359, "xmax": 203}}], [{"tid": 0, "generated": 0, "bbox": {"xmin": 169, "ymin": 209, "ymax": 359, "xmax": 335}}, {"tid": 4, "generated": 0, "bbox": {"xmin": 38, "ymin": 333, "ymax": 359, "xmax": 184}}], [{"tid": 0, "generated": 0, "bbox": {"xmin": 165, "ymin": 206, "ymax": 359, "xmax": 341}}, {"tid": 4, "generated": 0, "bbox": {"xmin": 44, "ymin": 331, "ymax": 359, "xmax": 190}}], [{"tid": 0, "generated": 0, "bbox": {"xmin": 156, "ymin": 198, "ymax": 359, "xmax": 341}}, {"tid": 4, "generated": 0, "bbox": {"xmin": 50, "ymin": 330, "ymax": 359, "xmax": 196}}]], "subject/objects": [{"category": "dog", "tid": 0}, {"category": "person", "tid": 2}, {"category": "person", "tid": 3}, {"category": "skateboard", "tid": 4}], "relation_instances": [{"end_fid": 30, "subject_tid": 0, "predicate": "right", "begin_fid": 0, "object_tid": 2}, {"end_fid": 30, "subject_tid": 0, "predicate": "front", "begin_fid": 0, "object_tid": 2}, {"end_fid": 30, "subject_tid": 0, "predicate": "away", "begin_fid": 0, "object_tid": 2}, {"end_fid": 30, "subject_tid": 2, "predicate": "stand_behind", "begin_fid": 0, "object_tid": 0}, {"end_fid": 30, "subject_tid": 2, "predicate": "stand_left", "begin_fid": 0, "object_tid": 0}, {"end_fid": 30, "subject_tid": 0, "predicate": "front", "begin_fid": 0, "object_tid": 3}, {"end_fid": 30, "subject_tid": 0, "predicate": "away", "begin_fid": 0, "object_tid": 3}, {"end_fid": 30, "subject_tid": 3, "predicate": "sit_behind", "begin_fid": 0, "object_tid": 0}, {"end_fid": 30, "subject_tid": 0, "predicate": "stand_above", "begin_fid": 0, "object_tid": 4}, {"end_fid": 30, "subject_tid": 4, "predicate": "move_beneath", "begin_fid": 0, "object_tid": 0}, {"end_fid": 30, "subject_tid": 2, "predicate": "stand_next_to", "begin_fid": 0, "object_tid": 3}, {"end_fid": 30, "subject_tid": 2, "predicate": "stand_left", "begin_fid": 0, "object_tid": 3}, {"end_fid": 30, "subject_tid": 3, "predicate": "sit_right", "begin_fid": 0, "object_tid": 2}, {"end_fid": 30, "subject_tid": 3, "predicate": "sit_next_to", "begin_fid": 0, "object_tid": 2}, {"end_fid": 30, "subject_tid": 2, "predicate": "stand_behind", "begin_fid": 0, "object_tid": 4}, {"end_fid": 30, "subject_tid": 2, "predicate": "stand_left", "begin_fid": 0, "object_tid": 4}, {"end_fid": 30, "subject_tid": 4, "predicate": "move_right", "begin_fid": 0, "object_tid": 2}, {"end_fid": 30, "subject_tid": 4, "predicate": "move_front", "begin_fid": 0, "object_tid": 2}, {"end_fid": 30, "subject_tid": 3, "predicate": "sit_behind", "begin_fid": 0, "object_tid": 4}, {"end_fid": 30, "subject_tid": 4, "predicate": "move_front", "begin_fid": 0, "object_tid": 3}, {"end_fid": 105, "subject_tid": 0, "predicate": "front", "begin_fid": 75, "object_tid": 2}, {"end_fid": 105, "subject_tid": 0, "predicate": "away", "begin_fid": 75, "object_tid": 2}, {"end_fid": 105, "subject_tid": 2, "predicate": "stand_behind", "begin_fid": 75, "object_tid": 0}, {"end_fid": 105, "subject_tid": 0, "predicate": "front", "begin_fid": 75, "object_tid": 3}, {"end_fid": 105, "subject_tid": 0, "predicate": "away", "begin_fid": 75, "object_tid": 3}, {"end_fid": 105, "subject_tid": 3, "predicate": "sit_behind", "begin_fid": 75, "object_tid": 0}, {"end_fid": 105, "subject_tid": 0, "predicate": "stand_above", "begin_fid": 75, "object_tid": 4}, {"end_fid": 105, "subject_tid": 4, "predicate": "move_beneath", "begin_fid": 75, "object_tid": 0}, {"end_fid": 105, "subject_tid": 2, "predicate": "stand_next_to", "begin_fid": 75, "object_tid": 3}, {"end_fid": 105, "subject_tid": 2, "predicate": "stand_left", "begin_fid": 75, "object_tid": 3}, {"end_fid": 105, "subject_tid": 3, "predicate": "sit_right", "begin_fid": 75, "object_tid": 2}, {"end_fid": 105, "subject_tid": 3, "predicate": "sit_next_to", "begin_fid": 75, "object_tid": 2}, {"end_fid": 105, "subject_tid": 2, "predicate": "stand_behind", "begin_fid": 75, "object_tid": 4}, {"end_fid": 105, "subject_tid": 4, "predicate": "move_front", "begin_fid": 75, "object_tid": 2}, {"end_fid": 105, "subject_tid": 4, "predicate": "move_away", "begin_fid": 75, "object_tid": 2}, {"end_fid": 105, "subject_tid": 3, "predicate": "sit_behind", "begin_fid": 75, "object_tid": 4}, {"end_fid": 105, "subject_tid": 4, "predicate": "move_front", "begin_fid": 75, "object_tid": 3}, {"end_fid": 105, "subject_tid": 4, "predicate": "move_away", "begin_fid": 75, "object_tid": 3}, {"end_fid": 120, "subject_tid": 0, "predicate": "stand_above", "begin_fid": 90, "object_tid": 4}, {"end_fid": 120, "subject_tid": 4, "predicate": "move_beneath", "begin_fid": 90, "object_tid": 0}, {"end_fid": 180, "subject_tid": 0, "predicate": "stand_above", "begin_fid": 150, "object_tid": 4}, {"end_fid": 180, "subject_tid": 4, "predicate": "move_beneath", "begin_fid": 150, "object_tid": 0}], "height": 360}