{"width": 176, "frame_count": 87, "video_id": "ILSVRC2015_train_00893000", "fps": 18, "trajectories": [[{"tid": 0, "generated": 0, "bbox": {"xmin": 69, "ymin": 37, "ymax": 102, "xmax": 89}}, {"tid": 1, "generated": 0, "bbox": {"xmin": 72, "ymin": 19, "ymax": 89, "xmax": 110}}, {"tid": 2, "generated": 0, "bbox": {"xmin": 113, "ymin": 19, "ymax": 77, "xmax": 142}}], [{"tid": 0, "generated": 0, "bbox": {"xmin": 68, "ymin": 36, "ymax": 96, "xmax": 85}}, {"tid": 1, "generated": 0, "bbox": {"xmin": 72, "ymin": 19, "ymax": 89, "xmax": 110}}, {"tid": 2, "generated": 0, "bbox": {"xmin": 113, "ymin": 19, "ymax": 77, "xmax": 142}}], [{"tid": 0, "generated": 0, "bbox": {"xmin": 68, "ymin": 36, "ymax": 96, "xmax": 84}}, {"tid": 1, "generated": 0, "bbox": {"xmin": 72, "ymin": 19, "ymax": 89, "xmax": 110}}, {"tid": 2, "generated": 0, "bbox": {"xmin": 113, "ymin": 19, "ymax": 77, "xmax": 142}}], [{"tid": 0, "generated": 0, "bbox": {"xmin": 69, "ymin": 36, "ymax": 95, "xmax": 84}}, {"tid": 1, "generated": 0, "bbox": {"xmin": 72, "ymin": 19, "ymax": 89, "xmax": 110}}, {"tid": 2, "generated": 0, "bbox": {"xmin": 113, "ymin": 19, "ymax": 77, "xmax": 142}}], [{"tid": 0, "generated": 0, "bbox": {"xmin": 68, "ymin": 39, "ymax": 96, "xmax": 83}}, {"tid": 1, "generated": 0, "bbox": {"xmin": 72, "ymin": 19, "ymax": 89, "xmax": 110}}, {"tid": 2, "generated": 0, "bbox": {"xmin": 113, "ymin": 19, "ymax": 77, "xmax": 142}}], [{"tid": 0, "generated": 0, "bbox": {"xmin": 67, "ymin": 41, "ymax": 101, "xmax": 81}}, {"tid": 1, "generated": 0, "bbox": {"xmin": 72, "ymin": 19, "ymax": 89, "xmax": 110}}, {"tid": 2, "generated": 0, "bbox": {"xmin": 113, "ymin": 19, "ymax": 77, "xmax": 142}}], [{"tid": 0, "generated": 0, "bbox": {"xmin": 66, "ymin": 45, "ymax": 106, "xmax": 79}}, {"tid": 1, "generated": 0, "bbox": {"xmin": 72, "ymin": 19, "ymax": 89, "xmax": 110}}, {"tid": 2, "generated": 0, "bbox": {"xmin": 114, "ymin": 20, "ymax": 78, "xmax": 143}}], [{"tid": 0, "generated": 0, "bbox": {"xmin": 66, "ymin": 50, "ymax": 107, "xmax": 80}}, {"tid": 1, "generated": 0, "bbox": {"xmin": 72, "ymin": 19, "ymax": 89, "xmax": 110}}, {"tid": 2, "generated": 0, "bbox": {"xmin": 116, "ymin": 20, "ymax": 78, "xmax": 145}}], [{"tid": 0, "generated": 0, "bbox": {"xmin": 63, "ymin": 54, "ymax": 106, "xmax": 80}}, {"tid": 1, "generated": 0, "bbox": {"xmin": 72, "ymin": 19, "ymax": 89, "xmax": 110}}, {"tid": 2, "generated": 0, "bbox": {"xmin": 117, "ymin": 21, "ymax": 79, "xmax": 146}}], [{"tid": 0, "generated": 0, "bbox": {"xmin": 64, "ymin": 57, "ymax": 107, "xmax": 80}}, {"tid": 1, "generated": 0, "bbox": {"xmin": 72, "ymin": 19, "ymax": 89, "xmax": 110}}, {"tid": 2, "generated": 0, "bbox": {"xmin": 119, "ymin": 21, "ymax": 79, "xmax": 148}}], [{"tid": 0, "generated": 0, "bbox": {"xmin": 66, "ymin": 62, "ymax": 107, "xmax": 83}}, {"tid": 1, "generated": 0, "bbox": {"xmin": 72, "ymin": 19, "ymax": 89, "xmax": 110}}, {"tid": 2, "generated": 0, "bbox": {"xmin": 120, "ymin": 22, "ymax": 80, "xmax": 149}}], [{"tid": 0, "generated": 0, "bbox": {"xmin": 66, "ymin": 65, "ymax": 106, "xmax": 81}}, {"tid": 1, "generated": 0, "bbox": {"xmin": 72, "ymin": 19, "ymax": 89, "xmax": 110}}, {"tid": 2, "generated": 0, "bbox": {"xmin": 122, "ymin": 21, "ymax": 80, "xmax": 151}}], [{"tid": 0, "generated": 0, "bbox": {"xmin": 66, "ymin": 66, "ymax": 105, "xmax": 80}}, {"tid": 1, "generated": 0, "bbox": {"xmin": 72, "ymin": 19, "ymax": 89, "xmax": 110}}, {"tid": 2, "generated": 0, "bbox": {"xmin": 124, "ymin": 19, "ymax": 80, "xmax": 153}}], [{"tid": 0, "generated": 0, "bbox": {"xmin": 66, "ymin": 66, "ymax": 103, "xmax": 80}}, {"tid": 1, "generated": 0, "bbox": {"xmin": 72, "ymin": 19, "ymax": 89, "xmax": 110}}, {"tid": 2, "generated": 0, "bbox": {"xmin": 127, "ymin": 18, "ymax": 80, "xmax": 156}}], [{"tid": 0, "generated": 0, "bbox": {"xmin": 69, "ymin": 64, "ymax": 102, "xmax": 80}}, {"tid": 1, "generated": 0, "bbox": {"xmin": 72, "ymin": 19, "ymax": 89, "xmax": 110}}, {"tid": 2, "generated": 0, "bbox": {"xmin": 129, "ymin": 16, "ymax": 80, "xmax": 158}}], [{"tid": 0, "generated": 0, "bbox": {"xmin": 69, "ymin": 62, "ymax": 101, "xmax": 81}}, {"tid": 1, "generated": 0, "bbox": {"xmin": 72, "ymin": 19, "ymax": 89, "xmax": 110}}, {"tid": 2, "generated": 0, "bbox": {"xmin": 131, "ymin": 15, "ymax": 80, "xmax": 160}}], [{"tid": 0, "generated": 0, "bbox": {"xmin": 69, "ymin": 61, "ymax": 100, "xmax": 83}}, {"tid": 1, "generated": 0, "bbox": {"xmin": 72, "ymin": 19, "ymax": 89, "xmax": 110}}, {"tid": 2, "generated": 0, "bbox": {"xmin": 132, "ymin": 15, "ymax": 80, "xmax": 161}}], [{"tid": 0, "generated": 0, "bbox": {"xmin": 69, "ymin": 60, "ymax": 99, "xmax": 83}}, {"tid": 1, "generated": 0, "bbox": {"xmin": 72, "ymin": 19, "ymax": 89, "xmax": 110}}, {"tid": 2, "generated": 0, "bbox": {"xmin": 133, "ymin": 15, "ymax": 80, "xmax": 162}}], [{"tid": 0, "generated": 0, "bbox": {"xmin": 69, "ymin": 59, "ymax": 99, "xmax": 83}}, {"tid": 1, "generated": 0, "bbox": {"xmin": 72, "ymin": 19, "ymax": 89, "xmax": 110}}, {"tid": 2, "generated": 0, "bbox": {"xmin": 133, "ymin": 16, "ymax": 81, "xmax": 162}}], [{"tid": 0, "generated": 0, "bbox": {"xmin": 69, "ymin": 58, "ymax": 99, "xmax": 83}}, {"tid": 1, "generated": 0, "bbox": {"xmin": 72, "ymin": 19, "ymax": 89, "xmax": 110}}, {"tid": 2, "generated": 0, "bbox": {"xmin": 134, "ymin": 16, "ymax": 81, "xmax": 163}}], [{"tid": 0, "generated": 0, "bbox": {"xmin": 69, "ymin": 58, "ymax": 99, "xmax": 83}}, {"tid": 1, "generated": 0, "bbox": {"xmin": 72, "ymin": 19, "ymax": 89, "xmax": 110}}, {"tid": 2, "generated": 0, "bbox": {"xmin": 135, "ymin": 16, "ymax": 81, "xmax": 164}}], [{"tid": 0, "generated": 0, "bbox": {"xmin": 69, "ymin": 56, "ymax": 98, "xmax": 86}}, {"tid": 1, "generated": 0, "bbox": {"xmin": 72, "ymin": 19, "ymax": 89, "xmax": 110}}, {"tid": 2, "generated": 0, "bbox": {"xmin": 136, "ymin": 16, "ymax": 81, "xmax": 165}}], [{"tid": 0, "generated": 0, "bbox": {"xmin": 69, "ymin": 57, "ymax": 97, "xmax": 85}}, {"tid": 1, "generated": 0, "bbox": {"xmin": 72, "ymin": 19, "ymax": 89, "xmax": 110}}, {"tid": 2, "generated": 0, "bbox": {"xmin": 137, "ymin": 16, "ymax": 81, "xmax": 166}}], [{"tid": 0, "generated": 0, "bbox": {"xmin": 69, "ymin": 56, "ymax": 97, "xmax": 86}}, {"tid": 1, "generated": 0, "bbox": {"xmin": 72, "ymin": 19, "ymax": 89, "xmax": 110}}, {"tid": 2, "generated": 0, "bbox": {"xmin": 137, "ymin": 17, "ymax": 82, "xmax": 166}}], [{"tid": 0, "generated": 0, "bbox": {"xmin": 72, "ymin": 55, "ymax": 96, "xmax": 87}}, {"tid": 1, "generated": 0, "bbox": {"xmin": 72, "ymin": 19, "ymax": 89, "xmax": 110}}, {"tid": 2, "generated": 0, "bbox": {"xmin": 138, "ymin": 17, "ymax": 82, "xmax": 167}}], [{"tid": 0, "generated": 0, "bbox": {"xmin": 70, "ymin": 55, "ymax": 95, "xmax": 88}}, {"tid": 1, "generated": 0, "bbox": {"xmin": 72, "ymin": 19, "ymax": 89, "xmax": 110}}, {"tid": 2, "generated": 0, "bbox": {"xmin": 139, "ymin": 17, "ymax": 82, "xmax": 168}}], [{"tid": 0, "generated": 0, "bbox": {"xmin": 70, "ymin": 56, "ymax": 95, "xmax": 88}}, {"tid": 1, "generated": 0, "bbox": {"xmin": 72, "ymin": 19, "ymax": 89, "xmax": 110}}, {"tid": 2, "generated": 0, "bbox": {"xmin": 139, "ymin": 17, "ymax": 82, "xmax": 168}}], [{"tid": 0, "generated": 0, "bbox": {"xmin": 69, "ymin": 55, "ymax": 95, "xmax": 88}}, {"tid": 1, "generated": 0, "bbox": {"xmin": 73, "ymin": 19, "ymax": 89, "xmax": 111}}, {"tid": 2, "generated": 0, "bbox": {"xmin": 139, "ymin": 17, "ymax": 82, "xmax": 168}}], [{"tid": 0, "generated": 0, "bbox": {"xmin": 69, "ymin": 56, "ymax": 96, "xmax": 88}}, {"tid": 1, "generated": 0, "bbox": {"xmin": 73, "ymin": 19, "ymax": 89, "xmax": 111}}, {"tid": 2, "generated": 0, "bbox": {"xmin": 139, "ymin": 18, "ymax": 83, "xmax": 168}}], [{"tid": 0, "generated": 0, "bbox": {"xmin": 69, "ymin": 57, "ymax": 95, "xmax": 89}}, {"tid": 1, "generated": 0, "bbox": {"xmin": 74, "ymin": 19, "ymax": 89, "xmax": 112}}, {"tid": 2, "generated": 0, "bbox": {"xmin": 139, "ymin": 18, "ymax": 83, "xmax": 168}}], [], [], [], [], [], [], [], [], [], [], [], [], [], [], [], [{"tid": 0, "generated": 0, "bbox": {"xmin": 75, "ymin": 54, "ymax": 95, "xmax": 109}}, {"tid": 1, "generated": 0, "bbox": {"xmin": 76, "ymin": 19, "ymax": 89, "xmax": 114}}, {"tid": 2, "generated": 0, "bbox": {"xmin": 138, "ymin": 17, "ymax": 82, "xmax": 167}}], [{"tid": 0, "generated": 0, "bbox": {"xmin": 75, "ymin": 55, "ymax": 95, "xmax": 108}}, {"tid": 1, "generated": 0, "bbox": {"xmin": 76, "ymin": 19, "ymax": 89, "xmax": 114}}, {"tid": 2, "generated": 0, "bbox": {"xmin": 138, "ymin": 16, "ymax": 82, "xmax": 167}}], [{"tid": 0, "generated": 0, "bbox": {"xmin": 72, "ymin": 55, "ymax": 96, "xmax": 110}}, {"tid": 1, "generated": 0, "bbox": {"xmin": 77, "ymin": 19, "ymax": 89, "xmax": 115}}, {"tid": 2, "generated": 0, "bbox": {"xmin": 138, "ymin": 15, "ymax": 82, "xmax": 167}}], [{"tid": 0, "generated": 0, "bbox": {"xmin": 76, "ymin": 57, "ymax": 97, "xmax": 111}}, {"tid": 1, "generated": 0, "bbox": {"xmin": 77, "ymin": 19, "ymax": 89, "xmax": 115}}, {"tid": 2, "generated": 0, "bbox": {"xmin": 138, "ymin": 14, "ymax": 82, "xmax": 167}}], [{"tid": 0, "generated": 0, "bbox": {"xmin": 78, "ymin": 58, "ymax": 97, "xmax": 113}}, {"tid": 1, "generated": 0, "bbox": {"xmin": 78, "ymin": 19, "ymax": 89, "xmax": 116}}, {"tid": 2, "generated": 0, "bbox": {"xmin": 138, "ymin": 13, "ymax": 82, "xmax": 167}}], [{"tid": 0, "generated": 0, "bbox": {"xmin": 83, "ymin": 65, "ymax": 99, "xmax": 116}}, {"tid": 1, "generated": 0, "bbox": {"xmin": 78, "ymin": 19, "ymax": 89, "xmax": 116}}, {"tid": 2, "generated": 0, "bbox": {"xmin": 138, "ymin": 12, "ymax": 82, "xmax": 167}}], [{"tid": 0, "generated": 0, "bbox": {"xmin": 81, "ymin": 65, "ymax": 99, "xmax": 117}}, {"tid": 1, "generated": 0, "bbox": {"xmin": 78, "ymin": 19, "ymax": 89, "xmax": 116}}, {"tid": 2, "generated": 0, "bbox": {"xmin": 138, "ymin": 12, "ymax": 82, "xmax": 167}}], [{"tid": 0, "generated": 0, "bbox": {"xmin": 80, "ymin": 65, "ymax": 99, "xmax": 119}}, {"tid": 1, "generated": 0, "bbox": {"xmin": 78, "ymin": 19, "ymax": 89, "xmax": 116}}, {"tid": 2, "generated": 0, "bbox": {"xmin": 138, "ymin": 12, "ymax": 82, "xmax": 167}}], [{"tid": 0, "generated": 0, "bbox": {"xmin": 83, "ymin": 65, "ymax": 99, "xmax": 120}}, {"tid": 1, "generated": 0, "bbox": {"xmin": 78, "ymin": 19, "ymax": 89, "xmax": 116}}, {"tid": 2, "generated": 0, "bbox": {"xmin": 138, "ymin": 12, "ymax": 82, "xmax": 167}}], [{"tid": 0, "generated": 0, "bbox": {"xmin": 87, "ymin": 65, "ymax": 99, "xmax": 121}}, {"tid": 1, "generated": 0, "bbox": {"xmin": 78, "ymin": 19, "ymax": 89, "xmax": 116}}, {"tid": 2, "generated": 0, "bbox": {"xmin": 138, "ymin": 12, "ymax": 82, "xmax": 167}}], [{"tid": 0, "generated": 0, "bbox": {"xmin": 88, "ymin": 65, "ymax": 100, "xmax": 120}}, {"tid": 1, "generated": 0, "bbox": {"xmin": 78, "ymin": 19, "ymax": 89, "xmax": 116}}, {"tid": 2, "generated": 0, "bbox": {"xmin": 138, "ymin": 12, "ymax": 82, "xmax": 167}}], [{"tid": 0, "generated": 0, "bbox": {"xmin": 87, "ymin": 64, "ymax": 100, "xmax": 121}}, {"tid": 1, "generated": 0, "bbox": {"xmin": 78, "ymin": 19, "ymax": 89, "xmax": 116}}, {"tid": 2, "generated": 0, "bbox": {"xmin": 138, "ymin": 13, "ymax": 83, "xmax": 167}}], [{"tid": 0, "generated": 0, "bbox": {"xmin": 91, "ymin": 64, "ymax": 100, "xmax": 119}}, {"tid": 1, "generated": 0, "bbox": {"xmin": 78, "ymin": 19, "ymax": 89, "xmax": 116}}, {"tid": 2, "generated": 0, "bbox": {"xmin": 138, "ymin": 14, "ymax": 84, "xmax": 167}}], [{"tid": 0, "generated": 0, "bbox": {"xmin": 95, "ymin": 64, "ymax": 100, "xmax": 121}}, {"tid": 1, "generated": 0, "bbox": {"xmin": 78, "ymin": 19, "ymax": 89, "xmax": 116}}, {"tid": 2, "generated": 0, "bbox": {"xmin": 139, "ymin": 16, "ymax": 86, "xmax": 168}}], [{"tid": 0, "generated": 0, "bbox": {"xmin": 97, "ymin": 64, "ymax": 100, "xmax": 121}}, {"tid": 1, "generated": 0, "bbox": {"xmin": 78, "ymin": 19, "ymax": 89, "xmax": 116}}, {"tid": 2, "generated": 0, "bbox": {"xmin": 139, "ymin": 17, "ymax": 87, "xmax": 168}}], [{"tid": 0, "generated": 0, "bbox": {"xmin": 101, "ymin": 64, "ymax": 100, "xmax": 121}}, {"tid": 1, "generated": 0, "bbox": {"xmin": 78, "ymin": 19, "ymax": 89, "xmax": 116}}, {"tid": 2, "generated": 0, "bbox": {"xmin": 139, "ymin": 18, "ymax": 88, "xmax": 168}}], [{"tid": 0, "generated": 0, "bbox": {"xmin": 102, "ymin": 64, "ymax": 101, "xmax": 121}}, {"tid": 1, "generated": 0, "bbox": {"xmin": 76, "ymin": 19, "ymax": 89, "xmax": 114}}, {"tid": 2, "generated": 0, "bbox": {"xmin": 139, "ymin": 17, "ymax": 90, "xmax": 168}}], [{"tid": 0, "generated": 0, "bbox": {"xmin": 101, "ymin": 63, "ymax": 99, "xmax": 121}}, {"tid": 1, "generated": 0, "bbox": {"xmin": 74, "ymin": 19, "ymax": 89, "xmax": 112}}, {"tid": 2, "generated": 0, "bbox": {"xmin": 139, "ymin": 17, "ymax": 91, "xmax": 168}}], [{"tid": 0, "generated": 0, "bbox": {"xmin": 99, "ymin": 64, "ymax": 101, "xmax": 119}}, {"tid": 1, "generated": 0, "bbox": {"xmin": 72, "ymin": 19, "ymax": 89, "xmax": 110}}, {"tid": 2, "generated": 0, "bbox": {"xmin": 139, "ymin": 16, "ymax": 93, "xmax": 168}}], [{"tid": 0, "generated": 0, "bbox": {"xmin": 99, "ymin": 63, "ymax": 100, "xmax": 123}}, {"tid": 1, "generated": 0, "bbox": {"xmin": 70, "ymin": 19, "ymax": 89, "xmax": 108}}, {"tid": 2, "generated": 0, "bbox": {"xmin": 139, "ymin": 16, "ymax": 94, "xmax": 168}}], [{"tid": 0, "generated": 0, "bbox": {"xmin": 98, "ymin": 63, "ymax": 100, "xmax": 122}}, {"tid": 1, "generated": 0, "bbox": {"xmin": 68, "ymin": 19, "ymax": 89, "xmax": 106}}, {"tid": 2, "generated": 0, "bbox": {"xmin": 139, "ymin": 15, "ymax": 96, "xmax": 168}}], [{"tid": 0, "generated": 0, "bbox": {"xmin": 96, "ymin": 63, "ymax": 99, "xmax": 125}}, {"tid": 1, "generated": 0, "bbox": {"xmin": 66, "ymin": 19, "ymax": 89, "xmax": 104}}, {"tid": 2, "generated": 0, "bbox": {"xmin": 139, "ymin": 15, "ymax": 96, "xmax": 168}}], [{"tid": 0, "generated": 0, "bbox": {"xmin": 95, "ymin": 62, "ymax": 99, "xmax": 128}}, {"tid": 1, "generated": 0, "bbox": {"xmin": 64, "ymin": 19, "ymax": 89, "xmax": 102}}, {"tid": 2, "generated": 0, "bbox": {"xmin": 138, "ymin": 15, "ymax": 96, "xmax": 167}}], [{"tid": 0, "generated": 0, "bbox": {"xmin": 92, "ymin": 62, "ymax": 99, "xmax": 128}}, {"tid": 1, "generated": 0, "bbox": {"xmin": 61, "ymin": 19, "ymax": 89, "xmax": 99}}, {"tid": 2, "generated": 0, "bbox": {"xmin": 138, "ymin": 15, "ymax": 96, "xmax": 167}}], [{"tid": 0, "generated": 0, "bbox": {"xmin": 90, "ymin": 62, "ymax": 99, "xmax": 128}}, {"tid": 1, "generated": 0, "bbox": {"xmin": 59, "ymin": 19, "ymax": 89, "xmax": 97}}, {"tid": 2, "generated": 0, "bbox": {"xmin": 137, "ymin": 15, "ymax": 96, "xmax": 166}}], [{"tid": 0, "generated": 0, "bbox": {"xmin": 92, "ymin": 62, "ymax": 99, "xmax": 129}}, {"tid": 1, "generated": 0, "bbox": {"xmin": 57, "ymin": 19, "ymax": 89, "xmax": 95}}, {"tid": 2, "generated": 0, "bbox": {"xmin": 137, "ymin": 15, "ymax": 96, "xmax": 166}}], [{"tid": 0, "generated": 0, "bbox": {"xmin": 91, "ymin": 62, "ymax": 99, "xmax": 128}}, {"tid": 1, "generated": 0, "bbox": {"xmin": 53, "ymin": 18, "ymax": 93, "xmax": 92}}, {"tid": 2, "generated": 0, "bbox": {"xmin": 137, "ymin": 15, "ymax": 96, "xmax": 166}}], [{"tid": 0, "generated": 0, "bbox": {"xmin": 89, "ymin": 62, "ymax": 99, "xmax": 127}}, {"tid": 1, "generated": 0, "bbox": {"xmin": 49, "ymin": 17, "ymax": 97, "xmax": 89}}, {"tid": 2, "generated": 0, "bbox": {"xmin": 137, "ymin": 15, "ymax": 96, "xmax": 166}}], [{"tid": 0, "generated": 0, "bbox": {"xmin": 88, "ymin": 62, "ymax": 99, "xmax": 127}}, {"tid": 1, "generated": 0, "bbox": {"xmin": 44, "ymin": 17, "ymax": 101, "xmax": 85}}, {"tid": 2, "generated": 0, "bbox": {"xmin": 137, "ymin": 15, "ymax": 96, "xmax": 166}}], [{"tid": 0, "generated": 0, "bbox": {"xmin": 85, "ymin": 62, "ymax": 100, "xmax": 123}}, {"tid": 1, "generated": 0, "bbox": {"xmin": 40, "ymin": 16, "ymax": 105, "xmax": 82}}, {"tid": 2, "generated": 0, "bbox": {"xmin": 137, "ymin": 15, "ymax": 96, "xmax": 166}}]], "subject/objects": [{"category": "dog", "tid": 0}, {"category": "person", "tid": 1}, {"category": "person", "tid": 2}], "relation_instances": [{"end_fid": 30, "subject_tid": 0, "predicate": "jump_front", "begin_fid": 0, "object_tid": 1}, {"end_fid": 30, "subject_tid": 1, "predicate": "stand_behind", "begin_fid": 0, "object_tid": 0}, {"end_fid": 30, "subject_tid": 1, "predicate": "taller", "begin_fid": 0, "object_tid": 0}, {"end_fid": 30, "subject_tid": 0, "predicate": "jump_left", "begin_fid": 0, "object_tid": 2}, {"end_fid": 30, "subject_tid": 2, "predicate": "walk_right", "begin_fid": 0, "object_tid": 0}, {"end_fid": 30, "subject_tid": 2, "predicate": "taller", "begin_fid": 0, "object_tid": 0}, {"end_fid": 30, "subject_tid": 1, "predicate": "stand_left", "begin_fid": 0, "object_tid": 2}, {"end_fid": 30, "subject_tid": 2, "predicate": "walk_right", "begin_fid": 0, "object_tid": 1}, {"end_fid": 30, "subject_tid": 2, "predicate": "walk_away", "begin_fid": 0, "object_tid": 1}, {"end_fid": 75, "subject_tid": 0, "predicate": "walk_past", "begin_fid": 45, "object_tid": 1}, {"end_fid": 75, "subject_tid": 1, "predicate": "walk_past", "begin_fid": 45, "object_tid": 0}, {"end_fid": 75, "subject_tid": 0, "predicate": "walk_left", "begin_fid": 45, "object_tid": 2}, {"end_fid": 75, "subject_tid": 2, "predicate": "walk_right", "begin_fid": 45, "object_tid": 0}, {"end_fid": 75, "subject_tid": 2, "predicate": "walk_past", "begin_fid": 45, "object_tid": 0}, {"end_fid": 75, "subject_tid": 1, "predicate": "walk_left", "begin_fid": 45, "object_tid": 2}, {"end_fid": 75, "subject_tid": 2, "predicate": "walk_right", "begin_fid": 45, "object_tid": 1}], "height": 144}