{"width": 1280, "frame_count": 60, "video_id": "ILSVRC2015_train_00077001", "fps": 29, "trajectories": [[{"tid": 0, "generated": 0, "bbox": {"xmin": 99, "ymin": 293, "ymax": 528, "xmax": 352}}, {"tid": 2, "generated": 0, "bbox": {"xmin": 814, "ymin": 433, "ymax": 716, "xmax": 1175}}, {"tid": 3, "generated": 0, "bbox": {"xmin": 720, "ymin": 144, "ymax": 277, "xmax": 903}}], [{"tid": 0, "generated": 0, "bbox": {"xmin": 89, "ymin": 291, "ymax": 524, "xmax": 342}}, {"tid": 2, "generated": 0, "bbox": {"xmin": 801, "ymin": 433, "ymax": 716, "xmax": 1175}}, {"tid": 3, "generated": 0, "bbox": {"xmin": 716, "ymin": 144, "ymax": 277, "xmax": 901}}], [{"tid": 0, "generated": 0, "bbox": {"xmin": 80, "ymin": 289, "ymax": 520, "xmax": 332}}, {"tid": 2, "generated": 0, "bbox": {"xmin": 789, "ymin": 433, "ymax": 716, "xmax": 1176}}, {"tid": 3, "generated": 0, "bbox": {"xmin": 711, "ymin": 144, "ymax": 279, "xmax": 897}}], [{"tid": 0, "generated": 0, "bbox": {"xmin": 69, "ymin": 298, "ymax": 520, "xmax": 323}}, {"tid": 2, "generated": 0, "bbox": {"xmin": 784, "ymin": 433, "ymax": 716, "xmax": 1172}}, {"tid": 3, "generated": 0, "bbox": {"xmin": 709, "ymin": 144, "ymax": 282, "xmax": 897}}], [{"tid": 0, "generated": 0, "bbox": {"xmin": 58, "ymin": 295, "ymax": 517, "xmax": 307}}, {"tid": 2, "generated": 0, "bbox": {"xmin": 780, "ymin": 433, "ymax": 716, "xmax": 1169}}, {"tid": 3, "generated": 0, "bbox": {"xmin": 709, "ymin": 144, "ymax": 283, "xmax": 894}}], [{"tid": 0, "generated": 0, "bbox": {"xmin": 48, "ymin": 292, "ymax": 516, "xmax": 304}}, {"tid": 2, "generated": 0, "bbox": {"xmin": 785, "ymin": 433, "ymax": 718, "xmax": 1168}}, {"tid": 3, "generated": 0, "bbox": {"xmin": 709, "ymin": 144, "ymax": 284, "xmax": 892}}], [{"tid": 0, "generated": 0, "bbox": {"xmin": 39, "ymin": 290, "ymax": 515, "xmax": 301}}, {"tid": 2, "generated": 0, "bbox": {"xmin": 791, "ymin": 435, "ymax": 718, "xmax": 1168}}, {"tid": 3, "generated": 0, "bbox": {"xmin": 707, "ymin": 144, "ymax": 284, "xmax": 892}}], [{"tid": 0, "generated": 0, "bbox": {"xmin": 30, "ymin": 287, "ymax": 515, "xmax": 299}}, {"tid": 2, "generated": 0, "bbox": {"xmin": 790, "ymin": 436, "ymax": 716, "xmax": 1166}}, {"tid": 3, "generated": 0, "bbox": {"xmin": 707, "ymin": 144, "ymax": 284, "xmax": 892}}], [{"tid": 0, "generated": 0, "bbox": {"xmin": 21, "ymin": 285, "ymax": 514, "xmax": 296}}, {"tid": 2, "generated": 0, "bbox": {"xmin": 789, "ymin": 437, "ymax": 714, "xmax": 1164}}, {"tid": 3, "generated": 0, "bbox": {"xmin": 704, "ymin": 144, "ymax": 286, "xmax": 888}}], [{"tid": 0, "generated": 0, "bbox": {"xmin": 12, "ymin": 282, "ymax": 513, "xmax": 293}}, {"tid": 2, "generated": 0, "bbox": {"xmin": 785, "ymin": 437, "ymax": 718, "xmax": 1160}}, {"tid": 3, "generated": 0, "bbox": {"xmin": 705, "ymin": 144, "ymax": 284, "xmax": 885}}], [{"tid": 0, "generated": 0, "bbox": {"xmin": 3, "ymin": 280, "ymax": 513, "xmax": 291}}, {"tid": 2, "generated": 0, "bbox": {"xmin": 785, "ymin": 439, "ymax": 718, "xmax": 1159}}, {"tid": 3, "generated": 0, "bbox": {"xmin": 707, "ymin": 144, "ymax": 279, "xmax": 887}}], [{"tid": 0, "generated": 0, "bbox": {"xmin": 1, "ymin": 275, "ymax": 513, "xmax": 279}}, {"tid": 2, "generated": 0, "bbox": {"xmin": 786, "ymin": 438, "ymax": 717, "xmax": 1159}}, {"tid": 3, "generated": 0, "bbox": {"xmin": 706, "ymin": 150, "ymax": 281, "xmax": 887}}], [{"tid": 0, "generated": 0, "bbox": {"xmin": 0, "ymin": 275, "ymax": 510, "xmax": 286}}, {"tid": 2, "generated": 0, "bbox": {"xmin": 787, "ymin": 437, "ymax": 716, "xmax": 1160}}, {"tid": 3, "generated": 0, "bbox": {"xmin": 705, "ymin": 156, "ymax": 284, "xmax": 887}}], [{"tid": 0, "generated": 0, "bbox": {"xmin": 0, "ymin": 275, "ymax": 508, "xmax": 286}}, {"tid": 2, "generated": 0, "bbox": {"xmin": 787, "ymin": 433, "ymax": 716, "xmax": 1164}}, {"tid": 3, "generated": 0, "bbox": {"xmin": 707, "ymin": 156, "ymax": 280, "xmax": 883}}], [{"tid": 0, "generated": 0, "bbox": {"xmin": 0, "ymin": 275, "ymax": 506, "xmax": 280}}, {"tid": 2, "generated": 0, "bbox": {"xmin": 788, "ymin": 436, "ymax": 716, "xmax": 1160}}, {"tid": 3, "generated": 0, "bbox": {"xmin": 704, "ymin": 156, "ymax": 280, "xmax": 881}}], [{"tid": 0, "generated": 0, "bbox": {"xmin": 0, "ymin": 277, "ymax": 504, "xmax": 273}}, {"tid": 2, "generated": 0, "bbox": {"xmin": 789, "ymin": 439, "ymax": 716, "xmax": 1157}}, {"tid": 3, "generated": 0, "bbox": {"xmin": 705, "ymin": 156, "ymax": 277, "xmax": 883}}], [{"tid": 0, "generated": 0, "bbox": {"xmin": 0, "ymin": 286, "ymax": 504, "xmax": 268}}, {"tid": 2, "generated": 0, "bbox": {"xmin": 789, "ymin": 437, "ymax": 718, "xmax": 1157}}, {"tid": 3, "generated": 0, "bbox": {"xmin": 698, "ymin": 158, "ymax": 280, "xmax": 883}}], [{"tid": 0, "generated": 0, "bbox": {"xmin": 0, "ymin": 284, "ymax": 497, "xmax": 248}}, {"tid": 2, "generated": 0, "bbox": {"xmin": 791, "ymin": 439, "ymax": 718, "xmax": 1155}}, {"tid": 3, "generated": 0, "bbox": {"xmin": 702, "ymin": 158, "ymax": 275, "xmax": 883}}], [{"tid": 0, "generated": 0, "bbox": {"xmin": 0, "ymin": 284, "ymax": 500, "xmax": 241}}, {"tid": 2, "generated": 0, "bbox": {"xmin": 792, "ymin": 439, "ymax": 716, "xmax": 1160}}, {"tid": 3, "generated": 0, "bbox": {"xmin": 705, "ymin": 158, "ymax": 280, "xmax": 881}}], [{"tid": 0, "generated": 0, "bbox": {"xmin": 0, "ymin": 284, "ymax": 504, "xmax": 234}}, {"tid": 2, "generated": 0, "bbox": {"xmin": 794, "ymin": 433, "ymax": 714, "xmax": 1159}}, {"tid": 3, "generated": 0, "bbox": {"xmin": 702, "ymin": 161, "ymax": 275, "xmax": 887}}], [{"tid": 0, "generated": 0, "bbox": {"xmin": 0, "ymin": 284, "ymax": 508, "xmax": 227}}, {"tid": 2, "generated": 0, "bbox": {"xmin": 796, "ymin": 437, "ymax": 718, "xmax": 1155}}, {"tid": 3, "generated": 0, "bbox": {"xmin": 705, "ymin": 161, "ymax": 279, "xmax": 881}}], [{"tid": 0, "generated": 0, "bbox": {"xmin": 0, "ymin": 298, "ymax": 499, "xmax": 225}}, {"tid": 2, "generated": 0, "bbox": {"xmin": 798, "ymin": 435, "ymax": 718, "xmax": 1159}}, {"tid": 3, "generated": 0, "bbox": {"xmin": 709, "ymin": 167, "ymax": 280, "xmax": 883}}], [{"tid": 0, "generated": 0, "bbox": {"xmin": 0, "ymin": 312, "ymax": 506, "xmax": 227}}, {"tid": 2, "generated": 0, "bbox": {"xmin": 800, "ymin": 442, "ymax": 716, "xmax": 1157}}, {"tid": 3, "generated": 0, "bbox": {"xmin": 712, "ymin": 172, "ymax": 288, "xmax": 878}}], [{"tid": 0, "generated": 0, "bbox": {"xmin": 0, "ymin": 316, "ymax": 494, "xmax": 225}}, {"tid": 2, "generated": 0, "bbox": {"xmin": 801, "ymin": 446, "ymax": 716, "xmax": 1155}}, {"tid": 3, "generated": 0, "bbox": {"xmin": 704, "ymin": 174, "ymax": 286, "xmax": 885}}], [{"tid": 0, "generated": 0, "bbox": {"xmin": 0, "ymin": 320, "ymax": 503, "xmax": 220}}, {"tid": 2, "generated": 0, "bbox": {"xmin": 803, "ymin": 446, "ymax": 714, "xmax": 1160}}, {"tid": 3, "generated": 0, "bbox": {"xmin": 702, "ymin": 176, "ymax": 288, "xmax": 885}}], [{"tid": 0, "generated": 0, "bbox": {"xmin": 0, "ymin": 321, "ymax": 513, "xmax": 218}}, {"tid": 2, "generated": 0, "bbox": {"xmin": 805, "ymin": 453, "ymax": 712, "xmax": 1159}}, {"tid": 3, "generated": 0, "bbox": {"xmin": 698, "ymin": 181, "ymax": 298, "xmax": 880}}], [{"tid": 0, "generated": 0, "bbox": {"xmin": 0, "ymin": 348, "ymax": 533, "xmax": 211}}, {"tid": 2, "generated": 0, "bbox": {"xmin": 807, "ymin": 481, "ymax": 718, "xmax": 1152}}, {"tid": 3, "generated": 0, "bbox": {"xmin": 693, "ymin": 199, "ymax": 325, "xmax": 880}}], [{"tid": 0, "generated": 0, "bbox": {"xmin": 0, "ymin": 325, "ymax": 574, "xmax": 209}}, {"tid": 2, "generated": 0, "bbox": {"xmin": 808, "ymin": 515, "ymax": 716, "xmax": 1159}}, {"tid": 3, "generated": 0, "bbox": {"xmin": 689, "ymin": 216, "ymax": 353, "xmax": 885}}], [{"tid": 0, "generated": 0, "bbox": {"xmin": 0, "ymin": 423, "ymax": 558, "xmax": 170}}, {"tid": 2, "generated": 0, "bbox": {"xmin": 810, "ymin": 544, "ymax": 718, "xmax": 1157}}, {"tid": 3, "generated": 0, "bbox": {"xmin": 709, "ymin": 256, "ymax": 384, "xmax": 887}}], [{"tid": 0, "generated": 0, "bbox": {"xmin": 0, "ymin": 430, "ymax": 566, "xmax": 157}}, {"tid": 2, "generated": 0, "bbox": {"xmin": 805, "ymin": 552, "ymax": 717, "xmax": 1157}}, {"tid": 3, "generated": 0, "bbox": {"xmin": 705, "ymin": 268, "ymax": 394, "xmax": 883}}], [{"tid": 2, "generated": 0, "bbox": {"xmin": 800, "ymin": 560, "ymax": 716, "xmax": 1157}}, {"tid": 3, "generated": 0, "bbox": {"xmin": 696, "ymin": 270, "ymax": 396, "xmax": 887}}], [{"tid": 2, "generated": 0, "bbox": {"xmin": 801, "ymin": 552, "ymax": 716, "xmax": 1159}}, {"tid": 3, "generated": 0, "bbox": {"xmin": 696, "ymin": 266, "ymax": 391, "xmax": 887}}], [{"tid": 2, "generated": 0, "bbox": {"xmin": 805, "ymin": 531, "ymax": 718, "xmax": 1146}}, {"tid": 3, "generated": 0, "bbox": {"xmin": 700, "ymin": 257, "ymax": 369, "xmax": 881}}], [{"tid": 2, "generated": 0, "bbox": {"xmin": 805, "ymin": 528, "ymax": 718, "xmax": 1148}}, {"tid": 3, "generated": 0, "bbox": {"xmin": 700, "ymin": 252, "ymax": 368, "xmax": 880}}], [{"tid": 2, "generated": 0, "bbox": {"xmin": 806, "ymin": 528, "ymax": 717, "xmax": 1143}}, {"tid": 3, "generated": 0, "bbox": {"xmin": 702, "ymin": 252, "ymax": 367, "xmax": 875}}], [{"tid": 2, "generated": 0, "bbox": {"xmin": 807, "ymin": 529, "ymax": 716, "xmax": 1139}}, {"tid": 3, "generated": 0, "bbox": {"xmin": 705, "ymin": 252, "ymax": 366, "xmax": 871}}], [{"tid": 2, "generated": 0, "bbox": {"xmin": 797, "ymin": 534, "ymax": 715, "xmax": 1146}}, {"tid": 3, "generated": 0, "bbox": {"xmin": 704, "ymin": 248, "ymax": 369, "xmax": 871}}], [{"tid": 2, "generated": 0, "bbox": {"xmin": 787, "ymin": 540, "ymax": 714, "xmax": 1153}}, {"tid": 3, "generated": 0, "bbox": {"xmin": 705, "ymin": 245, "ymax": 368, "xmax": 871}}], [{"tid": 2, "generated": 0, "bbox": {"xmin": 790, "ymin": 542, "ymax": 713, "xmax": 1164}}, {"tid": 3, "generated": 0, "bbox": {"xmin": 704, "ymin": 243, "ymax": 366, "xmax": 872}}], [{"tid": 2, "generated": 0, "bbox": {"xmin": 794, "ymin": 544, "ymax": 712, "xmax": 1176}}, {"tid": 3, "generated": 0, "bbox": {"xmin": 707, "ymin": 241, "ymax": 366, "xmax": 876}}], [{"tid": 2, "generated": 0, "bbox": {"xmin": 791, "ymin": 547, "ymax": 716, "xmax": 1192}}, {"tid": 3, "generated": 0, "bbox": {"xmin": 704, "ymin": 240, "ymax": 366, "xmax": 883}}], [{"tid": 2, "generated": 0, "bbox": {"xmin": 794, "ymin": 556, "ymax": 712, "xmax": 1201}}, {"tid": 3, "generated": 0, "bbox": {"xmin": 707, "ymin": 222, "ymax": 371, "xmax": 881}}], [{"tid": 2, "generated": 0, "bbox": {"xmin": 803, "ymin": 565, "ymax": 718, "xmax": 1214}}, {"tid": 3, "generated": 0, "bbox": {"xmin": 698, "ymin": 224, "ymax": 369, "xmax": 881}}], [{"tid": 2, "generated": 0, "bbox": {"xmin": 807, "ymin": 570, "ymax": 718, "xmax": 1233}}, {"tid": 3, "generated": 0, "bbox": {"xmin": 696, "ymin": 225, "ymax": 369, "xmax": 881}}], [{"tid": 2, "generated": 0, "bbox": {"xmin": 801, "ymin": 581, "ymax": 718, "xmax": 1244}}, {"tid": 3, "generated": 0, "bbox": {"xmin": 695, "ymin": 227, "ymax": 376, "xmax": 883}}]], "subject/objects": [{"category": "antelope", "tid": 0}, {"category": "antelope", "tid": 2}, {"category": "monkey", "tid": 3}], "relation_instances": [{"end_fid": 30, "subject_tid": 0, "predicate": "walk_behind", "begin_fid": 0, "object_tid": 2}, {"end_fid": 30, "subject_tid": 0, "predicate": "walk_away", "begin_fid": 0, "object_tid": 2}, {"end_fid": 30, "subject_tid": 0, "predicate": "walk_left", "begin_fid": 0, "object_tid": 2}, {"end_fid": 30, "subject_tid": 2, "predicate": "stand_front", "begin_fid": 0, "object_tid": 0}, {"end_fid": 30, "subject_tid": 2, "predicate": "stand_right", "begin_fid": 0, "object_tid": 0}, {"end_fid": 30, "subject_tid": 0, "predicate": "walk_behind", "begin_fid": 0, "object_tid": 3}, {"end_fid": 30, "subject_tid": 0, "predicate": "walk_away", "begin_fid": 0, "object_tid": 3}, {"end_fid": 30, "subject_tid": 0, "predicate": "walk_left", "begin_fid": 0, "object_tid": 3}, {"end_fid": 30, "subject_tid": 0, "predicate": "larger", "begin_fid": 0, "object_tid": 3}, {"end_fid": 30, "subject_tid": 3, "predicate": "sit_front", "begin_fid": 0, "object_tid": 0}, {"end_fid": 30, "subject_tid": 3, "predicate": "sit_right", "begin_fid": 0, "object_tid": 0}, {"end_fid": 30, "subject_tid": 2, "predicate": "stand_right", "begin_fid": 0, "object_tid": 3}, {"end_fid": 30, "subject_tid": 2, "predicate": "stand_beneath", "begin_fid": 0, "object_tid": 3}, {"end_fid": 30, "subject_tid": 2, "predicate": "larger", "begin_fid": 0, "object_tid": 3}, {"end_fid": 30, "subject_tid": 3, "predicate": "sit_above", "begin_fid": 0, "object_tid": 2}, {"end_fid": 30, "subject_tid": 3, "predicate": "sit_left", "begin_fid": 0, "object_tid": 2}, {"end_fid": 45, "subject_tid": 2, "predicate": "stand_right", "begin_fid": 15, "object_tid": 3}, {"end_fid": 45, "subject_tid": 2, "predicate": "stand_beneath", "begin_fid": 15, "object_tid": 3}, {"end_fid": 45, "subject_tid": 2, "predicate": "larger", "begin_fid": 15, "object_tid": 3}, {"end_fid": 45, "subject_tid": 3, "predicate": "sit_above", "begin_fid": 15, "object_tid": 2}, {"end_fid": 45, "subject_tid": 3, "predicate": "sit_left", "begin_fid": 15, "object_tid": 2}], "height": 720}