{"width": 1280, "frame_count": 50, "video_id": "ILSVRC2015_train_00415006", "fps": 24, "trajectories": [[{"tid": 0, "generated": 0, "bbox": {"xmin": 613, "ymin": 142, "ymax": 410, "xmax": 780}}, {"tid": 1, "generated": 0, "bbox": {"xmin": 624, "ymin": 86, "ymax": 348, "xmax": 770}}], [{"tid": 0, "generated": 0, "bbox": {"xmin": 613, "ymin": 142, "ymax": 408, "xmax": 778}}, {"tid": 1, "generated": 0, "bbox": {"xmin": 627, "ymin": 86, "ymax": 348, "xmax": 771}}], [{"tid": 0, "generated": 0, "bbox": {"xmin": 615, "ymin": 145, "ymax": 412, "xmax": 780}}, {"tid": 1, "generated": 0, "bbox": {"xmin": 630, "ymin": 86, "ymax": 348, "xmax": 772}}], [{"tid": 0, "generated": 0, "bbox": {"xmin": 615, "ymin": 142, "ymax": 412, "xmax": 787}}, {"tid": 1, "generated": 0, "bbox": {"xmin": 632, "ymin": 86, "ymax": 348, "xmax": 774}}], [{"tid": 0, "generated": 0, "bbox": {"xmin": 616, "ymin": 142, "ymax": 412, "xmax": 787}}, {"tid": 1, "generated": 0, "bbox": {"xmin": 635, "ymin": 86, "ymax": 348, "xmax": 775}}], [{"tid": 0, "generated": 0, "bbox": {"xmin": 616, "ymin": 140, "ymax": 416, "xmax": 787}}, {"tid": 1, "generated": 0, "bbox": {"xmin": 638, "ymin": 86, "ymax": 348, "xmax": 776}}], [{"tid": 0, "generated": 0, "bbox": {"xmin": 618, "ymin": 145, "ymax": 419, "xmax": 780}}, {"tid": 1, "generated": 0, "bbox": {"xmin": 637, "ymin": 85, "ymax": 350, "xmax": 778}}], [{"tid": 0, "generated": 0, "bbox": {"xmin": 620, "ymin": 145, "ymax": 419, "xmax": 775}}, {"tid": 1, "generated": 0, "bbox": {"xmin": 636, "ymin": 84, "ymax": 353, "xmax": 780}}], [{"tid": 0, "generated": 0, "bbox": {"xmin": 620, "ymin": 144, "ymax": 423, "xmax": 776}}, {"tid": 1, "generated": 0, "bbox": {"xmin": 636, "ymin": 84, "ymax": 355, "xmax": 782}}], [{"tid": 0, "generated": 0, "bbox": {"xmin": 622, "ymin": 144, "ymax": 424, "xmax": 801}}, {"tid": 1, "generated": 0, "bbox": {"xmin": 635, "ymin": 83, "ymax": 358, "xmax": 784}}], [{"tid": 0, "generated": 0, "bbox": {"xmin": 618, "ymin": 135, "ymax": 428, "xmax": 796}}, {"tid": 1, "generated": 0, "bbox": {"xmin": 634, "ymin": 82, "ymax": 360, "xmax": 786}}], [{"tid": 0, "generated": 0, "bbox": {"xmin": 620, "ymin": 145, "ymax": 446, "xmax": 801}}, {"tid": 1, "generated": 0, "bbox": {"xmin": 634, "ymin": 82, "ymax": 366, "xmax": 789}}], [{"tid": 0, "generated": 0, "bbox": {"xmin": 616, "ymin": 147, "ymax": 446, "xmax": 808}}, {"tid": 1, "generated": 0, "bbox": {"xmin": 634, "ymin": 82, "ymax": 372, "xmax": 792}}], [{"tid": 0, "generated": 0, "bbox": {"xmin": 611, "ymin": 149, "ymax": 465, "xmax": 803}}, {"tid": 1, "generated": 0, "bbox": {"xmin": 634, "ymin": 82, "ymax": 378, "xmax": 796}}], [{"tid": 0, "generated": 0, "bbox": {"xmin": 615, "ymin": 147, "ymax": 462, "xmax": 816}}, {"tid": 1, "generated": 0, "bbox": {"xmin": 634, "ymin": 82, "ymax": 384, "xmax": 799}}], [{"tid": 0, "generated": 0, "bbox": {"xmin": 611, "ymin": 154, "ymax": 476, "xmax": 817}}, {"tid": 1, "generated": 0, "bbox": {"xmin": 634, "ymin": 82, "ymax": 390, "xmax": 802}}], [{"tid": 0, "generated": 0, "bbox": {"xmin": 613, "ymin": 149, "ymax": 476, "xmax": 817}}, {"tid": 1, "generated": 0, "bbox": {"xmin": 632, "ymin": 80, "ymax": 394, "xmax": 804}}], [{"tid": 0, "generated": 0, "bbox": {"xmin": 602, "ymin": 156, "ymax": 492, "xmax": 821}}, {"tid": 1, "generated": 0, "bbox": {"xmin": 630, "ymin": 77, "ymax": 399, "xmax": 805}}], [{"tid": 0, "generated": 0, "bbox": {"xmin": 604, "ymin": 151, "ymax": 496, "xmax": 830}}, {"tid": 1, "generated": 0, "bbox": {"xmin": 628, "ymin": 75, "ymax": 403, "xmax": 807}}], [{"tid": 0, "generated": 0, "bbox": {"xmin": 600, "ymin": 151, "ymax": 497, "xmax": 828}}, {"tid": 1, "generated": 0, "bbox": {"xmin": 626, "ymin": 72, "ymax": 408, "xmax": 808}}], [{"tid": 0, "generated": 0, "bbox": {"xmin": 593, "ymin": 145, "ymax": 504, "xmax": 830}}, {"tid": 1, "generated": 0, "bbox": {"xmin": 624, "ymin": 70, "ymax": 412, "xmax": 810}}], [{"tid": 0, "generated": 0, "bbox": {"xmin": 592, "ymin": 145, "ymax": 522, "xmax": 826}}, {"tid": 1, "generated": 0, "bbox": {"xmin": 618, "ymin": 65, "ymax": 415, "xmax": 810}}], [{"tid": 0, "generated": 0, "bbox": {"xmin": 581, "ymin": 140, "ymax": 526, "xmax": 830}}, {"tid": 1, "generated": 0, "bbox": {"xmin": 611, "ymin": 60, "ymax": 418, "xmax": 809}}], [{"tid": 0, "generated": 0, "bbox": {"xmin": 572, "ymin": 129, "ymax": 545, "xmax": 826}}, {"tid": 1, "generated": 0, "bbox": {"xmin": 605, "ymin": 56, "ymax": 420, "xmax": 809}}], [{"tid": 0, "generated": 0, "bbox": {"xmin": 561, "ymin": 131, "ymax": 544, "xmax": 826}}, {"tid": 1, "generated": 0, "bbox": {"xmin": 598, "ymin": 51, "ymax": 423, "xmax": 808}}], [{"tid": 0, "generated": 0, "bbox": {"xmin": 551, "ymin": 120, "ymax": 552, "xmax": 826}}, {"tid": 1, "generated": 0, "bbox": {"xmin": 592, "ymin": 46, "ymax": 426, "xmax": 808}}], [{"tid": 0, "generated": 0, "bbox": {"xmin": 542, "ymin": 119, "ymax": 568, "xmax": 823}}, {"tid": 1, "generated": 0, "bbox": {"xmin": 575, "ymin": 37, "ymax": 432, "xmax": 803}}], [{"tid": 0, "generated": 0, "bbox": {"xmin": 526, "ymin": 106, "ymax": 572, "xmax": 817}}, {"tid": 1, "generated": 0, "bbox": {"xmin": 558, "ymin": 28, "ymax": 438, "xmax": 798}}], [{"tid": 0, "generated": 0, "bbox": {"xmin": 508, "ymin": 99, "ymax": 588, "xmax": 819}}, {"tid": 1, "generated": 0, "bbox": {"xmin": 542, "ymin": 18, "ymax": 444, "xmax": 792}}], [{"tid": 0, "generated": 0, "bbox": {"xmin": 492, "ymin": 90, "ymax": 604, "xmax": 810}}, {"tid": 1, "generated": 0, "bbox": {"xmin": 525, "ymin": 9, "ymax": 450, "xmax": 787}}], [{"tid": 0, "generated": 0, "bbox": {"xmin": 474, "ymin": 78, "ymax": 627, "xmax": 805}}, {"tid": 1, "generated": 0, "bbox": {"xmin": 508, "ymin": 0, "ymax": 456, "xmax": 782}}], [{"tid": 0, "generated": 0, "bbox": {"xmin": 442, "ymin": 56, "ymax": 647, "xmax": 791}}, {"tid": 1, "generated": 0, "bbox": {"xmin": 472, "ymin": 0, "ymax": 465, "xmax": 771}}], [{"tid": 0, "generated": 0, "bbox": {"xmin": 424, "ymin": 46, "ymax": 684, "xmax": 784}}, {"tid": 1, "generated": 0, "bbox": {"xmin": 435, "ymin": 0, "ymax": 474, "xmax": 760}}], [{"tid": 0, "generated": 0, "bbox": {"xmin": 384, "ymin": 21, "ymax": 711, "xmax": 764}}, {"tid": 1, "generated": 0, "bbox": {"xmin": 399, "ymin": 0, "ymax": 484, "xmax": 748}}], [{"tid": 0, "generated": 0, "bbox": {"xmin": 352, "ymin": 0, "ymax": 718, "xmax": 760}}, {"tid": 1, "generated": 0, "bbox": {"xmin": 362, "ymin": 0, "ymax": 493, "xmax": 737}}], [{"tid": 0, "generated": 0, "bbox": {"xmin": 261, "ymin": 0, "ymax": 718, "xmax": 736}}, {"tid": 1, "generated": 0, "bbox": {"xmin": 326, "ymin": 0, "ymax": 502, "xmax": 726}}], [{"tid": 0, "generated": 0, "bbox": {"xmin": 167, "ymin": 0, "ymax": 718, "xmax": 709}}, {"tid": 1, "generated": 0, "bbox": {"xmin": 290, "ymin": 0, "ymax": 524, "xmax": 707}}], [{"tid": 0, "generated": 0, "bbox": {"xmin": 3, "ymin": 0, "ymax": 718, "xmax": 632}}, {"tid": 1, "generated": 0, "bbox": {"xmin": 253, "ymin": 0, "ymax": 546, "xmax": 688}}], [{"tid": 0, "generated": 0, "bbox": {"xmin": 0, "ymin": 0, "ymax": 718, "xmax": 670}}, {"tid": 1, "generated": 0, "bbox": {"xmin": 217, "ymin": 0, "ymax": 568, "xmax": 668}}], [{"tid": 0, "generated": 0, "bbox": {"xmin": 0, "ymin": 0, "ymax": 718, "xmax": 640}}, {"tid": 1, "generated": 0, "bbox": {"xmin": 180, "ymin": 0, "ymax": 590, "xmax": 649}}], [{"tid": 0, "generated": 0, "bbox": {"xmin": 0, "ymin": 0, "ymax": 718, "xmax": 613}}, {"tid": 1, "generated": 0, "bbox": {"xmin": 144, "ymin": 0, "ymax": 612, "xmax": 630}}], [{"tid": 0, "generated": 0, "bbox": {"xmin": 0, "ymin": 0, "ymax": 718, "xmax": 568}}, {"tid": 1, "generated": 0, "bbox": {"xmin": 115, "ymin": 0, "ymax": 612, "xmax": 518}}], [{"tid": 0, "generated": 0, "bbox": {"xmin": 0, "ymin": 5, "ymax": 714, "xmax": 588}}, {"tid": 1, "generated": 0, "bbox": {"xmin": 86, "ymin": 0, "ymax": 613, "xmax": 405}}], [{"tid": 0, "generated": 0, "bbox": {"xmin": 0, "ymin": 0, "ymax": 716, "xmax": 526}}, {"tid": 1, "generated": 0, "bbox": {"xmin": 56, "ymin": 0, "ymax": 613, "xmax": 293}}], [{"tid": 0, "generated": 0, "bbox": {"xmin": 0, "ymin": 165, "ymax": 712, "xmax": 487}}, {"tid": 1, "generated": 0, "bbox": {"xmin": 27, "ymin": 4, "ymax": 614, "xmax": 180}}]], "subject/objects": [{"category": "motorcycle", "tid": 0}, {"category": "person", "tid": 1}], "relation_instances": [{"end_fid": 30, "subject_tid": 0, "predicate": "move_beneath", "begin_fid": 0, "object_tid": 1}, {"end_fid": 30, "subject_tid": 1, "predicate": "sit_above", "begin_fid": 0, "object_tid": 0}, {"end_fid": 30, "subject_tid": 1, "predicate": "ride", "begin_fid": 0, "object_tid": 0}, {"end_fid": 45, "subject_tid": 0, "predicate": "move_beneath", "begin_fid": 15, "object_tid": 1}, {"end_fid": 45, "subject_tid": 1, "predicate": "sit_above", "begin_fid": 15, "object_tid": 0}, {"end_fid": 45, "subject_tid": 1, "predicate": "ride", "begin_fid": 15, "object_tid": 0}], "height": 720}