{"width": 640, "frame_count": 154, "video_id": "ILSVRC2015_train_00184003", "fps": 25, "trajectories": [[], [], [], [], [], [], [], [], [], [], [], [], [], [], [], [], [], [], [], [], [], [], [], [], [], [], [], [], [], [], [], [], [], [], [], [], [], [], [], [], [], [], [], [], [], [], [], [], [], [], [], [], [], [], [], [], [], [], [], [], [], [], [], [], [], [], [], [], [], [], [], [], [], [], [], [], [], [], [], [], [], [], [], [], [], [], [], [], [], [], [], [], [], [], [], [], [], [], [], [], [], [], [], [], [], [{"tid": 0, "generated": 0, "bbox": {"xmin": 143, "ymin": 72, "ymax": 360, "xmax": 528}}, {"tid": 4, "generated": 0, "bbox": {"xmin": 584, "ymin": 266, "ymax": 306, "xmax": 622}}], [{"tid": 0, "generated": 0, "bbox": {"xmin": 154, "ymin": 76, "ymax": 360, "xmax": 528}}, {"tid": 4, "generated": 0, "bbox": {"xmin": 580, "ymin": 267, "ymax": 305, "xmax": 618}}], [{"tid": 0, "generated": 0, "bbox": {"xmin": 165, "ymin": 80, "ymax": 360, "xmax": 528}}, {"tid": 4, "generated": 0, "bbox": {"xmin": 576, "ymin": 268, "ymax": 304, "xmax": 614}}], [{"tid": 0, "generated": 0, "bbox": {"xmin": 176, "ymin": 85, "ymax": 360, "xmax": 528}}, {"tid": 4, "generated": 0, "bbox": {"xmin": 573, "ymin": 267, "ymax": 304, "xmax": 610}}], [{"tid": 0, "generated": 0, "bbox": {"xmin": 183, "ymin": 90, "ymax": 357, "xmax": 527}}, {"tid": 4, "generated": 0, "bbox": {"xmin": 571, "ymin": 266, "ymax": 304, "xmax": 607}}], [{"tid": 0, "generated": 0, "bbox": {"xmin": 190, "ymin": 95, "ymax": 354, "xmax": 527}}, {"tid": 4, "generated": 0, "bbox": {"xmin": 568, "ymin": 265, "ymax": 304, "xmax": 604}}], [{"tid": 0, "generated": 0, "bbox": {"xmin": 198, "ymin": 101, "ymax": 352, "xmax": 527}}, {"tid": 4, "generated": 0, "bbox": {"xmin": 566, "ymin": 264, "ymax": 304, "xmax": 601}}], [{"tid": 0, "generated": 0, "bbox": {"xmin": 208, "ymin": 102, "ymax": 349, "xmax": 524}}, {"tid": 4, "generated": 0, "bbox": {"xmin": 564, "ymin": 264, "ymax": 304, "xmax": 598}}], [{"tid": 0, "generated": 0, "bbox": {"xmin": 218, "ymin": 103, "ymax": 346, "xmax": 521}}, {"tid": 4, "generated": 0, "bbox": {"xmin": 560, "ymin": 264, "ymax": 303, "xmax": 593}}], [{"tid": 0, "generated": 0, "bbox": {"xmin": 229, "ymin": 104, "ymax": 344, "xmax": 519}}, {"tid": 4, "generated": 0, "bbox": {"xmin": 557, "ymin": 265, "ymax": 302, "xmax": 589}}], [{"tid": 0, "generated": 0, "bbox": {"xmin": 235, "ymin": 108, "ymax": 344, "xmax": 516}}, {"tid": 4, "generated": 0, "bbox": {"xmin": 554, "ymin": 266, "ymax": 301, "xmax": 584}}], [{"tid": 0, "generated": 0, "bbox": {"xmin": 241, "ymin": 112, "ymax": 344, "xmax": 514}}, {"tid": 4, "generated": 0, "bbox": {"xmin": 551, "ymin": 267, "ymax": 300, "xmax": 580}}], [{"tid": 0, "generated": 0, "bbox": {"xmin": 248, "ymin": 117, "ymax": 345, "xmax": 512}}, {"tid": 4, "generated": 0, "bbox": {"xmin": 548, "ymin": 268, "ymax": 300, "xmax": 576}}], [{"tid": 0, "generated": 0, "bbox": {"xmin": 253, "ymin": 119, "ymax": 344, "xmax": 510}}, {"tid": 4, "generated": 0, "bbox": {"xmin": 545, "ymin": 268, "ymax": 300, "xmax": 573}}], [{"tid": 0, "generated": 0, "bbox": {"xmin": 258, "ymin": 122, "ymax": 344, "xmax": 509}}, {"tid": 4, "generated": 0, "bbox": {"xmin": 542, "ymin": 268, "ymax": 300, "xmax": 571}}], [{"tid": 0, "generated": 0, "bbox": {"xmin": 263, "ymin": 125, "ymax": 344, "xmax": 508}}, {"tid": 4, "generated": 0, "bbox": {"xmin": 539, "ymin": 268, "ymax": 300, "xmax": 569}}, {"tid": 6, "generated": 0, "bbox": {"xmin": 605, "ymin": 279, "ymax": 309, "xmax": 639}}, {"tid": 8, "generated": 0, "bbox": {"xmin": 595, "ymin": 269, "ymax": 296, "xmax": 621}}], [{"tid": 0, "generated": 0, "bbox": {"xmin": 268, "ymin": 128, "ymax": 343, "xmax": 506}}, {"tid": 4, "generated": 0, "bbox": {"xmin": 536, "ymin": 268, "ymax": 300, "xmax": 567}}, {"tid": 6, "generated": 0, "bbox": {"xmin": 602, "ymin": 279, "ymax": 310, "xmax": 639}}, {"tid": 8, "generated": 0, "bbox": {"xmin": 592, "ymin": 269, "ymax": 296, "xmax": 618}}], [{"tid": 0, "generated": 0, "bbox": {"xmin": 273, "ymin": 131, "ymax": 342, "xmax": 505}}, {"tid": 4, "generated": 0, "bbox": {"xmin": 533, "ymin": 268, "ymax": 300, "xmax": 565}}, {"tid": 6, "generated": 0, "bbox": {"xmin": 599, "ymin": 280, "ymax": 312, "xmax": 639}}, {"tid": 8, "generated": 0, "bbox": {"xmin": 589, "ymin": 269, "ymax": 296, "xmax": 615}}], [{"tid": 0, "generated": 0, "bbox": {"xmin": 278, "ymin": 134, "ymax": 341, "xmax": 504}}, {"tid": 4, "generated": 0, "bbox": {"xmin": 530, "ymin": 268, "ymax": 300, "xmax": 562}}, {"tid": 6, "generated": 0, "bbox": {"xmin": 596, "ymin": 279, "ymax": 311, "xmax": 639}}, {"tid": 8, "generated": 0, "bbox": {"xmin": 586, "ymin": 269, "ymax": 296, "xmax": 612}}], [{"tid": 0, "generated": 0, "bbox": {"xmin": 283, "ymin": 135, "ymax": 339, "xmax": 500}}, {"tid": 4, "generated": 0, "bbox": {"xmin": 528, "ymin": 268, "ymax": 300, "xmax": 559}}, {"tid": 6, "generated": 0, "bbox": {"xmin": 593, "ymin": 278, "ymax": 311, "xmax": 639}}, {"tid": 8, "generated": 0, "bbox": {"xmin": 583, "ymin": 270, "ymax": 297, "xmax": 609}}], [{"tid": 0, "generated": 0, "bbox": {"xmin": 288, "ymin": 137, "ymax": 337, "xmax": 496}}, {"tid": 4, "generated": 0, "bbox": {"xmin": 525, "ymin": 268, "ymax": 300, "xmax": 557}}, {"tid": 6, "generated": 0, "bbox": {"xmin": 590, "ymin": 278, "ymax": 310, "xmax": 639}}, {"tid": 8, "generated": 0, "bbox": {"xmin": 580, "ymin": 270, "ymax": 298, "xmax": 606}}], [{"tid": 0, "generated": 0, "bbox": {"xmin": 292, "ymin": 140, "ymax": 336, "xmax": 498}}, {"tid": 4, "generated": 0, "bbox": {"xmin": 523, "ymin": 268, "ymax": 300, "xmax": 554}}, {"tid": 6, "generated": 0, "bbox": {"xmin": 587, "ymin": 277, "ymax": 310, "xmax": 639}}, {"tid": 8, "generated": 0, "bbox": {"xmin": 577, "ymin": 271, "ymax": 299, "xmax": 603}}], [{"tid": 0, "generated": 0, "bbox": {"xmin": 296, "ymin": 143, "ymax": 336, "xmax": 501}}, {"tid": 4, "generated": 0, "bbox": {"xmin": 521, "ymin": 268, "ymax": 300, "xmax": 552}}, {"tid": 6, "generated": 0, "bbox": {"xmin": 584, "ymin": 277, "ymax": 310, "xmax": 639}}, {"tid": 8, "generated": 0, "bbox": {"xmin": 575, "ymin": 272, "ymax": 300, "xmax": 600}}], [{"tid": 0, "generated": 0, "bbox": {"xmin": 300, "ymin": 145, "ymax": 334, "xmax": 499}}, {"tid": 4, "generated": 0, "bbox": {"xmin": 519, "ymin": 268, "ymax": 299, "xmax": 550}}, {"tid": 6, "generated": 0, "bbox": {"xmin": 582, "ymin": 276, "ymax": 311, "xmax": 638}}, {"tid": 8, "generated": 0, "bbox": {"xmin": 572, "ymin": 272, "ymax": 300, "xmax": 598}}], [{"tid": 0, "generated": 0, "bbox": {"xmin": 304, "ymin": 147, "ymax": 333, "xmax": 497}}, {"tid": 4, "generated": 0, "bbox": {"xmin": 517, "ymin": 268, "ymax": 298, "xmax": 548}}, {"tid": 6, "generated": 0, "bbox": {"xmin": 581, "ymin": 276, "ymax": 313, "xmax": 637}}, {"tid": 8, "generated": 0, "bbox": {"xmin": 570, "ymin": 272, "ymax": 300, "xmax": 596}}], [{"tid": 0, "generated": 0, "bbox": {"xmin": 308, "ymin": 149, "ymax": 332, "xmax": 496}}, {"tid": 4, "generated": 0, "bbox": {"xmin": 515, "ymin": 268, "ymax": 298, "xmax": 546}}, {"tid": 6, "generated": 0, "bbox": {"xmin": 579, "ymin": 276, "ymax": 314, "xmax": 637}}, {"tid": 8, "generated": 0, "bbox": {"xmin": 568, "ymin": 272, "ymax": 300, "xmax": 594}}], [{"tid": 0, "generated": 0, "bbox": {"xmin": 312, "ymin": 151, "ymax": 331, "xmax": 494}}, {"tid": 4, "generated": 0, "bbox": {"xmin": 513, "ymin": 268, "ymax": 297, "xmax": 544}}, {"tid": 6, "generated": 0, "bbox": {"xmin": 578, "ymin": 276, "ymax": 316, "xmax": 636}}, {"tid": 8, "generated": 0, "bbox": {"xmin": 566, "ymin": 272, "ymax": 300, "xmax": 592}}], [{"tid": 0, "generated": 0, "bbox": {"xmin": 316, "ymin": 153, "ymax": 330, "xmax": 492}}, {"tid": 4, "generated": 0, "bbox": {"xmin": 512, "ymin": 269, "ymax": 297, "xmax": 543}}, {"tid": 6, "generated": 0, "bbox": {"xmin": 577, "ymin": 276, "ymax": 318, "xmax": 636}}, {"tid": 8, "generated": 0, "bbox": {"xmin": 564, "ymin": 272, "ymax": 300, "xmax": 590}}], [{"tid": 0, "generated": 0, "bbox": {"xmin": 320, "ymin": 155, "ymax": 329, "xmax": 491}}, {"tid": 4, "generated": 0, "bbox": {"xmin": 510, "ymin": 268, "ymax": 296, "xmax": 541}}, {"tid": 6, "generated": 0, "bbox": {"xmin": 576, "ymin": 276, "ymax": 318, "xmax": 636}}, {"tid": 8, "generated": 0, "bbox": {"xmin": 561, "ymin": 272, "ymax": 300, "xmax": 589}}], [{"tid": 0, "generated": 0, "bbox": {"xmin": 324, "ymin": 157, "ymax": 328, "xmax": 489}}, {"tid": 4, "generated": 0, "bbox": {"xmin": 508, "ymin": 268, "ymax": 296, "xmax": 540}}, {"tid": 6, "generated": 0, "bbox": {"xmin": 576, "ymin": 276, "ymax": 318, "xmax": 637}}, {"tid": 8, "generated": 0, "bbox": {"xmin": 559, "ymin": 272, "ymax": 301, "xmax": 589}}], [{"tid": 0, "generated": 0, "bbox": {"xmin": 329, "ymin": 160, "ymax": 327, "xmax": 488}}, {"tid": 6, "generated": 0, "bbox": {"xmin": 575, "ymin": 276, "ymax": 318, "xmax": 637}}, {"tid": 8, "generated": 0, "bbox": {"xmin": 556, "ymin": 272, "ymax": 301, "xmax": 589}}], [{"tid": 0, "generated": 0, "bbox": {"xmin": 332, "ymin": 160, "ymax": 326, "xmax": 488}}, {"tid": 6, "generated": 0, "bbox": {"xmin": 575, "ymin": 276, "ymax": 318, "xmax": 638}}, {"tid": 8, "generated": 0, "bbox": {"xmin": 554, "ymin": 272, "ymax": 302, "xmax": 589}}], [{"tid": 0, "generated": 0, "bbox": {"xmin": 336, "ymin": 161, "ymax": 326, "xmax": 488}}, {"tid": 6, "generated": 0, "bbox": {"xmin": 575, "ymin": 277, "ymax": 319, "xmax": 639}}, {"tid": 8, "generated": 0, "bbox": {"xmin": 552, "ymin": 272, "ymax": 303, "xmax": 589}}], [{"tid": 0, "generated": 0, "bbox": {"xmin": 339, "ymin": 162, "ymax": 325, "xmax": 488}}, {"tid": 6, "generated": 0, "bbox": {"xmin": 575, "ymin": 276, "ymax": 319, "xmax": 639}}, {"tid": 8, "generated": 0, "bbox": {"xmin": 551, "ymin": 271, "ymax": 303, "xmax": 589}}], [{"tid": 0, "generated": 0, "bbox": {"xmin": 343, "ymin": 164, "ymax": 324, "xmax": 489}}, {"tid": 6, "generated": 0, "bbox": {"xmin": 575, "ymin": 275, "ymax": 319, "xmax": 639}}, {"tid": 8, "generated": 0, "bbox": {"xmin": 550, "ymin": 271, "ymax": 303, "xmax": 589}}], [{"tid": 0, "generated": 0, "bbox": {"xmin": 346, "ymin": 166, "ymax": 324, "xmax": 489}}, {"tid": 6, "generated": 0, "bbox": {"xmin": 575, "ymin": 274, "ymax": 319, "xmax": 639}}, {"tid": 8, "generated": 0, "bbox": {"xmin": 549, "ymin": 270, "ymax": 304, "xmax": 589}}], [{"tid": 0, "generated": 0, "bbox": {"xmin": 350, "ymin": 168, "ymax": 323, "xmax": 490}}, {"tid": 6, "generated": 0, "bbox": {"xmin": 575, "ymin": 273, "ymax": 319, "xmax": 639}}, {"tid": 8, "generated": 0, "bbox": {"xmin": 548, "ymin": 270, "ymax": 304, "xmax": 589}}], [{"tid": 0, "generated": 0, "bbox": {"xmin": 354, "ymin": 170, "ymax": 322, "xmax": 491}}, {"tid": 6, "generated": 0, "bbox": {"xmin": 576, "ymin": 272, "ymax": 320, "xmax": 639}}, {"tid": 8, "generated": 0, "bbox": {"xmin": 548, "ymin": 270, "ymax": 305, "xmax": 589}}], [{"tid": 0, "generated": 0, "bbox": {"xmin": 357, "ymin": 171, "ymax": 322, "xmax": 491}}, {"tid": 6, "generated": 0, "bbox": {"xmin": 577, "ymin": 271, "ymax": 320, "xmax": 639}}, {"tid": 8, "generated": 0, "bbox": {"xmin": 548, "ymin": 269, "ymax": 304, "xmax": 589}}], [{"tid": 0, "generated": 0, "bbox": {"xmin": 361, "ymin": 173, "ymax": 321, "xmax": 492}}, {"tid": 6, "generated": 0, "bbox": {"xmin": 578, "ymin": 271, "ymax": 320, "xmax": 639}}, {"tid": 8, "generated": 0, "bbox": {"xmin": 549, "ymin": 269, "ymax": 304, "xmax": 590}}], [{"tid": 0, "generated": 0, "bbox": {"xmin": 365, "ymin": 175, "ymax": 320, "xmax": 493}}, {"tid": 6, "generated": 0, "bbox": {"xmin": 580, "ymin": 270, "ymax": 320, "xmax": 639}}, {"tid": 8, "generated": 0, "bbox": {"xmin": 549, "ymin": 268, "ymax": 304, "xmax": 590}}], [{"tid": 0, "generated": 0, "bbox": {"xmin": 368, "ymin": 177, "ymax": 320, "xmax": 493}}, {"tid": 6, "generated": 0, "bbox": {"xmin": 581, "ymin": 270, "ymax": 320, "xmax": 639}}, {"tid": 8, "generated": 0, "bbox": {"xmin": 550, "ymin": 268, "ymax": 304, "xmax": 591}}], [{"tid": 0, "generated": 0, "bbox": {"xmin": 372, "ymin": 179, "ymax": 319, "xmax": 494}}, {"tid": 6, "generated": 0, "bbox": {"xmin": 583, "ymin": 270, "ymax": 320, "xmax": 639}}, {"tid": 8, "generated": 0, "bbox": {"xmin": 551, "ymin": 268, "ymax": 304, "xmax": 592}}], [{"tid": 0, "generated": 0, "bbox": {"xmin": 376, "ymin": 181, "ymax": 319, "xmax": 495}}, {"tid": 6, "generated": 0, "bbox": {"xmin": 586, "ymin": 271, "ymax": 321, "xmax": 639}}, {"tid": 8, "generated": 0, "bbox": {"xmin": 552, "ymin": 268, "ymax": 305, "xmax": 594}}], [{"tid": 0, "generated": 0, "bbox": {"xmin": 378, "ymin": 182, "ymax": 318, "xmax": 495}}, {"tid": 6, "generated": 0, "bbox": {"xmin": 589, "ymin": 272, "ymax": 322, "xmax": 639}}, {"tid": 8, "generated": 0, "bbox": {"xmin": 554, "ymin": 268, "ymax": 307, "xmax": 597}}]], "subject/objects": [{"category": "bus", "tid": 0}, {"category": "car", "tid": 4}, {"category": "car", "tid": 6}, {"category": "car", "tid": 8}], "relation_instances": [{"end_fid": 135, "subject_tid": 0, "predicate": "move_front", "begin_fid": 105, "object_tid": 4}, {"end_fid": 135, "subject_tid": 0, "predicate": "move_left", "begin_fid": 105, "object_tid": 4}, {"end_fid": 135, "subject_tid": 0, "predicate": "taller", "begin_fid": 105, "object_tid": 4}, {"end_fid": 135, "subject_tid": 0, "predicate": "larger", "begin_fid": 105, "object_tid": 4}, {"end_fid": 135, "subject_tid": 0, "predicate": "follow", "begin_fid": 105, "object_tid": 4}, {"end_fid": 135, "subject_tid": 4, "predicate": "move_right", "begin_fid": 105, "object_tid": 0}, {"end_fid": 135, "subject_tid": 4, "predicate": "move_behind", "begin_fid": 105, "object_tid": 0}, {"end_fid": 150, "subject_tid": 0, "predicate": "move_past", "begin_fid": 120, "object_tid": 6}, {"end_fid": 150, "subject_tid": 0, "predicate": "move_left", "begin_fid": 120, "object_tid": 6}, {"end_fid": 150, "subject_tid": 0, "predicate": "taller", "begin_fid": 120, "object_tid": 6}, {"end_fid": 150, "subject_tid": 0, "predicate": "larger", "begin_fid": 120, "object_tid": 6}, {"end_fid": 150, "subject_tid": 6, "predicate": "move_right", "begin_fid": 120, "object_tid": 0}, {"end_fid": 150, "subject_tid": 6, "predicate": "move_past", "begin_fid": 120, "object_tid": 0}, {"end_fid": 150, "subject_tid": 0, "predicate": "move_past", "begin_fid": 120, "object_tid": 8}, {"end_fid": 150, "subject_tid": 0, "predicate": "move_left", "begin_fid": 120, "object_tid": 8}, {"end_fid": 150, "subject_tid": 0, "predicate": "taller", "begin_fid": 120, "object_tid": 8}, {"end_fid": 150, "subject_tid": 0, "predicate": "larger", "begin_fid": 120, "object_tid": 8}, {"end_fid": 150, "subject_tid": 8, "predicate": "move_right", "begin_fid": 120, "object_tid": 0}, {"end_fid": 150, "subject_tid": 8, "predicate": "move_past", "begin_fid": 120, "object_tid": 0}, {"end_fid": 150, "subject_tid": 6, "predicate": "move_front", "begin_fid": 120, "object_tid": 8}, {"end_fid": 150, "subject_tid": 8, "predicate": "move_behind", "begin_fid": 120, "object_tid": 6}, {"end_fid": 150, "subject_tid": 8, "predicate": "follow", "begin_fid": 120, "object_tid": 6}], "height": 480}