{"width": 1280, "frame_count": 74, "video_id": "ILSVRC2015_train_00272034", "fps": 25, "trajectories": [[{"tid": 0, "generated": 0, "bbox": {"xmin": 291, "ymin": 74, "ymax": 364, "xmax": 1041}}, {"tid": 1, "generated": 0, "bbox": {"xmin": 435, "ymin": 369, "ymax": 638, "xmax": 1205}}, {"tid": 2, "generated": 0, "bbox": {"xmin": 446, "ymin": 4, "ymax": 292, "xmax": 1056}}, {"tid": 3, "generated": 0, "bbox": {"xmin": 590, "ymin": 270, "ymax": 598, "xmax": 1120}}], [{"tid": 0, "generated": 0, "bbox": {"xmin": 288, "ymin": 74, "ymax": 364, "xmax": 1038}}, {"tid": 1, "generated": 0, "bbox": {"xmin": 431, "ymin": 370, "ymax": 639, "xmax": 1198}}, {"tid": 2, "generated": 0, "bbox": {"xmin": 446, "ymin": 4, "ymax": 292, "xmax": 1033}}, {"tid": 3, "generated": 0, "bbox": {"xmin": 585, "ymin": 272, "ymax": 600, "xmax": 1115}}], [{"tid": 0, "generated": 0, "bbox": {"xmin": 286, "ymin": 74, "ymax": 364, "xmax": 1036}}, {"tid": 1, "generated": 0, "bbox": {"xmin": 428, "ymin": 371, "ymax": 641, "xmax": 1192}}, {"tid": 2, "generated": 0, "bbox": {"xmin": 446, "ymin": 4, "ymax": 292, "xmax": 1010}}, {"tid": 3, "generated": 0, "bbox": {"xmin": 580, "ymin": 275, "ymax": 603, "xmax": 1110}}], [{"tid": 0, "generated": 0, "bbox": {"xmin": 284, "ymin": 74, "ymax": 364, "xmax": 1034}}, {"tid": 1, "generated": 0, "bbox": {"xmin": 426, "ymin": 371, "ymax": 641, "xmax": 1190}}, {"tid": 2, "generated": 0, "bbox": {"xmin": 446, "ymin": 4, "ymax": 292, "xmax": 988}}, {"tid": 3, "generated": 0, "bbox": {"xmin": 574, "ymin": 277, "ymax": 605, "xmax": 1104}}], [{"tid": 0, "generated": 0, "bbox": {"xmin": 282, "ymin": 74, "ymax": 365, "xmax": 1032}}, {"tid": 1, "generated": 0, "bbox": {"xmin": 424, "ymin": 372, "ymax": 642, "xmax": 1188}}, {"tid": 2, "generated": 0, "bbox": {"xmin": 446, "ymin": 4, "ymax": 292, "xmax": 965}}, {"tid": 3, "generated": 0, "bbox": {"xmin": 569, "ymin": 280, "ymax": 608, "xmax": 1099}}], [{"tid": 0, "generated": 0, "bbox": {"xmin": 280, "ymin": 75, "ymax": 365, "xmax": 1030}}, {"tid": 1, "generated": 0, "bbox": {"xmin": 422, "ymin": 373, "ymax": 642, "xmax": 1186}}, {"tid": 2, "generated": 0, "bbox": {"xmin": 446, "ymin": 4, "ymax": 292, "xmax": 942}}, {"tid": 3, "generated": 0, "bbox": {"xmin": 564, "ymin": 282, "ymax": 610, "xmax": 1094}}], [{"tid": 0, "generated": 0, "bbox": {"xmin": 278, "ymin": 75, "ymax": 366, "xmax": 1028}}, {"tid": 1, "generated": 0, "bbox": {"xmin": 420, "ymin": 373, "ymax": 643, "xmax": 1184}}, {"tid": 2, "generated": 0, "bbox": {"xmin": 446, "ymin": 4, "ymax": 292, "xmax": 942}}, {"tid": 3, "generated": 0, "bbox": {"xmin": 564, "ymin": 282, "ymax": 610, "xmax": 1094}}], [{"tid": 0, "generated": 0, "bbox": {"xmin": 276, "ymin": 76, "ymax": 366, "xmax": 1027}}, {"tid": 1, "generated": 0, "bbox": {"xmin": 418, "ymin": 374, "ymax": 643, "xmax": 1183}}, {"tid": 2, "generated": 0, "bbox": {"xmin": 446, "ymin": 4, "ymax": 292, "xmax": 942}}, {"tid": 3, "generated": 0, "bbox": {"xmin": 564, "ymin": 282, "ymax": 610, "xmax": 1094}}], [{"tid": 0, "generated": 0, "bbox": {"xmin": 274, "ymin": 76, "ymax": 367, "xmax": 1025}}, {"tid": 1, "generated": 0, "bbox": {"xmin": 416, "ymin": 375, "ymax": 644, "xmax": 1181}}, {"tid": 2, "generated": 0, "bbox": {"xmin": 446, "ymin": 4, "ymax": 292, "xmax": 942}}, {"tid": 3, "generated": 0, "bbox": {"xmin": 564, "ymin": 282, "ymax": 610, "xmax": 1094}}], [{"tid": 0, "generated": 0, "bbox": {"xmin": 272, "ymin": 77, "ymax": 367, "xmax": 1023}}, {"tid": 1, "generated": 0, "bbox": {"xmin": 414, "ymin": 375, "ymax": 644, "xmax": 1179}}, {"tid": 2, "generated": 0, "bbox": {"xmin": 446, "ymin": 4, "ymax": 292, "xmax": 942}}, {"tid": 3, "generated": 0, "bbox": {"xmin": 564, "ymin": 282, "ymax": 610, "xmax": 1094}}], [{"tid": 0, "generated": 0, "bbox": {"xmin": 270, "ymin": 77, "ymax": 368, "xmax": 1021}}, {"tid": 1, "generated": 0, "bbox": {"xmin": 412, "ymin": 376, "ymax": 645, "xmax": 1177}}, {"tid": 2, "generated": 0, "bbox": {"xmin": 446, "ymin": 4, "ymax": 292, "xmax": 942}}, {"tid": 3, "generated": 0, "bbox": {"xmin": 564, "ymin": 282, "ymax": 610, "xmax": 1094}}], [{"tid": 0, "generated": 0, "bbox": {"xmin": 268, "ymin": 78, "ymax": 368, "xmax": 1020}}, {"tid": 1, "generated": 0, "bbox": {"xmin": 410, "ymin": 377, "ymax": 645, "xmax": 1176}}, {"tid": 2, "generated": 0, "bbox": {"xmin": 439, "ymin": 4, "ymax": 292, "xmax": 942}}, {"tid": 3, "generated": 0, "bbox": {"xmin": 564, "ymin": 282, "ymax": 610, "xmax": 1094}}], [{"tid": 0, "generated": 0, "bbox": {"xmin": 266, "ymin": 78, "ymax": 369, "xmax": 1018}}, {"tid": 1, "generated": 0, "bbox": {"xmin": 408, "ymin": 377, "ymax": 646, "xmax": 1174}}, {"tid": 2, "generated": 0, "bbox": {"xmin": 432, "ymin": 4, "ymax": 292, "xmax": 942}}, {"tid": 3, "generated": 0, "bbox": {"xmin": 564, "ymin": 282, "ymax": 610, "xmax": 1094}}], [{"tid": 0, "generated": 0, "bbox": {"xmin": 264, "ymin": 79, "ymax": 369, "xmax": 1016}}, {"tid": 1, "generated": 0, "bbox": {"xmin": 406, "ymin": 378, "ymax": 646, "xmax": 1172}}, {"tid": 2, "generated": 0, "bbox": {"xmin": 424, "ymin": 4, "ymax": 292, "xmax": 942}}, {"tid": 3, "generated": 0, "bbox": {"xmin": 564, "ymin": 282, "ymax": 610, "xmax": 1094}}], [{"tid": 0, "generated": 0, "bbox": {"xmin": 262, "ymin": 79, "ymax": 370, "xmax": 1014}}, {"tid": 1, "generated": 0, "bbox": {"xmin": 404, "ymin": 379, "ymax": 647, "xmax": 1170}}, {"tid": 2, "generated": 0, "bbox": {"xmin": 417, "ymin": 4, "ymax": 292, "xmax": 942}}, {"tid": 3, "generated": 0, "bbox": {"xmin": 564, "ymin": 282, "ymax": 610, "xmax": 1094}}], [{"tid": 0, "generated": 0, "bbox": {"xmin": 261, "ymin": 80, "ymax": 371, "xmax": 1013}}, {"tid": 1, "generated": 0, "bbox": {"xmin": 403, "ymin": 380, "ymax": 648, "xmax": 1169}}, {"tid": 2, "generated": 0, "bbox": {"xmin": 410, "ymin": 4, "ymax": 292, "xmax": 942}}, {"tid": 3, "generated": 0, "bbox": {"xmin": 564, "ymin": 282, "ymax": 610, "xmax": 1094}}], [{"tid": 0, "generated": 0, "bbox": {"xmin": 258, "ymin": 81, "ymax": 372, "xmax": 1010}}, {"tid": 1, "generated": 0, "bbox": {"xmin": 401, "ymin": 380, "ymax": 648, "xmax": 1167}}, {"tid": 2, "generated": 0, "bbox": {"xmin": 410, "ymin": 4, "ymax": 294, "xmax": 942}}, {"tid": 3, "generated": 0, "bbox": {"xmin": 564, "ymin": 282, "ymax": 610, "xmax": 1094}}], [{"tid": 0, "generated": 0, "bbox": {"xmin": 256, "ymin": 82, "ymax": 373, "xmax": 1008}}, {"tid": 1, "generated": 0, "bbox": {"xmin": 400, "ymin": 381, "ymax": 649, "xmax": 1166}}, {"tid": 2, "generated": 0, "bbox": {"xmin": 410, "ymin": 4, "ymax": 297, "xmax": 942}}, {"tid": 3, "generated": 0, "bbox": {"xmin": 564, "ymin": 282, "ymax": 610, "xmax": 1094}}], [{"tid": 0, "generated": 0, "bbox": {"xmin": 254, "ymin": 84, "ymax": 375, "xmax": 1005}}, {"tid": 1, "generated": 0, "bbox": {"xmin": 398, "ymin": 382, "ymax": 650, "xmax": 1164}}, {"tid": 2, "generated": 0, "bbox": {"xmin": 410, "ymin": 4, "ymax": 299, "xmax": 942}}, {"tid": 3, "generated": 0, "bbox": {"xmin": 564, "ymin": 282, "ymax": 610, "xmax": 1094}}], [{"tid": 0, "generated": 0, "bbox": {"xmin": 251, "ymin": 85, "ymax": 376, "xmax": 1003}}, {"tid": 1, "generated": 0, "bbox": {"xmin": 397, "ymin": 382, "ymax": 651, "xmax": 1163}}, {"tid": 2, "generated": 0, "bbox": {"xmin": 410, "ymin": 4, "ymax": 302, "xmax": 942}}, {"tid": 3, "generated": 0, "bbox": {"xmin": 564, "ymin": 282, "ymax": 610, "xmax": 1094}}], [{"tid": 0, "generated": 0, "bbox": {"xmin": 249, "ymin": 87, "ymax": 378, "xmax": 1000}}, {"tid": 1, "generated": 0, "bbox": {"xmin": 396, "ymin": 383, "ymax": 652, "xmax": 1162}}, {"tid": 2, "generated": 0, "bbox": {"xmin": 410, "ymin": 4, "ymax": 304, "xmax": 942}}, {"tid": 3, "generated": 0, "bbox": {"xmin": 564, "ymin": 282, "ymax": 610, "xmax": 1094}}], [{"tid": 0, "generated": 0, "bbox": {"xmin": 247, "ymin": 88, "ymax": 379, "xmax": 998}}, {"tid": 1, "generated": 0, "bbox": {"xmin": 394, "ymin": 384, "ymax": 653, "xmax": 1160}}, {"tid": 2, "generated": 0, "bbox": {"xmin": 410, "ymin": 4, "ymax": 304, "xmax": 942}}, {"tid": 3, "generated": 0, "bbox": {"xmin": 564, "ymin": 284, "ymax": 612, "xmax": 1094}}], [{"tid": 0, "generated": 0, "bbox": {"xmin": 244, "ymin": 89, "ymax": 380, "xmax": 995}}, {"tid": 1, "generated": 0, "bbox": {"xmin": 393, "ymin": 384, "ymax": 654, "xmax": 1159}}, {"tid": 2, "generated": 0, "bbox": {"xmin": 410, "ymin": 4, "ymax": 304, "xmax": 942}}, {"tid": 3, "generated": 0, "bbox": {"xmin": 563, "ymin": 285, "ymax": 613, "xmax": 1093}}], [{"tid": 0, "generated": 0, "bbox": {"xmin": 242, "ymin": 91, "ymax": 382, "xmax": 993}}, {"tid": 1, "generated": 0, "bbox": {"xmin": 391, "ymin": 385, "ymax": 655, "xmax": 1157}}, {"tid": 2, "generated": 0, "bbox": {"xmin": 410, "ymin": 4, "ymax": 304, "xmax": 942}}, {"tid": 3, "generated": 0, "bbox": {"xmin": 563, "ymin": 287, "ymax": 615, "xmax": 1093}}], [{"tid": 0, "generated": 0, "bbox": {"xmin": 240, "ymin": 92, "ymax": 383, "xmax": 990}}, {"tid": 1, "generated": 0, "bbox": {"xmin": 390, "ymin": 386, "ymax": 656, "xmax": 1156}}, {"tid": 2, "generated": 0, "bbox": {"xmin": 410, "ymin": 4, "ymax": 304, "xmax": 942}}, {"tid": 3, "generated": 0, "bbox": {"xmin": 562, "ymin": 288, "ymax": 616, "xmax": 1092}}], [{"tid": 0, "generated": 0, "bbox": {"xmin": 238, "ymin": 94, "ymax": 385, "xmax": 988}}, {"tid": 1, "generated": 0, "bbox": {"xmin": 389, "ymin": 387, "ymax": 657, "xmax": 1155}}, {"tid": 2, "generated": 0, "bbox": {"xmin": 410, "ymin": 4, "ymax": 304, "xmax": 942}}, {"tid": 3, "generated": 0, "bbox": {"xmin": 562, "ymin": 290, "ymax": 618, "xmax": 1092}}], [{"tid": 0, "generated": 0, "bbox": {"xmin": 236, "ymin": 94, "ymax": 385, "xmax": 986}}, {"tid": 1, "generated": 0, "bbox": {"xmin": 388, "ymin": 388, "ymax": 658, "xmax": 1153}}, {"tid": 2, "generated": 0, "bbox": {"xmin": 404, "ymin": 4, "ymax": 304, "xmax": 936}}, {"tid": 3, "generated": 0, "bbox": {"xmin": 562, "ymin": 290, "ymax": 618, "xmax": 1092}}], [{"tid": 0, "generated": 0, "bbox": {"xmin": 235, "ymin": 94, "ymax": 385, "xmax": 985}}, {"tid": 1, "generated": 0, "bbox": {"xmin": 387, "ymin": 389, "ymax": 659, "xmax": 1152}}, {"tid": 2, "generated": 0, "bbox": {"xmin": 399, "ymin": 4, "ymax": 304, "xmax": 931}}, {"tid": 3, "generated": 0, "bbox": {"xmin": 562, "ymin": 290, "ymax": 618, "xmax": 1092}}], [{"tid": 0, "generated": 0, "bbox": {"xmin": 234, "ymin": 94, "ymax": 385, "xmax": 984}}, {"tid": 1, "generated": 0, "bbox": {"xmin": 386, "ymin": 391, "ymax": 660, "xmax": 1151}}, {"tid": 2, "generated": 0, "bbox": {"xmin": 393, "ymin": 4, "ymax": 304, "xmax": 925}}, {"tid": 3, "generated": 0, "bbox": {"xmin": 562, "ymin": 290, "ymax": 618, "xmax": 1092}}], [{"tid": 0, "generated": 0, "bbox": {"xmin": 232, "ymin": 94, "ymax": 385, "xmax": 983}}, {"tid": 1, "generated": 0, "bbox": {"xmin": 385, "ymin": 392, "ymax": 662, "xmax": 1150}}, {"tid": 2, "generated": 0, "bbox": {"xmin": 388, "ymin": 4, "ymax": 304, "xmax": 920}}, {"tid": 3, "generated": 0, "bbox": {"xmin": 562, "ymin": 290, "ymax": 618, "xmax": 1092}}]], "subject/objects": [{"category": "bicycle", "tid": 0}, {"category": "bicycle", "tid": 1}, {"category": "person", "tid": 2}, {"category": "person", "tid": 3}], "relation_instances": [{"end_fid": 30, "subject_tid": 0, "predicate": "move_right", "begin_fid": 0, "object_tid": 1}, {"end_fid": 30, "subject_tid": 0, "predicate": "move_next_to", "begin_fid": 0, "object_tid": 1}, {"end_fid": 30, "subject_tid": 0, "predicate": "move_with", "begin_fid": 0, "object_tid": 1}, {"end_fid": 30, "subject_tid": 1, "predicate": "move_next_to", "begin_fid": 0, "object_tid": 0}, {"end_fid": 30, "subject_tid": 1, "predicate": "move_left", "begin_fid": 0, "object_tid": 0}, {"end_fid": 30, "subject_tid": 1, "predicate": "move_with", "begin_fid": 0, "object_tid": 0}, {"end_fid": 30, "subject_tid": 0, "predicate": "move_beneath", "begin_fid": 0, "object_tid": 2}, {"end_fid": 30, "subject_tid": 2, "predicate": "sit_above", "begin_fid": 0, "object_tid": 0}, {"end_fid": 30, "subject_tid": 2, "predicate": "ride", "begin_fid": 0, "object_tid": 0}, {"end_fid": 30, "subject_tid": 0, "predicate": "move_right", "begin_fid": 0, "object_tid": 3}, {"end_fid": 30, "subject_tid": 0, "predicate": "move_next_to", "begin_fid": 0, "object_tid": 3}, {"end_fid": 30, "subject_tid": 3, "predicate": "next_to", "begin_fid": 0, "object_tid": 0}, {"end_fid": 30, "subject_tid": 3, "predicate": "left", "begin_fid": 0, "object_tid": 0}, {"end_fid": 30, "subject_tid": 1, "predicate": "move_next_to", "begin_fid": 0, "object_tid": 2}, {"end_fid": 30, "subject_tid": 1, "predicate": "move_left", "begin_fid": 0, "object_tid": 2}, {"end_fid": 30, "subject_tid": 2, "predicate": "right", "begin_fid": 0, "object_tid": 1}, {"end_fid": 30, "subject_tid": 2, "predicate": "next_to", "begin_fid": 0, "object_tid": 1}, {"end_fid": 30, "subject_tid": 1, "predicate": "move_beneath", "begin_fid": 0, "object_tid": 3}, {"end_fid": 30, "subject_tid": 3, "predicate": "sit_above", "begin_fid": 0, "object_tid": 1}, {"end_fid": 30, "subject_tid": 3, "predicate": "ride", "begin_fid": 0, "object_tid": 1}, {"end_fid": 30, "subject_tid": 2, "predicate": "right", "begin_fid": 0, "object_tid": 3}, {"end_fid": 30, "subject_tid": 2, "predicate": "next_to", "begin_fid": 0, "object_tid": 3}, {"end_fid": 30, "subject_tid": 3, "predicate": "next_to", "begin_fid": 0, "object_tid": 2}, {"end_fid": 30, "subject_tid": 3, "predicate": "left", "begin_fid": 0, "object_tid": 2}], "height": 720}