{"width": 480, "frame_count": 54, "video_id": "ILSVRC2015_train_00779000", "fps": 29, "trajectories": [[{"tid": 0, "generated": 0, "bbox": {"xmin": 202, "ymin": 236, "ymax": 322, "xmax": 216}}, {"tid": 1, "generated": 0, "bbox": {"xmin": 268, "ymin": 186, "ymax": 264, "xmax": 380}}, {"tid": 2, "generated": 0, "bbox": {"xmin": 248, "ymin": 184, "ymax": 232, "xmax": 290}}, {"tid": 3, "generated": 0, "bbox": {"xmin": 238, "ymin": 180, "ymax": 208, "xmax": 267}}, {"tid": 4, "generated": 0, "bbox": {"xmin": 50, "ymin": 184, "ymax": 216, "xmax": 98}}, {"tid": 5, "generated": 0, "bbox": {"xmin": 94, "ymin": 184, "ymax": 207, "xmax": 123}}, {"tid": 6, "generated": 0, "bbox": {"xmin": 184, "ymin": 168, "ymax": 318, "xmax": 239}}], [{"tid": 0, "generated": 0, "bbox": {"xmin": 202, "ymin": 237, "ymax": 325, "xmax": 217}}, {"tid": 1, "generated": 0, "bbox": {"xmin": 268, "ymin": 185, "ymax": 266, "xmax": 380}}, {"tid": 2, "generated": 0, "bbox": {"xmin": 248, "ymin": 187, "ymax": 231, "xmax": 294}}, {"tid": 3, "generated": 0, "bbox": {"xmin": 237, "ymin": 181, "ymax": 208, "xmax": 267}}, {"tid": 4, "generated": 0, "bbox": {"xmin": 49, "ymin": 185, "ymax": 217, "xmax": 99}}, {"tid": 5, "generated": 0, "bbox": {"xmin": 93, "ymin": 187, "ymax": 210, "xmax": 122}}, {"tid": 6, "generated": 0, "bbox": {"xmin": 184, "ymin": 168, "ymax": 318, "xmax": 239}}], [{"tid": 0, "generated": 0, "bbox": {"xmin": 202, "ymin": 238, "ymax": 328, "xmax": 218}}, {"tid": 1, "generated": 0, "bbox": {"xmin": 270, "ymin": 194, "ymax": 275, "xmax": 386}}, {"tid": 2, "generated": 0, "bbox": {"xmin": 248, "ymin": 190, "ymax": 239, "xmax": 297}}, {"tid": 3, "generated": 0, "bbox": {"xmin": 238, "ymin": 186, "ymax": 212, "xmax": 268}}, {"tid": 4, "generated": 0, "bbox": {"xmin": 48, "ymin": 192, "ymax": 224, "xmax": 98}}, {"tid": 5, "generated": 0, "bbox": {"xmin": 92, "ymin": 190, "ymax": 214, "xmax": 122}}, {"tid": 6, "generated": 0, "bbox": {"xmin": 184, "ymin": 168, "ymax": 318, "xmax": 239}}], [{"tid": 0, "generated": 0, "bbox": {"xmin": 202, "ymin": 235, "ymax": 323, "xmax": 218}}, {"tid": 1, "generated": 0, "bbox": {"xmin": 270, "ymin": 187, "ymax": 270, "xmax": 391}}, {"tid": 2, "generated": 0, "bbox": {"xmin": 248, "ymin": 184, "ymax": 234, "xmax": 300}}, {"tid": 3, "generated": 0, "bbox": {"xmin": 239, "ymin": 180, "ymax": 208, "xmax": 268}}, {"tid": 4, "generated": 0, "bbox": {"xmin": 45, "ymin": 187, "ymax": 220, "xmax": 95}}, {"tid": 5, "generated": 0, "bbox": {"xmin": 91, "ymin": 186, "ymax": 210, "xmax": 121}}, {"tid": 6, "generated": 0, "bbox": {"xmin": 184, "ymin": 168, "ymax": 318, "xmax": 239}}], [{"tid": 0, "generated": 0, "bbox": {"xmin": 202, "ymin": 236, "ymax": 324, "xmax": 218}}, {"tid": 1, "generated": 0, "bbox": {"xmin": 271, "ymin": 188, "ymax": 272, "xmax": 392}}, {"tid": 2, "generated": 0, "bbox": {"xmin": 248, "ymin": 184, "ymax": 235, "xmax": 297}}, {"tid": 3, "generated": 0, "bbox": {"xmin": 238, "ymin": 179, "ymax": 208, "xmax": 268}}, {"tid": 4, "generated": 0, "bbox": {"xmin": 45, "ymin": 186, "ymax": 218, "xmax": 96}}, {"tid": 5, "generated": 0, "bbox": {"xmin": 90, "ymin": 184, "ymax": 208, "xmax": 120}}, {"tid": 6, "generated": 0, "bbox": {"xmin": 184, "ymin": 168, "ymax": 318, "xmax": 239}}], [{"tid": 0, "generated": 0, "bbox": {"xmin": 202, "ymin": 238, "ymax": 327, "xmax": 216}}, {"tid": 1, "generated": 0, "bbox": {"xmin": 270, "ymin": 188, "ymax": 279, "xmax": 397}}, {"tid": 2, "generated": 0, "bbox": {"xmin": 247, "ymin": 186, "ymax": 237, "xmax": 296}}, {"tid": 3, "generated": 0, "bbox": {"xmin": 237, "ymin": 181, "ymax": 210, "xmax": 266}}, {"tid": 4, "generated": 0, "bbox": {"xmin": 42, "ymin": 189, "ymax": 220, "xmax": 93}}, {"tid": 5, "generated": 0, "bbox": {"xmin": 88, "ymin": 186, "ymax": 210, "xmax": 118}}, {"tid": 6, "generated": 0, "bbox": {"xmin": 184, "ymin": 168, "ymax": 318, "xmax": 239}}], [{"tid": 0, "generated": 0, "bbox": {"xmin": 207, "ymin": 242, "ymax": 333, "xmax": 223}}, {"tid": 1, "generated": 0, "bbox": {"xmin": 277, "ymin": 195, "ymax": 289, "xmax": 409}}, {"tid": 2, "generated": 0, "bbox": {"xmin": 252, "ymin": 190, "ymax": 244, "xmax": 302}}, {"tid": 3, "generated": 0, "bbox": {"xmin": 241, "ymin": 186, "ymax": 214, "xmax": 270}}, {"tid": 4, "generated": 0, "bbox": {"xmin": 46, "ymin": 192, "ymax": 224, "xmax": 96}}, {"tid": 5, "generated": 0, "bbox": {"xmin": 90, "ymin": 190, "ymax": 216, "xmax": 121}}, {"tid": 6, "generated": 0, "bbox": {"xmin": 187, "ymin": 169, "ymax": 319, "xmax": 242}}], [{"tid": 0, "generated": 0, "bbox": {"xmin": 208, "ymin": 243, "ymax": 332, "xmax": 224}}, {"tid": 1, "generated": 0, "bbox": {"xmin": 277, "ymin": 195, "ymax": 288, "xmax": 410}}, {"tid": 2, "generated": 0, "bbox": {"xmin": 252, "ymin": 190, "ymax": 244, "xmax": 298}}, {"tid": 3, "generated": 0, "bbox": {"xmin": 240, "ymin": 186, "ymax": 215, "xmax": 269}}, {"tid": 4, "generated": 0, "bbox": {"xmin": 45, "ymin": 194, "ymax": 225, "xmax": 96}}, {"tid": 5, "generated": 0, "bbox": {"xmin": 92, "ymin": 191, "ymax": 216, "xmax": 123}}, {"tid": 6, "generated": 0, "bbox": {"xmin": 191, "ymin": 170, "ymax": 320, "xmax": 246}}], [{"tid": 0, "generated": 0, "bbox": {"xmin": 213, "ymin": 244, "ymax": 334, "xmax": 230}}, {"tid": 1, "generated": 0, "bbox": {"xmin": 282, "ymin": 197, "ymax": 294, "xmax": 422}}, {"tid": 2, "generated": 0, "bbox": {"xmin": 258, "ymin": 194, "ymax": 246, "xmax": 308}}, {"tid": 3, "generated": 0, "bbox": {"xmin": 245, "ymin": 190, "ymax": 218, "xmax": 274}}, {"tid": 4, "generated": 0, "bbox": {"xmin": 49, "ymin": 196, "ymax": 227, "xmax": 100}}, {"tid": 5, "generated": 0, "bbox": {"xmin": 94, "ymin": 196, "ymax": 219, "xmax": 126}}, {"tid": 6, "generated": 0, "bbox": {"xmin": 194, "ymin": 172, "ymax": 322, "xmax": 249}}], [{"tid": 0, "generated": 0, "bbox": {"xmin": 219, "ymin": 246, "ymax": 336, "xmax": 236}}, {"tid": 1, "generated": 0, "bbox": {"xmin": 290, "ymin": 198, "ymax": 300, "xmax": 438}}, {"tid": 2, "generated": 0, "bbox": {"xmin": 264, "ymin": 194, "ymax": 247, "xmax": 315}}, {"tid": 3, "generated": 0, "bbox": {"xmin": 252, "ymin": 189, "ymax": 218, "xmax": 280}}, {"tid": 4, "generated": 0, "bbox": {"xmin": 54, "ymin": 198, "ymax": 230, "xmax": 105}}, {"tid": 5, "generated": 0, "bbox": {"xmin": 100, "ymin": 196, "ymax": 219, "xmax": 131}}, {"tid": 6, "generated": 0, "bbox": {"xmin": 198, "ymin": 173, "ymax": 323, "xmax": 253}}], [{"tid": 0, "generated": 0, "bbox": {"xmin": 219, "ymin": 247, "ymax": 335, "xmax": 236}}, {"tid": 1, "generated": 0, "bbox": {"xmin": 290, "ymin": 198, "ymax": 298, "xmax": 437}}, {"tid": 2, "generated": 0, "bbox": {"xmin": 264, "ymin": 195, "ymax": 249, "xmax": 316}}, {"tid": 3, "generated": 0, "bbox": {"xmin": 253, "ymin": 190, "ymax": 219, "xmax": 282}}, {"tid": 4, "generated": 0, "bbox": {"xmin": 54, "ymin": 198, "ymax": 231, "xmax": 106}}, {"tid": 5, "generated": 0, "bbox": {"xmin": 102, "ymin": 196, "ymax": 218, "xmax": 132}}, {"tid": 6, "generated": 0, "bbox": {"xmin": 201, "ymin": 174, "ymax": 324, "xmax": 256}}], [{"tid": 0, "generated": 0, "bbox": {"xmin": 225, "ymin": 245, "ymax": 335, "xmax": 241}}, {"tid": 1, "generated": 0, "bbox": {"xmin": 296, "ymin": 196, "ymax": 302, "xmax": 452}}, {"tid": 2, "generated": 0, "bbox": {"xmin": 270, "ymin": 194, "ymax": 246, "xmax": 323}}, {"tid": 3, "generated": 0, "bbox": {"xmin": 258, "ymin": 188, "ymax": 218, "xmax": 287}}, {"tid": 4, "generated": 0, "bbox": {"xmin": 57, "ymin": 197, "ymax": 231, "xmax": 110}}, {"tid": 5, "generated": 0, "bbox": {"xmin": 103, "ymin": 194, "ymax": 218, "xmax": 136}}, {"tid": 6, "generated": 0, "bbox": {"xmin": 203, "ymin": 172, "ymax": 322, "xmax": 258}}], [{"tid": 0, "generated": 0, "bbox": {"xmin": 226, "ymin": 245, "ymax": 334, "xmax": 244}}, {"tid": 1, "generated": 0, "bbox": {"xmin": 302, "ymin": 197, "ymax": 308, "xmax": 466}}, {"tid": 2, "generated": 0, "bbox": {"xmin": 270, "ymin": 193, "ymax": 248, "xmax": 324}}, {"tid": 3, "generated": 0, "bbox": {"xmin": 258, "ymin": 188, "ymax": 217, "xmax": 288}}, {"tid": 4, "generated": 0, "bbox": {"xmin": 56, "ymin": 196, "ymax": 230, "xmax": 110}}, {"tid": 5, "generated": 0, "bbox": {"xmin": 106, "ymin": 194, "ymax": 218, "xmax": 138}}, {"tid": 6, "generated": 0, "bbox": {"xmin": 206, "ymin": 171, "ymax": 321, "xmax": 261}}], [{"tid": 0, "generated": 0, "bbox": {"xmin": 224, "ymin": 241, "ymax": 329, "xmax": 242}}, {"tid": 1, "generated": 0, "bbox": {"xmin": 300, "ymin": 196, "ymax": 307, "xmax": 466}}, {"tid": 2, "generated": 0, "bbox": {"xmin": 271, "ymin": 192, "ymax": 250, "xmax": 326}}, {"tid": 3, "generated": 0, "bbox": {"xmin": 259, "ymin": 187, "ymax": 216, "xmax": 289}}, {"tid": 4, "generated": 0, "bbox": {"xmin": 56, "ymin": 196, "ymax": 230, "xmax": 110}}, {"tid": 5, "generated": 0, "bbox": {"xmin": 105, "ymin": 192, "ymax": 217, "xmax": 137}}, {"tid": 6, "generated": 0, "bbox": {"xmin": 208, "ymin": 169, "ymax": 319, "xmax": 263}}], [{"tid": 0, "generated": 0, "bbox": {"xmin": 226, "ymin": 241, "ymax": 329, "xmax": 243}}, {"tid": 1, "generated": 0, "bbox": {"xmin": 302, "ymin": 197, "ymax": 314, "xmax": 477}}, {"tid": 2, "generated": 0, "bbox": {"xmin": 273, "ymin": 193, "ymax": 250, "xmax": 329}}, {"tid": 3, "generated": 0, "bbox": {"xmin": 260, "ymin": 187, "ymax": 216, "xmax": 291}}, {"tid": 4, "generated": 0, "bbox": {"xmin": 55, "ymin": 195, "ymax": 229, "xmax": 109}}, {"tid": 5, "generated": 0, "bbox": {"xmin": 104, "ymin": 191, "ymax": 216, "xmax": 137}}, {"tid": 6, "generated": 0, "bbox": {"xmin": 211, "ymin": 168, "ymax": 318, "xmax": 266}}], [{"tid": 0, "generated": 0, "bbox": {"xmin": 228, "ymin": 242, "ymax": 330, "xmax": 244}}, {"tid": 1, "generated": 0, "bbox": {"xmin": 304, "ymin": 200, "ymax": 320, "xmax": 479}}, {"tid": 2, "generated": 0, "bbox": {"xmin": 275, "ymin": 194, "ymax": 254, "xmax": 332}}, {"tid": 3, "generated": 0, "bbox": {"xmin": 262, "ymin": 188, "ymax": 218, "xmax": 294}}, {"tid": 4, "generated": 0, "bbox": {"xmin": 54, "ymin": 195, "ymax": 228, "xmax": 109}}, {"tid": 5, "generated": 0, "bbox": {"xmin": 102, "ymin": 192, "ymax": 216, "xmax": 135}}, {"tid": 6, "generated": 0, "bbox": {"xmin": 213, "ymin": 166, "ymax": 316, "xmax": 268}}], [{"tid": 0, "generated": 0, "bbox": {"xmin": 228, "ymin": 244, "ymax": 332, "xmax": 244}}, {"tid": 1, "generated": 0, "bbox": {"xmin": 305, "ymin": 198, "ymax": 322, "xmax": 479}}, {"tid": 2, "generated": 0, "bbox": {"xmin": 274, "ymin": 196, "ymax": 254, "xmax": 333}}, {"tid": 3, "generated": 0, "bbox": {"xmin": 262, "ymin": 188, "ymax": 218, "xmax": 294}}, {"tid": 4, "generated": 0, "bbox": {"xmin": 56, "ymin": 193, "ymax": 226, "xmax": 111}}, {"tid": 5, "generated": 0, "bbox": {"xmin": 103, "ymin": 191, "ymax": 216, "xmax": 136}}, {"tid": 6, "generated": 0, "bbox": {"xmin": 212, "ymin": 166, "ymax": 316, "xmax": 267}}], [{"tid": 0, "generated": 0, "bbox": {"xmin": 229, "ymin": 242, "ymax": 328, "xmax": 244}}, {"tid": 1, "generated": 0, "bbox": {"xmin": 310, "ymin": 199, "ymax": 328, "xmax": 479}}, {"tid": 2, "generated": 0, "bbox": {"xmin": 278, "ymin": 196, "ymax": 254, "xmax": 338}}, {"tid": 3, "generated": 0, "bbox": {"xmin": 264, "ymin": 186, "ymax": 217, "xmax": 296}}, {"tid": 4, "generated": 0, "bbox": {"xmin": 56, "ymin": 192, "ymax": 226, "xmax": 110}}, {"tid": 5, "generated": 0, "bbox": {"xmin": 102, "ymin": 190, "ymax": 214, "xmax": 135}}, {"tid": 6, "generated": 0, "bbox": {"xmin": 210, "ymin": 165, "ymax": 315, "xmax": 265}}], [{"tid": 0, "generated": 0, "bbox": {"xmin": 231, "ymin": 236, "ymax": 326, "xmax": 244}}, {"tid": 1, "generated": 0, "bbox": {"xmin": 310, "ymin": 194, "ymax": 330, "xmax": 479}}, {"tid": 2, "generated": 0, "bbox": {"xmin": 277, "ymin": 188, "ymax": 249, "xmax": 341}}, {"tid": 3, "generated": 0, "bbox": {"xmin": 262, "ymin": 181, "ymax": 212, "xmax": 296}}, {"tid": 4, "generated": 0, "bbox": {"xmin": 54, "ymin": 184, "ymax": 218, "xmax": 108}}, {"tid": 5, "generated": 0, "bbox": {"xmin": 102, "ymin": 184, "ymax": 209, "xmax": 135}}, {"tid": 6, "generated": 0, "bbox": {"xmin": 209, "ymin": 165, "ymax": 315, "xmax": 264}}], [{"tid": 0, "generated": 0, "bbox": {"xmin": 230, "ymin": 234, "ymax": 323, "xmax": 244}}, {"tid": 1, "generated": 0, "bbox": {"xmin": 310, "ymin": 194, "ymax": 330, "xmax": 479}}, {"tid": 2, "generated": 0, "bbox": {"xmin": 276, "ymin": 188, "ymax": 250, "xmax": 340}}, {"tid": 3, "generated": 0, "bbox": {"xmin": 264, "ymin": 182, "ymax": 212, "xmax": 298}}, {"tid": 4, "generated": 0, "bbox": {"xmin": 54, "ymin": 184, "ymax": 218, "xmax": 109}}, {"tid": 5, "generated": 0, "bbox": {"xmin": 104, "ymin": 182, "ymax": 208, "xmax": 138}}, {"tid": 6, "generated": 0, "bbox": {"xmin": 207, "ymin": 164, "ymax": 314, "xmax": 262}}], [{"tid": 0, "generated": 0, "bbox": {"xmin": 224, "ymin": 237, "ymax": 327, "xmax": 238}}, {"tid": 1, "generated": 0, "bbox": {"xmin": 306, "ymin": 196, "ymax": 342, "xmax": 479}}, {"tid": 2, "generated": 0, "bbox": {"xmin": 278, "ymin": 193, "ymax": 254, "xmax": 341}}, {"tid": 3, "generated": 0, "bbox": {"xmin": 260, "ymin": 182, "ymax": 213, "xmax": 294}}, {"tid": 4, "generated": 0, "bbox": {"xmin": 39, "ymin": 186, "ymax": 222, "xmax": 101}}, {"tid": 5, "generated": 0, "bbox": {"xmin": 96, "ymin": 185, "ymax": 211, "xmax": 130}}, {"tid": 6, "generated": 0, "bbox": {"xmin": 206, "ymin": 164, "ymax": 314, "xmax": 261}}], [{"tid": 0, "generated": 0, "bbox": {"xmin": 220, "ymin": 240, "ymax": 333, "xmax": 236}}, {"tid": 1, "generated": 0, "bbox": {"xmin": 306, "ymin": 201, "ymax": 358, "xmax": 479}}, {"tid": 2, "generated": 0, "bbox": {"xmin": 268, "ymin": 193, "ymax": 260, "xmax": 339}}, {"tid": 3, "generated": 0, "bbox": {"xmin": 256, "ymin": 185, "ymax": 216, "xmax": 291}}, {"tid": 4, "generated": 0, "bbox": {"xmin": 34, "ymin": 190, "ymax": 226, "xmax": 95}}, {"tid": 5, "generated": 0, "bbox": {"xmin": 90, "ymin": 189, "ymax": 216, "xmax": 125}}, {"tid": 6, "generated": 0, "bbox": {"xmin": 203, "ymin": 166, "ymax": 316, "xmax": 258}}], [{"tid": 0, "generated": 0, "bbox": {"xmin": 219, "ymin": 240, "ymax": 333, "xmax": 234}}, {"tid": 1, "generated": 0, "bbox": {"xmin": 306, "ymin": 201, "ymax": 356, "xmax": 479}}, {"tid": 2, "generated": 0, "bbox": {"xmin": 269, "ymin": 190, "ymax": 260, "xmax": 346}}, {"tid": 3, "generated": 0, "bbox": {"xmin": 255, "ymin": 184, "ymax": 218, "xmax": 290}}, {"tid": 4, "generated": 0, "bbox": {"xmin": 35, "ymin": 190, "ymax": 227, "xmax": 96}}, {"tid": 5, "generated": 0, "bbox": {"xmin": 90, "ymin": 188, "ymax": 215, "xmax": 125}}, {"tid": 6, "generated": 0, "bbox": {"xmin": 200, "ymin": 168, "ymax": 318, "xmax": 255}}], [{"tid": 0, "generated": 0, "bbox": {"xmin": 214, "ymin": 246, "ymax": 338, "xmax": 229}}, {"tid": 1, "generated": 0, "bbox": {"xmin": 303, "ymin": 205, "ymax": 359, "xmax": 478}}, {"tid": 2, "generated": 0, "bbox": {"xmin": 263, "ymin": 196, "ymax": 264, "xmax": 334}}, {"tid": 3, "generated": 0, "bbox": {"xmin": 248, "ymin": 190, "ymax": 224, "xmax": 286}}, {"tid": 4, "generated": 0, "bbox": {"xmin": 23, "ymin": 196, "ymax": 233, "xmax": 87}}, {"tid": 5, "generated": 0, "bbox": {"xmin": 82, "ymin": 194, "ymax": 221, "xmax": 118}}, {"tid": 6, "generated": 0, "bbox": {"xmin": 196, "ymin": 170, "ymax": 320, "xmax": 251}}], [{"tid": 0, "generated": 0, "bbox": {"xmin": 212, "ymin": 246, "ymax": 336, "xmax": 227}}, {"tid": 1, "generated": 0, "bbox": {"xmin": 300, "ymin": 206, "ymax": 359, "xmax": 478}}, {"tid": 2, "generated": 0, "bbox": {"xmin": 260, "ymin": 196, "ymax": 264, "xmax": 337}}, {"tid": 3, "generated": 0, "bbox": {"xmin": 244, "ymin": 190, "ymax": 223, "xmax": 282}}, {"tid": 4, "generated": 0, "bbox": {"xmin": 16, "ymin": 196, "ymax": 232, "xmax": 82}}, {"tid": 5, "generated": 0, "bbox": {"xmin": 74, "ymin": 194, "ymax": 221, "xmax": 112}}, {"tid": 6, "generated": 0, "bbox": {"xmin": 193, "ymin": 172, "ymax": 322, "xmax": 248}}], [{"tid": 0, "generated": 0, "bbox": {"xmin": 211, "ymin": 246, "ymax": 335, "xmax": 226}}, {"tid": 1, "generated": 0, "bbox": {"xmin": 300, "ymin": 206, "ymax": 359, "xmax": 478}}, {"tid": 2, "generated": 0, "bbox": {"xmin": 259, "ymin": 196, "ymax": 264, "xmax": 337}}, {"tid": 3, "generated": 0, "bbox": {"xmin": 244, "ymin": 189, "ymax": 223, "xmax": 283}}, {"tid": 4, "generated": 0, "bbox": {"xmin": 16, "ymin": 196, "ymax": 234, "xmax": 78}}, {"tid": 5, "generated": 0, "bbox": {"xmin": 74, "ymin": 194, "ymax": 220, "xmax": 112}}, {"tid": 6, "generated": 0, "bbox": {"xmin": 190, "ymin": 174, "ymax": 324, "xmax": 245}}], [{"tid": 0, "generated": 0, "bbox": {"xmin": 209, "ymin": 245, "ymax": 338, "xmax": 226}}, {"tid": 1, "generated": 0, "bbox": {"xmin": 302, "ymin": 204, "ymax": 359, "xmax": 479}}, {"tid": 2, "generated": 0, "bbox": {"xmin": 260, "ymin": 194, "ymax": 265, "xmax": 341}}, {"tid": 3, "generated": 0, "bbox": {"xmin": 244, "ymin": 188, "ymax": 222, "xmax": 283}}, {"tid": 4, "generated": 0, "bbox": {"xmin": 8, "ymin": 195, "ymax": 232, "xmax": 76}}, {"tid": 5, "generated": 0, "bbox": {"xmin": 69, "ymin": 192, "ymax": 219, "xmax": 108}}, {"tid": 6, "generated": 0, "bbox": {"xmin": 191, "ymin": 173, "ymax": 323, "xmax": 246}}], [{"tid": 0, "generated": 0, "bbox": {"xmin": 210, "ymin": 246, "ymax": 336, "xmax": 224}}, {"tid": 1, "generated": 0, "bbox": {"xmin": 306, "ymin": 210, "ymax": 358, "xmax": 479}}, {"tid": 2, "generated": 0, "bbox": {"xmin": 258, "ymin": 200, "ymax": 271, "xmax": 342}}, {"tid": 3, "generated": 0, "bbox": {"xmin": 242, "ymin": 192, "ymax": 227, "xmax": 282}}, {"tid": 4, "generated": 0, "bbox": {"xmin": 6, "ymin": 200, "ymax": 237, "xmax": 74}}, {"tid": 5, "generated": 0, "bbox": {"xmin": 66, "ymin": 197, "ymax": 224, "xmax": 106}}, {"tid": 6, "generated": 0, "bbox": {"xmin": 192, "ymin": 172, "ymax": 322, "xmax": 247}}], [{"tid": 0, "generated": 0, "bbox": {"xmin": 208, "ymin": 249, "ymax": 336, "xmax": 224}}, {"tid": 1, "generated": 0, "bbox": {"xmin": 305, "ymin": 210, "ymax": 359, "xmax": 478}}, {"tid": 2, "generated": 0, "bbox": {"xmin": 257, "ymin": 199, "ymax": 270, "xmax": 344}}, {"tid": 3, "generated": 0, "bbox": {"xmin": 243, "ymin": 192, "ymax": 227, "xmax": 282}}, {"tid": 4, "generated": 0, "bbox": {"xmin": 6, "ymin": 201, "ymax": 238, "xmax": 72}}, {"tid": 5, "generated": 0, "bbox": {"xmin": 66, "ymin": 193, "ymax": 221, "xmax": 106}}, {"tid": 6, "generated": 0, "bbox": {"xmin": 193, "ymin": 172, "ymax": 322, "xmax": 248}}], [{"tid": 0, "generated": 0, "bbox": {"xmin": 213, "ymin": 240, "ymax": 328, "xmax": 228}}, {"tid": 1, "generated": 0, "bbox": {"xmin": 311, "ymin": 204, "ymax": 358, "xmax": 479}}, {"tid": 2, "generated": 0, "bbox": {"xmin": 263, "ymin": 191, "ymax": 265, "xmax": 352}}, {"tid": 3, "generated": 0, "bbox": {"xmin": 246, "ymin": 183, "ymax": 218, "xmax": 285}}, {"tid": 4, "generated": 0, "bbox": {"xmin": 8, "ymin": 192, "ymax": 228, "xmax": 76}}, {"tid": 5, "generated": 0, "bbox": {"xmin": 67, "ymin": 189, "ymax": 218, "xmax": 107}}, {"tid": 6, "generated": 0, "bbox": {"xmin": 194, "ymin": 171, "ymax": 321, "xmax": 249}}]], "subject/objects": [{"category": "bicycle", "tid": 0}, {"category": "car", "tid": 1}, {"category": "car", "tid": 2}, {"category": "car", "tid": 3}, {"category": "car", "tid": 4}, {"category": "car", "tid": 5}, {"category": "person", "tid": 6}], "relation_instances": [{"end_fid": 30, "subject_tid": 0, "predicate": "move_past", "begin_fid": 0, "object_tid": 1}, {"end_fid": 30, "subject_tid": 0, "predicate": "move_left", "begin_fid": 0, "object_tid": 1}, {"end_fid": 30, "subject_tid": 1, "predicate": "stop_right", "begin_fid": 0, "object_tid": 0}, {"end_fid": 30, "subject_tid": 0, "predicate": "move_past", "begin_fid": 0, "object_tid": 2}, {"end_fid": 30, "subject_tid": 0, "predicate": "move_front", "begin_fid": 0, "object_tid": 2}, {"end_fid": 30, "subject_tid": 0, "predicate": "move_left", "begin_fid": 0, "object_tid": 2}, {"end_fid": 30, "subject_tid": 2, "predicate": "stop_behind", "begin_fid": 0, "object_tid": 0}, {"end_fid": 30, "subject_tid": 2, "predicate": "stop_right", "begin_fid": 0, "object_tid": 0}, {"end_fid": 30, "subject_tid": 0, "predicate": "move_front", "begin_fid": 0, "object_tid": 3}, {"end_fid": 30, "subject_tid": 0, "predicate": "move_left", "begin_fid": 0, "object_tid": 3}, {"end_fid": 30, "subject_tid": 3, "predicate": "stop_behind", "begin_fid": 0, "object_tid": 0}, {"end_fid": 30, "subject_tid": 3, "predicate": "stop_right", "begin_fid": 0, "object_tid": 0}, {"end_fid": 30, "subject_tid": 0, "predicate": "move_right", "begin_fid": 0, "object_tid": 4}, {"end_fid": 30, "subject_tid": 0, "predicate": "move_front", "begin_fid": 0, "object_tid": 4}, {"end_fid": 30, "subject_tid": 4, "predicate": "stop_behind", "begin_fid": 0, "object_tid": 0}, {"end_fid": 30, "subject_tid": 4, "predicate": "stop_left", "begin_fid": 0, "object_tid": 0}, {"end_fid": 30, "subject_tid": 0, "predicate": "move_right", "begin_fid": 0, "object_tid": 5}, {"end_fid": 30, "subject_tid": 0, "predicate": "move_front", "begin_fid": 0, "object_tid": 5}, {"end_fid": 30, "subject_tid": 5, "predicate": "stop_behind", "begin_fid": 0, "object_tid": 0}, {"end_fid": 30, "subject_tid": 5, "predicate": "stop_left", "begin_fid": 0, "object_tid": 0}, {"end_fid": 30, "subject_tid": 0, "predicate": "move_beneath", "begin_fid": 0, "object_tid": 6}, {"end_fid": 30, "subject_tid": 6, "predicate": "sit_above", "begin_fid": 0, "object_tid": 0}, {"end_fid": 30, "subject_tid": 6, "predicate": "ride", "begin_fid": 0, "object_tid": 0}, {"end_fid": 30, "subject_tid": 1, "predicate": "stop_next_to", "begin_fid": 0, "object_tid": 2}, {"end_fid": 30, "subject_tid": 1, "predicate": "stop_front", "begin_fid": 0, "object_tid": 2}, {"end_fid": 30, "subject_tid": 2, "predicate": "stop_next_to", "begin_fid": 0, "object_tid": 1}, {"end_fid": 30, "subject_tid": 2, "predicate": "stop_behind", "begin_fid": 0, "object_tid": 1}, {"end_fid": 30, "subject_tid": 1, "predicate": "stop_front", "begin_fid": 0, "object_tid": 3}, {"end_fid": 30, "subject_tid": 3, "predicate": "stop_behind", "begin_fid": 0, "object_tid": 1}, {"end_fid": 30, "subject_tid": 1, "predicate": "stop_right", "begin_fid": 0, "object_tid": 4}, {"end_fid": 30, "subject_tid": 1, "predicate": "stop_front", "begin_fid": 0, "object_tid": 4}, {"end_fid": 30, "subject_tid": 4, "predicate": "stop_behind", "begin_fid": 0, "object_tid": 1}, {"end_fid": 30, "subject_tid": 4, "predicate": "stop_left", "begin_fid": 0, "object_tid": 1}, {"end_fid": 30, "subject_tid": 1, "predicate": "stop_right", "begin_fid": 0, "object_tid": 5}, {"end_fid": 30, "subject_tid": 1, "predicate": "stop_front", "begin_fid": 0, "object_tid": 5}, {"end_fid": 30, "subject_tid": 5, "predicate": "stop_behind", "begin_fid": 0, "object_tid": 1}, {"end_fid": 30, "subject_tid": 5, "predicate": "stop_left", "begin_fid": 0, "object_tid": 1}, {"end_fid": 30, "subject_tid": 1, "predicate": "stop_right", "begin_fid": 0, "object_tid": 6}, {"end_fid": 30, "subject_tid": 6, "predicate": "past", "begin_fid": 0, "object_tid": 1}, {"end_fid": 30, "subject_tid": 6, "predicate": "left", "begin_fid": 0, "object_tid": 1}, {"end_fid": 30, "subject_tid": 2, "predicate": "stop_next_to", "begin_fid": 0, "object_tid": 3}, {"end_fid": 30, "subject_tid": 2, "predicate": "stop_front", "begin_fid": 0, "object_tid": 3}, {"end_fid": 30, "subject_tid": 3, "predicate": "stop_next_to", "begin_fid": 0, "object_tid": 2}, {"end_fid": 30, "subject_tid": 3, "predicate": "stop_behind", "begin_fid": 0, "object_tid": 2}, {"end_fid": 30, "subject_tid": 2, "predicate": "stop_right", "begin_fid": 0, "object_tid": 4}, {"end_fid": 30, "subject_tid": 2, "predicate": "stop_front", "begin_fid": 0, "object_tid": 4}, {"end_fid": 30, "subject_tid": 4, "predicate": "stop_behind", "begin_fid": 0, "object_tid": 2}, {"end_fid": 30, "subject_tid": 4, "predicate": "stop_left", "begin_fid": 0, "object_tid": 2}, {"end_fid": 30, "subject_tid": 2, "predicate": "stop_right", "begin_fid": 0, "object_tid": 5}, {"end_fid": 30, "subject_tid": 2, "predicate": "stop_front", "begin_fid": 0, "object_tid": 5}, {"end_fid": 30, "subject_tid": 5, "predicate": "stop_behind", "begin_fid": 0, "object_tid": 2}, {"end_fid": 30, "subject_tid": 5, "predicate": "stop_left", "begin_fid": 0, "object_tid": 2}, {"end_fid": 30, "subject_tid": 2, "predicate": "stop_right", "begin_fid": 0, "object_tid": 6}, {"end_fid": 30, "subject_tid": 2, "predicate": "stop_behind", "begin_fid": 0, "object_tid": 6}, {"end_fid": 30, "subject_tid": 6, "predicate": "past", "begin_fid": 0, "object_tid": 2}, {"end_fid": 30, "subject_tid": 6, "predicate": "front", "begin_fid": 0, "object_tid": 2}, {"end_fid": 30, "subject_tid": 6, "predicate": "left", "begin_fid": 0, "object_tid": 2}, {"end_fid": 30, "subject_tid": 3, "predicate": "stop_right", "begin_fid": 0, "object_tid": 4}, {"end_fid": 30, "subject_tid": 4, "predicate": "stop_left", "begin_fid": 0, "object_tid": 3}, {"end_fid": 30, "subject_tid": 3, "predicate": "stop_right", "begin_fid": 0, "object_tid": 5}, {"end_fid": 30, "subject_tid": 3, "predicate": "stop_front", "begin_fid": 0, "object_tid": 5}, {"end_fid": 30, "subject_tid": 5, "predicate": "stop_behind", "begin_fid": 0, "object_tid": 3}, {"end_fid": 30, "subject_tid": 5, "predicate": "stop_left", "begin_fid": 0, "object_tid": 3}, {"end_fid": 30, "subject_tid": 3, "predicate": "stop_right", "begin_fid": 0, "object_tid": 6}, {"end_fid": 30, "subject_tid": 3, "predicate": "stop_behind", "begin_fid": 0, "object_tid": 6}, {"end_fid": 30, "subject_tid": 6, "predicate": "front", "begin_fid": 0, "object_tid": 3}, {"end_fid": 30, "subject_tid": 6, "predicate": "left", "begin_fid": 0, "object_tid": 3}, {"end_fid": 30, "subject_tid": 4, "predicate": "stop_next_to", "begin_fid": 0, "object_tid": 5}, {"end_fid": 30, "subject_tid": 4, "predicate": "stop_front", "begin_fid": 0, "object_tid": 5}, {"end_fid": 30, "subject_tid": 5, "predicate": "stop_next_to", "begin_fid": 0, "object_tid": 4}, {"end_fid": 30, "subject_tid": 5, "predicate": "stop_behind", "begin_fid": 0, "object_tid": 4}, {"end_fid": 30, "subject_tid": 4, "predicate": "stop_behind", "begin_fid": 0, "object_tid": 6}, {"end_fid": 30, "subject_tid": 4, "predicate": "stop_left", "begin_fid": 0, "object_tid": 6}, {"end_fid": 30, "subject_tid": 6, "predicate": "front", "begin_fid": 0, "object_tid": 4}, {"end_fid": 30, "subject_tid": 6, "predicate": "right", "begin_fid": 0, "object_tid": 4}, {"end_fid": 30, "subject_tid": 5, "predicate": "stop_behind", "begin_fid": 0, "object_tid": 6}, {"end_fid": 30, "subject_tid": 5, "predicate": "stop_left", "begin_fid": 0, "object_tid": 6}, {"end_fid": 30, "subject_tid": 6, "predicate": "front", "begin_fid": 0, "object_tid": 5}, {"end_fid": 30, "subject_tid": 6, "predicate": "right", "begin_fid": 0, "object_tid": 5}], "height": 360}