{"width": 1280, "frame_count": 39, "video_id": "ILSVRC2015_train_00117019", "fps": 25, "trajectories": [[{"tid": 0, "generated": 0, "bbox": {"xmin": 867, "ymin": 405, "ymax": 430, "xmax": 903}}, {"tid": 1, "generated": 0, "bbox": {"xmin": 652, "ymin": 184, "ymax": 213, "xmax": 689}}], [{"tid": 0, "generated": 0, "bbox": {"xmin": 861, "ymin": 414, "ymax": 439, "xmax": 897}}, {"tid": 1, "generated": 0, "bbox": {"xmin": 646, "ymin": 187, "ymax": 215, "xmax": 683}}], [{"tid": 0, "generated": 0, "bbox": {"xmin": 856, "ymin": 424, "ymax": 449, "xmax": 892}}, {"tid": 1, "generated": 0, "bbox": {"xmin": 640, "ymin": 190, "ymax": 218, "xmax": 677}}], [{"tid": 0, "generated": 0, "bbox": {"xmin": 853, "ymin": 429, "ymax": 454, "xmax": 888}}, {"tid": 1, "generated": 0, "bbox": {"xmin": 635, "ymin": 188, "ymax": 219, "xmax": 670}}], [{"tid": 0, "generated": 0, "bbox": {"xmin": 851, "ymin": 434, "ymax": 459, "xmax": 884}}, {"tid": 1, "generated": 0, "bbox": {"xmin": 631, "ymin": 186, "ymax": 220, "xmax": 664}}], [{"tid": 0, "generated": 0, "bbox": {"xmin": 849, "ymin": 440, "ymax": 465, "xmax": 881}}, {"tid": 1, "generated": 0, "bbox": {"xmin": 629, "ymin": 181, "ymax": 218, "xmax": 666}}], [{"tid": 0, "generated": 0, "bbox": {"xmin": 849, "ymin": 445, "ymax": 469, "xmax": 881}}, {"tid": 1, "generated": 0, "bbox": {"xmin": 629, "ymin": 177, "ymax": 214, "xmax": 663}}], [{"tid": 0, "generated": 0, "bbox": {"xmin": 850, "ymin": 450, "ymax": 473, "xmax": 882}}, {"tid": 1, "generated": 0, "bbox": {"xmin": 629, "ymin": 173, "ymax": 210, "xmax": 661}}], [{"tid": 0, "generated": 0, "bbox": {"xmin": 851, "ymin": 455, "ymax": 478, "xmax": 883}}, {"tid": 1, "generated": 0, "bbox": {"xmin": 629, "ymin": 170, "ymax": 206, "xmax": 659}}], [{"tid": 0, "generated": 0, "bbox": {"xmin": 850, "ymin": 457, "ymax": 480, "xmax": 880}}, {"tid": 1, "generated": 0, "bbox": {"xmin": 625, "ymin": 166, "ymax": 202, "xmax": 655}}], [{"tid": 0, "generated": 0, "bbox": {"xmin": 849, "ymin": 459, "ymax": 482, "xmax": 878}}, {"tid": 1, "generated": 0, "bbox": {"xmin": 622, "ymin": 163, "ymax": 199, "xmax": 652}}], [{"tid": 0, "generated": 0, "bbox": {"xmin": 848, "ymin": 462, "ymax": 485, "xmax": 876}}, {"tid": 1, "generated": 0, "bbox": {"xmin": 620, "ymin": 158, "ymax": 195, "xmax": 650}}], [{"tid": 0, "generated": 0, "bbox": {"xmin": 847, "ymin": 471, "ymax": 494, "xmax": 876}}, {"tid": 1, "generated": 0, "bbox": {"xmin": 618, "ymin": 158, "ymax": 195, "xmax": 648}}], [{"tid": 0, "generated": 0, "bbox": {"xmin": 847, "ymin": 480, "ymax": 504, "xmax": 876}}, {"tid": 1, "generated": 0, "bbox": {"xmin": 616, "ymin": 158, "ymax": 195, "xmax": 647}}], [{"tid": 0, "generated": 0, "bbox": {"xmin": 846, "ymin": 489, "ymax": 514, "xmax": 876}}, {"tid": 1, "generated": 0, "bbox": {"xmin": 612, "ymin": 162, "ymax": 198, "xmax": 642}}], [{"tid": 0, "generated": 0, "bbox": {"xmin": 846, "ymin": 499, "ymax": 524, "xmax": 876}}, {"tid": 1, "generated": 0, "bbox": {"xmin": 608, "ymin": 167, "ymax": 202, "xmax": 638}}], [{"tid": 0, "generated": 0, "bbox": {"xmin": 843, "ymin": 508, "ymax": 534, "xmax": 873}}, {"tid": 1, "generated": 0, "bbox": {"xmin": 603, "ymin": 168, "ymax": 204, "xmax": 634}}], [{"tid": 0, "generated": 0, "bbox": {"xmin": 840, "ymin": 517, "ymax": 544, "xmax": 870}}, {"tid": 1, "generated": 0, "bbox": {"xmin": 599, "ymin": 170, "ymax": 206, "xmax": 630}}], [{"tid": 0, "generated": 0, "bbox": {"xmin": 837, "ymin": 526, "ymax": 554, "xmax": 867}}, {"tid": 1, "generated": 0, "bbox": {"xmin": 595, "ymin": 172, "ymax": 209, "xmax": 627}}], [{"tid": 0, "generated": 0, "bbox": {"xmin": 840, "ymin": 531, "ymax": 560, "xmax": 865}}, {"tid": 1, "generated": 0, "bbox": {"xmin": 597, "ymin": 170, "ymax": 206, "xmax": 622}}], [{"tid": 0, "generated": 0, "bbox": {"xmin": 836, "ymin": 535, "ymax": 564, "xmax": 863}}, {"tid": 1, "generated": 0, "bbox": {"xmin": 591, "ymin": 167, "ymax": 204, "xmax": 617}}], [{"tid": 0, "generated": 0, "bbox": {"xmin": 833, "ymin": 540, "ymax": 569, "xmax": 861}}, {"tid": 1, "generated": 0, "bbox": {"xmin": 585, "ymin": 165, "ymax": 202, "xmax": 613}}], [{"tid": 0, "generated": 0, "bbox": {"xmin": 830, "ymin": 545, "ymax": 574, "xmax": 860}}, {"tid": 1, "generated": 0, "bbox": {"xmin": 579, "ymin": 163, "ymax": 200, "xmax": 609}}], [{"tid": 0, "generated": 0, "bbox": {"xmin": 829, "ymin": 548, "ymax": 577, "xmax": 858}}, {"tid": 1, "generated": 0, "bbox": {"xmin": 576, "ymin": 162, "ymax": 196, "xmax": 605}}], [{"tid": 0, "generated": 0, "bbox": {"xmin": 828, "ymin": 552, "ymax": 581, "xmax": 856}}, {"tid": 1, "generated": 0, "bbox": {"xmin": 574, "ymin": 161, "ymax": 193, "xmax": 602}}], [{"tid": 0, "generated": 0, "bbox": {"xmin": 833, "ymin": 554, "ymax": 584, "xmax": 860}}, {"tid": 1, "generated": 0, "bbox": {"xmin": 577, "ymin": 161, "ymax": 190, "xmax": 606}}], [{"tid": 0, "generated": 0, "bbox": {"xmin": 838, "ymin": 558, "ymax": 588, "xmax": 863}}, {"tid": 1, "generated": 0, "bbox": {"xmin": 578, "ymin": 158, "ymax": 185, "xmax": 607}}], [{"tid": 0, "generated": 0, "bbox": {"xmin": 844, "ymin": 563, "ymax": 593, "xmax": 867}}, {"tid": 1, "generated": 0, "bbox": {"xmin": 579, "ymin": 156, "ymax": 181, "xmax": 608}}], [{"tid": 0, "generated": 0, "bbox": {"xmin": 843, "ymin": 565, "ymax": 595, "xmax": 868}}, {"tid": 1, "generated": 0, "bbox": {"xmin": 578, "ymin": 154, "ymax": 177, "xmax": 606}}], [{"tid": 0, "generated": 0, "bbox": {"xmin": 842, "ymin": 567, "ymax": 597, "xmax": 869}}, {"tid": 1, "generated": 0, "bbox": {"xmin": 577, "ymin": 152, "ymax": 174, "xmax": 604}}]], "subject/objects": [{"category": "airplane", "tid": 0}, {"category": "airplane", "tid": 1}], "relation_instances": [{"end_fid": 30, "subject_tid": 0, "predicate": "fly_away", "begin_fid": 0, "object_tid": 1}, {"end_fid": 30, "subject_tid": 1, "predicate": "fly_away", "begin_fid": 0, "object_tid": 0}], "height": 720}