{"width": 1280, "frame_count": 1043, "video_id": "ILSVRC2015_train_00579000", "fps": 30, "trajectories": [[{"tid": 0, "generated": 0, "bbox": {"xmin": 616, "ymin": 305, "ymax": 458, "xmax": 846}}, {"tid": 1, "generated": 0, "bbox": {"xmin": 0, "ymin": 350, "ymax": 426, "xmax": 565}}], [{"tid": 0, "generated": 0, "bbox": {"xmin": 615, "ymin": 304, "ymax": 457, "xmax": 845}}, {"tid": 1, "generated": 0, "bbox": {"xmin": 0, "ymin": 349, "ymax": 425, "xmax": 564}}], [{"tid": 0, "generated": 0, "bbox": {"xmin": 615, "ymin": 304, "ymax": 457, "xmax": 845}}, {"tid": 1, "generated": 0, "bbox": {"xmin": 0, "ymin": 349, "ymax": 425, "xmax": 564}}], [{"tid": 0, "generated": 0, "bbox": {"xmin": 615, "ymin": 304, "ymax": 457, "xmax": 845}}, {"tid": 1, "generated": 0, "bbox": {"xmin": 0, "ymin": 349, "ymax": 425, "xmax": 564}}], [{"tid": 0, "generated": 0, "bbox": {"xmin": 615, "ymin": 304, "ymax": 457, "xmax": 845}}, {"tid": 1, "generated": 0, "bbox": {"xmin": 0, "ymin": 349, "ymax": 425, "xmax": 564}}], [{"tid": 0, "generated": 0, "bbox": {"xmin": 615, "ymin": 304, "ymax": 457, "xmax": 845}}, {"tid": 1, "generated": 0, "bbox": {"xmin": 0, "ymin": 349, "ymax": 425, "xmax": 564}}], [{"tid": 0, "generated": 0, "bbox": {"xmin": 615, "ymin": 304, "ymax": 457, "xmax": 845}}, {"tid": 1, "generated": 0, "bbox": {"xmin": 0, "ymin": 349, "ymax": 425, "xmax": 564}}], [{"tid": 0, "generated": 0, "bbox": {"xmin": 615, "ymin": 304, "ymax": 457, "xmax": 845}}, {"tid": 1, "generated": 0, "bbox": {"xmin": 0, "ymin": 349, "ymax": 425, "xmax": 564}}], [{"tid": 0, "generated": 0, "bbox": {"xmin": 615, "ymin": 304, "ymax": 456, "xmax": 844}}, {"tid": 1, "generated": 0, "bbox": {"xmin": 0, "ymin": 349, "ymax": 425, "xmax": 564}}], [{"tid": 0, "generated": 0, "bbox": {"xmin": 615, "ymin": 304, "ymax": 456, "xmax": 844}}, {"tid": 1, "generated": 0, "bbox": {"xmin": 0, "ymin": 349, "ymax": 425, "xmax": 564}}], [{"tid": 0, "generated": 0, "bbox": {"xmin": 615, "ymin": 304, "ymax": 456, "xmax": 844}}, {"tid": 1, "generated": 0, "bbox": {"xmin": 0, "ymin": 349, "ymax": 425, "xmax": 564}}], [{"tid": 0, "generated": 0, "bbox": {"xmin": 615, "ymin": 304, "ymax": 456, "xmax": 844}}, {"tid": 1, "generated": 0, "bbox": {"xmin": 0, "ymin": 349, "ymax": 425, "xmax": 564}}], [{"tid": 0, "generated": 0, "bbox": {"xmin": 615, "ymin": 304, "ymax": 456, "xmax": 844}}, {"tid": 1, "generated": 0, "bbox": {"xmin": 0, "ymin": 349, "ymax": 425, "xmax": 564}}], [{"tid": 0, "generated": 0, "bbox": {"xmin": 615, "ymin": 304, "ymax": 456, "xmax": 844}}, {"tid": 1, "generated": 0, "bbox": {"xmin": 0, "ymin": 348, "ymax": 425, "xmax": 563}}], [{"tid": 0, "generated": 0, "bbox": {"xmin": 615, "ymin": 304, "ymax": 456, "xmax": 844}}, {"tid": 1, "generated": 0, "bbox": {"xmin": 0, "ymin": 348, "ymax": 425, "xmax": 563}}], [{"tid": 0, "generated": 0, "bbox": {"xmin": 615, "ymin": 304, "ymax": 455, "xmax": 843}}, {"tid": 1, "generated": 0, "bbox": {"xmin": 0, "ymin": 348, "ymax": 425, "xmax": 563}}], [{"tid": 0, "generated": 0, "bbox": {"xmin": 615, "ymin": 304, "ymax": 455, "xmax": 843}}, {"tid": 1, "generated": 0, "bbox": {"xmin": 0, "ymin": 348, "ymax": 425, "xmax": 563}}], [{"tid": 0, "generated": 0, "bbox": {"xmin": 614, "ymin": 304, "ymax": 455, "xmax": 843}}, {"tid": 1, "generated": 0, "bbox": {"xmin": 0, "ymin": 348, "ymax": 424, "xmax": 563}}], [{"tid": 0, "generated": 0, "bbox": {"xmin": 614, "ymin": 304, "ymax": 455, "xmax": 843}}, {"tid": 1, "generated": 0, "bbox": {"xmin": 0, "ymin": 348, "ymax": 424, "xmax": 563}}], [{"tid": 0, "generated": 0, "bbox": {"xmin": 614, "ymin": 304, "ymax": 455, "xmax": 843}}, {"tid": 1, "generated": 0, "bbox": {"xmin": 0, "ymin": 348, "ymax": 424, "xmax": 563}}], [{"tid": 0, "generated": 0, "bbox": {"xmin": 614, "ymin": 304, "ymax": 455, "xmax": 843}}, {"tid": 1, "generated": 0, "bbox": {"xmin": 0, "ymin": 348, "ymax": 424, "xmax": 563}}], [{"tid": 0, "generated": 0, "bbox": {"xmin": 614, "ymin": 304, "ymax": 455, "xmax": 843}}, {"tid": 1, "generated": 0, "bbox": {"xmin": 0, "ymin": 348, "ymax": 424, "xmax": 563}}], [{"tid": 0, "generated": 0, "bbox": {"xmin": 614, "ymin": 304, "ymax": 454, "xmax": 842}}, {"tid": 1, "generated": 0, "bbox": {"xmin": 0, "ymin": 348, "ymax": 424, "xmax": 563}}], [{"tid": 0, "generated": 0, "bbox": {"xmin": 614, "ymin": 304, "ymax": 454, "xmax": 842}}, {"tid": 1, "generated": 0, "bbox": {"xmin": 0, "ymin": 348, "ymax": 424, "xmax": 563}}], [{"tid": 0, "generated": 0, "bbox": {"xmin": 614, "ymin": 304, "ymax": 454, "xmax": 842}}, {"tid": 1, "generated": 0, "bbox": {"xmin": 0, "ymin": 348, "ymax": 424, "xmax": 563}}], [{"tid": 0, "generated": 0, "bbox": {"xmin": 614, "ymin": 304, "ymax": 454, "xmax": 842}}, {"tid": 1, "generated": 0, "bbox": {"xmin": 0, "ymin": 348, "ymax": 424, "xmax": 563}}], [{"tid": 0, "generated": 0, "bbox": {"xmin": 614, "ymin": 304, "ymax": 454, "xmax": 842}}, {"tid": 1, "generated": 0, "bbox": {"xmin": 0, "ymin": 347, "ymax": 424, "xmax": 562}}], [{"tid": 0, "generated": 0, "bbox": {"xmin": 614, "ymin": 304, "ymax": 454, "xmax": 842}}, {"tid": 1, "generated": 0, "bbox": {"xmin": 0, "ymin": 347, "ymax": 424, "xmax": 562}}], [{"tid": 0, "generated": 0, "bbox": {"xmin": 614, "ymin": 304, "ymax": 454, "xmax": 842}}, {"tid": 1, "generated": 0, "bbox": {"xmin": 0, "ymin": 347, "ymax": 424, "xmax": 562}}], [{"tid": 0, "generated": 0, "bbox": {"xmin": 614, "ymin": 304, "ymax": 453, "xmax": 841}}, {"tid": 1, "generated": 0, "bbox": {"xmin": 0, "ymin": 347, "ymax": 424, "xmax": 562}}], [], [], [], [], [], [], [], [], [], [], [], [], [], [], [], [], [], [], [], [], [], [], [], [], [], [], [], [], [], [], [], [], [], [], [], [], [], [], [], [], [], [], [], [], [], [], [], [], [], [], [], [], [], [], [], [], [], [], [], [], [], [], [], [], [], [], [], [], [], [], [], [], [], [], [], [], [], [], [], [], [], [], [], [], [], [], [], [], [], [], [], [], [], [], [], [], [], [], [], [], [], [], [], [], [], [], [], [], [], [], [], [], [], [], [], [], [], [], [], [], [], [], [], [], [], [], [], [], [], [], [], [], [], [], [], [], [], [], [], [], [], [], [], [], [], [], [], [], [], [], [], [], [], [], [], [], [], [], [], [], [], [], [], [], [], [], [], [], [], [], [], [], [], [], [], [], [], [], [], [], [{"tid": 0, "generated": 0, "bbox": {"xmin": 597, "ymin": 301, "ymax": 471, "xmax": 836}}, {"tid": 1, "generated": 0, "bbox": {"xmin": 0, "ymin": 343, "ymax": 417, "xmax": 561}}], [{"tid": 0, "generated": 0, "bbox": {"xmin": 596, "ymin": 301, "ymax": 471, "xmax": 836}}, {"tid": 1, "generated": 0, "bbox": {"xmin": 0, "ymin": 343, "ymax": 417, "xmax": 561}}], [{"tid": 0, "generated": 0, "bbox": {"xmin": 596, "ymin": 300, "ymax": 471, "xmax": 836}}, {"tid": 1, "generated": 0, "bbox": {"xmin": 0, "ymin": 343, "ymax": 417, "xmax": 561}}], [{"tid": 0, "generated": 0, "bbox": {"xmin": 595, "ymin": 300, "ymax": 472, "xmax": 835}}, {"tid": 1, "generated": 0, "bbox": {"xmin": 0, "ymin": 343, "ymax": 417, "xmax": 561}}], [{"tid": 0, "generated": 0, "bbox": {"xmin": 595, "ymin": 300, "ymax": 472, "xmax": 835}}, {"tid": 1, "generated": 0, "bbox": {"xmin": 0, "ymin": 343, "ymax": 417, "xmax": 561}}], [{"tid": 0, "generated": 0, "bbox": {"xmin": 594, "ymin": 300, "ymax": 472, "xmax": 835}}, {"tid": 1, "generated": 0, "bbox": {"xmin": 0, "ymin": 343, "ymax": 417, "xmax": 561}}], [{"tid": 0, "generated": 0, "bbox": {"xmin": 594, "ymin": 299, "ymax": 472, "xmax": 835}}, {"tid": 1, "generated": 0, "bbox": {"xmin": 0, "ymin": 343, "ymax": 417, "xmax": 561}}], [{"tid": 0, "generated": 0, "bbox": {"xmin": 593, "ymin": 299, "ymax": 473, "xmax": 835}}, {"tid": 1, "generated": 0, "bbox": {"xmin": 0, "ymin": 343, "ymax": 417, "xmax": 561}}], [{"tid": 0, "generated": 0, "bbox": {"xmin": 593, "ymin": 299, "ymax": 473, "xmax": 835}}, {"tid": 1, "generated": 0, "bbox": {"xmin": 0, "ymin": 343, "ymax": 417, "xmax": 561}}], [{"tid": 0, "generated": 0, "bbox": {"xmin": 592, "ymin": 299, "ymax": 473, "xmax": 835}}, {"tid": 1, "generated": 0, "bbox": {"xmin": 0, "ymin": 343, "ymax": 417, "xmax": 561}}], [{"tid": 0, "generated": 0, "bbox": {"xmin": 592, "ymin": 298, "ymax": 473, "xmax": 835}}, {"tid": 1, "generated": 0, "bbox": {"xmin": 0, "ymin": 343, "ymax": 417, "xmax": 561}}], [{"tid": 0, "generated": 0, "bbox": {"xmin": 591, "ymin": 298, "ymax": 474, "xmax": 835}}, {"tid": 1, "generated": 0, "bbox": {"xmin": 0, "ymin": 343, "ymax": 417, "xmax": 561}}], [{"tid": 0, "generated": 0, "bbox": {"xmin": 591, "ymin": 298, "ymax": 474, "xmax": 835}}, {"tid": 1, "generated": 0, "bbox": {"xmin": 0, "ymin": 343, "ymax": 417, "xmax": 561}}], [{"tid": 0, "generated": 0, "bbox": {"xmin": 590, "ymin": 298, "ymax": 474, "xmax": 835}}, {"tid": 1, "generated": 0, "bbox": {"xmin": 0, "ymin": 343, "ymax": 417, "xmax": 561}}], [{"tid": 0, "generated": 0, "bbox": {"xmin": 590, "ymin": 297, "ymax": 474, "xmax": 835}}, {"tid": 1, "generated": 0, "bbox": {"xmin": 0, "ymin": 343, "ymax": 417, "xmax": 561}}], [{"tid": 0, "generated": 0, "bbox": {"xmin": 589, "ymin": 297, "ymax": 475, "xmax": 835}}, {"tid": 1, "generated": 0, "bbox": {"xmin": 0, "ymin": 343, "ymax": 417, "xmax": 561}}], [{"tid": 0, "generated": 0, "bbox": {"xmin": 589, "ymin": 297, "ymax": 475, "xmax": 834}}, {"tid": 1, "generated": 0, "bbox": {"xmin": 0, "ymin": 343, "ymax": 417, "xmax": 561}}], [{"tid": 0, "generated": 0, "bbox": {"xmin": 588, "ymin": 296, "ymax": 475, "xmax": 834}}, {"tid": 1, "generated": 0, "bbox": {"xmin": 0, "ymin": 343, "ymax": 417, "xmax": 561}}], [{"tid": 0, "generated": 0, "bbox": {"xmin": 588, "ymin": 296, "ymax": 475, "xmax": 834}}, {"tid": 1, "generated": 0, "bbox": {"xmin": 0, "ymin": 343, "ymax": 417, "xmax": 561}}], [{"tid": 0, "generated": 0, "bbox": {"xmin": 587, "ymin": 296, "ymax": 475, "xmax": 834}}, {"tid": 1, "generated": 0, "bbox": {"xmin": 0, "ymin": 343, "ymax": 417, "xmax": 561}}], [{"tid": 0, "generated": 0, "bbox": {"xmin": 587, "ymin": 296, "ymax": 476, "xmax": 834}}, {"tid": 1, "generated": 0, "bbox": {"xmin": 0, "ymin": 343, "ymax": 417, "xmax": 561}}], [{"tid": 0, "generated": 0, "bbox": {"xmin": 586, "ymin": 295, "ymax": 476, "xmax": 834}}, {"tid": 1, "generated": 0, "bbox": {"xmin": 0, "ymin": 343, "ymax": 417, "xmax": 561}}], [{"tid": 0, "generated": 0, "bbox": {"xmin": 586, "ymin": 295, "ymax": 476, "xmax": 834}}, {"tid": 1, "generated": 0, "bbox": {"xmin": 0, "ymin": 343, "ymax": 417, "xmax": 561}}], [{"tid": 0, "generated": 0, "bbox": {"xmin": 585, "ymin": 295, "ymax": 476, "xmax": 834}}, {"tid": 1, "generated": 0, "bbox": {"xmin": 0, "ymin": 343, "ymax": 417, "xmax": 561}}], [{"tid": 0, "generated": 0, "bbox": {"xmin": 585, "ymin": 295, "ymax": 477, "xmax": 834}}, {"tid": 1, "generated": 0, "bbox": {"xmin": 0, "ymin": 343, "ymax": 417, "xmax": 561}}], [{"tid": 0, "generated": 0, "bbox": {"xmin": 584, "ymin": 294, "ymax": 477, "xmax": 834}}, {"tid": 1, "generated": 0, "bbox": {"xmin": 0, "ymin": 343, "ymax": 417, "xmax": 561}}], [{"tid": 0, "generated": 0, "bbox": {"xmin": 584, "ymin": 294, "ymax": 477, "xmax": 834}}, {"tid": 1, "generated": 0, "bbox": {"xmin": 0, "ymin": 343, "ymax": 417, "xmax": 561}}], [{"tid": 0, "generated": 0, "bbox": {"xmin": 583, "ymin": 294, "ymax": 477, "xmax": 834}}, {"tid": 1, "generated": 0, "bbox": {"xmin": 0, "ymin": 343, "ymax": 417, "xmax": 561}}], [{"tid": 0, "generated": 0, "bbox": {"xmin": 583, "ymin": 294, "ymax": 478, "xmax": 833}}, {"tid": 1, "generated": 0, "bbox": {"xmin": 0, "ymin": 343, "ymax": 417, "xmax": 561}}], [{"tid": 0, "generated": 0, "bbox": {"xmin": 582, "ymin": 293, "ymax": 478, "xmax": 833}}, {"tid": 1, "generated": 0, "bbox": {"xmin": 0, "ymin": 343, "ymax": 417, "xmax": 561}}], [], [], [], [], [], [], [], [], [], [], [], [], [], [], [], [], [], [], [], [], [], [], [], [], [], [], [], [], [], [], [], [], [], [], [], [], [], [], [], [], [], [], [], [], [], [{"tid": 0, "generated": 0, "bbox": {"xmin": 536, "ymin": 277, "ymax": 490, "xmax": 842}}, {"tid": 1, "generated": 0, "bbox": {"xmin": 0, "ymin": 343, "ymax": 411, "xmax": 450}}], [{"tid": 0, "generated": 0, "bbox": {"xmin": 535, "ymin": 276, "ymax": 490, "xmax": 842}}, {"tid": 1, "generated": 0, "bbox": {"xmin": 0, "ymin": 343, "ymax": 411, "xmax": 450}}], [{"tid": 0, "generated": 0, "bbox": {"xmin": 533, "ymin": 276, "ymax": 490, "xmax": 842}}, {"tid": 1, "generated": 0, "bbox": {"xmin": 0, "ymin": 343, "ymax": 411, "xmax": 450}}], [{"tid": 0, "generated": 0, "bbox": {"xmin": 532, "ymin": 276, "ymax": 491, "xmax": 842}}, {"tid": 1, "generated": 0, "bbox": {"xmin": 0, "ymin": 343, "ymax": 411, "xmax": 449}}], [{"tid": 0, "generated": 0, "bbox": {"xmin": 531, "ymin": 275, "ymax": 491, "xmax": 842}}, {"tid": 1, "generated": 0, "bbox": {"xmin": 0, "ymin": 343, "ymax": 411, "xmax": 449}}], [{"tid": 0, "generated": 0, "bbox": {"xmin": 530, "ymin": 275, "ymax": 492, "xmax": 843}}, {"tid": 1, "generated": 0, "bbox": {"xmin": 0, "ymin": 343, "ymax": 412, "xmax": 449}}], [{"tid": 0, "generated": 0, "bbox": {"xmin": 529, "ymin": 275, "ymax": 492, "xmax": 843}}, {"tid": 1, "generated": 0, "bbox": {"xmin": 0, "ymin": 342, "ymax": 411, "xmax": 449}}], [{"tid": 0, "generated": 0, "bbox": {"xmin": 528, "ymin": 274, "ymax": 492, "xmax": 843}}, {"tid": 1, "generated": 0, "bbox": {"xmin": 0, "ymin": 342, "ymax": 411, "xmax": 449}}], [{"tid": 0, "generated": 0, "bbox": {"xmin": 527, "ymin": 274, "ymax": 493, "xmax": 843}}, {"tid": 1, "generated": 0, "bbox": {"xmin": 0, "ymin": 342, "ymax": 411, "xmax": 449}}], [{"tid": 0, "generated": 0, "bbox": {"xmin": 525, "ymin": 274, "ymax": 493, "xmax": 843}}, {"tid": 1, "generated": 0, "bbox": {"xmin": 0, "ymin": 342, "ymax": 411, "xmax": 449}}], [{"tid": 0, "generated": 0, "bbox": {"xmin": 524, "ymin": 273, "ymax": 494, "xmax": 843}}, {"tid": 1, "generated": 0, "bbox": {"xmin": 0, "ymin": 342, "ymax": 411, "xmax": 449}}], [{"tid": 0, "generated": 0, "bbox": {"xmin": 523, "ymin": 273, "ymax": 494, "xmax": 843}}, {"tid": 1, "generated": 0, "bbox": {"xmin": 0, "ymin": 341, "ymax": 410, "xmax": 449}}], [{"tid": 0, "generated": 0, "bbox": {"xmin": 522, "ymin": 273, "ymax": 494, "xmax": 843}}, {"tid": 1, "generated": 0, "bbox": {"xmin": 0, "ymin": 341, "ymax": 410, "xmax": 449}}], [{"tid": 0, "generated": 0, "bbox": {"xmin": 521, "ymin": 272, "ymax": 495, "xmax": 843}}, {"tid": 1, "generated": 0, "bbox": {"xmin": 0, "ymin": 341, "ymax": 410, "xmax": 449}}], [{"tid": 0, "generated": 0, "bbox": {"xmin": 520, "ymin": 272, "ymax": 495, "xmax": 843}}, {"tid": 1, "generated": 0, "bbox": {"xmin": 0, "ymin": 341, "ymax": 410, "xmax": 449}}], [{"tid": 0, "generated": 0, "bbox": {"xmin": 519, "ymin": 272, "ymax": 496, "xmax": 844}}, {"tid": 1, "generated": 0, "bbox": {"xmin": 0, "ymin": 341, "ymax": 410, "xmax": 449}}], [{"tid": 0, "generated": 0, "bbox": {"xmin": 517, "ymin": 271, "ymax": 497, "xmax": 844}}, {"tid": 1, "generated": 0, "bbox": {"xmin": 0, "ymin": 340, "ymax": 409, "xmax": 449}}], [{"tid": 0, "generated": 0, "bbox": {"xmin": 515, "ymin": 270, "ymax": 498, "xmax": 844}}, {"tid": 1, "generated": 0, "bbox": {"xmin": 0, "ymin": 339, "ymax": 409, "xmax": 450}}], [{"tid": 0, "generated": 0, "bbox": {"xmin": 513, "ymin": 270, "ymax": 499, "xmax": 844}}, {"tid": 1, "generated": 0, "bbox": {"xmin": 0, "ymin": 339, "ymax": 409, "xmax": 450}}], [{"tid": 0, "generated": 0, "bbox": {"xmin": 511, "ymin": 269, "ymax": 500, "xmax": 844}}, {"tid": 1, "generated": 0, "bbox": {"xmin": 0, "ymin": 338, "ymax": 409, "xmax": 451}}], [{"tid": 0, "generated": 0, "bbox": {"xmin": 510, "ymin": 269, "ymax": 501, "xmax": 844}}, {"tid": 1, "generated": 0, "bbox": {"xmin": 0, "ymin": 337, "ymax": 409, "xmax": 452}}], [{"tid": 0, "generated": 0, "bbox": {"xmin": 508, "ymin": 268, "ymax": 502, "xmax": 844}}, {"tid": 1, "generated": 0, "bbox": {"xmin": 0, "ymin": 337, "ymax": 409, "xmax": 452}}], [{"tid": 0, "generated": 0, "bbox": {"xmin": 506, "ymin": 267, "ymax": 503, "xmax": 844}}, {"tid": 1, "generated": 0, "bbox": {"xmin": 0, "ymin": 336, "ymax": 409, "xmax": 453}}], [{"tid": 0, "generated": 0, "bbox": {"xmin": 504, "ymin": 267, "ymax": 504, "xmax": 844}}, {"tid": 1, "generated": 0, "bbox": {"xmin": 0, "ymin": 335, "ymax": 409, "xmax": 454}}], [{"tid": 0, "generated": 0, "bbox": {"xmin": 502, "ymin": 266, "ymax": 505, "xmax": 844}}, {"tid": 1, "generated": 0, "bbox": {"xmin": 0, "ymin": 335, "ymax": 409, "xmax": 454}}], [{"tid": 0, "generated": 0, "bbox": {"xmin": 501, "ymin": 266, "ymax": 506, "xmax": 844}}, {"tid": 1, "generated": 0, "bbox": {"xmin": 0, "ymin": 334, "ymax": 409, "xmax": 455}}], [{"tid": 0, "generated": 0, "bbox": {"xmin": 499, "ymin": 265, "ymax": 507, "xmax": 844}}, {"tid": 1, "generated": 0, "bbox": {"xmin": 0, "ymin": 333, "ymax": 408, "xmax": 456}}], [{"tid": 0, "generated": 0, "bbox": {"xmin": 498, "ymin": 264, "ymax": 508, "xmax": 845}}, {"tid": 1, "generated": 0, "bbox": {"xmin": 0, "ymin": 333, "ymax": 408, "xmax": 456}}], [{"tid": 0, "generated": 0, "bbox": {"xmin": 496, "ymin": 263, "ymax": 509, "xmax": 845}}, {"tid": 1, "generated": 0, "bbox": {"xmin": 0, "ymin": 332, "ymax": 408, "xmax": 457}}], [{"tid": 0, "generated": 0, "bbox": {"xmin": 495, "ymin": 262, "ymax": 510, "xmax": 846}}, {"tid": 1, "generated": 0, "bbox": {"xmin": 0, "ymin": 331, "ymax": 408, "xmax": 458}}], [], [], [], [], [], [], [], [], [], [], [], [], [], [], [], [], [], [], [], [], [], [], [], [], [], [], [], [], [], [], [], [], [], [], [], [], [], [], [], [], [], [], [], [], [], [{"tid": 0, "generated": 0, "bbox": {"xmin": 488, "ymin": 224, "ymax": 570, "xmax": 1020}}, {"tid": 1, "generated": 0, "bbox": {"xmin": 0, "ymin": 328, "ymax": 403, "xmax": 506}}], [{"tid": 0, "generated": 0, "bbox": {"xmin": 488, "ymin": 222, "ymax": 572, "xmax": 1027}}, {"tid": 1, "generated": 0, "bbox": {"xmin": 0, "ymin": 328, "ymax": 402, "xmax": 506}}], [{"tid": 0, "generated": 0, "bbox": {"xmin": 488, "ymin": 221, "ymax": 574, "xmax": 1034}}, {"tid": 1, "generated": 0, "bbox": {"xmin": 0, "ymin": 328, "ymax": 402, "xmax": 507}}], [{"tid": 0, "generated": 0, "bbox": {"xmin": 489, "ymin": 220, "ymax": 576, "xmax": 1041}}, {"tid": 1, "generated": 0, "bbox": {"xmin": 0, "ymin": 328, "ymax": 402, "xmax": 508}}], [{"tid": 0, "generated": 0, "bbox": {"xmin": 489, "ymin": 218, "ymax": 578, "xmax": 1048}}, {"tid": 1, "generated": 0, "bbox": {"xmin": 0, "ymin": 328, "ymax": 402, "xmax": 509}}], [{"tid": 0, "generated": 0, "bbox": {"xmin": 490, "ymin": 217, "ymax": 581, "xmax": 1055}}, {"tid": 1, "generated": 0, "bbox": {"xmin": 0, "ymin": 328, "ymax": 402, "xmax": 510}}], [{"tid": 0, "generated": 0, "bbox": {"xmin": 490, "ymin": 216, "ymax": 583, "xmax": 1062}}, {"tid": 1, "generated": 0, "bbox": {"xmin": 0, "ymin": 328, "ymax": 401, "xmax": 511}}], [{"tid": 0, "generated": 0, "bbox": {"xmin": 490, "ymin": 214, "ymax": 585, "xmax": 1069}}, {"tid": 1, "generated": 0, "bbox": {"xmin": 0, "ymin": 328, "ymax": 401, "xmax": 512}}], [{"tid": 0, "generated": 0, "bbox": {"xmin": 491, "ymin": 213, "ymax": 587, "xmax": 1076}}, {"tid": 1, "generated": 0, "bbox": {"xmin": 0, "ymin": 328, "ymax": 401, "xmax": 513}}], [{"tid": 0, "generated": 0, "bbox": {"xmin": 491, "ymin": 212, "ymax": 589, "xmax": 1083}}, {"tid": 1, "generated": 0, "bbox": {"xmin": 0, "ymin": 328, "ymax": 401, "xmax": 514}}], [{"tid": 0, "generated": 0, "bbox": {"xmin": 492, "ymin": 211, "ymax": 592, "xmax": 1091}}, {"tid": 1, "generated": 0, "bbox": {"xmin": 0, "ymin": 328, "ymax": 401, "xmax": 515}}], [{"tid": 0, "generated": 0, "bbox": {"xmin": 492, "ymin": 209, "ymax": 594, "xmax": 1099}}, {"tid": 1, "generated": 0, "bbox": {"xmin": 0, "ymin": 327, "ymax": 401, "xmax": 515}}], [{"tid": 0, "generated": 0, "bbox": {"xmin": 492, "ymin": 207, "ymax": 597, "xmax": 1107}}, {"tid": 1, "generated": 0, "bbox": {"xmin": 0, "ymin": 326, "ymax": 401, "xmax": 515}}], [{"tid": 0, "generated": 0, "bbox": {"xmin": 492, "ymin": 205, "ymax": 600, "xmax": 1116}}, {"tid": 1, "generated": 0, "bbox": {"xmin": 0, "ymin": 325, "ymax": 401, "xmax": 515}}], [{"tid": 0, "generated": 0, "bbox": {"xmin": 492, "ymin": 203, "ymax": 603, "xmax": 1124}}, {"tid": 1, "generated": 0, "bbox": {"xmin": 0, "ymin": 325, "ymax": 401, "xmax": 515}}], [{"tid": 0, "generated": 0, "bbox": {"xmin": 492, "ymin": 202, "ymax": 606, "xmax": 1133}}, {"tid": 1, "generated": 0, "bbox": {"xmin": 0, "ymin": 324, "ymax": 401, "xmax": 515}}], [{"tid": 0, "generated": 0, "bbox": {"xmin": 492, "ymin": 200, "ymax": 608, "xmax": 1141}}, {"tid": 1, "generated": 0, "bbox": {"xmin": 0, "ymin": 323, "ymax": 401, "xmax": 515}}], [{"tid": 0, "generated": 0, "bbox": {"xmin": 492, "ymin": 198, "ymax": 611, "xmax": 1149}}, {"tid": 1, "generated": 0, "bbox": {"xmin": 0, "ymin": 323, "ymax": 401, "xmax": 515}}], [{"tid": 0, "generated": 0, "bbox": {"xmin": 492, "ymin": 196, "ymax": 614, "xmax": 1158}}, {"tid": 1, "generated": 0, "bbox": {"xmin": 0, "ymin": 322, "ymax": 401, "xmax": 515}}], [{"tid": 0, "generated": 0, "bbox": {"xmin": 492, "ymin": 194, "ymax": 617, "xmax": 1166}}, {"tid": 1, "generated": 0, "bbox": {"xmin": 0, "ymin": 321, "ymax": 401, "xmax": 515}}], [{"tid": 0, "generated": 0, "bbox": {"xmin": 492, "ymin": 193, "ymax": 620, "xmax": 1175}}, {"tid": 1, "generated": 0, "bbox": {"xmin": 0, "ymin": 321, "ymax": 402, "xmax": 516}}], [{"tid": 0, "generated": 0, "bbox": {"xmin": 491, "ymin": 190, "ymax": 624, "xmax": 1185}}, {"tid": 1, "generated": 0, "bbox": {"xmin": 0, "ymin": 320, "ymax": 402, "xmax": 516}}], [{"tid": 0, "generated": 0, "bbox": {"xmin": 490, "ymin": 188, "ymax": 628, "xmax": 1195}}, {"tid": 1, "generated": 0, "bbox": {"xmin": 0, "ymin": 319, "ymax": 402, "xmax": 516}}], [{"tid": 0, "generated": 0, "bbox": {"xmin": 489, "ymin": 186, "ymax": 632, "xmax": 1205}}, {"tid": 1, "generated": 0, "bbox": {"xmin": 0, "ymin": 318, "ymax": 402, "xmax": 516}}], [{"tid": 0, "generated": 0, "bbox": {"xmin": 488, "ymin": 184, "ymax": 636, "xmax": 1215}}, {"tid": 1, "generated": 0, "bbox": {"xmin": 0, "ymin": 318, "ymax": 402, "xmax": 516}}], [{"tid": 0, "generated": 0, "bbox": {"xmin": 487, "ymin": 182, "ymax": 640, "xmax": 1225}}, {"tid": 1, "generated": 0, "bbox": {"xmin": 0, "ymin": 317, "ymax": 402, "xmax": 516}}], [{"tid": 0, "generated": 0, "bbox": {"xmin": 486, "ymin": 180, "ymax": 644, "xmax": 1235}}, {"tid": 1, "generated": 0, "bbox": {"xmin": 0, "ymin": 316, "ymax": 402, "xmax": 516}}], [{"tid": 0, "generated": 0, "bbox": {"xmin": 485, "ymin": 178, "ymax": 648, "xmax": 1245}}, {"tid": 1, "generated": 0, "bbox": {"xmin": 0, "ymin": 316, "ymax": 402, "xmax": 516}}], [{"tid": 0, "generated": 0, "bbox": {"xmin": 484, "ymin": 176, "ymax": 652, "xmax": 1255}}, {"tid": 1, "generated": 0, "bbox": {"xmin": 0, "ymin": 315, "ymax": 402, "xmax": 516}}], [{"tid": 0, "generated": 0, "bbox": {"xmin": 483, "ymin": 174, "ymax": 656, "xmax": 1265}}, {"tid": 1, "generated": 0, "bbox": {"xmin": 0, "ymin": 314, "ymax": 402, "xmax": 516}}]], "subject/objects": [{"category": "train", "tid": 0}, {"category": "train", "tid": 1}], "relation_instances": [{"end_fid": 30, "subject_tid": 0, "predicate": "stop_right", "begin_fid": 0, "object_tid": 1}, {"end_fid": 30, "subject_tid": 1, "predicate": "stop_left", "begin_fid": 0, "object_tid": 0}, {"end_fid": 240, "subject_tid": 0, "predicate": "move_right", "begin_fid": 210, "object_tid": 1}, {"end_fid": 240, "subject_tid": 1, "predicate": "stop_left", "begin_fid": 210, "object_tid": 0}, {"end_fid": 315, "subject_tid": 0, "predicate": "move_right", "begin_fid": 285, "object_tid": 1}, {"end_fid": 315, "subject_tid": 1, "predicate": "stop_left", "begin_fid": 285, "object_tid": 0}, {"end_fid": 390, "subject_tid": 0, "predicate": "move_right", "begin_fid": 360, "object_tid": 1}, {"end_fid": 390, "subject_tid": 1, "predicate": "stop_left", "begin_fid": 360, "object_tid": 0}], "height": 720}