{"width": 1280, "frame_count": 80, "video_id": "ILSVRC2015_train_00729000", "fps": 30, "trajectories": [[{"tid": 0, "generated": 0, "bbox": {"xmin": 183, "ymin": 334, "ymax": 595, "xmax": 430}}, {"tid": 1, "generated": 0, "bbox": {"xmin": 471, "ymin": 312, "ymax": 588, "xmax": 929}}, {"tid": 2, "generated": 0, "bbox": {"xmin": 912, "ymin": 348, "ymax": 608, "xmax": 993}}], [{"tid": 0, "generated": 0, "bbox": {"xmin": 186, "ymin": 328, "ymax": 592, "xmax": 435}}, {"tid": 1, "generated": 0, "bbox": {"xmin": 474, "ymin": 314, "ymax": 592, "xmax": 933}}, {"tid": 2, "generated": 0, "bbox": {"xmin": 908, "ymin": 350, "ymax": 608, "xmax": 990}}], [{"tid": 0, "generated": 0, "bbox": {"xmin": 190, "ymin": 323, "ymax": 595, "xmax": 440}}, {"tid": 1, "generated": 0, "bbox": {"xmin": 472, "ymin": 312, "ymax": 588, "xmax": 926}}, {"tid": 2, "generated": 0, "bbox": {"xmin": 903, "ymin": 348, "ymax": 604, "xmax": 984}}], [{"tid": 0, "generated": 0, "bbox": {"xmin": 192, "ymin": 320, "ymax": 595, "xmax": 440}}, {"tid": 1, "generated": 0, "bbox": {"xmin": 467, "ymin": 316, "ymax": 590, "xmax": 920}}, {"tid": 2, "generated": 0, "bbox": {"xmin": 899, "ymin": 352, "ymax": 606, "xmax": 979}}], [{"tid": 0, "generated": 0, "bbox": {"xmin": 190, "ymin": 312, "ymax": 588, "xmax": 442}}, {"tid": 1, "generated": 0, "bbox": {"xmin": 472, "ymin": 314, "ymax": 590, "xmax": 920}}, {"tid": 2, "generated": 0, "bbox": {"xmin": 896, "ymin": 352, "ymax": 604, "xmax": 976}}], [{"tid": 0, "generated": 0, "bbox": {"xmin": 190, "ymin": 312, "ymax": 590, "xmax": 448}}, {"tid": 1, "generated": 0, "bbox": {"xmin": 474, "ymin": 311, "ymax": 586, "xmax": 924}}, {"tid": 2, "generated": 0, "bbox": {"xmin": 888, "ymin": 352, "ymax": 602, "xmax": 968}}], [{"tid": 0, "generated": 0, "bbox": {"xmin": 188, "ymin": 312, "ymax": 595, "xmax": 448}}, {"tid": 1, "generated": 0, "bbox": {"xmin": 481, "ymin": 312, "ymax": 586, "xmax": 944}}, {"tid": 2, "generated": 0, "bbox": {"xmin": 885, "ymin": 350, "ymax": 608, "xmax": 963}}], [{"tid": 0, "generated": 0, "bbox": {"xmin": 181, "ymin": 314, "ymax": 597, "xmax": 453}}, {"tid": 1, "generated": 0, "bbox": {"xmin": 480, "ymin": 311, "ymax": 584, "xmax": 942}}, {"tid": 2, "generated": 0, "bbox": {"xmin": 878, "ymin": 350, "ymax": 606, "xmax": 960}}], [{"tid": 0, "generated": 0, "bbox": {"xmin": 176, "ymin": 312, "ymax": 593, "xmax": 462}}, {"tid": 1, "generated": 0, "bbox": {"xmin": 480, "ymin": 314, "ymax": 586, "xmax": 945}}, {"tid": 2, "generated": 0, "bbox": {"xmin": 874, "ymin": 350, "ymax": 608, "xmax": 954}}], [{"tid": 0, "generated": 0, "bbox": {"xmin": 181, "ymin": 316, "ymax": 599, "xmax": 471}}, {"tid": 1, "generated": 0, "bbox": {"xmin": 481, "ymin": 314, "ymax": 588, "xmax": 947}}, {"tid": 2, "generated": 0, "bbox": {"xmin": 869, "ymin": 350, "ymax": 604, "xmax": 949}}], [{"tid": 0, "generated": 0, "bbox": {"xmin": 181, "ymin": 309, "ymax": 592, "xmax": 471}}, {"tid": 1, "generated": 0, "bbox": {"xmin": 483, "ymin": 309, "ymax": 583, "xmax": 949}}, {"tid": 2, "generated": 0, "bbox": {"xmin": 864, "ymin": 352, "ymax": 606, "xmax": 944}}], [{"tid": 0, "generated": 0, "bbox": {"xmin": 183, "ymin": 307, "ymax": 593, "xmax": 472}}, {"tid": 1, "generated": 0, "bbox": {"xmin": 480, "ymin": 309, "ymax": 584, "xmax": 945}}, {"tid": 2, "generated": 0, "bbox": {"xmin": 856, "ymin": 348, "ymax": 602, "xmax": 936}}], [{"tid": 0, "generated": 0, "bbox": {"xmin": 183, "ymin": 300, "ymax": 593, "xmax": 469}}, {"tid": 1, "generated": 0, "bbox": {"xmin": 478, "ymin": 311, "ymax": 584, "xmax": 956}}, {"tid": 2, "generated": 0, "bbox": {"xmin": 853, "ymin": 346, "ymax": 604, "xmax": 931}}], [{"tid": 0, "generated": 0, "bbox": {"xmin": 186, "ymin": 293, "ymax": 588, "xmax": 471}}, {"tid": 1, "generated": 0, "bbox": {"xmin": 474, "ymin": 309, "ymax": 586, "xmax": 960}}, {"tid": 2, "generated": 0, "bbox": {"xmin": 846, "ymin": 346, "ymax": 602, "xmax": 926}}], [{"tid": 0, "generated": 0, "bbox": {"xmin": 184, "ymin": 291, "ymax": 586, "xmax": 472}}, {"tid": 1, "generated": 0, "bbox": {"xmin": 467, "ymin": 307, "ymax": 588, "xmax": 949}}, {"tid": 2, "generated": 0, "bbox": {"xmin": 839, "ymin": 344, "ymax": 602, "xmax": 919}}], [{"tid": 0, "generated": 0, "bbox": {"xmin": 184, "ymin": 289, "ymax": 586, "xmax": 480}}, {"tid": 1, "generated": 0, "bbox": {"xmin": 469, "ymin": 302, "ymax": 590, "xmax": 949}}, {"tid": 2, "generated": 0, "bbox": {"xmin": 832, "ymin": 346, "ymax": 602, "xmax": 915}}], [{"tid": 0, "generated": 0, "bbox": {"xmin": 184, "ymin": 296, "ymax": 588, "xmax": 487}}, {"tid": 1, "generated": 0, "bbox": {"xmin": 472, "ymin": 305, "ymax": 590, "xmax": 944}}, {"tid": 2, "generated": 0, "bbox": {"xmin": 824, "ymin": 348, "ymax": 602, "xmax": 910}}], [{"tid": 0, "generated": 0, "bbox": {"xmin": 177, "ymin": 298, "ymax": 588, "xmax": 499}}, {"tid": 1, "generated": 0, "bbox": {"xmin": 478, "ymin": 302, "ymax": 588, "xmax": 942}}, {"tid": 2, "generated": 0, "bbox": {"xmin": 817, "ymin": 346, "ymax": 600, "xmax": 903}}], [{"tid": 0, "generated": 0, "bbox": {"xmin": 181, "ymin": 304, "ymax": 595, "xmax": 513}}, {"tid": 1, "generated": 0, "bbox": {"xmin": 485, "ymin": 304, "ymax": 586, "xmax": 945}}, {"tid": 2, "generated": 0, "bbox": {"xmin": 808, "ymin": 348, "ymax": 602, "xmax": 897}}], [{"tid": 0, "generated": 0, "bbox": {"xmin": 184, "ymin": 312, "ymax": 592, "xmax": 520}}, {"tid": 1, "generated": 0, "bbox": {"xmin": 485, "ymin": 302, "ymax": 586, "xmax": 936}}, {"tid": 2, "generated": 0, "bbox": {"xmin": 800, "ymin": 348, "ymax": 604, "xmax": 888}}], [{"tid": 0, "generated": 0, "bbox": {"xmin": 197, "ymin": 325, "ymax": 588, "xmax": 515}}, {"tid": 1, "generated": 0, "bbox": {"xmin": 488, "ymin": 304, "ymax": 584, "xmax": 940}}, {"tid": 2, "generated": 0, "bbox": {"xmin": 794, "ymin": 344, "ymax": 602, "xmax": 881}}], [{"tid": 0, "generated": 0, "bbox": {"xmin": 218, "ymin": 325, "ymax": 584, "xmax": 524}}, {"tid": 1, "generated": 0, "bbox": {"xmin": 478, "ymin": 304, "ymax": 583, "xmax": 933}}, {"tid": 2, "generated": 0, "bbox": {"xmin": 789, "ymin": 344, "ymax": 602, "xmax": 874}}], [{"tid": 0, "generated": 0, "bbox": {"xmin": 229, "ymin": 325, "ymax": 590, "xmax": 536}}, {"tid": 1, "generated": 0, "bbox": {"xmin": 476, "ymin": 304, "ymax": 586, "xmax": 929}}, {"tid": 2, "generated": 0, "bbox": {"xmin": 778, "ymin": 343, "ymax": 599, "xmax": 867}}], [{"tid": 0, "generated": 0, "bbox": {"xmin": 240, "ymin": 316, "ymax": 588, "xmax": 544}}, {"tid": 1, "generated": 0, "bbox": {"xmin": 474, "ymin": 305, "ymax": 586, "xmax": 926}}, {"tid": 2, "generated": 0, "bbox": {"xmin": 773, "ymin": 344, "ymax": 600, "xmax": 862}}], [{"tid": 0, "generated": 0, "bbox": {"xmin": 259, "ymin": 312, "ymax": 586, "xmax": 545}}, {"tid": 1, "generated": 0, "bbox": {"xmin": 496, "ymin": 307, "ymax": 586, "xmax": 929}}, {"tid": 2, "generated": 0, "bbox": {"xmin": 766, "ymin": 344, "ymax": 599, "xmax": 855}}], [{"tid": 0, "generated": 0, "bbox": {"xmin": 270, "ymin": 309, "ymax": 584, "xmax": 554}}, {"tid": 1, "generated": 0, "bbox": {"xmin": 480, "ymin": 304, "ymax": 584, "xmax": 915}}, {"tid": 2, "generated": 0, "bbox": {"xmin": 759, "ymin": 341, "ymax": 600, "xmax": 846}}], [{"tid": 0, "generated": 0, "bbox": {"xmin": 275, "ymin": 311, "ymax": 583, "xmax": 560}}, {"tid": 1, "generated": 0, "bbox": {"xmin": 480, "ymin": 302, "ymax": 581, "xmax": 919}}, {"tid": 2, "generated": 0, "bbox": {"xmin": 753, "ymin": 341, "ymax": 600, "xmax": 840}}], [{"tid": 0, "generated": 0, "bbox": {"xmin": 279, "ymin": 309, "ymax": 588, "xmax": 563}}, {"tid": 1, "generated": 0, "bbox": {"xmin": 476, "ymin": 304, "ymax": 581, "xmax": 919}}, {"tid": 2, "generated": 0, "bbox": {"xmin": 743, "ymin": 341, "ymax": 600, "xmax": 830}}], [{"tid": 0, "generated": 0, "bbox": {"xmin": 298, "ymin": 309, "ymax": 590, "xmax": 576}}, {"tid": 1, "generated": 0, "bbox": {"xmin": 446, "ymin": 309, "ymax": 583, "xmax": 908}}, {"tid": 2, "generated": 0, "bbox": {"xmin": 736, "ymin": 343, "ymax": 602, "xmax": 823}}], [{"tid": 0, "generated": 0, "bbox": {"xmin": 302, "ymin": 316, "ymax": 595, "xmax": 581}}, {"tid": 1, "generated": 0, "bbox": {"xmin": 444, "ymin": 307, "ymax": 581, "xmax": 904}}, {"tid": 2, "generated": 0, "bbox": {"xmin": 728, "ymin": 343, "ymax": 602, "xmax": 816}}], [{"tid": 0, "generated": 0, "bbox": {"xmin": 307, "ymin": 327, "ymax": 592, "xmax": 590}}, {"tid": 1, "generated": 0, "bbox": {"xmin": 442, "ymin": 307, "ymax": 579, "xmax": 899}}, {"tid": 2, "generated": 0, "bbox": {"xmin": 723, "ymin": 343, "ymax": 602, "xmax": 808}}, {"tid": 3, "generated": 0, "bbox": {"xmin": 1137, "ymin": 368, "ymax": 606, "xmax": 1276}}], [{"tid": 0, "generated": 0, "bbox": {"xmin": 298, "ymin": 334, "ymax": 590, "xmax": 586}}, {"tid": 1, "generated": 0, "bbox": {"xmin": 437, "ymin": 311, "ymax": 581, "xmax": 890}}, {"tid": 2, "generated": 0, "bbox": {"xmin": 716, "ymin": 343, "ymax": 600, "xmax": 801}}, {"tid": 3, "generated": 0, "bbox": {"xmin": 1132, "ymin": 368, "ymax": 604, "xmax": 1278}}], [{"tid": 0, "generated": 0, "bbox": {"xmin": 300, "ymin": 339, "ymax": 597, "xmax": 597}}, {"tid": 1, "generated": 0, "bbox": {"xmin": 440, "ymin": 305, "ymax": 574, "xmax": 894}}, {"tid": 2, "generated": 0, "bbox": {"xmin": 707, "ymin": 343, "ymax": 600, "xmax": 792}}, {"tid": 3, "generated": 0, "bbox": {"xmin": 1123, "ymin": 366, "ymax": 608, "xmax": 1276}}], [{"tid": 0, "generated": 0, "bbox": {"xmin": 304, "ymin": 334, "ymax": 588, "xmax": 604}}, {"tid": 1, "generated": 0, "bbox": {"xmin": 439, "ymin": 311, "ymax": 574, "xmax": 883}}, {"tid": 2, "generated": 0, "bbox": {"xmin": 696, "ymin": 341, "ymax": 597, "xmax": 782}}, {"tid": 3, "generated": 0, "bbox": {"xmin": 1111, "ymin": 364, "ymax": 606, "xmax": 1276}}], [{"tid": 0, "generated": 0, "bbox": {"xmin": 309, "ymin": 325, "ymax": 586, "xmax": 606}}, {"tid": 1, "generated": 0, "bbox": {"xmin": 440, "ymin": 309, "ymax": 572, "xmax": 887}}, {"tid": 2, "generated": 0, "bbox": {"xmin": 691, "ymin": 343, "ymax": 599, "xmax": 776}}, {"tid": 3, "generated": 0, "bbox": {"xmin": 1105, "ymin": 364, "ymax": 611, "xmax": 1274}}], [{"tid": 0, "generated": 0, "bbox": {"xmin": 323, "ymin": 318, "ymax": 592, "xmax": 613}}, {"tid": 1, "generated": 0, "bbox": {"xmin": 435, "ymin": 312, "ymax": 574, "xmax": 876}}, {"tid": 2, "generated": 0, "bbox": {"xmin": 680, "ymin": 341, "ymax": 597, "xmax": 768}}, {"tid": 3, "generated": 0, "bbox": {"xmin": 1100, "ymin": 364, "ymax": 609, "xmax": 1278}}], [{"tid": 0, "generated": 0, "bbox": {"xmin": 337, "ymin": 305, "ymax": 595, "xmax": 616}}, {"tid": 1, "generated": 0, "bbox": {"xmin": 428, "ymin": 311, "ymax": 574, "xmax": 871}}, {"tid": 2, "generated": 0, "bbox": {"xmin": 673, "ymin": 341, "ymax": 599, "xmax": 757}}, {"tid": 3, "generated": 0, "bbox": {"xmin": 1091, "ymin": 362, "ymax": 606, "xmax": 1278}}], [{"tid": 0, "generated": 0, "bbox": {"xmin": 352, "ymin": 307, "ymax": 595, "xmax": 625}}, {"tid": 1, "generated": 0, "bbox": {"xmin": 428, "ymin": 304, "ymax": 565, "xmax": 865}}, {"tid": 2, "generated": 0, "bbox": {"xmin": 666, "ymin": 341, "ymax": 597, "xmax": 750}}, {"tid": 3, "generated": 0, "bbox": {"xmin": 1088, "ymin": 368, "ymax": 616, "xmax": 1274}}], [{"tid": 0, "generated": 0, "bbox": {"xmin": 353, "ymin": 304, "ymax": 595, "xmax": 624}}, {"tid": 1, "generated": 0, "bbox": {"xmin": 419, "ymin": 309, "ymax": 572, "xmax": 860}}, {"tid": 2, "generated": 0, "bbox": {"xmin": 659, "ymin": 344, "ymax": 599, "xmax": 743}}, {"tid": 3, "generated": 0, "bbox": {"xmin": 1079, "ymin": 364, "ymax": 611, "xmax": 1267}}], [{"tid": 0, "generated": 0, "bbox": {"xmin": 357, "ymin": 304, "ymax": 599, "xmax": 629}}, {"tid": 1, "generated": 0, "bbox": {"xmin": 412, "ymin": 307, "ymax": 570, "xmax": 856}}, {"tid": 2, "generated": 0, "bbox": {"xmin": 648, "ymin": 344, "ymax": 597, "xmax": 732}}, {"tid": 3, "generated": 0, "bbox": {"xmin": 1068, "ymin": 366, "ymax": 611, "xmax": 1258}}], [{"tid": 0, "generated": 0, "bbox": {"xmin": 364, "ymin": 304, "ymax": 595, "xmax": 641}}, {"tid": 1, "generated": 0, "bbox": {"xmin": 408, "ymin": 309, "ymax": 572, "xmax": 856}}, {"tid": 2, "generated": 0, "bbox": {"xmin": 640, "ymin": 348, "ymax": 595, "xmax": 723}}, {"tid": 3, "generated": 0, "bbox": {"xmin": 1059, "ymin": 368, "ymax": 613, "xmax": 1251}}], [{"tid": 0, "generated": 0, "bbox": {"xmin": 357, "ymin": 300, "ymax": 588, "xmax": 640}}, {"tid": 1, "generated": 0, "bbox": {"xmin": 396, "ymin": 305, "ymax": 584, "xmax": 846}}, {"tid": 2, "generated": 0, "bbox": {"xmin": 634, "ymin": 348, "ymax": 597, "xmax": 718}}, {"tid": 3, "generated": 0, "bbox": {"xmin": 1047, "ymin": 366, "ymax": 611, "xmax": 1240}}], [{"tid": 0, "generated": 0, "bbox": {"xmin": 371, "ymin": 300, "ymax": 583, "xmax": 648}}, {"tid": 1, "generated": 0, "bbox": {"xmin": 392, "ymin": 302, "ymax": 586, "xmax": 840}}, {"tid": 2, "generated": 0, "bbox": {"xmin": 631, "ymin": 352, "ymax": 599, "xmax": 709}}, {"tid": 3, "generated": 0, "bbox": {"xmin": 1034, "ymin": 364, "ymax": 613, "xmax": 1232}}], [{"tid": 0, "generated": 0, "bbox": {"xmin": 375, "ymin": 307, "ymax": 592, "xmax": 647}}, {"tid": 1, "generated": 0, "bbox": {"xmin": 391, "ymin": 305, "ymax": 586, "xmax": 840}}, {"tid": 2, "generated": 0, "bbox": {"xmin": 618, "ymin": 353, "ymax": 600, "xmax": 698}}, {"tid": 3, "generated": 0, "bbox": {"xmin": 1031, "ymin": 366, "ymax": 615, "xmax": 1226}}], [{"tid": 0, "generated": 0, "bbox": {"xmin": 387, "ymin": 305, "ymax": 590, "xmax": 659}}, {"tid": 1, "generated": 0, "bbox": {"xmin": 391, "ymin": 302, "ymax": 584, "xmax": 832}}, {"tid": 2, "generated": 0, "bbox": {"xmin": 611, "ymin": 355, "ymax": 599, "xmax": 688}}, {"tid": 3, "generated": 0, "bbox": {"xmin": 1018, "ymin": 364, "ymax": 613, "xmax": 1212}}], [{"tid": 0, "generated": 0, "bbox": {"xmin": 389, "ymin": 318, "ymax": 595, "xmax": 668}}, {"tid": 1, "generated": 0, "bbox": {"xmin": 385, "ymin": 300, "ymax": 593, "xmax": 826}}, {"tid": 3, "generated": 0, "bbox": {"xmin": 1009, "ymin": 364, "ymax": 611, "xmax": 1201}}], [{"tid": 0, "generated": 0, "bbox": {"xmin": 398, "ymin": 320, "ymax": 593, "xmax": 677}}, {"tid": 1, "generated": 0, "bbox": {"xmin": 382, "ymin": 304, "ymax": 592, "xmax": 824}}, {"tid": 3, "generated": 0, "bbox": {"xmin": 1000, "ymin": 364, "ymax": 611, "xmax": 1192}}], [{"tid": 0, "generated": 0, "bbox": {"xmin": 403, "ymin": 328, "ymax": 599, "xmax": 677}}, {"tid": 1, "generated": 0, "bbox": {"xmin": 380, "ymin": 302, "ymax": 584, "xmax": 824}}, {"tid": 3, "generated": 0, "bbox": {"xmin": 990, "ymin": 366, "ymax": 613, "xmax": 1180}}], [{"tid": 0, "generated": 0, "bbox": {"xmin": 396, "ymin": 343, "ymax": 600, "xmax": 686}}, {"tid": 1, "generated": 0, "bbox": {"xmin": 373, "ymin": 300, "ymax": 586, "xmax": 817}}, {"tid": 3, "generated": 0, "bbox": {"xmin": 981, "ymin": 364, "ymax": 611, "xmax": 1169}}], [{"tid": 0, "generated": 0, "bbox": {"xmin": 391, "ymin": 344, "ymax": 599, "xmax": 700}}, {"tid": 1, "generated": 0, "bbox": {"xmin": 366, "ymin": 307, "ymax": 592, "xmax": 810}}, {"tid": 3, "generated": 0, "bbox": {"xmin": 977, "ymin": 364, "ymax": 609, "xmax": 1166}}], [{"tid": 0, "generated": 0, "bbox": {"xmin": 403, "ymin": 343, "ymax": 599, "xmax": 700}}, {"tid": 1, "generated": 0, "bbox": {"xmin": 359, "ymin": 307, "ymax": 579, "xmax": 803}}, {"tid": 3, "generated": 0, "bbox": {"xmin": 967, "ymin": 366, "ymax": 611, "xmax": 1153}}], [{"tid": 0, "generated": 0, "bbox": {"xmin": 421, "ymin": 339, "ymax": 597, "xmax": 704}}, {"tid": 1, "generated": 0, "bbox": {"xmin": 357, "ymin": 312, "ymax": 576, "xmax": 807}}, {"tid": 3, "generated": 0, "bbox": {"xmin": 954, "ymin": 368, "ymax": 611, "xmax": 1141}}], [{"tid": 0, "generated": 0, "bbox": {"xmin": 437, "ymin": 328, "ymax": 595, "xmax": 702}}, {"tid": 1, "generated": 0, "bbox": {"xmin": 344, "ymin": 312, "ymax": 586, "xmax": 791}}, {"tid": 3, "generated": 0, "bbox": {"xmin": 947, "ymin": 364, "ymax": 608, "xmax": 1132}}], [{"tid": 0, "generated": 0, "bbox": {"xmin": 446, "ymin": 323, "ymax": 599, "xmax": 702}}, {"tid": 1, "generated": 0, "bbox": {"xmin": 343, "ymin": 311, "ymax": 581, "xmax": 789}}, {"tid": 3, "generated": 0, "bbox": {"xmin": 942, "ymin": 364, "ymax": 608, "xmax": 1125}}], [{"tid": 0, "generated": 0, "bbox": {"xmin": 455, "ymin": 312, "ymax": 593, "xmax": 704}}, {"tid": 1, "generated": 0, "bbox": {"xmin": 337, "ymin": 309, "ymax": 581, "xmax": 780}}, {"tid": 3, "generated": 0, "bbox": {"xmin": 931, "ymin": 366, "ymax": 609, "xmax": 1112}}], [{"tid": 0, "generated": 0, "bbox": {"xmin": 458, "ymin": 307, "ymax": 597, "xmax": 709}}, {"tid": 1, "generated": 0, "bbox": {"xmin": 327, "ymin": 309, "ymax": 581, "xmax": 771}}, {"tid": 3, "generated": 0, "bbox": {"xmin": 926, "ymin": 362, "ymax": 613, "xmax": 1104}}], [{"tid": 0, "generated": 0, "bbox": {"xmin": 460, "ymin": 302, "ymax": 590, "xmax": 711}}, {"tid": 1, "generated": 0, "bbox": {"xmin": 325, "ymin": 305, "ymax": 579, "xmax": 769}}, {"tid": 3, "generated": 0, "bbox": {"xmin": 920, "ymin": 360, "ymax": 609, "xmax": 1091}}], [{"tid": 0, "generated": 0, "bbox": {"xmin": 462, "ymin": 298, "ymax": 597, "xmax": 714}}, {"tid": 1, "generated": 0, "bbox": {"xmin": 323, "ymin": 307, "ymax": 579, "xmax": 760}}, {"tid": 3, "generated": 0, "bbox": {"xmin": 908, "ymin": 362, "ymax": 611, "xmax": 1079}}], [{"tid": 0, "generated": 0, "bbox": {"xmin": 467, "ymin": 298, "ymax": 599, "xmax": 723}}, {"tid": 1, "generated": 0, "bbox": {"xmin": 320, "ymin": 305, "ymax": 576, "xmax": 748}}, {"tid": 3, "generated": 0, "bbox": {"xmin": 897, "ymin": 362, "ymax": 609, "xmax": 1068}}], [{"tid": 0, "generated": 0, "bbox": {"xmin": 472, "ymin": 300, "ymax": 602, "xmax": 728}}, {"tid": 1, "generated": 0, "bbox": {"xmin": 316, "ymin": 300, "ymax": 576, "xmax": 752}}, {"tid": 3, "generated": 0, "bbox": {"xmin": 887, "ymin": 364, "ymax": 611, "xmax": 1057}}], [{"tid": 0, "generated": 0, "bbox": {"xmin": 480, "ymin": 305, "ymax": 599, "xmax": 739}}, {"tid": 1, "generated": 0, "bbox": {"xmin": 307, "ymin": 305, "ymax": 579, "xmax": 748}}, {"tid": 3, "generated": 0, "bbox": {"xmin": 876, "ymin": 362, "ymax": 609, "xmax": 1047}}], [{"tid": 0, "generated": 0, "bbox": {"xmin": 472, "ymin": 316, "ymax": 604, "xmax": 739}}, {"tid": 1, "generated": 0, "bbox": {"xmin": 300, "ymin": 304, "ymax": 579, "xmax": 753}}, {"tid": 3, "generated": 0, "bbox": {"xmin": 862, "ymin": 364, "ymax": 611, "xmax": 1032}}], [{"tid": 0, "generated": 0, "bbox": {"xmin": 469, "ymin": 318, "ymax": 602, "xmax": 739}}, {"tid": 1, "generated": 0, "bbox": {"xmin": 293, "ymin": 300, "ymax": 574, "xmax": 737}}, {"tid": 3, "generated": 0, "bbox": {"xmin": 856, "ymin": 366, "ymax": 613, "xmax": 1027}}], [{"tid": 0, "generated": 0, "bbox": {"xmin": 464, "ymin": 325, "ymax": 606, "xmax": 750}}, {"tid": 1, "generated": 0, "bbox": {"xmin": 284, "ymin": 302, "ymax": 576, "xmax": 728}}, {"tid": 3, "generated": 0, "bbox": {"xmin": 840, "ymin": 360, "ymax": 613, "xmax": 1009}}], [{"tid": 0, "generated": 0, "bbox": {"xmin": 478, "ymin": 325, "ymax": 604, "xmax": 759}}, {"tid": 1, "generated": 0, "bbox": {"xmin": 279, "ymin": 302, "ymax": 576, "xmax": 723}}, {"tid": 3, "generated": 0, "bbox": {"xmin": 832, "ymin": 360, "ymax": 613, "xmax": 1000}}], [{"tid": 0, "generated": 0, "bbox": {"xmin": 494, "ymin": 327, "ymax": 604, "xmax": 762}}, {"tid": 1, "generated": 0, "bbox": {"xmin": 272, "ymin": 300, "ymax": 572, "xmax": 707}}, {"tid": 3, "generated": 0, "bbox": {"xmin": 826, "ymin": 360, "ymax": 613, "xmax": 995}}], [{"tid": 0, "generated": 0, "bbox": {"xmin": 506, "ymin": 318, "ymax": 604, "xmax": 762}}, {"tid": 1, "generated": 0, "bbox": {"xmin": 264, "ymin": 304, "ymax": 576, "xmax": 700}}, {"tid": 3, "generated": 0, "bbox": {"xmin": 821, "ymin": 359, "ymax": 609, "xmax": 972}}], [{"tid": 0, "generated": 0, "bbox": {"xmin": 519, "ymin": 309, "ymax": 600, "xmax": 766}}, {"tid": 1, "generated": 0, "bbox": {"xmin": 250, "ymin": 304, "ymax": 572, "xmax": 696}}, {"tid": 3, "generated": 0, "bbox": {"xmin": 812, "ymin": 357, "ymax": 608, "xmax": 963}}], [{"tid": 0, "generated": 0, "bbox": {"xmin": 526, "ymin": 311, "ymax": 602, "xmax": 766}}, {"tid": 1, "generated": 0, "bbox": {"xmin": 250, "ymin": 304, "ymax": 570, "xmax": 652}}, {"tid": 3, "generated": 0, "bbox": {"xmin": 801, "ymin": 357, "ymax": 606, "xmax": 942}}], [{"tid": 0, "generated": 0, "bbox": {"xmin": 529, "ymin": 309, "ymax": 606, "xmax": 768}}, {"tid": 1, "generated": 0, "bbox": {"xmin": 229, "ymin": 307, "ymax": 579, "xmax": 668}}, {"tid": 3, "generated": 0, "bbox": {"xmin": 792, "ymin": 357, "ymax": 604, "xmax": 926}}], [{"tid": 0, "generated": 0, "bbox": {"xmin": 529, "ymin": 309, "ymax": 608, "xmax": 766}}, {"tid": 1, "generated": 0, "bbox": {"xmin": 229, "ymin": 307, "ymax": 579, "xmax": 668}}, {"tid": 3, "generated": 0, "bbox": {"xmin": 778, "ymin": 359, "ymax": 606, "xmax": 910}}], [{"tid": 0, "generated": 0, "bbox": {"xmin": 531, "ymin": 309, "ymax": 609, "xmax": 773}}, {"tid": 1, "generated": 0, "bbox": {"xmin": 218, "ymin": 304, "ymax": 577, "xmax": 659}}, {"tid": 3, "generated": 0, "bbox": {"xmin": 769, "ymin": 355, "ymax": 609, "xmax": 899}}], [{"tid": 0, "generated": 0, "bbox": {"xmin": 528, "ymin": 305, "ymax": 606, "xmax": 776}}, {"tid": 1, "generated": 0, "bbox": {"xmin": 211, "ymin": 304, "ymax": 577, "xmax": 652}}, {"tid": 3, "generated": 0, "bbox": {"xmin": 757, "ymin": 353, "ymax": 611, "xmax": 885}}], [{"tid": 0, "generated": 0, "bbox": {"xmin": 526, "ymin": 314, "ymax": 611, "xmax": 782}}, {"tid": 1, "generated": 0, "bbox": {"xmin": 208, "ymin": 305, "ymax": 579, "xmax": 648}}, {"tid": 3, "generated": 0, "bbox": {"xmin": 746, "ymin": 355, "ymax": 608, "xmax": 872}}], [{"tid": 0, "generated": 0, "bbox": {"xmin": 520, "ymin": 314, "ymax": 602, "xmax": 785}}, {"tid": 1, "generated": 0, "bbox": {"xmin": 200, "ymin": 305, "ymax": 576, "xmax": 632}}, {"tid": 3, "generated": 0, "bbox": {"xmin": 736, "ymin": 355, "ymax": 606, "xmax": 865}}]], "subject/objects": [{"category": "horse", "tid": 0}, {"category": "horse", "tid": 1}, {"category": "horse", "tid": 2}, {"category": "horse", "tid": 3}], "relation_instances": [{"end_fid": 30, "subject_tid": 0, "predicate": "run_past", "begin_fid": 0, "object_tid": 1}, {"end_fid": 30, "subject_tid": 0, "predicate": "run_front", "begin_fid": 0, "object_tid": 1}, {"end_fid": 30, "subject_tid": 0, "predicate": "run_left", "begin_fid": 0, "object_tid": 1}, {"end_fid": 30, "subject_tid": 0, "predicate": "faster", "begin_fid": 0, "object_tid": 1}, {"end_fid": 30, "subject_tid": 1, "predicate": "walk_behind", "begin_fid": 0, "object_tid": 0}, {"end_fid": 30, "subject_tid": 1, "predicate": "walk_right", "begin_fid": 0, "object_tid": 0}, {"end_fid": 30, "subject_tid": 1, "predicate": "larger", "begin_fid": 0, "object_tid": 0}, {"end_fid": 30, "subject_tid": 0, "predicate": "run_toward", "begin_fid": 0, "object_tid": 2}, {"end_fid": 30, "subject_tid": 0, "predicate": "run_left", "begin_fid": 0, "object_tid": 2}, {"end_fid": 30, "subject_tid": 2, "predicate": "stand_right", "begin_fid": 0, "object_tid": 0}, {"end_fid": 30, "subject_tid": 1, "predicate": "walk_past", "begin_fid": 0, "object_tid": 2}, {"end_fid": 30, "subject_tid": 1, "predicate": "walk_behind", "begin_fid": 0, "object_tid": 2}, {"end_fid": 30, "subject_tid": 1, "predicate": "walk_left", "begin_fid": 0, "object_tid": 2}, {"end_fid": 30, "subject_tid": 1, "predicate": "larger", "begin_fid": 0, "object_tid": 2}, {"end_fid": 30, "subject_tid": 2, "predicate": "stand_front", "begin_fid": 0, "object_tid": 1}, {"end_fid": 30, "subject_tid": 2, "predicate": "stand_right", "begin_fid": 0, "object_tid": 1}, {"end_fid": 45, "subject_tid": 0, "predicate": "run_past", "begin_fid": 15, "object_tid": 1}, {"end_fid": 45, "subject_tid": 0, "predicate": "run_front", "begin_fid": 15, "object_tid": 1}, {"end_fid": 45, "subject_tid": 0, "predicate": "run_left", "begin_fid": 15, "object_tid": 1}, {"end_fid": 45, "subject_tid": 0, "predicate": "faster", "begin_fid": 15, "object_tid": 1}, {"end_fid": 45, "subject_tid": 1, "predicate": "walk_behind", "begin_fid": 15, "object_tid": 0}, {"end_fid": 45, "subject_tid": 1, "predicate": "walk_right", "begin_fid": 15, "object_tid": 0}, {"end_fid": 45, "subject_tid": 1, "predicate": "larger", "begin_fid": 15, "object_tid": 0}, {"end_fid": 45, "subject_tid": 0, "predicate": "run_past", "begin_fid": 15, "object_tid": 2}, {"end_fid": 45, "subject_tid": 0, "predicate": "run_left", "begin_fid": 15, "object_tid": 2}, {"end_fid": 45, "subject_tid": 2, "predicate": "stand_right", "begin_fid": 15, "object_tid": 0}, {"end_fid": 45, "subject_tid": 2, "predicate": "watch", "begin_fid": 15, "object_tid": 0}, {"end_fid": 45, "subject_tid": 1, "predicate": "walk_past", "begin_fid": 15, "object_tid": 2}, {"end_fid": 45, "subject_tid": 1, "predicate": "walk_behind", "begin_fid": 15, "object_tid": 2}, {"end_fid": 45, "subject_tid": 1, "predicate": "larger", "begin_fid": 15, "object_tid": 2}, {"end_fid": 45, "subject_tid": 2, "predicate": "stand_front", "begin_fid": 15, "object_tid": 1}, {"end_fid": 60, "subject_tid": 0, "predicate": "run_past", "begin_fid": 30, "object_tid": 1}, {"end_fid": 60, "subject_tid": 0, "predicate": "run_front", "begin_fid": 30, "object_tid": 1}, {"end_fid": 60, "subject_tid": 0, "predicate": "faster", "begin_fid": 30, "object_tid": 1}, {"end_fid": 60, "subject_tid": 1, "predicate": "walk_behind", "begin_fid": 30, "object_tid": 0}, {"end_fid": 60, "subject_tid": 1, "predicate": "larger", "begin_fid": 30, "object_tid": 0}, {"end_fid": 60, "subject_tid": 0, "predicate": "run_toward", "begin_fid": 30, "object_tid": 3}, {"end_fid": 60, "subject_tid": 0, "predicate": "run_left", "begin_fid": 30, "object_tid": 3}, {"end_fid": 60, "subject_tid": 3, "predicate": "stand_right", "begin_fid": 30, "object_tid": 0}, {"end_fid": 60, "subject_tid": 1, "predicate": "walk_behind", "begin_fid": 30, "object_tid": 3}, {"end_fid": 60, "subject_tid": 1, "predicate": "walk_toward", "begin_fid": 30, "object_tid": 3}, {"end_fid": 60, "subject_tid": 1, "predicate": "walk_left", "begin_fid": 30, "object_tid": 3}, {"end_fid": 60, "subject_tid": 1, "predicate": "larger", "begin_fid": 30, "object_tid": 3}, {"end_fid": 60, "subject_tid": 3, "predicate": "stand_front", "begin_fid": 30, "object_tid": 1}, {"end_fid": 60, "subject_tid": 3, "predicate": "stand_right", "begin_fid": 30, "object_tid": 1}, {"end_fid": 75, "subject_tid": 0, "predicate": "run_past", "begin_fid": 45, "object_tid": 1}, {"end_fid": 75, "subject_tid": 0, "predicate": "run_front", "begin_fid": 45, "object_tid": 1}, {"end_fid": 75, "subject_tid": 1, "predicate": "walk_behind", "begin_fid": 45, "object_tid": 0}, {"end_fid": 75, "subject_tid": 1, "predicate": "larger", "begin_fid": 45, "object_tid": 0}, {"end_fid": 75, "subject_tid": 0, "predicate": "run_past", "begin_fid": 45, "object_tid": 3}, {"end_fid": 75, "subject_tid": 0, "predicate": "run_left", "begin_fid": 45, "object_tid": 3}, {"end_fid": 75, "subject_tid": 3, "predicate": "stand_right", "begin_fid": 45, "object_tid": 0}, {"end_fid": 75, "subject_tid": 1, "predicate": "walk_behind", "begin_fid": 45, "object_tid": 3}, {"end_fid": 75, "subject_tid": 1, "predicate": "walk_toward", "begin_fid": 45, "object_tid": 3}, {"end_fid": 75, "subject_tid": 1, "predicate": "walk_left", "begin_fid": 45, "object_tid": 3}, {"end_fid": 75, "subject_tid": 1, "predicate": "larger", "begin_fid": 45, "object_tid": 3}, {"end_fid": 75, "subject_tid": 3, "predicate": "stand_front", "begin_fid": 45, "object_tid": 1}, {"end_fid": 75, "subject_tid": 3, "predicate": "stand_right", "begin_fid": 45, "object_tid": 1}], "height": 720}