{"width": 1280, "frame_count": 435, "video_id": "ILSVRC2015_train_00623001", "fps": 29, "trajectories": [[{"tid": 0, "generated": 0, "bbox": {"xmin": 0, "ymin": 300, "ymax": 560, "xmax": 520}}, {"tid": 2, "generated": 0, "bbox": {"xmin": 976, "ymin": 200, "ymax": 542, "xmax": 1279}}], [{"tid": 0, "generated": 0, "bbox": {"xmin": 0, "ymin": 304, "ymax": 558, "xmax": 520}}, {"tid": 2, "generated": 0, "bbox": {"xmin": 986, "ymin": 203, "ymax": 545, "xmax": 1279}}], [{"tid": 0, "generated": 0, "bbox": {"xmin": 0, "ymin": 307, "ymax": 570, "xmax": 545}}, {"tid": 2, "generated": 0, "bbox": {"xmin": 996, "ymin": 206, "ymax": 548, "xmax": 1279}}], [{"tid": 0, "generated": 0, "bbox": {"xmin": 0, "ymin": 311, "ymax": 568, "xmax": 549}}, {"tid": 2, "generated": 0, "bbox": {"xmin": 1007, "ymin": 210, "ymax": 552, "xmax": 1279}}], [{"tid": 0, "generated": 0, "bbox": {"xmin": 0, "ymin": 314, "ymax": 567, "xmax": 549}}, {"tid": 2, "generated": 0, "bbox": {"xmin": 1017, "ymin": 213, "ymax": 555, "xmax": 1279}}], [{"tid": 0, "generated": 0, "bbox": {"xmin": 0, "ymin": 325, "ymax": 579, "xmax": 549}}, {"tid": 2, "generated": 0, "bbox": {"xmin": 1027, "ymin": 216, "ymax": 558, "xmax": 1279}}], [{"tid": 0, "generated": 0, "bbox": {"xmin": 0, "ymin": 328, "ymax": 579, "xmax": 519}}, {"tid": 2, "generated": 0, "bbox": {"xmin": 1021, "ymin": 207, "ymax": 549, "xmax": 1279}}], [{"tid": 0, "generated": 0, "bbox": {"xmin": 0, "ymin": 332, "ymax": 586, "xmax": 520}}, {"tid": 2, "generated": 0, "bbox": {"xmin": 1015, "ymin": 198, "ymax": 540, "xmax": 1279}}], [{"tid": 0, "generated": 0, "bbox": {"xmin": 0, "ymin": 336, "ymax": 597, "xmax": 515}}, {"tid": 2, "generated": 0, "bbox": {"xmin": 1010, "ymin": 190, "ymax": 532, "xmax": 1279}}], [{"tid": 0, "generated": 0, "bbox": {"xmin": 0, "ymin": 340, "ymax": 598, "xmax": 495}}, {"tid": 2, "generated": 0, "bbox": {"xmin": 1004, "ymin": 181, "ymax": 523, "xmax": 1279}}], [{"tid": 0, "generated": 0, "bbox": {"xmin": 0, "ymin": 344, "ymax": 600, "xmax": 476}}, {"tid": 2, "generated": 0, "bbox": {"xmin": 998, "ymin": 172, "ymax": 514, "xmax": 1279}}], [{"tid": 0, "generated": 0, "bbox": {"xmin": 0, "ymin": 346, "ymax": 611, "xmax": 446}}, {"tid": 2, "generated": 0, "bbox": {"xmin": 1004, "ymin": 170, "ymax": 512, "xmax": 1279}}], [{"tid": 0, "generated": 0, "bbox": {"xmin": 0, "ymin": 352, "ymax": 602, "xmax": 424}}, {"tid": 2, "generated": 0, "bbox": {"xmin": 1010, "ymin": 168, "ymax": 510, "xmax": 1279}}], [{"tid": 0, "generated": 0, "bbox": {"xmin": 0, "ymin": 348, "ymax": 592, "xmax": 432}}, {"tid": 2, "generated": 0, "bbox": {"xmin": 1017, "ymin": 165, "ymax": 507, "xmax": 1279}}], [{"tid": 0, "generated": 0, "bbox": {"xmin": 0, "ymin": 355, "ymax": 716, "xmax": 446}}, {"tid": 2, "generated": 0, "bbox": {"xmin": 1023, "ymin": 163, "ymax": 505, "xmax": 1279}}], [{"tid": 0, "generated": 0, "bbox": {"xmin": 0, "ymin": 352, "ymax": 716, "xmax": 469}}, {"tid": 2, "generated": 0, "bbox": {"xmin": 1029, "ymin": 161, "ymax": 503, "xmax": 1279}}], [{"tid": 0, "generated": 0, "bbox": {"xmin": 0, "ymin": 348, "ymax": 716, "xmax": 476}}, {"tid": 2, "generated": 0, "bbox": {"xmin": 1056, "ymin": 163, "ymax": 505, "xmax": 1279}}], [{"tid": 0, "generated": 0, "bbox": {"xmin": 0, "ymin": 344, "ymax": 718, "xmax": 480}}, {"tid": 2, "generated": 0, "bbox": {"xmin": 1083, "ymin": 164, "ymax": 506, "xmax": 1279}}], [{"tid": 0, "generated": 0, "bbox": {"xmin": 0, "ymin": 336, "ymax": 718, "xmax": 481}}, {"tid": 2, "generated": 0, "bbox": {"xmin": 1110, "ymin": 166, "ymax": 508, "xmax": 1279}}], [{"tid": 0, "generated": 0, "bbox": {"xmin": 0, "ymin": 334, "ymax": 718, "xmax": 481}}, {"tid": 2, "generated": 0, "bbox": {"xmin": 1137, "ymin": 167, "ymax": 509, "xmax": 1279}}], [{"tid": 0, "generated": 0, "bbox": {"xmin": 0, "ymin": 334, "ymax": 718, "xmax": 487}}, {"tid": 2, "generated": 0, "bbox": {"xmin": 1164, "ymin": 169, "ymax": 511, "xmax": 1279}}], [{"tid": 0, "generated": 0, "bbox": {"xmin": 7, "ymin": 328, "ymax": 718, "xmax": 496}}, {"tid": 2, "generated": 0, "bbox": {"xmin": 1165, "ymin": 163, "ymax": 505, "xmax": 1279}}], [{"tid": 0, "generated": 0, "bbox": {"xmin": 14, "ymin": 325, "ymax": 718, "xmax": 504}}, {"tid": 2, "generated": 0, "bbox": {"xmin": 1165, "ymin": 157, "ymax": 499, "xmax": 1279}}], [{"tid": 0, "generated": 0, "bbox": {"xmin": 26, "ymin": 321, "ymax": 716, "xmax": 510}}, {"tid": 2, "generated": 0, "bbox": {"xmin": 1166, "ymin": 152, "ymax": 494, "xmax": 1279}}], [{"tid": 0, "generated": 0, "bbox": {"xmin": 33, "ymin": 318, "ymax": 718, "xmax": 520}}, {"tid": 2, "generated": 0, "bbox": {"xmin": 1166, "ymin": 146, "ymax": 488, "xmax": 1279}}], [{"tid": 0, "generated": 0, "bbox": {"xmin": 44, "ymin": 314, "ymax": 718, "xmax": 519}}, {"tid": 2, "generated": 0, "bbox": {"xmin": 1167, "ymin": 140, "ymax": 482, "xmax": 1279}}], [{"tid": 0, "generated": 0, "bbox": {"xmin": 50, "ymin": 310, "ymax": 718, "xmax": 523}}, {"tid": 2, "generated": 0, "bbox": {"xmin": 1167, "ymin": 140, "ymax": 482, "xmax": 1279}}], [{"tid": 0, "generated": 0, "bbox": {"xmin": 56, "ymin": 307, "ymax": 718, "xmax": 528}}, {"tid": 2, "generated": 0, "bbox": {"xmin": 1167, "ymin": 140, "ymax": 482, "xmax": 1279}}], [{"tid": 0, "generated": 0, "bbox": {"xmin": 62, "ymin": 303, "ymax": 716, "xmax": 534}}, {"tid": 2, "generated": 0, "bbox": {"xmin": 1167, "ymin": 140, "ymax": 482, "xmax": 1279}}], [{"tid": 0, "generated": 0, "bbox": {"xmin": 69, "ymin": 299, "ymax": 715, "xmax": 540}}, {"tid": 2, "generated": 0, "bbox": {"xmin": 1167, "ymin": 140, "ymax": 482, "xmax": 1279}}], [], [], [], [], [], [], [], [], [], [], [], [], [], [], [], [], [], [], [], [], [], [], [], [], [], [], [], [], [], [], [], [], [], [], [], [], [], [], [], [], [], [], [], [], [], [], [], [], [], [], [], [], [], [], [], [], [], [], [], [], [], [], [], [], [], [], [], [], [], [], [], [], [], [], [], [{"tid": 1, "generated": 0, "bbox": {"xmin": 888, "ymin": 263, "ymax": 380, "xmax": 1096}}, {"tid": 2, "generated": 0, "bbox": {"xmin": 1000, "ymin": 43, "ymax": 367, "xmax": 1279}}], [{"tid": 1, "generated": 0, "bbox": {"xmin": 858, "ymin": 256, "ymax": 371, "xmax": 1086}}, {"tid": 2, "generated": 0, "bbox": {"xmin": 964, "ymin": 18, "ymax": 364, "xmax": 1279}}], [{"tid": 1, "generated": 0, "bbox": {"xmin": 837, "ymin": 250, "ymax": 369, "xmax": 1068}}, {"tid": 2, "generated": 0, "bbox": {"xmin": 928, "ymin": 0, "ymax": 361, "xmax": 1279}}], [{"tid": 1, "generated": 0, "bbox": {"xmin": 807, "ymin": 252, "ymax": 364, "xmax": 1043}}, {"tid": 2, "generated": 0, "bbox": {"xmin": 910, "ymin": 0, "ymax": 349, "xmax": 1279}}], [{"tid": 1, "generated": 0, "bbox": {"xmin": 778, "ymin": 247, "ymax": 357, "xmax": 1022}}, {"tid": 2, "generated": 0, "bbox": {"xmin": 892, "ymin": 0, "ymax": 337, "xmax": 1279}}], [{"tid": 1, "generated": 0, "bbox": {"xmin": 778, "ymin": 225, "ymax": 337, "xmax": 1029}}, {"tid": 2, "generated": 0, "bbox": {"xmin": 874, "ymin": 0, "ymax": 324, "xmax": 1279}}], [{"tid": 1, "generated": 0, "bbox": {"xmin": 780, "ymin": 209, "ymax": 320, "xmax": 984}}, {"tid": 2, "generated": 0, "bbox": {"xmin": 856, "ymin": 0, "ymax": 312, "xmax": 1279}}], [{"tid": 1, "generated": 0, "bbox": {"xmin": 769, "ymin": 204, "ymax": 314, "xmax": 990}}, {"tid": 2, "generated": 0, "bbox": {"xmin": 838, "ymin": 0, "ymax": 300, "xmax": 1279}}], [{"tid": 1, "generated": 0, "bbox": {"xmin": 748, "ymin": 218, "ymax": 316, "xmax": 965}}, {"tid": 2, "generated": 0, "bbox": {"xmin": 853, "ymin": 0, "ymax": 300, "xmax": 1279}}], [{"tid": 1, "generated": 0, "bbox": {"xmin": 748, "ymin": 224, "ymax": 318, "xmax": 954}}, {"tid": 2, "generated": 0, "bbox": {"xmin": 868, "ymin": 0, "ymax": 300, "xmax": 1279}}], [{"tid": 1, "generated": 0, "bbox": {"xmin": 773, "ymin": 220, "ymax": 327, "xmax": 993}}, {"tid": 2, "generated": 0, "bbox": {"xmin": 883, "ymin": 0, "ymax": 300, "xmax": 1279}}], [{"tid": 1, "generated": 0, "bbox": {"xmin": 832, "ymin": 208, "ymax": 327, "xmax": 1091}}, {"tid": 2, "generated": 0, "bbox": {"xmin": 898, "ymin": 0, "ymax": 300, "xmax": 1279}}], [{"tid": 1, "generated": 0, "bbox": {"xmin": 851, "ymin": 197, "ymax": 309, "xmax": 1107}}, {"tid": 2, "generated": 0, "bbox": {"xmin": 913, "ymin": 0, "ymax": 300, "xmax": 1279}}], [{"tid": 1, "generated": 0, "bbox": {"xmin": 846, "ymin": 197, "ymax": 305, "xmax": 1107}}, {"tid": 2, "generated": 0, "bbox": {"xmin": 928, "ymin": 0, "ymax": 298, "xmax": 1279}}], [{"tid": 1, "generated": 0, "bbox": {"xmin": 869, "ymin": 195, "ymax": 312, "xmax": 1111}}, {"tid": 2, "generated": 0, "bbox": {"xmin": 943, "ymin": 0, "ymax": 296, "xmax": 1279}}], [{"tid": 1, "generated": 0, "bbox": {"xmin": 865, "ymin": 190, "ymax": 330, "xmax": 1121}}, {"tid": 2, "generated": 0, "bbox": {"xmin": 957, "ymin": 0, "ymax": 293, "xmax": 1279}}], [{"tid": 1, "generated": 0, "bbox": {"xmin": 874, "ymin": 197, "ymax": 339, "xmax": 1144}}, {"tid": 2, "generated": 0, "bbox": {"xmin": 972, "ymin": 0, "ymax": 291, "xmax": 1279}}], [{"tid": 1, "generated": 0, "bbox": {"xmin": 933, "ymin": 211, "ymax": 323, "xmax": 1184}}, {"tid": 2, "generated": 0, "bbox": {"xmin": 987, "ymin": 0, "ymax": 289, "xmax": 1279}}], [{"tid": 1, "generated": 0, "bbox": {"xmin": 956, "ymin": 243, "ymax": 346, "xmax": 1192}}, {"tid": 2, "generated": 0, "bbox": {"xmin": 1027, "ymin": 28, "ymax": 311, "xmax": 1279}}], [{"tid": 1, "generated": 0, "bbox": {"xmin": 988, "ymin": 277, "ymax": 360, "xmax": 1221}}, {"tid": 2, "generated": 0, "bbox": {"xmin": 1067, "ymin": 63, "ymax": 333, "xmax": 1279}}], [{"tid": 1, "generated": 0, "bbox": {"xmin": 1020, "ymin": 295, "ymax": 364, "xmax": 1278}}, {"tid": 2, "generated": 0, "bbox": {"xmin": 1106, "ymin": 97, "ymax": 354, "xmax": 1279}}], [{"tid": 1, "generated": 0, "bbox": {"xmin": 1056, "ymin": 305, "ymax": 366, "xmax": 1278}}, {"tid": 2, "generated": 0, "bbox": {"xmin": 1146, "ymin": 132, "ymax": 376, "xmax": 1279}}], [{"tid": 1, "generated": 0, "bbox": {"xmin": 1091, "ymin": 309, "ymax": 376, "xmax": 1246}}, {"tid": 2, "generated": 0, "bbox": {"xmin": 1186, "ymin": 166, "ymax": 398, "xmax": 1279}}], [{"tid": 1, "generated": 0, "bbox": {"xmin": 1125, "ymin": 312, "ymax": 371, "xmax": 1274}}, {"tid": 2, "generated": 0, "bbox": {"xmin": 1185, "ymin": 162, "ymax": 393, "xmax": 1279}}], [{"tid": 1, "generated": 0, "bbox": {"xmin": 1144, "ymin": 318, "ymax": 375, "xmax": 1278}}, {"tid": 2, "generated": 0, "bbox": {"xmin": 1184, "ymin": 158, "ymax": 389, "xmax": 1279}}], [{"tid": 1, "generated": 0, "bbox": {"xmin": 1146, "ymin": 318, "ymax": 380, "xmax": 1278}}, {"tid": 2, "generated": 0, "bbox": {"xmin": 1183, "ymin": 155, "ymax": 384, "xmax": 1279}}], [{"tid": 1, "generated": 0, "bbox": {"xmin": 1155, "ymin": 316, "ymax": 380, "xmax": 1278}}, {"tid": 2, "generated": 0, "bbox": {"xmin": 1181, "ymin": 151, "ymax": 380, "xmax": 1279}}], [{"tid": 1, "generated": 0, "bbox": {"xmin": 1160, "ymin": 314, "ymax": 378, "xmax": 1278}}, {"tid": 2, "generated": 0, "bbox": {"xmin": 1180, "ymin": 147, "ymax": 375, "xmax": 1279}}], [{"tid": 1, "generated": 0, "bbox": {"xmin": 1180, "ymin": 314, "ymax": 382, "xmax": 1278}}, {"tid": 2, "generated": 0, "bbox": {"xmin": 1179, "ymin": 143, "ymax": 370, "xmax": 1279}}], [{"tid": 1, "generated": 0, "bbox": {"xmin": 1184, "ymin": 314, "ymax": 385, "xmax": 1278}}, {"tid": 2, "generated": 0, "bbox": {"xmin": 1178, "ymin": 140, "ymax": 366, "xmax": 1279}}], [], [], [], [], [], [], [], [], [], [], [], [], [], [], [], [], [], [], [], [], [], [], [], [], [], [], [], [], [], [], [], [], [], [], [], [], [], [], [], [], [], [], [], [], [], [], [], [], [], [], [], [], [], [], [], [], [], [], [], [], [], [], [], [], [], [], [], [], [], [], [], [], [], [], [], [], [], [], [], [], [], [], [], [], [], [], [], [], [], [], [], [], [], [], [], [], [], [], [], [], [], [], [], [], [], [], [], [], [], [], [], [], [], [], [], [], [], [], [], [], [], [], [], [], [], [], [], [], [], [], [], [], [], [], [], [], [], [], [], [], [], [], [], [], [], [], [], [], [], [], [{"tid": 0, "generated": 0, "bbox": {"xmin": 16, "ymin": 437, "ymax": 567, "xmax": 615}}, {"tid": 5, "generated": 0, "bbox": {"xmin": 1141, "ymin": 79, "ymax": 603, "xmax": 1279}}], [{"tid": 0, "generated": 0, "bbox": {"xmin": 32, "ymin": 438, "ymax": 564, "xmax": 610}}, {"tid": 5, "generated": 0, "bbox": {"xmin": 1108, "ymin": 60, "ymax": 601, "xmax": 1279}}], [{"tid": 0, "generated": 0, "bbox": {"xmin": 48, "ymin": 439, "ymax": 562, "xmax": 605}}, {"tid": 5, "generated": 0, "bbox": {"xmin": 1076, "ymin": 42, "ymax": 598, "xmax": 1279}}], [{"tid": 0, "generated": 0, "bbox": {"xmin": 64, "ymin": 440, "ymax": 560, "xmax": 600}}, {"tid": 5, "generated": 0, "bbox": {"xmin": 1043, "ymin": 23, "ymax": 596, "xmax": 1279}}], [{"tid": 0, "generated": 0, "bbox": {"xmin": 69, "ymin": 442, "ymax": 561, "xmax": 592}}, {"tid": 5, "generated": 0, "bbox": {"xmin": 1011, "ymin": 4, "ymax": 594, "xmax": 1279}}], [{"tid": 0, "generated": 0, "bbox": {"xmin": 69, "ymin": 444, "ymax": 560, "xmax": 586}}, {"tid": 5, "generated": 0, "bbox": {"xmin": 1011, "ymin": 4, "ymax": 594, "xmax": 1279}}], [{"tid": 0, "generated": 0, "bbox": {"xmin": 69, "ymin": 446, "ymax": 560, "xmax": 581}}, {"tid": 5, "generated": 0, "bbox": {"xmin": 1011, "ymin": 4, "ymax": 594, "xmax": 1279}}], [{"tid": 0, "generated": 0, "bbox": {"xmin": 67, "ymin": 448, "ymax": 561, "xmax": 577}}, {"tid": 5, "generated": 0, "bbox": {"xmin": 1011, "ymin": 4, "ymax": 594, "xmax": 1279}}], [{"tid": 0, "generated": 0, "bbox": {"xmin": 65, "ymin": 451, "ymax": 563, "xmax": 574}}, {"tid": 5, "generated": 0, "bbox": {"xmin": 1011, "ymin": 4, "ymax": 594, "xmax": 1279}}], [{"tid": 0, "generated": 0, "bbox": {"xmin": 64, "ymin": 454, "ymax": 565, "xmax": 571}}, {"tid": 5, "generated": 0, "bbox": {"xmin": 1011, "ymin": 4, "ymax": 594, "xmax": 1279}}], [{"tid": 0, "generated": 0, "bbox": {"xmin": 63, "ymin": 457, "ymax": 567, "xmax": 569}}, {"tid": 5, "generated": 0, "bbox": {"xmin": 1011, "ymin": 4, "ymax": 594, "xmax": 1279}}], [{"tid": 0, "generated": 0, "bbox": {"xmin": 62, "ymin": 460, "ymax": 570, "xmax": 567}}, {"tid": 5, "generated": 0, "bbox": {"xmin": 1011, "ymin": 4, "ymax": 594, "xmax": 1279}}], [{"tid": 0, "generated": 0, "bbox": {"xmin": 60, "ymin": 462, "ymax": 570, "xmax": 568}}, {"tid": 5, "generated": 0, "bbox": {"xmin": 1011, "ymin": 4, "ymax": 594, "xmax": 1279}}], [{"tid": 0, "generated": 0, "bbox": {"xmin": 59, "ymin": 465, "ymax": 573, "xmax": 561}}, {"tid": 5, "generated": 0, "bbox": {"xmin": 1011, "ymin": 4, "ymax": 594, "xmax": 1279}}], [{"tid": 0, "generated": 0, "bbox": {"xmin": 58, "ymin": 469, "ymax": 577, "xmax": 554}}, {"tid": 5, "generated": 0, "bbox": {"xmin": 1011, "ymin": 4, "ymax": 594, "xmax": 1279}}], [{"tid": 0, "generated": 0, "bbox": {"xmin": 57, "ymin": 472, "ymax": 580, "xmax": 547}}, {"tid": 5, "generated": 0, "bbox": {"xmin": 1006, "ymin": 4, "ymax": 602, "xmax": 1279}}], [{"tid": 0, "generated": 0, "bbox": {"xmin": 56, "ymin": 476, "ymax": 584, "xmax": 540}}, {"tid": 5, "generated": 0, "bbox": {"xmin": 1001, "ymin": 4, "ymax": 610, "xmax": 1279}}], [{"tid": 0, "generated": 0, "bbox": {"xmin": 49, "ymin": 480, "ymax": 590, "xmax": 533}}, {"tid": 5, "generated": 0, "bbox": {"xmin": 996, "ymin": 4, "ymax": 618, "xmax": 1279}}], [{"tid": 0, "generated": 0, "bbox": {"xmin": 42, "ymin": 487, "ymax": 600, "xmax": 526}}, {"tid": 5, "generated": 0, "bbox": {"xmin": 991, "ymin": 4, "ymax": 626, "xmax": 1279}}], [{"tid": 0, "generated": 0, "bbox": {"xmin": 42, "ymin": 499, "ymax": 600, "xmax": 526}}, {"tid": 5, "generated": 0, "bbox": {"xmin": 986, "ymin": 4, "ymax": 634, "xmax": 1279}}], [{"tid": 0, "generated": 0, "bbox": {"xmin": 39, "ymin": 503, "ymax": 611, "xmax": 517}}, {"tid": 5, "generated": 0, "bbox": {"xmin": 982, "ymin": 4, "ymax": 640, "xmax": 1279}}], [{"tid": 0, "generated": 0, "bbox": {"xmin": 42, "ymin": 504, "ymax": 613, "xmax": 519}}, {"tid": 5, "generated": 0, "bbox": {"xmin": 978, "ymin": 4, "ymax": 646, "xmax": 1279}}], [{"tid": 0, "generated": 0, "bbox": {"xmin": 43, "ymin": 508, "ymax": 615, "xmax": 514}}, {"tid": 5, "generated": 0, "bbox": {"xmin": 975, "ymin": 4, "ymax": 653, "xmax": 1279}}], [{"tid": 0, "generated": 0, "bbox": {"xmin": 44, "ymin": 512, "ymax": 617, "xmax": 509}}, {"tid": 5, "generated": 0, "bbox": {"xmin": 971, "ymin": 4, "ymax": 659, "xmax": 1279}}], [{"tid": 0, "generated": 0, "bbox": {"xmin": 46, "ymin": 517, "ymax": 620, "xmax": 504}}, {"tid": 5, "generated": 0, "bbox": {"xmin": 967, "ymin": 4, "ymax": 665, "xmax": 1279}}], [{"tid": 0, "generated": 0, "bbox": {"xmin": 42, "ymin": 521, "ymax": 623, "xmax": 500}}, {"tid": 5, "generated": 0, "bbox": {"xmin": 960, "ymin": 3, "ymax": 668, "xmax": 1279}}], [{"tid": 0, "generated": 0, "bbox": {"xmin": 39, "ymin": 526, "ymax": 627, "xmax": 496}}, {"tid": 5, "generated": 0, "bbox": {"xmin": 952, "ymin": 2, "ymax": 672, "xmax": 1279}}], [{"tid": 0, "generated": 0, "bbox": {"xmin": 49, "ymin": 528, "ymax": 636, "xmax": 492}}, {"tid": 5, "generated": 0, "bbox": {"xmin": 945, "ymin": 2, "ymax": 675, "xmax": 1279}}], [{"tid": 0, "generated": 0, "bbox": {"xmin": 35, "ymin": 533, "ymax": 638, "xmax": 488}}, {"tid": 5, "generated": 0, "bbox": {"xmin": 937, "ymin": 1, "ymax": 679, "xmax": 1279}}], [{"tid": 0, "generated": 0, "bbox": {"xmin": 46, "ymin": 538, "ymax": 641, "xmax": 487}}, {"tid": 5, "generated": 0, "bbox": {"xmin": 930, "ymin": 0, "ymax": 682, "xmax": 1279}}], [], [], [], [], [], [], [], [], [], [], [], [], [], [], [], [], [], [], [], [], [], [], [], [], [], [], [], [], [], [], [{"tid": 0, "generated": 0, "bbox": {"xmin": 28, "ymin": 595, "ymax": 718, "xmax": 400}}, {"tid": 5, "generated": 0, "bbox": {"xmin": 761, "ymin": 4, "ymax": 718, "xmax": 1229}}], [{"tid": 0, "generated": 0, "bbox": {"xmin": 53, "ymin": 613, "ymax": 716, "xmax": 414}}, {"tid": 5, "generated": 0, "bbox": {"xmin": 739, "ymin": 4, "ymax": 718, "xmax": 1207}}], [{"tid": 0, "generated": 0, "bbox": {"xmin": 78, "ymin": 647, "ymax": 718, "xmax": 385}}, {"tid": 5, "generated": 0, "bbox": {"xmin": 718, "ymin": 3, "ymax": 717, "xmax": 1186}}], [{"tid": 0, "generated": 0, "bbox": {"xmin": 103, "ymin": 657, "ymax": 718, "xmax": 359}}, {"tid": 5, "generated": 0, "bbox": {"xmin": 696, "ymin": 3, "ymax": 717, "xmax": 1164}}], [{"tid": 0, "generated": 0, "bbox": {"xmin": 197, "ymin": 659, "ymax": 716, "xmax": 339}}, {"tid": 5, "generated": 0, "bbox": {"xmin": 674, "ymin": 3, "ymax": 717, "xmax": 1142}}], [{"tid": 0, "generated": 0, "bbox": {"xmin": 190, "ymin": 661, "ymax": 717, "xmax": 319}}, {"tid": 5, "generated": 0, "bbox": {"xmin": 635, "ymin": 3, "ymax": 717, "xmax": 1136}}], [{"tid": 0, "generated": 0, "bbox": {"xmin": 183, "ymin": 663, "ymax": 718, "xmax": 300}}, {"tid": 5, "generated": 0, "bbox": {"xmin": 595, "ymin": 3, "ymax": 717, "xmax": 1130}}], [{"tid": 0, "generated": 0, "bbox": {"xmin": 184, "ymin": 666, "ymax": 714, "xmax": 293}}, {"tid": 5, "generated": 0, "bbox": {"xmin": 556, "ymin": 3, "ymax": 717, "xmax": 1125}}], [{"tid": 0, "generated": 0, "bbox": {"xmin": 172, "ymin": 656, "ymax": 714, "xmax": 293}}, {"tid": 5, "generated": 0, "bbox": {"xmin": 516, "ymin": 3, "ymax": 717, "xmax": 1119}}], [{"tid": 0, "generated": 0, "bbox": {"xmin": 51, "ymin": 647, "ymax": 718, "xmax": 291}}, {"tid": 5, "generated": 0, "bbox": {"xmin": 477, "ymin": 3, "ymax": 717, "xmax": 1113}}], [{"tid": 0, "generated": 0, "bbox": {"xmin": 10, "ymin": 627, "ymax": 718, "xmax": 314}}, {"tid": 5, "generated": 0, "bbox": {"xmin": 470, "ymin": 3, "ymax": 717, "xmax": 1136}}], [{"tid": 0, "generated": 0, "bbox": {"xmin": 0, "ymin": 600, "ymax": 716, "xmax": 328}}, {"tid": 5, "generated": 0, "bbox": {"xmin": 463, "ymin": 3, "ymax": 717, "xmax": 1160}}], [{"tid": 0, "generated": 0, "bbox": {"xmin": 0, "ymin": 583, "ymax": 718, "xmax": 357}}, {"tid": 5, "generated": 0, "bbox": {"xmin": 456, "ymin": 3, "ymax": 717, "xmax": 1183}}], [{"tid": 0, "generated": 0, "bbox": {"xmin": 0, "ymin": 551, "ymax": 718, "xmax": 398}}, {"tid": 5, "generated": 0, "bbox": {"xmin": 449, "ymin": 3, "ymax": 717, "xmax": 1207}}], [{"tid": 0, "generated": 0, "bbox": {"xmin": 0, "ymin": 508, "ymax": 718, "xmax": 423}}, {"tid": 5, "generated": 0, "bbox": {"xmin": 442, "ymin": 3, "ymax": 717, "xmax": 1230}}], [{"tid": 0, "generated": 0, "bbox": {"xmin": 0, "ymin": 490, "ymax": 707, "xmax": 456}}, {"tid": 5, "generated": 0, "bbox": {"xmin": 445, "ymin": 3, "ymax": 717, "xmax": 1240}}], [{"tid": 0, "generated": 0, "bbox": {"xmin": 0, "ymin": 517, "ymax": 696, "xmax": 483}}, {"tid": 5, "generated": 0, "bbox": {"xmin": 449, "ymin": 3, "ymax": 717, "xmax": 1249}}], [{"tid": 0, "generated": 0, "bbox": {"xmin": 0, "ymin": 513, "ymax": 680, "xmax": 476}}, {"tid": 5, "generated": 0, "bbox": {"xmin": 452, "ymin": 3, "ymax": 717, "xmax": 1259}}], [{"tid": 0, "generated": 0, "bbox": {"xmin": 5, "ymin": 504, "ymax": 679, "xmax": 465}}, {"tid": 5, "generated": 0, "bbox": {"xmin": 456, "ymin": 3, "ymax": 717, "xmax": 1268}}], [{"tid": 0, "generated": 0, "bbox": {"xmin": 10, "ymin": 492, "ymax": 673, "xmax": 488}}, {"tid": 5, "generated": 0, "bbox": {"xmin": 459, "ymin": 3, "ymax": 717, "xmax": 1278}}], [{"tid": 0, "generated": 0, "bbox": {"xmin": 16, "ymin": 480, "ymax": 672, "xmax": 490}}, {"tid": 5, "generated": 0, "bbox": {"xmin": 468, "ymin": 3, "ymax": 710, "xmax": 1278}}], [{"tid": 0, "generated": 0, "bbox": {"xmin": 23, "ymin": 478, "ymax": 670, "xmax": 471}}, {"tid": 5, "generated": 0, "bbox": {"xmin": 478, "ymin": 3, "ymax": 704, "xmax": 1278}}], [{"tid": 0, "generated": 0, "bbox": {"xmin": 0, "ymin": 464, "ymax": 654, "xmax": 481}}, {"tid": 5, "generated": 0, "bbox": {"xmin": 487, "ymin": 3, "ymax": 697, "xmax": 1278}}], [{"tid": 0, "generated": 0, "bbox": {"xmin": 5, "ymin": 449, "ymax": 641, "xmax": 497}}, {"tid": 5, "generated": 0, "bbox": {"xmin": 497, "ymin": 3, "ymax": 691, "xmax": 1278}}], [{"tid": 0, "generated": 0, "bbox": {"xmin": 22, "ymin": 432, "ymax": 628, "xmax": 507}}, {"tid": 5, "generated": 0, "bbox": {"xmin": 506, "ymin": 3, "ymax": 684, "xmax": 1278}}], [{"tid": 0, "generated": 0, "bbox": {"xmin": 40, "ymin": 416, "ymax": 616, "xmax": 517}}, {"tid": 5, "generated": 0, "bbox": {"xmin": 510, "ymin": 3, "ymax": 676, "xmax": 1278}}], [{"tid": 0, "generated": 0, "bbox": {"xmin": 58, "ymin": 407, "ymax": 606, "xmax": 528}}, {"tid": 5, "generated": 0, "bbox": {"xmin": 513, "ymin": 3, "ymax": 669, "xmax": 1278}}], [{"tid": 0, "generated": 0, "bbox": {"xmin": 60, "ymin": 389, "ymax": 604, "xmax": 531}}, {"tid": 5, "generated": 0, "bbox": {"xmin": 517, "ymin": 3, "ymax": 661, "xmax": 1278}}], [{"tid": 0, "generated": 0, "bbox": {"xmin": 64, "ymin": 366, "ymax": 600, "xmax": 547}}, {"tid": 5, "generated": 0, "bbox": {"xmin": 520, "ymin": 3, "ymax": 654, "xmax": 1278}}], [{"tid": 0, "generated": 0, "bbox": {"xmin": 80, "ymin": 341, "ymax": 595, "xmax": 554}}, {"tid": 5, "generated": 0, "bbox": {"xmin": 524, "ymin": 3, "ymax": 646, "xmax": 1278}}], [], [], [], [], [], [], [], [], [], [], [], [], [], [], [], [], [], [], [], [], [], [], [], [], [], [], [], [], [], [], [{"tid": 0, "generated": 0, "bbox": {"xmin": 149, "ymin": 193, "ymax": 508, "xmax": 561}}, {"tid": 5, "generated": 0, "bbox": {"xmin": 568, "ymin": 3, "ymax": 575, "xmax": 1278}}], [{"tid": 0, "generated": 0, "bbox": {"xmin": 161, "ymin": 163, "ymax": 504, "xmax": 568}}, {"tid": 5, "generated": 0, "bbox": {"xmin": 568, "ymin": 3, "ymax": 575, "xmax": 1278}}], [{"tid": 0, "generated": 0, "bbox": {"xmin": 176, "ymin": 140, "ymax": 503, "xmax": 579}}, {"tid": 5, "generated": 0, "bbox": {"xmin": 568, "ymin": 3, "ymax": 575, "xmax": 1278}}], [{"tid": 0, "generated": 0, "bbox": {"xmin": 172, "ymin": 115, "ymax": 497, "xmax": 609}}, {"tid": 5, "generated": 0, "bbox": {"xmin": 568, "ymin": 3, "ymax": 575, "xmax": 1278}}], [{"tid": 0, "generated": 0, "bbox": {"xmin": 179, "ymin": 147, "ymax": 496, "xmax": 622}}, {"tid": 5, "generated": 0, "bbox": {"xmin": 568, "ymin": 3, "ymax": 575, "xmax": 1278}}], [{"tid": 0, "generated": 0, "bbox": {"xmin": 241, "ymin": 154, "ymax": 496, "xmax": 599}}, {"tid": 5, "generated": 0, "bbox": {"xmin": 568, "ymin": 3, "ymax": 575, "xmax": 1278}}], [{"tid": 0, "generated": 0, "bbox": {"xmin": 256, "ymin": 163, "ymax": 506, "xmax": 576}}, {"tid": 5, "generated": 0, "bbox": {"xmin": 568, "ymin": 3, "ymax": 575, "xmax": 1278}}], [{"tid": 0, "generated": 0, "bbox": {"xmin": 257, "ymin": 168, "ymax": 517, "xmax": 558}}, {"tid": 5, "generated": 0, "bbox": {"xmin": 568, "ymin": 3, "ymax": 575, "xmax": 1278}}], [{"tid": 0, "generated": 0, "bbox": {"xmin": 259, "ymin": 174, "ymax": 520, "xmax": 551}}, {"tid": 5, "generated": 0, "bbox": {"xmin": 568, "ymin": 3, "ymax": 575, "xmax": 1278}}], [{"tid": 0, "generated": 0, "bbox": {"xmin": 261, "ymin": 177, "ymax": 526, "xmax": 552}}, {"tid": 5, "generated": 0, "bbox": {"xmin": 568, "ymin": 3, "ymax": 575, "xmax": 1278}}], [{"tid": 0, "generated": 0, "bbox": {"xmin": 263, "ymin": 181, "ymax": 531, "xmax": 551}}, {"tid": 5, "generated": 0, "bbox": {"xmin": 568, "ymin": 3, "ymax": 575, "xmax": 1278}}], [{"tid": 0, "generated": 0, "bbox": {"xmin": 264, "ymin": 192, "ymax": 544, "xmax": 544}}, {"tid": 5, "generated": 0, "bbox": {"xmin": 568, "ymin": 3, "ymax": 575, "xmax": 1278}}], [{"tid": 0, "generated": 0, "bbox": {"xmin": 266, "ymin": 199, "ymax": 552, "xmax": 549}}, {"tid": 5, "generated": 0, "bbox": {"xmin": 568, "ymin": 3, "ymax": 575, "xmax": 1278}}], [{"tid": 0, "generated": 0, "bbox": {"xmin": 268, "ymin": 204, "ymax": 558, "xmax": 545}}, {"tid": 5, "generated": 0, "bbox": {"xmin": 568, "ymin": 3, "ymax": 575, "xmax": 1278}}], [{"tid": 0, "generated": 0, "bbox": {"xmin": 272, "ymin": 167, "ymax": 563, "xmax": 560}}, {"tid": 5, "generated": 0, "bbox": {"xmin": 568, "ymin": 3, "ymax": 575, "xmax": 1278}}], [{"tid": 0, "generated": 0, "bbox": {"xmin": 275, "ymin": 160, "ymax": 570, "xmax": 567}}, {"tid": 5, "generated": 0, "bbox": {"xmin": 573, "ymin": 3, "ymax": 592, "xmax": 1278}}], [{"tid": 0, "generated": 0, "bbox": {"xmin": 279, "ymin": 149, "ymax": 574, "xmax": 588}}, {"tid": 5, "generated": 0, "bbox": {"xmin": 577, "ymin": 3, "ymax": 609, "xmax": 1278}}], [{"tid": 0, "generated": 0, "bbox": {"xmin": 280, "ymin": 193, "ymax": 577, "xmax": 584}}, {"tid": 5, "generated": 0, "bbox": {"xmin": 582, "ymin": 3, "ymax": 625, "xmax": 1278}}], [{"tid": 0, "generated": 0, "bbox": {"xmin": 282, "ymin": 213, "ymax": 577, "xmax": 597}}, {"tid": 5, "generated": 0, "bbox": {"xmin": 586, "ymin": 3, "ymax": 642, "xmax": 1278}}], [{"tid": 0, "generated": 0, "bbox": {"xmin": 284, "ymin": 220, "ymax": 577, "xmax": 579}}, {"tid": 5, "generated": 0, "bbox": {"xmin": 591, "ymin": 3, "ymax": 659, "xmax": 1278}}], [{"tid": 0, "generated": 0, "bbox": {"xmin": 286, "ymin": 222, "ymax": 581, "xmax": 577}}, {"tid": 5, "generated": 0, "bbox": {"xmin": 591, "ymin": 3, "ymax": 659, "xmax": 1278}}], [{"tid": 0, "generated": 0, "bbox": {"xmin": 288, "ymin": 195, "ymax": 581, "xmax": 586}}, {"tid": 5, "generated": 0, "bbox": {"xmin": 591, "ymin": 3, "ymax": 659, "xmax": 1278}}], [{"tid": 0, "generated": 0, "bbox": {"xmin": 291, "ymin": 202, "ymax": 584, "xmax": 572}}, {"tid": 5, "generated": 0, "bbox": {"xmin": 591, "ymin": 3, "ymax": 659, "xmax": 1278}}], [{"tid": 0, "generated": 0, "bbox": {"xmin": 295, "ymin": 227, "ymax": 586, "xmax": 574}}, {"tid": 5, "generated": 0, "bbox": {"xmin": 591, "ymin": 3, "ymax": 659, "xmax": 1278}}], [{"tid": 0, "generated": 0, "bbox": {"xmin": 298, "ymin": 228, "ymax": 587, "xmax": 578}}, {"tid": 5, "generated": 0, "bbox": {"xmin": 591, "ymin": 3, "ymax": 659, "xmax": 1278}}], [{"tid": 0, "generated": 0, "bbox": {"xmin": 301, "ymin": 230, "ymax": 588, "xmax": 582}}, {"tid": 5, "generated": 0, "bbox": {"xmin": 592, "ymin": 3, "ymax": 658, "xmax": 1278}}], [{"tid": 0, "generated": 0, "bbox": {"xmin": 305, "ymin": 232, "ymax": 590, "xmax": 586}}, {"tid": 5, "generated": 0, "bbox": {"xmin": 594, "ymin": 3, "ymax": 657, "xmax": 1278}}], [{"tid": 0, "generated": 0, "bbox": {"xmin": 307, "ymin": 232, "ymax": 587, "xmax": 589}}, {"tid": 5, "generated": 0, "bbox": {"xmin": 595, "ymin": 3, "ymax": 657, "xmax": 1278}}], [{"tid": 0, "generated": 0, "bbox": {"xmin": 309, "ymin": 233, "ymax": 584, "xmax": 592}}, {"tid": 5, "generated": 0, "bbox": {"xmin": 597, "ymin": 3, "ymax": 656, "xmax": 1278}}], [{"tid": 0, "generated": 0, "bbox": {"xmin": 311, "ymin": 234, "ymax": 581, "xmax": 595}}, {"tid": 5, "generated": 0, "bbox": {"xmin": 598, "ymin": 3, "ymax": 655, "xmax": 1278}}]], "subject/objects": [{"category": "lizard", "tid": 0}, {"category": "turtle", "tid": 1}, {"category": "person", "tid": 2}, {"category": "person", "tid": 5}], "relation_instances": [{"end_fid": 30, "subject_tid": 0, "predicate": "lie_left", "begin_fid": 0, "object_tid": 2}, {"end_fid": 30, "subject_tid": 0, "predicate": "watch", "begin_fid": 0, "object_tid": 2}, {"end_fid": 30, "subject_tid": 2, "predicate": "right", "begin_fid": 0, "object_tid": 0}, {"end_fid": 30, "subject_tid": 2, "predicate": "play", "begin_fid": 0, "object_tid": 0}, {"end_fid": 135, "subject_tid": 1, "predicate": "left", "begin_fid": 105, "object_tid": 2}, {"end_fid": 135, "subject_tid": 2, "predicate": "right", "begin_fid": 105, "object_tid": 1}, {"end_fid": 135, "subject_tid": 2, "predicate": "pull", "begin_fid": 105, "object_tid": 1}, {"end_fid": 135, "subject_tid": 2, "predicate": "touch", "begin_fid": 105, "object_tid": 1}, {"end_fid": 375, "subject_tid": 0, "predicate": "watch", "begin_fid": 345, "object_tid": 5}, {"end_fid": 375, "subject_tid": 5, "predicate": "feed", "begin_fid": 345, "object_tid": 0}, {"end_fid": 375, "subject_tid": 5, "predicate": "watch", "begin_fid": 345, "object_tid": 0}, {"end_fid": 435, "subject_tid": 0, "predicate": "watch", "begin_fid": 405, "object_tid": 5}, {"end_fid": 435, "subject_tid": 5, "predicate": "feed", "begin_fid": 405, "object_tid": 0}], "height": 720}