{"width": 1280, "frame_count": 70, "video_id": "ILSVRC2015_train_00339001", "fps": 25, "trajectories": [[{"tid": 0, "generated": 0, "bbox": {"xmin": 1, "ymin": 71, "ymax": 666, "xmax": 997}}, {"tid": 1, "generated": 0, "bbox": {"xmin": 1118, "ymin": 298, "ymax": 376, "xmax": 1235}}, {"tid": 3, "generated": 0, "bbox": {"xmin": 1079, "ymin": 316, "ymax": 362, "xmax": 1130}}], [{"tid": 0, "generated": 0, "bbox": {"xmin": 0, "ymin": 68, "ymax": 663, "xmax": 991}}, {"tid": 1, "generated": 0, "bbox": {"xmin": 1118, "ymin": 297, "ymax": 375, "xmax": 1234}}, {"tid": 3, "generated": 0, "bbox": {"xmin": 1079, "ymin": 316, "ymax": 361, "xmax": 1129}}], [{"tid": 0, "generated": 0, "bbox": {"xmin": 0, "ymin": 66, "ymax": 661, "xmax": 985}}, {"tid": 1, "generated": 0, "bbox": {"xmin": 1118, "ymin": 296, "ymax": 374, "xmax": 1233}}, {"tid": 3, "generated": 0, "bbox": {"xmin": 1079, "ymin": 316, "ymax": 360, "xmax": 1128}}], [{"tid": 0, "generated": 0, "bbox": {"xmin": 0, "ymin": 64, "ymax": 659, "xmax": 979}}, {"tid": 1, "generated": 0, "bbox": {"xmin": 1118, "ymin": 296, "ymax": 373, "xmax": 1232}}, {"tid": 3, "generated": 0, "bbox": {"xmin": 1079, "ymin": 317, "ymax": 360, "xmax": 1128}}], [{"tid": 0, "generated": 0, "bbox": {"xmin": 0, "ymin": 62, "ymax": 657, "xmax": 974}}, {"tid": 1, "generated": 0, "bbox": {"xmin": 1118, "ymin": 295, "ymax": 372, "xmax": 1231}}, {"tid": 3, "generated": 0, "bbox": {"xmin": 1079, "ymin": 317, "ymax": 359, "xmax": 1127}}], [{"tid": 0, "generated": 0, "bbox": {"xmin": 0, "ymin": 60, "ymax": 655, "xmax": 968}}, {"tid": 1, "generated": 0, "bbox": {"xmin": 1118, "ymin": 295, "ymax": 371, "xmax": 1230}}, {"tid": 3, "generated": 0, "bbox": {"xmin": 1079, "ymin": 318, "ymax": 359, "xmax": 1127}}], [{"tid": 0, "generated": 0, "bbox": {"xmin": 0, "ymin": 57, "ymax": 653, "xmax": 962}}, {"tid": 1, "generated": 0, "bbox": {"xmin": 1117, "ymin": 295, "ymax": 372, "xmax": 1230}}, {"tid": 3, "generated": 0, "bbox": {"xmin": 1079, "ymin": 317, "ymax": 358, "xmax": 1126}}], [{"tid": 0, "generated": 0, "bbox": {"xmin": 0, "ymin": 55, "ymax": 651, "xmax": 957}}, {"tid": 1, "generated": 0, "bbox": {"xmin": 1116, "ymin": 296, "ymax": 373, "xmax": 1230}}, {"tid": 3, "generated": 0, "bbox": {"xmin": 1079, "ymin": 317, "ymax": 358, "xmax": 1126}}], [{"tid": 0, "generated": 0, "bbox": {"xmin": 0, "ymin": 53, "ymax": 649, "xmax": 951}}, {"tid": 1, "generated": 0, "bbox": {"xmin": 1115, "ymin": 296, "ymax": 374, "xmax": 1231}}, {"tid": 3, "generated": 0, "bbox": {"xmin": 1079, "ymin": 317, "ymax": 357, "xmax": 1126}}], [{"tid": 0, "generated": 0, "bbox": {"xmin": 0, "ymin": 51, "ymax": 647, "xmax": 945}}, {"tid": 1, "generated": 0, "bbox": {"xmin": 1114, "ymin": 297, "ymax": 375, "xmax": 1231}}, {"tid": 3, "generated": 0, "bbox": {"xmin": 1079, "ymin": 317, "ymax": 357, "xmax": 1126}}], [{"tid": 0, "generated": 0, "bbox": {"xmin": 0, "ymin": 49, "ymax": 645, "xmax": 940}}, {"tid": 1, "generated": 0, "bbox": {"xmin": 1114, "ymin": 298, "ymax": 376, "xmax": 1232}}, {"tid": 3, "generated": 0, "bbox": {"xmin": 1079, "ymin": 317, "ymax": 357, "xmax": 1126}}], [{"tid": 0, "generated": 0, "bbox": {"xmin": 0, "ymin": 47, "ymax": 613, "xmax": 928}}, {"tid": 1, "generated": 0, "bbox": {"xmin": 1115, "ymin": 295, "ymax": 373, "xmax": 1231}}, {"tid": 3, "generated": 0, "bbox": {"xmin": 1079, "ymin": 317, "ymax": 356, "xmax": 1126}}], [{"tid": 0, "generated": 0, "bbox": {"xmin": 0, "ymin": 45, "ymax": 581, "xmax": 916}}, {"tid": 1, "generated": 0, "bbox": {"xmin": 1116, "ymin": 293, "ymax": 370, "xmax": 1230}}, {"tid": 3, "generated": 0, "bbox": {"xmin": 1079, "ymin": 317, "ymax": 356, "xmax": 1126}}], [{"tid": 0, "generated": 0, "bbox": {"xmin": 0, "ymin": 44, "ymax": 549, "xmax": 904}}, {"tid": 1, "generated": 0, "bbox": {"xmin": 1118, "ymin": 291, "ymax": 368, "xmax": 1230}}, {"tid": 3, "generated": 0, "bbox": {"xmin": 1079, "ymin": 316, "ymax": 355, "xmax": 1125}}], [{"tid": 0, "generated": 0, "bbox": {"xmin": 0, "ymin": 42, "ymax": 547, "xmax": 899}}, {"tid": 1, "generated": 0, "bbox": {"xmin": 1118, "ymin": 291, "ymax": 368, "xmax": 1231}}, {"tid": 3, "generated": 0, "bbox": {"xmin": 1079, "ymin": 316, "ymax": 355, "xmax": 1125}}], [{"tid": 0, "generated": 0, "bbox": {"xmin": 0, "ymin": 40, "ymax": 545, "xmax": 894}}, {"tid": 1, "generated": 0, "bbox": {"xmin": 1118, "ymin": 291, "ymax": 368, "xmax": 1232}}, {"tid": 2, "generated": 0, "bbox": {"xmin": 908, "ymin": 316, "ymax": 355, "xmax": 995}}, {"tid": 3, "generated": 0, "bbox": {"xmin": 1079, "ymin": 316, "ymax": 355, "xmax": 1125}}], [{"tid": 0, "generated": 0, "bbox": {"xmin": 0, "ymin": 39, "ymax": 547, "xmax": 885}}, {"tid": 1, "generated": 0, "bbox": {"xmin": 1118, "ymin": 291, "ymax": 368, "xmax": 1233}}, {"tid": 2, "generated": 0, "bbox": {"xmin": 907, "ymin": 316, "ymax": 355, "xmax": 995}}, {"tid": 3, "generated": 0, "bbox": {"xmin": 1079, "ymin": 316, "ymax": 354, "xmax": 1125}}], [{"tid": 0, "generated": 0, "bbox": {"xmin": 0, "ymin": 38, "ymax": 550, "xmax": 876}}, {"tid": 1, "generated": 0, "bbox": {"xmin": 1119, "ymin": 291, "ymax": 368, "xmax": 1234}}, {"tid": 2, "generated": 0, "bbox": {"xmin": 906, "ymin": 316, "ymax": 355, "xmax": 996}}, {"tid": 3, "generated": 0, "bbox": {"xmin": 1079, "ymin": 316, "ymax": 354, "xmax": 1125}}], [{"tid": 0, "generated": 0, "bbox": {"xmin": 0, "ymin": 37, "ymax": 552, "xmax": 868}}, {"tid": 1, "generated": 0, "bbox": {"xmin": 1119, "ymin": 291, "ymax": 368, "xmax": 1235}}, {"tid": 2, "generated": 0, "bbox": {"xmin": 905, "ymin": 316, "ymax": 355, "xmax": 997}}, {"tid": 3, "generated": 0, "bbox": {"xmin": 1079, "ymin": 316, "ymax": 353, "xmax": 1125}}], [{"tid": 0, "generated": 0, "bbox": {"xmin": 0, "ymin": 36, "ymax": 555, "xmax": 859}}, {"tid": 1, "generated": 0, "bbox": {"xmin": 1119, "ymin": 291, "ymax": 368, "xmax": 1236}}, {"tid": 2, "generated": 0, "bbox": {"xmin": 904, "ymin": 316, "ymax": 355, "xmax": 998}}, {"tid": 3, "generated": 0, "bbox": {"xmin": 1079, "ymin": 316, "ymax": 353, "xmax": 1125}}], [{"tid": 0, "generated": 0, "bbox": {"xmin": 0, "ymin": 35, "ymax": 558, "xmax": 851}}, {"tid": 1, "generated": 0, "bbox": {"xmin": 1120, "ymin": 291, "ymax": 369, "xmax": 1237}}, {"tid": 2, "generated": 0, "bbox": {"xmin": 903, "ymin": 316, "ymax": 355, "xmax": 999}}, {"tid": 3, "generated": 0, "bbox": {"xmin": 1079, "ymin": 316, "ymax": 353, "xmax": 1125}}], [{"tid": 0, "generated": 0, "bbox": {"xmin": 0, "ymin": 34, "ymax": 558, "xmax": 839}}, {"tid": 1, "generated": 0, "bbox": {"xmin": 1119, "ymin": 291, "ymax": 369, "xmax": 1236}}, {"tid": 2, "generated": 0, "bbox": {"xmin": 902, "ymin": 316, "ymax": 355, "xmax": 998}}, {"tid": 3, "generated": 0, "bbox": {"xmin": 1079, "ymin": 316, "ymax": 353, "xmax": 1125}}], [{"tid": 0, "generated": 0, "bbox": {"xmin": 0, "ymin": 33, "ymax": 559, "xmax": 827}}, {"tid": 1, "generated": 0, "bbox": {"xmin": 1118, "ymin": 292, "ymax": 369, "xmax": 1235}}, {"tid": 2, "generated": 0, "bbox": {"xmin": 902, "ymin": 317, "ymax": 356, "xmax": 998}}, {"tid": 3, "generated": 0, "bbox": {"xmin": 1079, "ymin": 317, "ymax": 354, "xmax": 1125}}], [{"tid": 0, "generated": 0, "bbox": {"xmin": 0, "ymin": 33, "ymax": 559, "xmax": 815}}, {"tid": 1, "generated": 0, "bbox": {"xmin": 1118, "ymin": 292, "ymax": 369, "xmax": 1234}}, {"tid": 2, "generated": 0, "bbox": {"xmin": 902, "ymin": 317, "ymax": 356, "xmax": 998}}, {"tid": 3, "generated": 0, "bbox": {"xmin": 1079, "ymin": 318, "ymax": 355, "xmax": 1125}}], [{"tid": 0, "generated": 0, "bbox": {"xmin": 0, "ymin": 32, "ymax": 560, "xmax": 803}}, {"tid": 1, "generated": 0, "bbox": {"xmin": 1117, "ymin": 293, "ymax": 370, "xmax": 1233}}, {"tid": 2, "generated": 0, "bbox": {"xmin": 902, "ymin": 318, "ymax": 357, "xmax": 998}}, {"tid": 3, "generated": 0, "bbox": {"xmin": 1079, "ymin": 319, "ymax": 356, "xmax": 1125}}], [{"tid": 0, "generated": 0, "bbox": {"xmin": 0, "ymin": 32, "ymax": 561, "xmax": 792}}, {"tid": 1, "generated": 0, "bbox": {"xmin": 1117, "ymin": 293, "ymax": 370, "xmax": 1232}}, {"tid": 2, "generated": 0, "bbox": {"xmin": 902, "ymin": 318, "ymax": 357, "xmax": 998}}, {"tid": 3, "generated": 0, "bbox": {"xmin": 1079, "ymin": 320, "ymax": 357, "xmax": 1125}}], [{"tid": 0, "generated": 0, "bbox": {"xmin": 0, "ymin": 31, "ymax": 563, "xmax": 777}}, {"tid": 1, "generated": 0, "bbox": {"xmin": 1116, "ymin": 294, "ymax": 370, "xmax": 1231}}, {"tid": 2, "generated": 0, "bbox": {"xmin": 901, "ymin": 319, "ymax": 358, "xmax": 997}}, {"tid": 3, "generated": 0, "bbox": {"xmin": 1079, "ymin": 320, "ymax": 357, "xmax": 1125}}], [{"tid": 0, "generated": 0, "bbox": {"xmin": 0, "ymin": 31, "ymax": 565, "xmax": 762}}, {"tid": 1, "generated": 0, "bbox": {"xmin": 1116, "ymin": 295, "ymax": 371, "xmax": 1230}}, {"tid": 2, "generated": 0, "bbox": {"xmin": 901, "ymin": 319, "ymax": 358, "xmax": 997}}, {"tid": 3, "generated": 0, "bbox": {"xmin": 1079, "ymin": 320, "ymax": 357, "xmax": 1125}}], [{"tid": 0, "generated": 0, "bbox": {"xmin": 0, "ymin": 30, "ymax": 567, "xmax": 747}}, {"tid": 1, "generated": 0, "bbox": {"xmin": 1115, "ymin": 296, "ymax": 372, "xmax": 1230}}, {"tid": 2, "generated": 0, "bbox": {"xmin": 901, "ymin": 320, "ymax": 359, "xmax": 997}}, {"tid": 3, "generated": 0, "bbox": {"xmin": 1079, "ymin": 320, "ymax": 357, "xmax": 1125}}], [{"tid": 0, "generated": 0, "bbox": {"xmin": 0, "ymin": 30, "ymax": 569, "xmax": 732}}, {"tid": 1, "generated": 0, "bbox": {"xmin": 1114, "ymin": 297, "ymax": 374, "xmax": 1231}}, {"tid": 2, "generated": 0, "bbox": {"xmin": 901, "ymin": 320, "ymax": 359, "xmax": 997}}, {"tid": 3, "generated": 0, "bbox": {"xmin": 1079, "ymin": 320, "ymax": 357, "xmax": 1125}}], [{"tid": 0, "generated": 0, "bbox": {"xmin": 0, "ymin": 30, "ymax": 572, "xmax": 718}}, {"tid": 1, "generated": 0, "bbox": {"xmin": 1114, "ymin": 298, "ymax": 376, "xmax": 1232}}, {"tid": 2, "generated": 0, "bbox": {"xmin": 901, "ymin": 321, "ymax": 360, "xmax": 997}}, {"tid": 3, "generated": 0, "bbox": {"xmin": 1079, "ymin": 320, "ymax": 357, "xmax": 1125}}, {"tid": 4, "generated": 0, "bbox": {"xmin": 796, "ymin": 288, "ymax": 369, "xmax": 837}}], [{"tid": 0, "generated": 0, "bbox": {"xmin": 0, "ymin": 28, "ymax": 573, "xmax": 699}}, {"tid": 1, "generated": 0, "bbox": {"xmin": 1113, "ymin": 298, "ymax": 376, "xmax": 1230}}, {"tid": 2, "generated": 0, "bbox": {"xmin": 900, "ymin": 321, "ymax": 359, "xmax": 996}}, {"tid": 3, "generated": 0, "bbox": {"xmin": 1078, "ymin": 320, "ymax": 357, "xmax": 1124}}, {"tid": 4, "generated": 0, "bbox": {"xmin": 796, "ymin": 288, "ymax": 369, "xmax": 837}}], [{"tid": 0, "generated": 0, "bbox": {"xmin": 0, "ymin": 27, "ymax": 574, "xmax": 681}}, {"tid": 1, "generated": 0, "bbox": {"xmin": 1112, "ymin": 299, "ymax": 376, "xmax": 1229}}, {"tid": 2, "generated": 0, "bbox": {"xmin": 900, "ymin": 321, "ymax": 359, "xmax": 995}}, {"tid": 3, "generated": 0, "bbox": {"xmin": 1078, "ymin": 321, "ymax": 357, "xmax": 1124}}, {"tid": 4, "generated": 0, "bbox": {"xmin": 796, "ymin": 288, "ymax": 369, "xmax": 836}}], [{"tid": 0, "generated": 0, "bbox": {"xmin": 0, "ymin": 26, "ymax": 576, "xmax": 663}}, {"tid": 1, "generated": 0, "bbox": {"xmin": 1112, "ymin": 300, "ymax": 377, "xmax": 1228}}, {"tid": 2, "generated": 0, "bbox": {"xmin": 899, "ymin": 322, "ymax": 359, "xmax": 994}}, {"tid": 3, "generated": 0, "bbox": {"xmin": 1077, "ymin": 321, "ymax": 357, "xmax": 1123}}, {"tid": 4, "generated": 0, "bbox": {"xmin": 796, "ymin": 288, "ymax": 369, "xmax": 836}}], [{"tid": 0, "generated": 0, "bbox": {"xmin": 0, "ymin": 25, "ymax": 577, "xmax": 644}}, {"tid": 1, "generated": 0, "bbox": {"xmin": 1111, "ymin": 301, "ymax": 377, "xmax": 1227}}, {"tid": 2, "generated": 0, "bbox": {"xmin": 899, "ymin": 322, "ymax": 359, "xmax": 993}}, {"tid": 3, "generated": 0, "bbox": {"xmin": 1077, "ymin": 322, "ymax": 357, "xmax": 1123}}, {"tid": 4, "generated": 0, "bbox": {"xmin": 796, "ymin": 288, "ymax": 369, "xmax": 836}}], [{"tid": 0, "generated": 0, "bbox": {"xmin": 0, "ymin": 24, "ymax": 579, "xmax": 626}}, {"tid": 1, "generated": 0, "bbox": {"xmin": 1111, "ymin": 302, "ymax": 378, "xmax": 1226}}, {"tid": 2, "generated": 0, "bbox": {"xmin": 898, "ymin": 323, "ymax": 359, "xmax": 992}}, {"tid": 3, "generated": 0, "bbox": {"xmin": 1077, "ymin": 322, "ymax": 358, "xmax": 1122}}, {"tid": 4, "generated": 0, "bbox": {"xmin": 796, "ymin": 288, "ymax": 369, "xmax": 836}}], [{"tid": 0, "generated": 0, "bbox": {"xmin": 0, "ymin": 23, "ymax": 580, "xmax": 608}}, {"tid": 1, "generated": 0, "bbox": {"xmin": 1111, "ymin": 302, "ymax": 377, "xmax": 1226}}, {"tid": 2, "generated": 0, "bbox": {"xmin": 898, "ymin": 323, "ymax": 359, "xmax": 991}}, {"tid": 3, "generated": 0, "bbox": {"xmin": 1076, "ymin": 323, "ymax": 358, "xmax": 1122}}, {"tid": 4, "generated": 0, "bbox": {"xmin": 796, "ymin": 288, "ymax": 369, "xmax": 836}}], [{"tid": 0, "generated": 0, "bbox": {"xmin": 0, "ymin": 22, "ymax": 581, "xmax": 589}}, {"tid": 1, "generated": 0, "bbox": {"xmin": 1111, "ymin": 302, "ymax": 377, "xmax": 1226}}, {"tid": 2, "generated": 0, "bbox": {"xmin": 897, "ymin": 323, "ymax": 359, "xmax": 990}}, {"tid": 3, "generated": 0, "bbox": {"xmin": 1076, "ymin": 323, "ymax": 358, "xmax": 1121}}, {"tid": 4, "generated": 0, "bbox": {"xmin": 796, "ymin": 288, "ymax": 369, "xmax": 836}}], [{"tid": 0, "generated": 0, "bbox": {"xmin": 0, "ymin": 21, "ymax": 583, "xmax": 571}}, {"tid": 1, "generated": 0, "bbox": {"xmin": 1111, "ymin": 302, "ymax": 376, "xmax": 1226}}, {"tid": 2, "generated": 0, "bbox": {"xmin": 897, "ymin": 324, "ymax": 359, "xmax": 989}}, {"tid": 3, "generated": 0, "bbox": {"xmin": 1075, "ymin": 324, "ymax": 358, "xmax": 1121}}, {"tid": 4, "generated": 0, "bbox": {"xmin": 796, "ymin": 288, "ymax": 369, "xmax": 836}}], [{"tid": 0, "generated": 0, "bbox": {"xmin": 0, "ymin": 20, "ymax": 584, "xmax": 553}}, {"tid": 1, "generated": 0, "bbox": {"xmin": 1111, "ymin": 302, "ymax": 376, "xmax": 1226}}, {"tid": 2, "generated": 0, "bbox": {"xmin": 896, "ymin": 324, "ymax": 359, "xmax": 988}}, {"tid": 3, "generated": 0, "bbox": {"xmin": 1075, "ymin": 324, "ymax": 358, "xmax": 1120}}, {"tid": 4, "generated": 0, "bbox": {"xmin": 797, "ymin": 289, "ymax": 370, "xmax": 837}}], [{"tid": 0, "generated": 0, "bbox": {"xmin": 0, "ymin": 19, "ymax": 586, "xmax": 535}}, {"tid": 1, "generated": 0, "bbox": {"xmin": 1112, "ymin": 302, "ymax": 376, "xmax": 1226}}, {"tid": 2, "generated": 0, "bbox": {"xmin": 896, "ymin": 325, "ymax": 359, "xmax": 988}}, {"tid": 3, "generated": 0, "bbox": {"xmin": 1075, "ymin": 325, "ymax": 359, "xmax": 1120}}, {"tid": 4, "generated": 0, "bbox": {"xmin": 799, "ymin": 290, "ymax": 371, "xmax": 839}}], [{"tid": 0, "generated": 0, "bbox": {"xmin": 0, "ymin": 20, "ymax": 587, "xmax": 513}}, {"tid": 1, "generated": 0, "bbox": {"xmin": 1111, "ymin": 302, "ymax": 376, "xmax": 1225}}, {"tid": 2, "generated": 0, "bbox": {"xmin": 896, "ymin": 325, "ymax": 359, "xmax": 988}}, {"tid": 3, "generated": 0, "bbox": {"xmin": 1075, "ymin": 325, "ymax": 359, "xmax": 1120}}, {"tid": 4, "generated": 0, "bbox": {"xmin": 800, "ymin": 291, "ymax": 372, "xmax": 840}}], [{"tid": 0, "generated": 0, "bbox": {"xmin": 0, "ymin": 22, "ymax": 589, "xmax": 491}}, {"tid": 1, "generated": 0, "bbox": {"xmin": 1111, "ymin": 302, "ymax": 377, "xmax": 1225}}, {"tid": 2, "generated": 0, "bbox": {"xmin": 896, "ymin": 325, "ymax": 359, "xmax": 988}}, {"tid": 3, "generated": 0, "bbox": {"xmin": 1075, "ymin": 326, "ymax": 360, "xmax": 1120}}, {"tid": 4, "generated": 0, "bbox": {"xmin": 802, "ymin": 292, "ymax": 373, "xmax": 842}}], [{"tid": 0, "generated": 0, "bbox": {"xmin": 0, "ymin": 23, "ymax": 590, "xmax": 469}}, {"tid": 1, "generated": 0, "bbox": {"xmin": 1111, "ymin": 302, "ymax": 377, "xmax": 1225}}, {"tid": 2, "generated": 0, "bbox": {"xmin": 896, "ymin": 325, "ymax": 359, "xmax": 988}}, {"tid": 3, "generated": 0, "bbox": {"xmin": 1075, "ymin": 327, "ymax": 361, "xmax": 1120}}, {"tid": 4, "generated": 0, "bbox": {"xmin": 803, "ymin": 293, "ymax": 374, "xmax": 843}}], [{"tid": 0, "generated": 0, "bbox": {"xmin": 0, "ymin": 25, "ymax": 592, "xmax": 447}}, {"tid": 1, "generated": 0, "bbox": {"xmin": 1111, "ymin": 302, "ymax": 378, "xmax": 1224}}, {"tid": 2, "generated": 0, "bbox": {"xmin": 896, "ymin": 326, "ymax": 360, "xmax": 988}}, {"tid": 3, "generated": 0, "bbox": {"xmin": 1075, "ymin": 327, "ymax": 361, "xmax": 1120}}, {"tid": 4, "generated": 0, "bbox": {"xmin": 803, "ymin": 293, "ymax": 374, "xmax": 843}}], [{"tid": 1, "generated": 0, "bbox": {"xmin": 1111, "ymin": 303, "ymax": 379, "xmax": 1224}}, {"tid": 2, "generated": 0, "bbox": {"xmin": 896, "ymin": 326, "ymax": 360, "xmax": 989}}, {"tid": 3, "generated": 0, "bbox": {"xmin": 1075, "ymin": 328, "ymax": 362, "xmax": 1120}}, {"tid": 4, "generated": 0, "bbox": {"xmin": 803, "ymin": 293, "ymax": 374, "xmax": 843}}], [{"tid": 1, "generated": 0, "bbox": {"xmin": 1111, "ymin": 303, "ymax": 379, "xmax": 1224}}, {"tid": 2, "generated": 0, "bbox": {"xmin": 896, "ymin": 326, "ymax": 360, "xmax": 989}}, {"tid": 3, "generated": 0, "bbox": {"xmin": 1075, "ymin": 329, "ymax": 363, "xmax": 1120}}, {"tid": 4, "generated": 0, "bbox": {"xmin": 803, "ymin": 293, "ymax": 374, "xmax": 843}}], [{"tid": 1, "generated": 0, "bbox": {"xmin": 1111, "ymin": 303, "ymax": 380, "xmax": 1223}}, {"tid": 2, "generated": 0, "bbox": {"xmin": 896, "ymin": 327, "ymax": 361, "xmax": 989}}, {"tid": 3, "generated": 0, "bbox": {"xmin": 1075, "ymin": 329, "ymax": 363, "xmax": 1120}}, {"tid": 4, "generated": 0, "bbox": {"xmin": 803, "ymin": 293, "ymax": 374, "xmax": 843}}], [{"tid": 1, "generated": 0, "bbox": {"xmin": 1111, "ymin": 303, "ymax": 380, "xmax": 1223}}, {"tid": 2, "generated": 0, "bbox": {"xmin": 896, "ymin": 327, "ymax": 361, "xmax": 989}}, {"tid": 3, "generated": 0, "bbox": {"xmin": 1075, "ymin": 330, "ymax": 364, "xmax": 1120}}, {"tid": 4, "generated": 0, "bbox": {"xmin": 803, "ymin": 293, "ymax": 374, "xmax": 843}}], [{"tid": 1, "generated": 0, "bbox": {"xmin": 1111, "ymin": 303, "ymax": 381, "xmax": 1223}}, {"tid": 2, "generated": 0, "bbox": {"xmin": 896, "ymin": 327, "ymax": 361, "xmax": 989}}, {"tid": 3, "generated": 0, "bbox": {"xmin": 1075, "ymin": 331, "ymax": 365, "xmax": 1120}}, {"tid": 4, "generated": 0, "bbox": {"xmin": 804, "ymin": 293, "ymax": 374, "xmax": 844}}], [{"tid": 1, "generated": 0, "bbox": {"xmin": 1111, "ymin": 304, "ymax": 382, "xmax": 1223}}, {"tid": 2, "generated": 0, "bbox": {"xmin": 897, "ymin": 328, "ymax": 362, "xmax": 990}}, {"tid": 3, "generated": 0, "bbox": {"xmin": 1075, "ymin": 332, "ymax": 366, "xmax": 1120}}, {"tid": 4, "generated": 0, "bbox": {"xmin": 805, "ymin": 293, "ymax": 374, "xmax": 845}}], [{"tid": 1, "generated": 0, "bbox": {"xmin": 1110, "ymin": 304, "ymax": 382, "xmax": 1222}}, {"tid": 2, "generated": 0, "bbox": {"xmin": 896, "ymin": 328, "ymax": 362, "xmax": 989}}, {"tid": 3, "generated": 0, "bbox": {"xmin": 1074, "ymin": 331, "ymax": 366, "xmax": 1119}}, {"tid": 4, "generated": 0, "bbox": {"xmin": 805, "ymin": 293, "ymax": 374, "xmax": 845}}], [{"tid": 1, "generated": 0, "bbox": {"xmin": 1110, "ymin": 304, "ymax": 382, "xmax": 1222}}, {"tid": 2, "generated": 0, "bbox": {"xmin": 896, "ymin": 328, "ymax": 362, "xmax": 989}}, {"tid": 3, "generated": 0, "bbox": {"xmin": 1074, "ymin": 331, "ymax": 366, "xmax": 1119}}, {"tid": 4, "generated": 0, "bbox": {"xmin": 806, "ymin": 293, "ymax": 374, "xmax": 846}}], [{"tid": 1, "generated": 0, "bbox": {"xmin": 1109, "ymin": 304, "ymax": 382, "xmax": 1221}}, {"tid": 2, "generated": 0, "bbox": {"xmin": 896, "ymin": 328, "ymax": 362, "xmax": 988}}, {"tid": 3, "generated": 0, "bbox": {"xmin": 1074, "ymin": 330, "ymax": 366, "xmax": 1119}}, {"tid": 4, "generated": 0, "bbox": {"xmin": 807, "ymin": 293, "ymax": 374, "xmax": 847}}], [{"tid": 1, "generated": 0, "bbox": {"xmin": 1109, "ymin": 304, "ymax": 382, "xmax": 1221}}, {"tid": 2, "generated": 0, "bbox": {"xmin": 895, "ymin": 328, "ymax": 362, "xmax": 988}}, {"tid": 3, "generated": 0, "bbox": {"xmin": 1073, "ymin": 330, "ymax": 366, "xmax": 1119}}, {"tid": 4, "generated": 0, "bbox": {"xmin": 808, "ymin": 293, "ymax": 374, "xmax": 848}}], [{"tid": 1, "generated": 0, "bbox": {"xmin": 1109, "ymin": 304, "ymax": 383, "xmax": 1221}}, {"tid": 2, "generated": 0, "bbox": {"xmin": 895, "ymin": 329, "ymax": 363, "xmax": 988}}, {"tid": 3, "generated": 0, "bbox": {"xmin": 1073, "ymin": 329, "ymax": 366, "xmax": 1119}}, {"tid": 4, "generated": 0, "bbox": {"xmin": 808, "ymin": 293, "ymax": 374, "xmax": 848}}], [{"tid": 1, "generated": 0, "bbox": {"xmin": 1108, "ymin": 304, "ymax": 383, "xmax": 1220}}, {"tid": 2, "generated": 0, "bbox": {"xmin": 895, "ymin": 329, "ymax": 363, "xmax": 987}}, {"tid": 3, "generated": 0, "bbox": {"xmin": 1073, "ymin": 329, "ymax": 366, "xmax": 1118}}, {"tid": 4, "generated": 0, "bbox": {"xmin": 809, "ymin": 293, "ymax": 374, "xmax": 849}}], [{"tid": 1, "generated": 0, "bbox": {"xmin": 1108, "ymin": 304, "ymax": 383, "xmax": 1220}}, {"tid": 2, "generated": 0, "bbox": {"xmin": 894, "ymin": 329, "ymax": 363, "xmax": 987}}, {"tid": 3, "generated": 0, "bbox": {"xmin": 1072, "ymin": 328, "ymax": 366, "xmax": 1118}}, {"tid": 4, "generated": 0, "bbox": {"xmin": 809, "ymin": 293, "ymax": 374, "xmax": 849}}], [{"tid": 1, "generated": 0, "bbox": {"xmin": 1107, "ymin": 304, "ymax": 383, "xmax": 1219}}, {"tid": 2, "generated": 0, "bbox": {"xmin": 894, "ymin": 329, "ymax": 363, "xmax": 986}}, {"tid": 3, "generated": 0, "bbox": {"xmin": 1072, "ymin": 328, "ymax": 366, "xmax": 1118}}, {"tid": 4, "generated": 0, "bbox": {"xmin": 810, "ymin": 293, "ymax": 374, "xmax": 850}}], [{"tid": 1, "generated": 0, "bbox": {"xmin": 1107, "ymin": 304, "ymax": 383, "xmax": 1219}}, {"tid": 2, "generated": 0, "bbox": {"xmin": 894, "ymin": 329, "ymax": 363, "xmax": 986}}, {"tid": 3, "generated": 0, "bbox": {"xmin": 1072, "ymin": 327, "ymax": 366, "xmax": 1118}}, {"tid": 4, "generated": 0, "bbox": {"xmin": 810, "ymin": 293, "ymax": 374, "xmax": 850}}]], "subject/objects": [{"category": "car", "tid": 0}, {"category": "car", "tid": 1}, {"category": "car", "tid": 2}, {"category": "car", "tid": 3}, {"category": "person", "tid": 4}], "relation_instances": [{"end_fid": 30, "subject_tid": 0, "predicate": "move_front", "begin_fid": 0, "object_tid": 1}, {"end_fid": 30, "subject_tid": 0, "predicate": "move_away", "begin_fid": 0, "object_tid": 1}, {"end_fid": 30, "subject_tid": 1, "predicate": "stop_behind", "begin_fid": 0, "object_tid": 0}, {"end_fid": 30, "subject_tid": 0, "predicate": "move_front", "begin_fid": 0, "object_tid": 3}, {"end_fid": 30, "subject_tid": 0, "predicate": "move_away", "begin_fid": 0, "object_tid": 3}, {"end_fid": 30, "subject_tid": 3, "predicate": "stop_behind", "begin_fid": 0, "object_tid": 0}, {"end_fid": 30, "subject_tid": 1, "predicate": "stop_behind", "begin_fid": 0, "object_tid": 3}, {"end_fid": 30, "subject_tid": 1, "predicate": "stop_left", "begin_fid": 0, "object_tid": 3}, {"end_fid": 30, "subject_tid": 3, "predicate": "stop_front", "begin_fid": 0, "object_tid": 1}, {"end_fid": 30, "subject_tid": 3, "predicate": "stop_right", "begin_fid": 0, "object_tid": 1}, {"end_fid": 45, "subject_tid": 0, "predicate": "move_front", "begin_fid": 15, "object_tid": 1}, {"end_fid": 45, "subject_tid": 0, "predicate": "move_away", "begin_fid": 15, "object_tid": 1}, {"end_fid": 45, "subject_tid": 0, "predicate": "move_left", "begin_fid": 15, "object_tid": 1}, {"end_fid": 45, "subject_tid": 1, "predicate": "stop_behind", "begin_fid": 15, "object_tid": 0}, {"end_fid": 45, "subject_tid": 1, "predicate": "stop_right", "begin_fid": 15, "object_tid": 0}, {"end_fid": 45, "subject_tid": 0, "predicate": "move_front", "begin_fid": 15, "object_tid": 2}, {"end_fid": 45, "subject_tid": 0, "predicate": "move_away", "begin_fid": 15, "object_tid": 2}, {"end_fid": 45, "subject_tid": 2, "predicate": "stop_behind", "begin_fid": 15, "object_tid": 0}, {"end_fid": 45, "subject_tid": 0, "predicate": "move_front", "begin_fid": 15, "object_tid": 3}, {"end_fid": 45, "subject_tid": 0, "predicate": "move_away", "begin_fid": 15, "object_tid": 3}, {"end_fid": 45, "subject_tid": 3, "predicate": "stop_behind", "begin_fid": 15, "object_tid": 0}, {"end_fid": 45, "subject_tid": 1, "predicate": "stop_right", "begin_fid": 15, "object_tid": 2}, {"end_fid": 45, "subject_tid": 1, "predicate": "stop_front", "begin_fid": 15, "object_tid": 2}, {"end_fid": 45, "subject_tid": 2, "predicate": "stop_behind", "begin_fid": 15, "object_tid": 1}, {"end_fid": 45, "subject_tid": 2, "predicate": "stop_left", "begin_fid": 15, "object_tid": 1}, {"end_fid": 45, "subject_tid": 1, "predicate": "stop_right", "begin_fid": 15, "object_tid": 3}, {"end_fid": 45, "subject_tid": 1, "predicate": "stop_front", "begin_fid": 15, "object_tid": 3}, {"end_fid": 45, "subject_tid": 3, "predicate": "stop_behind", "begin_fid": 15, "object_tid": 1}, {"end_fid": 45, "subject_tid": 3, "predicate": "stop_left", "begin_fid": 15, "object_tid": 1}, {"end_fid": 45, "subject_tid": 2, "predicate": "stop_left", "begin_fid": 15, "object_tid": 3}, {"end_fid": 45, "subject_tid": 3, "predicate": "stop_right", "begin_fid": 15, "object_tid": 2}, {"end_fid": 60, "subject_tid": 1, "predicate": "stop_right", "begin_fid": 30, "object_tid": 2}, {"end_fid": 60, "subject_tid": 1, "predicate": "stop_front", "begin_fid": 30, "object_tid": 2}, {"end_fid": 60, "subject_tid": 2, "predicate": "stop_behind", "begin_fid": 30, "object_tid": 1}, {"end_fid": 60, "subject_tid": 2, "predicate": "stop_left", "begin_fid": 30, "object_tid": 1}, {"end_fid": 60, "subject_tid": 1, "predicate": "stop_right", "begin_fid": 30, "object_tid": 3}, {"end_fid": 60, "subject_tid": 1, "predicate": "stop_front", "begin_fid": 30, "object_tid": 3}, {"end_fid": 60, "subject_tid": 3, "predicate": "stop_behind", "begin_fid": 30, "object_tid": 1}, {"end_fid": 60, "subject_tid": 3, "predicate": "stop_left", "begin_fid": 30, "object_tid": 1}, {"end_fid": 60, "subject_tid": 1, "predicate": "stop_right", "begin_fid": 30, "object_tid": 4}, {"end_fid": 60, "subject_tid": 4, "predicate": "walk_left", "begin_fid": 30, "object_tid": 1}, {"end_fid": 60, "subject_tid": 2, "predicate": "stop_left", "begin_fid": 30, "object_tid": 3}, {"end_fid": 60, "subject_tid": 3, "predicate": "stop_right", "begin_fid": 30, "object_tid": 2}, {"end_fid": 60, "subject_tid": 2, "predicate": "stop_behind", "begin_fid": 30, "object_tid": 4}, {"end_fid": 60, "subject_tid": 4, "predicate": "walk_toward", "begin_fid": 30, "object_tid": 2}, {"end_fid": 60, "subject_tid": 4, "predicate": "walk_front", "begin_fid": 30, "object_tid": 2}, {"end_fid": 60, "subject_tid": 3, "predicate": "stop_right", "begin_fid": 30, "object_tid": 4}, {"end_fid": 60, "subject_tid": 3, "predicate": "stop_behind", "begin_fid": 30, "object_tid": 4}, {"end_fid": 60, "subject_tid": 4, "predicate": "walk_toward", "begin_fid": 30, "object_tid": 3}, {"end_fid": 60, "subject_tid": 4, "predicate": "walk_front", "begin_fid": 30, "object_tid": 3}, {"end_fid": 60, "subject_tid": 4, "predicate": "walk_left", "begin_fid": 30, "object_tid": 3}], "height": 720}