{"width": 1280, "frame_count": 298, "video_id": "ILSVRC2015_train_00074010", "fps": 25, "trajectories": [[{"tid": 0, "generated": 0, "bbox": {"xmin": 515, "ymin": 151, "ymax": 716, "xmax": 1278}}, {"tid": 1, "generated": 0, "bbox": {"xmin": 0, "ymin": 0, "ymax": 714, "xmax": 746}}], [{"tid": 0, "generated": 0, "bbox": {"xmin": 517, "ymin": 153, "ymax": 716, "xmax": 1277}}, {"tid": 1, "generated": 0, "bbox": {"xmin": 0, "ymin": 0, "ymax": 712, "xmax": 745}}], [{"tid": 0, "generated": 0, "bbox": {"xmin": 519, "ymin": 156, "ymax": 716, "xmax": 1277}}, {"tid": 1, "generated": 0, "bbox": {"xmin": 0, "ymin": 0, "ymax": 710, "xmax": 744}}], [{"tid": 0, "generated": 0, "bbox": {"xmin": 521, "ymin": 159, "ymax": 716, "xmax": 1277}}, {"tid": 1, "generated": 0, "bbox": {"xmin": 0, "ymin": 0, "ymax": 709, "xmax": 743}}], [{"tid": 0, "generated": 0, "bbox": {"xmin": 523, "ymin": 162, "ymax": 716, "xmax": 1277}}, {"tid": 1, "generated": 0, "bbox": {"xmin": 0, "ymin": 0, "ymax": 710, "xmax": 740}}], [{"tid": 0, "generated": 0, "bbox": {"xmin": 525, "ymin": 165, "ymax": 717, "xmax": 1277}}, {"tid": 1, "generated": 0, "bbox": {"xmin": 0, "ymin": 0, "ymax": 711, "xmax": 738}}], [{"tid": 0, "generated": 0, "bbox": {"xmin": 527, "ymin": 167, "ymax": 717, "xmax": 1276}}, {"tid": 1, "generated": 0, "bbox": {"xmin": 0, "ymin": 0, "ymax": 712, "xmax": 736}}], [{"tid": 0, "generated": 0, "bbox": {"xmin": 529, "ymin": 170, "ymax": 717, "xmax": 1276}}, {"tid": 1, "generated": 0, "bbox": {"xmin": 0, "ymin": 0, "ymax": 713, "xmax": 734}}], [{"tid": 0, "generated": 0, "bbox": {"xmin": 531, "ymin": 173, "ymax": 717, "xmax": 1276}}, {"tid": 1, "generated": 0, "bbox": {"xmin": 0, "ymin": 0, "ymax": 714, "xmax": 732}}], [{"tid": 0, "generated": 0, "bbox": {"xmin": 533, "ymin": 176, "ymax": 717, "xmax": 1276}}, {"tid": 1, "generated": 0, "bbox": {"xmin": 0, "ymin": 0, "ymax": 715, "xmax": 730}}], [{"tid": 0, "generated": 0, "bbox": {"xmin": 535, "ymin": 179, "ymax": 718, "xmax": 1276}}, {"tid": 1, "generated": 0, "bbox": {"xmin": 0, "ymin": 0, "ymax": 716, "xmax": 728}}], [{"tid": 0, "generated": 0, "bbox": {"xmin": 535, "ymin": 181, "ymax": 714, "xmax": 1278}}, {"tid": 1, "generated": 0, "bbox": {"xmin": 0, "ymin": 0, "ymax": 714, "xmax": 725}}], [{"tid": 0, "generated": 0, "bbox": {"xmin": 545, "ymin": 186, "ymax": 715, "xmax": 1277}}, {"tid": 1, "generated": 0, "bbox": {"xmin": 0, "ymin": 0, "ymax": 713, "xmax": 723}}], [{"tid": 0, "generated": 0, "bbox": {"xmin": 556, "ymin": 192, "ymax": 716, "xmax": 1276}}, {"tid": 1, "generated": 0, "bbox": {"xmin": 0, "ymin": 0, "ymax": 711, "xmax": 720}}], [{"tid": 0, "generated": 0, "bbox": {"xmin": 556, "ymin": 197, "ymax": 716, "xmax": 1278}}, {"tid": 1, "generated": 0, "bbox": {"xmin": 0, "ymin": 0, "ymax": 710, "xmax": 718}}], [{"tid": 0, "generated": 0, "bbox": {"xmin": 560, "ymin": 202, "ymax": 716, "xmax": 1278}}, {"tid": 1, "generated": 0, "bbox": {"xmin": 0, "ymin": 0, "ymax": 709, "xmax": 716}}], [{"tid": 0, "generated": 0, "bbox": {"xmin": 556, "ymin": 204, "ymax": 712, "xmax": 1278}}, {"tid": 1, "generated": 0, "bbox": {"xmin": 0, "ymin": 0, "ymax": 707, "xmax": 715}}], [{"tid": 0, "generated": 0, "bbox": {"xmin": 563, "ymin": 215, "ymax": 716, "xmax": 1278}}, {"tid": 1, "generated": 0, "bbox": {"xmin": 0, "ymin": 0, "ymax": 705, "xmax": 714}}], [{"tid": 0, "generated": 0, "bbox": {"xmin": 554, "ymin": 209, "ymax": 714, "xmax": 1278}}, {"tid": 1, "generated": 0, "bbox": {"xmin": 0, "ymin": 0, "ymax": 712, "xmax": 704}}], [{"tid": 0, "generated": 0, "bbox": {"xmin": 548, "ymin": 215, "ymax": 714, "xmax": 1268}}, {"tid": 1, "generated": 0, "bbox": {"xmin": 0, "ymin": 0, "ymax": 709, "xmax": 704}}], [{"tid": 0, "generated": 0, "bbox": {"xmin": 542, "ymin": 222, "ymax": 714, "xmax": 1258}}, {"tid": 1, "generated": 0, "bbox": {"xmin": 0, "ymin": 0, "ymax": 712, "xmax": 698}}], [{"tid": 0, "generated": 0, "bbox": {"xmin": 533, "ymin": 220, "ymax": 713, "xmax": 1248}}, {"tid": 1, "generated": 0, "bbox": {"xmin": 0, "ymin": 0, "ymax": 709, "xmax": 689}}], [{"tid": 0, "generated": 0, "bbox": {"xmin": 524, "ymin": 218, "ymax": 712, "xmax": 1239}}, {"tid": 1, "generated": 0, "bbox": {"xmin": 0, "ymin": 0, "ymax": 712, "xmax": 680}}], [{"tid": 0, "generated": 0, "bbox": {"xmin": 516, "ymin": 216, "ymax": 712, "xmax": 1218}}, {"tid": 1, "generated": 0, "bbox": {"xmin": 0, "ymin": 0, "ymax": 712, "xmax": 673}}], [{"tid": 0, "generated": 0, "bbox": {"xmin": 508, "ymin": 215, "ymax": 713, "xmax": 1197}}, {"tid": 1, "generated": 0, "bbox": {"xmin": 0, "ymin": 0, "ymax": 712, "xmax": 661}}], [{"tid": 0, "generated": 0, "bbox": {"xmin": 500, "ymin": 214, "ymax": 713, "xmax": 1176}}, {"tid": 1, "generated": 0, "bbox": {"xmin": 0, "ymin": 0, "ymax": 709, "xmax": 766}}], [{"tid": 0, "generated": 0, "bbox": {"xmin": 492, "ymin": 213, "ymax": 714, "xmax": 1155}}, {"tid": 1, "generated": 0, "bbox": {"xmin": 0, "ymin": 0, "ymax": 705, "xmax": 746}}], [{"tid": 0, "generated": 0, "bbox": {"xmin": 484, "ymin": 212, "ymax": 714, "xmax": 1134}}, {"tid": 1, "generated": 0, "bbox": {"xmin": 0, "ymin": 0, "ymax": 712, "xmax": 739}}], [{"tid": 0, "generated": 0, "bbox": {"xmin": 476, "ymin": 211, "ymax": 715, "xmax": 1113}}, {"tid": 1, "generated": 0, "bbox": {"xmin": 0, "ymin": 0, "ymax": 709, "xmax": 730}}], [{"tid": 0, "generated": 0, "bbox": {"xmin": 468, "ymin": 210, "ymax": 715, "xmax": 1092}}, {"tid": 1, "generated": 0, "bbox": {"xmin": 0, "ymin": 0, "ymax": 712, "xmax": 718}}], [], [], [], [], [], [], [], [], [], [], [], [], [], [], [], [], [], [], [], [], [], [], [], [], [], [], [], [], [], [], [], [], [], [], [], [], [], [], [], [], [], [], [], [], [], [], [], [], [], [], [], [], [], [], [], [], [], [], [], [], [], [], [], [], [], [], [], [], [], [], [], [], [], [], [], [], [], [], [], [], [], [], [], [], [], [], [], [], [], [], [], [], [], [], [], [], [], [], [], [], [], [], [], [], [], [{"tid": 0, "generated": 0, "bbox": {"xmin": 500, "ymin": 277, "ymax": 716, "xmax": 990}}, {"tid": 1, "generated": 0, "bbox": {"xmin": 0, "ymin": 44, "ymax": 713, "xmax": 682}}], [{"tid": 0, "generated": 0, "bbox": {"xmin": 499, "ymin": 278, "ymax": 716, "xmax": 989}}, {"tid": 1, "generated": 0, "bbox": {"xmin": 0, "ymin": 45, "ymax": 712, "xmax": 680}}], [{"tid": 0, "generated": 0, "bbox": {"xmin": 498, "ymin": 279, "ymax": 716, "xmax": 988}}, {"tid": 1, "generated": 0, "bbox": {"xmin": 0, "ymin": 47, "ymax": 712, "xmax": 679}}], [{"tid": 0, "generated": 0, "bbox": {"xmin": 497, "ymin": 281, "ymax": 716, "xmax": 987}}, {"tid": 1, "generated": 0, "bbox": {"xmin": 0, "ymin": 49, "ymax": 712, "xmax": 677}}], [{"tid": 0, "generated": 0, "bbox": {"xmin": 496, "ymin": 282, "ymax": 716, "xmax": 986}}, {"tid": 1, "generated": 0, "bbox": {"xmin": 0, "ymin": 51, "ymax": 712, "xmax": 676}}], [{"tid": 0, "generated": 0, "bbox": {"xmin": 496, "ymin": 284, "ymax": 716, "xmax": 986}}, {"tid": 1, "generated": 0, "bbox": {"xmin": 0, "ymin": 53, "ymax": 712, "xmax": 675}}], [{"tid": 0, "generated": 0, "bbox": {"xmin": 493, "ymin": 284, "ymax": 716, "xmax": 985}}, {"tid": 1, "generated": 0, "bbox": {"xmin": 0, "ymin": 53, "ymax": 712, "xmax": 672}}], [{"tid": 0, "generated": 0, "bbox": {"xmin": 491, "ymin": 284, "ymax": 716, "xmax": 984}}, {"tid": 1, "generated": 0, "bbox": {"xmin": 0, "ymin": 54, "ymax": 712, "xmax": 670}}], [{"tid": 0, "generated": 0, "bbox": {"xmin": 489, "ymin": 285, "ymax": 716, "xmax": 983}}, {"tid": 1, "generated": 0, "bbox": {"xmin": 0, "ymin": 55, "ymax": 712, "xmax": 668}}], [{"tid": 0, "generated": 0, "bbox": {"xmin": 487, "ymin": 285, "ymax": 716, "xmax": 982}}, {"tid": 1, "generated": 0, "bbox": {"xmin": 0, "ymin": 56, "ymax": 712, "xmax": 666}}], [{"tid": 0, "generated": 0, "bbox": {"xmin": 485, "ymin": 286, "ymax": 716, "xmax": 981}}, {"tid": 1, "generated": 0, "bbox": {"xmin": 0, "ymin": 57, "ymax": 713, "xmax": 664}}], [{"tid": 0, "generated": 0, "bbox": {"xmin": 482, "ymin": 286, "ymax": 716, "xmax": 980}}, {"tid": 1, "generated": 0, "bbox": {"xmin": 0, "ymin": 58, "ymax": 713, "xmax": 662}}], [{"tid": 0, "generated": 0, "bbox": {"xmin": 480, "ymin": 286, "ymax": 716, "xmax": 979}}, {"tid": 1, "generated": 0, "bbox": {"xmin": 0, "ymin": 59, "ymax": 713, "xmax": 660}}], [{"tid": 0, "generated": 0, "bbox": {"xmin": 478, "ymin": 287, "ymax": 716, "xmax": 978}}, {"tid": 1, "generated": 0, "bbox": {"xmin": 0, "ymin": 60, "ymax": 713, "xmax": 658}}], [{"tid": 0, "generated": 0, "bbox": {"xmin": 476, "ymin": 287, "ymax": 716, "xmax": 977}}, {"tid": 1, "generated": 0, "bbox": {"xmin": 0, "ymin": 61, "ymax": 713, "xmax": 656}}], [{"tid": 0, "generated": 0, "bbox": {"xmin": 474, "ymin": 288, "ymax": 716, "xmax": 977}}, {"tid": 1, "generated": 0, "bbox": {"xmin": 0, "ymin": 62, "ymax": 714, "xmax": 654}}], [{"tid": 0, "generated": 0, "bbox": {"xmin": 471, "ymin": 288, "ymax": 715, "xmax": 974}}, {"tid": 1, "generated": 0, "bbox": {"xmin": 0, "ymin": 61, "ymax": 713, "xmax": 652}}], [{"tid": 0, "generated": 0, "bbox": {"xmin": 469, "ymin": 288, "ymax": 715, "xmax": 971}}, {"tid": 1, "generated": 0, "bbox": {"xmin": 0, "ymin": 61, "ymax": 713, "xmax": 650}}], [{"tid": 0, "generated": 0, "bbox": {"xmin": 466, "ymin": 288, "ymax": 715, "xmax": 969}}, {"tid": 1, "generated": 0, "bbox": {"xmin": 0, "ymin": 60, "ymax": 713, "xmax": 649}}], [{"tid": 0, "generated": 0, "bbox": {"xmin": 464, "ymin": 288, "ymax": 715, "xmax": 966}}, {"tid": 1, "generated": 0, "bbox": {"xmin": 0, "ymin": 60, "ymax": 713, "xmax": 647}}], [{"tid": 0, "generated": 0, "bbox": {"xmin": 461, "ymin": 288, "ymax": 715, "xmax": 964}}, {"tid": 1, "generated": 0, "bbox": {"xmin": 0, "ymin": 60, "ymax": 713, "xmax": 646}}], [{"tid": 0, "generated": 0, "bbox": {"xmin": 459, "ymin": 288, "ymax": 714, "xmax": 961}}, {"tid": 1, "generated": 0, "bbox": {"xmin": 0, "ymin": 59, "ymax": 712, "xmax": 644}}], [{"tid": 0, "generated": 0, "bbox": {"xmin": 456, "ymin": 288, "ymax": 714, "xmax": 958}}, {"tid": 1, "generated": 0, "bbox": {"xmin": 0, "ymin": 59, "ymax": 712, "xmax": 642}}], [{"tid": 0, "generated": 0, "bbox": {"xmin": 454, "ymin": 288, "ymax": 714, "xmax": 956}}, {"tid": 1, "generated": 0, "bbox": {"xmin": 0, "ymin": 58, "ymax": 712, "xmax": 641}}], [{"tid": 0, "generated": 0, "bbox": {"xmin": 451, "ymin": 288, "ymax": 714, "xmax": 953}}, {"tid": 1, "generated": 0, "bbox": {"xmin": 0, "ymin": 58, "ymax": 712, "xmax": 639}}], [{"tid": 0, "generated": 0, "bbox": {"xmin": 449, "ymin": 289, "ymax": 714, "xmax": 951}}, {"tid": 1, "generated": 0, "bbox": {"xmin": 0, "ymin": 58, "ymax": 712, "xmax": 638}}], [{"tid": 0, "generated": 0, "bbox": {"xmin": 446, "ymin": 288, "ymax": 714, "xmax": 949}}, {"tid": 1, "generated": 0, "bbox": {"xmin": 0, "ymin": 56, "ymax": 712, "xmax": 635}}], [{"tid": 0, "generated": 0, "bbox": {"xmin": 444, "ymin": 287, "ymax": 714, "xmax": 947}}, {"tid": 1, "generated": 0, "bbox": {"xmin": 0, "ymin": 55, "ymax": 712, "xmax": 632}}], [{"tid": 0, "generated": 0, "bbox": {"xmin": 442, "ymin": 286, "ymax": 714, "xmax": 945}}, {"tid": 1, "generated": 0, "bbox": {"xmin": 0, "ymin": 54, "ymax": 712, "xmax": 629}}], [{"tid": 0, "generated": 0, "bbox": {"xmin": 440, "ymin": 285, "ymax": 714, "xmax": 943}}, {"tid": 1, "generated": 0, "bbox": {"xmin": 0, "ymin": 53, "ymax": 712, "xmax": 626}}]], "subject/objects": [{"category": "giant_panda", "tid": 0}, {"category": "giant_panda", "tid": 1}], "relation_instances": [{"end_fid": 30, "subject_tid": 0, "predicate": "sit_left", "begin_fid": 0, "object_tid": 1}, {"end_fid": 30, "subject_tid": 1, "predicate": "sit_right", "begin_fid": 0, "object_tid": 0}, {"end_fid": 165, "subject_tid": 0, "predicate": "sit_left", "begin_fid": 135, "object_tid": 1}, {"end_fid": 165, "subject_tid": 1, "predicate": "sit_right", "begin_fid": 135, "object_tid": 0}], "height": 720}