{"width": 1280, "frame_count": 118, "video_id": "ILSVRC2015_train_00415007", "fps": 24, "trajectories": [[{"tid": 0, "generated": 0, "bbox": {"xmin": 256, "ymin": 481, "ymax": 519, "xmax": 284}}, {"tid": 1, "generated": 0, "bbox": {"xmin": 256, "ymin": 469, "ymax": 518, "xmax": 282}}], [{"tid": 0, "generated": 0, "bbox": {"xmin": 256, "ymin": 483, "ymax": 517, "xmax": 284}}, {"tid": 1, "generated": 0, "bbox": {"xmin": 257, "ymin": 469, "ymax": 518, "xmax": 283}}], [{"tid": 0, "generated": 0, "bbox": {"xmin": 256, "ymin": 481, "ymax": 519, "xmax": 286}}, {"tid": 1, "generated": 0, "bbox": {"xmin": 258, "ymin": 468, "ymax": 517, "xmax": 284}}], [{"tid": 0, "generated": 0, "bbox": {"xmin": 259, "ymin": 485, "ymax": 519, "xmax": 286}}, {"tid": 1, "generated": 0, "bbox": {"xmin": 259, "ymin": 468, "ymax": 517, "xmax": 285}}], [{"tid": 0, "generated": 0, "bbox": {"xmin": 256, "ymin": 485, "ymax": 515, "xmax": 282}}, {"tid": 1, "generated": 0, "bbox": {"xmin": 260, "ymin": 467, "ymax": 516, "xmax": 286}}], [{"tid": 0, "generated": 0, "bbox": {"xmin": 257, "ymin": 480, "ymax": 515, "xmax": 286}}, {"tid": 1, "generated": 0, "bbox": {"xmin": 261, "ymin": 467, "ymax": 516, "xmax": 287}}], [{"tid": 0, "generated": 0, "bbox": {"xmin": 257, "ymin": 481, "ymax": 519, "xmax": 288}}, {"tid": 1, "generated": 0, "bbox": {"xmin": 262, "ymin": 467, "ymax": 516, "xmax": 288}}], [{"tid": 0, "generated": 0, "bbox": {"xmin": 261, "ymin": 481, "ymax": 517, "xmax": 289}}, {"tid": 1, "generated": 0, "bbox": {"xmin": 262, "ymin": 467, "ymax": 516, "xmax": 288}}], [{"tid": 0, "generated": 0, "bbox": {"xmin": 259, "ymin": 480, "ymax": 517, "xmax": 289}}, {"tid": 1, "generated": 0, "bbox": {"xmin": 263, "ymin": 466, "ymax": 516, "xmax": 289}}], [{"tid": 0, "generated": 0, "bbox": {"xmin": 261, "ymin": 483, "ymax": 515, "xmax": 291}}, {"tid": 1, "generated": 0, "bbox": {"xmin": 263, "ymin": 466, "ymax": 516, "xmax": 289}}], [{"tid": 0, "generated": 0, "bbox": {"xmin": 263, "ymin": 480, "ymax": 519, "xmax": 296}}, {"tid": 1, "generated": 0, "bbox": {"xmin": 264, "ymin": 466, "ymax": 516, "xmax": 290}}], [{"tid": 0, "generated": 0, "bbox": {"xmin": 263, "ymin": 481, "ymax": 517, "xmax": 295}}, {"tid": 1, "generated": 0, "bbox": {"xmin": 266, "ymin": 465, "ymax": 516, "xmax": 292}}], [{"tid": 0, "generated": 0, "bbox": {"xmin": 263, "ymin": 476, "ymax": 515, "xmax": 295}}, {"tid": 1, "generated": 0, "bbox": {"xmin": 267, "ymin": 464, "ymax": 516, "xmax": 293}}], [{"tid": 0, "generated": 0, "bbox": {"xmin": 263, "ymin": 474, "ymax": 517, "xmax": 295}}, {"tid": 1, "generated": 0, "bbox": {"xmin": 269, "ymin": 464, "ymax": 515, "xmax": 295}}], [{"tid": 0, "generated": 0, "bbox": {"xmin": 263, "ymin": 476, "ymax": 517, "xmax": 295}}, {"tid": 1, "generated": 0, "bbox": {"xmin": 270, "ymin": 463, "ymax": 515, "xmax": 296}}], [{"tid": 0, "generated": 0, "bbox": {"xmin": 264, "ymin": 472, "ymax": 517, "xmax": 300}}, {"tid": 1, "generated": 0, "bbox": {"xmin": 272, "ymin": 462, "ymax": 515, "xmax": 298}}], [{"tid": 0, "generated": 0, "bbox": {"xmin": 264, "ymin": 474, "ymax": 517, "xmax": 300}}, {"tid": 1, "generated": 0, "bbox": {"xmin": 273, "ymin": 462, "ymax": 515, "xmax": 299}}], [{"tid": 0, "generated": 0, "bbox": {"xmin": 270, "ymin": 472, "ymax": 520, "xmax": 304}}, {"tid": 1, "generated": 0, "bbox": {"xmin": 274, "ymin": 461, "ymax": 515, "xmax": 300}}], [{"tid": 0, "generated": 0, "bbox": {"xmin": 270, "ymin": 472, "ymax": 520, "xmax": 304}}, {"tid": 1, "generated": 0, "bbox": {"xmin": 275, "ymin": 461, "ymax": 515, "xmax": 301}}], [{"tid": 0, "generated": 0, "bbox": {"xmin": 270, "ymin": 472, "ymax": 519, "xmax": 307}}, {"tid": 1, "generated": 0, "bbox": {"xmin": 276, "ymin": 460, "ymax": 515, "xmax": 302}}], [{"tid": 0, "generated": 0, "bbox": {"xmin": 270, "ymin": 471, "ymax": 519, "xmax": 309}}, {"tid": 1, "generated": 0, "bbox": {"xmin": 277, "ymin": 460, "ymax": 515, "xmax": 303}}], [{"tid": 0, "generated": 0, "bbox": {"xmin": 270, "ymin": 472, "ymax": 515, "xmax": 309}}, {"tid": 1, "generated": 0, "bbox": {"xmin": 278, "ymin": 459, "ymax": 516, "xmax": 304}}], [{"tid": 0, "generated": 0, "bbox": {"xmin": 270, "ymin": 472, "ymax": 520, "xmax": 305}}, {"tid": 1, "generated": 0, "bbox": {"xmin": 279, "ymin": 459, "ymax": 517, "xmax": 305}}], [{"tid": 0, "generated": 0, "bbox": {"xmin": 271, "ymin": 472, "ymax": 520, "xmax": 308}}, {"tid": 1, "generated": 0, "bbox": {"xmin": 279, "ymin": 458, "ymax": 518, "xmax": 305}}], [{"tid": 0, "generated": 0, "bbox": {"xmin": 272, "ymin": 472, "ymax": 520, "xmax": 311}}, {"tid": 1, "generated": 0, "bbox": {"xmin": 280, "ymin": 458, "ymax": 519, "xmax": 306}}], [{"tid": 0, "generated": 0, "bbox": {"xmin": 272, "ymin": 471, "ymax": 520, "xmax": 311}}, {"tid": 1, "generated": 0, "bbox": {"xmin": 281, "ymin": 457, "ymax": 520, "xmax": 307}}], [{"tid": 0, "generated": 0, "bbox": {"xmin": 273, "ymin": 467, "ymax": 519, "xmax": 316}}, {"tid": 1, "generated": 0, "bbox": {"xmin": 282, "ymin": 456, "ymax": 519, "xmax": 309}}], [{"tid": 0, "generated": 0, "bbox": {"xmin": 277, "ymin": 469, "ymax": 517, "xmax": 316}}, {"tid": 1, "generated": 0, "bbox": {"xmin": 283, "ymin": 455, "ymax": 518, "xmax": 310}}], [{"tid": 0, "generated": 0, "bbox": {"xmin": 273, "ymin": 465, "ymax": 519, "xmax": 312}}, {"tid": 1, "generated": 0, "bbox": {"xmin": 285, "ymin": 454, "ymax": 518, "xmax": 312}}], [{"tid": 0, "generated": 0, "bbox": {"xmin": 275, "ymin": 465, "ymax": 519, "xmax": 314}}, {"tid": 1, "generated": 0, "bbox": {"xmin": 286, "ymin": 453, "ymax": 517, "xmax": 313}}], [], [], [], [], [], [], [], [], [], [], [], [], [], [], [], [{"tid": 0, "generated": 0, "bbox": {"xmin": 291, "ymin": 458, "ymax": 520, "xmax": 332}}, {"tid": 1, "generated": 0, "bbox": {"xmin": 299, "ymin": 441, "ymax": 512, "xmax": 331}}], [{"tid": 0, "generated": 0, "bbox": {"xmin": 291, "ymin": 453, "ymax": 520, "xmax": 332}}, {"tid": 1, "generated": 0, "bbox": {"xmin": 300, "ymin": 440, "ymax": 512, "xmax": 332}}], [{"tid": 0, "generated": 0, "bbox": {"xmin": 291, "ymin": 453, "ymax": 521, "xmax": 333}}, {"tid": 1, "generated": 0, "bbox": {"xmin": 300, "ymin": 439, "ymax": 511, "xmax": 332}}], [{"tid": 0, "generated": 0, "bbox": {"xmin": 292, "ymin": 454, "ymax": 522, "xmax": 334}}, {"tid": 1, "generated": 0, "bbox": {"xmin": 301, "ymin": 437, "ymax": 511, "xmax": 333}}], [{"tid": 0, "generated": 0, "bbox": {"xmin": 292, "ymin": 454, "ymax": 523, "xmax": 335}}, {"tid": 1, "generated": 0, "bbox": {"xmin": 301, "ymin": 436, "ymax": 510, "xmax": 333}}], [{"tid": 0, "generated": 0, "bbox": {"xmin": 293, "ymin": 455, "ymax": 524, "xmax": 337}}, {"tid": 1, "generated": 0, "bbox": {"xmin": 302, "ymin": 435, "ymax": 510, "xmax": 334}}], [{"tid": 0, "generated": 0, "bbox": {"xmin": 293, "ymin": 453, "ymax": 520, "xmax": 337}}, {"tid": 1, "generated": 0, "bbox": {"xmin": 303, "ymin": 434, "ymax": 510, "xmax": 335}}], [{"tid": 0, "generated": 0, "bbox": {"xmin": 295, "ymin": 448, "ymax": 520, "xmax": 341}}, {"tid": 1, "generated": 0, "bbox": {"xmin": 304, "ymin": 433, "ymax": 510, "xmax": 336}}], [{"tid": 0, "generated": 0, "bbox": {"xmin": 295, "ymin": 442, "ymax": 519, "xmax": 343}}, {"tid": 1, "generated": 0, "bbox": {"xmin": 304, "ymin": 431, "ymax": 509, "xmax": 336}}], [{"tid": 0, "generated": 0, "bbox": {"xmin": 295, "ymin": 446, "ymax": 520, "xmax": 341}}, {"tid": 1, "generated": 0, "bbox": {"xmin": 305, "ymin": 430, "ymax": 509, "xmax": 337}}], [{"tid": 0, "generated": 0, "bbox": {"xmin": 295, "ymin": 449, "ymax": 520, "xmax": 339}}, {"tid": 1, "generated": 0, "bbox": {"xmin": 306, "ymin": 429, "ymax": 509, "xmax": 338}}], [{"tid": 0, "generated": 0, "bbox": {"xmin": 296, "ymin": 444, "ymax": 520, "xmax": 341}}, {"tid": 1, "generated": 0, "bbox": {"xmin": 307, "ymin": 427, "ymax": 509, "xmax": 340}}], [{"tid": 0, "generated": 0, "bbox": {"xmin": 298, "ymin": 442, "ymax": 522, "xmax": 344}}, {"tid": 1, "generated": 0, "bbox": {"xmin": 307, "ymin": 425, "ymax": 510, "xmax": 342}}], [{"tid": 0, "generated": 0, "bbox": {"xmin": 304, "ymin": 442, "ymax": 519, "xmax": 346}}, {"tid": 1, "generated": 0, "bbox": {"xmin": 308, "ymin": 424, "ymax": 510, "xmax": 343}}], [{"tid": 0, "generated": 0, "bbox": {"xmin": 302, "ymin": 440, "ymax": 520, "xmax": 346}}, {"tid": 1, "generated": 0, "bbox": {"xmin": 308, "ymin": 422, "ymax": 511, "xmax": 345}}], [{"tid": 0, "generated": 0, "bbox": {"xmin": 302, "ymin": 437, "ymax": 522, "xmax": 344}}, {"tid": 1, "generated": 0, "bbox": {"xmin": 309, "ymin": 420, "ymax": 511, "xmax": 347}}], [{"tid": 0, "generated": 0, "bbox": {"xmin": 302, "ymin": 439, "ymax": 520, "xmax": 352}}, {"tid": 1, "generated": 0, "bbox": {"xmin": 309, "ymin": 418, "ymax": 509, "xmax": 348}}], [{"tid": 0, "generated": 0, "bbox": {"xmin": 302, "ymin": 435, "ymax": 519, "xmax": 353}}, {"tid": 1, "generated": 0, "bbox": {"xmin": 309, "ymin": 415, "ymax": 507, "xmax": 350}}], [{"tid": 0, "generated": 0, "bbox": {"xmin": 302, "ymin": 432, "ymax": 519, "xmax": 355}}, {"tid": 1, "generated": 0, "bbox": {"xmin": 309, "ymin": 413, "ymax": 505, "xmax": 351}}], [{"tid": 0, "generated": 0, "bbox": {"xmin": 302, "ymin": 428, "ymax": 517, "xmax": 359}}, {"tid": 1, "generated": 0, "bbox": {"xmin": 309, "ymin": 410, "ymax": 503, "xmax": 353}}], [{"tid": 0, "generated": 0, "bbox": {"xmin": 304, "ymin": 432, "ymax": 522, "xmax": 353}}, {"tid": 1, "generated": 0, "bbox": {"xmin": 309, "ymin": 408, "ymax": 501, "xmax": 354}}], [{"tid": 0, "generated": 0, "bbox": {"xmin": 302, "ymin": 428, "ymax": 522, "xmax": 353}}, {"tid": 1, "generated": 0, "bbox": {"xmin": 310, "ymin": 407, "ymax": 502, "xmax": 355}}], [{"tid": 0, "generated": 0, "bbox": {"xmin": 302, "ymin": 426, "ymax": 520, "xmax": 357}}, {"tid": 1, "generated": 0, "bbox": {"xmin": 311, "ymin": 406, "ymax": 503, "xmax": 356}}], [{"tid": 0, "generated": 0, "bbox": {"xmin": 302, "ymin": 428, "ymax": 520, "xmax": 362}}, {"tid": 1, "generated": 0, "bbox": {"xmin": 311, "ymin": 406, "ymax": 504, "xmax": 356}}], [{"tid": 0, "generated": 0, "bbox": {"xmin": 302, "ymin": 427, "ymax": 520, "xmax": 363}}, {"tid": 1, "generated": 0, "bbox": {"xmin": 312, "ymin": 405, "ymax": 505, "xmax": 357}}], [{"tid": 0, "generated": 0, "bbox": {"xmin": 302, "ymin": 426, "ymax": 520, "xmax": 364}}, {"tid": 1, "generated": 0, "bbox": {"xmin": 313, "ymin": 404, "ymax": 506, "xmax": 358}}], [{"tid": 0, "generated": 0, "bbox": {"xmin": 302, "ymin": 426, "ymax": 522, "xmax": 364}}, {"tid": 1, "generated": 0, "bbox": {"xmin": 314, "ymin": 402, "ymax": 506, "xmax": 360}}], [{"tid": 0, "generated": 0, "bbox": {"xmin": 304, "ymin": 423, "ymax": 522, "xmax": 368}}, {"tid": 1, "generated": 0, "bbox": {"xmin": 315, "ymin": 400, "ymax": 506, "xmax": 362}}], [{"tid": 0, "generated": 0, "bbox": {"xmin": 304, "ymin": 421, "ymax": 526, "xmax": 364}}, {"tid": 1, "generated": 0, "bbox": {"xmin": 317, "ymin": 399, "ymax": 507, "xmax": 365}}], [{"tid": 0, "generated": 0, "bbox": {"xmin": 304, "ymin": 421, "ymax": 522, "xmax": 375}}, {"tid": 1, "generated": 0, "bbox": {"xmin": 318, "ymin": 397, "ymax": 507, "xmax": 367}}], [{"tid": 0, "generated": 0, "bbox": {"xmin": 304, "ymin": 421, "ymax": 524, "xmax": 373}}, {"tid": 1, "generated": 0, "bbox": {"xmin": 319, "ymin": 395, "ymax": 507, "xmax": 369}}], [{"tid": 0, "generated": 0, "bbox": {"xmin": 305, "ymin": 417, "ymax": 528, "xmax": 376}}, {"tid": 1, "generated": 0, "bbox": {"xmin": 320, "ymin": 393, "ymax": 507, "xmax": 371}}], [{"tid": 0, "generated": 0, "bbox": {"xmin": 305, "ymin": 416, "ymax": 526, "xmax": 378}}, {"tid": 1, "generated": 0, "bbox": {"xmin": 321, "ymin": 391, "ymax": 507, "xmax": 373}}], [{"tid": 0, "generated": 0, "bbox": {"xmin": 307, "ymin": 416, "ymax": 526, "xmax": 382}}, {"tid": 1, "generated": 0, "bbox": {"xmin": 323, "ymin": 388, "ymax": 506, "xmax": 375}}], [{"tid": 0, "generated": 0, "bbox": {"xmin": 309, "ymin": 415, "ymax": 526, "xmax": 384}}, {"tid": 1, "generated": 0, "bbox": {"xmin": 324, "ymin": 386, "ymax": 506, "xmax": 377}}], [{"tid": 0, "generated": 0, "bbox": {"xmin": 311, "ymin": 414, "ymax": 526, "xmax": 387}}, {"tid": 1, "generated": 0, "bbox": {"xmin": 325, "ymin": 384, "ymax": 506, "xmax": 379}}], [{"tid": 0, "generated": 0, "bbox": {"xmin": 312, "ymin": 408, "ymax": 528, "xmax": 387}}, {"tid": 1, "generated": 0, "bbox": {"xmin": 326, "ymin": 382, "ymax": 507, "xmax": 381}}], [{"tid": 0, "generated": 0, "bbox": {"xmin": 316, "ymin": 407, "ymax": 531, "xmax": 392}}, {"tid": 1, "generated": 0, "bbox": {"xmin": 327, "ymin": 379, "ymax": 508, "xmax": 383}}], [{"tid": 0, "generated": 0, "bbox": {"xmin": 318, "ymin": 403, "ymax": 531, "xmax": 394}}, {"tid": 1, "generated": 0, "bbox": {"xmin": 327, "ymin": 377, "ymax": 508, "xmax": 386}}], [{"tid": 0, "generated": 0, "bbox": {"xmin": 321, "ymin": 401, "ymax": 529, "xmax": 401}}, {"tid": 1, "generated": 0, "bbox": {"xmin": 328, "ymin": 374, "ymax": 509, "xmax": 388}}], [{"tid": 0, "generated": 0, "bbox": {"xmin": 323, "ymin": 401, "ymax": 528, "xmax": 405}}, {"tid": 1, "generated": 0, "bbox": {"xmin": 329, "ymin": 372, "ymax": 510, "xmax": 390}}], [{"tid": 0, "generated": 0, "bbox": {"xmin": 325, "ymin": 400, "ymax": 529, "xmax": 408}}, {"tid": 1, "generated": 0, "bbox": {"xmin": 332, "ymin": 369, "ymax": 511, "xmax": 395}}], [{"tid": 0, "generated": 0, "bbox": {"xmin": 327, "ymin": 396, "ymax": 531, "xmax": 412}}, {"tid": 1, "generated": 0, "bbox": {"xmin": 335, "ymin": 366, "ymax": 512, "xmax": 400}}], [{"tid": 0, "generated": 0, "bbox": {"xmin": 330, "ymin": 394, "ymax": 535, "xmax": 419}}, {"tid": 1, "generated": 0, "bbox": {"xmin": 338, "ymin": 363, "ymax": 513, "xmax": 405}}], [{"tid": 0, "generated": 0, "bbox": {"xmin": 334, "ymin": 394, "ymax": 536, "xmax": 426}}, {"tid": 1, "generated": 0, "bbox": {"xmin": 341, "ymin": 360, "ymax": 514, "xmax": 410}}], [{"tid": 0, "generated": 0, "bbox": {"xmin": 341, "ymin": 389, "ymax": 540, "xmax": 428}}, {"tid": 1, "generated": 0, "bbox": {"xmin": 344, "ymin": 357, "ymax": 515, "xmax": 415}}], [{"tid": 0, "generated": 0, "bbox": {"xmin": 344, "ymin": 385, "ymax": 538, "xmax": 437}}, {"tid": 1, "generated": 0, "bbox": {"xmin": 347, "ymin": 352, "ymax": 515, "xmax": 426}}], [{"tid": 0, "generated": 0, "bbox": {"xmin": 346, "ymin": 382, "ymax": 536, "xmax": 446}}, {"tid": 1, "generated": 0, "bbox": {"xmin": 351, "ymin": 348, "ymax": 515, "xmax": 436}}], [{"tid": 0, "generated": 0, "bbox": {"xmin": 350, "ymin": 375, "ymax": 536, "xmax": 456}}, {"tid": 1, "generated": 0, "bbox": {"xmin": 354, "ymin": 343, "ymax": 515, "xmax": 447}}], [{"tid": 0, "generated": 0, "bbox": {"xmin": 355, "ymin": 371, "ymax": 538, "xmax": 467}}, {"tid": 1, "generated": 0, "bbox": {"xmin": 358, "ymin": 339, "ymax": 515, "xmax": 457}}], [{"tid": 0, "generated": 0, "bbox": {"xmin": 362, "ymin": 366, "ymax": 540, "xmax": 467}}, {"tid": 1, "generated": 0, "bbox": {"xmin": 361, "ymin": 334, "ymax": 515, "xmax": 468}}], [{"tid": 0, "generated": 0, "bbox": {"xmin": 368, "ymin": 359, "ymax": 542, "xmax": 480}}, {"tid": 1, "generated": 0, "bbox": {"xmin": 366, "ymin": 329, "ymax": 515, "xmax": 479}}], [{"tid": 0, "generated": 0, "bbox": {"xmin": 375, "ymin": 353, "ymax": 544, "xmax": 494}}, {"tid": 1, "generated": 0, "bbox": {"xmin": 371, "ymin": 324, "ymax": 516, "xmax": 490}}], [{"tid": 0, "generated": 0, "bbox": {"xmin": 382, "ymin": 344, "ymax": 544, "xmax": 510}}, {"tid": 1, "generated": 0, "bbox": {"xmin": 376, "ymin": 318, "ymax": 516, "xmax": 500}}], [{"tid": 0, "generated": 0, "bbox": {"xmin": 387, "ymin": 341, "ymax": 542, "xmax": 526}}, {"tid": 1, "generated": 0, "bbox": {"xmin": 381, "ymin": 313, "ymax": 517, "xmax": 511}}], [{"tid": 0, "generated": 0, "bbox": {"xmin": 400, "ymin": 334, "ymax": 545, "xmax": 544}}, {"tid": 1, "generated": 0, "bbox": {"xmin": 386, "ymin": 308, "ymax": 517, "xmax": 522}}], [{"tid": 0, "generated": 0, "bbox": {"xmin": 407, "ymin": 328, "ymax": 545, "xmax": 565}}, {"tid": 1, "generated": 0, "bbox": {"xmin": 406, "ymin": 298, "ymax": 517, "xmax": 550}}], [{"tid": 0, "generated": 0, "bbox": {"xmin": 433, "ymin": 318, "ymax": 545, "xmax": 592}}, {"tid": 1, "generated": 0, "bbox": {"xmin": 425, "ymin": 288, "ymax": 517, "xmax": 579}}], [{"tid": 0, "generated": 0, "bbox": {"xmin": 432, "ymin": 311, "ymax": 547, "xmax": 608}}, {"tid": 1, "generated": 0, "bbox": {"xmin": 445, "ymin": 278, "ymax": 517, "xmax": 607}}], [{"tid": 0, "generated": 0, "bbox": {"xmin": 449, "ymin": 300, "ymax": 545, "xmax": 641}}, {"tid": 1, "generated": 0, "bbox": {"xmin": 464, "ymin": 268, "ymax": 517, "xmax": 636}}]], "subject/objects": [{"category": "motorcycle", "tid": 0}, {"category": "person", "tid": 1}], "relation_instances": [{"end_fid": 30, "subject_tid": 0, "predicate": "move_beneath", "begin_fid": 0, "object_tid": 1}, {"end_fid": 30, "subject_tid": 1, "predicate": "sit_above", "begin_fid": 0, "object_tid": 0}, {"end_fid": 30, "subject_tid": 1, "predicate": "ride", "begin_fid": 0, "object_tid": 0}, {"end_fid": 75, "subject_tid": 0, "predicate": "move_beneath", "begin_fid": 45, "object_tid": 1}, {"end_fid": 75, "subject_tid": 1, "predicate": "sit_above", "begin_fid": 45, "object_tid": 0}, {"end_fid": 75, "subject_tid": 1, "predicate": "ride", "begin_fid": 45, "object_tid": 0}, {"end_fid": 105, "subject_tid": 0, "predicate": "move_beneath", "begin_fid": 75, "object_tid": 1}, {"end_fid": 105, "subject_tid": 1, "predicate": "sit_above", "begin_fid": 75, "object_tid": 0}, {"end_fid": 105, "subject_tid": 1, "predicate": "ride", "begin_fid": 75, "object_tid": 0}], "height": 720}