{"width": 1280, "frame_count": 240, "video_id": "ILSVRC2015_train_00048002", "fps": 30, "trajectories": [[{"tid": 0, "generated": 0, "bbox": {"xmin": 769, "ymin": 360, "ymax": 549, "xmax": 896}}, {"tid": 1, "generated": 0, "bbox": {"xmin": 346, "ymin": 113, "ymax": 197, "xmax": 481}}, {"tid": 2, "generated": 0, "bbox": {"xmin": 696, "ymin": 104, "ymax": 176, "xmax": 768}}, {"tid": 3, "generated": 0, "bbox": {"xmin": 511, "ymin": 285, "ymax": 554, "xmax": 682}}], [{"tid": 0, "generated": 0, "bbox": {"xmin": 766, "ymin": 371, "ymax": 547, "xmax": 894}}, {"tid": 1, "generated": 0, "bbox": {"xmin": 348, "ymin": 110, "ymax": 197, "xmax": 485}}, {"tid": 2, "generated": 0, "bbox": {"xmin": 696, "ymin": 103, "ymax": 172, "xmax": 768}}, {"tid": 3, "generated": 0, "bbox": {"xmin": 511, "ymin": 285, "ymax": 554, "xmax": 682}}], [{"tid": 0, "generated": 0, "bbox": {"xmin": 762, "ymin": 364, "ymax": 531, "xmax": 890}}, {"tid": 1, "generated": 0, "bbox": {"xmin": 348, "ymin": 110, "ymax": 200, "xmax": 483}}, {"tid": 2, "generated": 0, "bbox": {"xmin": 695, "ymin": 103, "ymax": 170, "xmax": 766}}, {"tid": 3, "generated": 0, "bbox": {"xmin": 511, "ymin": 285, "ymax": 554, "xmax": 682}}], [{"tid": 0, "generated": 0, "bbox": {"xmin": 771, "ymin": 371, "ymax": 536, "xmax": 892}}, {"tid": 1, "generated": 0, "bbox": {"xmin": 348, "ymin": 108, "ymax": 197, "xmax": 487}}, {"tid": 2, "generated": 0, "bbox": {"xmin": 694, "ymin": 104, "ymax": 169, "xmax": 763}}, {"tid": 3, "generated": 0, "bbox": {"xmin": 511, "ymin": 285, "ymax": 554, "xmax": 682}}], [{"tid": 0, "generated": 0, "bbox": {"xmin": 780, "ymin": 378, "ymax": 542, "xmax": 894}}, {"tid": 1, "generated": 0, "bbox": {"xmin": 345, "ymin": 110, "ymax": 198, "xmax": 487}}, {"tid": 2, "generated": 0, "bbox": {"xmin": 693, "ymin": 106, "ymax": 168, "xmax": 760}}, {"tid": 3, "generated": 0, "bbox": {"xmin": 511, "ymin": 285, "ymax": 554, "xmax": 682}}], [{"tid": 0, "generated": 0, "bbox": {"xmin": 791, "ymin": 384, "ymax": 544, "xmax": 890}}, {"tid": 1, "generated": 0, "bbox": {"xmin": 343, "ymin": 112, "ymax": 200, "xmax": 488}}, {"tid": 2, "generated": 0, "bbox": {"xmin": 691, "ymin": 104, "ymax": 165, "xmax": 759}}, {"tid": 3, "generated": 0, "bbox": {"xmin": 511, "ymin": 285, "ymax": 554, "xmax": 682}}], [{"tid": 0, "generated": 0, "bbox": {"xmin": 803, "ymin": 403, "ymax": 542, "xmax": 894}}, {"tid": 1, "generated": 0, "bbox": {"xmin": 348, "ymin": 106, "ymax": 202, "xmax": 485}}, {"tid": 2, "generated": 0, "bbox": {"xmin": 689, "ymin": 103, "ymax": 163, "xmax": 759}}, {"tid": 3, "generated": 0, "bbox": {"xmin": 519, "ymin": 286, "ymax": 555, "xmax": 690}}], [{"tid": 0, "generated": 0, "bbox": {"xmin": 807, "ymin": 403, "ymax": 536, "xmax": 894}}, {"tid": 1, "generated": 0, "bbox": {"xmin": 348, "ymin": 106, "ymax": 197, "xmax": 490}}, {"tid": 2, "generated": 0, "bbox": {"xmin": 688, "ymin": 96, "ymax": 165, "xmax": 755}}, {"tid": 3, "generated": 0, "bbox": {"xmin": 527, "ymin": 287, "ymax": 556, "xmax": 698}}], [{"tid": 0, "generated": 0, "bbox": {"xmin": 808, "ymin": 405, "ymax": 535, "xmax": 885}}, {"tid": 1, "generated": 0, "bbox": {"xmin": 343, "ymin": 104, "ymax": 193, "xmax": 494}}, {"tid": 2, "generated": 0, "bbox": {"xmin": 686, "ymin": 96, "ymax": 163, "xmax": 751}}, {"tid": 3, "generated": 0, "bbox": {"xmin": 536, "ymin": 288, "ymax": 557, "xmax": 707}}], [{"tid": 0, "generated": 0, "bbox": {"xmin": 810, "ymin": 410, "ymax": 533, "xmax": 888}}, {"tid": 1, "generated": 0, "bbox": {"xmin": 346, "ymin": 106, "ymax": 193, "xmax": 494}}, {"tid": 2, "generated": 0, "bbox": {"xmin": 684, "ymin": 96, "ymax": 161, "xmax": 748}}, {"tid": 3, "generated": 0, "bbox": {"xmin": 544, "ymin": 289, "ymax": 558, "xmax": 715}}], [{"tid": 0, "generated": 0, "bbox": {"xmin": 816, "ymin": 414, "ymax": 531, "xmax": 887}}, {"tid": 1, "generated": 0, "bbox": {"xmin": 348, "ymin": 110, "ymax": 199, "xmax": 490}}, {"tid": 2, "generated": 0, "bbox": {"xmin": 684, "ymin": 96, "ymax": 163, "xmax": 752}}, {"tid": 3, "generated": 0, "bbox": {"xmin": 552, "ymin": 290, "ymax": 559, "xmax": 723}}], [{"tid": 0, "generated": 0, "bbox": {"xmin": 808, "ymin": 408, "ymax": 526, "xmax": 888}}, {"tid": 1, "generated": 0, "bbox": {"xmin": 344, "ymin": 104, "ymax": 202, "xmax": 494}}, {"tid": 2, "generated": 0, "bbox": {"xmin": 680, "ymin": 96, "ymax": 165, "xmax": 746}}, {"tid": 3, "generated": 0, "bbox": {"xmin": 559, "ymin": 290, "ymax": 559, "xmax": 730}}], [{"tid": 0, "generated": 0, "bbox": {"xmin": 808, "ymin": 400, "ymax": 540, "xmax": 920}}, {"tid": 1, "generated": 0, "bbox": {"xmin": 344, "ymin": 104, "ymax": 192, "xmax": 497}}, {"tid": 2, "generated": 0, "bbox": {"xmin": 676, "ymin": 96, "ymax": 165, "xmax": 744}}, {"tid": 3, "generated": 0, "bbox": {"xmin": 567, "ymin": 290, "ymax": 559, "xmax": 738}}], [{"tid": 0, "generated": 0, "bbox": {"xmin": 803, "ymin": 407, "ymax": 536, "xmax": 926}}, {"tid": 1, "generated": 0, "bbox": {"xmin": 353, "ymin": 108, "ymax": 193, "xmax": 496}}, {"tid": 2, "generated": 0, "bbox": {"xmin": 673, "ymin": 96, "ymax": 165, "xmax": 743}}, {"tid": 3, "generated": 0, "bbox": {"xmin": 574, "ymin": 290, "ymax": 559, "xmax": 745}}], [{"tid": 0, "generated": 0, "bbox": {"xmin": 805, "ymin": 407, "ymax": 536, "xmax": 922}}, {"tid": 1, "generated": 0, "bbox": {"xmin": 350, "ymin": 106, "ymax": 190, "xmax": 496}}, {"tid": 2, "generated": 0, "bbox": {"xmin": 670, "ymin": 96, "ymax": 168, "xmax": 739}}, {"tid": 3, "generated": 0, "bbox": {"xmin": 582, "ymin": 290, "ymax": 559, "xmax": 753}}], [{"tid": 0, "generated": 0, "bbox": {"xmin": 807, "ymin": 421, "ymax": 544, "xmax": 928}}, {"tid": 1, "generated": 0, "bbox": {"xmin": 350, "ymin": 106, "ymax": 192, "xmax": 499}}, {"tid": 2, "generated": 0, "bbox": {"xmin": 666, "ymin": 96, "ymax": 170, "xmax": 739}}, {"tid": 3, "generated": 0, "bbox": {"xmin": 589, "ymin": 290, "ymax": 559, "xmax": 760}}], [{"tid": 0, "generated": 0, "bbox": {"xmin": 808, "ymin": 422, "ymax": 544, "xmax": 927}}, {"tid": 1, "generated": 0, "bbox": {"xmin": 346, "ymin": 106, "ymax": 190, "xmax": 497}}, {"tid": 2, "generated": 0, "bbox": {"xmin": 663, "ymin": 96, "ymax": 165, "xmax": 739}}, {"tid": 3, "generated": 0, "bbox": {"xmin": 592, "ymin": 293, "ymax": 562, "xmax": 763}}], [{"tid": 0, "generated": 0, "bbox": {"xmin": 810, "ymin": 423, "ymax": 545, "xmax": 926}}, {"tid": 1, "generated": 0, "bbox": {"xmin": 346, "ymin": 104, "ymax": 190, "xmax": 497}}, {"tid": 2, "generated": 0, "bbox": {"xmin": 655, "ymin": 97, "ymax": 166, "xmax": 734}}, {"tid": 3, "generated": 0, "bbox": {"xmin": 595, "ymin": 296, "ymax": 565, "xmax": 766}}], [{"tid": 0, "generated": 0, "bbox": {"xmin": 815, "ymin": 418, "ymax": 533, "xmax": 927}}, {"tid": 1, "generated": 0, "bbox": {"xmin": 346, "ymin": 102, "ymax": 191, "xmax": 497}}, {"tid": 2, "generated": 0, "bbox": {"xmin": 647, "ymin": 99, "ymax": 167, "xmax": 730}}, {"tid": 3, "generated": 0, "bbox": {"xmin": 599, "ymin": 299, "ymax": 568, "xmax": 770}}], [{"tid": 0, "generated": 0, "bbox": {"xmin": 821, "ymin": 414, "ymax": 522, "xmax": 928}}, {"tid": 1, "generated": 0, "bbox": {"xmin": 346, "ymin": 101, "ymax": 192, "xmax": 497}}, {"tid": 2, "generated": 0, "bbox": {"xmin": 643, "ymin": 99, "ymax": 167, "xmax": 737}}, {"tid": 3, "generated": 0, "bbox": {"xmin": 602, "ymin": 302, "ymax": 571, "xmax": 773}}], [{"tid": 0, "generated": 0, "bbox": {"xmin": 817, "ymin": 414, "ymax": 528, "xmax": 929}}, {"tid": 1, "generated": 0, "bbox": {"xmin": 341, "ymin": 101, "ymax": 188, "xmax": 494}}, {"tid": 2, "generated": 0, "bbox": {"xmin": 641, "ymin": 101, "ymax": 170, "xmax": 732}}, {"tid": 3, "generated": 0, "bbox": {"xmin": 605, "ymin": 305, "ymax": 574, "xmax": 776}}], [{"tid": 0, "generated": 0, "bbox": {"xmin": 817, "ymin": 417, "ymax": 526, "xmax": 924}}, {"tid": 1, "generated": 0, "bbox": {"xmin": 346, "ymin": 101, "ymax": 186, "xmax": 497}}, {"tid": 2, "generated": 0, "bbox": {"xmin": 640, "ymin": 101, "ymax": 167, "xmax": 730}}, {"tid": 3, "generated": 0, "bbox": {"xmin": 605, "ymin": 309, "ymax": 571, "xmax": 776}}], [{"tid": 0, "generated": 0, "bbox": {"xmin": 816, "ymin": 417, "ymax": 528, "xmax": 917}}, {"tid": 1, "generated": 0, "bbox": {"xmin": 346, "ymin": 101, "ymax": 184, "xmax": 497}}, {"tid": 2, "generated": 0, "bbox": {"xmin": 638, "ymin": 101, "ymax": 167, "xmax": 727}}, {"tid": 3, "generated": 0, "bbox": {"xmin": 605, "ymin": 313, "ymax": 568, "xmax": 776}}], [{"tid": 0, "generated": 0, "bbox": {"xmin": 816, "ymin": 417, "ymax": 526, "xmax": 920}}, {"tid": 1, "generated": 0, "bbox": {"xmin": 343, "ymin": 101, "ymax": 190, "xmax": 499}}, {"tid": 2, "generated": 0, "bbox": {"xmin": 636, "ymin": 101, "ymax": 165, "xmax": 721}}, {"tid": 3, "generated": 0, "bbox": {"xmin": 606, "ymin": 316, "ymax": 564, "xmax": 777}}], [{"tid": 0, "generated": 0, "bbox": {"xmin": 814, "ymin": 437, "ymax": 528, "xmax": 901}}, {"tid": 1, "generated": 0, "bbox": {"xmin": 364, "ymin": 101, "ymax": 184, "xmax": 499}}, {"tid": 2, "generated": 0, "bbox": {"xmin": 634, "ymin": 101, "ymax": 163, "xmax": 720}}, {"tid": 3, "generated": 0, "bbox": {"xmin": 606, "ymin": 320, "ymax": 561, "xmax": 777}}], [{"tid": 0, "generated": 0, "bbox": {"xmin": 817, "ymin": 448, "ymax": 526, "xmax": 903}}, {"tid": 1, "generated": 0, "bbox": {"xmin": 350, "ymin": 101, "ymax": 190, "xmax": 497}}, {"tid": 2, "generated": 0, "bbox": {"xmin": 632, "ymin": 99, "ymax": 163, "xmax": 718}}, {"tid": 3, "generated": 0, "bbox": {"xmin": 606, "ymin": 324, "ymax": 558, "xmax": 777}}], [{"tid": 0, "generated": 0, "bbox": {"xmin": 814, "ymin": 448, "ymax": 522, "xmax": 897}}, {"tid": 1, "generated": 0, "bbox": {"xmin": 369, "ymin": 101, "ymax": 186, "xmax": 496}}, {"tid": 2, "generated": 0, "bbox": {"xmin": 631, "ymin": 99, "ymax": 160, "xmax": 712}}, {"tid": 3, "generated": 0, "bbox": {"xmin": 606, "ymin": 324, "ymax": 558, "xmax": 777}}], [{"tid": 0, "generated": 0, "bbox": {"xmin": 816, "ymin": 448, "ymax": 529, "xmax": 912}}, {"tid": 1, "generated": 0, "bbox": {"xmin": 368, "ymin": 101, "ymax": 188, "xmax": 494}}, {"tid": 2, "generated": 0, "bbox": {"xmin": 624, "ymin": 99, "ymax": 160, "xmax": 712}}, {"tid": 3, "generated": 0, "bbox": {"xmin": 606, "ymin": 324, "ymax": 558, "xmax": 777}}], [{"tid": 0, "generated": 0, "bbox": {"xmin": 814, "ymin": 446, "ymax": 526, "xmax": 912}}, {"tid": 1, "generated": 0, "bbox": {"xmin": 368, "ymin": 99, "ymax": 186, "xmax": 494}}, {"tid": 2, "generated": 0, "bbox": {"xmin": 624, "ymin": 103, "ymax": 158, "xmax": 712}}, {"tid": 3, "generated": 0, "bbox": {"xmin": 606, "ymin": 324, "ymax": 558, "xmax": 777}}], [{"tid": 0, "generated": 0, "bbox": {"xmin": 814, "ymin": 444, "ymax": 529, "xmax": 933}}, {"tid": 1, "generated": 0, "bbox": {"xmin": 375, "ymin": 99, "ymax": 186, "xmax": 496}}, {"tid": 2, "generated": 0, "bbox": {"xmin": 625, "ymin": 101, "ymax": 151, "xmax": 709}}, {"tid": 3, "generated": 0, "bbox": {"xmin": 606, "ymin": 324, "ymax": 558, "xmax": 777}}], [], [], [], [], [], [], [], [], [], [], [], [], [], [], [], [{"tid": 3, "generated": 0, "bbox": {"xmin": 646, "ymin": 336, "ymax": 570, "xmax": 790}}, {"tid": 4, "generated": 0, "bbox": {"xmin": 341, "ymin": 5, "ymax": 714, "xmax": 499}}], [{"tid": 3, "generated": 0, "bbox": {"xmin": 646, "ymin": 335, "ymax": 565, "xmax": 790}}, {"tid": 4, "generated": 0, "bbox": {"xmin": 341, "ymin": 5, "ymax": 714, "xmax": 531}}], [{"tid": 3, "generated": 0, "bbox": {"xmin": 646, "ymin": 334, "ymax": 559, "xmax": 790}}, {"tid": 4, "generated": 0, "bbox": {"xmin": 341, "ymin": 5, "ymax": 714, "xmax": 564}}], [{"tid": 3, "generated": 0, "bbox": {"xmin": 646, "ymin": 332, "ymax": 554, "xmax": 790}}, {"tid": 4, "generated": 0, "bbox": {"xmin": 341, "ymin": 5, "ymax": 714, "xmax": 596}}], [{"tid": 3, "generated": 0, "bbox": {"xmin": 646, "ymin": 331, "ymax": 548, "xmax": 790}}, {"tid": 4, "generated": 0, "bbox": {"xmin": 341, "ymin": 5, "ymax": 714, "xmax": 629}}], [{"tid": 3, "generated": 0, "bbox": {"xmin": 646, "ymin": 330, "ymax": 543, "xmax": 790}}, {"tid": 4, "generated": 0, "bbox": {"xmin": 341, "ymin": 5, "ymax": 714, "xmax": 661}}], [{"tid": 3, "generated": 0, "bbox": {"xmin": 646, "ymin": 329, "ymax": 542, "xmax": 789}}, {"tid": 4, "generated": 0, "bbox": {"xmin": 341, "ymin": 5, "ymax": 714, "xmax": 723}}], [{"tid": 3, "generated": 0, "bbox": {"xmin": 646, "ymin": 327, "ymax": 540, "xmax": 788}}, {"tid": 4, "generated": 0, "bbox": {"xmin": 341, "ymin": 5, "ymax": 714, "xmax": 785}}], [{"tid": 3, "generated": 0, "bbox": {"xmin": 646, "ymin": 326, "ymax": 539, "xmax": 787}}, {"tid": 4, "generated": 0, "bbox": {"xmin": 341, "ymin": 5, "ymax": 714, "xmax": 847}}], [{"tid": 3, "generated": 0, "bbox": {"xmin": 646, "ymin": 324, "ymax": 537, "xmax": 786}}, {"tid": 4, "generated": 0, "bbox": {"xmin": 341, "ymin": 5, "ymax": 714, "xmax": 909}}], [{"tid": 3, "generated": 0, "bbox": {"xmin": 646, "ymin": 323, "ymax": 536, "xmax": 785}}, {"tid": 4, "generated": 0, "bbox": {"xmin": 341, "ymin": 5, "ymax": 714, "xmax": 971}}], [{"tid": 3, "generated": 0, "bbox": {"xmin": 646, "ymin": 321, "ymax": 535, "xmax": 784}}, {"tid": 4, "generated": 0, "bbox": {"xmin": 341, "ymin": 5, "ymax": 714, "xmax": 972}}], [{"tid": 3, "generated": 0, "bbox": {"xmin": 646, "ymin": 320, "ymax": 533, "xmax": 783}}, {"tid": 4, "generated": 0, "bbox": {"xmin": 341, "ymin": 5, "ymax": 714, "xmax": 972}}], [{"tid": 3, "generated": 0, "bbox": {"xmin": 646, "ymin": 319, "ymax": 532, "xmax": 782}}, {"tid": 4, "generated": 0, "bbox": {"xmin": 341, "ymin": 5, "ymax": 714, "xmax": 973}}], [{"tid": 3, "generated": 0, "bbox": {"xmin": 646, "ymin": 317, "ymax": 530, "xmax": 782}}, {"tid": 4, "generated": 0, "bbox": {"xmin": 341, "ymin": 5, "ymax": 714, "xmax": 973}}], [{"tid": 3, "generated": 0, "bbox": {"xmin": 646, "ymin": 316, "ymax": 529, "xmax": 781}}, {"tid": 4, "generated": 0, "bbox": {"xmin": 341, "ymin": 5, "ymax": 714, "xmax": 974}}], [{"tid": 3, "generated": 0, "bbox": {"xmin": 646, "ymin": 314, "ymax": 528, "xmax": 780}}, {"tid": 4, "generated": 0, "bbox": {"xmin": 341, "ymin": 5, "ymax": 714, "xmax": 974}}], [{"tid": 3, "generated": 0, "bbox": {"xmin": 646, "ymin": 313, "ymax": 526, "xmax": 779}}, {"tid": 4, "generated": 0, "bbox": {"xmin": 341, "ymin": 5, "ymax": 714, "xmax": 974}}], [{"tid": 3, "generated": 0, "bbox": {"xmin": 646, "ymin": 311, "ymax": 525, "xmax": 778}}, {"tid": 4, "generated": 0, "bbox": {"xmin": 341, "ymin": 5, "ymax": 714, "xmax": 974}}], [{"tid": 3, "generated": 0, "bbox": {"xmin": 646, "ymin": 310, "ymax": 523, "xmax": 777}}, {"tid": 4, "generated": 0, "bbox": {"xmin": 341, "ymin": 5, "ymax": 714, "xmax": 974}}], [{"tid": 3, "generated": 0, "bbox": {"xmin": 646, "ymin": 309, "ymax": 522, "xmax": 776}}, {"tid": 4, "generated": 0, "bbox": {"xmin": 341, "ymin": 5, "ymax": 714, "xmax": 974}}], [{"tid": 3, "generated": 0, "bbox": {"xmin": 646, "ymin": 307, "ymax": 521, "xmax": 775}}, {"tid": 4, "generated": 0, "bbox": {"xmin": 347, "ymin": 5, "ymax": 714, "xmax": 974}}], [{"tid": 3, "generated": 0, "bbox": {"xmin": 646, "ymin": 306, "ymax": 519, "xmax": 774}}, {"tid": 4, "generated": 0, "bbox": {"xmin": 352, "ymin": 5, "ymax": 714, "xmax": 974}}], [{"tid": 3, "generated": 0, "bbox": {"xmin": 645, "ymin": 304, "ymax": 518, "xmax": 773}}, {"tid": 4, "generated": 0, "bbox": {"xmin": 358, "ymin": 5, "ymax": 714, "xmax": 974}}], [{"tid": 3, "generated": 0, "bbox": {"xmin": 645, "ymin": 303, "ymax": 516, "xmax": 772}}, {"tid": 4, "generated": 0, "bbox": {"xmin": 363, "ymin": 5, "ymax": 714, "xmax": 974}}], [{"tid": 3, "generated": 0, "bbox": {"xmin": 645, "ymin": 301, "ymax": 515, "xmax": 771}}, {"tid": 4, "generated": 0, "bbox": {"xmin": 369, "ymin": 5, "ymax": 714, "xmax": 974}}], [{"tid": 3, "generated": 0, "bbox": {"xmin": 645, "ymin": 300, "ymax": 514, "xmax": 770}}, {"tid": 4, "generated": 0, "bbox": {"xmin": 385, "ymin": 5, "ymax": 714, "xmax": 974}}], [{"tid": 3, "generated": 0, "bbox": {"xmin": 645, "ymin": 299, "ymax": 512, "xmax": 769}}, {"tid": 4, "generated": 0, "bbox": {"xmin": 400, "ymin": 5, "ymax": 714, "xmax": 974}}], [{"tid": 3, "generated": 0, "bbox": {"xmin": 645, "ymin": 297, "ymax": 511, "xmax": 768}}, {"tid": 4, "generated": 0, "bbox": {"xmin": 416, "ymin": 5, "ymax": 714, "xmax": 974}}], [{"tid": 3, "generated": 0, "bbox": {"xmin": 645, "ymin": 296, "ymax": 509, "xmax": 767}}, {"tid": 4, "generated": 0, "bbox": {"xmin": 431, "ymin": 5, "ymax": 714, "xmax": 974}}], [], [], [], [], [], [], [], [], [], [], [], [], [], [], [], [{"tid": 0, "generated": 0, "bbox": {"xmin": 684, "ymin": 197, "ymax": 327, "xmax": 752}}, {"tid": 1, "generated": 0, "bbox": {"xmin": 414, "ymin": 85, "ymax": 174, "xmax": 542}}, {"tid": 2, "generated": 0, "bbox": {"xmin": 643, "ymin": 76, "ymax": 145, "xmax": 702}}, {"tid": 3, "generated": 0, "bbox": {"xmin": 649, "ymin": 303, "ymax": 517, "xmax": 761}}, {"tid": 4, "generated": 0, "bbox": {"xmin": 652, "ymin": 3, "ymax": 712, "xmax": 966}}], [{"tid": 0, "generated": 0, "bbox": {"xmin": 673, "ymin": 168, "ymax": 289, "xmax": 739}}, {"tid": 1, "generated": 0, "bbox": {"xmin": 412, "ymin": 85, "ymax": 174, "xmax": 542}}, {"tid": 2, "generated": 0, "bbox": {"xmin": 643, "ymin": 74, "ymax": 142, "xmax": 734}}, {"tid": 3, "generated": 0, "bbox": {"xmin": 652, "ymin": 299, "ymax": 513, "xmax": 764}}, {"tid": 4, "generated": 0, "bbox": {"xmin": 667, "ymin": 3, "ymax": 712, "xmax": 966}}], [{"tid": 0, "generated": 0, "bbox": {"xmin": 670, "ymin": 172, "ymax": 285, "xmax": 738}}, {"tid": 1, "generated": 0, "bbox": {"xmin": 410, "ymin": 85, "ymax": 174, "xmax": 542}}, {"tid": 2, "generated": 0, "bbox": {"xmin": 643, "ymin": 72, "ymax": 140, "xmax": 734}}, {"tid": 3, "generated": 0, "bbox": {"xmin": 654, "ymin": 294, "ymax": 508, "xmax": 766}}, {"tid": 4, "generated": 0, "bbox": {"xmin": 682, "ymin": 3, "ymax": 712, "xmax": 966}}], [{"tid": 0, "generated": 0, "bbox": {"xmin": 668, "ymin": 176, "ymax": 282, "xmax": 737}}, {"tid": 1, "generated": 0, "bbox": {"xmin": 408, "ymin": 85, "ymax": 174, "xmax": 543}}, {"tid": 2, "generated": 0, "bbox": {"xmin": 644, "ymin": 72, "ymax": 141, "xmax": 735}}, {"tid": 3, "generated": 0, "bbox": {"xmin": 657, "ymin": 290, "ymax": 504, "xmax": 769}}, {"tid": 4, "generated": 0, "bbox": {"xmin": 697, "ymin": 3, "ymax": 712, "xmax": 966}}], [{"tid": 0, "generated": 0, "bbox": {"xmin": 670, "ymin": 165, "ymax": 279, "xmax": 736}}, {"tid": 1, "generated": 0, "bbox": {"xmin": 406, "ymin": 85, "ymax": 174, "xmax": 543}}, {"tid": 2, "generated": 0, "bbox": {"xmin": 645, "ymin": 72, "ymax": 142, "xmax": 736}}, {"tid": 3, "generated": 0, "bbox": {"xmin": 659, "ymin": 285, "ymax": 499, "xmax": 771}}, {"tid": 4, "generated": 0, "bbox": {"xmin": 712, "ymin": 3, "ymax": 712, "xmax": 966}}], [{"tid": 0, "generated": 0, "bbox": {"xmin": 664, "ymin": 167, "ymax": 277, "xmax": 730}}, {"tid": 1, "generated": 0, "bbox": {"xmin": 404, "ymin": 85, "ymax": 174, "xmax": 543}}, {"tid": 2, "generated": 0, "bbox": {"xmin": 647, "ymin": 72, "ymax": 143, "xmax": 737}}, {"tid": 3, "generated": 0, "bbox": {"xmin": 662, "ymin": 281, "ymax": 495, "xmax": 774}}, {"tid": 4, "generated": 0, "bbox": {"xmin": 727, "ymin": 3, "ymax": 712, "xmax": 966}}], [{"tid": 0, "generated": 0, "bbox": {"xmin": 663, "ymin": 168, "ymax": 275, "xmax": 720}}, {"tid": 1, "generated": 0, "bbox": {"xmin": 403, "ymin": 85, "ymax": 174, "xmax": 544}}, {"tid": 2, "generated": 0, "bbox": {"xmin": 648, "ymin": 72, "ymax": 144, "xmax": 738}}, {"tid": 3, "generated": 0, "bbox": {"xmin": 663, "ymin": 282, "ymax": 496, "xmax": 775}}, {"tid": 4, "generated": 0, "bbox": {"xmin": 727, "ymin": 3, "ymax": 712, "xmax": 966}}], [{"tid": 0, "generated": 0, "bbox": {"xmin": 656, "ymin": 168, "ymax": 275, "xmax": 716}}, {"tid": 1, "generated": 0, "bbox": {"xmin": 389, "ymin": 90, "ymax": 177, "xmax": 545}}, {"tid": 2, "generated": 0, "bbox": {"xmin": 650, "ymin": 72, "ymax": 145, "xmax": 739}}, {"tid": 3, "generated": 0, "bbox": {"xmin": 664, "ymin": 282, "ymax": 496, "xmax": 776}}, {"tid": 4, "generated": 0, "bbox": {"xmin": 728, "ymin": 3, "ymax": 712, "xmax": 966}}], [{"tid": 0, "generated": 0, "bbox": {"xmin": 654, "ymin": 170, "ymax": 268, "xmax": 714}}, {"tid": 1, "generated": 0, "bbox": {"xmin": 396, "ymin": 88, "ymax": 184, "xmax": 547}}, {"tid": 2, "generated": 0, "bbox": {"xmin": 652, "ymin": 73, "ymax": 142, "xmax": 741}}, {"tid": 3, "generated": 0, "bbox": {"xmin": 664, "ymin": 283, "ymax": 497, "xmax": 776}}, {"tid": 4, "generated": 0, "bbox": {"xmin": 728, "ymin": 3, "ymax": 712, "xmax": 966}}], [{"tid": 0, "generated": 0, "bbox": {"xmin": 648, "ymin": 172, "ymax": 270, "xmax": 716}}, {"tid": 1, "generated": 0, "bbox": {"xmin": 392, "ymin": 88, "ymax": 176, "xmax": 545}}, {"tid": 2, "generated": 0, "bbox": {"xmin": 654, "ymin": 74, "ymax": 140, "xmax": 743}}, {"tid": 3, "generated": 0, "bbox": {"xmin": 665, "ymin": 283, "ymax": 497, "xmax": 777}}, {"tid": 4, "generated": 0, "bbox": {"xmin": 729, "ymin": 3, "ymax": 712, "xmax": 966}}], [{"tid": 0, "generated": 0, "bbox": {"xmin": 650, "ymin": 174, "ymax": 273, "xmax": 716}}, {"tid": 1, "generated": 0, "bbox": {"xmin": 396, "ymin": 90, "ymax": 174, "xmax": 547}}, {"tid": 2, "generated": 0, "bbox": {"xmin": 656, "ymin": 72, "ymax": 142, "xmax": 739}}, {"tid": 3, "generated": 0, "bbox": {"xmin": 666, "ymin": 284, "ymax": 498, "xmax": 778}}, {"tid": 4, "generated": 0, "bbox": {"xmin": 729, "ymin": 3, "ymax": 712, "xmax": 966}}], [{"tid": 0, "generated": 0, "bbox": {"xmin": 645, "ymin": 168, "ymax": 267, "xmax": 706}}, {"tid": 1, "generated": 0, "bbox": {"xmin": 391, "ymin": 90, "ymax": 176, "xmax": 544}}, {"tid": 2, "generated": 0, "bbox": {"xmin": 656, "ymin": 72, "ymax": 142, "xmax": 741}}, {"tid": 3, "generated": 0, "bbox": {"xmin": 671, "ymin": 282, "ymax": 496, "xmax": 783}}, {"tid": 4, "generated": 0, "bbox": {"xmin": 729, "ymin": 3, "ymax": 712, "xmax": 966}}], [{"tid": 0, "generated": 0, "bbox": {"xmin": 641, "ymin": 163, "ymax": 261, "xmax": 696}}, {"tid": 1, "generated": 0, "bbox": {"xmin": 387, "ymin": 90, "ymax": 179, "xmax": 542}}, {"tid": 2, "generated": 0, "bbox": {"xmin": 656, "ymin": 72, "ymax": 142, "xmax": 743}}, {"tid": 3, "generated": 0, "bbox": {"xmin": 675, "ymin": 280, "ymax": 494, "xmax": 787}}, {"tid": 4, "generated": 0, "bbox": {"xmin": 729, "ymin": 3, "ymax": 712, "xmax": 966}}], [{"tid": 0, "generated": 0, "bbox": {"xmin": 631, "ymin": 145, "ymax": 241, "xmax": 696}}, {"tid": 1, "generated": 0, "bbox": {"xmin": 385, "ymin": 87, "ymax": 176, "xmax": 542}}, {"tid": 2, "generated": 0, "bbox": {"xmin": 657, "ymin": 72, "ymax": 147, "xmax": 744}}, {"tid": 3, "generated": 0, "bbox": {"xmin": 680, "ymin": 279, "ymax": 493, "xmax": 792}}, {"tid": 4, "generated": 0, "bbox": {"xmin": 729, "ymin": 3, "ymax": 712, "xmax": 966}}], [{"tid": 0, "generated": 0, "bbox": {"xmin": 627, "ymin": 142, "ymax": 238, "xmax": 696}}, {"tid": 1, "generated": 0, "bbox": {"xmin": 384, "ymin": 87, "ymax": 179, "xmax": 542}}, {"tid": 2, "generated": 0, "bbox": {"xmin": 656, "ymin": 72, "ymax": 144, "xmax": 748}}, {"tid": 3, "generated": 0, "bbox": {"xmin": 684, "ymin": 277, "ymax": 491, "xmax": 796}}, {"tid": 4, "generated": 0, "bbox": {"xmin": 729, "ymin": 3, "ymax": 712, "xmax": 966}}], [{"tid": 0, "generated": 0, "bbox": {"xmin": 624, "ymin": 140, "ymax": 225, "xmax": 696}}, {"tid": 1, "generated": 0, "bbox": {"xmin": 389, "ymin": 87, "ymax": 176, "xmax": 542}}, {"tid": 2, "generated": 0, "bbox": {"xmin": 655, "ymin": 70, "ymax": 145, "xmax": 745}}, {"tid": 3, "generated": 0, "bbox": {"xmin": 689, "ymin": 275, "ymax": 489, "xmax": 801}}, {"tid": 4, "generated": 0, "bbox": {"xmin": 729, "ymin": 3, "ymax": 712, "xmax": 966}}], [{"tid": 0, "generated": 0, "bbox": {"xmin": 622, "ymin": 142, "ymax": 229, "xmax": 698}}, {"tid": 1, "generated": 0, "bbox": {"xmin": 385, "ymin": 85, "ymax": 174, "xmax": 540}}, {"tid": 2, "generated": 0, "bbox": {"xmin": 654, "ymin": 69, "ymax": 147, "xmax": 743}}, {"tid": 3, "generated": 0, "bbox": {"xmin": 694, "ymin": 274, "ymax": 488, "xmax": 806}}, {"tid": 4, "generated": 0, "bbox": {"xmin": 755, "ymin": 3, "ymax": 712, "xmax": 966}}], [{"tid": 0, "generated": 0, "bbox": {"xmin": 616, "ymin": 144, "ymax": 220, "xmax": 700}}, {"tid": 1, "generated": 0, "bbox": {"xmin": 387, "ymin": 85, "ymax": 176, "xmax": 544}}, {"tid": 2, "generated": 0, "bbox": {"xmin": 659, "ymin": 76, "ymax": 147, "xmax": 746}}, {"tid": 3, "generated": 0, "bbox": {"xmin": 700, "ymin": 273, "ymax": 487, "xmax": 812}}, {"tid": 4, "generated": 0, "bbox": {"xmin": 781, "ymin": 3, "ymax": 712, "xmax": 966}}], [{"tid": 0, "generated": 0, "bbox": {"xmin": 613, "ymin": 140, "ymax": 222, "xmax": 695}}, {"tid": 1, "generated": 0, "bbox": {"xmin": 384, "ymin": 85, "ymax": 177, "xmax": 538}}, {"tid": 2, "generated": 0, "bbox": {"xmin": 661, "ymin": 74, "ymax": 145, "xmax": 748}}, {"tid": 3, "generated": 0, "bbox": {"xmin": 705, "ymin": 273, "ymax": 487, "xmax": 817}}, {"tid": 4, "generated": 0, "bbox": {"xmin": 807, "ymin": 3, "ymax": 712, "xmax": 966}}], [{"tid": 0, "generated": 0, "bbox": {"xmin": 602, "ymin": 126, "ymax": 225, "xmax": 696}}, {"tid": 1, "generated": 0, "bbox": {"xmin": 380, "ymin": 81, "ymax": 179, "xmax": 540}}, {"tid": 2, "generated": 0, "bbox": {"xmin": 663, "ymin": 72, "ymax": 147, "xmax": 750}}, {"tid": 3, "generated": 0, "bbox": {"xmin": 711, "ymin": 272, "ymax": 486, "xmax": 823}}, {"tid": 4, "generated": 0, "bbox": {"xmin": 833, "ymin": 3, "ymax": 712, "xmax": 966}}], [{"tid": 0, "generated": 0, "bbox": {"xmin": 600, "ymin": 126, "ymax": 220, "xmax": 702}}, {"tid": 1, "generated": 0, "bbox": {"xmin": 380, "ymin": 80, "ymax": 179, "xmax": 538}}, {"tid": 2, "generated": 0, "bbox": {"xmin": 661, "ymin": 72, "ymax": 145, "xmax": 753}}, {"tid": 3, "generated": 0, "bbox": {"xmin": 716, "ymin": 271, "ymax": 485, "xmax": 828}}, {"tid": 4, "generated": 0, "bbox": {"xmin": 859, "ymin": 3, "ymax": 712, "xmax": 966}}], [{"tid": 0, "generated": 0, "bbox": {"xmin": 595, "ymin": 124, "ymax": 225, "xmax": 695}}, {"tid": 1, "generated": 0, "bbox": {"xmin": 376, "ymin": 81, "ymax": 181, "xmax": 531}}, {"tid": 2, "generated": 0, "bbox": {"xmin": 662, "ymin": 73, "ymax": 146, "xmax": 755}}, {"tid": 3, "generated": 0, "bbox": {"xmin": 719, "ymin": 270, "ymax": 484, "xmax": 831}}, {"tid": 4, "generated": 0, "bbox": {"xmin": 866, "ymin": 3, "ymax": 712, "xmax": 966}}], [{"tid": 0, "generated": 0, "bbox": {"xmin": 597, "ymin": 124, "ymax": 225, "xmax": 691}}, {"tid": 1, "generated": 0, "bbox": {"xmin": 385, "ymin": 78, "ymax": 179, "xmax": 533}}, {"tid": 2, "generated": 0, "bbox": {"xmin": 664, "ymin": 74, "ymax": 148, "xmax": 757}}, {"tid": 3, "generated": 0, "bbox": {"xmin": 723, "ymin": 270, "ymax": 484, "xmax": 835}}, {"tid": 4, "generated": 0, "bbox": {"xmin": 873, "ymin": 3, "ymax": 712, "xmax": 966}}], [{"tid": 0, "generated": 0, "bbox": {"xmin": 590, "ymin": 124, "ymax": 225, "xmax": 696}}, {"tid": 1, "generated": 0, "bbox": {"xmin": 385, "ymin": 80, "ymax": 179, "xmax": 540}}, {"tid": 2, "generated": 0, "bbox": {"xmin": 666, "ymin": 75, "ymax": 149, "xmax": 759}}, {"tid": 3, "generated": 0, "bbox": {"xmin": 726, "ymin": 269, "ymax": 483, "xmax": 838}}, {"tid": 4, "generated": 0, "bbox": {"xmin": 880, "ymin": 3, "ymax": 712, "xmax": 966}}], [{"tid": 0, "generated": 0, "bbox": {"xmin": 583, "ymin": 129, "ymax": 231, "xmax": 693}}, {"tid": 1, "generated": 0, "bbox": {"xmin": 389, "ymin": 81, "ymax": 181, "xmax": 536}}, {"tid": 2, "generated": 0, "bbox": {"xmin": 668, "ymin": 76, "ymax": 151, "xmax": 762}}, {"tid": 3, "generated": 0, "bbox": {"xmin": 730, "ymin": 269, "ymax": 483, "xmax": 842}}, {"tid": 4, "generated": 0, "bbox": {"xmin": 887, "ymin": 3, "ymax": 712, "xmax": 966}}], [{"tid": 0, "generated": 0, "bbox": {"xmin": 565, "ymin": 133, "ymax": 220, "xmax": 652}}, {"tid": 1, "generated": 0, "bbox": {"xmin": 387, "ymin": 85, "ymax": 183, "xmax": 535}}, {"tid": 2, "generated": 0, "bbox": {"xmin": 666, "ymin": 81, "ymax": 154, "xmax": 760}}, {"tid": 3, "generated": 0, "bbox": {"xmin": 733, "ymin": 268, "ymax": 482, "xmax": 845}}, {"tid": 4, "generated": 0, "bbox": {"xmin": 894, "ymin": 3, "ymax": 712, "xmax": 966}}], [{"tid": 0, "generated": 0, "bbox": {"xmin": 570, "ymin": 135, "ymax": 222, "xmax": 652}}, {"tid": 1, "generated": 0, "bbox": {"xmin": 387, "ymin": 83, "ymax": 183, "xmax": 536}}, {"tid": 2, "generated": 0, "bbox": {"xmin": 670, "ymin": 80, "ymax": 152, "xmax": 760}}, {"tid": 3, "generated": 0, "bbox": {"xmin": 736, "ymin": 267, "ymax": 481, "xmax": 848}}, {"tid": 4, "generated": 0, "bbox": {"xmin": 897, "ymin": 3, "ymax": 712, "xmax": 966}}], [{"tid": 0, "generated": 0, "bbox": {"xmin": 558, "ymin": 131, "ymax": 209, "xmax": 648}}, {"tid": 1, "generated": 0, "bbox": {"xmin": 389, "ymin": 85, "ymax": 184, "xmax": 540}}, {"tid": 2, "generated": 0, "bbox": {"xmin": 675, "ymin": 81, "ymax": 152, "xmax": 760}}, {"tid": 3, "generated": 0, "bbox": {"xmin": 739, "ymin": 266, "ymax": 480, "xmax": 851}}, {"tid": 4, "generated": 0, "bbox": {"xmin": 900, "ymin": 3, "ymax": 712, "xmax": 966}}], [{"tid": 0, "generated": 0, "bbox": {"xmin": 554, "ymin": 129, "ymax": 205, "xmax": 654}}, {"tid": 1, "generated": 0, "bbox": {"xmin": 389, "ymin": 85, "ymax": 190, "xmax": 542}}, {"tid": 2, "generated": 0, "bbox": {"xmin": 670, "ymin": 81, "ymax": 158, "xmax": 759}}, {"tid": 3, "generated": 0, "bbox": {"xmin": 741, "ymin": 265, "ymax": 479, "xmax": 853}}, {"tid": 4, "generated": 0, "bbox": {"xmin": 903, "ymin": 3, "ymax": 712, "xmax": 966}}], [{"tid": 0, "generated": 0, "bbox": {"xmin": 551, "ymin": 128, "ymax": 202, "xmax": 661}}, {"tid": 1, "generated": 0, "bbox": {"xmin": 385, "ymin": 88, "ymax": 186, "xmax": 542}}, {"tid": 2, "generated": 0, "bbox": {"xmin": 672, "ymin": 83, "ymax": 160, "xmax": 764}}, {"tid": 3, "generated": 0, "bbox": {"xmin": 744, "ymin": 264, "ymax": 478, "xmax": 856}}, {"tid": 4, "generated": 0, "bbox": {"xmin": 906, "ymin": 3, "ymax": 712, "xmax": 966}}], [], [], [], [], [], [], [], [], [], [], [], [], [], [], [], [], [], [], [], [], [], [], [], [], [], [], [], [], [], [], [{"tid": 0, "generated": 0, "bbox": {"xmin": 423, "ymin": 112, "ymax": 200, "xmax": 609}}, {"tid": 1, "generated": 0, "bbox": {"xmin": 403, "ymin": 99, "ymax": 202, "xmax": 446}}, {"tid": 2, "generated": 0, "bbox": {"xmin": 693, "ymin": 124, "ymax": 193, "xmax": 800}}, {"tid": 3, "generated": 0, "bbox": {"xmin": 847, "ymin": 268, "ymax": 482, "xmax": 959}}], [{"tid": 0, "generated": 0, "bbox": {"xmin": 421, "ymin": 111, "ymax": 198, "xmax": 597}}, {"tid": 1, "generated": 0, "bbox": {"xmin": 397, "ymin": 97, "ymax": 200, "xmax": 443}}, {"tid": 2, "generated": 0, "bbox": {"xmin": 694, "ymin": 127, "ymax": 198, "xmax": 800}}, {"tid": 3, "generated": 0, "bbox": {"xmin": 853, "ymin": 270, "ymax": 484, "xmax": 961}}], [{"tid": 0, "generated": 0, "bbox": {"xmin": 419, "ymin": 110, "ymax": 197, "xmax": 586}}, {"tid": 1, "generated": 0, "bbox": {"xmin": 392, "ymin": 96, "ymax": 199, "xmax": 440}}, {"tid": 2, "generated": 0, "bbox": {"xmin": 695, "ymin": 131, "ymax": 204, "xmax": 800}}, {"tid": 3, "generated": 0, "bbox": {"xmin": 859, "ymin": 272, "ymax": 486, "xmax": 963}}], [{"tid": 0, "generated": 0, "bbox": {"xmin": 435, "ymin": 112, "ymax": 216, "xmax": 608}}, {"tid": 1, "generated": 0, "bbox": {"xmin": 391, "ymin": 92, "ymax": 201, "xmax": 441}}, {"tid": 2, "generated": 0, "bbox": {"xmin": 695, "ymin": 131, "ymax": 206, "xmax": 800}}, {"tid": 3, "generated": 0, "bbox": {"xmin": 865, "ymin": 274, "ymax": 488, "xmax": 966}}], [{"tid": 0, "generated": 0, "bbox": {"xmin": 433, "ymin": 111, "ymax": 212, "xmax": 571}}, {"tid": 1, "generated": 0, "bbox": {"xmin": 391, "ymin": 88, "ymax": 204, "xmax": 442}}, {"tid": 2, "generated": 0, "bbox": {"xmin": 696, "ymin": 131, "ymax": 209, "xmax": 800}}, {"tid": 3, "generated": 0, "bbox": {"xmin": 871, "ymin": 276, "ymax": 490, "xmax": 968}}], [{"tid": 0, "generated": 0, "bbox": {"xmin": 432, "ymin": 110, "ymax": 209, "xmax": 535}}, {"tid": 1, "generated": 0, "bbox": {"xmin": 390, "ymin": 89, "ymax": 209, "xmax": 443}}, {"tid": 2, "generated": 0, "bbox": {"xmin": 698, "ymin": 131, "ymax": 209, "xmax": 801}}, {"tid": 3, "generated": 0, "bbox": {"xmin": 877, "ymin": 278, "ymax": 492, "xmax": 970}}], [{"tid": 0, "generated": 0, "bbox": {"xmin": 427, "ymin": 108, "ymax": 207, "xmax": 559}}, {"tid": 1, "generated": 0, "bbox": {"xmin": 389, "ymin": 90, "ymax": 215, "xmax": 444}}, {"tid": 2, "generated": 0, "bbox": {"xmin": 699, "ymin": 133, "ymax": 212, "xmax": 802}}, {"tid": 3, "generated": 0, "bbox": {"xmin": 883, "ymin": 279, "ymax": 493, "xmax": 972}}], [{"tid": 0, "generated": 0, "bbox": {"xmin": 423, "ymin": 106, "ymax": 206, "xmax": 583}}, {"tid": 1, "generated": 0, "bbox": {"xmin": 388, "ymin": 88, "ymax": 216, "xmax": 446}}, {"tid": 2, "generated": 0, "bbox": {"xmin": 701, "ymin": 136, "ymax": 215, "xmax": 804}}, {"tid": 3, "generated": 0, "bbox": {"xmin": 888, "ymin": 279, "ymax": 493, "xmax": 974}}], [{"tid": 0, "generated": 0, "bbox": {"xmin": 430, "ymin": 112, "ymax": 213, "xmax": 577}}, {"tid": 1, "generated": 0, "bbox": {"xmin": 387, "ymin": 87, "ymax": 218, "xmax": 448}}, {"tid": 2, "generated": 0, "bbox": {"xmin": 703, "ymin": 139, "ymax": 218, "xmax": 806}}, {"tid": 3, "generated": 0, "bbox": {"xmin": 894, "ymin": 280, "ymax": 494, "xmax": 976}}], [{"tid": 0, "generated": 0, "bbox": {"xmin": 424, "ymin": 112, "ymax": 214, "xmax": 577}}, {"tid": 1, "generated": 0, "bbox": {"xmin": 386, "ymin": 92, "ymax": 208, "xmax": 451}}, {"tid": 2, "generated": 0, "bbox": {"xmin": 705, "ymin": 142, "ymax": 221, "xmax": 808}}, {"tid": 3, "generated": 0, "bbox": {"xmin": 899, "ymin": 280, "ymax": 494, "xmax": 978}}], [{"tid": 0, "generated": 0, "bbox": {"xmin": 419, "ymin": 113, "ymax": 215, "xmax": 577}}, {"tid": 1, "generated": 0, "bbox": {"xmin": 385, "ymin": 97, "ymax": 199, "xmax": 455}}, {"tid": 2, "generated": 0, "bbox": {"xmin": 707, "ymin": 145, "ymax": 224, "xmax": 810}}, {"tid": 3, "generated": 0, "bbox": {"xmin": 905, "ymin": 281, "ymax": 495, "xmax": 980}}], [{"tid": 0, "generated": 0, "bbox": {"xmin": 416, "ymin": 101, "ymax": 204, "xmax": 570}}, {"tid": 1, "generated": 0, "bbox": {"xmin": 380, "ymin": 90, "ymax": 211, "xmax": 448}}, {"tid": 2, "generated": 0, "bbox": {"xmin": 710, "ymin": 148, "ymax": 228, "xmax": 813}}, {"tid": 3, "generated": 0, "bbox": {"xmin": 906, "ymin": 281, "ymax": 495, "xmax": 980}}], [{"tid": 0, "generated": 0, "bbox": {"xmin": 416, "ymin": 104, "ymax": 208, "xmax": 567}}, {"tid": 1, "generated": 0, "bbox": {"xmin": 380, "ymin": 97, "ymax": 222, "xmax": 448}}, {"tid": 2, "generated": 0, "bbox": {"xmin": 714, "ymin": 152, "ymax": 232, "xmax": 817}}, {"tid": 3, "generated": 0, "bbox": {"xmin": 907, "ymin": 281, "ymax": 495, "xmax": 980}}], [{"tid": 0, "generated": 0, "bbox": {"xmin": 416, "ymin": 110, "ymax": 213, "xmax": 574}}, {"tid": 1, "generated": 0, "bbox": {"xmin": 378, "ymin": 104, "ymax": 225, "xmax": 448}}, {"tid": 2, "generated": 0, "bbox": {"xmin": 717, "ymin": 156, "ymax": 236, "xmax": 820}}, {"tid": 3, "generated": 0, "bbox": {"xmin": 908, "ymin": 281, "ymax": 495, "xmax": 980}}], [{"tid": 0, "generated": 0, "bbox": {"xmin": 424, "ymin": 110, "ymax": 216, "xmax": 565}}, {"tid": 1, "generated": 0, "bbox": {"xmin": 380, "ymin": 104, "ymax": 213, "xmax": 449}}, {"tid": 2, "generated": 0, "bbox": {"xmin": 721, "ymin": 160, "ymax": 241, "xmax": 824}}, {"tid": 3, "generated": 0, "bbox": {"xmin": 909, "ymin": 281, "ymax": 495, "xmax": 980}}], [{"tid": 0, "generated": 0, "bbox": {"xmin": 426, "ymin": 110, "ymax": 218, "xmax": 565}}, {"tid": 1, "generated": 0, "bbox": {"xmin": 378, "ymin": 108, "ymax": 215, "xmax": 449}}, {"tid": 2, "generated": 0, "bbox": {"xmin": 716, "ymin": 158, "ymax": 232, "xmax": 821}}, {"tid": 3, "generated": 0, "bbox": {"xmin": 910, "ymin": 281, "ymax": 495, "xmax": 980}}], [{"tid": 0, "generated": 0, "bbox": {"xmin": 429, "ymin": 111, "ymax": 221, "xmax": 566}}, {"tid": 1, "generated": 0, "bbox": {"xmin": 376, "ymin": 112, "ymax": 218, "xmax": 449}}, {"tid": 2, "generated": 0, "bbox": {"xmin": 719, "ymin": 163, "ymax": 238, "xmax": 824}}, {"tid": 3, "generated": 0, "bbox": {"xmin": 910, "ymin": 286, "ymax": 501, "xmax": 980}}], [{"tid": 0, "generated": 0, "bbox": {"xmin": 432, "ymin": 112, "ymax": 224, "xmax": 567}}, {"tid": 1, "generated": 0, "bbox": {"xmin": 374, "ymin": 113, "ymax": 224, "xmax": 448}}, {"tid": 2, "generated": 0, "bbox": {"xmin": 723, "ymin": 169, "ymax": 244, "xmax": 828}}, {"tid": 3, "generated": 0, "bbox": {"xmin": 911, "ymin": 291, "ymax": 508, "xmax": 980}}], [{"tid": 0, "generated": 0, "bbox": {"xmin": 436, "ymin": 119, "ymax": 232, "xmax": 567}}, {"tid": 1, "generated": 0, "bbox": {"xmin": 373, "ymin": 115, "ymax": 231, "xmax": 448}}, {"tid": 2, "generated": 0, "bbox": {"xmin": 726, "ymin": 174, "ymax": 250, "xmax": 831}}, {"tid": 3, "generated": 0, "bbox": {"xmin": 911, "ymin": 297, "ymax": 514, "xmax": 980}}], [{"tid": 0, "generated": 0, "bbox": {"xmin": 440, "ymin": 126, "ymax": 241, "xmax": 568}}, {"tid": 1, "generated": 0, "bbox": {"xmin": 369, "ymin": 117, "ymax": 225, "xmax": 448}}, {"tid": 2, "generated": 0, "bbox": {"xmin": 730, "ymin": 180, "ymax": 256, "xmax": 835}}, {"tid": 3, "generated": 0, "bbox": {"xmin": 912, "ymin": 302, "ymax": 521, "xmax": 980}}], [{"tid": 0, "generated": 0, "bbox": {"xmin": 446, "ymin": 131, "ymax": 250, "xmax": 570}}, {"tid": 1, "generated": 0, "bbox": {"xmin": 366, "ymin": 120, "ymax": 232, "xmax": 449}}, {"tid": 2, "generated": 0, "bbox": {"xmin": 734, "ymin": 186, "ymax": 263, "xmax": 839}}, {"tid": 3, "generated": 0, "bbox": {"xmin": 912, "ymin": 307, "ymax": 527, "xmax": 980}}], [{"tid": 0, "generated": 0, "bbox": {"xmin": 446, "ymin": 133, "ymax": 247, "xmax": 572}}, {"tid": 1, "generated": 0, "bbox": {"xmin": 364, "ymin": 122, "ymax": 240, "xmax": 451}}, {"tid": 2, "generated": 0, "bbox": {"xmin": 735, "ymin": 188, "ymax": 267, "xmax": 838}}, {"tid": 3, "generated": 0, "bbox": {"xmin": 916, "ymin": 315, "ymax": 535, "xmax": 980}}], [{"tid": 0, "generated": 0, "bbox": {"xmin": 433, "ymin": 136, "ymax": 247, "xmax": 570}}, {"tid": 1, "generated": 0, "bbox": {"xmin": 362, "ymin": 126, "ymax": 248, "xmax": 455}}, {"tid": 2, "generated": 0, "bbox": {"xmin": 736, "ymin": 190, "ymax": 272, "xmax": 837}}, {"tid": 3, "generated": 0, "bbox": {"xmin": 920, "ymin": 323, "ymax": 543, "xmax": 980}}], [{"tid": 0, "generated": 0, "bbox": {"xmin": 446, "ymin": 140, "ymax": 252, "xmax": 570}}, {"tid": 1, "generated": 0, "bbox": {"xmin": 360, "ymin": 126, "ymax": 241, "xmax": 453}}, {"tid": 2, "generated": 0, "bbox": {"xmin": 737, "ymin": 192, "ymax": 273, "xmax": 838}}, {"tid": 3, "generated": 0, "bbox": {"xmin": 925, "ymin": 332, "ymax": 552, "xmax": 981}}], [{"tid": 0, "generated": 0, "bbox": {"xmin": 435, "ymin": 152, "ymax": 254, "xmax": 568}}, {"tid": 1, "generated": 0, "bbox": {"xmin": 359, "ymin": 136, "ymax": 240, "xmax": 462}}, {"tid": 2, "generated": 0, "bbox": {"xmin": 739, "ymin": 195, "ymax": 275, "xmax": 839}}, {"tid": 3, "generated": 0, "bbox": {"xmin": 929, "ymin": 340, "ymax": 560, "xmax": 981}}], [{"tid": 0, "generated": 0, "bbox": {"xmin": 448, "ymin": 160, "ymax": 259, "xmax": 574}}, {"tid": 1, "generated": 0, "bbox": {"xmin": 346, "ymin": 147, "ymax": 247, "xmax": 465}}, {"tid": 2, "generated": 0, "bbox": {"xmin": 741, "ymin": 204, "ymax": 283, "xmax": 839}}, {"tid": 3, "generated": 0, "bbox": {"xmin": 933, "ymin": 348, "ymax": 568, "xmax": 981}}], [{"tid": 0, "generated": 0, "bbox": {"xmin": 451, "ymin": 165, "ymax": 263, "xmax": 572}}, {"tid": 1, "generated": 0, "bbox": {"xmin": 344, "ymin": 151, "ymax": 254, "xmax": 458}}, {"tid": 2, "generated": 0, "bbox": {"xmin": 743, "ymin": 213, "ymax": 291, "xmax": 840}}, {"tid": 3, "generated": 0, "bbox": {"xmin": 937, "ymin": 348, "ymax": 568, "xmax": 981}}], [{"tid": 0, "generated": 0, "bbox": {"xmin": 448, "ymin": 165, "ymax": 259, "xmax": 568}}, {"tid": 1, "generated": 0, "bbox": {"xmin": 344, "ymin": 147, "ymax": 250, "xmax": 465}}, {"tid": 2, "generated": 0, "bbox": {"xmin": 745, "ymin": 217, "ymax": 295, "xmax": 841}}, {"tid": 3, "generated": 0, "bbox": {"xmin": 940, "ymin": 348, "ymax": 568, "xmax": 981}}], [{"tid": 0, "generated": 0, "bbox": {"xmin": 453, "ymin": 170, "ymax": 264, "xmax": 568}}, {"tid": 1, "generated": 0, "bbox": {"xmin": 344, "ymin": 154, "ymax": 254, "xmax": 471}}, {"tid": 2, "generated": 0, "bbox": {"xmin": 747, "ymin": 222, "ymax": 299, "xmax": 843}}, {"tid": 3, "generated": 0, "bbox": {"xmin": 944, "ymin": 348, "ymax": 568, "xmax": 981}}], [{"tid": 0, "generated": 0, "bbox": {"xmin": 449, "ymin": 170, "ymax": 268, "xmax": 568}}, {"tid": 1, "generated": 0, "bbox": {"xmin": 343, "ymin": 158, "ymax": 257, "xmax": 478}}, {"tid": 2, "generated": 0, "bbox": {"xmin": 749, "ymin": 226, "ymax": 303, "xmax": 844}}, {"tid": 3, "generated": 0, "bbox": {"xmin": 947, "ymin": 348, "ymax": 568, "xmax": 981}}], [], [], [], [], [], [], [], [], [], [], [], [], [], [], [], [], [], [], [], [], [], [], [], [], [], [], [], [], [], [], [{"tid": 0, "generated": 0, "bbox": {"xmin": 456, "ymin": 227, "ymax": 316, "xmax": 586}}, {"tid": 2, "generated": 0, "bbox": {"xmin": 791, "ymin": 270, "ymax": 353, "xmax": 885}}, {"tid": 3, "generated": 0, "bbox": {"xmin": 967, "ymin": 348, "ymax": 568, "xmax": 981}}], [{"tid": 0, "generated": 0, "bbox": {"xmin": 458, "ymin": 234, "ymax": 321, "xmax": 606}}, {"tid": 2, "generated": 0, "bbox": {"xmin": 791, "ymin": 271, "ymax": 354, "xmax": 886}}, {"tid": 3, "generated": 0, "bbox": {"xmin": 967, "ymin": 348, "ymax": 568, "xmax": 981}}], [{"tid": 0, "generated": 0, "bbox": {"xmin": 456, "ymin": 238, "ymax": 321, "xmax": 599}}, {"tid": 2, "generated": 0, "bbox": {"xmin": 791, "ymin": 272, "ymax": 355, "xmax": 887}}, {"tid": 3, "generated": 0, "bbox": {"xmin": 967, "ymin": 348, "ymax": 568, "xmax": 981}}], [{"tid": 0, "generated": 0, "bbox": {"xmin": 455, "ymin": 234, "ymax": 318, "xmax": 600}}, {"tid": 2, "generated": 0, "bbox": {"xmin": 792, "ymin": 273, "ymax": 356, "xmax": 888}}, {"tid": 3, "generated": 0, "bbox": {"xmin": 967, "ymin": 348, "ymax": 568, "xmax": 981}}], [{"tid": 0, "generated": 0, "bbox": {"xmin": 455, "ymin": 232, "ymax": 321, "xmax": 600}}, {"tid": 2, "generated": 0, "bbox": {"xmin": 792, "ymin": 274, "ymax": 358, "xmax": 889}}, {"tid": 3, "generated": 0, "bbox": {"xmin": 967, "ymin": 348, "ymax": 568, "xmax": 981}}], [{"tid": 0, "generated": 0, "bbox": {"xmin": 455, "ymin": 236, "ymax": 318, "xmax": 602}}, {"tid": 2, "generated": 0, "bbox": {"xmin": 793, "ymin": 275, "ymax": 359, "xmax": 890}}, {"tid": 3, "generated": 0, "bbox": {"xmin": 967, "ymin": 348, "ymax": 568, "xmax": 981}}], [{"tid": 0, "generated": 0, "bbox": {"xmin": 456, "ymin": 238, "ymax": 320, "xmax": 606}}, {"tid": 2, "generated": 0, "bbox": {"xmin": 793, "ymin": 276, "ymax": 360, "xmax": 891}}, {"tid": 3, "generated": 0, "bbox": {"xmin": 962, "ymin": 348, "ymax": 568, "xmax": 981}}], [{"tid": 0, "generated": 0, "bbox": {"xmin": 448, "ymin": 241, "ymax": 328, "xmax": 611}}, {"tid": 2, "generated": 0, "bbox": {"xmin": 794, "ymin": 277, "ymax": 362, "xmax": 892}}, {"tid": 3, "generated": 0, "bbox": {"xmin": 956, "ymin": 348, "ymax": 568, "xmax": 981}}], [{"tid": 0, "generated": 0, "bbox": {"xmin": 444, "ymin": 240, "ymax": 328, "xmax": 611}}, {"tid": 2, "generated": 0, "bbox": {"xmin": 792, "ymin": 277, "ymax": 364, "xmax": 896}}, {"tid": 3, "generated": 0, "bbox": {"xmin": 951, "ymin": 348, "ymax": 568, "xmax": 981}}], [{"tid": 0, "generated": 0, "bbox": {"xmin": 449, "ymin": 236, "ymax": 327, "xmax": 613}}, {"tid": 2, "generated": 0, "bbox": {"xmin": 794, "ymin": 278, "ymax": 363, "xmax": 895}}, {"tid": 3, "generated": 0, "bbox": {"xmin": 945, "ymin": 348, "ymax": 568, "xmax": 981}}], [{"tid": 0, "generated": 0, "bbox": {"xmin": 442, "ymin": 238, "ymax": 328, "xmax": 618}}, {"tid": 2, "generated": 0, "bbox": {"xmin": 796, "ymin": 279, "ymax": 362, "xmax": 894}}, {"tid": 3, "generated": 0, "bbox": {"xmin": 940, "ymin": 348, "ymax": 568, "xmax": 981}}], [{"tid": 0, "generated": 0, "bbox": {"xmin": 442, "ymin": 238, "ymax": 330, "xmax": 613}}, {"tid": 2, "generated": 0, "bbox": {"xmin": 792, "ymin": 279, "ymax": 364, "xmax": 887}}, {"tid": 3, "generated": 0, "bbox": {"xmin": 940, "ymin": 348, "ymax": 568, "xmax": 981}}], [{"tid": 0, "generated": 0, "bbox": {"xmin": 440, "ymin": 241, "ymax": 327, "xmax": 618}}, {"tid": 2, "generated": 0, "bbox": {"xmin": 792, "ymin": 277, "ymax": 368, "xmax": 885}}, {"tid": 3, "generated": 0, "bbox": {"xmin": 940, "ymin": 348, "ymax": 568, "xmax": 981}}], [{"tid": 0, "generated": 0, "bbox": {"xmin": 448, "ymin": 241, "ymax": 328, "xmax": 618}}, {"tid": 2, "generated": 0, "bbox": {"xmin": 796, "ymin": 279, "ymax": 368, "xmax": 889}}, {"tid": 3, "generated": 0, "bbox": {"xmin": 940, "ymin": 348, "ymax": 568, "xmax": 981}}], [{"tid": 0, "generated": 0, "bbox": {"xmin": 448, "ymin": 238, "ymax": 328, "xmax": 624}}, {"tid": 2, "generated": 0, "bbox": {"xmin": 800, "ymin": 282, "ymax": 369, "xmax": 894}}, {"tid": 3, "generated": 0, "bbox": {"xmin": 940, "ymin": 348, "ymax": 568, "xmax": 981}}], [{"tid": 0, "generated": 0, "bbox": {"xmin": 449, "ymin": 240, "ymax": 327, "xmax": 622}}, {"tid": 2, "generated": 0, "bbox": {"xmin": 799, "ymin": 283, "ymax": 368, "xmax": 894}}, {"tid": 3, "generated": 0, "bbox": {"xmin": 940, "ymin": 348, "ymax": 568, "xmax": 981}}], [{"tid": 0, "generated": 0, "bbox": {"xmin": 460, "ymin": 240, "ymax": 330, "xmax": 625}}, {"tid": 2, "generated": 0, "bbox": {"xmin": 798, "ymin": 284, "ymax": 368, "xmax": 894}}, {"tid": 3, "generated": 0, "bbox": {"xmin": 936, "ymin": 348, "ymax": 568, "xmax": 981}}], [{"tid": 0, "generated": 0, "bbox": {"xmin": 451, "ymin": 243, "ymax": 330, "xmax": 624}}, {"tid": 2, "generated": 0, "bbox": {"xmin": 800, "ymin": 282, "ymax": 369, "xmax": 899}}, {"tid": 3, "generated": 0, "bbox": {"xmin": 932, "ymin": 348, "ymax": 568, "xmax": 981}}], [{"tid": 0, "generated": 0, "bbox": {"xmin": 446, "ymin": 241, "ymax": 330, "xmax": 624}}, {"tid": 2, "generated": 0, "bbox": {"xmin": 800, "ymin": 284, "ymax": 373, "xmax": 901}}, {"tid": 3, "generated": 0, "bbox": {"xmin": 928, "ymin": 348, "ymax": 568, "xmax": 981}}], [{"tid": 0, "generated": 0, "bbox": {"xmin": 446, "ymin": 243, "ymax": 330, "xmax": 638}}, {"tid": 2, "generated": 0, "bbox": {"xmin": 802, "ymin": 285, "ymax": 371, "xmax": 904}}, {"tid": 3, "generated": 0, "bbox": {"xmin": 924, "ymin": 348, "ymax": 568, "xmax": 981}}], [{"tid": 0, "generated": 0, "bbox": {"xmin": 448, "ymin": 243, "ymax": 334, "xmax": 636}}, {"tid": 2, "generated": 0, "bbox": {"xmin": 805, "ymin": 286, "ymax": 369, "xmax": 908}}, {"tid": 3, "generated": 0, "bbox": {"xmin": 920, "ymin": 348, "ymax": 568, "xmax": 981}}], [{"tid": 0, "generated": 0, "bbox": {"xmin": 451, "ymin": 245, "ymax": 334, "xmax": 638}}, {"tid": 2, "generated": 0, "bbox": {"xmin": 800, "ymin": 286, "ymax": 368, "xmax": 903}}, {"tid": 3, "generated": 0, "bbox": {"xmin": 920, "ymin": 348, "ymax": 568, "xmax": 981}}], [{"tid": 0, "generated": 0, "bbox": {"xmin": 451, "ymin": 245, "ymax": 327, "xmax": 641}}, {"tid": 2, "generated": 0, "bbox": {"xmin": 800, "ymin": 288, "ymax": 369, "xmax": 903}}, {"tid": 3, "generated": 0, "bbox": {"xmin": 920, "ymin": 348, "ymax": 568, "xmax": 981}}], [{"tid": 0, "generated": 0, "bbox": {"xmin": 455, "ymin": 245, "ymax": 334, "xmax": 640}}, {"tid": 2, "generated": 0, "bbox": {"xmin": 800, "ymin": 290, "ymax": 370, "xmax": 903}}, {"tid": 3, "generated": 0, "bbox": {"xmin": 920, "ymin": 348, "ymax": 568, "xmax": 981}}], [{"tid": 0, "generated": 0, "bbox": {"xmin": 449, "ymin": 241, "ymax": 334, "xmax": 640}}, {"tid": 2, "generated": 0, "bbox": {"xmin": 801, "ymin": 293, "ymax": 371, "xmax": 903}}, {"tid": 3, "generated": 0, "bbox": {"xmin": 920, "ymin": 348, "ymax": 568, "xmax": 981}}], [{"tid": 0, "generated": 0, "bbox": {"xmin": 449, "ymin": 243, "ymax": 334, "xmax": 641}}, {"tid": 2, "generated": 0, "bbox": {"xmin": 802, "ymin": 293, "ymax": 371, "xmax": 904}}, {"tid": 3, "generated": 0, "bbox": {"xmin": 920, "ymin": 348, "ymax": 568, "xmax": 981}}], [{"tid": 0, "generated": 0, "bbox": {"xmin": 451, "ymin": 241, "ymax": 334, "xmax": 647}}, {"tid": 2, "generated": 0, "bbox": {"xmin": 803, "ymin": 293, "ymax": 372, "xmax": 905}}, {"tid": 3, "generated": 0, "bbox": {"xmin": 920, "ymin": 348, "ymax": 568, "xmax": 981}}], [{"tid": 0, "generated": 0, "bbox": {"xmin": 448, "ymin": 240, "ymax": 336, "xmax": 643}}, {"tid": 2, "generated": 0, "bbox": {"xmin": 804, "ymin": 294, "ymax": 373, "xmax": 907}}, {"tid": 3, "generated": 0, "bbox": {"xmin": 920, "ymin": 348, "ymax": 568, "xmax": 981}}], [{"tid": 0, "generated": 0, "bbox": {"xmin": 449, "ymin": 243, "ymax": 334, "xmax": 638}}, {"tid": 2, "generated": 0, "bbox": {"xmin": 805, "ymin": 294, "ymax": 374, "xmax": 908}}, {"tid": 3, "generated": 0, "bbox": {"xmin": 920, "ymin": 348, "ymax": 568, "xmax": 981}}], [{"tid": 0, "generated": 0, "bbox": {"xmin": 451, "ymin": 238, "ymax": 334, "xmax": 638}}, {"tid": 2, "generated": 0, "bbox": {"xmin": 807, "ymin": 295, "ymax": 375, "xmax": 910}}, {"tid": 3, "generated": 0, "bbox": {"xmin": 920, "ymin": 348, "ymax": 568, "xmax": 981}}]], "subject/objects": [{"category": "lion", "tid": 0}, {"category": "lion", "tid": 1}, {"category": "lion", "tid": 2}, {"category": "person", "tid": 3}, {"category": "person", "tid": 4}], "relation_instances": [{"end_fid": 30, "subject_tid": 0, "predicate": "run_behind", "begin_fid": 0, "object_tid": 1}, {"end_fid": 30, "subject_tid": 1, "predicate": "walk_front", "begin_fid": 0, "object_tid": 0}, {"end_fid": 30, "subject_tid": 0, "predicate": "run_behind", "begin_fid": 0, "object_tid": 2}, {"end_fid": 30, "subject_tid": 2, "predicate": "walk_front", "begin_fid": 0, "object_tid": 0}, {"end_fid": 30, "subject_tid": 0, "predicate": "run_right", "begin_fid": 0, "object_tid": 3}, {"end_fid": 30, "subject_tid": 0, "predicate": "run_next_to", "begin_fid": 0, "object_tid": 3}, {"end_fid": 30, "subject_tid": 3, "predicate": "run_next_to", "begin_fid": 0, "object_tid": 0}, {"end_fid": 30, "subject_tid": 3, "predicate": "run_left", "begin_fid": 0, "object_tid": 0}, {"end_fid": 30, "subject_tid": 3, "predicate": "taller", "begin_fid": 0, "object_tid": 0}, {"end_fid": 30, "subject_tid": 1, "predicate": "walk_toward", "begin_fid": 0, "object_tid": 2}, {"end_fid": 30, "subject_tid": 1, "predicate": "walk_left", "begin_fid": 0, "object_tid": 2}, {"end_fid": 30, "subject_tid": 2, "predicate": "walk_right", "begin_fid": 0, "object_tid": 1}, {"end_fid": 30, "subject_tid": 2, "predicate": "walk_toward", "begin_fid": 0, "object_tid": 1}, {"end_fid": 30, "subject_tid": 1, "predicate": "walk_front", "begin_fid": 0, "object_tid": 3}, {"end_fid": 30, "subject_tid": 1, "predicate": "walk_left", "begin_fid": 0, "object_tid": 3}, {"end_fid": 30, "subject_tid": 3, "predicate": "run_right", "begin_fid": 0, "object_tid": 1}, {"end_fid": 30, "subject_tid": 3, "predicate": "run_behind", "begin_fid": 0, "object_tid": 1}, {"end_fid": 30, "subject_tid": 2, "predicate": "walk_front", "begin_fid": 0, "object_tid": 3}, {"end_fid": 30, "subject_tid": 3, "predicate": "run_behind", "begin_fid": 0, "object_tid": 2}, {"end_fid": 75, "subject_tid": 3, "predicate": "run_front", "begin_fid": 45, "object_tid": 4}, {"end_fid": 75, "subject_tid": 4, "predicate": "walk_behind", "begin_fid": 45, "object_tid": 3}, {"end_fid": 120, "subject_tid": 0, "predicate": "run_behind", "begin_fid": 90, "object_tid": 1}, {"end_fid": 120, "subject_tid": 0, "predicate": "run_toward", "begin_fid": 90, "object_tid": 1}, {"end_fid": 120, "subject_tid": 1, "predicate": "stand_front", "begin_fid": 90, "object_tid": 0}, {"end_fid": 120, "subject_tid": 0, "predicate": "run_behind", "begin_fid": 90, "object_tid": 2}, {"end_fid": 120, "subject_tid": 2, "predicate": "stand_front", "begin_fid": 90, "object_tid": 0}, {"end_fid": 120, "subject_tid": 0, "predicate": "run_front", "begin_fid": 90, "object_tid": 3}, {"end_fid": 120, "subject_tid": 3, "predicate": "run_behind", "begin_fid": 90, "object_tid": 0}, {"end_fid": 120, "subject_tid": 0, "predicate": "run_front", "begin_fid": 90, "object_tid": 4}, {"end_fid": 120, "subject_tid": 4, "predicate": "stand_behind", "begin_fid": 90, "object_tid": 0}, {"end_fid": 120, "subject_tid": 1, "predicate": "left", "begin_fid": 90, "object_tid": 2}, {"end_fid": 120, "subject_tid": 2, "predicate": "right", "begin_fid": 90, "object_tid": 1}, {"end_fid": 120, "subject_tid": 1, "predicate": "stand_front", "begin_fid": 90, "object_tid": 3}, {"end_fid": 120, "subject_tid": 1, "predicate": "stand_left", "begin_fid": 90, "object_tid": 3}, {"end_fid": 120, "subject_tid": 3, "predicate": "run_right", "begin_fid": 90, "object_tid": 1}, {"end_fid": 120, "subject_tid": 3, "predicate": "run_behind", "begin_fid": 90, "object_tid": 1}, {"end_fid": 120, "subject_tid": 1, "predicate": "stand_front", "begin_fid": 90, "object_tid": 4}, {"end_fid": 120, "subject_tid": 1, "predicate": "stand_left", "begin_fid": 90, "object_tid": 4}, {"end_fid": 120, "subject_tid": 4, "predicate": "stand_right", "begin_fid": 90, "object_tid": 1}, {"end_fid": 120, "subject_tid": 4, "predicate": "stand_behind", "begin_fid": 90, "object_tid": 1}, {"end_fid": 120, "subject_tid": 2, "predicate": "stand_front", "begin_fid": 90, "object_tid": 3}, {"end_fid": 120, "subject_tid": 3, "predicate": "run_behind", "begin_fid": 90, "object_tid": 2}, {"end_fid": 120, "subject_tid": 2, "predicate": "stand_front", "begin_fid": 90, "object_tid": 4}, {"end_fid": 120, "subject_tid": 4, "predicate": "stand_behind", "begin_fid": 90, "object_tid": 2}, {"end_fid": 120, "subject_tid": 3, "predicate": "run_front", "begin_fid": 90, "object_tid": 4}, {"end_fid": 120, "subject_tid": 4, "predicate": "stand_behind", "begin_fid": 90, "object_tid": 3}, {"end_fid": 180, "subject_tid": 0, "predicate": "behind", "begin_fid": 150, "object_tid": 1}, {"end_fid": 180, "subject_tid": 0, "predicate": "fight", "begin_fid": 150, "object_tid": 1}, {"end_fid": 180, "subject_tid": 1, "predicate": "front", "begin_fid": 150, "object_tid": 0}, {"end_fid": 180, "subject_tid": 0, "predicate": "walk_left", "begin_fid": 150, "object_tid": 2}, {"end_fid": 180, "subject_tid": 2, "predicate": "stand_right", "begin_fid": 150, "object_tid": 0}, {"end_fid": 180, "subject_tid": 0, "predicate": "walk_front", "begin_fid": 150, "object_tid": 3}, {"end_fid": 180, "subject_tid": 0, "predicate": "walk_left", "begin_fid": 150, "object_tid": 3}, {"end_fid": 180, "subject_tid": 3, "predicate": "walk_right", "begin_fid": 150, "object_tid": 0}, {"end_fid": 180, "subject_tid": 3, "predicate": "walk_behind", "begin_fid": 150, "object_tid": 0}, {"end_fid": 180, "subject_tid": 1, "predicate": "walk_left", "begin_fid": 150, "object_tid": 2}, {"end_fid": 180, "subject_tid": 2, "predicate": "stand_right", "begin_fid": 150, "object_tid": 1}, {"end_fid": 180, "subject_tid": 1, "predicate": "walk_front", "begin_fid": 150, "object_tid": 3}, {"end_fid": 180, "subject_tid": 1, "predicate": "walk_left", "begin_fid": 150, "object_tid": 3}, {"end_fid": 180, "subject_tid": 3, "predicate": "walk_right", "begin_fid": 150, "object_tid": 1}, {"end_fid": 180, "subject_tid": 3, "predicate": "walk_behind", "begin_fid": 150, "object_tid": 1}, {"end_fid": 180, "subject_tid": 2, "predicate": "stand_front", "begin_fid": 150, "object_tid": 3}, {"end_fid": 180, "subject_tid": 3, "predicate": "walk_behind", "begin_fid": 150, "object_tid": 2}, {"end_fid": 240, "subject_tid": 0, "predicate": "stand_left", "begin_fid": 210, "object_tid": 2}, {"end_fid": 240, "subject_tid": 2, "predicate": "stand_right", "begin_fid": 210, "object_tid": 0}, {"end_fid": 240, "subject_tid": 0, "predicate": "stand_front", "begin_fid": 210, "object_tid": 3}, {"end_fid": 240, "subject_tid": 0, "predicate": "stand_left", "begin_fid": 210, "object_tid": 3}, {"end_fid": 240, "subject_tid": 3, "predicate": "walk_right", "begin_fid": 210, "object_tid": 0}, {"end_fid": 240, "subject_tid": 3, "predicate": "walk_behind", "begin_fid": 210, "object_tid": 0}, {"end_fid": 240, "subject_tid": 2, "predicate": "stand_front", "begin_fid": 210, "object_tid": 3}, {"end_fid": 240, "subject_tid": 3, "predicate": "walk_behind", "begin_fid": 210, "object_tid": 2}], "height": 720}