{"width": 1280, "frame_count": 44, "video_id": "ILSVRC2015_train_00240010", "fps": 24, "trajectories": [[{"tid": 0, "generated": 0, "bbox": {"xmin": 248, "ymin": 133, "ymax": 643, "xmax": 1029}}, {"tid": 1, "generated": 0, "bbox": {"xmin": 321, "ymin": 2, "ymax": 498, "xmax": 774}}], [{"tid": 0, "generated": 0, "bbox": {"xmin": 247, "ymin": 128, "ymax": 639, "xmax": 1024}}, {"tid": 1, "generated": 0, "bbox": {"xmin": 317, "ymin": 2, "ymax": 498, "xmax": 769}}], [{"tid": 0, "generated": 0, "bbox": {"xmin": 247, "ymin": 124, "ymax": 636, "xmax": 1020}}, {"tid": 1, "generated": 0, "bbox": {"xmin": 313, "ymin": 2, "ymax": 498, "xmax": 765}}], [{"tid": 0, "generated": 0, "bbox": {"xmin": 246, "ymin": 129, "ymax": 642, "xmax": 1013}}, {"tid": 1, "generated": 0, "bbox": {"xmin": 309, "ymin": 2, "ymax": 498, "xmax": 760}}], [{"tid": 0, "generated": 0, "bbox": {"xmin": 246, "ymin": 134, "ymax": 648, "xmax": 1006}}, {"tid": 1, "generated": 0, "bbox": {"xmin": 305, "ymin": 2, "ymax": 498, "xmax": 756}}], [{"tid": 0, "generated": 0, "bbox": {"xmin": 246, "ymin": 139, "ymax": 654, "xmax": 999}}, {"tid": 1, "generated": 0, "bbox": {"xmin": 301, "ymin": 2, "ymax": 498, "xmax": 751}}], [{"tid": 0, "generated": 0, "bbox": {"xmin": 245, "ymin": 144, "ymax": 660, "xmax": 992}}, {"tid": 1, "generated": 0, "bbox": {"xmin": 301, "ymin": 2, "ymax": 498, "xmax": 751}}], [{"tid": 0, "generated": 0, "bbox": {"xmin": 245, "ymin": 149, "ymax": 666, "xmax": 985}}, {"tid": 1, "generated": 0, "bbox": {"xmin": 301, "ymin": 2, "ymax": 498, "xmax": 751}}], [{"tid": 0, "generated": 0, "bbox": {"xmin": 245, "ymin": 154, "ymax": 672, "xmax": 979}}, {"tid": 1, "generated": 0, "bbox": {"xmin": 301, "ymin": 2, "ymax": 498, "xmax": 751}}], [{"tid": 0, "generated": 0, "bbox": {"xmin": 245, "ymin": 156, "ymax": 675, "xmax": 967}}, {"tid": 1, "generated": 0, "bbox": {"xmin": 301, "ymin": 2, "ymax": 498, "xmax": 751}}], [{"tid": 0, "generated": 0, "bbox": {"xmin": 245, "ymin": 159, "ymax": 678, "xmax": 956}}, {"tid": 1, "generated": 0, "bbox": {"xmin": 301, "ymin": 2, "ymax": 498, "xmax": 751}}], [{"tid": 0, "generated": 0, "bbox": {"xmin": 245, "ymin": 162, "ymax": 681, "xmax": 944}}, {"tid": 1, "generated": 0, "bbox": {"xmin": 305, "ymin": 2, "ymax": 498, "xmax": 751}}], [{"tid": 0, "generated": 0, "bbox": {"xmin": 245, "ymin": 165, "ymax": 684, "xmax": 933}}, {"tid": 1, "generated": 0, "bbox": {"xmin": 309, "ymin": 2, "ymax": 498, "xmax": 751}}], [{"tid": 0, "generated": 0, "bbox": {"xmin": 246, "ymin": 164, "ymax": 687, "xmax": 939}}, {"tid": 1, "generated": 0, "bbox": {"xmin": 314, "ymin": 2, "ymax": 498, "xmax": 751}}], [{"tid": 0, "generated": 0, "bbox": {"xmin": 248, "ymin": 163, "ymax": 691, "xmax": 945}}, {"tid": 1, "generated": 0, "bbox": {"xmin": 318, "ymin": 2, "ymax": 498, "xmax": 751}}], [{"tid": 0, "generated": 0, "bbox": {"xmin": 250, "ymin": 163, "ymax": 688, "xmax": 945}}, {"tid": 1, "generated": 0, "bbox": {"xmin": 322, "ymin": 2, "ymax": 498, "xmax": 751}}], [{"tid": 0, "generated": 0, "bbox": {"xmin": 253, "ymin": 163, "ymax": 685, "xmax": 945}}, {"tid": 1, "generated": 0, "bbox": {"xmin": 322, "ymin": 2, "ymax": 498, "xmax": 751}}], [{"tid": 0, "generated": 0, "bbox": {"xmin": 255, "ymin": 163, "ymax": 682, "xmax": 946}}, {"tid": 1, "generated": 0, "bbox": {"xmin": 322, "ymin": 2, "ymax": 498, "xmax": 751}}], [{"tid": 0, "generated": 0, "bbox": {"xmin": 258, "ymin": 163, "ymax": 679, "xmax": 946}}, {"tid": 1, "generated": 0, "bbox": {"xmin": 322, "ymin": 2, "ymax": 498, "xmax": 751}}], [{"tid": 0, "generated": 0, "bbox": {"xmin": 260, "ymin": 163, "ymax": 676, "xmax": 946}}, {"tid": 1, "generated": 0, "bbox": {"xmin": 322, "ymin": 2, "ymax": 498, "xmax": 751}}], [{"tid": 0, "generated": 0, "bbox": {"xmin": 263, "ymin": 163, "ymax": 673, "xmax": 947}}, {"tid": 1, "generated": 0, "bbox": {"xmin": 322, "ymin": 2, "ymax": 498, "xmax": 751}}], [{"tid": 0, "generated": 0, "bbox": {"xmin": 265, "ymin": 163, "ymax": 671, "xmax": 933}}, {"tid": 1, "generated": 0, "bbox": {"xmin": 322, "ymin": 2, "ymax": 498, "xmax": 748}}], [{"tid": 0, "generated": 0, "bbox": {"xmin": 268, "ymin": 163, "ymax": 670, "xmax": 920}}, {"tid": 1, "generated": 0, "bbox": {"xmin": 322, "ymin": 2, "ymax": 498, "xmax": 745}}], [{"tid": 0, "generated": 0, "bbox": {"xmin": 264, "ymin": 160, "ymax": 670, "xmax": 914}}, {"tid": 1, "generated": 0, "bbox": {"xmin": 322, "ymin": 2, "ymax": 498, "xmax": 742}}], [{"tid": 0, "generated": 0, "bbox": {"xmin": 261, "ymin": 158, "ymax": 671, "xmax": 909}}, {"tid": 1, "generated": 0, "bbox": {"xmin": 322, "ymin": 2, "ymax": 498, "xmax": 739}}], [{"tid": 0, "generated": 0, "bbox": {"xmin": 257, "ymin": 156, "ymax": 672, "xmax": 904}}, {"tid": 1, "generated": 0, "bbox": {"xmin": 322, "ymin": 2, "ymax": 498, "xmax": 736}}], [{"tid": 0, "generated": 0, "bbox": {"xmin": 254, "ymin": 154, "ymax": 673, "xmax": 899}}, {"tid": 1, "generated": 0, "bbox": {"xmin": 317, "ymin": 2, "ymax": 498, "xmax": 728}}], [{"tid": 0, "generated": 0, "bbox": {"xmin": 251, "ymin": 152, "ymax": 665, "xmax": 890}}, {"tid": 1, "generated": 0, "bbox": {"xmin": 311, "ymin": 2, "ymax": 498, "xmax": 720}}], [{"tid": 0, "generated": 0, "bbox": {"xmin": 249, "ymin": 151, "ymax": 657, "xmax": 882}}, {"tid": 1, "generated": 0, "bbox": {"xmin": 306, "ymin": 2, "ymax": 498, "xmax": 713}}], [{"tid": 0, "generated": 0, "bbox": {"xmin": 247, "ymin": 150, "ymax": 650, "xmax": 874}}, {"tid": 1, "generated": 0, "bbox": {"xmin": 300, "ymin": 2, "ymax": 498, "xmax": 705}}]], "subject/objects": [{"category": "motorcycle", "tid": 0}, {"category": "person", "tid": 1}], "relation_instances": [{"end_fid": 30, "subject_tid": 0, "predicate": "move_beneath", "begin_fid": 0, "object_tid": 1}, {"end_fid": 30, "subject_tid": 1, "predicate": "sit_above", "begin_fid": 0, "object_tid": 0}, {"end_fid": 30, "subject_tid": 1, "predicate": "ride", "begin_fid": 0, "object_tid": 0}], "height": 720}