{"width": 1920, "frame_count": 85, "video_id": "ILSVRC2015_train_00125010", "fps": 25, "trajectories": [[{"tid": 0, "generated": 0, "bbox": {"xmin": 1184, "ymin": 464, "ymax": 594, "xmax": 1365}}, {"tid": 1, "generated": 0, "bbox": {"xmin": 760, "ymin": 528, "ymax": 677, "xmax": 928}}], [{"tid": 0, "generated": 0, "bbox": {"xmin": 1186, "ymin": 463, "ymax": 593, "xmax": 1368}}, {"tid": 1, "generated": 0, "bbox": {"xmin": 762, "ymin": 528, "ymax": 676, "xmax": 931}}], [{"tid": 0, "generated": 0, "bbox": {"xmin": 1189, "ymin": 462, "ymax": 593, "xmax": 1371}}, {"tid": 1, "generated": 0, "bbox": {"xmin": 765, "ymin": 528, "ymax": 675, "xmax": 934}}], [{"tid": 0, "generated": 0, "bbox": {"xmin": 1192, "ymin": 462, "ymax": 592, "xmax": 1374}}, {"tid": 1, "generated": 0, "bbox": {"xmin": 767, "ymin": 528, "ymax": 674, "xmax": 938}}], [{"tid": 0, "generated": 0, "bbox": {"xmin": 1195, "ymin": 461, "ymax": 592, "xmax": 1377}}, {"tid": 1, "generated": 0, "bbox": {"xmin": 770, "ymin": 528, "ymax": 673, "xmax": 941}}], [{"tid": 0, "generated": 0, "bbox": {"xmin": 1198, "ymin": 461, "ymax": 591, "xmax": 1381}}, {"tid": 1, "generated": 0, "bbox": {"xmin": 773, "ymin": 528, "ymax": 673, "xmax": 945}}], [{"tid": 0, "generated": 0, "bbox": {"xmin": 1201, "ymin": 460, "ymax": 591, "xmax": 1384}}, {"tid": 1, "generated": 0, "bbox": {"xmin": 775, "ymin": 528, "ymax": 672, "xmax": 948}}], [{"tid": 0, "generated": 0, "bbox": {"xmin": 1204, "ymin": 459, "ymax": 590, "xmax": 1387}}, {"tid": 1, "generated": 0, "bbox": {"xmin": 778, "ymin": 528, "ymax": 671, "xmax": 951}}], [{"tid": 0, "generated": 0, "bbox": {"xmin": 1207, "ymin": 459, "ymax": 590, "xmax": 1390}}, {"tid": 1, "generated": 0, "bbox": {"xmin": 780, "ymin": 528, "ymax": 670, "xmax": 955}}], [{"tid": 0, "generated": 0, "bbox": {"xmin": 1210, "ymin": 458, "ymax": 589, "xmax": 1393}}, {"tid": 1, "generated": 0, "bbox": {"xmin": 783, "ymin": 528, "ymax": 669, "xmax": 958}}], [{"tid": 0, "generated": 0, "bbox": {"xmin": 1213, "ymin": 458, "ymax": 589, "xmax": 1397}}, {"tid": 1, "generated": 0, "bbox": {"xmin": 786, "ymin": 528, "ymax": 669, "xmax": 962}}], [{"tid": 0, "generated": 0, "bbox": {"xmin": 1218, "ymin": 457, "ymax": 587, "xmax": 1401}}, {"tid": 1, "generated": 0, "bbox": {"xmin": 788, "ymin": 526, "ymax": 668, "xmax": 966}}], [{"tid": 0, "generated": 0, "bbox": {"xmin": 1223, "ymin": 457, "ymax": 585, "xmax": 1405}}, {"tid": 1, "generated": 0, "bbox": {"xmin": 790, "ymin": 525, "ymax": 668, "xmax": 970}}], [{"tid": 0, "generated": 0, "bbox": {"xmin": 1228, "ymin": 456, "ymax": 583, "xmax": 1409}}, {"tid": 1, "generated": 0, "bbox": {"xmin": 792, "ymin": 524, "ymax": 668, "xmax": 974}}], [{"tid": 0, "generated": 0, "bbox": {"xmin": 1233, "ymin": 456, "ymax": 581, "xmax": 1413}}, {"tid": 1, "generated": 0, "bbox": {"xmin": 794, "ymin": 523, "ymax": 667, "xmax": 979}}], [{"tid": 0, "generated": 0, "bbox": {"xmin": 1238, "ymin": 455, "ymax": 579, "xmax": 1417}}, {"tid": 1, "generated": 0, "bbox": {"xmin": 797, "ymin": 522, "ymax": 667, "xmax": 983}}], [{"tid": 0, "generated": 0, "bbox": {"xmin": 1243, "ymin": 455, "ymax": 577, "xmax": 1421}}, {"tid": 1, "generated": 0, "bbox": {"xmin": 799, "ymin": 521, "ymax": 667, "xmax": 987}}], [{"tid": 0, "generated": 0, "bbox": {"xmin": 1248, "ymin": 454, "ymax": 575, "xmax": 1425}}, {"tid": 1, "generated": 0, "bbox": {"xmin": 801, "ymin": 520, "ymax": 666, "xmax": 992}}], [{"tid": 0, "generated": 0, "bbox": {"xmin": 1253, "ymin": 454, "ymax": 573, "xmax": 1429}}, {"tid": 1, "generated": 0, "bbox": {"xmin": 803, "ymin": 519, "ymax": 666, "xmax": 996}}], [{"tid": 0, "generated": 0, "bbox": {"xmin": 1258, "ymin": 453, "ymax": 571, "xmax": 1433}}, {"tid": 1, "generated": 0, "bbox": {"xmin": 805, "ymin": 518, "ymax": 666, "xmax": 1000}}], [{"tid": 0, "generated": 0, "bbox": {"xmin": 1264, "ymin": 453, "ymax": 570, "xmax": 1437}}, {"tid": 1, "generated": 0, "bbox": {"xmin": 808, "ymin": 517, "ymax": 666, "xmax": 1005}}], [{"tid": 0, "generated": 0, "bbox": {"xmin": 1266, "ymin": 453, "ymax": 570, "xmax": 1441}}, {"tid": 1, "generated": 0, "bbox": {"xmin": 812, "ymin": 516, "ymax": 665, "xmax": 1007}}], [{"tid": 0, "generated": 0, "bbox": {"xmin": 1269, "ymin": 453, "ymax": 570, "xmax": 1445}}, {"tid": 1, "generated": 0, "bbox": {"xmin": 817, "ymin": 516, "ymax": 664, "xmax": 1010}}], [{"tid": 0, "generated": 0, "bbox": {"xmin": 1272, "ymin": 453, "ymax": 570, "xmax": 1449}}, {"tid": 1, "generated": 0, "bbox": {"xmin": 821, "ymin": 516, "ymax": 663, "xmax": 1013}}], [{"tid": 0, "generated": 0, "bbox": {"xmin": 1275, "ymin": 454, "ymax": 571, "xmax": 1453}}, {"tid": 1, "generated": 0, "bbox": {"xmin": 826, "ymin": 515, "ymax": 662, "xmax": 1016}}], [{"tid": 0, "generated": 0, "bbox": {"xmin": 1278, "ymin": 454, "ymax": 571, "xmax": 1457}}, {"tid": 1, "generated": 0, "bbox": {"xmin": 830, "ymin": 515, "ymax": 662, "xmax": 1019}}], [{"tid": 0, "generated": 0, "bbox": {"xmin": 1281, "ymin": 454, "ymax": 571, "xmax": 1461}}, {"tid": 1, "generated": 0, "bbox": {"xmin": 835, "ymin": 515, "ymax": 661, "xmax": 1022}}], [{"tid": 0, "generated": 0, "bbox": {"xmin": 1284, "ymin": 455, "ymax": 572, "xmax": 1465}}, {"tid": 1, "generated": 0, "bbox": {"xmin": 839, "ymin": 514, "ymax": 660, "xmax": 1025}}], [{"tid": 0, "generated": 0, "bbox": {"xmin": 1287, "ymin": 455, "ymax": 572, "xmax": 1469}}, {"tid": 1, "generated": 0, "bbox": {"xmin": 844, "ymin": 514, "ymax": 659, "xmax": 1028}}], [{"tid": 0, "generated": 0, "bbox": {"xmin": 1290, "ymin": 455, "ymax": 572, "xmax": 1473}}, {"tid": 1, "generated": 0, "bbox": {"xmin": 848, "ymin": 514, "ymax": 658, "xmax": 1031}}]], "subject/objects": [{"category": "sheep", "tid": 0}, {"category": "sheep", "tid": 1}], "relation_instances": [{"end_fid": 30, "subject_tid": 0, "predicate": "walk_front", "begin_fid": 0, "object_tid": 1}, {"end_fid": 30, "subject_tid": 1, "predicate": "walk_behind", "begin_fid": 0, "object_tid": 0}, {"end_fid": 30, "subject_tid": 1, "predicate": "follow", "begin_fid": 0, "object_tid": 0}], "height": 1080}