{"width": 1280, "frame_count": 754, "video_id": "ILSVRC2015_train_00274001", "fps": 29, "trajectories": [[{"tid": 0, "generated": 0, "bbox": {"xmin": 536, "ymin": 252, "ymax": 528, "xmax": 856}}, {"tid": 1, "generated": 0, "bbox": {"xmin": 0, "ymin": 344, "ymax": 718, "xmax": 913}}, {"tid": 2, "generated": 0, "bbox": {"xmin": 82, "ymin": 5, "ymax": 718, "xmax": 1275}}], [{"tid": 0, "generated": 0, "bbox": {"xmin": 536, "ymin": 251, "ymax": 527, "xmax": 856}}, {"tid": 1, "generated": 0, "bbox": {"xmin": 0, "ymin": 343, "ymax": 718, "xmax": 912}}, {"tid": 2, "generated": 0, "bbox": {"xmin": 82, "ymin": 5, "ymax": 718, "xmax": 1275}}], [{"tid": 0, "generated": 0, "bbox": {"xmin": 536, "ymin": 251, "ymax": 527, "xmax": 856}}, {"tid": 1, "generated": 0, "bbox": {"xmin": 0, "ymin": 343, "ymax": 718, "xmax": 912}}, {"tid": 2, "generated": 0, "bbox": {"xmin": 83, "ymin": 5, "ymax": 718, "xmax": 1275}}], [{"tid": 0, "generated": 0, "bbox": {"xmin": 536, "ymin": 250, "ymax": 526, "xmax": 856}}, {"tid": 1, "generated": 0, "bbox": {"xmin": 0, "ymin": 342, "ymax": 718, "xmax": 912}}, {"tid": 2, "generated": 0, "bbox": {"xmin": 83, "ymin": 5, "ymax": 718, "xmax": 1275}}], [{"tid": 0, "generated": 0, "bbox": {"xmin": 536, "ymin": 250, "ymax": 526, "xmax": 856}}, {"tid": 1, "generated": 0, "bbox": {"xmin": 0, "ymin": 342, "ymax": 718, "xmax": 912}}, {"tid": 2, "generated": 0, "bbox": {"xmin": 84, "ymin": 5, "ymax": 718, "xmax": 1275}}], [{"tid": 0, "generated": 0, "bbox": {"xmin": 536, "ymin": 249, "ymax": 526, "xmax": 856}}, {"tid": 1, "generated": 0, "bbox": {"xmin": 0, "ymin": 341, "ymax": 718, "xmax": 912}}, {"tid": 2, "generated": 0, "bbox": {"xmin": 84, "ymin": 5, "ymax": 718, "xmax": 1275}}], [{"tid": 0, "generated": 0, "bbox": {"xmin": 536, "ymin": 249, "ymax": 525, "xmax": 856}}, {"tid": 1, "generated": 0, "bbox": {"xmin": 0, "ymin": 341, "ymax": 718, "xmax": 912}}, {"tid": 2, "generated": 0, "bbox": {"xmin": 84, "ymin": 5, "ymax": 718, "xmax": 1275}}], [{"tid": 0, "generated": 0, "bbox": {"xmin": 536, "ymin": 248, "ymax": 525, "xmax": 856}}, {"tid": 1, "generated": 0, "bbox": {"xmin": 0, "ymin": 340, "ymax": 718, "xmax": 912}}, {"tid": 2, "generated": 0, "bbox": {"xmin": 84, "ymin": 5, "ymax": 718, "xmax": 1275}}], [{"tid": 0, "generated": 0, "bbox": {"xmin": 536, "ymin": 248, "ymax": 524, "xmax": 856}}, {"tid": 1, "generated": 0, "bbox": {"xmin": 0, "ymin": 340, "ymax": 718, "xmax": 912}}, {"tid": 2, "generated": 0, "bbox": {"xmin": 84, "ymin": 5, "ymax": 718, "xmax": 1275}}], [{"tid": 0, "generated": 0, "bbox": {"xmin": 536, "ymin": 247, "ymax": 524, "xmax": 856}}, {"tid": 1, "generated": 0, "bbox": {"xmin": 0, "ymin": 339, "ymax": 718, "xmax": 912}}, {"tid": 2, "generated": 0, "bbox": {"xmin": 84, "ymin": 5, "ymax": 718, "xmax": 1275}}], [{"tid": 0, "generated": 0, "bbox": {"xmin": 536, "ymin": 247, "ymax": 524, "xmax": 856}}, {"tid": 1, "generated": 0, "bbox": {"xmin": 0, "ymin": 339, "ymax": 718, "xmax": 912}}, {"tid": 2, "generated": 0, "bbox": {"xmin": 84, "ymin": 5, "ymax": 718, "xmax": 1275}}], [{"tid": 0, "generated": 0, "bbox": {"xmin": 536, "ymin": 246, "ymax": 523, "xmax": 853}}, {"tid": 1, "generated": 0, "bbox": {"xmin": 0, "ymin": 335, "ymax": 718, "xmax": 911}}, {"tid": 2, "generated": 0, "bbox": {"xmin": 84, "ymin": 5, "ymax": 718, "xmax": 1275}}], [{"tid": 0, "generated": 0, "bbox": {"xmin": 536, "ymin": 245, "ymax": 523, "xmax": 850}}, {"tid": 1, "generated": 0, "bbox": {"xmin": 0, "ymin": 332, "ymax": 718, "xmax": 911}}, {"tid": 2, "generated": 0, "bbox": {"xmin": 84, "ymin": 5, "ymax": 718, "xmax": 1275}}], [{"tid": 0, "generated": 0, "bbox": {"xmin": 537, "ymin": 245, "ymax": 522, "xmax": 847}}, {"tid": 1, "generated": 0, "bbox": {"xmin": 0, "ymin": 328, "ymax": 718, "xmax": 910}}, {"tid": 2, "generated": 0, "bbox": {"xmin": 84, "ymin": 5, "ymax": 718, "xmax": 1275}}], [{"tid": 0, "generated": 0, "bbox": {"xmin": 537, "ymin": 244, "ymax": 522, "xmax": 844}}, {"tid": 1, "generated": 0, "bbox": {"xmin": 0, "ymin": 325, "ymax": 718, "xmax": 910}}, {"tid": 2, "generated": 0, "bbox": {"xmin": 84, "ymin": 5, "ymax": 718, "xmax": 1275}}], [{"tid": 0, "generated": 0, "bbox": {"xmin": 538, "ymin": 244, "ymax": 522, "xmax": 842}}, {"tid": 1, "generated": 0, "bbox": {"xmin": 0, "ymin": 322, "ymax": 718, "xmax": 910}}, {"tid": 2, "generated": 0, "bbox": {"xmin": 84, "ymin": 5, "ymax": 718, "xmax": 1275}}], [{"tid": 0, "generated": 0, "bbox": {"xmin": 538, "ymin": 243, "ymax": 521, "xmax": 839}}, {"tid": 1, "generated": 0, "bbox": {"xmin": 0, "ymin": 318, "ymax": 718, "xmax": 909}}, {"tid": 2, "generated": 0, "bbox": {"xmin": 84, "ymin": 5, "ymax": 718, "xmax": 1275}}], [{"tid": 0, "generated": 0, "bbox": {"xmin": 538, "ymin": 242, "ymax": 521, "xmax": 836}}, {"tid": 1, "generated": 0, "bbox": {"xmin": 0, "ymin": 315, "ymax": 718, "xmax": 909}}, {"tid": 2, "generated": 0, "bbox": {"xmin": 84, "ymin": 5, "ymax": 718, "xmax": 1275}}], [{"tid": 0, "generated": 0, "bbox": {"xmin": 539, "ymin": 242, "ymax": 520, "xmax": 833}}, {"tid": 1, "generated": 0, "bbox": {"xmin": 0, "ymin": 311, "ymax": 718, "xmax": 908}}, {"tid": 2, "generated": 0, "bbox": {"xmin": 84, "ymin": 5, "ymax": 718, "xmax": 1275}}], [{"tid": 0, "generated": 0, "bbox": {"xmin": 539, "ymin": 241, "ymax": 520, "xmax": 830}}, {"tid": 1, "generated": 0, "bbox": {"xmin": 0, "ymin": 308, "ymax": 718, "xmax": 908}}, {"tid": 2, "generated": 0, "bbox": {"xmin": 84, "ymin": 5, "ymax": 718, "xmax": 1275}}], [{"tid": 0, "generated": 0, "bbox": {"xmin": 540, "ymin": 241, "ymax": 520, "xmax": 828}}, {"tid": 1, "generated": 0, "bbox": {"xmin": 0, "ymin": 305, "ymax": 718, "xmax": 908}}, {"tid": 2, "generated": 0, "bbox": {"xmin": 84, "ymin": 5, "ymax": 718, "xmax": 1275}}], [{"tid": 0, "generated": 0, "bbox": {"xmin": 540, "ymin": 240, "ymax": 519, "xmax": 830}}, {"tid": 1, "generated": 0, "bbox": {"xmin": 0, "ymin": 303, "ymax": 718, "xmax": 907}}, {"tid": 2, "generated": 0, "bbox": {"xmin": 84, "ymin": 5, "ymax": 718, "xmax": 1275}}], [{"tid": 0, "generated": 0, "bbox": {"xmin": 540, "ymin": 240, "ymax": 518, "xmax": 832}}, {"tid": 1, "generated": 0, "bbox": {"xmin": 0, "ymin": 302, "ymax": 718, "xmax": 907}}, {"tid": 2, "generated": 0, "bbox": {"xmin": 84, "ymin": 5, "ymax": 718, "xmax": 1275}}], [{"tid": 0, "generated": 0, "bbox": {"xmin": 540, "ymin": 240, "ymax": 517, "xmax": 834}}, {"tid": 1, "generated": 0, "bbox": {"xmin": 0, "ymin": 301, "ymax": 718, "xmax": 907}}, {"tid": 2, "generated": 0, "bbox": {"xmin": 84, "ymin": 5, "ymax": 718, "xmax": 1275}}], [{"tid": 0, "generated": 0, "bbox": {"xmin": 540, "ymin": 240, "ymax": 517, "xmax": 837}}, {"tid": 1, "generated": 0, "bbox": {"xmin": 0, "ymin": 299, "ymax": 718, "xmax": 907}}, {"tid": 2, "generated": 0, "bbox": {"xmin": 84, "ymin": 5, "ymax": 718, "xmax": 1275}}], [{"tid": 0, "generated": 0, "bbox": {"xmin": 541, "ymin": 240, "ymax": 516, "xmax": 839}}, {"tid": 1, "generated": 0, "bbox": {"xmin": 0, "ymin": 298, "ymax": 718, "xmax": 906}}, {"tid": 2, "generated": 0, "bbox": {"xmin": 84, "ymin": 5, "ymax": 718, "xmax": 1275}}], [{"tid": 0, "generated": 0, "bbox": {"xmin": 541, "ymin": 240, "ymax": 515, "xmax": 841}}, {"tid": 1, "generated": 0, "bbox": {"xmin": 0, "ymin": 297, "ymax": 718, "xmax": 906}}, {"tid": 2, "generated": 0, "bbox": {"xmin": 84, "ymin": 5, "ymax": 718, "xmax": 1275}}], [{"tid": 0, "generated": 0, "bbox": {"xmin": 541, "ymin": 240, "ymax": 515, "xmax": 844}}, {"tid": 1, "generated": 0, "bbox": {"xmin": 0, "ymin": 295, "ymax": 718, "xmax": 906}}, {"tid": 2, "generated": 0, "bbox": {"xmin": 84, "ymin": 5, "ymax": 718, "xmax": 1275}}], [{"tid": 0, "generated": 0, "bbox": {"xmin": 541, "ymin": 240, "ymax": 514, "xmax": 846}}, {"tid": 1, "generated": 0, "bbox": {"xmin": 0, "ymin": 294, "ymax": 718, "xmax": 906}}, {"tid": 2, "generated": 0, "bbox": {"xmin": 84, "ymin": 5, "ymax": 718, "xmax": 1275}}], [{"tid": 0, "generated": 0, "bbox": {"xmin": 541, "ymin": 240, "ymax": 513, "xmax": 848}}, {"tid": 1, "generated": 0, "bbox": {"xmin": 0, "ymin": 293, "ymax": 718, "xmax": 905}}, {"tid": 2, "generated": 0, "bbox": {"xmin": 84, "ymin": 5, "ymax": 718, "xmax": 1275}}], [], [], [], [], [], [], [], [], [], [], [], [], [], [], [], [], [], [], [], [], [], [], [], [], [], [], [], [], [], [], [], [], [], [], [], [], [], [], [], [], [], [], [], [], [], [], [], [], [], [], [], [], [], [], [], [], [], [], [], [], [], [], [], [], [], [], [], [], [], [], [], [], [], [], [], [{"tid": 0, "generated": 0, "bbox": {"xmin": 540, "ymin": 0, "ymax": 563, "xmax": 1064}}, {"tid": 1, "generated": 0, "bbox": {"xmin": 21, "ymin": 360, "ymax": 718, "xmax": 819}}, {"tid": 2, "generated": 0, "bbox": {"xmin": 84, "ymin": 5, "ymax": 718, "xmax": 1275}}], [{"tid": 0, "generated": 0, "bbox": {"xmin": 536, "ymin": 0, "ymax": 563, "xmax": 1059}}, {"tid": 1, "generated": 0, "bbox": {"xmin": 23, "ymin": 366, "ymax": 718, "xmax": 817}}, {"tid": 2, "generated": 0, "bbox": {"xmin": 84, "ymin": 5, "ymax": 718, "xmax": 1275}}], [{"tid": 0, "generated": 0, "bbox": {"xmin": 535, "ymin": 0, "ymax": 563, "xmax": 1056}}, {"tid": 1, "generated": 0, "bbox": {"xmin": 24, "ymin": 371, "ymax": 718, "xmax": 814}}, {"tid": 2, "generated": 0, "bbox": {"xmin": 84, "ymin": 5, "ymax": 718, "xmax": 1275}}], [{"tid": 0, "generated": 0, "bbox": {"xmin": 531, "ymin": 0, "ymax": 570, "xmax": 1043}}, {"tid": 1, "generated": 0, "bbox": {"xmin": 26, "ymin": 371, "ymax": 718, "xmax": 808}}, {"tid": 2, "generated": 0, "bbox": {"xmin": 84, "ymin": 5, "ymax": 718, "xmax": 1275}}], [{"tid": 0, "generated": 0, "bbox": {"xmin": 529, "ymin": 0, "ymax": 567, "xmax": 1043}}, {"tid": 1, "generated": 0, "bbox": {"xmin": 32, "ymin": 371, "ymax": 718, "xmax": 805}}, {"tid": 2, "generated": 0, "bbox": {"xmin": 84, "ymin": 5, "ymax": 718, "xmax": 1275}}], [{"tid": 0, "generated": 0, "bbox": {"xmin": 474, "ymin": 5, "ymax": 576, "xmax": 1029}}, {"tid": 1, "generated": 0, "bbox": {"xmin": 33, "ymin": 371, "ymax": 718, "xmax": 805}}, {"tid": 2, "generated": 0, "bbox": {"xmin": 84, "ymin": 5, "ymax": 718, "xmax": 1275}}], [{"tid": 0, "generated": 0, "bbox": {"xmin": 475, "ymin": 14, "ymax": 568, "xmax": 1030}}, {"tid": 1, "generated": 0, "bbox": {"xmin": 33, "ymin": 371, "ymax": 716, "xmax": 794}}, {"tid": 2, "generated": 0, "bbox": {"xmin": 82, "ymin": 5, "ymax": 718, "xmax": 1275}}], [{"tid": 0, "generated": 0, "bbox": {"xmin": 476, "ymin": 23, "ymax": 561, "xmax": 1031}}, {"tid": 1, "generated": 0, "bbox": {"xmin": 33, "ymin": 373, "ymax": 716, "xmax": 803}}, {"tid": 2, "generated": 0, "bbox": {"xmin": 80, "ymin": 5, "ymax": 718, "xmax": 1275}}], [{"tid": 0, "generated": 0, "bbox": {"xmin": 474, "ymin": 21, "ymax": 560, "xmax": 1025}}, {"tid": 1, "generated": 0, "bbox": {"xmin": 33, "ymin": 375, "ymax": 714, "xmax": 800}}, {"tid": 2, "generated": 0, "bbox": {"xmin": 79, "ymin": 5, "ymax": 718, "xmax": 1275}}], [{"tid": 0, "generated": 0, "bbox": {"xmin": 481, "ymin": 17, "ymax": 561, "xmax": 1024}}, {"tid": 1, "generated": 0, "bbox": {"xmin": 33, "ymin": 376, "ymax": 712, "xmax": 792}}, {"tid": 2, "generated": 0, "bbox": {"xmin": 77, "ymin": 5, "ymax": 718, "xmax": 1275}}], [{"tid": 0, "generated": 0, "bbox": {"xmin": 494, "ymin": 14, "ymax": 574, "xmax": 1013}}, {"tid": 1, "generated": 0, "bbox": {"xmin": 35, "ymin": 378, "ymax": 718, "xmax": 794}}, {"tid": 2, "generated": 0, "bbox": {"xmin": 75, "ymin": 5, "ymax": 718, "xmax": 1275}}], [{"tid": 0, "generated": 0, "bbox": {"xmin": 503, "ymin": 12, "ymax": 568, "xmax": 1013}}, {"tid": 1, "generated": 0, "bbox": {"xmin": 37, "ymin": 380, "ymax": 718, "xmax": 789}}, {"tid": 2, "generated": 0, "bbox": {"xmin": 74, "ymin": 5, "ymax": 718, "xmax": 1274}}], [{"tid": 0, "generated": 0, "bbox": {"xmin": 506, "ymin": 7, "ymax": 567, "xmax": 1011}}, {"tid": 1, "generated": 0, "bbox": {"xmin": 39, "ymin": 382, "ymax": 718, "xmax": 792}}, {"tid": 2, "generated": 0, "bbox": {"xmin": 73, "ymin": 5, "ymax": 718, "xmax": 1273}}], [{"tid": 0, "generated": 0, "bbox": {"xmin": 510, "ymin": 0, "ymax": 576, "xmax": 1008}}, {"tid": 1, "generated": 0, "bbox": {"xmin": 40, "ymin": 384, "ymax": 718, "xmax": 789}}, {"tid": 2, "generated": 0, "bbox": {"xmin": 71, "ymin": 4, "ymax": 717, "xmax": 1271}}], [{"tid": 0, "generated": 0, "bbox": {"xmin": 512, "ymin": 0, "ymax": 572, "xmax": 1008}}, {"tid": 1, "generated": 0, "bbox": {"xmin": 42, "ymin": 385, "ymax": 718, "xmax": 785}}, {"tid": 2, "generated": 0, "bbox": {"xmin": 70, "ymin": 4, "ymax": 717, "xmax": 1270}}], [{"tid": 0, "generated": 0, "bbox": {"xmin": 520, "ymin": 0, "ymax": 574, "xmax": 1034}}, {"tid": 1, "generated": 0, "bbox": {"xmin": 42, "ymin": 385, "ymax": 718, "xmax": 780}}, {"tid": 2, "generated": 0, "bbox": {"xmin": 69, "ymin": 4, "ymax": 717, "xmax": 1269}}], [{"tid": 0, "generated": 0, "bbox": {"xmin": 526, "ymin": 0, "ymax": 576, "xmax": 1038}}, {"tid": 1, "generated": 0, "bbox": {"xmin": 44, "ymin": 387, "ymax": 718, "xmax": 778}}, {"tid": 2, "generated": 0, "bbox": {"xmin": 69, "ymin": 4, "ymax": 717, "xmax": 1269}}], [{"tid": 0, "generated": 0, "bbox": {"xmin": 531, "ymin": 0, "ymax": 572, "xmax": 1036}}, {"tid": 1, "generated": 0, "bbox": {"xmin": 46, "ymin": 389, "ymax": 718, "xmax": 773}}, {"tid": 2, "generated": 0, "bbox": {"xmin": 69, "ymin": 4, "ymax": 717, "xmax": 1269}}], [{"tid": 0, "generated": 0, "bbox": {"xmin": 544, "ymin": 0, "ymax": 572, "xmax": 1036}}, {"tid": 1, "generated": 0, "bbox": {"xmin": 46, "ymin": 394, "ymax": 718, "xmax": 776}}, {"tid": 2, "generated": 0, "bbox": {"xmin": 69, "ymin": 4, "ymax": 717, "xmax": 1269}}], [{"tid": 0, "generated": 0, "bbox": {"xmin": 547, "ymin": 0, "ymax": 576, "xmax": 1027}}, {"tid": 1, "generated": 0, "bbox": {"xmin": 48, "ymin": 392, "ymax": 718, "xmax": 778}}, {"tid": 2, "generated": 0, "bbox": {"xmin": 69, "ymin": 4, "ymax": 717, "xmax": 1269}}], [{"tid": 0, "generated": 0, "bbox": {"xmin": 551, "ymin": 0, "ymax": 576, "xmax": 1018}}, {"tid": 1, "generated": 0, "bbox": {"xmin": 49, "ymin": 392, "ymax": 716, "xmax": 778}}, {"tid": 2, "generated": 0, "bbox": {"xmin": 69, "ymin": 4, "ymax": 717, "xmax": 1269}}], [{"tid": 0, "generated": 0, "bbox": {"xmin": 556, "ymin": 1, "ymax": 577, "xmax": 1009}}, {"tid": 1, "generated": 0, "bbox": {"xmin": 51, "ymin": 392, "ymax": 714, "xmax": 778}}, {"tid": 2, "generated": 0, "bbox": {"xmin": 69, "ymin": 4, "ymax": 717, "xmax": 1269}}], [{"tid": 0, "generated": 0, "bbox": {"xmin": 560, "ymin": 19, "ymax": 572, "xmax": 1031}}, {"tid": 1, "generated": 0, "bbox": {"xmin": 53, "ymin": 392, "ymax": 712, "xmax": 778}}, {"tid": 2, "generated": 0, "bbox": {"xmin": 69, "ymin": 4, "ymax": 717, "xmax": 1269}}], [{"tid": 0, "generated": 0, "bbox": {"xmin": 563, "ymin": 35, "ymax": 682, "xmax": 1024}}, {"tid": 1, "generated": 0, "bbox": {"xmin": 55, "ymin": 392, "ymax": 712, "xmax": 778}}, {"tid": 2, "generated": 0, "bbox": {"xmin": 69, "ymin": 4, "ymax": 717, "xmax": 1269}}], [{"tid": 0, "generated": 0, "bbox": {"xmin": 570, "ymin": 51, "ymax": 702, "xmax": 1031}}, {"tid": 1, "generated": 0, "bbox": {"xmin": 56, "ymin": 396, "ymax": 716, "xmax": 723}}, {"tid": 2, "generated": 0, "bbox": {"xmin": 69, "ymin": 4, "ymax": 717, "xmax": 1269}}], [{"tid": 0, "generated": 0, "bbox": {"xmin": 572, "ymin": 65, "ymax": 718, "xmax": 1024}}, {"tid": 1, "generated": 0, "bbox": {"xmin": 56, "ymin": 394, "ymax": 716, "xmax": 704}}, {"tid": 2, "generated": 0, "bbox": {"xmin": 69, "ymin": 4, "ymax": 717, "xmax": 1269}}], [{"tid": 0, "generated": 0, "bbox": {"xmin": 574, "ymin": 65, "ymax": 716, "xmax": 1022}}, {"tid": 1, "generated": 0, "bbox": {"xmin": 56, "ymin": 394, "ymax": 716, "xmax": 682}}, {"tid": 2, "generated": 0, "bbox": {"xmin": 69, "ymin": 4, "ymax": 717, "xmax": 1262}}], [{"tid": 0, "generated": 0, "bbox": {"xmin": 576, "ymin": 69, "ymax": 714, "xmax": 1018}}, {"tid": 1, "generated": 0, "bbox": {"xmin": 58, "ymin": 394, "ymax": 718, "xmax": 768}}, {"tid": 2, "generated": 0, "bbox": {"xmin": 69, "ymin": 4, "ymax": 717, "xmax": 1255}}], [{"tid": 0, "generated": 0, "bbox": {"xmin": 584, "ymin": 72, "ymax": 718, "xmax": 1013}}, {"tid": 1, "generated": 0, "bbox": {"xmin": 58, "ymin": 394, "ymax": 717, "xmax": 766}}, {"tid": 2, "generated": 0, "bbox": {"xmin": 69, "ymin": 4, "ymax": 717, "xmax": 1248}}], [{"tid": 0, "generated": 0, "bbox": {"xmin": 588, "ymin": 74, "ymax": 704, "xmax": 1010}}, {"tid": 1, "generated": 0, "bbox": {"xmin": 59, "ymin": 394, "ymax": 717, "xmax": 765}}, {"tid": 2, "generated": 0, "bbox": {"xmin": 69, "ymin": 4, "ymax": 717, "xmax": 1241}}], [], [], [], [], [], [], [], [], [], [], [], [], [], [], [], [], [], [], [], [], [], [], [], [], [], [], [], [], [], [], [], [], [], [], [], [], [], [], [], [], [], [], [], [], [], [], [], [], [], [], [], [], [], [], [], [], [], [], [], [], [], [], [], [], [], [], [], [], [], [], [], [], [], [], [], [], [], [], [], [], [], [], [], [], [], [], [], [], [], [], [], [], [], [], [], [], [], [], [], [], [], [], [], [], [], [{"tid": 0, "generated": 0, "bbox": {"xmin": 366, "ymin": 65, "ymax": 504, "xmax": 1006}}, {"tid": 1, "generated": 0, "bbox": {"xmin": 154, "ymin": 348, "ymax": 656, "xmax": 848}}, {"tid": 2, "generated": 0, "bbox": {"xmin": 91, "ymin": 4, "ymax": 717, "xmax": 1217}}], [{"tid": 0, "generated": 0, "bbox": {"xmin": 350, "ymin": 74, "ymax": 503, "xmax": 1006}}, {"tid": 1, "generated": 0, "bbox": {"xmin": 156, "ymin": 348, "ymax": 656, "xmax": 849}}, {"tid": 2, "generated": 0, "bbox": {"xmin": 91, "ymin": 4, "ymax": 717, "xmax": 1217}}], [{"tid": 0, "generated": 0, "bbox": {"xmin": 336, "ymin": 83, "ymax": 503, "xmax": 1006}}, {"tid": 1, "generated": 0, "bbox": {"xmin": 156, "ymin": 348, "ymax": 656, "xmax": 849}}, {"tid": 2, "generated": 0, "bbox": {"xmin": 91, "ymin": 4, "ymax": 717, "xmax": 1217}}], [{"tid": 0, "generated": 0, "bbox": {"xmin": 321, "ymin": 92, "ymax": 503, "xmax": 1004}}, {"tid": 1, "generated": 0, "bbox": {"xmin": 158, "ymin": 348, "ymax": 656, "xmax": 851}}, {"tid": 2, "generated": 0, "bbox": {"xmin": 91, "ymin": 4, "ymax": 717, "xmax": 1217}}], [{"tid": 0, "generated": 0, "bbox": {"xmin": 307, "ymin": 92, "ymax": 503, "xmax": 997}}, {"tid": 1, "generated": 0, "bbox": {"xmin": 158, "ymin": 348, "ymax": 657, "xmax": 851}}, {"tid": 2, "generated": 0, "bbox": {"xmin": 91, "ymin": 4, "ymax": 717, "xmax": 1217}}], [{"tid": 0, "generated": 0, "bbox": {"xmin": 295, "ymin": 96, "ymax": 503, "xmax": 990}}, {"tid": 1, "generated": 0, "bbox": {"xmin": 160, "ymin": 348, "ymax": 657, "xmax": 853}}, {"tid": 2, "generated": 0, "bbox": {"xmin": 91, "ymin": 4, "ymax": 717, "xmax": 1217}}], [{"tid": 0, "generated": 0, "bbox": {"xmin": 282, "ymin": 92, "ymax": 503, "xmax": 995}}, {"tid": 1, "generated": 0, "bbox": {"xmin": 160, "ymin": 348, "ymax": 657, "xmax": 855}}, {"tid": 2, "generated": 0, "bbox": {"xmin": 94, "ymin": 4, "ymax": 717, "xmax": 1217}}], [{"tid": 0, "generated": 0, "bbox": {"xmin": 270, "ymin": 88, "ymax": 501, "xmax": 993}}, {"tid": 1, "generated": 0, "bbox": {"xmin": 161, "ymin": 348, "ymax": 657, "xmax": 855}}, {"tid": 2, "generated": 0, "bbox": {"xmin": 96, "ymin": 4, "ymax": 717, "xmax": 1217}}], [{"tid": 0, "generated": 0, "bbox": {"xmin": 259, "ymin": 87, "ymax": 504, "xmax": 988}}, {"tid": 1, "generated": 0, "bbox": {"xmin": 161, "ymin": 348, "ymax": 657, "xmax": 856}}, {"tid": 2, "generated": 0, "bbox": {"xmin": 99, "ymin": 4, "ymax": 717, "xmax": 1217}}], [{"tid": 0, "generated": 0, "bbox": {"xmin": 250, "ymin": 83, "ymax": 506, "xmax": 988}}, {"tid": 1, "generated": 0, "bbox": {"xmin": 163, "ymin": 348, "ymax": 659, "xmax": 858}}, {"tid": 2, "generated": 0, "bbox": {"xmin": 101, "ymin": 4, "ymax": 717, "xmax": 1217}}], [{"tid": 0, "generated": 0, "bbox": {"xmin": 250, "ymin": 83, "ymax": 506, "xmax": 988}}, {"tid": 1, "generated": 0, "bbox": {"xmin": 163, "ymin": 348, "ymax": 659, "xmax": 858}}, {"tid": 2, "generated": 0, "bbox": {"xmin": 104, "ymin": 4, "ymax": 717, "xmax": 1217}}], [{"tid": 0, "generated": 0, "bbox": {"xmin": 250, "ymin": 83, "ymax": 506, "xmax": 989}}, {"tid": 1, "generated": 0, "bbox": {"xmin": 163, "ymin": 348, "ymax": 659, "xmax": 858}}, {"tid": 2, "generated": 0, "bbox": {"xmin": 104, "ymin": 4, "ymax": 717, "xmax": 1217}}], [{"tid": 0, "generated": 0, "bbox": {"xmin": 251, "ymin": 84, "ymax": 506, "xmax": 990}}, {"tid": 1, "generated": 0, "bbox": {"xmin": 165, "ymin": 348, "ymax": 659, "xmax": 858}}, {"tid": 2, "generated": 0, "bbox": {"xmin": 104, "ymin": 4, "ymax": 717, "xmax": 1217}}], [{"tid": 0, "generated": 0, "bbox": {"xmin": 252, "ymin": 85, "ymax": 507, "xmax": 992}}, {"tid": 1, "generated": 0, "bbox": {"xmin": 165, "ymin": 348, "ymax": 659, "xmax": 858}}, {"tid": 2, "generated": 0, "bbox": {"xmin": 104, "ymin": 4, "ymax": 717, "xmax": 1217}}], [{"tid": 0, "generated": 0, "bbox": {"xmin": 253, "ymin": 86, "ymax": 507, "xmax": 993}}, {"tid": 1, "generated": 0, "bbox": {"xmin": 167, "ymin": 348, "ymax": 659, "xmax": 860}}, {"tid": 2, "generated": 0, "bbox": {"xmin": 104, "ymin": 4, "ymax": 717, "xmax": 1217}}], [{"tid": 0, "generated": 0, "bbox": {"xmin": 254, "ymin": 87, "ymax": 508, "xmax": 995}}, {"tid": 1, "generated": 0, "bbox": {"xmin": 167, "ymin": 348, "ymax": 659, "xmax": 860}}, {"tid": 2, "generated": 0, "bbox": {"xmin": 104, "ymin": 4, "ymax": 717, "xmax": 1217}}], [{"tid": 0, "generated": 0, "bbox": {"xmin": 254, "ymin": 87, "ymax": 508, "xmax": 995}}, {"tid": 1, "generated": 0, "bbox": {"xmin": 168, "ymin": 348, "ymax": 659, "xmax": 860}}, {"tid": 2, "generated": 0, "bbox": {"xmin": 104, "ymin": 4, "ymax": 717, "xmax": 1217}}], [{"tid": 0, "generated": 0, "bbox": {"xmin": 255, "ymin": 87, "ymax": 508, "xmax": 996}}, {"tid": 1, "generated": 0, "bbox": {"xmin": 168, "ymin": 348, "ymax": 659, "xmax": 860}}, {"tid": 2, "generated": 0, "bbox": {"xmin": 104, "ymin": 4, "ymax": 717, "xmax": 1217}}], [{"tid": 0, "generated": 0, "bbox": {"xmin": 256, "ymin": 88, "ymax": 508, "xmax": 997}}, {"tid": 1, "generated": 0, "bbox": {"xmin": 170, "ymin": 348, "ymax": 661, "xmax": 862}}, {"tid": 2, "generated": 0, "bbox": {"xmin": 104, "ymin": 4, "ymax": 717, "xmax": 1217}}], [{"tid": 0, "generated": 0, "bbox": {"xmin": 257, "ymin": 90, "ymax": 512, "xmax": 995}}, {"tid": 1, "generated": 0, "bbox": {"xmin": 172, "ymin": 348, "ymax": 663, "xmax": 858}}, {"tid": 2, "generated": 0, "bbox": {"xmin": 104, "ymin": 4, "ymax": 717, "xmax": 1217}}], [{"tid": 0, "generated": 0, "bbox": {"xmin": 264, "ymin": 90, "ymax": 511, "xmax": 996}}, {"tid": 1, "generated": 0, "bbox": {"xmin": 172, "ymin": 348, "ymax": 663, "xmax": 858}}, {"tid": 2, "generated": 0, "bbox": {"xmin": 104, "ymin": 4, "ymax": 717, "xmax": 1217}}], [{"tid": 0, "generated": 0, "bbox": {"xmin": 272, "ymin": 91, "ymax": 511, "xmax": 997}}, {"tid": 1, "generated": 0, "bbox": {"xmin": 174, "ymin": 348, "ymax": 663, "xmax": 860}}, {"tid": 2, "generated": 0, "bbox": {"xmin": 104, "ymin": 4, "ymax": 717, "xmax": 1217}}], [{"tid": 0, "generated": 0, "bbox": {"xmin": 280, "ymin": 92, "ymax": 511, "xmax": 998}}, {"tid": 1, "generated": 0, "bbox": {"xmin": 176, "ymin": 348, "ymax": 663, "xmax": 862}}, {"tid": 2, "generated": 0, "bbox": {"xmin": 104, "ymin": 4, "ymax": 717, "xmax": 1217}}], [{"tid": 0, "generated": 0, "bbox": {"xmin": 288, "ymin": 92, "ymax": 510, "xmax": 999}}, {"tid": 1, "generated": 0, "bbox": {"xmin": 176, "ymin": 349, "ymax": 663, "xmax": 863}}, {"tid": 2, "generated": 0, "bbox": {"xmin": 104, "ymin": 4, "ymax": 717, "xmax": 1217}}], [{"tid": 0, "generated": 0, "bbox": {"xmin": 296, "ymin": 93, "ymax": 510, "xmax": 1000}}, {"tid": 1, "generated": 0, "bbox": {"xmin": 177, "ymin": 350, "ymax": 663, "xmax": 864}}, {"tid": 2, "generated": 0, "bbox": {"xmin": 104, "ymin": 4, "ymax": 717, "xmax": 1217}}], [{"tid": 0, "generated": 0, "bbox": {"xmin": 304, "ymin": 94, "ymax": 510, "xmax": 1002}}, {"tid": 1, "generated": 0, "bbox": {"xmin": 179, "ymin": 350, "ymax": 663, "xmax": 865}}, {"tid": 2, "generated": 0, "bbox": {"xmin": 104, "ymin": 4, "ymax": 717, "xmax": 1217}}], [{"tid": 0, "generated": 0, "bbox": {"xmin": 327, "ymin": 94, "ymax": 510, "xmax": 1005}}, {"tid": 1, "generated": 0, "bbox": {"xmin": 179, "ymin": 352, "ymax": 663, "xmax": 867}}, {"tid": 2, "generated": 0, "bbox": {"xmin": 104, "ymin": 4, "ymax": 717, "xmax": 1217}}], [{"tid": 0, "generated": 0, "bbox": {"xmin": 351, "ymin": 95, "ymax": 510, "xmax": 1008}}, {"tid": 1, "generated": 0, "bbox": {"xmin": 181, "ymin": 352, "ymax": 663, "xmax": 869}}, {"tid": 2, "generated": 0, "bbox": {"xmin": 104, "ymin": 4, "ymax": 717, "xmax": 1217}}], [{"tid": 0, "generated": 0, "bbox": {"xmin": 374, "ymin": 96, "ymax": 510, "xmax": 1011}}, {"tid": 1, "generated": 0, "bbox": {"xmin": 182, "ymin": 352, "ymax": 663, "xmax": 870}}, {"tid": 2, "generated": 0, "bbox": {"xmin": 104, "ymin": 4, "ymax": 717, "xmax": 1217}}], [{"tid": 0, "generated": 0, "bbox": {"xmin": 398, "ymin": 97, "ymax": 510, "xmax": 1015}}, {"tid": 1, "generated": 0, "bbox": {"xmin": 184, "ymin": 353, "ymax": 664, "xmax": 872}}, {"tid": 2, "generated": 0, "bbox": {"xmin": 104, "ymin": 4, "ymax": 717, "xmax": 1217}}], [], [], [], [], [], [], [], [], [], [], [], [], [], [], [], [], [], [], [], [], [], [], [], [], [], [], [], [], [], [], [], [], [], [], [], [], [], [], [], [], [], [], [], [], [], [], [], [], [], [], [], [], [], [], [], [], [], [], [], [], [], [], [], [], [], [], [], [], [], [], [], [], [], [], [], [], [], [], [], [], [], [], [], [], [], [], [], [], [], [], [], [], [], [], [], [], [], [], [], [], [], [], [], [], [], [{"tid": 0, "generated": 0, "bbox": {"xmin": 647, "ymin": 92, "ymax": 531, "xmax": 1038}}, {"tid": 1, "generated": 0, "bbox": {"xmin": 157, "ymin": 348, "ymax": 678, "xmax": 801}}, {"tid": 2, "generated": 0, "bbox": {"xmin": 124, "ymin": 4, "ymax": 717, "xmax": 1250}}], [{"tid": 0, "generated": 0, "bbox": {"xmin": 649, "ymin": 91, "ymax": 523, "xmax": 1036}}, {"tid": 1, "generated": 0, "bbox": {"xmin": 157, "ymin": 347, "ymax": 677, "xmax": 795}}, {"tid": 2, "generated": 0, "bbox": {"xmin": 124, "ymin": 4, "ymax": 717, "xmax": 1250}}], [{"tid": 0, "generated": 0, "bbox": {"xmin": 651, "ymin": 91, "ymax": 516, "xmax": 1034}}, {"tid": 1, "generated": 0, "bbox": {"xmin": 156, "ymin": 346, "ymax": 675, "xmax": 789}}, {"tid": 2, "generated": 0, "bbox": {"xmin": 124, "ymin": 4, "ymax": 717, "xmax": 1250}}], [{"tid": 0, "generated": 0, "bbox": {"xmin": 653, "ymin": 90, "ymax": 508, "xmax": 1032}}, {"tid": 1, "generated": 0, "bbox": {"xmin": 156, "ymin": 345, "ymax": 673, "xmax": 783}}, {"tid": 2, "generated": 0, "bbox": {"xmin": 124, "ymin": 4, "ymax": 717, "xmax": 1250}}], [{"tid": 0, "generated": 0, "bbox": {"xmin": 656, "ymin": 90, "ymax": 501, "xmax": 1031}}, {"tid": 1, "generated": 0, "bbox": {"xmin": 156, "ymin": 344, "ymax": 672, "xmax": 778}}, {"tid": 2, "generated": 0, "bbox": {"xmin": 124, "ymin": 4, "ymax": 717, "xmax": 1250}}], [{"tid": 0, "generated": 0, "bbox": {"xmin": 655, "ymin": 89, "ymax": 500, "xmax": 1029}}, {"tid": 1, "generated": 0, "bbox": {"xmin": 155, "ymin": 343, "ymax": 671, "xmax": 777}}, {"tid": 2, "generated": 0, "bbox": {"xmin": 124, "ymin": 4, "ymax": 717, "xmax": 1250}}], [{"tid": 0, "generated": 0, "bbox": {"xmin": 654, "ymin": 89, "ymax": 499, "xmax": 1027}}, {"tid": 1, "generated": 0, "bbox": {"xmin": 154, "ymin": 342, "ymax": 671, "xmax": 777}}, {"tid": 2, "generated": 0, "bbox": {"xmin": 124, "ymin": 4, "ymax": 717, "xmax": 1250}}], [{"tid": 0, "generated": 0, "bbox": {"xmin": 654, "ymin": 88, "ymax": 498, "xmax": 1025}}, {"tid": 1, "generated": 0, "bbox": {"xmin": 153, "ymin": 341, "ymax": 670, "xmax": 777}}, {"tid": 2, "generated": 0, "bbox": {"xmin": 124, "ymin": 4, "ymax": 717, "xmax": 1250}}], [{"tid": 0, "generated": 0, "bbox": {"xmin": 653, "ymin": 88, "ymax": 498, "xmax": 1023}}, {"tid": 1, "generated": 0, "bbox": {"xmin": 152, "ymin": 341, "ymax": 670, "xmax": 776}}, {"tid": 2, "generated": 0, "bbox": {"xmin": 124, "ymin": 4, "ymax": 717, "xmax": 1250}}], [{"tid": 0, "generated": 0, "bbox": {"xmin": 653, "ymin": 87, "ymax": 497, "xmax": 1022}}, {"tid": 1, "generated": 0, "bbox": {"xmin": 151, "ymin": 340, "ymax": 670, "xmax": 776}}, {"tid": 2, "generated": 0, "bbox": {"xmin": 124, "ymin": 4, "ymax": 717, "xmax": 1250}}], [{"tid": 0, "generated": 0, "bbox": {"xmin": 652, "ymin": 87, "ymax": 496, "xmax": 1020}}, {"tid": 1, "generated": 0, "bbox": {"xmin": 150, "ymin": 339, "ymax": 669, "xmax": 776}}, {"tid": 2, "generated": 0, "bbox": {"xmin": 124, "ymin": 4, "ymax": 717, "xmax": 1250}}], [{"tid": 0, "generated": 0, "bbox": {"xmin": 651, "ymin": 86, "ymax": 496, "xmax": 1018}}, {"tid": 1, "generated": 0, "bbox": {"xmin": 149, "ymin": 339, "ymax": 669, "xmax": 775}}, {"tid": 2, "generated": 0, "bbox": {"xmin": 124, "ymin": 4, "ymax": 717, "xmax": 1250}}], [{"tid": 0, "generated": 0, "bbox": {"xmin": 651, "ymin": 86, "ymax": 495, "xmax": 1016}}, {"tid": 1, "generated": 0, "bbox": {"xmin": 148, "ymin": 338, "ymax": 668, "xmax": 775}}, {"tid": 2, "generated": 0, "bbox": {"xmin": 124, "ymin": 4, "ymax": 717, "xmax": 1250}}], [{"tid": 0, "generated": 0, "bbox": {"xmin": 650, "ymin": 85, "ymax": 494, "xmax": 1014}}, {"tid": 1, "generated": 0, "bbox": {"xmin": 147, "ymin": 337, "ymax": 668, "xmax": 775}}, {"tid": 2, "generated": 0, "bbox": {"xmin": 124, "ymin": 4, "ymax": 717, "xmax": 1250}}], [{"tid": 0, "generated": 0, "bbox": {"xmin": 650, "ymin": 85, "ymax": 494, "xmax": 1013}}, {"tid": 1, "generated": 0, "bbox": {"xmin": 147, "ymin": 337, "ymax": 668, "xmax": 775}}, {"tid": 2, "generated": 0, "bbox": {"xmin": 124, "ymin": 4, "ymax": 717, "xmax": 1250}}], [{"tid": 0, "generated": 0, "bbox": {"xmin": 649, "ymin": 85, "ymax": 493, "xmax": 1013}}, {"tid": 1, "generated": 0, "bbox": {"xmin": 146, "ymin": 336, "ymax": 666, "xmax": 774}}, {"tid": 2, "generated": 0, "bbox": {"xmin": 124, "ymin": 4, "ymax": 717, "xmax": 1250}}], [{"tid": 0, "generated": 0, "bbox": {"xmin": 648, "ymin": 85, "ymax": 493, "xmax": 1013}}, {"tid": 1, "generated": 0, "bbox": {"xmin": 145, "ymin": 336, "ymax": 665, "xmax": 774}}, {"tid": 2, "generated": 0, "bbox": {"xmin": 124, "ymin": 4, "ymax": 717, "xmax": 1250}}], [{"tid": 0, "generated": 0, "bbox": {"xmin": 647, "ymin": 85, "ymax": 493, "xmax": 1013}}, {"tid": 1, "generated": 0, "bbox": {"xmin": 144, "ymin": 336, "ymax": 664, "xmax": 773}}, {"tid": 2, "generated": 0, "bbox": {"xmin": 124, "ymin": 4, "ymax": 717, "xmax": 1250}}], [{"tid": 0, "generated": 0, "bbox": {"xmin": 647, "ymin": 85, "ymax": 493, "xmax": 1013}}, {"tid": 1, "generated": 0, "bbox": {"xmin": 144, "ymin": 335, "ymax": 663, "xmax": 773}}, {"tid": 2, "generated": 0, "bbox": {"xmin": 124, "ymin": 4, "ymax": 717, "xmax": 1250}}], [{"tid": 0, "generated": 0, "bbox": {"xmin": 646, "ymin": 85, "ymax": 493, "xmax": 1013}}, {"tid": 1, "generated": 0, "bbox": {"xmin": 143, "ymin": 335, "ymax": 662, "xmax": 773}}, {"tid": 2, "generated": 0, "bbox": {"xmin": 124, "ymin": 4, "ymax": 717, "xmax": 1250}}], [{"tid": 0, "generated": 0, "bbox": {"xmin": 645, "ymin": 85, "ymax": 492, "xmax": 1013}}, {"tid": 1, "generated": 0, "bbox": {"xmin": 142, "ymin": 335, "ymax": 661, "xmax": 772}}, {"tid": 2, "generated": 0, "bbox": {"xmin": 124, "ymin": 4, "ymax": 717, "xmax": 1250}}], [{"tid": 0, "generated": 0, "bbox": {"xmin": 645, "ymin": 85, "ymax": 492, "xmax": 1013}}, {"tid": 1, "generated": 0, "bbox": {"xmin": 142, "ymin": 334, "ymax": 660, "xmax": 772}}, {"tid": 2, "generated": 0, "bbox": {"xmin": 124, "ymin": 4, "ymax": 717, "xmax": 1250}}], [{"tid": 0, "generated": 0, "bbox": {"xmin": 644, "ymin": 85, "ymax": 492, "xmax": 1013}}, {"tid": 1, "generated": 0, "bbox": {"xmin": 141, "ymin": 334, "ymax": 659, "xmax": 771}}, {"tid": 2, "generated": 0, "bbox": {"xmin": 124, "ymin": 4, "ymax": 717, "xmax": 1250}}], [{"tid": 0, "generated": 0, "bbox": {"xmin": 643, "ymin": 85, "ymax": 492, "xmax": 1013}}, {"tid": 1, "generated": 0, "bbox": {"xmin": 140, "ymin": 334, "ymax": 658, "xmax": 771}}, {"tid": 2, "generated": 0, "bbox": {"xmin": 124, "ymin": 4, "ymax": 717, "xmax": 1250}}], [{"tid": 0, "generated": 0, "bbox": {"xmin": 643, "ymin": 85, "ymax": 492, "xmax": 1013}}, {"tid": 1, "generated": 0, "bbox": {"xmin": 140, "ymin": 334, "ymax": 657, "xmax": 771}}, {"tid": 2, "generated": 0, "bbox": {"xmin": 124, "ymin": 4, "ymax": 717, "xmax": 1250}}], [{"tid": 0, "generated": 0, "bbox": {"xmin": 642, "ymin": 83, "ymax": 492, "xmax": 1010}}, {"tid": 1, "generated": 0, "bbox": {"xmin": 139, "ymin": 333, "ymax": 656, "xmax": 775}}, {"tid": 2, "generated": 0, "bbox": {"xmin": 124, "ymin": 4, "ymax": 717, "xmax": 1250}}], [{"tid": 0, "generated": 0, "bbox": {"xmin": 642, "ymin": 82, "ymax": 492, "xmax": 1008}}, {"tid": 1, "generated": 0, "bbox": {"xmin": 139, "ymin": 332, "ymax": 655, "xmax": 779}}, {"tid": 2, "generated": 0, "bbox": {"xmin": 124, "ymin": 4, "ymax": 717, "xmax": 1248}}], [{"tid": 0, "generated": 0, "bbox": {"xmin": 642, "ymin": 81, "ymax": 493, "xmax": 1006}}, {"tid": 1, "generated": 0, "bbox": {"xmin": 138, "ymin": 332, "ymax": 654, "xmax": 783}}, {"tid": 2, "generated": 0, "bbox": {"xmin": 124, "ymin": 4, "ymax": 717, "xmax": 1246}}], [{"tid": 0, "generated": 0, "bbox": {"xmin": 642, "ymin": 80, "ymax": 493, "xmax": 1003}}, {"tid": 1, "generated": 0, "bbox": {"xmin": 138, "ymin": 331, "ymax": 653, "xmax": 788}}, {"tid": 2, "generated": 0, "bbox": {"xmin": 124, "ymin": 4, "ymax": 717, "xmax": 1245}}], [{"tid": 0, "generated": 0, "bbox": {"xmin": 642, "ymin": 79, "ymax": 494, "xmax": 1001}}, {"tid": 1, "generated": 0, "bbox": {"xmin": 137, "ymin": 331, "ymax": 652, "xmax": 792}}, {"tid": 2, "generated": 0, "bbox": {"xmin": 124, "ymin": 4, "ymax": 717, "xmax": 1243}}], [], [], [], [], [], [], [], [], [], [], [], [], [], [], [], [], [], [], [], [], [], [], [], [], [], [], [], [], [], [], [], [], [], [], [], [], [], [], [], [], [], [], [], [], [], [], [], [], [], [], [], [], [], [], [], [], [], [], [], [], [], [], [], [], [], [], [], [], [], [], [], [], [], [], [], [], [], [], [], [], [], [], [], [], [], [], [], [], [], [], [], [], [], [], [], [], [], [], [], [], [], [], [], [], [], [], [], [], [], [], [], [], [], [], [], [], [], [], [], [], [], [], [], [], [], [], [], [], [], [], [], [], [], [], [], [], [], [], [], [], [], [], [], [], [], [], [], [], [], [], [{"tid": 0, "generated": 0, "bbox": {"xmin": 698, "ymin": 65, "ymax": 668, "xmax": 1038}}, {"tid": 1, "generated": 0, "bbox": {"xmin": 168, "ymin": 279, "ymax": 641, "xmax": 727}}, {"tid": 2, "generated": 0, "bbox": {"xmin": 102, "ymin": 4, "ymax": 717, "xmax": 1226}}], [{"tid": 0, "generated": 0, "bbox": {"xmin": 696, "ymin": 64, "ymax": 673, "xmax": 1034}}, {"tid": 1, "generated": 0, "bbox": {"xmin": 172, "ymin": 279, "ymax": 640, "xmax": 728}}, {"tid": 2, "generated": 0, "bbox": {"xmin": 102, "ymin": 4, "ymax": 717, "xmax": 1226}}], [{"tid": 0, "generated": 0, "bbox": {"xmin": 698, "ymin": 58, "ymax": 668, "xmax": 1036}}, {"tid": 1, "generated": 0, "bbox": {"xmin": 170, "ymin": 279, "ymax": 636, "xmax": 727}}, {"tid": 2, "generated": 0, "bbox": {"xmin": 102, "ymin": 4, "ymax": 717, "xmax": 1226}}], [{"tid": 0, "generated": 0, "bbox": {"xmin": 698, "ymin": 57, "ymax": 666, "xmax": 1036}}, {"tid": 1, "generated": 0, "bbox": {"xmin": 170, "ymin": 279, "ymax": 638, "xmax": 725}}, {"tid": 2, "generated": 0, "bbox": {"xmin": 102, "ymin": 4, "ymax": 717, "xmax": 1226}}], [{"tid": 0, "generated": 0, "bbox": {"xmin": 698, "ymin": 56, "ymax": 665, "xmax": 1037}}, {"tid": 1, "generated": 0, "bbox": {"xmin": 168, "ymin": 280, "ymax": 632, "xmax": 732}}, {"tid": 2, "generated": 0, "bbox": {"xmin": 102, "ymin": 4, "ymax": 717, "xmax": 1226}}], [{"tid": 0, "generated": 0, "bbox": {"xmin": 698, "ymin": 55, "ymax": 664, "xmax": 1038}}, {"tid": 1, "generated": 0, "bbox": {"xmin": 168, "ymin": 279, "ymax": 643, "xmax": 728}}, {"tid": 2, "generated": 0, "bbox": {"xmin": 102, "ymin": 4, "ymax": 717, "xmax": 1226}}], [{"tid": 0, "generated": 0, "bbox": {"xmin": 698, "ymin": 54, "ymax": 663, "xmax": 1039}}, {"tid": 1, "generated": 0, "bbox": {"xmin": 170, "ymin": 279, "ymax": 634, "xmax": 727}}, {"tid": 2, "generated": 0, "bbox": {"xmin": 102, "ymin": 4, "ymax": 717, "xmax": 1226}}], [{"tid": 0, "generated": 0, "bbox": {"xmin": 698, "ymin": 53, "ymax": 663, "xmax": 1040}}, {"tid": 1, "generated": 0, "bbox": {"xmin": 168, "ymin": 277, "ymax": 638, "xmax": 730}}, {"tid": 2, "generated": 0, "bbox": {"xmin": 102, "ymin": 4, "ymax": 717, "xmax": 1226}}], [{"tid": 0, "generated": 0, "bbox": {"xmin": 698, "ymin": 53, "ymax": 663, "xmax": 1040}}, {"tid": 1, "generated": 0, "bbox": {"xmin": 170, "ymin": 279, "ymax": 636, "xmax": 736}}, {"tid": 2, "generated": 0, "bbox": {"xmin": 102, "ymin": 4, "ymax": 717, "xmax": 1226}}], [{"tid": 0, "generated": 0, "bbox": {"xmin": 698, "ymin": 53, "ymax": 663, "xmax": 1043}}, {"tid": 1, "generated": 0, "bbox": {"xmin": 168, "ymin": 279, "ymax": 632, "xmax": 737}}, {"tid": 2, "generated": 0, "bbox": {"xmin": 102, "ymin": 4, "ymax": 717, "xmax": 1226}}], [{"tid": 0, "generated": 0, "bbox": {"xmin": 698, "ymin": 50, "ymax": 663, "xmax": 1043}}, {"tid": 1, "generated": 0, "bbox": {"xmin": 170, "ymin": 279, "ymax": 631, "xmax": 737}}, {"tid": 2, "generated": 0, "bbox": {"xmin": 102, "ymin": 4, "ymax": 717, "xmax": 1226}}], [{"tid": 0, "generated": 0, "bbox": {"xmin": 698, "ymin": 48, "ymax": 663, "xmax": 1044}}, {"tid": 1, "generated": 0, "bbox": {"xmin": 168, "ymin": 279, "ymax": 632, "xmax": 739}}, {"tid": 2, "generated": 0, "bbox": {"xmin": 102, "ymin": 4, "ymax": 717, "xmax": 1226}}], [{"tid": 0, "generated": 0, "bbox": {"xmin": 698, "ymin": 46, "ymax": 663, "xmax": 1045}}, {"tid": 1, "generated": 0, "bbox": {"xmin": 168, "ymin": 279, "ymax": 631, "xmax": 740}}, {"tid": 2, "generated": 0, "bbox": {"xmin": 102, "ymin": 4, "ymax": 717, "xmax": 1226}}], [{"tid": 0, "generated": 0, "bbox": {"xmin": 698, "ymin": 43, "ymax": 663, "xmax": 1045}}, {"tid": 1, "generated": 0, "bbox": {"xmin": 168, "ymin": 279, "ymax": 631, "xmax": 741}}, {"tid": 2, "generated": 0, "bbox": {"xmin": 102, "ymin": 4, "ymax": 717, "xmax": 1226}}], [{"tid": 0, "generated": 0, "bbox": {"xmin": 698, "ymin": 41, "ymax": 663, "xmax": 1046}}, {"tid": 1, "generated": 0, "bbox": {"xmin": 168, "ymin": 279, "ymax": 631, "xmax": 741}}, {"tid": 2, "generated": 0, "bbox": {"xmin": 102, "ymin": 4, "ymax": 717, "xmax": 1226}}], [{"tid": 0, "generated": 0, "bbox": {"xmin": 698, "ymin": 39, "ymax": 663, "xmax": 1047}}, {"tid": 1, "generated": 0, "bbox": {"xmin": 168, "ymin": 279, "ymax": 629, "xmax": 741}}, {"tid": 2, "generated": 0, "bbox": {"xmin": 102, "ymin": 4, "ymax": 717, "xmax": 1226}}], [{"tid": 0, "generated": 0, "bbox": {"xmin": 698, "ymin": 36, "ymax": 663, "xmax": 1047}}, {"tid": 1, "generated": 0, "bbox": {"xmin": 172, "ymin": 279, "ymax": 631, "xmax": 743}}, {"tid": 2, "generated": 0, "bbox": {"xmin": 102, "ymin": 4, "ymax": 717, "xmax": 1226}}], [{"tid": 0, "generated": 0, "bbox": {"xmin": 698, "ymin": 34, "ymax": 663, "xmax": 1048}}, {"tid": 1, "generated": 0, "bbox": {"xmin": 168, "ymin": 279, "ymax": 631, "xmax": 743}}, {"tid": 2, "generated": 0, "bbox": {"xmin": 102, "ymin": 4, "ymax": 717, "xmax": 1226}}], [{"tid": 0, "generated": 0, "bbox": {"xmin": 698, "ymin": 32, "ymax": 663, "xmax": 1049}}, {"tid": 1, "generated": 0, "bbox": {"xmin": 170, "ymin": 279, "ymax": 631, "xmax": 744}}, {"tid": 2, "generated": 0, "bbox": {"xmin": 102, "ymin": 4, "ymax": 717, "xmax": 1226}}], [{"tid": 0, "generated": 0, "bbox": {"xmin": 698, "ymin": 30, "ymax": 664, "xmax": 1050}}, {"tid": 1, "generated": 0, "bbox": {"xmin": 170, "ymin": 279, "ymax": 631, "xmax": 744}}, {"tid": 2, "generated": 0, "bbox": {"xmin": 102, "ymin": 4, "ymax": 717, "xmax": 1226}}], [{"tid": 0, "generated": 0, "bbox": {"xmin": 698, "ymin": 30, "ymax": 664, "xmax": 1048}}, {"tid": 1, "generated": 0, "bbox": {"xmin": 172, "ymin": 277, "ymax": 631, "xmax": 744}}, {"tid": 2, "generated": 0, "bbox": {"xmin": 102, "ymin": 4, "ymax": 717, "xmax": 1226}}], [{"tid": 0, "generated": 0, "bbox": {"xmin": 698, "ymin": 28, "ymax": 664, "xmax": 1045}}, {"tid": 1, "generated": 0, "bbox": {"xmin": 168, "ymin": 275, "ymax": 631, "xmax": 746}}, {"tid": 2, "generated": 0, "bbox": {"xmin": 102, "ymin": 4, "ymax": 717, "xmax": 1226}}], [{"tid": 0, "generated": 0, "bbox": {"xmin": 698, "ymin": 26, "ymax": 663, "xmax": 1043}}, {"tid": 1, "generated": 0, "bbox": {"xmin": 168, "ymin": 273, "ymax": 631, "xmax": 746}}, {"tid": 2, "generated": 0, "bbox": {"xmin": 102, "ymin": 4, "ymax": 717, "xmax": 1226}}], [{"tid": 0, "generated": 0, "bbox": {"xmin": 698, "ymin": 26, "ymax": 664, "xmax": 1043}}, {"tid": 1, "generated": 0, "bbox": {"xmin": 170, "ymin": 272, "ymax": 629, "xmax": 746}}, {"tid": 2, "generated": 0, "bbox": {"xmin": 102, "ymin": 4, "ymax": 717, "xmax": 1226}}], [{"tid": 0, "generated": 0, "bbox": {"xmin": 698, "ymin": 10, "ymax": 664, "xmax": 1045}}, {"tid": 1, "generated": 0, "bbox": {"xmin": 170, "ymin": 270, "ymax": 627, "xmax": 746}}, {"tid": 2, "generated": 0, "bbox": {"xmin": 102, "ymin": 4, "ymax": 717, "xmax": 1226}}], [{"tid": 0, "generated": 0, "bbox": {"xmin": 698, "ymin": 3, "ymax": 663, "xmax": 1045}}, {"tid": 1, "generated": 0, "bbox": {"xmin": 168, "ymin": 268, "ymax": 627, "xmax": 748}}, {"tid": 2, "generated": 0, "bbox": {"xmin": 102, "ymin": 4, "ymax": 717, "xmax": 1226}}], [{"tid": 0, "generated": 0, "bbox": {"xmin": 698, "ymin": 1, "ymax": 659, "xmax": 1050}}, {"tid": 1, "generated": 0, "bbox": {"xmin": 172, "ymin": 266, "ymax": 627, "xmax": 748}}, {"tid": 2, "generated": 0, "bbox": {"xmin": 102, "ymin": 4, "ymax": 717, "xmax": 1226}}], [{"tid": 0, "generated": 0, "bbox": {"xmin": 698, "ymin": 1, "ymax": 659, "xmax": 1048}}, {"tid": 1, "generated": 0, "bbox": {"xmin": 170, "ymin": 266, "ymax": 629, "xmax": 748}}, {"tid": 2, "generated": 0, "bbox": {"xmin": 102, "ymin": 4, "ymax": 717, "xmax": 1226}}], [{"tid": 0, "generated": 0, "bbox": {"xmin": 698, "ymin": 8, "ymax": 661, "xmax": 1045}}, {"tid": 1, "generated": 0, "bbox": {"xmin": 170, "ymin": 270, "ymax": 622, "xmax": 743}}, {"tid": 2, "generated": 0, "bbox": {"xmin": 102, "ymin": 4, "ymax": 717, "xmax": 1226}}], [{"tid": 0, "generated": 0, "bbox": {"xmin": 698, "ymin": 19, "ymax": 661, "xmax": 1050}}, {"tid": 1, "generated": 0, "bbox": {"xmin": 170, "ymin": 266, "ymax": 625, "xmax": 744}}, {"tid": 2, "generated": 0, "bbox": {"xmin": 102, "ymin": 4, "ymax": 717, "xmax": 1226}}], [], [], [], [], [], [], [], [], [], [], [], [], [], [], [], [], [], [], [], [], [], [], [], [], [], [], [], [], [], [], [], [], [], [], [], [], [], [], [], [], [], [], [], [], [], [], [], [], [], [], [], [], [], [], [], [], [], [], [], [], [], [], [], [], [], [], [], [], [], [], [], [], [], [], [], [], [], [], [], [], [], [], [], [], [], [], [], [], [], [], [], [], [], [], [], [], [], [], [], [], [], [], [], [], [], [{"tid": 0, "generated": 0, "bbox": {"xmin": 590, "ymin": 44, "ymax": 522, "xmax": 1018}}, {"tid": 1, "generated": 0, "bbox": {"xmin": 129, "ymin": 286, "ymax": 704, "xmax": 771}}, {"tid": 2, "generated": 0, "bbox": {"xmin": 190, "ymin": 4, "ymax": 717, "xmax": 1274}}, {"tid": 3, "generated": 0, "bbox": {"xmin": 5, "ymin": 150, "ymax": 412, "xmax": 131}}], [{"tid": 0, "generated": 0, "bbox": {"xmin": 583, "ymin": 32, "ymax": 520, "xmax": 993}}, {"tid": 1, "generated": 0, "bbox": {"xmin": 128, "ymin": 280, "ymax": 700, "xmax": 794}}, {"tid": 2, "generated": 0, "bbox": {"xmin": 181, "ymin": 4, "ymax": 717, "xmax": 1274}}, {"tid": 3, "generated": 0, "bbox": {"xmin": 5, "ymin": 150, "ymax": 412, "xmax": 137}}], [{"tid": 0, "generated": 0, "bbox": {"xmin": 572, "ymin": 21, "ymax": 508, "xmax": 972}}, {"tid": 1, "generated": 0, "bbox": {"xmin": 126, "ymin": 275, "ymax": 700, "xmax": 798}}, {"tid": 2, "generated": 0, "bbox": {"xmin": 172, "ymin": 4, "ymax": 717, "xmax": 1274}}, {"tid": 3, "generated": 0, "bbox": {"xmin": 5, "ymin": 150, "ymax": 412, "xmax": 143}}], [{"tid": 0, "generated": 0, "bbox": {"xmin": 561, "ymin": 10, "ymax": 497, "xmax": 951}}, {"tid": 1, "generated": 0, "bbox": {"xmin": 126, "ymin": 270, "ymax": 698, "xmax": 798}}, {"tid": 2, "generated": 0, "bbox": {"xmin": 162, "ymin": 4, "ymax": 717, "xmax": 1274}}, {"tid": 3, "generated": 0, "bbox": {"xmin": 5, "ymin": 150, "ymax": 412, "xmax": 149}}], [{"tid": 0, "generated": 0, "bbox": {"xmin": 556, "ymin": 0, "ymax": 481, "xmax": 935}}, {"tid": 1, "generated": 0, "bbox": {"xmin": 126, "ymin": 266, "ymax": 700, "xmax": 803}}, {"tid": 2, "generated": 0, "bbox": {"xmin": 153, "ymin": 4, "ymax": 717, "xmax": 1274}}, {"tid": 3, "generated": 0, "bbox": {"xmin": 5, "ymin": 150, "ymax": 412, "xmax": 155}}], [{"tid": 0, "generated": 0, "bbox": {"xmin": 554, "ymin": 0, "ymax": 440, "xmax": 929}}, {"tid": 1, "generated": 0, "bbox": {"xmin": 129, "ymin": 263, "ymax": 698, "xmax": 794}}, {"tid": 2, "generated": 0, "bbox": {"xmin": 144, "ymin": 4, "ymax": 717, "xmax": 1274}}, {"tid": 3, "generated": 0, "bbox": {"xmin": 5, "ymin": 150, "ymax": 412, "xmax": 161}}], [{"tid": 0, "generated": 0, "bbox": {"xmin": 554, "ymin": 0, "ymax": 389, "xmax": 915}}, {"tid": 1, "generated": 0, "bbox": {"xmin": 128, "ymin": 260, "ymax": 697, "xmax": 802}}, {"tid": 2, "generated": 0, "bbox": {"xmin": 144, "ymin": 4, "ymax": 717, "xmax": 1274}}, {"tid": 3, "generated": 0, "bbox": {"xmin": 5, "ymin": 141, "ymax": 412, "xmax": 161}}], [{"tid": 0, "generated": 0, "bbox": {"xmin": 558, "ymin": 8, "ymax": 336, "xmax": 906}}, {"tid": 1, "generated": 0, "bbox": {"xmin": 128, "ymin": 258, "ymax": 696, "xmax": 810}}, {"tid": 2, "generated": 0, "bbox": {"xmin": 144, "ymin": 4, "ymax": 717, "xmax": 1274}}, {"tid": 3, "generated": 0, "bbox": {"xmin": 5, "ymin": 132, "ymax": 412, "xmax": 161}}], [{"tid": 0, "generated": 0, "bbox": {"xmin": 558, "ymin": 30, "ymax": 316, "xmax": 888}}, {"tid": 1, "generated": 0, "bbox": {"xmin": 128, "ymin": 256, "ymax": 696, "xmax": 819}}, {"tid": 2, "generated": 0, "bbox": {"xmin": 144, "ymin": 4, "ymax": 717, "xmax": 1274}}, {"tid": 3, "generated": 0, "bbox": {"xmin": 5, "ymin": 122, "ymax": 412, "xmax": 161}}], [{"tid": 0, "generated": 0, "bbox": {"xmin": 560, "ymin": 55, "ymax": 311, "xmax": 869}}, {"tid": 1, "generated": 0, "bbox": {"xmin": 128, "ymin": 255, "ymax": 696, "xmax": 833}}, {"tid": 2, "generated": 0, "bbox": {"xmin": 144, "ymin": 4, "ymax": 717, "xmax": 1274}}, {"tid": 3, "generated": 0, "bbox": {"xmin": 5, "ymin": 113, "ymax": 412, "xmax": 161}}], [{"tid": 0, "generated": 0, "bbox": {"xmin": 560, "ymin": 76, "ymax": 360, "xmax": 851}}, {"tid": 1, "generated": 0, "bbox": {"xmin": 128, "ymin": 254, "ymax": 697, "xmax": 847}}, {"tid": 2, "generated": 0, "bbox": {"xmin": 144, "ymin": 4, "ymax": 717, "xmax": 1274}}, {"tid": 3, "generated": 0, "bbox": {"xmin": 5, "ymin": 104, "ymax": 412, "xmax": 161}}], [{"tid": 0, "generated": 0, "bbox": {"xmin": 561, "ymin": 97, "ymax": 353, "xmax": 840}}, {"tid": 1, "generated": 0, "bbox": {"xmin": 128, "ymin": 254, "ymax": 698, "xmax": 862}}, {"tid": 2, "generated": 0, "bbox": {"xmin": 144, "ymin": 4, "ymax": 717, "xmax": 1274}}, {"tid": 3, "generated": 0, "bbox": {"xmin": 5, "ymin": 99, "ymax": 412, "xmax": 161}}], [{"tid": 0, "generated": 0, "bbox": {"xmin": 563, "ymin": 120, "ymax": 353, "xmax": 828}}, {"tid": 1, "generated": 0, "bbox": {"xmin": 128, "ymin": 254, "ymax": 700, "xmax": 872}}, {"tid": 2, "generated": 0, "bbox": {"xmin": 144, "ymin": 4, "ymax": 717, "xmax": 1274}}, {"tid": 3, "generated": 0, "bbox": {"xmin": 5, "ymin": 94, "ymax": 412, "xmax": 161}}], [{"tid": 0, "generated": 0, "bbox": {"xmin": 565, "ymin": 142, "ymax": 344, "xmax": 800}}, {"tid": 1, "generated": 0, "bbox": {"xmin": 128, "ymin": 248, "ymax": 702, "xmax": 883}}, {"tid": 2, "generated": 0, "bbox": {"xmin": 144, "ymin": 4, "ymax": 717, "xmax": 1274}}, {"tid": 3, "generated": 0, "bbox": {"xmin": 5, "ymin": 89, "ymax": 412, "xmax": 161}}], [{"tid": 0, "generated": 0, "bbox": {"xmin": 567, "ymin": 165, "ymax": 341, "xmax": 803}}, {"tid": 1, "generated": 0, "bbox": {"xmin": 128, "ymin": 243, "ymax": 704, "xmax": 880}}, {"tid": 2, "generated": 0, "bbox": {"xmin": 144, "ymin": 4, "ymax": 717, "xmax": 1274}}, {"tid": 3, "generated": 0, "bbox": {"xmin": 5, "ymin": 84, "ymax": 412, "xmax": 161}}], [{"tid": 0, "generated": 0, "bbox": {"xmin": 567, "ymin": 165, "ymax": 339, "xmax": 804}}, {"tid": 1, "generated": 0, "bbox": {"xmin": 126, "ymin": 241, "ymax": 702, "xmax": 881}}, {"tid": 2, "generated": 0, "bbox": {"xmin": 144, "ymin": 4, "ymax": 717, "xmax": 1274}}, {"tid": 3, "generated": 0, "bbox": {"xmin": 5, "ymin": 79, "ymax": 412, "xmax": 161}}], [{"tid": 0, "generated": 0, "bbox": {"xmin": 567, "ymin": 166, "ymax": 338, "xmax": 805}}, {"tid": 1, "generated": 0, "bbox": {"xmin": 129, "ymin": 240, "ymax": 698, "xmax": 881}}, {"tid": 2, "generated": 0, "bbox": {"xmin": 144, "ymin": 4, "ymax": 717, "xmax": 1274}}, {"tid": 3, "generated": 0, "bbox": {"xmin": 6, "ymin": 76, "ymax": 412, "xmax": 168}}], [{"tid": 0, "generated": 0, "bbox": {"xmin": 568, "ymin": 167, "ymax": 337, "xmax": 807}}, {"tid": 1, "generated": 0, "bbox": {"xmin": 129, "ymin": 238, "ymax": 696, "xmax": 885}}, {"tid": 2, "generated": 0, "bbox": {"xmin": 144, "ymin": 4, "ymax": 717, "xmax": 1274}}, {"tid": 3, "generated": 0, "bbox": {"xmin": 8, "ymin": 73, "ymax": 412, "xmax": 174}}], [{"tid": 0, "generated": 0, "bbox": {"xmin": 569, "ymin": 161, "ymax": 338, "xmax": 810}}, {"tid": 1, "generated": 0, "bbox": {"xmin": 131, "ymin": 236, "ymax": 695, "xmax": 885}}, {"tid": 2, "generated": 0, "bbox": {"xmin": 144, "ymin": 4, "ymax": 717, "xmax": 1274}}, {"tid": 3, "generated": 0, "bbox": {"xmin": 9, "ymin": 69, "ymax": 411, "xmax": 181}}], [{"tid": 0, "generated": 0, "bbox": {"xmin": 570, "ymin": 155, "ymax": 339, "xmax": 814}}, {"tid": 1, "generated": 0, "bbox": {"xmin": 131, "ymin": 234, "ymax": 693, "xmax": 883}}, {"tid": 2, "generated": 0, "bbox": {"xmin": 144, "ymin": 4, "ymax": 717, "xmax": 1274}}, {"tid": 3, "generated": 0, "bbox": {"xmin": 11, "ymin": 66, "ymax": 411, "xmax": 187}}], [{"tid": 0, "generated": 0, "bbox": {"xmin": 571, "ymin": 150, "ymax": 340, "xmax": 817}}, {"tid": 1, "generated": 0, "bbox": {"xmin": 136, "ymin": 232, "ymax": 691, "xmax": 888}}, {"tid": 2, "generated": 0, "bbox": {"xmin": 144, "ymin": 4, "ymax": 717, "xmax": 1274}}, {"tid": 3, "generated": 0, "bbox": {"xmin": 12, "ymin": 63, "ymax": 411, "xmax": 194}}], [{"tid": 0, "generated": 0, "bbox": {"xmin": 572, "ymin": 144, "ymax": 342, "xmax": 821}}, {"tid": 1, "generated": 0, "bbox": {"xmin": 136, "ymin": 234, "ymax": 695, "xmax": 887}}, {"tid": 2, "generated": 0, "bbox": {"xmin": 144, "ymin": 4, "ymax": 717, "xmax": 1274}}, {"tid": 3, "generated": 0, "bbox": {"xmin": 11, "ymin": 62, "ymax": 410, "xmax": 193}}], [{"tid": 0, "generated": 0, "bbox": {"xmin": 573, "ymin": 139, "ymax": 343, "xmax": 824}}, {"tid": 1, "generated": 0, "bbox": {"xmin": 138, "ymin": 232, "ymax": 695, "xmax": 887}}, {"tid": 2, "generated": 0, "bbox": {"xmin": 144, "ymin": 4, "ymax": 717, "xmax": 1274}}, {"tid": 3, "generated": 0, "bbox": {"xmin": 10, "ymin": 61, "ymax": 409, "xmax": 192}}], [{"tid": 0, "generated": 0, "bbox": {"xmin": 574, "ymin": 133, "ymax": 344, "xmax": 828}}, {"tid": 1, "generated": 0, "bbox": {"xmin": 141, "ymin": 231, "ymax": 696, "xmax": 887}}, {"tid": 2, "generated": 0, "bbox": {"xmin": 144, "ymin": 4, "ymax": 717, "xmax": 1274}}, {"tid": 3, "generated": 0, "bbox": {"xmin": 8, "ymin": 61, "ymax": 409, "xmax": 190}}], [{"tid": 0, "generated": 0, "bbox": {"xmin": 576, "ymin": 128, "ymax": 346, "xmax": 832}}, {"tid": 1, "generated": 0, "bbox": {"xmin": 144, "ymin": 230, "ymax": 697, "xmax": 887}}, {"tid": 2, "generated": 0, "bbox": {"xmin": 144, "ymin": 4, "ymax": 717, "xmax": 1274}}, {"tid": 3, "generated": 0, "bbox": {"xmin": 7, "ymin": 60, "ymax": 408, "xmax": 189}}], [{"tid": 0, "generated": 0, "bbox": {"xmin": 579, "ymin": 117, "ymax": 348, "xmax": 835}}, {"tid": 1, "generated": 0, "bbox": {"xmin": 147, "ymin": 229, "ymax": 698, "xmax": 888}}, {"tid": 2, "generated": 0, "bbox": {"xmin": 144, "ymin": 4, "ymax": 717, "xmax": 1274}}, {"tid": 3, "generated": 0, "bbox": {"xmin": 6, "ymin": 59, "ymax": 407, "xmax": 188}}], [{"tid": 0, "generated": 0, "bbox": {"xmin": 586, "ymin": 110, "ymax": 350, "xmax": 846}}, {"tid": 1, "generated": 0, "bbox": {"xmin": 151, "ymin": 227, "ymax": 700, "xmax": 896}}, {"tid": 2, "generated": 0, "bbox": {"xmin": 144, "ymin": 4, "ymax": 717, "xmax": 1274}}, {"tid": 3, "generated": 0, "bbox": {"xmin": 6, "ymin": 59, "ymax": 407, "xmax": 188}}], [{"tid": 0, "generated": 0, "bbox": {"xmin": 588, "ymin": 96, "ymax": 346, "xmax": 855}}, {"tid": 1, "generated": 0, "bbox": {"xmin": 151, "ymin": 225, "ymax": 696, "xmax": 894}}, {"tid": 2, "generated": 0, "bbox": {"xmin": 144, "ymin": 4, "ymax": 717, "xmax": 1274}}, {"tid": 3, "generated": 0, "bbox": {"xmin": 6, "ymin": 59, "ymax": 407, "xmax": 188}}], [{"tid": 0, "generated": 0, "bbox": {"xmin": 593, "ymin": 83, "ymax": 346, "xmax": 876}}, {"tid": 1, "generated": 0, "bbox": {"xmin": 152, "ymin": 224, "ymax": 695, "xmax": 901}}, {"tid": 2, "generated": 0, "bbox": {"xmin": 144, "ymin": 4, "ymax": 717, "xmax": 1274}}, {"tid": 3, "generated": 0, "bbox": {"xmin": 6, "ymin": 59, "ymax": 407, "xmax": 188}}], [{"tid": 0, "generated": 0, "bbox": {"xmin": 627, "ymin": 76, "ymax": 339, "xmax": 872}}, {"tid": 1, "generated": 0, "bbox": {"xmin": 154, "ymin": 222, "ymax": 698, "xmax": 901}}, {"tid": 2, "generated": 0, "bbox": {"xmin": 144, "ymin": 4, "ymax": 717, "xmax": 1274}}, {"tid": 3, "generated": 0, "bbox": {"xmin": 6, "ymin": 59, "ymax": 407, "xmax": 188}}], [{"tid": 0, "generated": 0, "bbox": {"xmin": 647, "ymin": 72, "ymax": 311, "xmax": 878}}, {"tid": 1, "generated": 0, "bbox": {"xmin": 154, "ymin": 220, "ymax": 696, "xmax": 892}}, {"tid": 2, "generated": 0, "bbox": {"xmin": 144, "ymin": 4, "ymax": 717, "xmax": 1274}}, {"tid": 3, "generated": 0, "bbox": {"xmin": 6, "ymin": 59, "ymax": 407, "xmax": 188}}], [{"tid": 0, "generated": 0, "bbox": {"xmin": 661, "ymin": 71, "ymax": 275, "xmax": 881}}, {"tid": 1, "generated": 0, "bbox": {"xmin": 156, "ymin": 220, "ymax": 700, "xmax": 887}}, {"tid": 2, "generated": 0, "bbox": {"xmin": 144, "ymin": 4, "ymax": 717, "xmax": 1274}}, {"tid": 3, "generated": 0, "bbox": {"xmin": 6, "ymin": 59, "ymax": 407, "xmax": 193}}], [{"tid": 0, "generated": 0, "bbox": {"xmin": 670, "ymin": 72, "ymax": 277, "xmax": 855}}, {"tid": 1, "generated": 0, "bbox": {"xmin": 158, "ymin": 218, "ymax": 700, "xmax": 871}}, {"tid": 2, "generated": 0, "bbox": {"xmin": 144, "ymin": 4, "ymax": 717, "xmax": 1274}}, {"tid": 3, "generated": 0, "bbox": {"xmin": 6, "ymin": 59, "ymax": 407, "xmax": 199}}], [{"tid": 0, "generated": 0, "bbox": {"xmin": 679, "ymin": 76, "ymax": 276, "xmax": 855}}, {"tid": 1, "generated": 0, "bbox": {"xmin": 161, "ymin": 216, "ymax": 700, "xmax": 855}}, {"tid": 2, "generated": 0, "bbox": {"xmin": 144, "ymin": 4, "ymax": 717, "xmax": 1274}}, {"tid": 3, "generated": 0, "bbox": {"xmin": 6, "ymin": 59, "ymax": 407, "xmax": 204}}], [{"tid": 0, "generated": 0, "bbox": {"xmin": 688, "ymin": 80, "ymax": 275, "xmax": 856}}, {"tid": 1, "generated": 0, "bbox": {"xmin": 163, "ymin": 218, "ymax": 707, "xmax": 810}}, {"tid": 2, "generated": 0, "bbox": {"xmin": 144, "ymin": 4, "ymax": 717, "xmax": 1274}}, {"tid": 3, "generated": 0, "bbox": {"xmin": 6, "ymin": 59, "ymax": 407, "xmax": 210}}], [{"tid": 0, "generated": 0, "bbox": {"xmin": 682, "ymin": 83, "ymax": 266, "xmax": 855}}, {"tid": 1, "generated": 0, "bbox": {"xmin": 161, "ymin": 220, "ymax": 709, "xmax": 805}}, {"tid": 2, "generated": 0, "bbox": {"xmin": 144, "ymin": 4, "ymax": 717, "xmax": 1274}}, {"tid": 3, "generated": 0, "bbox": {"xmin": 6, "ymin": 59, "ymax": 407, "xmax": 215}}], [{"tid": 0, "generated": 0, "bbox": {"xmin": 691, "ymin": 87, "ymax": 257, "xmax": 862}}, {"tid": 1, "generated": 0, "bbox": {"xmin": 160, "ymin": 222, "ymax": 711, "xmax": 801}}, {"tid": 2, "generated": 0, "bbox": {"xmin": 144, "ymin": 4, "ymax": 717, "xmax": 1274}}, {"tid": 3, "generated": 0, "bbox": {"xmin": 5, "ymin": 59, "ymax": 403, "xmax": 214}}], [{"tid": 0, "generated": 0, "bbox": {"xmin": 686, "ymin": 88, "ymax": 248, "xmax": 867}}, {"tid": 1, "generated": 0, "bbox": {"xmin": 161, "ymin": 224, "ymax": 709, "xmax": 800}}, {"tid": 2, "generated": 0, "bbox": {"xmin": 145, "ymin": 4, "ymax": 717, "xmax": 1274}}, {"tid": 3, "generated": 0, "bbox": {"xmin": 4, "ymin": 58, "ymax": 400, "xmax": 213}}], [{"tid": 0, "generated": 0, "bbox": {"xmin": 688, "ymin": 87, "ymax": 243, "xmax": 864}}, {"tid": 1, "generated": 0, "bbox": {"xmin": 160, "ymin": 225, "ymax": 709, "xmax": 798}}, {"tid": 2, "generated": 0, "bbox": {"xmin": 145, "ymin": 4, "ymax": 717, "xmax": 1274}}, {"tid": 3, "generated": 0, "bbox": {"xmin": 3, "ymin": 58, "ymax": 396, "xmax": 212}}], [{"tid": 0, "generated": 0, "bbox": {"xmin": 691, "ymin": 85, "ymax": 236, "xmax": 864}}, {"tid": 1, "generated": 0, "bbox": {"xmin": 160, "ymin": 227, "ymax": 709, "xmax": 800}}, {"tid": 2, "generated": 0, "bbox": {"xmin": 146, "ymin": 4, "ymax": 717, "xmax": 1274}}, {"tid": 3, "generated": 0, "bbox": {"xmin": 2, "ymin": 57, "ymax": 393, "xmax": 211}}], [{"tid": 0, "generated": 0, "bbox": {"xmin": 695, "ymin": 81, "ymax": 238, "xmax": 860}}, {"tid": 1, "generated": 0, "bbox": {"xmin": 160, "ymin": 229, "ymax": 709, "xmax": 802}}, {"tid": 2, "generated": 0, "bbox": {"xmin": 146, "ymin": 4, "ymax": 717, "xmax": 1274}}, {"tid": 3, "generated": 0, "bbox": {"xmin": 1, "ymin": 57, "ymax": 389, "xmax": 210}}], [{"tid": 0, "generated": 0, "bbox": {"xmin": 695, "ymin": 78, "ymax": 240, "xmax": 860}}, {"tid": 1, "generated": 0, "bbox": {"xmin": 160, "ymin": 232, "ymax": 709, "xmax": 805}}, {"tid": 2, "generated": 0, "bbox": {"xmin": 146, "ymin": 4, "ymax": 717, "xmax": 1274}}, {"tid": 3, "generated": 0, "bbox": {"xmin": 1, "ymin": 57, "ymax": 389, "xmax": 213}}], [{"tid": 0, "generated": 0, "bbox": {"xmin": 693, "ymin": 74, "ymax": 231, "xmax": 862}}, {"tid": 1, "generated": 0, "bbox": {"xmin": 160, "ymin": 234, "ymax": 711, "xmax": 810}}, {"tid": 2, "generated": 0, "bbox": {"xmin": 146, "ymin": 4, "ymax": 717, "xmax": 1274}}, {"tid": 3, "generated": 0, "bbox": {"xmin": 1, "ymin": 57, "ymax": 389, "xmax": 217}}], [{"tid": 0, "generated": 0, "bbox": {"xmin": 698, "ymin": 76, "ymax": 229, "xmax": 860}}, {"tid": 1, "generated": 0, "bbox": {"xmin": 160, "ymin": 237, "ymax": 713, "xmax": 815}}, {"tid": 2, "generated": 0, "bbox": {"xmin": 146, "ymin": 4, "ymax": 717, "xmax": 1274}}, {"tid": 3, "generated": 0, "bbox": {"xmin": 1, "ymin": 57, "ymax": 389, "xmax": 220}}], [{"tid": 0, "generated": 0, "bbox": {"xmin": 695, "ymin": 71, "ymax": 229, "xmax": 867}}, {"tid": 1, "generated": 0, "bbox": {"xmin": 160, "ymin": 240, "ymax": 716, "xmax": 821}}, {"tid": 2, "generated": 0, "bbox": {"xmin": 146, "ymin": 4, "ymax": 717, "xmax": 1274}}, {"tid": 3, "generated": 0, "bbox": {"xmin": 1, "ymin": 57, "ymax": 389, "xmax": 224}}]], "subject/objects": [{"category": "monkey", "tid": 0}, {"category": "domestic_cat", "tid": 1}, {"category": "sofa", "tid": 2}, {"category": "sofa", "tid": 3}], "relation_instances": [{"end_fid": 30, "subject_tid": 0, "predicate": "sit_behind", "begin_fid": 0, "object_tid": 1}, {"end_fid": 30, "subject_tid": 0, "predicate": "sit_next_to", "begin_fid": 0, "object_tid": 1}, {"end_fid": 30, "subject_tid": 0, "predicate": "touch", "begin_fid": 0, "object_tid": 1}, {"end_fid": 30, "subject_tid": 1, "predicate": "lie_next_to", "begin_fid": 0, "object_tid": 0}, {"end_fid": 30, "subject_tid": 1, "predicate": "lie_front", "begin_fid": 0, "object_tid": 0}, {"end_fid": 30, "subject_tid": 0, "predicate": "sit_above", "begin_fid": 0, "object_tid": 2}, {"end_fid": 30, "subject_tid": 2, "predicate": "beneath", "begin_fid": 0, "object_tid": 0}, {"end_fid": 30, "subject_tid": 1, "predicate": "lie_above", "begin_fid": 0, "object_tid": 2}, {"end_fid": 30, "subject_tid": 2, "predicate": "beneath", "begin_fid": 0, "object_tid": 1}, {"end_fid": 135, "subject_tid": 0, "predicate": "stand_right", "begin_fid": 105, "object_tid": 1}, {"end_fid": 135, "subject_tid": 0, "predicate": "stand_next_to", "begin_fid": 105, "object_tid": 1}, {"end_fid": 135, "subject_tid": 1, "predicate": "lie_next_to", "begin_fid": 105, "object_tid": 0}, {"end_fid": 135, "subject_tid": 1, "predicate": "lie_left", "begin_fid": 105, "object_tid": 0}, {"end_fid": 135, "subject_tid": 0, "predicate": "stand_above", "begin_fid": 105, "object_tid": 2}, {"end_fid": 135, "subject_tid": 2, "predicate": "beneath", "begin_fid": 105, "object_tid": 0}, {"end_fid": 135, "subject_tid": 1, "predicate": "lie_above", "begin_fid": 105, "object_tid": 2}, {"end_fid": 135, "subject_tid": 2, "predicate": "beneath", "begin_fid": 105, "object_tid": 1}, {"end_fid": 270, "subject_tid": 0, "predicate": "stand_right", "begin_fid": 240, "object_tid": 1}, {"end_fid": 270, "subject_tid": 0, "predicate": "stand_next_to", "begin_fid": 240, "object_tid": 1}, {"end_fid": 270, "subject_tid": 0, "predicate": "taller", "begin_fid": 240, "object_tid": 1}, {"end_fid": 270, "subject_tid": 0, "predicate": "touch", "begin_fid": 240, "object_tid": 1}, {"end_fid": 270, "subject_tid": 1, "predicate": "lie_next_to", "begin_fid": 240, "object_tid": 0}, {"end_fid": 270, "subject_tid": 1, "predicate": "lie_left", "begin_fid": 240, "object_tid": 0}, {"end_fid": 270, "subject_tid": 0, "predicate": "stand_above", "begin_fid": 240, "object_tid": 2}, {"end_fid": 270, "subject_tid": 2, "predicate": "beneath", "begin_fid": 240, "object_tid": 0}, {"end_fid": 270, "subject_tid": 1, "predicate": "lie_above", "begin_fid": 240, "object_tid": 2}, {"end_fid": 270, "subject_tid": 2, "predicate": "beneath", "begin_fid": 240, "object_tid": 1}, {"end_fid": 405, "subject_tid": 0, "predicate": "sit_right", "begin_fid": 375, "object_tid": 1}, {"end_fid": 405, "subject_tid": 0, "predicate": "sit_next_to", "begin_fid": 375, "object_tid": 1}, {"end_fid": 405, "subject_tid": 0, "predicate": "touch", "begin_fid": 375, "object_tid": 1}, {"end_fid": 405, "subject_tid": 1, "predicate": "lie_next_to", "begin_fid": 375, "object_tid": 0}, {"end_fid": 405, "subject_tid": 1, "predicate": "lie_left", "begin_fid": 375, "object_tid": 0}, {"end_fid": 405, "subject_tid": 0, "predicate": "sit_above", "begin_fid": 375, "object_tid": 2}, {"end_fid": 405, "subject_tid": 2, "predicate": "beneath", "begin_fid": 375, "object_tid": 0}, {"end_fid": 405, "subject_tid": 1, "predicate": "lie_above", "begin_fid": 375, "object_tid": 2}, {"end_fid": 405, "subject_tid": 2, "predicate": "beneath", "begin_fid": 375, "object_tid": 1}, {"end_fid": 585, "subject_tid": 0, "predicate": "sit_right", "begin_fid": 555, "object_tid": 1}, {"end_fid": 585, "subject_tid": 0, "predicate": "sit_next_to", "begin_fid": 555, "object_tid": 1}, {"end_fid": 585, "subject_tid": 0, "predicate": "taller", "begin_fid": 555, "object_tid": 1}, {"end_fid": 585, "subject_tid": 1, "predicate": "lie_next_to", "begin_fid": 555, "object_tid": 0}, {"end_fid": 585, "subject_tid": 1, "predicate": "lie_left", "begin_fid": 555, "object_tid": 0}, {"end_fid": 585, "subject_tid": 0, "predicate": "sit_above", "begin_fid": 555, "object_tid": 2}, {"end_fid": 585, "subject_tid": 2, "predicate": "beneath", "begin_fid": 555, "object_tid": 0}, {"end_fid": 585, "subject_tid": 1, "predicate": "lie_above", "begin_fid": 555, "object_tid": 2}, {"end_fid": 585, "subject_tid": 2, "predicate": "beneath", "begin_fid": 555, "object_tid": 1}, {"end_fid": 720, "subject_tid": 0, "predicate": "jump_right", "begin_fid": 690, "object_tid": 1}, {"end_fid": 720, "subject_tid": 0, "predicate": "jump_past", "begin_fid": 690, "object_tid": 1}, {"end_fid": 720, "subject_tid": 1, "predicate": "lie_left", "begin_fid": 690, "object_tid": 0}, {"end_fid": 720, "subject_tid": 0, "predicate": "jump_above", "begin_fid": 690, "object_tid": 2}, {"end_fid": 720, "subject_tid": 2, "predicate": "beneath", "begin_fid": 690, "object_tid": 0}, {"end_fid": 720, "subject_tid": 0, "predicate": "jump_right", "begin_fid": 690, "object_tid": 3}, {"end_fid": 720, "subject_tid": 3, "predicate": "left", "begin_fid": 690, "object_tid": 0}, {"end_fid": 720, "subject_tid": 1, "predicate": "lie_above", "begin_fid": 690, "object_tid": 2}, {"end_fid": 720, "subject_tid": 2, "predicate": "beneath", "begin_fid": 690, "object_tid": 1}, {"end_fid": 720, "subject_tid": 1, "predicate": "lie_right", "begin_fid": 690, "object_tid": 3}, {"end_fid": 720, "subject_tid": 3, "predicate": "left", "begin_fid": 690, "object_tid": 1}, {"end_fid": 720, "subject_tid": 2, "predicate": "right", "begin_fid": 690, "object_tid": 3}, {"end_fid": 720, "subject_tid": 3, "predicate": "left", "begin_fid": 690, "object_tid": 2}, {"end_fid": 735, "subject_tid": 0, "predicate": "walk_behind", "begin_fid": 705, "object_tid": 1}, {"end_fid": 735, "subject_tid": 1, "predicate": "lie_front", "begin_fid": 705, "object_tid": 0}, {"end_fid": 735, "subject_tid": 0, "predicate": "walk_above", "begin_fid": 705, "object_tid": 2}, {"end_fid": 735, "subject_tid": 2, "predicate": "beneath", "begin_fid": 705, "object_tid": 0}, {"end_fid": 735, "subject_tid": 0, "predicate": "walk_right", "begin_fid": 705, "object_tid": 3}, {"end_fid": 735, "subject_tid": 3, "predicate": "left", "begin_fid": 705, "object_tid": 0}, {"end_fid": 735, "subject_tid": 1, "predicate": "lie_above", "begin_fid": 705, "object_tid": 2}, {"end_fid": 735, "subject_tid": 2, "predicate": "beneath", "begin_fid": 705, "object_tid": 1}, {"end_fid": 735, "subject_tid": 1, "predicate": "lie_right", "begin_fid": 705, "object_tid": 3}, {"end_fid": 735, "subject_tid": 3, "predicate": "left", "begin_fid": 705, "object_tid": 1}, {"end_fid": 735, "subject_tid": 2, "predicate": "right", "begin_fid": 705, "object_tid": 3}, {"end_fid": 735, "subject_tid": 3, "predicate": "left", "begin_fid": 705, "object_tid": 2}], "height": 720}