{"width": 1280, "frame_count": 480, "video_id": "ILSVRC2015_train_00094003", "fps": 24, "trajectories": [[], [], [], [], [], [], [], [], [], [], [], [], [], [], [], [], [], [], [], [], [], [], [], [], [], [], [], [], [], [], [], [], [], [], [], [], [], [], [], [], [], [], [], [], [], [], [], [], [], [], [], [], [], [], [], [], [], [], [], [], [], [], [], [], [], [], [], [], [], [], [], [], [], [], [], [{"tid": 0, "generated": 0, "bbox": {"xmin": 256, "ymin": 272, "ymax": 515, "xmax": 720}}, {"tid": 1, "generated": 0, "bbox": {"xmin": 590, "ymin": 211, "ymax": 286, "xmax": 652}}], [{"tid": 0, "generated": 0, "bbox": {"xmin": 257, "ymin": 280, "ymax": 522, "xmax": 720}}, {"tid": 1, "generated": 0, "bbox": {"xmin": 591, "ymin": 216, "ymax": 294, "xmax": 654}}], [{"tid": 0, "generated": 0, "bbox": {"xmin": 252, "ymin": 286, "ymax": 524, "xmax": 721}}, {"tid": 1, "generated": 0, "bbox": {"xmin": 593, "ymin": 222, "ymax": 302, "xmax": 657}}], [{"tid": 0, "generated": 0, "bbox": {"xmin": 256, "ymin": 295, "ymax": 531, "xmax": 727}}, {"tid": 1, "generated": 0, "bbox": {"xmin": 596, "ymin": 228, "ymax": 306, "xmax": 657}}], [{"tid": 0, "generated": 0, "bbox": {"xmin": 261, "ymin": 296, "ymax": 536, "xmax": 732}}, {"tid": 1, "generated": 0, "bbox": {"xmin": 599, "ymin": 234, "ymax": 311, "xmax": 657}}], [{"tid": 0, "generated": 0, "bbox": {"xmin": 266, "ymin": 300, "ymax": 542, "xmax": 734}}, {"tid": 1, "generated": 0, "bbox": {"xmin": 599, "ymin": 240, "ymax": 307, "xmax": 663}}], [{"tid": 0, "generated": 0, "bbox": {"xmin": 270, "ymin": 300, "ymax": 544, "xmax": 739}}, {"tid": 1, "generated": 0, "bbox": {"xmin": 602, "ymin": 236, "ymax": 312, "xmax": 666}}], [{"tid": 0, "generated": 0, "bbox": {"xmin": 273, "ymin": 302, "ymax": 547, "xmax": 741}}, {"tid": 1, "generated": 0, "bbox": {"xmin": 608, "ymin": 238, "ymax": 309, "xmax": 675}}], [{"tid": 0, "generated": 0, "bbox": {"xmin": 277, "ymin": 296, "ymax": 544, "xmax": 746}}, {"tid": 1, "generated": 0, "bbox": {"xmin": 611, "ymin": 240, "ymax": 311, "xmax": 673}}], [{"tid": 0, "generated": 0, "bbox": {"xmin": 280, "ymin": 298, "ymax": 544, "xmax": 750}}, {"tid": 1, "generated": 0, "bbox": {"xmin": 615, "ymin": 240, "ymax": 309, "xmax": 673}}], [{"tid": 0, "generated": 0, "bbox": {"xmin": 284, "ymin": 296, "ymax": 545, "xmax": 750}}, {"tid": 1, "generated": 0, "bbox": {"xmin": 619, "ymin": 238, "ymax": 308, "xmax": 676}}], [{"tid": 0, "generated": 0, "bbox": {"xmin": 288, "ymin": 295, "ymax": 544, "xmax": 757}}, {"tid": 1, "generated": 0, "bbox": {"xmin": 624, "ymin": 236, "ymax": 307, "xmax": 680}}], [{"tid": 0, "generated": 0, "bbox": {"xmin": 291, "ymin": 289, "ymax": 536, "xmax": 760}}, {"tid": 1, "generated": 0, "bbox": {"xmin": 628, "ymin": 232, "ymax": 303, "xmax": 683}}], [{"tid": 0, "generated": 0, "bbox": {"xmin": 295, "ymin": 284, "ymax": 531, "xmax": 764}}, {"tid": 1, "generated": 0, "bbox": {"xmin": 633, "ymin": 228, "ymax": 300, "xmax": 687}}], [{"tid": 0, "generated": 0, "bbox": {"xmin": 298, "ymin": 280, "ymax": 533, "xmax": 768}}, {"tid": 1, "generated": 0, "bbox": {"xmin": 638, "ymin": 224, "ymax": 296, "xmax": 691}}], [{"tid": 0, "generated": 0, "bbox": {"xmin": 304, "ymin": 277, "ymax": 528, "xmax": 771}}, {"tid": 1, "generated": 0, "bbox": {"xmin": 643, "ymin": 220, "ymax": 293, "xmax": 695}}], [{"tid": 0, "generated": 0, "bbox": {"xmin": 309, "ymin": 273, "ymax": 524, "xmax": 773}}, {"tid": 1, "generated": 0, "bbox": {"xmin": 645, "ymin": 216, "ymax": 292, "xmax": 697}}], [{"tid": 0, "generated": 0, "bbox": {"xmin": 311, "ymin": 270, "ymax": 519, "xmax": 776}}, {"tid": 1, "generated": 0, "bbox": {"xmin": 647, "ymin": 213, "ymax": 291, "xmax": 700}}], [{"tid": 0, "generated": 0, "bbox": {"xmin": 316, "ymin": 266, "ymax": 513, "xmax": 780}}, {"tid": 1, "generated": 0, "bbox": {"xmin": 657, "ymin": 209, "ymax": 284, "xmax": 707}}], [{"tid": 0, "generated": 0, "bbox": {"xmin": 318, "ymin": 263, "ymax": 512, "xmax": 785}}, {"tid": 1, "generated": 0, "bbox": {"xmin": 659, "ymin": 202, "ymax": 279, "xmax": 711}}], [{"tid": 0, "generated": 0, "bbox": {"xmin": 320, "ymin": 259, "ymax": 504, "xmax": 782}}, {"tid": 1, "generated": 0, "bbox": {"xmin": 661, "ymin": 199, "ymax": 273, "xmax": 714}}], [{"tid": 0, "generated": 0, "bbox": {"xmin": 318, "ymin": 254, "ymax": 503, "xmax": 785}}, {"tid": 1, "generated": 0, "bbox": {"xmin": 663, "ymin": 195, "ymax": 270, "xmax": 712}}], [{"tid": 0, "generated": 0, "bbox": {"xmin": 316, "ymin": 248, "ymax": 499, "xmax": 782}}, {"tid": 1, "generated": 0, "bbox": {"xmin": 661, "ymin": 192, "ymax": 266, "xmax": 712}}], [{"tid": 0, "generated": 0, "bbox": {"xmin": 311, "ymin": 243, "ymax": 497, "xmax": 778}}, {"tid": 1, "generated": 0, "bbox": {"xmin": 657, "ymin": 190, "ymax": 264, "xmax": 705}}], [{"tid": 0, "generated": 0, "bbox": {"xmin": 311, "ymin": 248, "ymax": 494, "xmax": 775}}, {"tid": 1, "generated": 0, "bbox": {"xmin": 648, "ymin": 188, "ymax": 266, "xmax": 704}}], [{"tid": 0, "generated": 0, "bbox": {"xmin": 304, "ymin": 250, "ymax": 499, "xmax": 769}}, {"tid": 1, "generated": 0, "bbox": {"xmin": 641, "ymin": 195, "ymax": 268, "xmax": 696}}], [{"tid": 0, "generated": 0, "bbox": {"xmin": 296, "ymin": 256, "ymax": 501, "xmax": 766}}, {"tid": 1, "generated": 0, "bbox": {"xmin": 634, "ymin": 200, "ymax": 273, "xmax": 695}}], [{"tid": 0, "generated": 0, "bbox": {"xmin": 289, "ymin": 264, "ymax": 512, "xmax": 753}}, {"tid": 1, "generated": 0, "bbox": {"xmin": 629, "ymin": 206, "ymax": 280, "xmax": 686}}], [{"tid": 0, "generated": 0, "bbox": {"xmin": 280, "ymin": 273, "ymax": 524, "xmax": 746}}, {"tid": 1, "generated": 0, "bbox": {"xmin": 618, "ymin": 218, "ymax": 291, "xmax": 672}}], [{"tid": 0, "generated": 0, "bbox": {"xmin": 266, "ymin": 286, "ymax": 535, "xmax": 741}}, {"tid": 1, "generated": 0, "bbox": {"xmin": 613, "ymin": 232, "ymax": 305, "xmax": 670}}], [], [], [], [], [], [], [], [], [], [], [], [], [], [], [], [], [], [], [], [], [], [], [], [], [], [], [], [], [], [], [], [], [], [], [], [], [], [], [], [], [], [], [], [], [], [], [], [], [], [], [], [], [], [], [], [], [], [], [], [], [], [], [], [], [], [], [], [], [], [], [], [], [], [], [], [], [], [], [], [], [], [], [], [], [], [], [], [], [], [], [], [], [], [], [], [], [], [], [], [], [], [], [], [], [], [], [], [], [], [], [], [], [], [], [], [], [], [], [], [], [{"tid": 0, "generated": 0, "bbox": {"xmin": 227, "ymin": 321, "ymax": 563, "xmax": 679}}, {"tid": 1, "generated": 0, "bbox": {"xmin": 565, "ymin": 279, "ymax": 343, "xmax": 611}}], [{"tid": 0, "generated": 0, "bbox": {"xmin": 227, "ymin": 321, "ymax": 563, "xmax": 682}}, {"tid": 1, "generated": 0, "bbox": {"xmin": 567, "ymin": 279, "ymax": 344, "xmax": 611}}], [{"tid": 0, "generated": 0, "bbox": {"xmin": 227, "ymin": 320, "ymax": 560, "xmax": 682}}, {"tid": 1, "generated": 0, "bbox": {"xmin": 565, "ymin": 277, "ymax": 341, "xmax": 611}}], [{"tid": 0, "generated": 0, "bbox": {"xmin": 227, "ymin": 320, "ymax": 561, "xmax": 680}}, {"tid": 1, "generated": 0, "bbox": {"xmin": 563, "ymin": 277, "ymax": 339, "xmax": 609}}], [{"tid": 0, "generated": 0, "bbox": {"xmin": 227, "ymin": 320, "ymax": 561, "xmax": 682}}, {"tid": 1, "generated": 0, "bbox": {"xmin": 563, "ymin": 279, "ymax": 339, "xmax": 609}}], [{"tid": 0, "generated": 0, "bbox": {"xmin": 227, "ymin": 320, "ymax": 560, "xmax": 677}}, {"tid": 1, "generated": 0, "bbox": {"xmin": 563, "ymin": 277, "ymax": 341, "xmax": 609}}], [{"tid": 0, "generated": 0, "bbox": {"xmin": 227, "ymin": 318, "ymax": 560, "xmax": 677}}, {"tid": 1, "generated": 0, "bbox": {"xmin": 563, "ymin": 277, "ymax": 337, "xmax": 608}}], [{"tid": 0, "generated": 0, "bbox": {"xmin": 227, "ymin": 318, "ymax": 561, "xmax": 677}}, {"tid": 1, "generated": 0, "bbox": {"xmin": 565, "ymin": 275, "ymax": 334, "xmax": 606}}], [{"tid": 0, "generated": 0, "bbox": {"xmin": 227, "ymin": 316, "ymax": 560, "xmax": 677}}, {"tid": 1, "generated": 0, "bbox": {"xmin": 565, "ymin": 273, "ymax": 337, "xmax": 611}}], [{"tid": 0, "generated": 0, "bbox": {"xmin": 229, "ymin": 316, "ymax": 558, "xmax": 679}}, {"tid": 1, "generated": 0, "bbox": {"xmin": 565, "ymin": 279, "ymax": 336, "xmax": 611}}], [{"tid": 0, "generated": 0, "bbox": {"xmin": 231, "ymin": 316, "ymax": 558, "xmax": 679}}, {"tid": 1, "generated": 0, "bbox": {"xmin": 565, "ymin": 279, "ymax": 334, "xmax": 609}}], [{"tid": 0, "generated": 0, "bbox": {"xmin": 231, "ymin": 316, "ymax": 558, "xmax": 679}}, {"tid": 1, "generated": 0, "bbox": {"xmin": 565, "ymin": 280, "ymax": 332, "xmax": 608}}], [{"tid": 0, "generated": 0, "bbox": {"xmin": 232, "ymin": 316, "ymax": 558, "xmax": 679}}, {"tid": 1, "generated": 0, "bbox": {"xmin": 567, "ymin": 279, "ymax": 336, "xmax": 608}}], [{"tid": 0, "generated": 0, "bbox": {"xmin": 231, "ymin": 318, "ymax": 552, "xmax": 673}}, {"tid": 1, "generated": 0, "bbox": {"xmin": 563, "ymin": 280, "ymax": 337, "xmax": 604}}], [{"tid": 0, "generated": 0, "bbox": {"xmin": 232, "ymin": 316, "ymax": 558, "xmax": 677}}, {"tid": 1, "generated": 0, "bbox": {"xmin": 570, "ymin": 282, "ymax": 336, "xmax": 608}}], [{"tid": 0, "generated": 0, "bbox": {"xmin": 232, "ymin": 316, "ymax": 560, "xmax": 679}}, {"tid": 1, "generated": 0, "bbox": {"xmin": 565, "ymin": 273, "ymax": 337, "xmax": 611}}], [{"tid": 0, "generated": 0, "bbox": {"xmin": 232, "ymin": 314, "ymax": 558, "xmax": 677}}, {"tid": 1, "generated": 0, "bbox": {"xmin": 568, "ymin": 273, "ymax": 336, "xmax": 613}}], [{"tid": 0, "generated": 0, "bbox": {"xmin": 232, "ymin": 314, "ymax": 556, "xmax": 677}}, {"tid": 1, "generated": 0, "bbox": {"xmin": 570, "ymin": 273, "ymax": 334, "xmax": 609}}], [{"tid": 0, "generated": 0, "bbox": {"xmin": 232, "ymin": 314, "ymax": 556, "xmax": 677}}, {"tid": 1, "generated": 0, "bbox": {"xmin": 567, "ymin": 273, "ymax": 332, "xmax": 608}}], [{"tid": 0, "generated": 0, "bbox": {"xmin": 232, "ymin": 314, "ymax": 556, "xmax": 677}}, {"tid": 1, "generated": 0, "bbox": {"xmin": 570, "ymin": 273, "ymax": 334, "xmax": 608}}], [{"tid": 0, "generated": 0, "bbox": {"xmin": 232, "ymin": 314, "ymax": 556, "xmax": 677}}, {"tid": 1, "generated": 0, "bbox": {"xmin": 569, "ymin": 273, "ymax": 335, "xmax": 608}}], [{"tid": 0, "generated": 0, "bbox": {"xmin": 232, "ymin": 314, "ymax": 558, "xmax": 679}}, {"tid": 1, "generated": 0, "bbox": {"xmin": 568, "ymin": 273, "ymax": 336, "xmax": 608}}], [{"tid": 0, "generated": 0, "bbox": {"xmin": 232, "ymin": 316, "ymax": 560, "xmax": 679}}, {"tid": 1, "generated": 0, "bbox": {"xmin": 565, "ymin": 275, "ymax": 334, "xmax": 606}}], [{"tid": 0, "generated": 0, "bbox": {"xmin": 231, "ymin": 314, "ymax": 558, "xmax": 679}}, {"tid": 1, "generated": 0, "bbox": {"xmin": 560, "ymin": 273, "ymax": 337, "xmax": 604}}], [{"tid": 0, "generated": 0, "bbox": {"xmin": 232, "ymin": 316, "ymax": 558, "xmax": 677}}, {"tid": 1, "generated": 0, "bbox": {"xmin": 560, "ymin": 272, "ymax": 336, "xmax": 606}}], [{"tid": 0, "generated": 0, "bbox": {"xmin": 232, "ymin": 316, "ymax": 558, "xmax": 679}}, {"tid": 1, "generated": 0, "bbox": {"xmin": 561, "ymin": 272, "ymax": 339, "xmax": 609}}], [{"tid": 0, "generated": 0, "bbox": {"xmin": 231, "ymin": 316, "ymax": 560, "xmax": 677}}, {"tid": 1, "generated": 0, "bbox": {"xmin": 560, "ymin": 272, "ymax": 338, "xmax": 609}}], [{"tid": 0, "generated": 0, "bbox": {"xmin": 231, "ymin": 316, "ymax": 560, "xmax": 677}}, {"tid": 1, "generated": 0, "bbox": {"xmin": 560, "ymin": 272, "ymax": 337, "xmax": 609}}], [{"tid": 0, "generated": 0, "bbox": {"xmin": 229, "ymin": 312, "ymax": 560, "xmax": 675}}, {"tid": 1, "generated": 0, "bbox": {"xmin": 560, "ymin": 272, "ymax": 336, "xmax": 609}}], [{"tid": 0, "generated": 0, "bbox": {"xmin": 229, "ymin": 314, "ymax": 556, "xmax": 675}}, {"tid": 1, "generated": 0, "bbox": {"xmin": 560, "ymin": 272, "ymax": 335, "xmax": 609}}], [], [], [], [], [], [], [], [], [], [], [], [], [], [], [], [], [], [], [], [], [], [], [], [], [], [], [], [], [], [], [], [], [], [], [], [], [], [], [], [], [], [], [], [], [], [], [], [], [], [], [], [], [], [], [], [], [], [], [], [], [], [], [], [], [], [], [], [], [], [], [], [], [], [], [], [], [], [], [], [], [], [], [], [], [], [], [], [], [], [], [], [], [], [], [], [], [], [], [], [], [], [], [], [], [], [], [], [], [], [], [], [], [], [], [], [], [], [], [], [], [], [], [], [], [], [], [], [], [], [], [], [], [], [], [], [], [], [], [], [], [], [], [], [], [], [], [], [], [], [], [], [], [], [], [], [], [], [], [], [], [], [], [], [], [], [], [], [], [], [], [], [], [], [], [], [], [], [], [], [], [], [], [], [], [], [], [], [], [], [], [], [], [], [], [], [{"tid": 0, "generated": 0, "bbox": {"xmin": 158, "ymin": 298, "ymax": 538, "xmax": 584}}, {"tid": 1, "generated": 0, "bbox": {"xmin": 469, "ymin": 261, "ymax": 321, "xmax": 526}}], [{"tid": 0, "generated": 0, "bbox": {"xmin": 161, "ymin": 296, "ymax": 536, "xmax": 586}}, {"tid": 1, "generated": 0, "bbox": {"xmin": 469, "ymin": 261, "ymax": 321, "xmax": 526}}], [{"tid": 0, "generated": 0, "bbox": {"xmin": 160, "ymin": 296, "ymax": 538, "xmax": 590}}, {"tid": 1, "generated": 0, "bbox": {"xmin": 469, "ymin": 261, "ymax": 321, "xmax": 526}}], [{"tid": 0, "generated": 0, "bbox": {"xmin": 160, "ymin": 300, "ymax": 536, "xmax": 586}}, {"tid": 1, "generated": 0, "bbox": {"xmin": 469, "ymin": 261, "ymax": 321, "xmax": 527}}], [{"tid": 0, "generated": 0, "bbox": {"xmin": 158, "ymin": 298, "ymax": 536, "xmax": 588}}, {"tid": 1, "generated": 0, "bbox": {"xmin": 469, "ymin": 261, "ymax": 321, "xmax": 527}}], [{"tid": 0, "generated": 0, "bbox": {"xmin": 158, "ymin": 300, "ymax": 535, "xmax": 586}}, {"tid": 1, "generated": 0, "bbox": {"xmin": 469, "ymin": 261, "ymax": 322, "xmax": 527}}], [{"tid": 0, "generated": 0, "bbox": {"xmin": 161, "ymin": 300, "ymax": 531, "xmax": 588}}, {"tid": 1, "generated": 0, "bbox": {"xmin": 469, "ymin": 261, "ymax": 322, "xmax": 528}}], [{"tid": 0, "generated": 0, "bbox": {"xmin": 163, "ymin": 300, "ymax": 531, "xmax": 584}}, {"tid": 1, "generated": 0, "bbox": {"xmin": 469, "ymin": 261, "ymax": 322, "xmax": 528}}], [{"tid": 0, "generated": 0, "bbox": {"xmin": 161, "ymin": 302, "ymax": 533, "xmax": 590}}, {"tid": 1, "generated": 0, "bbox": {"xmin": 469, "ymin": 261, "ymax": 322, "xmax": 528}}], [{"tid": 0, "generated": 0, "bbox": {"xmin": 161, "ymin": 300, "ymax": 533, "xmax": 586}}, {"tid": 1, "generated": 0, "bbox": {"xmin": 469, "ymin": 261, "ymax": 323, "xmax": 529}}], [{"tid": 0, "generated": 0, "bbox": {"xmin": 161, "ymin": 300, "ymax": 531, "xmax": 584}}, {"tid": 1, "generated": 0, "bbox": {"xmin": 469, "ymin": 261, "ymax": 325, "xmax": 531}}], [{"tid": 0, "generated": 0, "bbox": {"xmin": 161, "ymin": 300, "ymax": 529, "xmax": 584}}, {"tid": 1, "generated": 0, "bbox": {"xmin": 469, "ymin": 260, "ymax": 324, "xmax": 530}}], [{"tid": 0, "generated": 0, "bbox": {"xmin": 161, "ymin": 302, "ymax": 531, "xmax": 586}}, {"tid": 1, "generated": 0, "bbox": {"xmin": 469, "ymin": 259, "ymax": 324, "xmax": 529}}], [{"tid": 0, "generated": 0, "bbox": {"xmin": 161, "ymin": 302, "ymax": 538, "xmax": 581}}, {"tid": 1, "generated": 0, "bbox": {"xmin": 469, "ymin": 258, "ymax": 323, "xmax": 528}}], [{"tid": 0, "generated": 0, "bbox": {"xmin": 163, "ymin": 300, "ymax": 531, "xmax": 586}}, {"tid": 1, "generated": 0, "bbox": {"xmin": 469, "ymin": 257, "ymax": 323, "xmax": 528}}], [{"tid": 0, "generated": 0, "bbox": {"xmin": 161, "ymin": 300, "ymax": 533, "xmax": 588}}, {"tid": 1, "generated": 0, "bbox": {"xmin": 469, "ymin": 256, "ymax": 323, "xmax": 527}}], [{"tid": 0, "generated": 0, "bbox": {"xmin": 161, "ymin": 302, "ymax": 533, "xmax": 588}}, {"tid": 1, "generated": 0, "bbox": {"xmin": 469, "ymin": 256, "ymax": 323, "xmax": 526}}], [{"tid": 0, "generated": 0, "bbox": {"xmin": 160, "ymin": 300, "ymax": 531, "xmax": 590}}, {"tid": 1, "generated": 0, "bbox": {"xmin": 469, "ymin": 256, "ymax": 323, "xmax": 526}}], [{"tid": 0, "generated": 0, "bbox": {"xmin": 160, "ymin": 302, "ymax": 531, "xmax": 586}}, {"tid": 1, "generated": 0, "bbox": {"xmin": 469, "ymin": 256, "ymax": 323, "xmax": 527}}], [{"tid": 0, "generated": 0, "bbox": {"xmin": 160, "ymin": 300, "ymax": 536, "xmax": 586}}, {"tid": 1, "generated": 0, "bbox": {"xmin": 469, "ymin": 257, "ymax": 323, "xmax": 528}}], [{"tid": 0, "generated": 0, "bbox": {"xmin": 161, "ymin": 302, "ymax": 535, "xmax": 586}}, {"tid": 1, "generated": 0, "bbox": {"xmin": 469, "ymin": 259, "ymax": 325, "xmax": 529}}], [{"tid": 0, "generated": 0, "bbox": {"xmin": 160, "ymin": 300, "ymax": 538, "xmax": 584}}, {"tid": 1, "generated": 0, "bbox": {"xmin": 469, "ymin": 256, "ymax": 323, "xmax": 529}}], [{"tid": 0, "generated": 0, "bbox": {"xmin": 158, "ymin": 304, "ymax": 533, "xmax": 590}}, {"tid": 1, "generated": 0, "bbox": {"xmin": 471, "ymin": 257, "ymax": 323, "xmax": 528}}], [{"tid": 0, "generated": 0, "bbox": {"xmin": 158, "ymin": 300, "ymax": 533, "xmax": 588}}, {"tid": 1, "generated": 0, "bbox": {"xmin": 471, "ymin": 259, "ymax": 323, "xmax": 524}}], [{"tid": 0, "generated": 0, "bbox": {"xmin": 158, "ymin": 304, "ymax": 531, "xmax": 590}}, {"tid": 1, "generated": 0, "bbox": {"xmin": 471, "ymin": 259, "ymax": 323, "xmax": 522}}], [{"tid": 0, "generated": 0, "bbox": {"xmin": 161, "ymin": 300, "ymax": 529, "xmax": 588}}, {"tid": 1, "generated": 0, "bbox": {"xmin": 471, "ymin": 261, "ymax": 325, "xmax": 520}}], [{"tid": 0, "generated": 0, "bbox": {"xmin": 161, "ymin": 298, "ymax": 531, "xmax": 590}}, {"tid": 1, "generated": 0, "bbox": {"xmin": 465, "ymin": 256, "ymax": 323, "xmax": 522}}], [{"tid": 0, "generated": 0, "bbox": {"xmin": 161, "ymin": 302, "ymax": 528, "xmax": 588}}, {"tid": 1, "generated": 0, "bbox": {"xmin": 467, "ymin": 261, "ymax": 327, "xmax": 528}}], [{"tid": 0, "generated": 0, "bbox": {"xmin": 160, "ymin": 302, "ymax": 526, "xmax": 584}}, {"tid": 1, "generated": 0, "bbox": {"xmin": 471, "ymin": 259, "ymax": 323, "xmax": 526}}], [{"tid": 0, "generated": 0, "bbox": {"xmin": 160, "ymin": 304, "ymax": 526, "xmax": 588}}, {"tid": 1, "generated": 0, "bbox": {"xmin": 467, "ymin": 259, "ymax": 325, "xmax": 531}}]], "subject/objects": [{"category": "rabbit", "tid": 0}, {"category": "bird", "tid": 1}], "relation_instances": [{"end_fid": 105, "subject_tid": 0, "predicate": "lie_front", "begin_fid": 75, "object_tid": 1}, {"end_fid": 105, "subject_tid": 1, "predicate": "stand_behind", "begin_fid": 75, "object_tid": 0}, {"end_fid": 255, "subject_tid": 0, "predicate": "lie_front", "begin_fid": 225, "object_tid": 1}, {"end_fid": 255, "subject_tid": 1, "predicate": "stand_behind", "begin_fid": 225, "object_tid": 0}, {"end_fid": 480, "subject_tid": 0, "predicate": "lie_front", "begin_fid": 450, "object_tid": 1}, {"end_fid": 480, "subject_tid": 1, "predicate": "stand_behind", "begin_fid": 450, "object_tid": 0}], "height": 720}