{"width": 1280, "frame_count": 464, "video_id": "ILSVRC2015_train_00218001", "fps": 29, "trajectories": [[], [], [], [], [], [], [], [], [], [], [], [], [], [], [], [], [], [], [], [], [], [], [], [], [], [], [], [], [], [], [], [], [], [], [], [], [], [], [], [], [], [], [], [], [], [], [], [], [], [], [], [], [], [], [], [], [], [], [], [], [], [], [], [], [], [], [], [], [], [], [], [], [], [], [], [], [], [], [], [], [], [], [], [], [], [], [], [], [], [], [], [], [], [], [], [], [], [], [], [], [], [], [], [], [], [], [], [], [], [], [], [], [], [], [], [], [], [], [], [], [{"tid": 0, "generated": 0, "bbox": {"xmin": 1008, "ymin": 430, "ymax": 535, "xmax": 1132}}, {"tid": 1, "generated": 0, "bbox": {"xmin": 1010, "ymin": 493, "ymax": 551, "xmax": 1082}}], [{"tid": 0, "generated": 0, "bbox": {"xmin": 1002, "ymin": 430, "ymax": 534, "xmax": 1127}}, {"tid": 1, "generated": 0, "bbox": {"xmin": 1005, "ymin": 492, "ymax": 551, "xmax": 1078}}], [{"tid": 0, "generated": 0, "bbox": {"xmin": 996, "ymin": 430, "ymax": 533, "xmax": 1123}}, {"tid": 1, "generated": 0, "bbox": {"xmin": 1000, "ymin": 491, "ymax": 551, "xmax": 1074}}], [{"tid": 0, "generated": 0, "bbox": {"xmin": 990, "ymin": 430, "ymax": 532, "xmax": 1119}}, {"tid": 1, "generated": 0, "bbox": {"xmin": 995, "ymin": 490, "ymax": 551, "xmax": 1070}}], [{"tid": 0, "generated": 0, "bbox": {"xmin": 984, "ymin": 430, "ymax": 531, "xmax": 1115}}, {"tid": 1, "generated": 0, "bbox": {"xmin": 989, "ymin": 489, "ymax": 550, "xmax": 1066}}], [{"tid": 0, "generated": 0, "bbox": {"xmin": 979, "ymin": 430, "ymax": 531, "xmax": 1111}}, {"tid": 1, "generated": 0, "bbox": {"xmin": 984, "ymin": 489, "ymax": 550, "xmax": 1062}}], [{"tid": 0, "generated": 0, "bbox": {"xmin": 973, "ymin": 430, "ymax": 532, "xmax": 1103}}, {"tid": 1, "generated": 0, "bbox": {"xmin": 978, "ymin": 489, "ymax": 550, "xmax": 1059}}], [{"tid": 0, "generated": 0, "bbox": {"xmin": 967, "ymin": 430, "ymax": 533, "xmax": 1096}}, {"tid": 1, "generated": 0, "bbox": {"xmin": 973, "ymin": 489, "ymax": 550, "xmax": 1055}}], [{"tid": 0, "generated": 0, "bbox": {"xmin": 962, "ymin": 431, "ymax": 534, "xmax": 1089}}, {"tid": 1, "generated": 0, "bbox": {"xmin": 968, "ymin": 489, "ymax": 550, "xmax": 1052}}], [{"tid": 0, "generated": 0, "bbox": {"xmin": 956, "ymin": 431, "ymax": 535, "xmax": 1082}}, {"tid": 1, "generated": 0, "bbox": {"xmin": 962, "ymin": 488, "ymax": 549, "xmax": 1048}}], [{"tid": 0, "generated": 0, "bbox": {"xmin": 951, "ymin": 432, "ymax": 536, "xmax": 1075}}, {"tid": 1, "generated": 0, "bbox": {"xmin": 957, "ymin": 488, "ymax": 549, "xmax": 1045}}], [{"tid": 0, "generated": 0, "bbox": {"xmin": 946, "ymin": 431, "ymax": 536, "xmax": 1073}}, {"tid": 1, "generated": 0, "bbox": {"xmin": 952, "ymin": 488, "ymax": 549, "xmax": 1041}}], [{"tid": 0, "generated": 0, "bbox": {"xmin": 941, "ymin": 431, "ymax": 536, "xmax": 1072}}, {"tid": 1, "generated": 0, "bbox": {"xmin": 946, "ymin": 488, "ymax": 549, "xmax": 1038}}], [{"tid": 0, "generated": 0, "bbox": {"xmin": 937, "ymin": 430, "ymax": 536, "xmax": 1070}}, {"tid": 1, "generated": 0, "bbox": {"xmin": 941, "ymin": 488, "ymax": 549, "xmax": 1034}}], [{"tid": 0, "generated": 0, "bbox": {"xmin": 932, "ymin": 430, "ymax": 536, "xmax": 1069}}, {"tid": 1, "generated": 0, "bbox": {"xmin": 936, "ymin": 488, "ymax": 549, "xmax": 1031}}], [{"tid": 0, "generated": 0, "bbox": {"xmin": 928, "ymin": 430, "ymax": 536, "xmax": 1068}}, {"tid": 1, "generated": 0, "bbox": {"xmin": 930, "ymin": 487, "ymax": 549, "xmax": 1026}}], [{"tid": 0, "generated": 0, "bbox": {"xmin": 922, "ymin": 430, "ymax": 535, "xmax": 1059}}, {"tid": 1, "generated": 0, "bbox": {"xmin": 925, "ymin": 486, "ymax": 549, "xmax": 1022}}], [{"tid": 0, "generated": 0, "bbox": {"xmin": 917, "ymin": 430, "ymax": 535, "xmax": 1057}}, {"tid": 1, "generated": 0, "bbox": {"xmin": 920, "ymin": 485, "ymax": 549, "xmax": 1018}}], [{"tid": 0, "generated": 0, "bbox": {"xmin": 912, "ymin": 430, "ymax": 536, "xmax": 1070}}, {"tid": 1, "generated": 0, "bbox": {"xmin": 914, "ymin": 485, "ymax": 548, "xmax": 1014}}], [{"tid": 0, "generated": 0, "bbox": {"xmin": 908, "ymin": 430, "ymax": 538, "xmax": 1083}}, {"tid": 1, "generated": 0, "bbox": {"xmin": 909, "ymin": 485, "ymax": 548, "xmax": 1010}}], [{"tid": 0, "generated": 0, "bbox": {"xmin": 904, "ymin": 430, "ymax": 540, "xmax": 1096}}, {"tid": 1, "generated": 0, "bbox": {"xmin": 904, "ymin": 486, "ymax": 547, "xmax": 1007}}], [{"tid": 0, "generated": 0, "bbox": {"xmin": 899, "ymin": 426, "ymax": 536, "xmax": 1095}}, {"tid": 1, "generated": 0, "bbox": {"xmin": 899, "ymin": 486, "ymax": 547, "xmax": 1003}}], [{"tid": 0, "generated": 0, "bbox": {"xmin": 896, "ymin": 424, "ymax": 533, "xmax": 1100}}, {"tid": 1, "generated": 0, "bbox": {"xmin": 894, "ymin": 487, "ymax": 547, "xmax": 1000}}], [{"tid": 0, "generated": 0, "bbox": {"xmin": 888, "ymin": 423, "ymax": 533, "xmax": 1066}}, {"tid": 1, "generated": 0, "bbox": {"xmin": 888, "ymin": 489, "ymax": 547, "xmax": 997}}], [{"tid": 0, "generated": 0, "bbox": {"xmin": 883, "ymin": 417, "ymax": 533, "xmax": 1059}}, {"tid": 1, "generated": 0, "bbox": {"xmin": 883, "ymin": 491, "ymax": 547, "xmax": 994}}], [{"tid": 0, "generated": 0, "bbox": {"xmin": 885, "ymin": 421, "ymax": 533, "xmax": 1038}}, {"tid": 1, "generated": 0, "bbox": {"xmin": 878, "ymin": 493, "ymax": 547, "xmax": 991}}], [{"tid": 0, "generated": 0, "bbox": {"xmin": 878, "ymin": 421, "ymax": 531, "xmax": 1038}}, {"tid": 1, "generated": 0, "bbox": {"xmin": 873, "ymin": 495, "ymax": 548, "xmax": 989}}], [{"tid": 0, "generated": 0, "bbox": {"xmin": 872, "ymin": 416, "ymax": 529, "xmax": 1022}}, {"tid": 1, "generated": 0, "bbox": {"xmin": 868, "ymin": 497, "ymax": 548, "xmax": 986}}], [{"tid": 0, "generated": 0, "bbox": {"xmin": 868, "ymin": 411, "ymax": 527, "xmax": 1011}}, {"tid": 1, "generated": 0, "bbox": {"xmin": 863, "ymin": 499, "ymax": 548, "xmax": 983}}], [{"tid": 0, "generated": 0, "bbox": {"xmin": 865, "ymin": 407, "ymax": 526, "xmax": 1000}}, {"tid": 1, "generated": 0, "bbox": {"xmin": 858, "ymin": 501, "ymax": 549, "xmax": 981}}], [{"tid": 0, "generated": 0, "bbox": {"xmin": 865, "ymin": 401, "ymax": 526, "xmax": 1011}}, {"tid": 1, "generated": 0, "bbox": {"xmin": 853, "ymin": 501, "ymax": 547, "xmax": 966}}], [{"tid": 0, "generated": 0, "bbox": {"xmin": 860, "ymin": 396, "ymax": 522, "xmax": 1009}}, {"tid": 1, "generated": 0, "bbox": {"xmin": 848, "ymin": 501, "ymax": 546, "xmax": 952}}], [{"tid": 0, "generated": 0, "bbox": {"xmin": 856, "ymin": 392, "ymax": 519, "xmax": 1024}}, {"tid": 1, "generated": 0, "bbox": {"xmin": 844, "ymin": 501, "ymax": 545, "xmax": 938}}], [{"tid": 0, "generated": 0, "bbox": {"xmin": 853, "ymin": 385, "ymax": 513, "xmax": 1029}}, {"tid": 1, "generated": 0, "bbox": {"xmin": 841, "ymin": 501, "ymax": 544, "xmax": 938}}], [{"tid": 0, "generated": 0, "bbox": {"xmin": 851, "ymin": 389, "ymax": 513, "xmax": 1031}}, {"tid": 1, "generated": 0, "bbox": {"xmin": 838, "ymin": 501, "ymax": 544, "xmax": 938}}], [{"tid": 0, "generated": 0, "bbox": {"xmin": 842, "ymin": 384, "ymax": 513, "xmax": 1029}}, {"tid": 1, "generated": 0, "bbox": {"xmin": 835, "ymin": 501, "ymax": 544, "xmax": 938}}], [{"tid": 0, "generated": 0, "bbox": {"xmin": 842, "ymin": 384, "ymax": 514, "xmax": 1026}}, {"tid": 1, "generated": 0, "bbox": {"xmin": 831, "ymin": 501, "ymax": 543, "xmax": 938}}], [{"tid": 0, "generated": 0, "bbox": {"xmin": 842, "ymin": 384, "ymax": 515, "xmax": 1024}}, {"tid": 1, "generated": 0, "bbox": {"xmin": 828, "ymin": 501, "ymax": 542, "xmax": 938}}], [{"tid": 0, "generated": 0, "bbox": {"xmin": 842, "ymin": 369, "ymax": 513, "xmax": 1024}}, {"tid": 1, "generated": 0, "bbox": {"xmin": 821, "ymin": 504, "ymax": 544, "xmax": 940}}], [{"tid": 0, "generated": 0, "bbox": {"xmin": 835, "ymin": 346, "ymax": 508, "xmax": 1022}}, {"tid": 1, "generated": 0, "bbox": {"xmin": 816, "ymin": 497, "ymax": 547, "xmax": 928}}], [{"tid": 0, "generated": 0, "bbox": {"xmin": 833, "ymin": 332, "ymax": 506, "xmax": 1016}}, {"tid": 1, "generated": 0, "bbox": {"xmin": 820, "ymin": 493, "ymax": 542, "xmax": 920}}], [{"tid": 0, "generated": 0, "bbox": {"xmin": 823, "ymin": 325, "ymax": 504, "xmax": 1013}}, {"tid": 1, "generated": 0, "bbox": {"xmin": 824, "ymin": 490, "ymax": 537, "xmax": 913}}], [{"tid": 0, "generated": 0, "bbox": {"xmin": 819, "ymin": 400, "ymax": 501, "xmax": 970}}, {"tid": 1, "generated": 0, "bbox": {"xmin": 828, "ymin": 487, "ymax": 533, "xmax": 906}}], [{"tid": 0, "generated": 0, "bbox": {"xmin": 819, "ymin": 368, "ymax": 513, "xmax": 933}}, {"tid": 1, "generated": 0, "bbox": {"xmin": 826, "ymin": 483, "ymax": 531, "xmax": 901}}], [{"tid": 0, "generated": 0, "bbox": {"xmin": 819, "ymin": 336, "ymax": 519, "xmax": 956}}, {"tid": 1, "generated": 0, "bbox": {"xmin": 821, "ymin": 481, "ymax": 531, "xmax": 896}}], [{"tid": 0, "generated": 0, "bbox": {"xmin": 819, "ymin": 291, "ymax": 512, "xmax": 1015}}, {"tid": 1, "generated": 0, "bbox": {"xmin": 814, "ymin": 480, "ymax": 533, "xmax": 890}}], [{"tid": 0, "generated": 0, "bbox": {"xmin": 821, "ymin": 206, "ymax": 510, "xmax": 1041}}, {"tid": 1, "generated": 0, "bbox": {"xmin": 808, "ymin": 477, "ymax": 531, "xmax": 884}}], [{"tid": 0, "generated": 0, "bbox": {"xmin": 823, "ymin": 222, "ymax": 508, "xmax": 1024}}, {"tid": 1, "generated": 0, "bbox": {"xmin": 803, "ymin": 474, "ymax": 529, "xmax": 878}}], [{"tid": 0, "generated": 0, "bbox": {"xmin": 814, "ymin": 275, "ymax": 510, "xmax": 995}}, {"tid": 1, "generated": 0, "bbox": {"xmin": 798, "ymin": 471, "ymax": 528, "xmax": 872}}], [{"tid": 0, "generated": 0, "bbox": {"xmin": 801, "ymin": 304, "ymax": 503, "xmax": 995}}, {"tid": 1, "generated": 0, "bbox": {"xmin": 794, "ymin": 467, "ymax": 528, "xmax": 870}}], [{"tid": 0, "generated": 0, "bbox": {"xmin": 796, "ymin": 293, "ymax": 499, "xmax": 990}}, {"tid": 1, "generated": 0, "bbox": {"xmin": 791, "ymin": 464, "ymax": 528, "xmax": 869}}], [{"tid": 0, "generated": 0, "bbox": {"xmin": 776, "ymin": 261, "ymax": 494, "xmax": 984}}, {"tid": 1, "generated": 0, "bbox": {"xmin": 788, "ymin": 464, "ymax": 527, "xmax": 869}}], [{"tid": 0, "generated": 0, "bbox": {"xmin": 762, "ymin": 229, "ymax": 496, "xmax": 968}}, {"tid": 1, "generated": 0, "bbox": {"xmin": 785, "ymin": 465, "ymax": 527, "xmax": 869}}], [{"tid": 0, "generated": 0, "bbox": {"xmin": 737, "ymin": 220, "ymax": 492, "xmax": 954}}, {"tid": 1, "generated": 0, "bbox": {"xmin": 782, "ymin": 466, "ymax": 527, "xmax": 870}}], [{"tid": 0, "generated": 0, "bbox": {"xmin": 705, "ymin": 220, "ymax": 504, "xmax": 940}}, {"tid": 1, "generated": 0, "bbox": {"xmin": 779, "ymin": 467, "ymax": 527, "xmax": 870}}], [{"tid": 0, "generated": 0, "bbox": {"xmin": 677, "ymin": 240, "ymax": 501, "xmax": 951}}, {"tid": 1, "generated": 0, "bbox": {"xmin": 776, "ymin": 468, "ymax": 526, "xmax": 870}}], [{"tid": 0, "generated": 0, "bbox": {"xmin": 670, "ymin": 286, "ymax": 497, "xmax": 972}}, {"tid": 1, "generated": 0, "bbox": {"xmin": 773, "ymin": 469, "ymax": 526, "xmax": 871}}], [{"tid": 0, "generated": 0, "bbox": {"xmin": 677, "ymin": 311, "ymax": 497, "xmax": 952}}, {"tid": 1, "generated": 0, "bbox": {"xmin": 770, "ymin": 470, "ymax": 526, "xmax": 871}}], [{"tid": 0, "generated": 0, "bbox": {"xmin": 666, "ymin": 288, "ymax": 506, "xmax": 928}}, {"tid": 1, "generated": 0, "bbox": {"xmin": 768, "ymin": 471, "ymax": 526, "xmax": 872}}], [{"tid": 0, "generated": 0, "bbox": {"xmin": 695, "ymin": 280, "ymax": 501, "xmax": 906}}, {"tid": 1, "generated": 0, "bbox": {"xmin": 764, "ymin": 469, "ymax": 525, "xmax": 868}}], [{"tid": 0, "generated": 0, "bbox": {"xmin": 716, "ymin": 261, "ymax": 503, "xmax": 904}}, {"tid": 1, "generated": 0, "bbox": {"xmin": 761, "ymin": 467, "ymax": 525, "xmax": 864}}], [{"tid": 0, "generated": 0, "bbox": {"xmin": 721, "ymin": 252, "ymax": 501, "xmax": 906}}, {"tid": 1, "generated": 0, "bbox": {"xmin": 758, "ymin": 465, "ymax": 524, "xmax": 860}}], [{"tid": 0, "generated": 0, "bbox": {"xmin": 757, "ymin": 259, "ymax": 499, "xmax": 904}}, {"tid": 1, "generated": 0, "bbox": {"xmin": 755, "ymin": 463, "ymax": 524, "xmax": 856}}], [{"tid": 0, "generated": 0, "bbox": {"xmin": 753, "ymin": 248, "ymax": 508, "xmax": 904}}, {"tid": 1, "generated": 0, "bbox": {"xmin": 752, "ymin": 461, "ymax": 524, "xmax": 852}}], [{"tid": 0, "generated": 0, "bbox": {"xmin": 750, "ymin": 232, "ymax": 499, "xmax": 901}}, {"tid": 1, "generated": 0, "bbox": {"xmin": 748, "ymin": 459, "ymax": 523, "xmax": 848}}], [{"tid": 0, "generated": 0, "bbox": {"xmin": 730, "ymin": 222, "ymax": 497, "xmax": 912}}, {"tid": 1, "generated": 0, "bbox": {"xmin": 745, "ymin": 457, "ymax": 523, "xmax": 844}}], [{"tid": 0, "generated": 0, "bbox": {"xmin": 711, "ymin": 211, "ymax": 492, "xmax": 936}}, {"tid": 1, "generated": 0, "bbox": {"xmin": 742, "ymin": 455, "ymax": 522, "xmax": 840}}], [{"tid": 0, "generated": 0, "bbox": {"xmin": 693, "ymin": 202, "ymax": 506, "xmax": 944}}, {"tid": 1, "generated": 0, "bbox": {"xmin": 739, "ymin": 453, "ymax": 522, "xmax": 836}}], [{"tid": 0, "generated": 0, "bbox": {"xmin": 675, "ymin": 195, "ymax": 487, "xmax": 938}}, {"tid": 1, "generated": 0, "bbox": {"xmin": 736, "ymin": 451, "ymax": 522, "xmax": 833}}], [{"tid": 0, "generated": 0, "bbox": {"xmin": 666, "ymin": 252, "ymax": 490, "xmax": 942}}, {"tid": 1, "generated": 0, "bbox": {"xmin": 730, "ymin": 447, "ymax": 521, "xmax": 832}}], [{"tid": 0, "generated": 0, "bbox": {"xmin": 659, "ymin": 291, "ymax": 504, "xmax": 961}}, {"tid": 1, "generated": 0, "bbox": {"xmin": 725, "ymin": 444, "ymax": 520, "xmax": 832}}], [{"tid": 0, "generated": 0, "bbox": {"xmin": 647, "ymin": 288, "ymax": 510, "xmax": 944}}, {"tid": 1, "generated": 0, "bbox": {"xmin": 720, "ymin": 446, "ymax": 519, "xmax": 831}}], [{"tid": 0, "generated": 0, "bbox": {"xmin": 725, "ymin": 248, "ymax": 496, "xmax": 942}}, {"tid": 1, "generated": 0, "bbox": {"xmin": 716, "ymin": 449, "ymax": 519, "xmax": 830}}], [{"tid": 0, "generated": 0, "bbox": {"xmin": 748, "ymin": 252, "ymax": 517, "xmax": 936}}, {"tid": 1, "generated": 0, "bbox": {"xmin": 698, "ymin": 467, "ymax": 517, "xmax": 828}}], [{"tid": 0, "generated": 0, "bbox": {"xmin": 741, "ymin": 260, "ymax": 517, "xmax": 947}}, {"tid": 1, "generated": 0, "bbox": {"xmin": 680, "ymin": 480, "ymax": 510, "xmax": 800}}], [{"tid": 0, "generated": 0, "bbox": {"xmin": 734, "ymin": 268, "ymax": 517, "xmax": 958}}, {"tid": 1, "generated": 0, "bbox": {"xmin": 679, "ymin": 490, "ymax": 526, "xmax": 791}}], [{"tid": 0, "generated": 0, "bbox": {"xmin": 728, "ymin": 277, "ymax": 519, "xmax": 970}}, {"tid": 1, "generated": 0, "bbox": {"xmin": 679, "ymin": 497, "ymax": 536, "xmax": 784}}], [{"tid": 0, "generated": 0, "bbox": {"xmin": 741, "ymin": 284, "ymax": 510, "xmax": 979}}, {"tid": 1, "generated": 0, "bbox": {"xmin": 677, "ymin": 497, "ymax": 535, "xmax": 784}}], [{"tid": 0, "generated": 0, "bbox": {"xmin": 730, "ymin": 291, "ymax": 510, "xmax": 961}}, {"tid": 1, "generated": 0, "bbox": {"xmin": 676, "ymin": 497, "ymax": 535, "xmax": 784}}], [{"tid": 0, "generated": 0, "bbox": {"xmin": 728, "ymin": 275, "ymax": 513, "xmax": 986}}, {"tid": 1, "generated": 0, "bbox": {"xmin": 674, "ymin": 497, "ymax": 535, "xmax": 784}}], [{"tid": 0, "generated": 0, "bbox": {"xmin": 727, "ymin": 259, "ymax": 512, "xmax": 988}}, {"tid": 1, "generated": 0, "bbox": {"xmin": 673, "ymin": 497, "ymax": 535, "xmax": 784}}], [{"tid": 0, "generated": 0, "bbox": {"xmin": 727, "ymin": 254, "ymax": 515, "xmax": 984}}, {"tid": 1, "generated": 0, "bbox": {"xmin": 671, "ymin": 497, "ymax": 535, "xmax": 784}}], [{"tid": 0, "generated": 0, "bbox": {"xmin": 727, "ymin": 257, "ymax": 515, "xmax": 972}}, {"tid": 1, "generated": 0, "bbox": {"xmin": 670, "ymin": 497, "ymax": 535, "xmax": 784}}], [{"tid": 0, "generated": 0, "bbox": {"xmin": 727, "ymin": 259, "ymax": 516, "xmax": 970}}, {"tid": 1, "generated": 0, "bbox": {"xmin": 668, "ymin": 497, "ymax": 535, "xmax": 784}}], [{"tid": 0, "generated": 0, "bbox": {"xmin": 727, "ymin": 261, "ymax": 517, "xmax": 968}}, {"tid": 1, "generated": 0, "bbox": {"xmin": 667, "ymin": 497, "ymax": 535, "xmax": 784}}], [{"tid": 0, "generated": 0, "bbox": {"xmin": 727, "ymin": 256, "ymax": 513, "xmax": 979}}, {"tid": 1, "generated": 0, "bbox": {"xmin": 666, "ymin": 497, "ymax": 535, "xmax": 784}}], [{"tid": 0, "generated": 0, "bbox": {"xmin": 727, "ymin": 275, "ymax": 520, "xmax": 976}}, {"tid": 1, "generated": 0, "bbox": {"xmin": 666, "ymin": 491, "ymax": 535, "xmax": 783}}], [{"tid": 0, "generated": 0, "bbox": {"xmin": 727, "ymin": 295, "ymax": 517, "xmax": 974}}, {"tid": 1, "generated": 0, "bbox": {"xmin": 666, "ymin": 485, "ymax": 535, "xmax": 782}}], [{"tid": 0, "generated": 0, "bbox": {"xmin": 727, "ymin": 302, "ymax": 517, "xmax": 968}}, {"tid": 1, "generated": 0, "bbox": {"xmin": 670, "ymin": 481, "ymax": 534, "xmax": 781}}], [{"tid": 0, "generated": 0, "bbox": {"xmin": 727, "ymin": 311, "ymax": 520, "xmax": 963}}, {"tid": 1, "generated": 0, "bbox": {"xmin": 674, "ymin": 477, "ymax": 534, "xmax": 781}}], [], [], [], [], [], [], [], [], [], [], [], [], [], [], [], [], [], [], [], [], [], [], [], [], [], [], [], [], [], [], [], [], [], [], [], [], [], [], [], [], [], [], [], [], [], [], [], [], [], [], [], [], [], [], [], [], [], [], [], [], [], [], [], [], [], [], [], [], [], [], [], [], [], [], [], [], [], [], [], [], [], [], [], [], [], [], [], [], [], [], [], [], [], [], [], [], [], [], [], [], [], [], [], [], [], [{"tid": 0, "generated": 0, "bbox": {"xmin": 0, "ymin": 122, "ymax": 462, "xmax": 741}}, {"tid": 1, "generated": 0, "bbox": {"xmin": 304, "ymin": 401, "ymax": 555, "xmax": 563}}], [{"tid": 0, "generated": 0, "bbox": {"xmin": 39, "ymin": 69, "ymax": 391, "xmax": 705}}, {"tid": 1, "generated": 0, "bbox": {"xmin": 296, "ymin": 401, "ymax": 554, "xmax": 563}}], [{"tid": 0, "generated": 0, "bbox": {"xmin": 140, "ymin": 8, "ymax": 389, "xmax": 656}}, {"tid": 1, "generated": 0, "bbox": {"xmin": 296, "ymin": 401, "ymax": 551, "xmax": 581}}], [{"tid": 0, "generated": 0, "bbox": {"xmin": 145, "ymin": 0, "ymax": 389, "xmax": 656}}, {"tid": 1, "generated": 0, "bbox": {"xmin": 309, "ymin": 401, "ymax": 547, "xmax": 588}}], [{"tid": 0, "generated": 0, "bbox": {"xmin": 151, "ymin": 0, "ymax": 435, "xmax": 654}}, {"tid": 1, "generated": 0, "bbox": {"xmin": 309, "ymin": 428, "ymax": 563, "xmax": 595}}], [{"tid": 0, "generated": 0, "bbox": {"xmin": 275, "ymin": 1, "ymax": 464, "xmax": 631}}, {"tid": 1, "generated": 0, "bbox": {"xmin": 314, "ymin": 465, "ymax": 570, "xmax": 611}}], [{"tid": 0, "generated": 0, "bbox": {"xmin": 280, "ymin": 0, "ymax": 503, "xmax": 768}}, {"tid": 1, "generated": 0, "bbox": {"xmin": 346, "ymin": 494, "ymax": 567, "xmax": 636}}], [{"tid": 0, "generated": 0, "bbox": {"xmin": 286, "ymin": 7, "ymax": 497, "xmax": 869}}, {"tid": 1, "generated": 0, "bbox": {"xmin": 346, "ymin": 494, "ymax": 579, "xmax": 648}}], [{"tid": 0, "generated": 0, "bbox": {"xmin": 343, "ymin": 62, "ymax": 487, "xmax": 913}}, {"tid": 1, "generated": 0, "bbox": {"xmin": 359, "ymin": 494, "ymax": 568, "xmax": 668}}], [{"tid": 0, "generated": 0, "bbox": {"xmin": 410, "ymin": 144, "ymax": 483, "xmax": 826}}, {"tid": 1, "generated": 0, "bbox": {"xmin": 398, "ymin": 494, "ymax": 560, "xmax": 689}}], [{"tid": 0, "generated": 0, "bbox": {"xmin": 444, "ymin": 117, "ymax": 529, "xmax": 892}}, {"tid": 1, "generated": 0, "bbox": {"xmin": 398, "ymin": 494, "ymax": 558, "xmax": 711}}], [{"tid": 0, "generated": 0, "bbox": {"xmin": 448, "ymin": 140, "ymax": 497, "xmax": 913}}, {"tid": 1, "generated": 0, "bbox": {"xmin": 455, "ymin": 494, "ymax": 560, "xmax": 752}}], [{"tid": 0, "generated": 0, "bbox": {"xmin": 462, "ymin": 126, "ymax": 490, "xmax": 917}}, {"tid": 1, "generated": 0, "bbox": {"xmin": 484, "ymin": 494, "ymax": 557, "xmax": 778}}], [{"tid": 0, "generated": 0, "bbox": {"xmin": 492, "ymin": 130, "ymax": 489, "xmax": 936}}, {"tid": 1, "generated": 0, "bbox": {"xmin": 513, "ymin": 494, "ymax": 554, "xmax": 805}}], [{"tid": 0, "generated": 0, "bbox": {"xmin": 522, "ymin": 134, "ymax": 488, "xmax": 955}}, {"tid": 1, "generated": 0, "bbox": {"xmin": 535, "ymin": 494, "ymax": 556, "xmax": 839}}], [{"tid": 0, "generated": 0, "bbox": {"xmin": 552, "ymin": 138, "ymax": 487, "xmax": 974}}, {"tid": 1, "generated": 0, "bbox": {"xmin": 572, "ymin": 494, "ymax": 556, "xmax": 864}}], [{"tid": 0, "generated": 0, "bbox": {"xmin": 579, "ymin": 129, "ymax": 483, "xmax": 984}}, {"tid": 1, "generated": 0, "bbox": {"xmin": 595, "ymin": 494, "ymax": 552, "xmax": 896}}], [{"tid": 0, "generated": 0, "bbox": {"xmin": 604, "ymin": 112, "ymax": 501, "xmax": 1020}}, {"tid": 1, "generated": 0, "bbox": {"xmin": 618, "ymin": 494, "ymax": 549, "xmax": 912}}], [{"tid": 0, "generated": 0, "bbox": {"xmin": 616, "ymin": 113, "ymax": 499, "xmax": 1016}}, {"tid": 1, "generated": 0, "bbox": {"xmin": 618, "ymin": 494, "ymax": 547, "xmax": 924}}], [{"tid": 0, "generated": 0, "bbox": {"xmin": 632, "ymin": 115, "ymax": 504, "xmax": 1013}}, {"tid": 1, "generated": 0, "bbox": {"xmin": 628, "ymin": 494, "ymax": 546, "xmax": 934}}], [{"tid": 0, "generated": 0, "bbox": {"xmin": 645, "ymin": 133, "ymax": 501, "xmax": 1013}}, {"tid": 1, "generated": 0, "bbox": {"xmin": 638, "ymin": 494, "ymax": 545, "xmax": 944}}], [{"tid": 0, "generated": 0, "bbox": {"xmin": 648, "ymin": 131, "ymax": 499, "xmax": 1018}}, {"tid": 1, "generated": 0, "bbox": {"xmin": 638, "ymin": 494, "ymax": 544, "xmax": 952}}], [{"tid": 0, "generated": 0, "bbox": {"xmin": 650, "ymin": 128, "ymax": 496, "xmax": 1011}}, {"tid": 1, "generated": 0, "bbox": {"xmin": 638, "ymin": 494, "ymax": 543, "xmax": 948}}], [{"tid": 0, "generated": 0, "bbox": {"xmin": 647, "ymin": 133, "ymax": 497, "xmax": 992}}, {"tid": 1, "generated": 0, "bbox": {"xmin": 638, "ymin": 494, "ymax": 542, "xmax": 945}}], [{"tid": 0, "generated": 0, "bbox": {"xmin": 643, "ymin": 142, "ymax": 501, "xmax": 965}}, {"tid": 1, "generated": 0, "bbox": {"xmin": 638, "ymin": 494, "ymax": 542, "xmax": 936}}], [{"tid": 0, "generated": 0, "bbox": {"xmin": 615, "ymin": 144, "ymax": 494, "xmax": 961}}, {"tid": 1, "generated": 0, "bbox": {"xmin": 638, "ymin": 494, "ymax": 542, "xmax": 928}}], [{"tid": 0, "generated": 0, "bbox": {"xmin": 597, "ymin": 167, "ymax": 488, "xmax": 935}}, {"tid": 1, "generated": 0, "bbox": {"xmin": 638, "ymin": 494, "ymax": 542, "xmax": 912}}], [{"tid": 0, "generated": 0, "bbox": {"xmin": 579, "ymin": 183, "ymax": 490, "xmax": 904}}, {"tid": 1, "generated": 0, "bbox": {"xmin": 638, "ymin": 494, "ymax": 542, "xmax": 896}}], [{"tid": 0, "generated": 0, "bbox": {"xmin": 552, "ymin": 195, "ymax": 488, "xmax": 872}}, {"tid": 1, "generated": 0, "bbox": {"xmin": 638, "ymin": 494, "ymax": 538, "xmax": 885}}], [{"tid": 0, "generated": 0, "bbox": {"xmin": 536, "ymin": 206, "ymax": 485, "xmax": 860}}, {"tid": 1, "generated": 0, "bbox": {"xmin": 591, "ymin": 494, "ymax": 538, "xmax": 882}}], [], [], [], [], [], [], [], [], [], [], [], [], [], [], [], [], [], [], [], [], [], [], [], [], [], [], [], [], [], [], [], [], [], [], [], [], [], [], [], [], [], [], [], [], [], [{"tid": 0, "generated": 0, "bbox": {"xmin": 517, "ymin": 264, "ymax": 471, "xmax": 711}}, {"tid": 1, "generated": 0, "bbox": {"xmin": 455, "ymin": 456, "ymax": 497, "xmax": 853}}], [{"tid": 0, "generated": 0, "bbox": {"xmin": 513, "ymin": 266, "ymax": 471, "xmax": 712}}, {"tid": 1, "generated": 0, "bbox": {"xmin": 455, "ymin": 454, "ymax": 497, "xmax": 852}}], [{"tid": 0, "generated": 0, "bbox": {"xmin": 515, "ymin": 264, "ymax": 478, "xmax": 712}}, {"tid": 1, "generated": 0, "bbox": {"xmin": 455, "ymin": 453, "ymax": 498, "xmax": 851}}], [{"tid": 0, "generated": 0, "bbox": {"xmin": 517, "ymin": 264, "ymax": 478, "xmax": 712}}, {"tid": 1, "generated": 0, "bbox": {"xmin": 455, "ymin": 451, "ymax": 498, "xmax": 850}}], [{"tid": 0, "generated": 0, "bbox": {"xmin": 515, "ymin": 263, "ymax": 476, "xmax": 714}}, {"tid": 1, "generated": 0, "bbox": {"xmin": 455, "ymin": 450, "ymax": 498, "xmax": 850}}], [{"tid": 0, "generated": 0, "bbox": {"xmin": 515, "ymin": 264, "ymax": 471, "xmax": 713}}, {"tid": 1, "generated": 0, "bbox": {"xmin": 455, "ymin": 448, "ymax": 498, "xmax": 849}}], [{"tid": 0, "generated": 0, "bbox": {"xmin": 515, "ymin": 266, "ymax": 467, "xmax": 712}}, {"tid": 1, "generated": 0, "bbox": {"xmin": 455, "ymin": 447, "ymax": 498, "xmax": 848}}], [{"tid": 0, "generated": 0, "bbox": {"xmin": 512, "ymin": 268, "ymax": 469, "xmax": 716}}, {"tid": 1, "generated": 0, "bbox": {"xmin": 455, "ymin": 446, "ymax": 499, "xmax": 848}}], [{"tid": 0, "generated": 0, "bbox": {"xmin": 515, "ymin": 264, "ymax": 469, "xmax": 707}}, {"tid": 1, "generated": 0, "bbox": {"xmin": 455, "ymin": 446, "ymax": 498, "xmax": 851}}], [{"tid": 0, "generated": 0, "bbox": {"xmin": 515, "ymin": 264, "ymax": 467, "xmax": 712}}, {"tid": 1, "generated": 0, "bbox": {"xmin": 455, "ymin": 446, "ymax": 497, "xmax": 855}}], [{"tid": 0, "generated": 0, "bbox": {"xmin": 515, "ymin": 266, "ymax": 469, "xmax": 712}}, {"tid": 1, "generated": 0, "bbox": {"xmin": 455, "ymin": 446, "ymax": 496, "xmax": 857}}], [{"tid": 0, "generated": 0, "bbox": {"xmin": 515, "ymin": 268, "ymax": 471, "xmax": 714}}, {"tid": 1, "generated": 0, "bbox": {"xmin": 455, "ymin": 446, "ymax": 496, "xmax": 859}}], [{"tid": 0, "generated": 0, "bbox": {"xmin": 517, "ymin": 263, "ymax": 472, "xmax": 709}}, {"tid": 1, "generated": 0, "bbox": {"xmin": 455, "ymin": 446, "ymax": 496, "xmax": 862}}], [{"tid": 0, "generated": 0, "bbox": {"xmin": 517, "ymin": 261, "ymax": 474, "xmax": 705}}, {"tid": 1, "generated": 0, "bbox": {"xmin": 455, "ymin": 446, "ymax": 496, "xmax": 859}}], [{"tid": 0, "generated": 0, "bbox": {"xmin": 512, "ymin": 261, "ymax": 476, "xmax": 707}}, {"tid": 1, "generated": 0, "bbox": {"xmin": 455, "ymin": 446, "ymax": 496, "xmax": 856}}], [{"tid": 0, "generated": 0, "bbox": {"xmin": 513, "ymin": 261, "ymax": 474, "xmax": 707}}, {"tid": 1, "generated": 0, "bbox": {"xmin": 455, "ymin": 446, "ymax": 495, "xmax": 857}}], [{"tid": 0, "generated": 0, "bbox": {"xmin": 517, "ymin": 261, "ymax": 474, "xmax": 711}}, {"tid": 1, "generated": 0, "bbox": {"xmin": 455, "ymin": 446, "ymax": 494, "xmax": 858}}], [{"tid": 0, "generated": 0, "bbox": {"xmin": 512, "ymin": 263, "ymax": 472, "xmax": 705}}, {"tid": 1, "generated": 0, "bbox": {"xmin": 455, "ymin": 448, "ymax": 497, "xmax": 860}}], [{"tid": 0, "generated": 0, "bbox": {"xmin": 515, "ymin": 264, "ymax": 471, "xmax": 704}}, {"tid": 1, "generated": 0, "bbox": {"xmin": 455, "ymin": 448, "ymax": 496, "xmax": 860}}], [{"tid": 0, "generated": 0, "bbox": {"xmin": 519, "ymin": 266, "ymax": 471, "xmax": 704}}, {"tid": 1, "generated": 0, "bbox": {"xmin": 455, "ymin": 449, "ymax": 496, "xmax": 860}}], [{"tid": 0, "generated": 0, "bbox": {"xmin": 517, "ymin": 264, "ymax": 474, "xmax": 702}}, {"tid": 1, "generated": 0, "bbox": {"xmin": 455, "ymin": 449, "ymax": 495, "xmax": 860}}], [{"tid": 0, "generated": 0, "bbox": {"xmin": 517, "ymin": 266, "ymax": 474, "xmax": 707}}, {"tid": 1, "generated": 0, "bbox": {"xmin": 455, "ymin": 450, "ymax": 494, "xmax": 861}}], [{"tid": 0, "generated": 0, "bbox": {"xmin": 518, "ymin": 266, "ymax": 473, "xmax": 709}}, {"tid": 1, "generated": 0, "bbox": {"xmin": 455, "ymin": 451, "ymax": 494, "xmax": 862}}], [{"tid": 0, "generated": 0, "bbox": {"xmin": 520, "ymin": 266, "ymax": 472, "xmax": 711}}, {"tid": 1, "generated": 0, "bbox": {"xmin": 455, "ymin": 453, "ymax": 495, "xmax": 863}}], [{"tid": 0, "generated": 0, "bbox": {"xmin": 522, "ymin": 273, "ymax": 478, "xmax": 700}}, {"tid": 1, "generated": 0, "bbox": {"xmin": 455, "ymin": 455, "ymax": 496, "xmax": 865}}], [{"tid": 0, "generated": 0, "bbox": {"xmin": 526, "ymin": 268, "ymax": 478, "xmax": 707}}, {"tid": 1, "generated": 0, "bbox": {"xmin": 455, "ymin": 455, "ymax": 501, "xmax": 864}}], [{"tid": 0, "generated": 0, "bbox": {"xmin": 524, "ymin": 266, "ymax": 476, "xmax": 714}}, {"tid": 1, "generated": 0, "bbox": {"xmin": 455, "ymin": 455, "ymax": 501, "xmax": 872}}], [{"tid": 0, "generated": 0, "bbox": {"xmin": 524, "ymin": 267, "ymax": 474, "xmax": 713}}, {"tid": 1, "generated": 0, "bbox": {"xmin": 460, "ymin": 460, "ymax": 503, "xmax": 872}}], [{"tid": 0, "generated": 0, "bbox": {"xmin": 524, "ymin": 268, "ymax": 472, "xmax": 712}}, {"tid": 1, "generated": 0, "bbox": {"xmin": 462, "ymin": 458, "ymax": 504, "xmax": 867}}], [{"tid": 0, "generated": 0, "bbox": {"xmin": 524, "ymin": 270, "ymax": 472, "xmax": 711}}, {"tid": 1, "generated": 0, "bbox": {"xmin": 464, "ymin": 458, "ymax": 501, "xmax": 865}}]], "subject/objects": [{"category": "bird", "tid": 0}, {"category": "snake", "tid": 1}], "relation_instances": [{"end_fid": 150, "subject_tid": 0, "predicate": "stand_above", "begin_fid": 120, "object_tid": 1}, {"end_fid": 150, "subject_tid": 0, "predicate": "fight", "begin_fid": 120, "object_tid": 1}, {"end_fid": 150, "subject_tid": 1, "predicate": "lie_beneath", "begin_fid": 120, "object_tid": 0}, {"end_fid": 180, "subject_tid": 0, "predicate": "stand_above", "begin_fid": 150, "object_tid": 1}, {"end_fid": 180, "subject_tid": 0, "predicate": "fight", "begin_fid": 150, "object_tid": 1}, {"end_fid": 180, "subject_tid": 1, "predicate": "lie_beneath", "begin_fid": 150, "object_tid": 0}, {"end_fid": 180, "subject_tid": 1, "predicate": "fight", "begin_fid": 150, "object_tid": 0}, {"end_fid": 210, "subject_tid": 0, "predicate": "stand_above", "begin_fid": 180, "object_tid": 1}, {"end_fid": 210, "subject_tid": 0, "predicate": "fight", "begin_fid": 180, "object_tid": 1}, {"end_fid": 210, "subject_tid": 1, "predicate": "lie_beneath", "begin_fid": 180, "object_tid": 0}, {"end_fid": 210, "subject_tid": 1, "predicate": "fight", "begin_fid": 180, "object_tid": 0}, {"end_fid": 345, "subject_tid": 0, "predicate": "jump_above", "begin_fid": 315, "object_tid": 1}, {"end_fid": 345, "subject_tid": 0, "predicate": "fight", "begin_fid": 315, "object_tid": 1}, {"end_fid": 345, "subject_tid": 1, "predicate": "lie_beneath", "begin_fid": 315, "object_tid": 0}, {"end_fid": 420, "subject_tid": 0, "predicate": "stand_above", "begin_fid": 390, "object_tid": 1}, {"end_fid": 420, "subject_tid": 0, "predicate": "watch", "begin_fid": 390, "object_tid": 1}, {"end_fid": 420, "subject_tid": 1, "predicate": "lie_beneath", "begin_fid": 390, "object_tid": 0}], "height": 720}