{"width": 1280, "frame_count": 36, "video_id": "ILSVRC2015_train_00025028", "fps": 24, "trajectories": [[{"tid": 0, "generated": 0, "bbox": {"xmin": 444, "ymin": 224, "ymax": 716, "xmax": 924}}, {"tid": 1, "generated": 0, "bbox": {"xmin": 785, "ymin": 2, "ymax": 716, "xmax": 1190}}, {"tid": 2, "generated": 0, "bbox": {"xmin": 2, "ymin": 2, "ymax": 712, "xmax": 513}}], [{"tid": 0, "generated": 0, "bbox": {"xmin": 454, "ymin": 227, "ymax": 716, "xmax": 930}}, {"tid": 1, "generated": 0, "bbox": {"xmin": 785, "ymin": 2, "ymax": 716, "xmax": 1190}}, {"tid": 2, "generated": 0, "bbox": {"xmin": 2, "ymin": 2, "ymax": 712, "xmax": 513}}], [{"tid": 0, "generated": 0, "bbox": {"xmin": 464, "ymin": 230, "ymax": 716, "xmax": 937}}, {"tid": 1, "generated": 0, "bbox": {"xmin": 785, "ymin": 2, "ymax": 716, "xmax": 1190}}, {"tid": 2, "generated": 0, "bbox": {"xmin": 2, "ymin": 2, "ymax": 712, "xmax": 513}}], [{"tid": 0, "generated": 0, "bbox": {"xmin": 474, "ymin": 233, "ymax": 716, "xmax": 943}}, {"tid": 1, "generated": 0, "bbox": {"xmin": 785, "ymin": 2, "ymax": 716, "xmax": 1190}}, {"tid": 2, "generated": 0, "bbox": {"xmin": 2, "ymin": 2, "ymax": 712, "xmax": 513}}], [{"tid": 0, "generated": 0, "bbox": {"xmin": 484, "ymin": 237, "ymax": 716, "xmax": 950}}, {"tid": 1, "generated": 0, "bbox": {"xmin": 785, "ymin": 2, "ymax": 716, "xmax": 1190}}, {"tid": 2, "generated": 0, "bbox": {"xmin": 2, "ymin": 2, "ymax": 712, "xmax": 513}}], [{"tid": 0, "generated": 0, "bbox": {"xmin": 494, "ymin": 240, "ymax": 717, "xmax": 957}}, {"tid": 1, "generated": 0, "bbox": {"xmin": 785, "ymin": 2, "ymax": 716, "xmax": 1190}}, {"tid": 2, "generated": 0, "bbox": {"xmin": 2, "ymin": 2, "ymax": 712, "xmax": 513}}], [{"tid": 0, "generated": 0, "bbox": {"xmin": 504, "ymin": 243, "ymax": 717, "xmax": 963}}, {"tid": 1, "generated": 0, "bbox": {"xmin": 785, "ymin": 2, "ymax": 716, "xmax": 1190}}, {"tid": 2, "generated": 0, "bbox": {"xmin": 2, "ymin": 2, "ymax": 712, "xmax": 513}}], [{"tid": 0, "generated": 0, "bbox": {"xmin": 514, "ymin": 247, "ymax": 717, "xmax": 970}}, {"tid": 1, "generated": 0, "bbox": {"xmin": 785, "ymin": 2, "ymax": 716, "xmax": 1190}}, {"tid": 2, "generated": 0, "bbox": {"xmin": 2, "ymin": 2, "ymax": 712, "xmax": 513}}], [{"tid": 0, "generated": 0, "bbox": {"xmin": 524, "ymin": 250, "ymax": 717, "xmax": 976}}, {"tid": 1, "generated": 0, "bbox": {"xmin": 785, "ymin": 2, "ymax": 716, "xmax": 1190}}, {"tid": 2, "generated": 0, "bbox": {"xmin": 2, "ymin": 2, "ymax": 712, "xmax": 513}}], [{"tid": 0, "generated": 0, "bbox": {"xmin": 534, "ymin": 253, "ymax": 717, "xmax": 983}}, {"tid": 1, "generated": 0, "bbox": {"xmin": 785, "ymin": 2, "ymax": 716, "xmax": 1190}}, {"tid": 2, "generated": 0, "bbox": {"xmin": 2, "ymin": 2, "ymax": 712, "xmax": 513}}], [{"tid": 0, "generated": 0, "bbox": {"xmin": 544, "ymin": 257, "ymax": 718, "xmax": 990}}, {"tid": 1, "generated": 0, "bbox": {"xmin": 785, "ymin": 2, "ymax": 716, "xmax": 1190}}, {"tid": 2, "generated": 0, "bbox": {"xmin": 2, "ymin": 2, "ymax": 712, "xmax": 513}}], [{"tid": 0, "generated": 0, "bbox": {"xmin": 551, "ymin": 252, "ymax": 718, "xmax": 1017}}, {"tid": 1, "generated": 0, "bbox": {"xmin": 785, "ymin": 2, "ymax": 716, "xmax": 1190}}, {"tid": 2, "generated": 0, "bbox": {"xmin": 2, "ymin": 2, "ymax": 712, "xmax": 513}}], [{"tid": 0, "generated": 0, "bbox": {"xmin": 558, "ymin": 247, "ymax": 718, "xmax": 1045}}, {"tid": 1, "generated": 0, "bbox": {"xmin": 785, "ymin": 2, "ymax": 716, "xmax": 1190}}, {"tid": 2, "generated": 0, "bbox": {"xmin": 2, "ymin": 2, "ymax": 712, "xmax": 513}}], [{"tid": 0, "generated": 0, "bbox": {"xmin": 559, "ymin": 260, "ymax": 718, "xmax": 1032}}, {"tid": 1, "generated": 0, "bbox": {"xmin": 785, "ymin": 2, "ymax": 716, "xmax": 1190}}, {"tid": 2, "generated": 0, "bbox": {"xmin": 2, "ymin": 2, "ymax": 712, "xmax": 513}}], [{"tid": 0, "generated": 0, "bbox": {"xmin": 560, "ymin": 274, "ymax": 718, "xmax": 1019}}, {"tid": 1, "generated": 0, "bbox": {"xmin": 785, "ymin": 2, "ymax": 716, "xmax": 1190}}, {"tid": 2, "generated": 0, "bbox": {"xmin": 2, "ymin": 2, "ymax": 712, "xmax": 513}}], [{"tid": 0, "generated": 0, "bbox": {"xmin": 561, "ymin": 288, "ymax": 718, "xmax": 1006}}, {"tid": 1, "generated": 0, "bbox": {"xmin": 785, "ymin": 2, "ymax": 716, "xmax": 1190}}, {"tid": 2, "generated": 0, "bbox": {"xmin": 2, "ymin": 2, "ymax": 712, "xmax": 513}}], [{"tid": 0, "generated": 0, "bbox": {"xmin": 561, "ymin": 289, "ymax": 718, "xmax": 1031}}, {"tid": 1, "generated": 0, "bbox": {"xmin": 785, "ymin": 2, "ymax": 716, "xmax": 1190}}, {"tid": 2, "generated": 0, "bbox": {"xmin": 2, "ymin": 2, "ymax": 712, "xmax": 513}}], [{"tid": 0, "generated": 0, "bbox": {"xmin": 562, "ymin": 292, "ymax": 718, "xmax": 1031}}, {"tid": 1, "generated": 0, "bbox": {"xmin": 785, "ymin": 2, "ymax": 716, "xmax": 1190}}, {"tid": 2, "generated": 0, "bbox": {"xmin": 2, "ymin": 2, "ymax": 712, "xmax": 513}}], [{"tid": 0, "generated": 0, "bbox": {"xmin": 563, "ymin": 295, "ymax": 718, "xmax": 1031}}, {"tid": 1, "generated": 0, "bbox": {"xmin": 785, "ymin": 2, "ymax": 716, "xmax": 1190}}, {"tid": 2, "generated": 0, "bbox": {"xmin": 2, "ymin": 2, "ymax": 712, "xmax": 513}}], [{"tid": 0, "generated": 0, "bbox": {"xmin": 565, "ymin": 312, "ymax": 718, "xmax": 1009}}, {"tid": 1, "generated": 0, "bbox": {"xmin": 785, "ymin": 2, "ymax": 716, "xmax": 1190}}, {"tid": 2, "generated": 0, "bbox": {"xmin": 2, "ymin": 2, "ymax": 712, "xmax": 513}}], [{"tid": 0, "generated": 0, "bbox": {"xmin": 568, "ymin": 330, "ymax": 718, "xmax": 988}}, {"tid": 1, "generated": 0, "bbox": {"xmin": 785, "ymin": 2, "ymax": 716, "xmax": 1190}}, {"tid": 2, "generated": 0, "bbox": {"xmin": 2, "ymin": 2, "ymax": 712, "xmax": 513}}], [{"tid": 0, "generated": 0, "bbox": {"xmin": 568, "ymin": 318, "ymax": 718, "xmax": 988}}, {"tid": 1, "generated": 0, "bbox": {"xmin": 772, "ymin": 2, "ymax": 716, "xmax": 1190}}, {"tid": 2, "generated": 0, "bbox": {"xmin": 2, "ymin": 2, "ymax": 712, "xmax": 513}}], [{"tid": 0, "generated": 0, "bbox": {"xmin": 568, "ymin": 322, "ymax": 718, "xmax": 987}}, {"tid": 1, "generated": 0, "bbox": {"xmin": 759, "ymin": 2, "ymax": 716, "xmax": 1190}}, {"tid": 2, "generated": 0, "bbox": {"xmin": 2, "ymin": 2, "ymax": 712, "xmax": 513}}], [{"tid": 0, "generated": 0, "bbox": {"xmin": 568, "ymin": 326, "ymax": 718, "xmax": 986}}, {"tid": 1, "generated": 0, "bbox": {"xmin": 746, "ymin": 2, "ymax": 716, "xmax": 1190}}, {"tid": 2, "generated": 0, "bbox": {"xmin": 2, "ymin": 2, "ymax": 712, "xmax": 513}}], [{"tid": 0, "generated": 0, "bbox": {"xmin": 568, "ymin": 330, "ymax": 718, "xmax": 986}}, {"tid": 1, "generated": 0, "bbox": {"xmin": 733, "ymin": 2, "ymax": 716, "xmax": 1190}}, {"tid": 2, "generated": 0, "bbox": {"xmin": 2, "ymin": 2, "ymax": 712, "xmax": 513}}], [{"tid": 0, "generated": 0, "bbox": {"xmin": 568, "ymin": 328, "ymax": 718, "xmax": 986}}, {"tid": 1, "generated": 0, "bbox": {"xmin": 720, "ymin": 2, "ymax": 716, "xmax": 1190}}, {"tid": 2, "generated": 0, "bbox": {"xmin": 2, "ymin": 2, "ymax": 712, "xmax": 513}}], [{"tid": 0, "generated": 0, "bbox": {"xmin": 568, "ymin": 326, "ymax": 718, "xmax": 986}}, {"tid": 1, "generated": 0, "bbox": {"xmin": 720, "ymin": 2, "ymax": 716, "xmax": 1190}}, {"tid": 2, "generated": 0, "bbox": {"xmin": 2, "ymin": 2, "ymax": 712, "xmax": 511}}], [{"tid": 0, "generated": 0, "bbox": {"xmin": 568, "ymin": 325, "ymax": 718, "xmax": 986}}, {"tid": 1, "generated": 0, "bbox": {"xmin": 720, "ymin": 2, "ymax": 716, "xmax": 1190}}, {"tid": 2, "generated": 0, "bbox": {"xmin": 1, "ymin": 2, "ymax": 712, "xmax": 508}}], [{"tid": 0, "generated": 0, "bbox": {"xmin": 568, "ymin": 322, "ymax": 718, "xmax": 986}}, {"tid": 1, "generated": 0, "bbox": {"xmin": 720, "ymin": 2, "ymax": 716, "xmax": 1190}}, {"tid": 2, "generated": 0, "bbox": {"xmin": 1, "ymin": 3, "ymax": 713, "xmax": 506}}], [{"tid": 0, "generated": 0, "bbox": {"xmin": 568, "ymin": 320, "ymax": 718, "xmax": 987}}, {"tid": 1, "generated": 0, "bbox": {"xmin": 720, "ymin": 2, "ymax": 716, "xmax": 1190}}, {"tid": 2, "generated": 0, "bbox": {"xmin": 0, "ymin": 3, "ymax": 713, "xmax": 503}}]], "subject/objects": [{"category": "dog", "tid": 0}, {"category": "person", "tid": 1}, {"category": "person", "tid": 2}], "relation_instances": [{"end_fid": 30, "subject_tid": 0, "predicate": "sit_front", "begin_fid": 0, "object_tid": 1}, {"end_fid": 30, "subject_tid": 0, "predicate": "sit_left", "begin_fid": 0, "object_tid": 1}, {"end_fid": 30, "subject_tid": 0, "predicate": "watch", "begin_fid": 0, "object_tid": 1}, {"end_fid": 30, "subject_tid": 1, "predicate": "stand_behind", "begin_fid": 0, "object_tid": 0}, {"end_fid": 30, "subject_tid": 1, "predicate": "stand_right", "begin_fid": 0, "object_tid": 0}, {"end_fid": 30, "subject_tid": 0, "predicate": "sit_right", "begin_fid": 0, "object_tid": 2}, {"end_fid": 30, "subject_tid": 0, "predicate": "sit_front", "begin_fid": 0, "object_tid": 2}, {"end_fid": 30, "subject_tid": 2, "predicate": "stand_behind", "begin_fid": 0, "object_tid": 0}, {"end_fid": 30, "subject_tid": 2, "predicate": "stand_left", "begin_fid": 0, "object_tid": 0}, {"end_fid": 30, "subject_tid": 1, "predicate": "stand_right", "begin_fid": 0, "object_tid": 2}, {"end_fid": 30, "subject_tid": 1, "predicate": "play", "begin_fid": 0, "object_tid": 2}, {"end_fid": 30, "subject_tid": 2, "predicate": "stand_left", "begin_fid": 0, "object_tid": 1}, {"end_fid": 30, "subject_tid": 2, "predicate": "play", "begin_fid": 0, "object_tid": 1}], "height": 720}