{"width": 480, "frame_count": 524, "video_id": "ILSVRC2015_train_00315000", "fps": 30, "trajectories": [[{"tid": 0, "generated": 0, "bbox": {"xmin": 214, "ymin": 151, "ymax": 199, "xmax": 244}}, {"tid": 1, "generated": 0, "bbox": {"xmin": 249, "ymin": 182, "ymax": 208, "xmax": 264}}, {"tid": 2, "generated": 0, "bbox": {"xmin": 184, "ymin": 158, "ymax": 208, "xmax": 206}}, {"tid": 4, "generated": 0, "bbox": {"xmin": 258, "ymin": 166, "ymax": 220, "xmax": 279}}, {"tid": 6, "generated": 0, "bbox": {"xmin": 223, "ymin": 129, "ymax": 156, "xmax": 243}}], [{"tid": 0, "generated": 0, "bbox": {"xmin": 217, "ymin": 152, "ymax": 200, "xmax": 245}}, {"tid": 1, "generated": 0, "bbox": {"xmin": 251, "ymin": 184, "ymax": 210, "xmax": 264}}, {"tid": 2, "generated": 0, "bbox": {"xmin": 185, "ymin": 159, "ymax": 209, "xmax": 207}}, {"tid": 4, "generated": 0, "bbox": {"xmin": 259, "ymin": 166, "ymax": 220, "xmax": 280}}, {"tid": 6, "generated": 0, "bbox": {"xmin": 223, "ymin": 129, "ymax": 156, "xmax": 243}}], [{"tid": 0, "generated": 0, "bbox": {"xmin": 218, "ymin": 152, "ymax": 202, "xmax": 247}}, {"tid": 1, "generated": 0, "bbox": {"xmin": 252, "ymin": 186, "ymax": 212, "xmax": 266}}, {"tid": 2, "generated": 0, "bbox": {"xmin": 185, "ymin": 159, "ymax": 209, "xmax": 207}}, {"tid": 4, "generated": 0, "bbox": {"xmin": 259, "ymin": 167, "ymax": 221, "xmax": 280}}, {"tid": 6, "generated": 0, "bbox": {"xmin": 223, "ymin": 129, "ymax": 156, "xmax": 243}}], [{"tid": 0, "generated": 0, "bbox": {"xmin": 218, "ymin": 152, "ymax": 202, "xmax": 248}}, {"tid": 1, "generated": 0, "bbox": {"xmin": 251, "ymin": 186, "ymax": 212, "xmax": 265}}, {"tid": 2, "generated": 0, "bbox": {"xmin": 186, "ymin": 160, "ymax": 210, "xmax": 208}}, {"tid": 4, "generated": 0, "bbox": {"xmin": 260, "ymin": 167, "ymax": 221, "xmax": 281}}, {"tid": 6, "generated": 0, "bbox": {"xmin": 223, "ymin": 129, "ymax": 156, "xmax": 243}}], [{"tid": 0, "generated": 0, "bbox": {"xmin": 216, "ymin": 152, "ymax": 202, "xmax": 245}}, {"tid": 1, "generated": 0, "bbox": {"xmin": 250, "ymin": 186, "ymax": 212, "xmax": 264}}, {"tid": 2, "generated": 0, "bbox": {"xmin": 186, "ymin": 160, "ymax": 210, "xmax": 208}}, {"tid": 4, "generated": 0, "bbox": {"xmin": 260, "ymin": 168, "ymax": 222, "xmax": 281}}, {"tid": 6, "generated": 0, "bbox": {"xmin": 223, "ymin": 129, "ymax": 156, "xmax": 243}}], [{"tid": 0, "generated": 0, "bbox": {"xmin": 214, "ymin": 152, "ymax": 202, "xmax": 242}}, {"tid": 1, "generated": 0, "bbox": {"xmin": 250, "ymin": 186, "ymax": 212, "xmax": 264}}, {"tid": 2, "generated": 0, "bbox": {"xmin": 187, "ymin": 161, "ymax": 211, "xmax": 209}}, {"tid": 4, "generated": 0, "bbox": {"xmin": 261, "ymin": 168, "ymax": 222, "xmax": 282}}, {"tid": 6, "generated": 0, "bbox": {"xmin": 223, "ymin": 129, "ymax": 156, "xmax": 243}}], [{"tid": 0, "generated": 0, "bbox": {"xmin": 212, "ymin": 152, "ymax": 202, "xmax": 241}}, {"tid": 1, "generated": 0, "bbox": {"xmin": 249, "ymin": 186, "ymax": 212, "xmax": 263}}, {"tid": 2, "generated": 0, "bbox": {"xmin": 187, "ymin": 162, "ymax": 212, "xmax": 209}}, {"tid": 4, "generated": 0, "bbox": {"xmin": 260, "ymin": 169, "ymax": 223, "xmax": 281}}, {"tid": 6, "generated": 0, "bbox": {"xmin": 222, "ymin": 130, "ymax": 157, "xmax": 242}}], [{"tid": 0, "generated": 0, "bbox": {"xmin": 211, "ymin": 152, "ymax": 202, "xmax": 242}}, {"tid": 1, "generated": 0, "bbox": {"xmin": 249, "ymin": 186, "ymax": 212, "xmax": 263}}, {"tid": 2, "generated": 0, "bbox": {"xmin": 187, "ymin": 162, "ymax": 212, "xmax": 209}}, {"tid": 4, "generated": 0, "bbox": {"xmin": 260, "ymin": 169, "ymax": 223, "xmax": 281}}, {"tid": 6, "generated": 0, "bbox": {"xmin": 222, "ymin": 131, "ymax": 158, "xmax": 242}}], [{"tid": 0, "generated": 0, "bbox": {"xmin": 212, "ymin": 152, "ymax": 203, "xmax": 242}}, {"tid": 1, "generated": 0, "bbox": {"xmin": 248, "ymin": 186, "ymax": 212, "xmax": 262}}, {"tid": 2, "generated": 0, "bbox": {"xmin": 186, "ymin": 163, "ymax": 213, "xmax": 208}}, {"tid": 4, "generated": 0, "bbox": {"xmin": 259, "ymin": 170, "ymax": 224, "xmax": 280}}, {"tid": 6, "generated": 0, "bbox": {"xmin": 221, "ymin": 131, "ymax": 158, "xmax": 241}}], [{"tid": 0, "generated": 0, "bbox": {"xmin": 212, "ymin": 152, "ymax": 204, "xmax": 242}}, {"tid": 1, "generated": 0, "bbox": {"xmin": 248, "ymin": 187, "ymax": 212, "xmax": 262}}, {"tid": 2, "generated": 0, "bbox": {"xmin": 186, "ymin": 163, "ymax": 213, "xmax": 208}}, {"tid": 4, "generated": 0, "bbox": {"xmin": 259, "ymin": 170, "ymax": 224, "xmax": 280}}, {"tid": 6, "generated": 0, "bbox": {"xmin": 221, "ymin": 132, "ymax": 159, "xmax": 241}}], [{"tid": 0, "generated": 0, "bbox": {"xmin": 212, "ymin": 152, "ymax": 205, "xmax": 243}}, {"tid": 1, "generated": 0, "bbox": {"xmin": 247, "ymin": 188, "ymax": 213, "xmax": 262}}, {"tid": 2, "generated": 0, "bbox": {"xmin": 186, "ymin": 164, "ymax": 214, "xmax": 208}}, {"tid": 4, "generated": 0, "bbox": {"xmin": 258, "ymin": 171, "ymax": 225, "xmax": 279}}, {"tid": 6, "generated": 0, "bbox": {"xmin": 220, "ymin": 133, "ymax": 160, "xmax": 240}}], [{"tid": 0, "generated": 0, "bbox": {"xmin": 211, "ymin": 152, "ymax": 204, "xmax": 244}}, {"tid": 1, "generated": 0, "bbox": {"xmin": 248, "ymin": 188, "ymax": 213, "xmax": 262}}, {"tid": 2, "generated": 0, "bbox": {"xmin": 187, "ymin": 164, "ymax": 214, "xmax": 209}}, {"tid": 4, "generated": 0, "bbox": {"xmin": 259, "ymin": 171, "ymax": 225, "xmax": 280}}, {"tid": 6, "generated": 0, "bbox": {"xmin": 220, "ymin": 133, "ymax": 160, "xmax": 240}}], [{"tid": 0, "generated": 0, "bbox": {"xmin": 212, "ymin": 152, "ymax": 202, "xmax": 244}}, {"tid": 1, "generated": 0, "bbox": {"xmin": 250, "ymin": 188, "ymax": 212, "xmax": 263}}, {"tid": 2, "generated": 0, "bbox": {"xmin": 188, "ymin": 164, "ymax": 214, "xmax": 210}}, {"tid": 4, "generated": 0, "bbox": {"xmin": 259, "ymin": 171, "ymax": 225, "xmax": 280}}, {"tid": 6, "generated": 0, "bbox": {"xmin": 220, "ymin": 133, "ymax": 160, "xmax": 240}}], [{"tid": 0, "generated": 0, "bbox": {"xmin": 213, "ymin": 152, "ymax": 207, "xmax": 244}}, {"tid": 1, "generated": 0, "bbox": {"xmin": 250, "ymin": 188, "ymax": 212, "xmax": 264}}, {"tid": 2, "generated": 0, "bbox": {"xmin": 188, "ymin": 164, "ymax": 214, "xmax": 210}}, {"tid": 4, "generated": 0, "bbox": {"xmin": 260, "ymin": 171, "ymax": 225, "xmax": 281}}, {"tid": 6, "generated": 0, "bbox": {"xmin": 220, "ymin": 133, "ymax": 160, "xmax": 240}}], [{"tid": 0, "generated": 0, "bbox": {"xmin": 213, "ymin": 152, "ymax": 204, "xmax": 247}}, {"tid": 1, "generated": 0, "bbox": {"xmin": 250, "ymin": 188, "ymax": 212, "xmax": 264}}, {"tid": 2, "generated": 0, "bbox": {"xmin": 189, "ymin": 164, "ymax": 214, "xmax": 211}}, {"tid": 4, "generated": 0, "bbox": {"xmin": 260, "ymin": 171, "ymax": 225, "xmax": 281}}, {"tid": 6, "generated": 0, "bbox": {"xmin": 220, "ymin": 133, "ymax": 160, "xmax": 240}}], [{"tid": 0, "generated": 0, "bbox": {"xmin": 212, "ymin": 152, "ymax": 205, "xmax": 248}}, {"tid": 1, "generated": 0, "bbox": {"xmin": 251, "ymin": 187, "ymax": 212, "xmax": 265}}, {"tid": 2, "generated": 0, "bbox": {"xmin": 190, "ymin": 164, "ymax": 214, "xmax": 212}}, {"tid": 4, "generated": 0, "bbox": {"xmin": 261, "ymin": 171, "ymax": 225, "xmax": 282}}, {"tid": 6, "generated": 0, "bbox": {"xmin": 220, "ymin": 133, "ymax": 160, "xmax": 240}}], [{"tid": 0, "generated": 0, "bbox": {"xmin": 212, "ymin": 152, "ymax": 202, "xmax": 248}}, {"tid": 1, "generated": 0, "bbox": {"xmin": 252, "ymin": 187, "ymax": 212, "xmax": 266}}, {"tid": 2, "generated": 0, "bbox": {"xmin": 191, "ymin": 164, "ymax": 214, "xmax": 213}}, {"tid": 4, "generated": 0, "bbox": {"xmin": 262, "ymin": 171, "ymax": 225, "xmax": 283}}, {"tid": 6, "generated": 0, "bbox": {"xmin": 221, "ymin": 133, "ymax": 160, "xmax": 241}}], [{"tid": 0, "generated": 0, "bbox": {"xmin": 213, "ymin": 152, "ymax": 202, "xmax": 250}}, {"tid": 1, "generated": 0, "bbox": {"xmin": 252, "ymin": 188, "ymax": 212, "xmax": 268}}, {"tid": 2, "generated": 0, "bbox": {"xmin": 192, "ymin": 164, "ymax": 214, "xmax": 214}}, {"tid": 4, "generated": 0, "bbox": {"xmin": 264, "ymin": 171, "ymax": 225, "xmax": 285}}, {"tid": 6, "generated": 0, "bbox": {"xmin": 222, "ymin": 133, "ymax": 160, "xmax": 242}}], [{"tid": 0, "generated": 0, "bbox": {"xmin": 214, "ymin": 152, "ymax": 204, "xmax": 252}}, {"tid": 1, "generated": 0, "bbox": {"xmin": 254, "ymin": 188, "ymax": 213, "xmax": 269}}, {"tid": 2, "generated": 0, "bbox": {"xmin": 193, "ymin": 164, "ymax": 214, "xmax": 215}}, {"tid": 4, "generated": 0, "bbox": {"xmin": 265, "ymin": 171, "ymax": 225, "xmax": 286}}, {"tid": 6, "generated": 0, "bbox": {"xmin": 224, "ymin": 132, "ymax": 159, "xmax": 244}}], [{"tid": 0, "generated": 0, "bbox": {"xmin": 216, "ymin": 152, "ymax": 204, "xmax": 252}}, {"tid": 1, "generated": 0, "bbox": {"xmin": 255, "ymin": 189, "ymax": 214, "xmax": 270}}, {"tid": 2, "generated": 0, "bbox": {"xmin": 194, "ymin": 164, "ymax": 214, "xmax": 216}}, {"tid": 4, "generated": 0, "bbox": {"xmin": 267, "ymin": 171, "ymax": 225, "xmax": 288}}, {"tid": 6, "generated": 0, "bbox": {"xmin": 225, "ymin": 132, "ymax": 159, "xmax": 245}}], [{"tid": 0, "generated": 0, "bbox": {"xmin": 216, "ymin": 152, "ymax": 206, "xmax": 254}}, {"tid": 1, "generated": 0, "bbox": {"xmin": 256, "ymin": 190, "ymax": 214, "xmax": 272}}, {"tid": 2, "generated": 0, "bbox": {"xmin": 195, "ymin": 164, "ymax": 214, "xmax": 217}}, {"tid": 4, "generated": 0, "bbox": {"xmin": 268, "ymin": 171, "ymax": 225, "xmax": 289}}, {"tid": 6, "generated": 0, "bbox": {"xmin": 226, "ymin": 132, "ymax": 159, "xmax": 246}}], [{"tid": 0, "generated": 0, "bbox": {"xmin": 217, "ymin": 154, "ymax": 207, "xmax": 256}}, {"tid": 1, "generated": 0, "bbox": {"xmin": 257, "ymin": 190, "ymax": 216, "xmax": 275}}, {"tid": 2, "generated": 0, "bbox": {"xmin": 197, "ymin": 166, "ymax": 216, "xmax": 219}}, {"tid": 4, "generated": 0, "bbox": {"xmin": 270, "ymin": 172, "ymax": 226, "xmax": 291}}, {"tid": 6, "generated": 0, "bbox": {"xmin": 228, "ymin": 133, "ymax": 160, "xmax": 248}}], [{"tid": 0, "generated": 0, "bbox": {"xmin": 220, "ymin": 156, "ymax": 208, "xmax": 257}}, {"tid": 1, "generated": 0, "bbox": {"xmin": 259, "ymin": 191, "ymax": 217, "xmax": 278}}, {"tid": 2, "generated": 0, "bbox": {"xmin": 198, "ymin": 168, "ymax": 218, "xmax": 220}}, {"tid": 4, "generated": 0, "bbox": {"xmin": 272, "ymin": 172, "ymax": 226, "xmax": 292}}, {"tid": 6, "generated": 0, "bbox": {"xmin": 230, "ymin": 134, "ymax": 161, "xmax": 250}}], [{"tid": 0, "generated": 0, "bbox": {"xmin": 220, "ymin": 158, "ymax": 209, "xmax": 260}}, {"tid": 1, "generated": 0, "bbox": {"xmin": 260, "ymin": 192, "ymax": 218, "xmax": 279}}, {"tid": 2, "generated": 0, "bbox": {"xmin": 200, "ymin": 169, "ymax": 219, "xmax": 222}}, {"tid": 4, "generated": 0, "bbox": {"xmin": 273, "ymin": 173, "ymax": 227, "xmax": 294}}, {"tid": 6, "generated": 0, "bbox": {"xmin": 232, "ymin": 134, "ymax": 161, "xmax": 252}}], [{"tid": 0, "generated": 0, "bbox": {"xmin": 221, "ymin": 158, "ymax": 209, "xmax": 260}}, {"tid": 1, "generated": 0, "bbox": {"xmin": 263, "ymin": 193, "ymax": 219, "xmax": 281}}, {"tid": 2, "generated": 0, "bbox": {"xmin": 201, "ymin": 171, "ymax": 221, "xmax": 223}}, {"tid": 4, "generated": 0, "bbox": {"xmin": 275, "ymin": 173, "ymax": 227, "xmax": 295}}, {"tid": 6, "generated": 0, "bbox": {"xmin": 234, "ymin": 135, "ymax": 162, "xmax": 254}}], [{"tid": 0, "generated": 0, "bbox": {"xmin": 222, "ymin": 156, "ymax": 208, "xmax": 261}}, {"tid": 1, "generated": 0, "bbox": {"xmin": 264, "ymin": 192, "ymax": 218, "xmax": 282}}, {"tid": 2, "generated": 0, "bbox": {"xmin": 203, "ymin": 173, "ymax": 223, "xmax": 225}}, {"tid": 4, "generated": 0, "bbox": {"xmin": 277, "ymin": 174, "ymax": 228, "xmax": 297}}, {"tid": 6, "generated": 0, "bbox": {"xmin": 236, "ymin": 136, "ymax": 163, "xmax": 256}}], [{"tid": 0, "generated": 0, "bbox": {"xmin": 225, "ymin": 155, "ymax": 206, "xmax": 262}}, {"tid": 1, "generated": 0, "bbox": {"xmin": 265, "ymin": 192, "ymax": 218, "xmax": 282}}, {"tid": 2, "generated": 0, "bbox": {"xmin": 203, "ymin": 172, "ymax": 222, "xmax": 225}}, {"tid": 4, "generated": 0, "bbox": {"xmin": 278, "ymin": 174, "ymax": 229, "xmax": 299}}, {"tid": 6, "generated": 0, "bbox": {"xmin": 236, "ymin": 135, "ymax": 162, "xmax": 256}}], [{"tid": 0, "generated": 0, "bbox": {"xmin": 224, "ymin": 156, "ymax": 209, "xmax": 264}}, {"tid": 1, "generated": 0, "bbox": {"xmin": 266, "ymin": 192, "ymax": 218, "xmax": 283}}, {"tid": 2, "generated": 0, "bbox": {"xmin": 203, "ymin": 171, "ymax": 221, "xmax": 225}}, {"tid": 4, "generated": 0, "bbox": {"xmin": 279, "ymin": 174, "ymax": 229, "xmax": 300}}, {"tid": 6, "generated": 0, "bbox": {"xmin": 237, "ymin": 134, "ymax": 161, "xmax": 257}}], [{"tid": 0, "generated": 0, "bbox": {"xmin": 226, "ymin": 156, "ymax": 210, "xmax": 264}}, {"tid": 1, "generated": 0, "bbox": {"xmin": 267, "ymin": 192, "ymax": 219, "xmax": 284}}, {"tid": 2, "generated": 0, "bbox": {"xmin": 203, "ymin": 171, "ymax": 221, "xmax": 225}}, {"tid": 4, "generated": 0, "bbox": {"xmin": 279, "ymin": 173, "ymax": 230, "xmax": 302}}, {"tid": 6, "generated": 0, "bbox": {"xmin": 237, "ymin": 133, "ymax": 160, "xmax": 257}}], [{"tid": 0, "generated": 0, "bbox": {"xmin": 227, "ymin": 154, "ymax": 208, "xmax": 263}}, {"tid": 1, "generated": 0, "bbox": {"xmin": 266, "ymin": 191, "ymax": 218, "xmax": 283}}, {"tid": 2, "generated": 0, "bbox": {"xmin": 203, "ymin": 170, "ymax": 220, "xmax": 225}}, {"tid": 4, "generated": 0, "bbox": {"xmin": 280, "ymin": 173, "ymax": 230, "xmax": 303}}, {"tid": 6, "generated": 0, "bbox": {"xmin": 238, "ymin": 132, "ymax": 159, "xmax": 258}}], [], [], [], [], [], [], [], [], [], [], [], [], [], [], [], [], [], [], [], [], [], [], [], [], [], [], [], [], [], [], [], [], [], [], [], [], [], [], [], [], [], [], [], [], [], [], [], [], [], [], [], [], [], [], [], [], [], [], [], [], [], [], [], [], [], [], [], [], [], [], [], [], [], [], [], [], [], [], [], [], [], [], [], [], [], [], [], [], [], [], [], [], [], [], [], [], [], [], [], [], [], [], [], [], [], [], [], [], [], [], [], [], [], [], [], [], [], [], [], [], [], [], [], [], [], [], [], [], [], [], [], [], [], [], [], [], [], [], [], [], [], [], [], [], [], [], [], [], [], [], [], [], [], [], [], [], [], [], [], [], [], [], [], [], [], [], [], [], [], [], [], [], [], [], [], [], [], [], [], [], [], [], [], [], [], [], [], [], [], [], [], [], [], [], [], [], [], [], [], [], [], [], [], [], [], [], [], [], [], [], [], [], [], [], [], [], [], [], [], [], [], [], [], [], [], [{"tid": 0, "generated": 0, "bbox": {"xmin": 84, "ymin": 40, "ymax": 278, "xmax": 224}}, {"tid": 1, "generated": 0, "bbox": {"xmin": 309, "ymin": 195, "ymax": 359, "xmax": 411}}, {"tid": 2, "generated": 0, "bbox": {"xmin": 59, "ymin": 95, "ymax": 359, "xmax": 157}}, {"tid": 6, "generated": 0, "bbox": {"xmin": 134, "ymin": 2, "ymax": 47, "xmax": 204}}], [{"tid": 0, "generated": 0, "bbox": {"xmin": 88, "ymin": 43, "ymax": 279, "xmax": 228}}, {"tid": 1, "generated": 0, "bbox": {"xmin": 307, "ymin": 194, "ymax": 358, "xmax": 406}}, {"tid": 2, "generated": 0, "bbox": {"xmin": 62, "ymin": 95, "ymax": 359, "xmax": 160}}, {"tid": 6, "generated": 0, "bbox": {"xmin": 134, "ymin": 2, "ymax": 48, "xmax": 204}}], [{"tid": 0, "generated": 0, "bbox": {"xmin": 92, "ymin": 44, "ymax": 276, "xmax": 229}}, {"tid": 1, "generated": 0, "bbox": {"xmin": 308, "ymin": 192, "ymax": 358, "xmax": 403}}, {"tid": 2, "generated": 0, "bbox": {"xmin": 65, "ymin": 94, "ymax": 358, "xmax": 163}}, {"tid": 6, "generated": 0, "bbox": {"xmin": 134, "ymin": 2, "ymax": 49, "xmax": 204}}], [{"tid": 0, "generated": 0, "bbox": {"xmin": 96, "ymin": 45, "ymax": 274, "xmax": 230}}, {"tid": 1, "generated": 0, "bbox": {"xmin": 308, "ymin": 189, "ymax": 358, "xmax": 404}}, {"tid": 2, "generated": 0, "bbox": {"xmin": 69, "ymin": 94, "ymax": 358, "xmax": 167}}, {"tid": 6, "generated": 0, "bbox": {"xmin": 134, "ymin": 2, "ymax": 50, "xmax": 204}}], [{"tid": 0, "generated": 0, "bbox": {"xmin": 100, "ymin": 46, "ymax": 269, "xmax": 230}}, {"tid": 1, "generated": 0, "bbox": {"xmin": 306, "ymin": 188, "ymax": 354, "xmax": 405}}, {"tid": 2, "generated": 0, "bbox": {"xmin": 72, "ymin": 93, "ymax": 357, "xmax": 170}}, {"tid": 6, "generated": 0, "bbox": {"xmin": 134, "ymin": 2, "ymax": 51, "xmax": 204}}], [{"tid": 0, "generated": 0, "bbox": {"xmin": 105, "ymin": 47, "ymax": 265, "xmax": 230}}, {"tid": 1, "generated": 0, "bbox": {"xmin": 307, "ymin": 184, "ymax": 343, "xmax": 402}}, {"tid": 2, "generated": 0, "bbox": {"xmin": 75, "ymin": 93, "ymax": 357, "xmax": 173}}, {"tid": 6, "generated": 0, "bbox": {"xmin": 134, "ymin": 2, "ymax": 52, "xmax": 204}}], [{"tid": 0, "generated": 0, "bbox": {"xmin": 107, "ymin": 48, "ymax": 263, "xmax": 231}}, {"tid": 1, "generated": 0, "bbox": {"xmin": 308, "ymin": 184, "ymax": 337, "xmax": 397}}, {"tid": 2, "generated": 0, "bbox": {"xmin": 79, "ymin": 93, "ymax": 357, "xmax": 177}}, {"tid": 6, "generated": 0, "bbox": {"xmin": 139, "ymin": 2, "ymax": 52, "xmax": 209}}], [{"tid": 0, "generated": 0, "bbox": {"xmin": 109, "ymin": 49, "ymax": 261, "xmax": 232}}, {"tid": 1, "generated": 0, "bbox": {"xmin": 306, "ymin": 182, "ymax": 336, "xmax": 396}}, {"tid": 2, "generated": 0, "bbox": {"xmin": 83, "ymin": 93, "ymax": 357, "xmax": 181}}, {"tid": 6, "generated": 0, "bbox": {"xmin": 144, "ymin": 2, "ymax": 52, "xmax": 214}}], [{"tid": 0, "generated": 0, "bbox": {"xmin": 112, "ymin": 50, "ymax": 259, "xmax": 233}}, {"tid": 1, "generated": 0, "bbox": {"xmin": 306, "ymin": 181, "ymax": 336, "xmax": 396}}, {"tid": 2, "generated": 0, "bbox": {"xmin": 88, "ymin": 93, "ymax": 357, "xmax": 186}}, {"tid": 6, "generated": 0, "bbox": {"xmin": 150, "ymin": 3, "ymax": 53, "xmax": 220}}], [{"tid": 0, "generated": 0, "bbox": {"xmin": 114, "ymin": 52, "ymax": 257, "xmax": 234}}, {"tid": 1, "generated": 0, "bbox": {"xmin": 306, "ymin": 178, "ymax": 320, "xmax": 393}}, {"tid": 2, "generated": 0, "bbox": {"xmin": 92, "ymin": 93, "ymax": 357, "xmax": 190}}, {"tid": 6, "generated": 0, "bbox": {"xmin": 155, "ymin": 3, "ymax": 53, "xmax": 225}}], [{"tid": 0, "generated": 0, "bbox": {"xmin": 117, "ymin": 54, "ymax": 255, "xmax": 235}}, {"tid": 1, "generated": 0, "bbox": {"xmin": 306, "ymin": 180, "ymax": 327, "xmax": 393}}, {"tid": 2, "generated": 0, "bbox": {"xmin": 96, "ymin": 93, "ymax": 357, "xmax": 194}}, {"tid": 6, "generated": 0, "bbox": {"xmin": 160, "ymin": 3, "ymax": 53, "xmax": 230}}], [{"tid": 0, "generated": 0, "bbox": {"xmin": 119, "ymin": 56, "ymax": 253, "xmax": 236}}, {"tid": 1, "generated": 0, "bbox": {"xmin": 305, "ymin": 182, "ymax": 327, "xmax": 392}}, {"tid": 2, "generated": 0, "bbox": {"xmin": 102, "ymin": 93, "ymax": 352, "xmax": 195}}, {"tid": 6, "generated": 0, "bbox": {"xmin": 162, "ymin": 6, "ymax": 56, "xmax": 228}}], [{"tid": 0, "generated": 0, "bbox": {"xmin": 122, "ymin": 59, "ymax": 251, "xmax": 237}}, {"tid": 1, "generated": 0, "bbox": {"xmin": 303, "ymin": 183, "ymax": 326, "xmax": 390}}, {"tid": 2, "generated": 0, "bbox": {"xmin": 108, "ymin": 93, "ymax": 347, "xmax": 197}}, {"tid": 6, "generated": 0, "bbox": {"xmin": 164, "ymin": 9, "ymax": 59, "xmax": 226}}], [{"tid": 0, "generated": 0, "bbox": {"xmin": 124, "ymin": 61, "ymax": 249, "xmax": 238}}, {"tid": 1, "generated": 0, "bbox": {"xmin": 301, "ymin": 184, "ymax": 325, "xmax": 389}}, {"tid": 2, "generated": 0, "bbox": {"xmin": 113, "ymin": 93, "ymax": 343, "xmax": 198}}, {"tid": 6, "generated": 0, "bbox": {"xmin": 167, "ymin": 11, "ymax": 61, "xmax": 225}}], [{"tid": 0, "generated": 0, "bbox": {"xmin": 127, "ymin": 63, "ymax": 247, "xmax": 239}}, {"tid": 1, "generated": 0, "bbox": {"xmin": 299, "ymin": 185, "ymax": 324, "xmax": 387}}, {"tid": 2, "generated": 0, "bbox": {"xmin": 119, "ymin": 93, "ymax": 338, "xmax": 200}}, {"tid": 6, "generated": 0, "bbox": {"xmin": 169, "ymin": 14, "ymax": 64, "xmax": 223}}], [{"tid": 0, "generated": 0, "bbox": {"xmin": 130, "ymin": 66, "ymax": 246, "xmax": 240}}, {"tid": 1, "generated": 0, "bbox": {"xmin": 298, "ymin": 186, "ymax": 323, "xmax": 386}}, {"tid": 2, "generated": 0, "bbox": {"xmin": 125, "ymin": 93, "ymax": 333, "xmax": 201}}, {"tid": 6, "generated": 0, "bbox": {"xmin": 171, "ymin": 17, "ymax": 67, "xmax": 221}}], [{"tid": 0, "generated": 0, "bbox": {"xmin": 130, "ymin": 67, "ymax": 246, "xmax": 240}}, {"tid": 1, "generated": 0, "bbox": {"xmin": 298, "ymin": 185, "ymax": 322, "xmax": 385}}, {"tid": 2, "generated": 0, "bbox": {"xmin": 127, "ymin": 97, "ymax": 335, "xmax": 205}}, {"tid": 6, "generated": 0, "bbox": {"xmin": 173, "ymin": 19, "ymax": 69, "xmax": 223}}], [{"tid": 0, "generated": 0, "bbox": {"xmin": 132, "ymin": 69, "ymax": 248, "xmax": 242}}, {"tid": 1, "generated": 0, "bbox": {"xmin": 298, "ymin": 185, "ymax": 322, "xmax": 384}}, {"tid": 2, "generated": 0, "bbox": {"xmin": 130, "ymin": 101, "ymax": 337, "xmax": 209}}, {"tid": 6, "generated": 0, "bbox": {"xmin": 174, "ymin": 22, "ymax": 72, "xmax": 224}}], [{"tid": 0, "generated": 0, "bbox": {"xmin": 133, "ymin": 70, "ymax": 250, "xmax": 242}}, {"tid": 1, "generated": 0, "bbox": {"xmin": 297, "ymin": 186, "ymax": 324, "xmax": 384}}, {"tid": 2, "generated": 0, "bbox": {"xmin": 132, "ymin": 105, "ymax": 340, "xmax": 213}}, {"tid": 6, "generated": 0, "bbox": {"xmin": 176, "ymin": 24, "ymax": 74, "xmax": 226}}], [{"tid": 0, "generated": 0, "bbox": {"xmin": 130, "ymin": 69, "ymax": 250, "xmax": 243}}, {"tid": 1, "generated": 0, "bbox": {"xmin": 297, "ymin": 187, "ymax": 327, "xmax": 384}}, {"tid": 2, "generated": 0, "bbox": {"xmin": 135, "ymin": 109, "ymax": 342, "xmax": 217}}, {"tid": 6, "generated": 0, "bbox": {"xmin": 177, "ymin": 27, "ymax": 77, "xmax": 227}}], [{"tid": 0, "generated": 0, "bbox": {"xmin": 130, "ymin": 73, "ymax": 254, "xmax": 242}}, {"tid": 1, "generated": 0, "bbox": {"xmin": 297, "ymin": 188, "ymax": 327, "xmax": 386}}, {"tid": 2, "generated": 0, "bbox": {"xmin": 137, "ymin": 113, "ymax": 344, "xmax": 221}}, {"tid": 6, "generated": 0, "bbox": {"xmin": 179, "ymin": 29, "ymax": 79, "xmax": 229}}], [{"tid": 0, "generated": 0, "bbox": {"xmin": 129, "ymin": 75, "ymax": 257, "xmax": 242}}, {"tid": 1, "generated": 0, "bbox": {"xmin": 299, "ymin": 189, "ymax": 328, "xmax": 386}}, {"tid": 2, "generated": 0, "bbox": {"xmin": 139, "ymin": 113, "ymax": 347, "xmax": 226}}, {"tid": 6, "generated": 0, "bbox": {"xmin": 179, "ymin": 28, "ymax": 78, "xmax": 229}}], [{"tid": 0, "generated": 0, "bbox": {"xmin": 128, "ymin": 74, "ymax": 258, "xmax": 246}}, {"tid": 1, "generated": 0, "bbox": {"xmin": 299, "ymin": 188, "ymax": 328, "xmax": 387}}, {"tid": 2, "generated": 0, "bbox": {"xmin": 142, "ymin": 113, "ymax": 350, "xmax": 231}}, {"tid": 6, "generated": 0, "bbox": {"xmin": 179, "ymin": 27, "ymax": 77, "xmax": 229}}], [{"tid": 0, "generated": 0, "bbox": {"xmin": 124, "ymin": 74, "ymax": 261, "xmax": 247}}, {"tid": 1, "generated": 0, "bbox": {"xmin": 298, "ymin": 187, "ymax": 327, "xmax": 388}}, {"tid": 2, "generated": 0, "bbox": {"xmin": 144, "ymin": 113, "ymax": 353, "xmax": 235}}, {"tid": 6, "generated": 0, "bbox": {"xmin": 179, "ymin": 27, "ymax": 77, "xmax": 229}}], [{"tid": 0, "generated": 0, "bbox": {"xmin": 124, "ymin": 72, "ymax": 258, "xmax": 252}}, {"tid": 1, "generated": 0, "bbox": {"xmin": 297, "ymin": 186, "ymax": 327, "xmax": 390}}, {"tid": 2, "generated": 0, "bbox": {"xmin": 147, "ymin": 113, "ymax": 356, "xmax": 240}}, {"tid": 6, "generated": 0, "bbox": {"xmin": 179, "ymin": 26, "ymax": 76, "xmax": 229}}], [{"tid": 0, "generated": 0, "bbox": {"xmin": 124, "ymin": 72, "ymax": 259, "xmax": 251}}, {"tid": 1, "generated": 0, "bbox": {"xmin": 296, "ymin": 188, "ymax": 332, "xmax": 393}}, {"tid": 2, "generated": 0, "bbox": {"xmin": 149, "ymin": 113, "ymax": 359, "xmax": 245}}, {"tid": 6, "generated": 0, "bbox": {"xmin": 179, "ymin": 25, "ymax": 75, "xmax": 229}}], [{"tid": 0, "generated": 0, "bbox": {"xmin": 116, "ymin": 72, "ymax": 264, "xmax": 254}}, {"tid": 1, "generated": 0, "bbox": {"xmin": 295, "ymin": 188, "ymax": 330, "xmax": 392}}, {"tid": 2, "generated": 0, "bbox": {"xmin": 151, "ymin": 113, "ymax": 359, "xmax": 247}}, {"tid": 6, "generated": 0, "bbox": {"xmin": 178, "ymin": 25, "ymax": 75, "xmax": 228}}], [{"tid": 0, "generated": 0, "bbox": {"xmin": 106, "ymin": 72, "ymax": 264, "xmax": 254}}, {"tid": 1, "generated": 0, "bbox": {"xmin": 293, "ymin": 190, "ymax": 328, "xmax": 389}}, {"tid": 2, "generated": 0, "bbox": {"xmin": 154, "ymin": 113, "ymax": 359, "xmax": 250}}, {"tid": 6, "generated": 0, "bbox": {"xmin": 177, "ymin": 24, "ymax": 74, "xmax": 227}}], [{"tid": 0, "generated": 0, "bbox": {"xmin": 103, "ymin": 72, "ymax": 266, "xmax": 256}}, {"tid": 1, "generated": 0, "bbox": {"xmin": 292, "ymin": 192, "ymax": 334, "xmax": 387}}, {"tid": 2, "generated": 0, "bbox": {"xmin": 156, "ymin": 113, "ymax": 359, "xmax": 252}}, {"tid": 6, "generated": 0, "bbox": {"xmin": 176, "ymin": 24, "ymax": 74, "xmax": 226}}], [{"tid": 0, "generated": 0, "bbox": {"xmin": 98, "ymin": 72, "ymax": 266, "xmax": 256}}, {"tid": 1, "generated": 0, "bbox": {"xmin": 290, "ymin": 194, "ymax": 334, "xmax": 391}}, {"tid": 2, "generated": 0, "bbox": {"xmin": 159, "ymin": 113, "ymax": 359, "xmax": 255}}, {"tid": 6, "generated": 0, "bbox": {"xmin": 175, "ymin": 23, "ymax": 73, "xmax": 225}}], [], [], [], [], [], [], [], [], [], [], [], [], [], [], [], [], [], [], [], [], [], [], [], [], [], [], [], [], [], [], [], [], [], [], [], [], [], [], [], [], [], [], [], [], [], [], [], [], [], [], [], [], [], [], [], [], [], [], [], [], [{"tid": 0, "generated": 0, "bbox": {"xmin": 0, "ymin": 8, "ymax": 299, "xmax": 292}}, {"tid": 1, "generated": 0, "bbox": {"xmin": 246, "ymin": 206, "ymax": 355, "xmax": 380}}], [{"tid": 0, "generated": 0, "bbox": {"xmin": 0, "ymin": 2, "ymax": 293, "xmax": 295}}, {"tid": 1, "generated": 0, "bbox": {"xmin": 241, "ymin": 203, "ymax": 357, "xmax": 385}}], [{"tid": 0, "generated": 0, "bbox": {"xmin": 0, "ymin": 1, "ymax": 288, "xmax": 295}}, {"tid": 1, "generated": 0, "bbox": {"xmin": 236, "ymin": 202, "ymax": 358, "xmax": 384}}], [{"tid": 0, "generated": 0, "bbox": {"xmin": 0, "ymin": 1, "ymax": 284, "xmax": 295}}, {"tid": 1, "generated": 0, "bbox": {"xmin": 232, "ymin": 196, "ymax": 357, "xmax": 380}}], [{"tid": 0, "generated": 0, "bbox": {"xmin": 0, "ymin": 0, "ymax": 280, "xmax": 295}}, {"tid": 1, "generated": 0, "bbox": {"xmin": 226, "ymin": 190, "ymax": 358, "xmax": 378}}], [{"tid": 0, "generated": 0, "bbox": {"xmin": 0, "ymin": 0, "ymax": 276, "xmax": 296}}, {"tid": 1, "generated": 0, "bbox": {"xmin": 221, "ymin": 186, "ymax": 358, "xmax": 376}}], [{"tid": 0, "generated": 0, "bbox": {"xmin": 0, "ymin": 0, "ymax": 272, "xmax": 296}}, {"tid": 1, "generated": 0, "bbox": {"xmin": 218, "ymin": 182, "ymax": 358, "xmax": 370}}], [{"tid": 0, "generated": 0, "bbox": {"xmin": 0, "ymin": 0, "ymax": 269, "xmax": 296}}, {"tid": 1, "generated": 0, "bbox": {"xmin": 214, "ymin": 178, "ymax": 358, "xmax": 364}}], [{"tid": 0, "generated": 0, "bbox": {"xmin": 0, "ymin": 0, "ymax": 268, "xmax": 295}}, {"tid": 1, "generated": 0, "bbox": {"xmin": 212, "ymin": 177, "ymax": 359, "xmax": 358}}], [{"tid": 0, "generated": 0, "bbox": {"xmin": 0, "ymin": 0, "ymax": 268, "xmax": 295}}, {"tid": 1, "generated": 0, "bbox": {"xmin": 212, "ymin": 178, "ymax": 358, "xmax": 352}}], [{"tid": 0, "generated": 0, "bbox": {"xmin": 0, "ymin": 0, "ymax": 267, "xmax": 295}}, {"tid": 1, "generated": 0, "bbox": {"xmin": 209, "ymin": 172, "ymax": 358, "xmax": 345}}], [{"tid": 0, "generated": 0, "bbox": {"xmin": 0, "ymin": 0, "ymax": 267, "xmax": 295}}, {"tid": 1, "generated": 0, "bbox": {"xmin": 207, "ymin": 167, "ymax": 357, "xmax": 342}}], [{"tid": 0, "generated": 0, "bbox": {"xmin": 0, "ymin": 0, "ymax": 266, "xmax": 294}}, {"tid": 1, "generated": 0, "bbox": {"xmin": 205, "ymin": 163, "ymax": 357, "xmax": 340}}], [{"tid": 0, "generated": 0, "bbox": {"xmin": 0, "ymin": 0, "ymax": 266, "xmax": 294}}, {"tid": 1, "generated": 0, "bbox": {"xmin": 204, "ymin": 158, "ymax": 354, "xmax": 338}}], [{"tid": 0, "generated": 0, "bbox": {"xmin": 0, "ymin": 0, "ymax": 265, "xmax": 294}}, {"tid": 1, "generated": 0, "bbox": {"xmin": 206, "ymin": 154, "ymax": 356, "xmax": 336}}], [{"tid": 0, "generated": 0, "bbox": {"xmin": 0, "ymin": 0, "ymax": 265, "xmax": 294}}, {"tid": 1, "generated": 0, "bbox": {"xmin": 209, "ymin": 150, "ymax": 358, "xmax": 335}}], [{"tid": 0, "generated": 0, "bbox": {"xmin": 0, "ymin": 0, "ymax": 255, "xmax": 296}}, {"tid": 1, "generated": 0, "bbox": {"xmin": 206, "ymin": 148, "ymax": 356, "xmax": 333}}], [{"tid": 0, "generated": 0, "bbox": {"xmin": 0, "ymin": 0, "ymax": 245, "xmax": 299}}, {"tid": 1, "generated": 0, "bbox": {"xmin": 205, "ymin": 146, "ymax": 357, "xmax": 333}}], [{"tid": 0, "generated": 0, "bbox": {"xmin": 0, "ymin": 0, "ymax": 236, "xmax": 302}}, {"tid": 1, "generated": 0, "bbox": {"xmin": 205, "ymin": 144, "ymax": 359, "xmax": 334}}], [{"tid": 0, "generated": 0, "bbox": {"xmin": 0, "ymin": 0, "ymax": 236, "xmax": 305}}, {"tid": 1, "generated": 0, "bbox": {"xmin": 205, "ymin": 141, "ymax": 358, "xmax": 333}}], [{"tid": 0, "generated": 0, "bbox": {"xmin": 0, "ymin": 0, "ymax": 234, "xmax": 308}}, {"tid": 1, "generated": 0, "bbox": {"xmin": 206, "ymin": 139, "ymax": 358, "xmax": 332}}], [{"tid": 0, "generated": 0, "bbox": {"xmin": 0, "ymin": 0, "ymax": 233, "xmax": 309}}, {"tid": 1, "generated": 0, "bbox": {"xmin": 206, "ymin": 137, "ymax": 358, "xmax": 332}}], [{"tid": 0, "generated": 0, "bbox": {"xmin": 0, "ymin": 0, "ymax": 229, "xmax": 312}}, {"tid": 1, "generated": 0, "bbox": {"xmin": 207, "ymin": 135, "ymax": 358, "xmax": 331}}], [{"tid": 0, "generated": 0, "bbox": {"xmin": 0, "ymin": 0, "ymax": 256, "xmax": 316}}, {"tid": 1, "generated": 0, "bbox": {"xmin": 207, "ymin": 133, "ymax": 358, "xmax": 331}}], [{"tid": 0, "generated": 0, "bbox": {"xmin": 0, "ymin": 0, "ymax": 255, "xmax": 319}}, {"tid": 1, "generated": 0, "bbox": {"xmin": 208, "ymin": 131, "ymax": 358, "xmax": 330}}], [{"tid": 0, "generated": 0, "bbox": {"xmin": 0, "ymin": 0, "ymax": 254, "xmax": 322}}, {"tid": 1, "generated": 0, "bbox": {"xmin": 209, "ymin": 129, "ymax": 358, "xmax": 330}}], [{"tid": 0, "generated": 0, "bbox": {"xmin": 0, "ymin": 0, "ymax": 250, "xmax": 326}}, {"tid": 1, "generated": 0, "bbox": {"xmin": 208, "ymin": 123, "ymax": 358, "xmax": 330}}], [{"tid": 0, "generated": 0, "bbox": {"xmin": 0, "ymin": 0, "ymax": 246, "xmax": 331}}, {"tid": 1, "generated": 0, "bbox": {"xmin": 208, "ymin": 118, "ymax": 358, "xmax": 330}}], [{"tid": 0, "generated": 0, "bbox": {"xmin": 0, "ymin": 0, "ymax": 242, "xmax": 336}}, {"tid": 1, "generated": 0, "bbox": {"xmin": 207, "ymin": 114, "ymax": 357, "xmax": 330}}], [{"tid": 0, "generated": 0, "bbox": {"xmin": 0, "ymin": 0, "ymax": 238, "xmax": 342}}, {"tid": 1, "generated": 0, "bbox": {"xmin": 206, "ymin": 110, "ymax": 356, "xmax": 330}}]], "subject/objects": [{"category": "elephant", "tid": 0}, {"category": "elephant", "tid": 1}, {"category": "person", "tid": 2}, {"category": "person", "tid": 4}, {"category": "person", "tid": 6}], "relation_instances": [{"end_fid": 30, "subject_tid": 0, "predicate": "walk_behind", "begin_fid": 0, "object_tid": 1}, {"end_fid": 30, "subject_tid": 0, "predicate": "taller", "begin_fid": 0, "object_tid": 1}, {"end_fid": 30, "subject_tid": 0, "predicate": "larger", "begin_fid": 0, "object_tid": 1}, {"end_fid": 30, "subject_tid": 0, "predicate": "follow", "begin_fid": 0, "object_tid": 1}, {"end_fid": 30, "subject_tid": 1, "predicate": "walk_front", "begin_fid": 0, "object_tid": 0}, {"end_fid": 30, "subject_tid": 0, "predicate": "walk_right", "begin_fid": 0, "object_tid": 2}, {"end_fid": 30, "subject_tid": 0, "predicate": "walk_behind", "begin_fid": 0, "object_tid": 2}, {"end_fid": 30, "subject_tid": 0, "predicate": "walk_with", "begin_fid": 0, "object_tid": 2}, {"end_fid": 30, "subject_tid": 0, "predicate": "taller", "begin_fid": 0, "object_tid": 2}, {"end_fid": 30, "subject_tid": 0, "predicate": "larger", "begin_fid": 0, "object_tid": 2}, {"end_fid": 30, "subject_tid": 2, "predicate": "walk_with", "begin_fid": 0, "object_tid": 0}, {"end_fid": 30, "subject_tid": 2, "predicate": "walk_front", "begin_fid": 0, "object_tid": 0}, {"end_fid": 30, "subject_tid": 2, "predicate": "walk_left", "begin_fid": 0, "object_tid": 0}, {"end_fid": 30, "subject_tid": 0, "predicate": "walk_behind", "begin_fid": 0, "object_tid": 4}, {"end_fid": 30, "subject_tid": 0, "predicate": "walk_with", "begin_fid": 0, "object_tid": 4}, {"end_fid": 30, "subject_tid": 0, "predicate": "walk_left", "begin_fid": 0, "object_tid": 4}, {"end_fid": 30, "subject_tid": 0, "predicate": "taller", "begin_fid": 0, "object_tid": 4}, {"end_fid": 30, "subject_tid": 0, "predicate": "larger", "begin_fid": 0, "object_tid": 4}, {"end_fid": 30, "subject_tid": 4, "predicate": "walk_with", "begin_fid": 0, "object_tid": 0}, {"end_fid": 30, "subject_tid": 4, "predicate": "walk_front", "begin_fid": 0, "object_tid": 0}, {"end_fid": 30, "subject_tid": 4, "predicate": "walk_right", "begin_fid": 0, "object_tid": 0}, {"end_fid": 30, "subject_tid": 0, "predicate": "walk_beneath", "begin_fid": 0, "object_tid": 6}, {"end_fid": 30, "subject_tid": 6, "predicate": "sit_above", "begin_fid": 0, "object_tid": 0}, {"end_fid": 30, "subject_tid": 6, "predicate": "ride", "begin_fid": 0, "object_tid": 0}, {"end_fid": 30, "subject_tid": 1, "predicate": "walk_right", "begin_fid": 0, "object_tid": 2}, {"end_fid": 30, "subject_tid": 1, "predicate": "walk_with", "begin_fid": 0, "object_tid": 2}, {"end_fid": 30, "subject_tid": 2, "predicate": "walk_with", "begin_fid": 0, "object_tid": 1}, {"end_fid": 30, "subject_tid": 2, "predicate": "walk_left", "begin_fid": 0, "object_tid": 1}, {"end_fid": 30, "subject_tid": 1, "predicate": "walk_behind", "begin_fid": 0, "object_tid": 4}, {"end_fid": 30, "subject_tid": 1, "predicate": "follow", "begin_fid": 0, "object_tid": 4}, {"end_fid": 30, "subject_tid": 4, "predicate": "walk_front", "begin_fid": 0, "object_tid": 1}, {"end_fid": 30, "subject_tid": 1, "predicate": "walk_front", "begin_fid": 0, "object_tid": 6}, {"end_fid": 30, "subject_tid": 6, "predicate": "sit_behind", "begin_fid": 0, "object_tid": 1}, {"end_fid": 30, "subject_tid": 2, "predicate": "walk_with", "begin_fid": 0, "object_tid": 4}, {"end_fid": 30, "subject_tid": 2, "predicate": "walk_left", "begin_fid": 0, "object_tid": 4}, {"end_fid": 30, "subject_tid": 4, "predicate": "walk_with", "begin_fid": 0, "object_tid": 2}, {"end_fid": 30, "subject_tid": 4, "predicate": "walk_right", "begin_fid": 0, "object_tid": 2}, {"end_fid": 30, "subject_tid": 2, "predicate": "walk_beneath", "begin_fid": 0, "object_tid": 6}, {"end_fid": 30, "subject_tid": 2, "predicate": "walk_left", "begin_fid": 0, "object_tid": 6}, {"end_fid": 30, "subject_tid": 6, "predicate": "sit_above", "begin_fid": 0, "object_tid": 2}, {"end_fid": 30, "subject_tid": 6, "predicate": "sit_right", "begin_fid": 0, "object_tid": 2}, {"end_fid": 30, "subject_tid": 4, "predicate": "walk_right", "begin_fid": 0, "object_tid": 6}, {"end_fid": 30, "subject_tid": 4, "predicate": "walk_front", "begin_fid": 0, "object_tid": 6}, {"end_fid": 30, "subject_tid": 6, "predicate": "sit_behind", "begin_fid": 0, "object_tid": 4}, {"end_fid": 30, "subject_tid": 6, "predicate": "sit_left", "begin_fid": 0, "object_tid": 4}, {"end_fid": 285, "subject_tid": 0, "predicate": "walk_behind", "begin_fid": 255, "object_tid": 1}, {"end_fid": 285, "subject_tid": 0, "predicate": "walk_left", "begin_fid": 255, "object_tid": 1}, {"end_fid": 285, "subject_tid": 0, "predicate": "taller", "begin_fid": 255, "object_tid": 1}, {"end_fid": 285, "subject_tid": 0, "predicate": "larger", "begin_fid": 255, "object_tid": 1}, {"end_fid": 285, "subject_tid": 0, "predicate": "follow", "begin_fid": 255, "object_tid": 1}, {"end_fid": 285, "subject_tid": 1, "predicate": "walk_front", "begin_fid": 255, "object_tid": 0}, {"end_fid": 285, "subject_tid": 1, "predicate": "walk_right", "begin_fid": 255, "object_tid": 0}, {"end_fid": 285, "subject_tid": 0, "predicate": "walk_behind", "begin_fid": 255, "object_tid": 2}, {"end_fid": 285, "subject_tid": 0, "predicate": "walk_with", "begin_fid": 255, "object_tid": 2}, {"end_fid": 285, "subject_tid": 0, "predicate": "taller", "begin_fid": 255, "object_tid": 2}, {"end_fid": 285, "subject_tid": 0, "predicate": "larger", "begin_fid": 255, "object_tid": 2}, {"end_fid": 285, "subject_tid": 2, "predicate": "walk_with", "begin_fid": 255, "object_tid": 0}, {"end_fid": 285, "subject_tid": 2, "predicate": "walk_front", "begin_fid": 255, "object_tid": 0}, {"end_fid": 285, "subject_tid": 0, "predicate": "walk_beneath", "begin_fid": 255, "object_tid": 6}, {"end_fid": 285, "subject_tid": 0, "predicate": "taller", "begin_fid": 255, "object_tid": 6}, {"end_fid": 285, "subject_tid": 0, "predicate": "larger", "begin_fid": 255, "object_tid": 6}, {"end_fid": 285, "subject_tid": 6, "predicate": "sit_above", "begin_fid": 255, "object_tid": 0}, {"end_fid": 285, "subject_tid": 6, "predicate": "ride", "begin_fid": 255, "object_tid": 0}, {"end_fid": 285, "subject_tid": 1, "predicate": "walk_right", "begin_fid": 255, "object_tid": 2}, {"end_fid": 285, "subject_tid": 1, "predicate": "walk_with", "begin_fid": 255, "object_tid": 2}, {"end_fid": 285, "subject_tid": 2, "predicate": "walk_with", "begin_fid": 255, "object_tid": 1}, {"end_fid": 285, "subject_tid": 2, "predicate": "walk_left", "begin_fid": 255, "object_tid": 1}, {"end_fid": 285, "subject_tid": 1, "predicate": "walk_right", "begin_fid": 255, "object_tid": 6}, {"end_fid": 285, "subject_tid": 1, "predicate": "walk_front", "begin_fid": 255, "object_tid": 6}, {"end_fid": 285, "subject_tid": 6, "predicate": "sit_behind", "begin_fid": 255, "object_tid": 1}, {"end_fid": 285, "subject_tid": 6, "predicate": "sit_left", "begin_fid": 255, "object_tid": 1}, {"end_fid": 285, "subject_tid": 6, "predicate": "follow", "begin_fid": 255, "object_tid": 1}, {"end_fid": 285, "subject_tid": 2, "predicate": "walk_front", "begin_fid": 255, "object_tid": 6}, {"end_fid": 285, "subject_tid": 2, "predicate": "walk_beneath", "begin_fid": 255, "object_tid": 6}, {"end_fid": 285, "subject_tid": 6, "predicate": "above", "begin_fid": 255, "object_tid": 2}, {"end_fid": 285, "subject_tid": 6, "predicate": "behind", "begin_fid": 255, "object_tid": 2}, {"end_fid": 375, "subject_tid": 0, "predicate": "walk_past", "begin_fid": 345, "object_tid": 1}, {"end_fid": 375, "subject_tid": 0, "predicate": "walk_behind", "begin_fid": 345, "object_tid": 1}, {"end_fid": 375, "subject_tid": 0, "predicate": "taller", "begin_fid": 345, "object_tid": 1}, {"end_fid": 375, "subject_tid": 0, "predicate": "larger", "begin_fid": 345, "object_tid": 1}, {"end_fid": 375, "subject_tid": 1, "predicate": "walk_front", "begin_fid": 345, "object_tid": 0}], "height": 360}