{"width": 1280, "frame_count": 696, "video_id": "ILSVRC2015_train_00904001", "fps": 29, "trajectories": [[], [], [], [], [], [], [], [], [], [], [], [], [], [], [], [], [], [], [], [], [], [], [], [], [], [], [], [], [], [], [], [], [], [], [], [], [], [], [], [], [], [], [], [], [], [], [], [], [], [], [], [], [], [], [], [], [], [], [], [], [], [], [], [], [], [], [], [], [], [], [], [], [], [], [], [], [], [], [], [], [], [], [], [], [], [], [], [], [], [], [], [], [], [], [], [], [], [], [], [], [], [], [], [], [], [], [], [], [], [], [], [], [], [], [], [], [], [], [], [], [], [], [], [], [], [], [], [], [], [], [], [], [], [], [], [], [], [], [], [], [], [], [], [], [], [], [], [], [], [], [], [], [], [], [], [], [], [], [], [], [], [], [], [], [], [], [], [], [], [], [], [], [], [], [], [], [], [], [], [], [], [], [], [], [], [], [], [], [], [], [], [], [], [], [], [], [], [], [], [], [], [], [], [], [], [], [], [], [], [], [], [], [], [], [], [], [], [], [], [], [], [], [], [], [], [], [], [], [], [], [], [], [], [], [], [], [], [], [], [], [], [], [], [], [], [], [], [], [], [], [], [], [], [], [], [], [], [], [], [], [], [], [], [], [], [], [], [], [], [], [], [], [], [], [], [], [], [], [], [], [], [], [], [], [], [], [], [], [], [], [], [], [], [], [], [], [], [], [], [], [], [], [], [], [], [], [], [], [], [], [], [], [], [], [], [], [], [], [], [], [], [], [], [], [], [], [], [], [], [], [], [], [], [], [], [], [], [], [], [], [], [], [], [], [], [], [], [], [], [], [], [], [], [], [], [], [], [], [], [], [], [], [], [], [], [], [], [], [], [], [], [], [], [], [], [], [], [], [], [], [], [], [], [], [], [], [], [], [], [], [], [], [], [], [], [], [], [], [], [], [], [], [], [], [], [], [], [], [], [], [], [], [], [], [], [], [], [], [], [], [{"tid": 0, "generated": 0, "bbox": {"xmin": 0, "ymin": 307, "ymax": 712, "xmax": 1274}}, {"tid": 1, "generated": 0, "bbox": {"xmin": 1121, "ymin": 529, "ymax": 626, "xmax": 1277}}], [{"tid": 0, "generated": 0, "bbox": {"xmin": 0, "ymin": 311, "ymax": 712, "xmax": 1274}}, {"tid": 1, "generated": 0, "bbox": {"xmin": 1114, "ymin": 530, "ymax": 627, "xmax": 1276}}], [{"tid": 0, "generated": 0, "bbox": {"xmin": 0, "ymin": 316, "ymax": 712, "xmax": 1274}}, {"tid": 1, "generated": 0, "bbox": {"xmin": 1107, "ymin": 531, "ymax": 629, "xmax": 1276}}], [{"tid": 0, "generated": 0, "bbox": {"xmin": 0, "ymin": 325, "ymax": 711, "xmax": 1273}}, {"tid": 1, "generated": 0, "bbox": {"xmin": 1100, "ymin": 532, "ymax": 630, "xmax": 1276}}], [{"tid": 0, "generated": 0, "bbox": {"xmin": 0, "ymin": 334, "ymax": 711, "xmax": 1272}}, {"tid": 1, "generated": 0, "bbox": {"xmin": 1093, "ymin": 533, "ymax": 632, "xmax": 1276}}], [{"tid": 0, "generated": 0, "bbox": {"xmin": 0, "ymin": 343, "ymax": 711, "xmax": 1271}}, {"tid": 1, "generated": 0, "bbox": {"xmin": 1086, "ymin": 535, "ymax": 634, "xmax": 1276}}], [{"tid": 0, "generated": 0, "bbox": {"xmin": 0, "ymin": 340, "ymax": 711, "xmax": 1272}}, {"tid": 1, "generated": 0, "bbox": {"xmin": 1079, "ymin": 530, "ymax": 633, "xmax": 1275}}], [{"tid": 0, "generated": 0, "bbox": {"xmin": 0, "ymin": 337, "ymax": 711, "xmax": 1273}}, {"tid": 1, "generated": 0, "bbox": {"xmin": 1072, "ymin": 525, "ymax": 633, "xmax": 1275}}], [{"tid": 0, "generated": 0, "bbox": {"xmin": 0, "ymin": 335, "ymax": 711, "xmax": 1274}}, {"tid": 1, "generated": 0, "bbox": {"xmin": 1066, "ymin": 520, "ymax": 632, "xmax": 1275}}], [{"tid": 0, "generated": 0, "bbox": {"xmin": 0, "ymin": 332, "ymax": 711, "xmax": 1275}}, {"tid": 1, "generated": 0, "bbox": {"xmin": 1059, "ymin": 515, "ymax": 632, "xmax": 1275}}], [{"tid": 0, "generated": 0, "bbox": {"xmin": 0, "ymin": 330, "ymax": 711, "xmax": 1276}}, {"tid": 1, "generated": 0, "bbox": {"xmin": 1053, "ymin": 510, "ymax": 631, "xmax": 1275}}], [{"tid": 0, "generated": 0, "bbox": {"xmin": 0, "ymin": 327, "ymax": 711, "xmax": 1277}}, {"tid": 1, "generated": 0, "bbox": {"xmin": 1046, "ymin": 505, "ymax": 631, "xmax": 1274}}], [{"tid": 0, "generated": 0, "bbox": {"xmin": 0, "ymin": 325, "ymax": 711, "xmax": 1278}}, {"tid": 1, "generated": 0, "bbox": {"xmin": 1039, "ymin": 500, "ymax": 630, "xmax": 1274}}], [{"tid": 0, "generated": 0, "bbox": {"xmin": 0, "ymin": 323, "ymax": 711, "xmax": 1277}}, {"tid": 1, "generated": 0, "bbox": {"xmin": 1033, "ymin": 495, "ymax": 630, "xmax": 1274}}], [{"tid": 0, "generated": 0, "bbox": {"xmin": 0, "ymin": 321, "ymax": 711, "xmax": 1277}}, {"tid": 1, "generated": 0, "bbox": {"xmin": 1026, "ymin": 490, "ymax": 629, "xmax": 1274}}], [{"tid": 0, "generated": 0, "bbox": {"xmin": 0, "ymin": 319, "ymax": 711, "xmax": 1276}}, {"tid": 1, "generated": 0, "bbox": {"xmin": 1020, "ymin": 485, "ymax": 629, "xmax": 1274}}], [{"tid": 0, "generated": 0, "bbox": {"xmin": 0, "ymin": 317, "ymax": 711, "xmax": 1276}}, {"tid": 1, "generated": 0, "bbox": {"xmin": 1012, "ymin": 479, "ymax": 630, "xmax": 1274}}], [{"tid": 0, "generated": 0, "bbox": {"xmin": 0, "ymin": 315, "ymax": 711, "xmax": 1276}}, {"tid": 1, "generated": 0, "bbox": {"xmin": 1004, "ymin": 474, "ymax": 632, "xmax": 1274}}], [{"tid": 0, "generated": 0, "bbox": {"xmin": 0, "ymin": 313, "ymax": 711, "xmax": 1275}}, {"tid": 1, "generated": 0, "bbox": {"xmin": 997, "ymin": 469, "ymax": 634, "xmax": 1274}}], [{"tid": 0, "generated": 0, "bbox": {"xmin": 0, "ymin": 311, "ymax": 711, "xmax": 1275}}, {"tid": 1, "generated": 0, "bbox": {"xmin": 989, "ymin": 464, "ymax": 636, "xmax": 1274}}], [{"tid": 0, "generated": 0, "bbox": {"xmin": 0, "ymin": 309, "ymax": 711, "xmax": 1274}}, {"tid": 1, "generated": 0, "bbox": {"xmin": 982, "ymin": 459, "ymax": 638, "xmax": 1274}}], [{"tid": 0, "generated": 0, "bbox": {"xmin": 0, "ymin": 307, "ymax": 711, "xmax": 1274}}, {"tid": 1, "generated": 0, "bbox": {"xmin": 974, "ymin": 453, "ymax": 640, "xmax": 1274}}], [{"tid": 0, "generated": 0, "bbox": {"xmin": 0, "ymin": 305, "ymax": 711, "xmax": 1274}}, {"tid": 1, "generated": 0, "bbox": {"xmin": 966, "ymin": 448, "ymax": 642, "xmax": 1274}}], [{"tid": 0, "generated": 0, "bbox": {"xmin": 0, "ymin": 301, "ymax": 708, "xmax": 1275}}, {"tid": 1, "generated": 0, "bbox": {"xmin": 959, "ymin": 443, "ymax": 644, "xmax": 1274}}], [{"tid": 0, "generated": 0, "bbox": {"xmin": 0, "ymin": 298, "ymax": 705, "xmax": 1276}}, {"tid": 1, "generated": 0, "bbox": {"xmin": 951, "ymin": 438, "ymax": 646, "xmax": 1274}}], [{"tid": 0, "generated": 0, "bbox": {"xmin": 0, "ymin": 295, "ymax": 702, "xmax": 1278}}, {"tid": 1, "generated": 0, "bbox": {"xmin": 944, "ymin": 433, "ymax": 648, "xmax": 1274}}], [{"tid": 0, "generated": 0, "bbox": {"xmin": 0, "ymin": 292, "ymax": 700, "xmax": 1278}}, {"tid": 1, "generated": 0, "bbox": {"xmin": 939, "ymin": 430, "ymax": 650, "xmax": 1274}}], [{"tid": 0, "generated": 0, "bbox": {"xmin": 0, "ymin": 289, "ymax": 698, "xmax": 1278}}, {"tid": 1, "generated": 0, "bbox": {"xmin": 934, "ymin": 427, "ymax": 652, "xmax": 1274}}], [{"tid": 0, "generated": 0, "bbox": {"xmin": 0, "ymin": 286, "ymax": 697, "xmax": 1278}}, {"tid": 1, "generated": 0, "bbox": {"xmin": 929, "ymin": 425, "ymax": 655, "xmax": 1274}}], [{"tid": 0, "generated": 0, "bbox": {"xmin": 0, "ymin": 283, "ymax": 695, "xmax": 1278}}, {"tid": 1, "generated": 0, "bbox": {"xmin": 924, "ymin": 422, "ymax": 657, "xmax": 1274}}], [{"tid": 0, "generated": 0, "bbox": {"xmin": 0, "ymin": 280, "ymax": 694, "xmax": 1278}}, {"tid": 1, "generated": 0, "bbox": {"xmin": 920, "ymin": 420, "ymax": 660, "xmax": 1275}}], [{"tid": 0, "generated": 0, "bbox": {"xmin": 0, "ymin": 277, "ymax": 692, "xmax": 1278}}, {"tid": 1, "generated": 0, "bbox": {"xmin": 915, "ymin": 417, "ymax": 662, "xmax": 1275}}], [{"tid": 0, "generated": 0, "bbox": {"xmin": 0, "ymin": 275, "ymax": 691, "xmax": 1278}}, {"tid": 1, "generated": 0, "bbox": {"xmin": 910, "ymin": 414, "ymax": 664, "xmax": 1275}}], [{"tid": 0, "generated": 0, "bbox": {"xmin": 0, "ymin": 275, "ymax": 691, "xmax": 1277}}, {"tid": 1, "generated": 0, "bbox": {"xmin": 905, "ymin": 412, "ymax": 667, "xmax": 1275}}], [{"tid": 0, "generated": 0, "bbox": {"xmin": 0, "ymin": 275, "ymax": 692, "xmax": 1276}}, {"tid": 1, "generated": 0, "bbox": {"xmin": 900, "ymin": 409, "ymax": 669, "xmax": 1275}}], [{"tid": 0, "generated": 0, "bbox": {"xmin": 0, "ymin": 275, "ymax": 693, "xmax": 1275}}, {"tid": 1, "generated": 0, "bbox": {"xmin": 896, "ymin": 407, "ymax": 672, "xmax": 1276}}], [{"tid": 0, "generated": 0, "bbox": {"xmin": 0, "ymin": 275, "ymax": 694, "xmax": 1274}}, {"tid": 1, "generated": 0, "bbox": {"xmin": 886, "ymin": 403, "ymax": 674, "xmax": 1275}}], [{"tid": 0, "generated": 0, "bbox": {"xmin": 0, "ymin": 275, "ymax": 695, "xmax": 1274}}, {"tid": 1, "generated": 0, "bbox": {"xmin": 877, "ymin": 400, "ymax": 677, "xmax": 1275}}], [{"tid": 0, "generated": 0, "bbox": {"xmin": 0, "ymin": 276, "ymax": 696, "xmax": 1274}}, {"tid": 1, "generated": 0, "bbox": {"xmin": 868, "ymin": 397, "ymax": 680, "xmax": 1275}}], [{"tid": 0, "generated": 0, "bbox": {"xmin": 0, "ymin": 278, "ymax": 697, "xmax": 1275}}, {"tid": 1, "generated": 0, "bbox": {"xmin": 859, "ymin": 394, "ymax": 683, "xmax": 1275}}], [{"tid": 0, "generated": 0, "bbox": {"xmin": 0, "ymin": 280, "ymax": 698, "xmax": 1276}}, {"tid": 1, "generated": 0, "bbox": {"xmin": 849, "ymin": 391, "ymax": 685, "xmax": 1275}}], [{"tid": 0, "generated": 0, "bbox": {"xmin": 0, "ymin": 282, "ymax": 699, "xmax": 1277}}, {"tid": 1, "generated": 0, "bbox": {"xmin": 840, "ymin": 388, "ymax": 688, "xmax": 1275}}], [{"tid": 0, "generated": 0, "bbox": {"xmin": 0, "ymin": 284, "ymax": 700, "xmax": 1278}}, {"tid": 1, "generated": 0, "bbox": {"xmin": 831, "ymin": 384, "ymax": 691, "xmax": 1274}}], [{"tid": 0, "generated": 0, "bbox": {"xmin": 0, "ymin": 281, "ymax": 696, "xmax": 1275}}, {"tid": 1, "generated": 0, "bbox": {"xmin": 822, "ymin": 381, "ymax": 694, "xmax": 1274}}], [{"tid": 0, "generated": 0, "bbox": {"xmin": 0, "ymin": 279, "ymax": 692, "xmax": 1273}}, {"tid": 1, "generated": 0, "bbox": {"xmin": 812, "ymin": 378, "ymax": 696, "xmax": 1274}}], [{"tid": 0, "generated": 0, "bbox": {"xmin": 0, "ymin": 277, "ymax": 689, "xmax": 1271}}, {"tid": 1, "generated": 0, "bbox": {"xmin": 803, "ymin": 375, "ymax": 699, "xmax": 1274}}], [{"tid": 0, "generated": 0, "bbox": {"xmin": 0, "ymin": 275, "ymax": 687, "xmax": 1262}}, {"tid": 1, "generated": 0, "bbox": {"xmin": 794, "ymin": 372, "ymax": 702, "xmax": 1274}}], [{"tid": 0, "generated": 0, "bbox": {"xmin": 0, "ymin": 273, "ymax": 686, "xmax": 1253}}, {"tid": 1, "generated": 0, "bbox": {"xmin": 785, "ymin": 369, "ymax": 705, "xmax": 1274}}], [{"tid": 0, "generated": 0, "bbox": {"xmin": 0, "ymin": 271, "ymax": 685, "xmax": 1244}}, {"tid": 1, "generated": 0, "bbox": {"xmin": 775, "ymin": 367, "ymax": 704, "xmax": 1274}}], [{"tid": 0, "generated": 0, "bbox": {"xmin": 0, "ymin": 269, "ymax": 683, "xmax": 1236}}, {"tid": 1, "generated": 0, "bbox": {"xmin": 766, "ymin": 366, "ymax": 703, "xmax": 1275}}], [{"tid": 0, "generated": 0, "bbox": {"xmin": 0, "ymin": 267, "ymax": 682, "xmax": 1227}}, {"tid": 1, "generated": 0, "bbox": {"xmin": 757, "ymin": 365, "ymax": 703, "xmax": 1275}}], [{"tid": 0, "generated": 0, "bbox": {"xmin": 0, "ymin": 265, "ymax": 681, "xmax": 1218}}, {"tid": 1, "generated": 0, "bbox": {"xmin": 748, "ymin": 364, "ymax": 702, "xmax": 1276}}], [{"tid": 0, "generated": 0, "bbox": {"xmin": 0, "ymin": 264, "ymax": 680, "xmax": 1210}}, {"tid": 1, "generated": 0, "bbox": {"xmin": 739, "ymin": 363, "ymax": 701, "xmax": 1276}}], [{"tid": 0, "generated": 0, "bbox": {"xmin": 0, "ymin": 264, "ymax": 680, "xmax": 1203}}, {"tid": 1, "generated": 0, "bbox": {"xmin": 730, "ymin": 362, "ymax": 701, "xmax": 1277}}], [{"tid": 0, "generated": 0, "bbox": {"xmin": 0, "ymin": 264, "ymax": 680, "xmax": 1196}}, {"tid": 1, "generated": 0, "bbox": {"xmin": 721, "ymin": 361, "ymax": 700, "xmax": 1277}}], [{"tid": 0, "generated": 0, "bbox": {"xmin": 0, "ymin": 264, "ymax": 680, "xmax": 1189}}, {"tid": 1, "generated": 0, "bbox": {"xmin": 712, "ymin": 360, "ymax": 700, "xmax": 1278}}], [{"tid": 0, "generated": 0, "bbox": {"xmin": 0, "ymin": 264, "ymax": 680, "xmax": 1183}}, {"tid": 1, "generated": 0, "bbox": {"xmin": 707, "ymin": 358, "ymax": 699, "xmax": 1277}}], [{"tid": 0, "generated": 0, "bbox": {"xmin": 0, "ymin": 265, "ymax": 681, "xmax": 1176}}, {"tid": 1, "generated": 0, "bbox": {"xmin": 703, "ymin": 357, "ymax": 698, "xmax": 1277}}], [{"tid": 0, "generated": 0, "bbox": {"xmin": 0, "ymin": 265, "ymax": 681, "xmax": 1169}}, {"tid": 1, "generated": 0, "bbox": {"xmin": 699, "ymin": 356, "ymax": 697, "xmax": 1277}}], [{"tid": 0, "generated": 0, "bbox": {"xmin": 0, "ymin": 265, "ymax": 681, "xmax": 1163}}, {"tid": 1, "generated": 0, "bbox": {"xmin": 695, "ymin": 355, "ymax": 696, "xmax": 1277}}], [{"tid": 0, "generated": 0, "bbox": {"xmin": 0, "ymin": 265, "ymax": 681, "xmax": 1156}}, {"tid": 1, "generated": 0, "bbox": {"xmin": 690, "ymin": 354, "ymax": 695, "xmax": 1277}}], [{"tid": 0, "generated": 0, "bbox": {"xmin": 0, "ymin": 265, "ymax": 681, "xmax": 1149}}, {"tid": 1, "generated": 0, "bbox": {"xmin": 686, "ymin": 352, "ymax": 694, "xmax": 1277}}], [{"tid": 0, "generated": 0, "bbox": {"xmin": 0, "ymin": 266, "ymax": 682, "xmax": 1143}}, {"tid": 1, "generated": 0, "bbox": {"xmin": 682, "ymin": 351, "ymax": 693, "xmax": 1277}}], [{"tid": 0, "generated": 0, "bbox": {"xmin": 0, "ymin": 263, "ymax": 679, "xmax": 1138}}, {"tid": 1, "generated": 0, "bbox": {"xmin": 678, "ymin": 350, "ymax": 692, "xmax": 1277}}], [{"tid": 0, "generated": 0, "bbox": {"xmin": 0, "ymin": 261, "ymax": 677, "xmax": 1134}}, {"tid": 1, "generated": 0, "bbox": {"xmin": 673, "ymin": 349, "ymax": 691, "xmax": 1277}}], [{"tid": 0, "generated": 0, "bbox": {"xmin": 0, "ymin": 259, "ymax": 675, "xmax": 1130}}, {"tid": 1, "generated": 0, "bbox": {"xmin": 669, "ymin": 348, "ymax": 691, "xmax": 1277}}], [{"tid": 0, "generated": 0, "bbox": {"xmin": 0, "ymin": 257, "ymax": 673, "xmax": 1125}}, {"tid": 1, "generated": 0, "bbox": {"xmin": 665, "ymin": 346, "ymax": 690, "xmax": 1276}}], [{"tid": 0, "generated": 0, "bbox": {"xmin": 0, "ymin": 255, "ymax": 671, "xmax": 1121}}, {"tid": 1, "generated": 0, "bbox": {"xmin": 661, "ymin": 345, "ymax": 689, "xmax": 1276}}], [{"tid": 0, "generated": 0, "bbox": {"xmin": 0, "ymin": 253, "ymax": 669, "xmax": 1117}}, {"tid": 1, "generated": 0, "bbox": {"xmin": 656, "ymin": 344, "ymax": 688, "xmax": 1276}}], [{"tid": 0, "generated": 0, "bbox": {"xmin": 0, "ymin": 251, "ymax": 667, "xmax": 1112}}, {"tid": 1, "generated": 0, "bbox": {"xmin": 652, "ymin": 343, "ymax": 687, "xmax": 1276}}], [{"tid": 0, "generated": 0, "bbox": {"xmin": 0, "ymin": 249, "ymax": 665, "xmax": 1108}}, {"tid": 1, "generated": 0, "bbox": {"xmin": 648, "ymin": 342, "ymax": 686, "xmax": 1276}}], [{"tid": 0, "generated": 0, "bbox": {"xmin": 0, "ymin": 247, "ymax": 663, "xmax": 1104}}, {"tid": 1, "generated": 0, "bbox": {"xmin": 644, "ymin": 340, "ymax": 685, "xmax": 1276}}], [{"tid": 0, "generated": 0, "bbox": {"xmin": 0, "ymin": 245, "ymax": 661, "xmax": 1100}}, {"tid": 1, "generated": 0, "bbox": {"xmin": 639, "ymin": 339, "ymax": 684, "xmax": 1276}}], [{"tid": 0, "generated": 0, "bbox": {"xmin": 0, "ymin": 244, "ymax": 660, "xmax": 1096}}, {"tid": 1, "generated": 0, "bbox": {"xmin": 635, "ymin": 338, "ymax": 683, "xmax": 1276}}], [{"tid": 0, "generated": 0, "bbox": {"xmin": 0, "ymin": 244, "ymax": 660, "xmax": 1093}}, {"tid": 1, "generated": 0, "bbox": {"xmin": 631, "ymin": 337, "ymax": 682, "xmax": 1276}}], [{"tid": 0, "generated": 0, "bbox": {"xmin": 0, "ymin": 244, "ymax": 660, "xmax": 1090}}, {"tid": 1, "generated": 0, "bbox": {"xmin": 627, "ymin": 336, "ymax": 682, "xmax": 1276}}], [{"tid": 0, "generated": 0, "bbox": {"xmin": 0, "ymin": 244, "ymax": 660, "xmax": 1087}}, {"tid": 1, "generated": 0, "bbox": {"xmin": 623, "ymin": 334, "ymax": 681, "xmax": 1276}}], [{"tid": 0, "generated": 0, "bbox": {"xmin": 0, "ymin": 244, "ymax": 660, "xmax": 1084}}, {"tid": 1, "generated": 0, "bbox": {"xmin": 619, "ymin": 333, "ymax": 681, "xmax": 1276}}], [{"tid": 0, "generated": 0, "bbox": {"xmin": 0, "ymin": 243, "ymax": 659, "xmax": 1080}}, {"tid": 1, "generated": 0, "bbox": {"xmin": 616, "ymin": 332, "ymax": 681, "xmax": 1276}}], [{"tid": 0, "generated": 0, "bbox": {"xmin": 0, "ymin": 243, "ymax": 659, "xmax": 1077}}, {"tid": 1, "generated": 0, "bbox": {"xmin": 612, "ymin": 330, "ymax": 681, "xmax": 1276}}], [{"tid": 0, "generated": 0, "bbox": {"xmin": 0, "ymin": 243, "ymax": 659, "xmax": 1074}}, {"tid": 1, "generated": 0, "bbox": {"xmin": 608, "ymin": 329, "ymax": 681, "xmax": 1276}}], [{"tid": 0, "generated": 0, "bbox": {"xmin": 0, "ymin": 243, "ymax": 659, "xmax": 1071}}, {"tid": 1, "generated": 0, "bbox": {"xmin": 605, "ymin": 328, "ymax": 681, "xmax": 1277}}], [{"tid": 0, "generated": 0, "bbox": {"xmin": 0, "ymin": 243, "ymax": 659, "xmax": 1068}}, {"tid": 1, "generated": 0, "bbox": {"xmin": 601, "ymin": 326, "ymax": 680, "xmax": 1277}}], [{"tid": 0, "generated": 0, "bbox": {"xmin": 0, "ymin": 243, "ymax": 659, "xmax": 1060}}, {"tid": 1, "generated": 0, "bbox": {"xmin": 597, "ymin": 325, "ymax": 680, "xmax": 1277}}], [{"tid": 0, "generated": 0, "bbox": {"xmin": 0, "ymin": 243, "ymax": 659, "xmax": 1053}}, {"tid": 1, "generated": 0, "bbox": {"xmin": 594, "ymin": 324, "ymax": 680, "xmax": 1277}}], [{"tid": 0, "generated": 0, "bbox": {"xmin": 0, "ymin": 243, "ymax": 659, "xmax": 1046}}, {"tid": 1, "generated": 0, "bbox": {"xmin": 590, "ymin": 322, "ymax": 680, "xmax": 1277}}], [{"tid": 0, "generated": 0, "bbox": {"xmin": 0, "ymin": 243, "ymax": 659, "xmax": 1038}}, {"tid": 1, "generated": 0, "bbox": {"xmin": 586, "ymin": 321, "ymax": 680, "xmax": 1277}}], [{"tid": 0, "generated": 0, "bbox": {"xmin": 0, "ymin": 243, "ymax": 659, "xmax": 1031}}, {"tid": 1, "generated": 0, "bbox": {"xmin": 583, "ymin": 320, "ymax": 680, "xmax": 1278}}], [{"tid": 0, "generated": 0, "bbox": {"xmin": 0, "ymin": 243, "ymax": 659, "xmax": 1024}}, {"tid": 1, "generated": 0, "bbox": {"xmin": 572, "ymin": 322, "ymax": 681, "xmax": 1278}}], [{"tid": 0, "generated": 0, "bbox": {"xmin": 0, "ymin": 243, "ymax": 659, "xmax": 1016}}, {"tid": 1, "generated": 0, "bbox": {"xmin": 562, "ymin": 324, "ymax": 682, "xmax": 1278}}], [{"tid": 0, "generated": 0, "bbox": {"xmin": 0, "ymin": 243, "ymax": 659, "xmax": 1009}}, {"tid": 1, "generated": 0, "bbox": {"xmin": 551, "ymin": 326, "ymax": 683, "xmax": 1278}}], [{"tid": 0, "generated": 0, "bbox": {"xmin": 0, "ymin": 243, "ymax": 659, "xmax": 1002}}, {"tid": 1, "generated": 0, "bbox": {"xmin": 541, "ymin": 328, "ymax": 684, "xmax": 1278}}], [{"tid": 0, "generated": 0, "bbox": {"xmin": 0, "ymin": 243, "ymax": 659, "xmax": 995}}, {"tid": 1, "generated": 0, "bbox": {"xmin": 530, "ymin": 330, "ymax": 685, "xmax": 1278}}], [{"tid": 0, "generated": 0, "bbox": {"xmin": 0, "ymin": 246, "ymax": 662, "xmax": 982}}, {"tid": 1, "generated": 0, "bbox": {"xmin": 520, "ymin": 332, "ymax": 686, "xmax": 1278}}], [{"tid": 0, "generated": 0, "bbox": {"xmin": 0, "ymin": 249, "ymax": 665, "xmax": 969}}, {"tid": 1, "generated": 0, "bbox": {"xmin": 509, "ymin": 334, "ymax": 687, "xmax": 1278}}], [{"tid": 0, "generated": 0, "bbox": {"xmin": 0, "ymin": 252, "ymax": 668, "xmax": 956}}, {"tid": 1, "generated": 0, "bbox": {"xmin": 499, "ymin": 336, "ymax": 688, "xmax": 1278}}], [{"tid": 0, "generated": 0, "bbox": {"xmin": 0, "ymin": 252, "ymax": 668, "xmax": 953}}, {"tid": 1, "generated": 0, "bbox": {"xmin": 488, "ymin": 338, "ymax": 689, "xmax": 1278}}], [{"tid": 0, "generated": 0, "bbox": {"xmin": 0, "ymin": 252, "ymax": 668, "xmax": 950}}, {"tid": 1, "generated": 0, "bbox": {"xmin": 478, "ymin": 341, "ymax": 691, "xmax": 1278}}], [{"tid": 0, "generated": 0, "bbox": {"xmin": 0, "ymin": 252, "ymax": 668, "xmax": 948}}, {"tid": 1, "generated": 0, "bbox": {"xmin": 476, "ymin": 340, "ymax": 689, "xmax": 1277}}], [{"tid": 0, "generated": 0, "bbox": {"xmin": 0, "ymin": 252, "ymax": 668, "xmax": 945}}, {"tid": 1, "generated": 0, "bbox": {"xmin": 475, "ymin": 339, "ymax": 688, "xmax": 1277}}], [{"tid": 0, "generated": 0, "bbox": {"xmin": 0, "ymin": 252, "ymax": 668, "xmax": 943}}, {"tid": 1, "generated": 0, "bbox": {"xmin": 473, "ymin": 339, "ymax": 686, "xmax": 1277}}], [{"tid": 0, "generated": 0, "bbox": {"xmin": 0, "ymin": 252, "ymax": 668, "xmax": 940}}, {"tid": 1, "generated": 0, "bbox": {"xmin": 472, "ymin": 338, "ymax": 685, "xmax": 1277}}], [{"tid": 0, "generated": 0, "bbox": {"xmin": 0, "ymin": 252, "ymax": 668, "xmax": 938}}, {"tid": 1, "generated": 0, "bbox": {"xmin": 471, "ymin": 337, "ymax": 684, "xmax": 1276}}], [{"tid": 0, "generated": 0, "bbox": {"xmin": 0, "ymin": 250, "ymax": 666, "xmax": 934}}, {"tid": 1, "generated": 0, "bbox": {"xmin": 469, "ymin": 337, "ymax": 682, "xmax": 1276}}], [{"tid": 0, "generated": 0, "bbox": {"xmin": 0, "ymin": 249, "ymax": 665, "xmax": 931}}, {"tid": 1, "generated": 0, "bbox": {"xmin": 468, "ymin": 336, "ymax": 681, "xmax": 1276}}], [{"tid": 0, "generated": 0, "bbox": {"xmin": 0, "ymin": 248, "ymax": 664, "xmax": 928}}, {"tid": 1, "generated": 0, "bbox": {"xmin": 467, "ymin": 336, "ymax": 680, "xmax": 1276}}], [{"tid": 0, "generated": 0, "bbox": {"xmin": 0, "ymin": 248, "ymax": 664, "xmax": 924}}, {"tid": 1, "generated": 0, "bbox": {"xmin": 460, "ymin": 332, "ymax": 677, "xmax": 1276}}], [{"tid": 0, "generated": 0, "bbox": {"xmin": 0, "ymin": 248, "ymax": 664, "xmax": 920}}, {"tid": 1, "generated": 0, "bbox": {"xmin": 453, "ymin": 328, "ymax": 675, "xmax": 1276}}], [{"tid": 0, "generated": 0, "bbox": {"xmin": 0, "ymin": 248, "ymax": 664, "xmax": 916}}, {"tid": 1, "generated": 0, "bbox": {"xmin": 442, "ymin": 329, "ymax": 677, "xmax": 1275}}], [{"tid": 0, "generated": 0, "bbox": {"xmin": 0, "ymin": 248, "ymax": 664, "xmax": 912}}, {"tid": 1, "generated": 0, "bbox": {"xmin": 432, "ymin": 330, "ymax": 680, "xmax": 1275}}], [{"tid": 0, "generated": 0, "bbox": {"xmin": 0, "ymin": 248, "ymax": 664, "xmax": 908}}, {"tid": 1, "generated": 0, "bbox": {"xmin": 422, "ymin": 332, "ymax": 682, "xmax": 1274}}], [{"tid": 0, "generated": 0, "bbox": {"xmin": 0, "ymin": 248, "ymax": 664, "xmax": 904}}, {"tid": 1, "generated": 0, "bbox": {"xmin": 412, "ymin": 333, "ymax": 685, "xmax": 1274}}], [{"tid": 0, "generated": 0, "bbox": {"xmin": 0, "ymin": 248, "ymax": 664, "xmax": 901}}, {"tid": 1, "generated": 0, "bbox": {"xmin": 401, "ymin": 334, "ymax": 688, "xmax": 1273}}], [{"tid": 0, "generated": 0, "bbox": {"xmin": 0, "ymin": 253, "ymax": 669, "xmax": 878}}, {"tid": 1, "generated": 0, "bbox": {"xmin": 391, "ymin": 336, "ymax": 690, "xmax": 1273}}], [{"tid": 0, "generated": 0, "bbox": {"xmin": 0, "ymin": 258, "ymax": 674, "xmax": 855}}, {"tid": 1, "generated": 0, "bbox": {"xmin": 381, "ymin": 337, "ymax": 693, "xmax": 1272}}], [{"tid": 0, "generated": 0, "bbox": {"xmin": 0, "ymin": 263, "ymax": 679, "xmax": 833}}, {"tid": 1, "generated": 0, "bbox": {"xmin": 371, "ymin": 339, "ymax": 696, "xmax": 1272}}], [{"tid": 0, "generated": 0, "bbox": {"xmin": 0, "ymin": 262, "ymax": 678, "xmax": 831}}, {"tid": 1, "generated": 0, "bbox": {"xmin": 368, "ymin": 339, "ymax": 696, "xmax": 1272}}], [{"tid": 0, "generated": 0, "bbox": {"xmin": 0, "ymin": 261, "ymax": 677, "xmax": 830}}, {"tid": 1, "generated": 0, "bbox": {"xmin": 366, "ymin": 339, "ymax": 697, "xmax": 1272}}], [{"tid": 0, "generated": 0, "bbox": {"xmin": 0, "ymin": 261, "ymax": 677, "xmax": 828}}, {"tid": 1, "generated": 0, "bbox": {"xmin": 363, "ymin": 340, "ymax": 698, "xmax": 1273}}], [{"tid": 0, "generated": 0, "bbox": {"xmin": 0, "ymin": 260, "ymax": 676, "xmax": 827}}, {"tid": 1, "generated": 0, "bbox": {"xmin": 361, "ymin": 340, "ymax": 699, "xmax": 1273}}], [{"tid": 0, "generated": 0, "bbox": {"xmin": 0, "ymin": 260, "ymax": 676, "xmax": 825}}, {"tid": 1, "generated": 0, "bbox": {"xmin": 358, "ymin": 341, "ymax": 700, "xmax": 1273}}], [{"tid": 0, "generated": 0, "bbox": {"xmin": 0, "ymin": 259, "ymax": 675, "xmax": 824}}, {"tid": 1, "generated": 0, "bbox": {"xmin": 356, "ymin": 341, "ymax": 701, "xmax": 1274}}], [{"tid": 0, "generated": 0, "bbox": {"xmin": 0, "ymin": 259, "ymax": 675, "xmax": 823}}, {"tid": 1, "generated": 0, "bbox": {"xmin": 353, "ymin": 341, "ymax": 702, "xmax": 1274}}], [{"tid": 0, "generated": 0, "bbox": {"xmin": 0, "ymin": 260, "ymax": 676, "xmax": 820}}, {"tid": 1, "generated": 0, "bbox": {"xmin": 351, "ymin": 342, "ymax": 703, "xmax": 1274}}], [{"tid": 0, "generated": 0, "bbox": {"xmin": 0, "ymin": 261, "ymax": 677, "xmax": 817}}, {"tid": 1, "generated": 0, "bbox": {"xmin": 348, "ymin": 342, "ymax": 704, "xmax": 1275}}], [{"tid": 0, "generated": 0, "bbox": {"xmin": 0, "ymin": 262, "ymax": 678, "xmax": 814}}, {"tid": 1, "generated": 0, "bbox": {"xmin": 346, "ymin": 343, "ymax": 705, "xmax": 1275}}], [{"tid": 0, "generated": 0, "bbox": {"xmin": 0, "ymin": 264, "ymax": 680, "xmax": 811}}, {"tid": 1, "generated": 0, "bbox": {"xmin": 343, "ymin": 343, "ymax": 706, "xmax": 1275}}], [{"tid": 0, "generated": 0, "bbox": {"xmin": 0, "ymin": 265, "ymax": 681, "xmax": 808}}, {"tid": 1, "generated": 0, "bbox": {"xmin": 341, "ymin": 344, "ymax": 707, "xmax": 1276}}], [{"tid": 0, "generated": 0, "bbox": {"xmin": 0, "ymin": 266, "ymax": 682, "xmax": 805}}, {"tid": 1, "generated": 0, "bbox": {"xmin": 336, "ymin": 344, "ymax": 707, "xmax": 1276}}], [{"tid": 0, "generated": 0, "bbox": {"xmin": 0, "ymin": 268, "ymax": 684, "xmax": 802}}, {"tid": 1, "generated": 0, "bbox": {"xmin": 331, "ymin": 344, "ymax": 708, "xmax": 1276}}], [{"tid": 0, "generated": 0, "bbox": {"xmin": 0, "ymin": 269, "ymax": 685, "xmax": 799}}, {"tid": 1, "generated": 0, "bbox": {"xmin": 327, "ymin": 345, "ymax": 709, "xmax": 1276}}], [{"tid": 0, "generated": 0, "bbox": {"xmin": 0, "ymin": 270, "ymax": 686, "xmax": 796}}, {"tid": 1, "generated": 0, "bbox": {"xmin": 322, "ymin": 345, "ymax": 710, "xmax": 1276}}], [{"tid": 0, "generated": 0, "bbox": {"xmin": 0, "ymin": 272, "ymax": 688, "xmax": 794}}, {"tid": 1, "generated": 0, "bbox": {"xmin": 318, "ymin": 346, "ymax": 711, "xmax": 1277}}], [{"tid": 0, "generated": 0, "bbox": {"xmin": 0, "ymin": 270, "ymax": 687, "xmax": 786}}, {"tid": 1, "generated": 0, "bbox": {"xmin": 313, "ymin": 346, "ymax": 712, "xmax": 1277}}], [{"tid": 0, "generated": 0, "bbox": {"xmin": 0, "ymin": 269, "ymax": 686, "xmax": 779}}, {"tid": 1, "generated": 0, "bbox": {"xmin": 308, "ymin": 346, "ymax": 713, "xmax": 1277}}], [{"tid": 0, "generated": 0, "bbox": {"xmin": 0, "ymin": 268, "ymax": 686, "xmax": 771}}, {"tid": 1, "generated": 0, "bbox": {"xmin": 304, "ymin": 347, "ymax": 714, "xmax": 1277}}], [{"tid": 0, "generated": 0, "bbox": {"xmin": 0, "ymin": 266, "ymax": 685, "xmax": 764}}, {"tid": 1, "generated": 0, "bbox": {"xmin": 299, "ymin": 347, "ymax": 715, "xmax": 1277}}], [{"tid": 0, "generated": 0, "bbox": {"xmin": 0, "ymin": 265, "ymax": 685, "xmax": 757}}, {"tid": 1, "generated": 0, "bbox": {"xmin": 295, "ymin": 348, "ymax": 716, "xmax": 1278}}], [{"tid": 0, "generated": 0, "bbox": {"xmin": 0, "ymin": 264, "ymax": 684, "xmax": 749}}, {"tid": 1, "generated": 0, "bbox": {"xmin": 288, "ymin": 345, "ymax": 715, "xmax": 1277}}], [{"tid": 0, "generated": 0, "bbox": {"xmin": 0, "ymin": 262, "ymax": 683, "xmax": 742}}, {"tid": 1, "generated": 0, "bbox": {"xmin": 282, "ymin": 342, "ymax": 715, "xmax": 1277}}], [{"tid": 0, "generated": 0, "bbox": {"xmin": 0, "ymin": 261, "ymax": 683, "xmax": 734}}, {"tid": 1, "generated": 0, "bbox": {"xmin": 275, "ymin": 339, "ymax": 714, "xmax": 1277}}], [{"tid": 0, "generated": 0, "bbox": {"xmin": 0, "ymin": 260, "ymax": 682, "xmax": 727}}, {"tid": 1, "generated": 0, "bbox": {"xmin": 269, "ymin": 336, "ymax": 714, "xmax": 1277}}], [{"tid": 0, "generated": 0, "bbox": {"xmin": 0, "ymin": 259, "ymax": 682, "xmax": 720}}, {"tid": 1, "generated": 0, "bbox": {"xmin": 263, "ymin": 333, "ymax": 713, "xmax": 1277}}], [{"tid": 0, "generated": 0, "bbox": {"xmin": 0, "ymin": 256, "ymax": 679, "xmax": 715}}, {"tid": 1, "generated": 0, "bbox": {"xmin": 256, "ymin": 330, "ymax": 713, "xmax": 1276}}], [{"tid": 0, "generated": 0, "bbox": {"xmin": 0, "ymin": 254, "ymax": 677, "xmax": 710}}, {"tid": 1, "generated": 0, "bbox": {"xmin": 250, "ymin": 327, "ymax": 712, "xmax": 1276}}], [{"tid": 0, "generated": 0, "bbox": {"xmin": 0, "ymin": 252, "ymax": 675, "xmax": 705}}, {"tid": 1, "generated": 0, "bbox": {"xmin": 243, "ymin": 324, "ymax": 712, "xmax": 1276}}], [{"tid": 0, "generated": 0, "bbox": {"xmin": 0, "ymin": 248, "ymax": 671, "xmax": 700}}, {"tid": 1, "generated": 0, "bbox": {"xmin": 237, "ymin": 321, "ymax": 711, "xmax": 1276}}], [{"tid": 0, "generated": 0, "bbox": {"xmin": 0, "ymin": 244, "ymax": 667, "xmax": 695}}, {"tid": 1, "generated": 0, "bbox": {"xmin": 231, "ymin": 318, "ymax": 711, "xmax": 1276}}], [{"tid": 0, "generated": 0, "bbox": {"xmin": 0, "ymin": 240, "ymax": 663, "xmax": 690}}, {"tid": 1, "generated": 0, "bbox": {"xmin": 225, "ymin": 314, "ymax": 709, "xmax": 1275}}], [{"tid": 0, "generated": 0, "bbox": {"xmin": 0, "ymin": 236, "ymax": 659, "xmax": 686}}, {"tid": 1, "generated": 0, "bbox": {"xmin": 220, "ymin": 311, "ymax": 707, "xmax": 1275}}], [{"tid": 0, "generated": 0, "bbox": {"xmin": 0, "ymin": 232, "ymax": 655, "xmax": 681}}, {"tid": 1, "generated": 0, "bbox": {"xmin": 215, "ymin": 308, "ymax": 705, "xmax": 1274}}], [{"tid": 0, "generated": 0, "bbox": {"xmin": 0, "ymin": 228, "ymax": 651, "xmax": 676}}, {"tid": 1, "generated": 0, "bbox": {"xmin": 210, "ymin": 305, "ymax": 703, "xmax": 1274}}], [{"tid": 0, "generated": 0, "bbox": {"xmin": 0, "ymin": 224, "ymax": 647, "xmax": 672}}, {"tid": 1, "generated": 0, "bbox": {"xmin": 205, "ymin": 302, "ymax": 701, "xmax": 1273}}], [{"tid": 0, "generated": 0, "bbox": {"xmin": 0, "ymin": 220, "ymax": 643, "xmax": 663}}, {"tid": 1, "generated": 0, "bbox": {"xmin": 200, "ymin": 299, "ymax": 699, "xmax": 1273}}], [{"tid": 0, "generated": 0, "bbox": {"xmin": 0, "ymin": 216, "ymax": 639, "xmax": 654}}, {"tid": 1, "generated": 0, "bbox": {"xmin": 195, "ymin": 296, "ymax": 697, "xmax": 1272}}], [{"tid": 0, "generated": 0, "bbox": {"xmin": 0, "ymin": 213, "ymax": 635, "xmax": 646}}, {"tid": 1, "generated": 0, "bbox": {"xmin": 190, "ymin": 293, "ymax": 695, "xmax": 1272}}], [{"tid": 0, "generated": 0, "bbox": {"xmin": 0, "ymin": 209, "ymax": 631, "xmax": 637}}, {"tid": 1, "generated": 0, "bbox": {"xmin": 181, "ymin": 285, "ymax": 693, "xmax": 1272}}], [{"tid": 0, "generated": 0, "bbox": {"xmin": 0, "ymin": 206, "ymax": 627, "xmax": 629}}, {"tid": 1, "generated": 0, "bbox": {"xmin": 173, "ymin": 277, "ymax": 692, "xmax": 1272}}], [{"tid": 0, "generated": 0, "bbox": {"xmin": 0, "ymin": 202, "ymax": 623, "xmax": 620}}, {"tid": 1, "generated": 0, "bbox": {"xmin": 165, "ymin": 269, "ymax": 691, "xmax": 1273}}], [{"tid": 0, "generated": 0, "bbox": {"xmin": 0, "ymin": 198, "ymax": 619, "xmax": 611}}, {"tid": 1, "generated": 0, "bbox": {"xmin": 157, "ymin": 261, "ymax": 690, "xmax": 1273}}], [{"tid": 0, "generated": 0, "bbox": {"xmin": 0, "ymin": 195, "ymax": 615, "xmax": 603}}, {"tid": 1, "generated": 0, "bbox": {"xmin": 149, "ymin": 253, "ymax": 689, "xmax": 1274}}], [{"tid": 0, "generated": 0, "bbox": {"xmin": 0, "ymin": 191, "ymax": 611, "xmax": 594}}, {"tid": 1, "generated": 0, "bbox": {"xmin": 140, "ymin": 245, "ymax": 688, "xmax": 1274}}], [{"tid": 0, "generated": 0, "bbox": {"xmin": 0, "ymin": 188, "ymax": 608, "xmax": 586}}, {"tid": 1, "generated": 0, "bbox": {"xmin": 132, "ymin": 237, "ymax": 687, "xmax": 1274}}], [{"tid": 0, "generated": 0, "bbox": {"xmin": 0, "ymin": 185, "ymax": 605, "xmax": 581}}, {"tid": 1, "generated": 0, "bbox": {"xmin": 124, "ymin": 229, "ymax": 686, "xmax": 1275}}], [{"tid": 0, "generated": 0, "bbox": {"xmin": 0, "ymin": 182, "ymax": 602, "xmax": 576}}, {"tid": 1, "generated": 0, "bbox": {"xmin": 116, "ymin": 221, "ymax": 685, "xmax": 1275}}], [{"tid": 0, "generated": 0, "bbox": {"xmin": 0, "ymin": 179, "ymax": 599, "xmax": 572}}, {"tid": 1, "generated": 0, "bbox": {"xmin": 108, "ymin": 213, "ymax": 684, "xmax": 1276}}], [{"tid": 0, "generated": 0, "bbox": {"xmin": 0, "ymin": 180, "ymax": 600, "xmax": 568}}, {"tid": 1, "generated": 0, "bbox": {"xmin": 104, "ymin": 213, "ymax": 685, "xmax": 1275}}], [{"tid": 0, "generated": 0, "bbox": {"xmin": 0, "ymin": 182, "ymax": 602, "xmax": 564}}, {"tid": 1, "generated": 0, "bbox": {"xmin": 100, "ymin": 213, "ymax": 687, "xmax": 1275}}], [{"tid": 0, "generated": 0, "bbox": {"xmin": 0, "ymin": 184, "ymax": 604, "xmax": 561}}, {"tid": 1, "generated": 0, "bbox": {"xmin": 97, "ymin": 213, "ymax": 688, "xmax": 1275}}], [{"tid": 0, "generated": 0, "bbox": {"xmin": 0, "ymin": 186, "ymax": 605, "xmax": 557}}, {"tid": 1, "generated": 0, "bbox": {"xmin": 93, "ymin": 213, "ymax": 690, "xmax": 1275}}], [{"tid": 0, "generated": 0, "bbox": {"xmin": 0, "ymin": 188, "ymax": 607, "xmax": 554}}, {"tid": 1, "generated": 0, "bbox": {"xmin": 90, "ymin": 213, "ymax": 692, "xmax": 1275}}], [{"tid": 0, "generated": 0, "bbox": {"xmin": 0, "ymin": 190, "ymax": 609, "xmax": 550}}, {"tid": 1, "generated": 0, "bbox": {"xmin": 86, "ymin": 213, "ymax": 693, "xmax": 1274}}], [{"tid": 0, "generated": 0, "bbox": {"xmin": 0, "ymin": 192, "ymax": 611, "xmax": 547}}, {"tid": 1, "generated": 0, "bbox": {"xmin": 82, "ymin": 213, "ymax": 695, "xmax": 1274}}], [{"tid": 0, "generated": 0, "bbox": {"xmin": 0, "ymin": 192, "ymax": 611, "xmax": 542}}, {"tid": 1, "generated": 0, "bbox": {"xmin": 79, "ymin": 213, "ymax": 696, "xmax": 1274}}], [{"tid": 0, "generated": 0, "bbox": {"xmin": 0, "ymin": 193, "ymax": 612, "xmax": 537}}, {"tid": 1, "generated": 0, "bbox": {"xmin": 75, "ymin": 213, "ymax": 698, "xmax": 1274}}], [{"tid": 0, "generated": 0, "bbox": {"xmin": 0, "ymin": 194, "ymax": 613, "xmax": 533}}, {"tid": 1, "generated": 0, "bbox": {"xmin": 72, "ymin": 213, "ymax": 700, "xmax": 1274}}], [{"tid": 0, "generated": 0, "bbox": {"xmin": 0, "ymin": 195, "ymax": 614, "xmax": 528}}, {"tid": 1, "generated": 0, "bbox": {"xmin": 66, "ymin": 213, "ymax": 699, "xmax": 1273}}], [{"tid": 0, "generated": 0, "bbox": {"xmin": 0, "ymin": 196, "ymax": 615, "xmax": 524}}, {"tid": 1, "generated": 0, "bbox": {"xmin": 60, "ymin": 213, "ymax": 699, "xmax": 1273}}], [{"tid": 0, "generated": 0, "bbox": {"xmin": 0, "ymin": 196, "ymax": 616, "xmax": 519}}, {"tid": 1, "generated": 0, "bbox": {"xmin": 54, "ymin": 213, "ymax": 699, "xmax": 1273}}], [{"tid": 0, "generated": 0, "bbox": {"xmin": 0, "ymin": 197, "ymax": 617, "xmax": 514}}, {"tid": 1, "generated": 0, "bbox": {"xmin": 48, "ymin": 213, "ymax": 699, "xmax": 1273}}], [{"tid": 0, "generated": 0, "bbox": {"xmin": 0, "ymin": 198, "ymax": 618, "xmax": 510}}, {"tid": 1, "generated": 0, "bbox": {"xmin": 42, "ymin": 214, "ymax": 699, "xmax": 1273}}], [{"tid": 0, "generated": 0, "bbox": {"xmin": 0, "ymin": 199, "ymax": 619, "xmax": 505}}, {"tid": 1, "generated": 0, "bbox": {"xmin": 36, "ymin": 214, "ymax": 698, "xmax": 1272}}], [{"tid": 0, "generated": 0, "bbox": {"xmin": 0, "ymin": 200, "ymax": 620, "xmax": 501}}, {"tid": 1, "generated": 0, "bbox": {"xmin": 30, "ymin": 214, "ymax": 698, "xmax": 1272}}], [{"tid": 0, "generated": 0, "bbox": {"xmin": 0, "ymin": 199, "ymax": 619, "xmax": 494}}, {"tid": 1, "generated": 0, "bbox": {"xmin": 24, "ymin": 214, "ymax": 698, "xmax": 1272}}], [{"tid": 0, "generated": 0, "bbox": {"xmin": 0, "ymin": 199, "ymax": 619, "xmax": 488}}, {"tid": 1, "generated": 0, "bbox": {"xmin": 18, "ymin": 214, "ymax": 698, "xmax": 1272}}], [{"tid": 0, "generated": 0, "bbox": {"xmin": 0, "ymin": 199, "ymax": 619, "xmax": 482}}, {"tid": 1, "generated": 0, "bbox": {"xmin": 12, "ymin": 215, "ymax": 698, "xmax": 1272}}], [{"tid": 0, "generated": 0, "bbox": {"xmin": 0, "ymin": 199, "ymax": 619, "xmax": 476}}, {"tid": 1, "generated": 0, "bbox": {"xmin": 11, "ymin": 209, "ymax": 697, "xmax": 1275}}], [{"tid": 0, "generated": 0, "bbox": {"xmin": 0, "ymin": 199, "ymax": 619, "xmax": 470}}, {"tid": 1, "generated": 0, "bbox": {"xmin": 10, "ymin": 204, "ymax": 696, "xmax": 1278}}], [{"tid": 0, "generated": 0, "bbox": {"xmin": 0, "ymin": 199, "ymax": 618, "xmax": 464}}, {"tid": 1, "generated": 0, "bbox": {"xmin": 9, "ymin": 206, "ymax": 697, "xmax": 1278}}], [{"tid": 0, "generated": 0, "bbox": {"xmin": 0, "ymin": 199, "ymax": 618, "xmax": 458}}, {"tid": 1, "generated": 0, "bbox": {"xmin": 8, "ymin": 208, "ymax": 698, "xmax": 1278}}], [{"tid": 0, "generated": 0, "bbox": {"xmin": 0, "ymin": 199, "ymax": 618, "xmax": 452}}, {"tid": 1, "generated": 0, "bbox": {"xmin": 8, "ymin": 210, "ymax": 699, "xmax": 1278}}], [{"tid": 0, "generated": 0, "bbox": {"xmin": 0, "ymin": 199, "ymax": 618, "xmax": 446}}, {"tid": 1, "generated": 0, "bbox": {"xmin": 7, "ymin": 212, "ymax": 700, "xmax": 1278}}], [{"tid": 0, "generated": 0, "bbox": {"xmin": 0, "ymin": 199, "ymax": 618, "xmax": 440}}, {"tid": 1, "generated": 0, "bbox": {"xmin": 7, "ymin": 214, "ymax": 701, "xmax": 1278}}], [{"tid": 0, "generated": 0, "bbox": {"xmin": 0, "ymin": 201, "ymax": 620, "xmax": 434}}, {"tid": 1, "generated": 0, "bbox": {"xmin": 6, "ymin": 217, "ymax": 702, "xmax": 1278}}], [{"tid": 0, "generated": 0, "bbox": {"xmin": 0, "ymin": 203, "ymax": 622, "xmax": 428}}, {"tid": 1, "generated": 0, "bbox": {"xmin": 6, "ymin": 219, "ymax": 703, "xmax": 1278}}], [{"tid": 0, "generated": 0, "bbox": {"xmin": 0, "ymin": 206, "ymax": 625, "xmax": 423}}, {"tid": 1, "generated": 0, "bbox": {"xmin": 5, "ymin": 221, "ymax": 704, "xmax": 1278}}], [{"tid": 0, "generated": 0, "bbox": {"xmin": 0, "ymin": 210, "ymax": 629, "xmax": 417}}, {"tid": 1, "generated": 0, "bbox": {"xmin": 5, "ymin": 223, "ymax": 705, "xmax": 1278}}], [{"tid": 0, "generated": 0, "bbox": {"xmin": 0, "ymin": 214, "ymax": 633, "xmax": 411}}, {"tid": 1, "generated": 0, "bbox": {"xmin": 4, "ymin": 225, "ymax": 706, "xmax": 1278}}], [{"tid": 0, "generated": 0, "bbox": {"xmin": 0, "ymin": 218, "ymax": 638, "xmax": 405}}, {"tid": 1, "generated": 0, "bbox": {"xmin": 3, "ymin": 227, "ymax": 707, "xmax": 1278}}], [{"tid": 0, "generated": 0, "bbox": {"xmin": 0, "ymin": 223, "ymax": 642, "xmax": 399}}, {"tid": 1, "generated": 0, "bbox": {"xmin": 3, "ymin": 230, "ymax": 708, "xmax": 1278}}], [{"tid": 0, "generated": 0, "bbox": {"xmin": 0, "ymin": 227, "ymax": 647, "xmax": 393}}, {"tid": 1, "generated": 0, "bbox": {"xmin": 2, "ymin": 232, "ymax": 709, "xmax": 1278}}], [{"tid": 0, "generated": 0, "bbox": {"xmin": 0, "ymin": 231, "ymax": 651, "xmax": 387}}, {"tid": 1, "generated": 0, "bbox": {"xmin": 2, "ymin": 234, "ymax": 710, "xmax": 1278}}], [{"tid": 0, "generated": 0, "bbox": {"xmin": 0, "ymin": 236, "ymax": 656, "xmax": 382}}, {"tid": 1, "generated": 0, "bbox": {"xmin": 1, "ymin": 236, "ymax": 711, "xmax": 1278}}], [{"tid": 0, "generated": 0, "bbox": {"xmin": 0, "ymin": 241, "ymax": 661, "xmax": 376}}, {"tid": 1, "generated": 0, "bbox": {"xmin": 1, "ymin": 238, "ymax": 712, "xmax": 1278}}], [{"tid": 0, "generated": 0, "bbox": {"xmin": 0, "ymin": 246, "ymax": 666, "xmax": 371}}, {"tid": 1, "generated": 0, "bbox": {"xmin": 0, "ymin": 240, "ymax": 713, "xmax": 1278}}], [{"tid": 0, "generated": 0, "bbox": {"xmin": 0, "ymin": 252, "ymax": 672, "xmax": 366}}, {"tid": 1, "generated": 0, "bbox": {"xmin": 0, "ymin": 243, "ymax": 714, "xmax": 1278}}], [{"tid": 0, "generated": 0, "bbox": {"xmin": 0, "ymin": 252, "ymax": 672, "xmax": 361}}, {"tid": 1, "generated": 0, "bbox": {"xmin": 0, "ymin": 244, "ymax": 714, "xmax": 1278}}], [{"tid": 0, "generated": 0, "bbox": {"xmin": 0, "ymin": 252, "ymax": 672, "xmax": 356}}, {"tid": 1, "generated": 0, "bbox": {"xmin": 0, "ymin": 246, "ymax": 714, "xmax": 1278}}], [{"tid": 0, "generated": 0, "bbox": {"xmin": 0, "ymin": 252, "ymax": 672, "xmax": 351}}, {"tid": 1, "generated": 0, "bbox": {"xmin": 0, "ymin": 247, "ymax": 714, "xmax": 1278}}], [{"tid": 0, "generated": 0, "bbox": {"xmin": 0, "ymin": 253, "ymax": 672, "xmax": 346}}, {"tid": 1, "generated": 0, "bbox": {"xmin": 0, "ymin": 249, "ymax": 714, "xmax": 1278}}], [{"tid": 0, "generated": 0, "bbox": {"xmin": 0, "ymin": 253, "ymax": 672, "xmax": 341}}, {"tid": 1, "generated": 0, "bbox": {"xmin": 0, "ymin": 251, "ymax": 715, "xmax": 1278}}], [{"tid": 0, "generated": 0, "bbox": {"xmin": 0, "ymin": 253, "ymax": 672, "xmax": 336}}, {"tid": 1, "generated": 0, "bbox": {"xmin": 0, "ymin": 252, "ymax": 715, "xmax": 1278}}], [{"tid": 0, "generated": 0, "bbox": {"xmin": 0, "ymin": 254, "ymax": 673, "xmax": 332}}, {"tid": 1, "generated": 0, "bbox": {"xmin": 0, "ymin": 254, "ymax": 715, "xmax": 1278}}], [{"tid": 0, "generated": 0, "bbox": {"xmin": 0, "ymin": 254, "ymax": 673, "xmax": 329}}, {"tid": 1, "generated": 0, "bbox": {"xmin": 0, "ymin": 255, "ymax": 715, "xmax": 1278}}], [{"tid": 0, "generated": 0, "bbox": {"xmin": 0, "ymin": 255, "ymax": 674, "xmax": 326}}, {"tid": 1, "generated": 0, "bbox": {"xmin": 0, "ymin": 257, "ymax": 715, "xmax": 1278}}], [{"tid": 0, "generated": 0, "bbox": {"xmin": 0, "ymin": 256, "ymax": 675, "xmax": 323}}, {"tid": 1, "generated": 0, "bbox": {"xmin": 0, "ymin": 259, "ymax": 716, "xmax": 1278}}], [{"tid": 0, "generated": 0, "bbox": {"xmin": 0, "ymin": 257, "ymax": 676, "xmax": 320}}, {"tid": 1, "generated": 0, "bbox": {"xmin": 0, "ymin": 257, "ymax": 716, "xmax": 1276}}], [{"tid": 0, "generated": 0, "bbox": {"xmin": 0, "ymin": 258, "ymax": 677, "xmax": 318}}, {"tid": 1, "generated": 0, "bbox": {"xmin": 0, "ymin": 256, "ymax": 716, "xmax": 1275}}], [{"tid": 0, "generated": 0, "bbox": {"xmin": 0, "ymin": 259, "ymax": 678, "xmax": 315}}, {"tid": 1, "generated": 0, "bbox": {"xmin": 0, "ymin": 255, "ymax": 716, "xmax": 1274}}], [{"tid": 0, "generated": 0, "bbox": {"xmin": 0, "ymin": 260, "ymax": 679, "xmax": 312}}, {"tid": 1, "generated": 0, "bbox": {"xmin": 0, "ymin": 254, "ymax": 716, "xmax": 1273}}], [{"tid": 0, "generated": 0, "bbox": {"xmin": 0, "ymin": 261, "ymax": 680, "xmax": 309}}, {"tid": 1, "generated": 0, "bbox": {"xmin": 0, "ymin": 253, "ymax": 716, "xmax": 1272}}], [{"tid": 0, "generated": 0, "bbox": {"xmin": 0, "ymin": 262, "ymax": 681, "xmax": 306}}, {"tid": 1, "generated": 0, "bbox": {"xmin": 0, "ymin": 252, "ymax": 716, "xmax": 1271}}], [{"tid": 0, "generated": 0, "bbox": {"xmin": 0, "ymin": 263, "ymax": 682, "xmax": 304}}, {"tid": 1, "generated": 0, "bbox": {"xmin": 0, "ymin": 251, "ymax": 716, "xmax": 1270}}], [{"tid": 0, "generated": 0, "bbox": {"xmin": 0, "ymin": 259, "ymax": 678, "xmax": 298}}, {"tid": 1, "generated": 0, "bbox": {"xmin": 0, "ymin": 250, "ymax": 716, "xmax": 1269}}], [{"tid": 0, "generated": 0, "bbox": {"xmin": 0, "ymin": 256, "ymax": 675, "xmax": 293}}, {"tid": 1, "generated": 0, "bbox": {"xmin": 0, "ymin": 249, "ymax": 716, "xmax": 1268}}], [{"tid": 0, "generated": 0, "bbox": {"xmin": 0, "ymin": 252, "ymax": 671, "xmax": 288}}, {"tid": 1, "generated": 0, "bbox": {"xmin": 0, "ymin": 248, "ymax": 716, "xmax": 1267}}], [{"tid": 0, "generated": 0, "bbox": {"xmin": 0, "ymin": 249, "ymax": 668, "xmax": 283}}, {"tid": 1, "generated": 0, "bbox": {"xmin": 0, "ymin": 245, "ymax": 716, "xmax": 1263}}], [{"tid": 0, "generated": 0, "bbox": {"xmin": 0, "ymin": 246, "ymax": 665, "xmax": 278}}, {"tid": 1, "generated": 0, "bbox": {"xmin": 0, "ymin": 242, "ymax": 716, "xmax": 1260}}], [{"tid": 0, "generated": 0, "bbox": {"xmin": 0, "ymin": 242, "ymax": 661, "xmax": 272}}, {"tid": 1, "generated": 0, "bbox": {"xmin": 0, "ymin": 239, "ymax": 716, "xmax": 1256}}], [{"tid": 0, "generated": 0, "bbox": {"xmin": 0, "ymin": 239, "ymax": 658, "xmax": 267}}, {"tid": 1, "generated": 0, "bbox": {"xmin": 0, "ymin": 236, "ymax": 716, "xmax": 1253}}], [{"tid": 0, "generated": 0, "bbox": {"xmin": 0, "ymin": 235, "ymax": 654, "xmax": 262}}, {"tid": 1, "generated": 0, "bbox": {"xmin": 0, "ymin": 233, "ymax": 716, "xmax": 1249}}], [{"tid": 0, "generated": 0, "bbox": {"xmin": 0, "ymin": 232, "ymax": 651, "xmax": 257}}, {"tid": 1, "generated": 0, "bbox": {"xmin": 0, "ymin": 230, "ymax": 716, "xmax": 1246}}], [{"tid": 0, "generated": 0, "bbox": {"xmin": 0, "ymin": 229, "ymax": 648, "xmax": 252}}, {"tid": 1, "generated": 0, "bbox": {"xmin": 0, "ymin": 227, "ymax": 716, "xmax": 1242}}], [{"tid": 0, "generated": 0, "bbox": {"xmin": 0, "ymin": 229, "ymax": 646, "xmax": 250}}, {"tid": 1, "generated": 0, "bbox": {"xmin": 0, "ymin": 224, "ymax": 716, "xmax": 1239}}], [{"tid": 0, "generated": 0, "bbox": {"xmin": 0, "ymin": 229, "ymax": 645, "xmax": 248}}, {"tid": 1, "generated": 0, "bbox": {"xmin": 0, "ymin": 221, "ymax": 716, "xmax": 1235}}], [{"tid": 0, "generated": 0, "bbox": {"xmin": 0, "ymin": 224, "ymax": 640, "xmax": 247}}, {"tid": 1, "generated": 0, "bbox": {"xmin": 0, "ymin": 218, "ymax": 716, "xmax": 1232}}], [{"tid": 0, "generated": 0, "bbox": {"xmin": 0, "ymin": 224, "ymax": 640, "xmax": 247}}, {"tid": 1, "generated": 0, "bbox": {"xmin": 0, "ymin": 218, "ymax": 716, "xmax": 1232}}], [{"tid": 0, "generated": 0, "bbox": {"xmin": 0, "ymin": 225, "ymax": 641, "xmax": 247}}, {"tid": 1, "generated": 0, "bbox": {"xmin": 0, "ymin": 219, "ymax": 716, "xmax": 1232}}], [{"tid": 0, "generated": 0, "bbox": {"xmin": 0, "ymin": 225, "ymax": 641, "xmax": 247}}, {"tid": 1, "generated": 0, "bbox": {"xmin": 0, "ymin": 220, "ymax": 716, "xmax": 1232}}], [{"tid": 0, "generated": 0, "bbox": {"xmin": 0, "ymin": 226, "ymax": 642, "xmax": 247}}, {"tid": 1, "generated": 0, "bbox": {"xmin": 0, "ymin": 221, "ymax": 716, "xmax": 1232}}], [{"tid": 0, "generated": 0, "bbox": {"xmin": 0, "ymin": 226, "ymax": 642, "xmax": 247}}, {"tid": 1, "generated": 0, "bbox": {"xmin": 0, "ymin": 222, "ymax": 716, "xmax": 1232}}], [{"tid": 0, "generated": 0, "bbox": {"xmin": 0, "ymin": 227, "ymax": 643, "xmax": 247}}, {"tid": 1, "generated": 0, "bbox": {"xmin": 0, "ymin": 223, "ymax": 716, "xmax": 1232}}], [{"tid": 0, "generated": 0, "bbox": {"xmin": 0, "ymin": 227, "ymax": 643, "xmax": 247}}, {"tid": 1, "generated": 0, "bbox": {"xmin": 0, "ymin": 224, "ymax": 716, "xmax": 1232}}], [{"tid": 0, "generated": 0, "bbox": {"xmin": 0, "ymin": 228, "ymax": 644, "xmax": 247}}, {"tid": 1, "generated": 0, "bbox": {"xmin": 0, "ymin": 225, "ymax": 716, "xmax": 1232}}], [{"tid": 0, "generated": 0, "bbox": {"xmin": 0, "ymin": 229, "ymax": 645, "xmax": 247}}, {"tid": 1, "generated": 0, "bbox": {"xmin": 0, "ymin": 226, "ymax": 716, "xmax": 1232}}], [{"tid": 0, "generated": 0, "bbox": {"xmin": 0, "ymin": 236, "ymax": 652, "xmax": 247}}, {"tid": 1, "generated": 0, "bbox": {"xmin": 0, "ymin": 227, "ymax": 716, "xmax": 1232}}], [{"tid": 0, "generated": 0, "bbox": {"xmin": 0, "ymin": 235, "ymax": 651, "xmax": 247}}, {"tid": 1, "generated": 0, "bbox": {"xmin": 0, "ymin": 225, "ymax": 715, "xmax": 1232}}], [{"tid": 0, "generated": 0, "bbox": {"xmin": 0, "ymin": 234, "ymax": 650, "xmax": 248}}, {"tid": 1, "generated": 0, "bbox": {"xmin": 0, "ymin": 224, "ymax": 715, "xmax": 1233}}], [{"tid": 0, "generated": 0, "bbox": {"xmin": 0, "ymin": 233, "ymax": 649, "xmax": 248}}, {"tid": 1, "generated": 0, "bbox": {"xmin": 0, "ymin": 223, "ymax": 715, "xmax": 1233}}], [{"tid": 0, "generated": 0, "bbox": {"xmin": 0, "ymin": 232, "ymax": 648, "xmax": 249}}, {"tid": 1, "generated": 0, "bbox": {"xmin": 0, "ymin": 222, "ymax": 715, "xmax": 1234}}], [{"tid": 0, "generated": 0, "bbox": {"xmin": 0, "ymin": 232, "ymax": 647, "xmax": 249}}, {"tid": 1, "generated": 0, "bbox": {"xmin": 0, "ymin": 221, "ymax": 715, "xmax": 1234}}], [{"tid": 0, "generated": 0, "bbox": {"xmin": 0, "ymin": 231, "ymax": 646, "xmax": 250}}, {"tid": 1, "generated": 0, "bbox": {"xmin": 0, "ymin": 220, "ymax": 714, "xmax": 1235}}], [{"tid": 0, "generated": 0, "bbox": {"xmin": 0, "ymin": 230, "ymax": 645, "xmax": 250}}, {"tid": 1, "generated": 0, "bbox": {"xmin": 0, "ymin": 219, "ymax": 714, "xmax": 1235}}], [{"tid": 0, "generated": 0, "bbox": {"xmin": 0, "ymin": 229, "ymax": 644, "xmax": 251}}, {"tid": 1, "generated": 0, "bbox": {"xmin": 0, "ymin": 218, "ymax": 714, "xmax": 1236}}], [{"tid": 0, "generated": 0, "bbox": {"xmin": 0, "ymin": 229, "ymax": 643, "xmax": 252}}, {"tid": 1, "generated": 0, "bbox": {"xmin": 0, "ymin": 217, "ymax": 714, "xmax": 1236}}], [{"tid": 0, "generated": 0, "bbox": {"xmin": 0, "ymin": 224, "ymax": 638, "xmax": 252}}, {"tid": 1, "generated": 0, "bbox": {"xmin": 0, "ymin": 216, "ymax": 714, "xmax": 1237}}], [{"tid": 0, "generated": 0, "bbox": {"xmin": 0, "ymin": 216, "ymax": 631, "xmax": 252}}, {"tid": 1, "generated": 0, "bbox": {"xmin": 0, "ymin": 208, "ymax": 714, "xmax": 1242}}], [{"tid": 0, "generated": 0, "bbox": {"xmin": 0, "ymin": 208, "ymax": 624, "xmax": 252}}, {"tid": 1, "generated": 0, "bbox": {"xmin": 0, "ymin": 200, "ymax": 714, "xmax": 1248}}], [{"tid": 0, "generated": 0, "bbox": {"xmin": 0, "ymin": 200, "ymax": 617, "xmax": 253}}, {"tid": 1, "generated": 0, "bbox": {"xmin": 0, "ymin": 192, "ymax": 703, "xmax": 1249}}], [{"tid": 0, "generated": 0, "bbox": {"xmin": 0, "ymin": 192, "ymax": 610, "xmax": 253}}, {"tid": 1, "generated": 0, "bbox": {"xmin": 0, "ymin": 184, "ymax": 693, "xmax": 1251}}], [{"tid": 0, "generated": 0, "bbox": {"xmin": 0, "ymin": 185, "ymax": 603, "xmax": 254}}, {"tid": 1, "generated": 0, "bbox": {"xmin": 0, "ymin": 176, "ymax": 683, "xmax": 1252}}], [{"tid": 0, "generated": 0, "bbox": {"xmin": 0, "ymin": 177, "ymax": 596, "xmax": 254}}, {"tid": 1, "generated": 0, "bbox": {"xmin": 0, "ymin": 168, "ymax": 673, "xmax": 1254}}], [{"tid": 0, "generated": 0, "bbox": {"xmin": 0, "ymin": 169, "ymax": 589, "xmax": 255}}, {"tid": 1, "generated": 0, "bbox": {"xmin": 0, "ymin": 160, "ymax": 662, "xmax": 1255}}], [{"tid": 0, "generated": 0, "bbox": {"xmin": 0, "ymin": 161, "ymax": 582, "xmax": 255}}, {"tid": 1, "generated": 0, "bbox": {"xmin": 0, "ymin": 152, "ymax": 652, "xmax": 1257}}], [{"tid": 0, "generated": 0, "bbox": {"xmin": 0, "ymin": 154, "ymax": 576, "xmax": 256}}, {"tid": 1, "generated": 0, "bbox": {"xmin": 0, "ymin": 144, "ymax": 642, "xmax": 1258}}], [{"tid": 0, "generated": 0, "bbox": {"xmin": 0, "ymin": 144, "ymax": 563, "xmax": 272}}, {"tid": 1, "generated": 0, "bbox": {"xmin": 0, "ymin": 136, "ymax": 632, "xmax": 1260}}], [{"tid": 0, "generated": 0, "bbox": {"xmin": 0, "ymin": 139, "ymax": 558, "xmax": 273}}, {"tid": 1, "generated": 0, "bbox": {"xmin": 0, "ymin": 121, "ymax": 628, "xmax": 1259}}], [{"tid": 0, "generated": 0, "bbox": {"xmin": 0, "ymin": 135, "ymax": 554, "xmax": 275}}, {"tid": 1, "generated": 0, "bbox": {"xmin": 0, "ymin": 106, "ymax": 625, "xmax": 1258}}], [{"tid": 0, "generated": 0, "bbox": {"xmin": 0, "ymin": 130, "ymax": 550, "xmax": 276}}, {"tid": 1, "generated": 0, "bbox": {"xmin": 0, "ymin": 104, "ymax": 623, "xmax": 1260}}], [{"tid": 0, "generated": 0, "bbox": {"xmin": 0, "ymin": 126, "ymax": 545, "xmax": 278}}, {"tid": 1, "generated": 0, "bbox": {"xmin": 0, "ymin": 103, "ymax": 621, "xmax": 1263}}]], "subject/objects": [{"category": "lizard", "tid": 0}, {"category": "lizard", "tid": 1}], "relation_instances": [{"end_fid": 450, "subject_tid": 0, "predicate": "lie_left", "begin_fid": 420, "object_tid": 1}, {"end_fid": 450, "subject_tid": 1, "predicate": "lie_right", "begin_fid": 420, "object_tid": 0}, {"end_fid": 465, "subject_tid": 0, "predicate": "lie_left", "begin_fid": 435, "object_tid": 1}, {"end_fid": 465, "subject_tid": 1, "predicate": "lie_right", "begin_fid": 435, "object_tid": 0}, {"end_fid": 480, "subject_tid": 0, "predicate": "lie_left", "begin_fid": 450, "object_tid": 1}, {"end_fid": 480, "subject_tid": 1, "predicate": "lie_right", "begin_fid": 450, "object_tid": 0}, {"end_fid": 495, "subject_tid": 0, "predicate": "lie_left", "begin_fid": 465, "object_tid": 1}, {"end_fid": 495, "subject_tid": 1, "predicate": "lie_right", "begin_fid": 465, "object_tid": 0}, {"end_fid": 510, "subject_tid": 0, "predicate": "lie_left", "begin_fid": 480, "object_tid": 1}, {"end_fid": 510, "subject_tid": 1, "predicate": "lie_right", "begin_fid": 480, "object_tid": 0}, {"end_fid": 525, "subject_tid": 0, "predicate": "lie_left", "begin_fid": 495, "object_tid": 1}, {"end_fid": 525, "subject_tid": 1, "predicate": "lie_right", "begin_fid": 495, "object_tid": 0}, {"end_fid": 540, "subject_tid": 0, "predicate": "lie_left", "begin_fid": 510, "object_tid": 1}, {"end_fid": 540, "subject_tid": 1, "predicate": "lie_right", "begin_fid": 510, "object_tid": 0}, {"end_fid": 555, "subject_tid": 0, "predicate": "lie_left", "begin_fid": 525, "object_tid": 1}, {"end_fid": 555, "subject_tid": 1, "predicate": "lie_right", "begin_fid": 525, "object_tid": 0}, {"end_fid": 570, "subject_tid": 0, "predicate": "lie_left", "begin_fid": 540, "object_tid": 1}, {"end_fid": 570, "subject_tid": 1, "predicate": "lie_right", "begin_fid": 540, "object_tid": 0}, {"end_fid": 585, "subject_tid": 0, "predicate": "lie_left", "begin_fid": 555, "object_tid": 1}, {"end_fid": 585, "subject_tid": 1, "predicate": "lie_right", "begin_fid": 555, "object_tid": 0}, {"end_fid": 600, "subject_tid": 0, "predicate": "lie_left", "begin_fid": 570, "object_tid": 1}, {"end_fid": 600, "subject_tid": 1, "predicate": "lie_right", "begin_fid": 570, "object_tid": 0}, {"end_fid": 615, "subject_tid": 0, "predicate": "lie_left", "begin_fid": 585, "object_tid": 1}, {"end_fid": 615, "subject_tid": 1, "predicate": "lie_right", "begin_fid": 585, "object_tid": 0}, {"end_fid": 630, "subject_tid": 0, "predicate": "lie_left", "begin_fid": 600, "object_tid": 1}, {"end_fid": 630, "subject_tid": 1, "predicate": "lie_right", "begin_fid": 600, "object_tid": 0}, {"end_fid": 645, "subject_tid": 0, "predicate": "lie_left", "begin_fid": 615, "object_tid": 1}, {"end_fid": 645, "subject_tid": 1, "predicate": "lie_right", "begin_fid": 615, "object_tid": 0}, {"end_fid": 660, "subject_tid": 0, "predicate": "lie_left", "begin_fid": 630, "object_tid": 1}, {"end_fid": 660, "subject_tid": 1, "predicate": "lie_right", "begin_fid": 630, "object_tid": 0}, {"end_fid": 675, "subject_tid": 0, "predicate": "lie_left", "begin_fid": 645, "object_tid": 1}, {"end_fid": 675, "subject_tid": 1, "predicate": "lie_right", "begin_fid": 645, "object_tid": 0}, {"end_fid": 690, "subject_tid": 0, "predicate": "lie_left", "begin_fid": 660, "object_tid": 1}, {"end_fid": 690, "subject_tid": 1, "predicate": "lie_right", "begin_fid": 660, "object_tid": 0}], "height": 720}