{"width": 1280, "frame_count": 287, "video_id": "ILSVRC2015_train_00743001", "fps": 29, "trajectories": [[{"tid": 0, "generated": 0, "bbox": {"xmin": 693, "ymin": 339, "ymax": 496, "xmax": 1203}}, {"tid": 1, "generated": 0, "bbox": {"xmin": 1, "ymin": 195, "ymax": 426, "xmax": 414}}, {"tid": 2, "generated": 0, "bbox": {"xmin": 503, "ymin": 186, "ymax": 442, "xmax": 1112}}, {"tid": 4, "generated": 0, "bbox": {"xmin": 848, "ymin": 261, "ymax": 380, "xmax": 1148}}], [{"tid": 0, "generated": 0, "bbox": {"xmin": 679, "ymin": 337, "ymax": 494, "xmax": 1185}}, {"tid": 1, "generated": 0, "bbox": {"xmin": 1, "ymin": 195, "ymax": 424, "xmax": 414}}, {"tid": 2, "generated": 0, "bbox": {"xmin": 499, "ymin": 186, "ymax": 440, "xmax": 1107}}, {"tid": 4, "generated": 0, "bbox": {"xmin": 848, "ymin": 252, "ymax": 380, "xmax": 1157}}], [{"tid": 0, "generated": 0, "bbox": {"xmin": 666, "ymin": 337, "ymax": 494, "xmax": 1171}}, {"tid": 1, "generated": 0, "bbox": {"xmin": 1, "ymin": 195, "ymax": 424, "xmax": 414}}, {"tid": 2, "generated": 0, "bbox": {"xmin": 497, "ymin": 186, "ymax": 440, "xmax": 1104}}, {"tid": 4, "generated": 0, "bbox": {"xmin": 848, "ymin": 252, "ymax": 384, "xmax": 1157}}], [{"tid": 0, "generated": 0, "bbox": {"xmin": 652, "ymin": 337, "ymax": 494, "xmax": 1162}}, {"tid": 1, "generated": 0, "bbox": {"xmin": 1, "ymin": 195, "ymax": 424, "xmax": 414}}, {"tid": 2, "generated": 0, "bbox": {"xmin": 494, "ymin": 186, "ymax": 385, "xmax": 1096}}, {"tid": 4, "generated": 0, "bbox": {"xmin": 848, "ymin": 245, "ymax": 385, "xmax": 1164}}], [{"tid": 0, "generated": 0, "bbox": {"xmin": 640, "ymin": 337, "ymax": 494, "xmax": 1148}}, {"tid": 1, "generated": 0, "bbox": {"xmin": 1, "ymin": 195, "ymax": 424, "xmax": 414}}, {"tid": 2, "generated": 0, "bbox": {"xmin": 492, "ymin": 186, "ymax": 389, "xmax": 1093}}, {"tid": 4, "generated": 0, "bbox": {"xmin": 848, "ymin": 250, "ymax": 389, "xmax": 1159}}], [{"tid": 0, "generated": 0, "bbox": {"xmin": 627, "ymin": 337, "ymax": 496, "xmax": 1127}}, {"tid": 1, "generated": 0, "bbox": {"xmin": 1, "ymin": 195, "ymax": 424, "xmax": 414}}, {"tid": 2, "generated": 0, "bbox": {"xmin": 490, "ymin": 186, "ymax": 384, "xmax": 1089}}, {"tid": 4, "generated": 0, "bbox": {"xmin": 848, "ymin": 247, "ymax": 391, "xmax": 1159}}], [{"tid": 0, "generated": 0, "bbox": {"xmin": 613, "ymin": 336, "ymax": 494, "xmax": 1112}}, {"tid": 1, "generated": 0, "bbox": {"xmin": 1, "ymin": 195, "ymax": 424, "xmax": 414}}, {"tid": 2, "generated": 0, "bbox": {"xmin": 487, "ymin": 186, "ymax": 391, "xmax": 1084}}, {"tid": 4, "generated": 0, "bbox": {"xmin": 848, "ymin": 243, "ymax": 392, "xmax": 1164}}], [{"tid": 0, "generated": 0, "bbox": {"xmin": 600, "ymin": 336, "ymax": 494, "xmax": 1100}}, {"tid": 1, "generated": 0, "bbox": {"xmin": 1, "ymin": 195, "ymax": 424, "xmax": 414}}, {"tid": 2, "generated": 0, "bbox": {"xmin": 485, "ymin": 186, "ymax": 391, "xmax": 1080}}, {"tid": 4, "generated": 0, "bbox": {"xmin": 848, "ymin": 247, "ymax": 396, "xmax": 1164}}], [{"tid": 0, "generated": 0, "bbox": {"xmin": 586, "ymin": 336, "ymax": 494, "xmax": 1086}}, {"tid": 1, "generated": 0, "bbox": {"xmin": 1, "ymin": 195, "ymax": 424, "xmax": 414}}, {"tid": 2, "generated": 0, "bbox": {"xmin": 481, "ymin": 186, "ymax": 375, "xmax": 1075}}, {"tid": 4, "generated": 0, "bbox": {"xmin": 848, "ymin": 243, "ymax": 396, "xmax": 1168}}], [{"tid": 0, "generated": 0, "bbox": {"xmin": 574, "ymin": 336, "ymax": 494, "xmax": 1073}}, {"tid": 1, "generated": 0, "bbox": {"xmin": 1, "ymin": 195, "ymax": 424, "xmax": 414}}, {"tid": 2, "generated": 0, "bbox": {"xmin": 480, "ymin": 186, "ymax": 391, "xmax": 1072}}, {"tid": 4, "generated": 0, "bbox": {"xmin": 848, "ymin": 247, "ymax": 400, "xmax": 1173}}], [{"tid": 0, "generated": 0, "bbox": {"xmin": 561, "ymin": 336, "ymax": 494, "xmax": 1061}}, {"tid": 1, "generated": 0, "bbox": {"xmin": 1, "ymin": 195, "ymax": 424, "xmax": 416}}, {"tid": 2, "generated": 0, "bbox": {"xmin": 478, "ymin": 186, "ymax": 391, "xmax": 1068}}, {"tid": 4, "generated": 0, "bbox": {"xmin": 848, "ymin": 248, "ymax": 403, "xmax": 1175}}], [{"tid": 0, "generated": 0, "bbox": {"xmin": 549, "ymin": 334, "ymax": 492, "xmax": 1047}}, {"tid": 1, "generated": 0, "bbox": {"xmin": 1, "ymin": 195, "ymax": 423, "xmax": 416}}, {"tid": 2, "generated": 0, "bbox": {"xmin": 476, "ymin": 186, "ymax": 384, "xmax": 1063}}, {"tid": 4, "generated": 0, "bbox": {"xmin": 851, "ymin": 247, "ymax": 401, "xmax": 1173}}], [{"tid": 0, "generated": 0, "bbox": {"xmin": 536, "ymin": 334, "ymax": 492, "xmax": 1032}}, {"tid": 1, "generated": 0, "bbox": {"xmin": 1, "ymin": 195, "ymax": 423, "xmax": 416}}, {"tid": 2, "generated": 0, "bbox": {"xmin": 474, "ymin": 186, "ymax": 380, "xmax": 1059}}, {"tid": 4, "generated": 0, "bbox": {"xmin": 855, "ymin": 243, "ymax": 400, "xmax": 1180}}], [{"tid": 0, "generated": 0, "bbox": {"xmin": 526, "ymin": 334, "ymax": 492, "xmax": 1018}}, {"tid": 1, "generated": 0, "bbox": {"xmin": 1, "ymin": 195, "ymax": 423, "xmax": 416}}, {"tid": 2, "generated": 0, "bbox": {"xmin": 472, "ymin": 186, "ymax": 385, "xmax": 1056}}, {"tid": 4, "generated": 0, "bbox": {"xmin": 858, "ymin": 245, "ymax": 400, "xmax": 1184}}], [{"tid": 0, "generated": 0, "bbox": {"xmin": 513, "ymin": 334, "ymax": 490, "xmax": 1004}}, {"tid": 1, "generated": 0, "bbox": {"xmin": 1, "ymin": 195, "ymax": 423, "xmax": 416}}, {"tid": 2, "generated": 0, "bbox": {"xmin": 471, "ymin": 186, "ymax": 382, "xmax": 1052}}, {"tid": 4, "generated": 0, "bbox": {"xmin": 862, "ymin": 247, "ymax": 401, "xmax": 1180}}], [{"tid": 0, "generated": 0, "bbox": {"xmin": 503, "ymin": 334, "ymax": 490, "xmax": 992}}, {"tid": 1, "generated": 0, "bbox": {"xmin": 1, "ymin": 195, "ymax": 423, "xmax": 416}}, {"tid": 2, "generated": 0, "bbox": {"xmin": 469, "ymin": 186, "ymax": 382, "xmax": 1048}}, {"tid": 4, "generated": 0, "bbox": {"xmin": 865, "ymin": 248, "ymax": 403, "xmax": 1180}}], [{"tid": 0, "generated": 0, "bbox": {"xmin": 490, "ymin": 334, "ymax": 490, "xmax": 977}}, {"tid": 1, "generated": 0, "bbox": {"xmin": 1, "ymin": 195, "ymax": 423, "xmax": 416}}, {"tid": 2, "generated": 0, "bbox": {"xmin": 467, "ymin": 186, "ymax": 384, "xmax": 1047}}, {"tid": 4, "generated": 0, "bbox": {"xmin": 869, "ymin": 247, "ymax": 405, "xmax": 1184}}], [{"tid": 0, "generated": 0, "bbox": {"xmin": 478, "ymin": 334, "ymax": 488, "xmax": 963}}, {"tid": 1, "generated": 0, "bbox": {"xmin": 1, "ymin": 195, "ymax": 423, "xmax": 416}}, {"tid": 2, "generated": 0, "bbox": {"xmin": 465, "ymin": 186, "ymax": 385, "xmax": 1047}}, {"tid": 4, "generated": 0, "bbox": {"xmin": 872, "ymin": 245, "ymax": 407, "xmax": 1187}}], [{"tid": 0, "generated": 0, "bbox": {"xmin": 467, "ymin": 334, "ymax": 488, "xmax": 949}}, {"tid": 1, "generated": 0, "bbox": {"xmin": 1, "ymin": 195, "ymax": 423, "xmax": 416}}, {"tid": 2, "generated": 0, "bbox": {"xmin": 464, "ymin": 186, "ymax": 387, "xmax": 1043}}, {"tid": 4, "generated": 0, "bbox": {"xmin": 876, "ymin": 243, "ymax": 405, "xmax": 1191}}], [{"tid": 0, "generated": 0, "bbox": {"xmin": 455, "ymin": 334, "ymax": 488, "xmax": 935}}, {"tid": 1, "generated": 0, "bbox": {"xmin": 1, "ymin": 195, "ymax": 423, "xmax": 416}}, {"tid": 2, "generated": 0, "bbox": {"xmin": 462, "ymin": 186, "ymax": 387, "xmax": 1041}}, {"tid": 4, "generated": 0, "bbox": {"xmin": 880, "ymin": 245, "ymax": 407, "xmax": 1194}}], [{"tid": 0, "generated": 0, "bbox": {"xmin": 444, "ymin": 334, "ymax": 488, "xmax": 922}}, {"tid": 1, "generated": 0, "bbox": {"xmin": 1, "ymin": 195, "ymax": 423, "xmax": 417}}, {"tid": 2, "generated": 0, "bbox": {"xmin": 462, "ymin": 186, "ymax": 385, "xmax": 1043}}, {"tid": 4, "generated": 0, "bbox": {"xmin": 883, "ymin": 250, "ymax": 408, "xmax": 1200}}], [{"tid": 0, "generated": 0, "bbox": {"xmin": 432, "ymin": 332, "ymax": 487, "xmax": 910}}, {"tid": 1, "generated": 0, "bbox": {"xmin": 1, "ymin": 195, "ymax": 423, "xmax": 416}}, {"tid": 2, "generated": 0, "bbox": {"xmin": 460, "ymin": 186, "ymax": 385, "xmax": 1040}}, {"tid": 4, "generated": 0, "bbox": {"xmin": 883, "ymin": 247, "ymax": 407, "xmax": 1205}}], [{"tid": 0, "generated": 0, "bbox": {"xmin": 421, "ymin": 332, "ymax": 487, "xmax": 897}}, {"tid": 1, "generated": 0, "bbox": {"xmin": 1, "ymin": 195, "ymax": 423, "xmax": 416}}, {"tid": 2, "generated": 0, "bbox": {"xmin": 458, "ymin": 186, "ymax": 389, "xmax": 1036}}, {"tid": 4, "generated": 0, "bbox": {"xmin": 883, "ymin": 247, "ymax": 407, "xmax": 1205}}], [{"tid": 0, "generated": 0, "bbox": {"xmin": 410, "ymin": 332, "ymax": 485, "xmax": 885}}, {"tid": 1, "generated": 0, "bbox": {"xmin": 1, "ymin": 195, "ymax": 423, "xmax": 416}}, {"tid": 2, "generated": 0, "bbox": {"xmin": 456, "ymin": 186, "ymax": 391, "xmax": 1032}}, {"tid": 4, "generated": 0, "bbox": {"xmin": 885, "ymin": 247, "ymax": 407, "xmax": 1205}}], [{"tid": 0, "generated": 0, "bbox": {"xmin": 400, "ymin": 332, "ymax": 485, "xmax": 872}}, {"tid": 1, "generated": 0, "bbox": {"xmin": 1, "ymin": 195, "ymax": 423, "xmax": 416}}, {"tid": 2, "generated": 0, "bbox": {"xmin": 455, "ymin": 186, "ymax": 391, "xmax": 1029}}, {"tid": 4, "generated": 0, "bbox": {"xmin": 885, "ymin": 247, "ymax": 408, "xmax": 1205}}], [{"tid": 0, "generated": 0, "bbox": {"xmin": 389, "ymin": 332, "ymax": 483, "xmax": 860}}, {"tid": 1, "generated": 0, "bbox": {"xmin": 1, "ymin": 195, "ymax": 423, "xmax": 416}}, {"tid": 2, "generated": 0, "bbox": {"xmin": 453, "ymin": 186, "ymax": 391, "xmax": 1025}}, {"tid": 4, "generated": 0, "bbox": {"xmin": 887, "ymin": 247, "ymax": 408, "xmax": 1205}}], [{"tid": 0, "generated": 0, "bbox": {"xmin": 378, "ymin": 330, "ymax": 483, "xmax": 848}}, {"tid": 1, "generated": 0, "bbox": {"xmin": 1, "ymin": 195, "ymax": 423, "xmax": 416}}, {"tid": 2, "generated": 0, "bbox": {"xmin": 451, "ymin": 186, "ymax": 389, "xmax": 1024}}, {"tid": 4, "generated": 0, "bbox": {"xmin": 887, "ymin": 248, "ymax": 410, "xmax": 1205}}], [{"tid": 0, "generated": 0, "bbox": {"xmin": 368, "ymin": 330, "ymax": 481, "xmax": 835}}, {"tid": 1, "generated": 0, "bbox": {"xmin": 1, "ymin": 195, "ymax": 423, "xmax": 416}}, {"tid": 2, "generated": 0, "bbox": {"xmin": 449, "ymin": 186, "ymax": 391, "xmax": 1022}}, {"tid": 4, "generated": 0, "bbox": {"xmin": 888, "ymin": 248, "ymax": 410, "xmax": 1205}}], [{"tid": 0, "generated": 0, "bbox": {"xmin": 357, "ymin": 330, "ymax": 481, "xmax": 823}}, {"tid": 1, "generated": 0, "bbox": {"xmin": 1, "ymin": 195, "ymax": 423, "xmax": 416}}, {"tid": 2, "generated": 0, "bbox": {"xmin": 448, "ymin": 186, "ymax": 389, "xmax": 1020}}, {"tid": 4, "generated": 0, "bbox": {"xmin": 888, "ymin": 248, "ymax": 412, "xmax": 1205}}], [{"tid": 0, "generated": 0, "bbox": {"xmin": 346, "ymin": 330, "ymax": 480, "xmax": 810}}, {"tid": 1, "generated": 0, "bbox": {"xmin": 1, "ymin": 195, "ymax": 423, "xmax": 416}}, {"tid": 2, "generated": 0, "bbox": {"xmin": 446, "ymin": 186, "ymax": 391, "xmax": 1018}}, {"tid": 4, "generated": 0, "bbox": {"xmin": 890, "ymin": 248, "ymax": 412, "xmax": 1205}}], [], [], [], [], [], [], [], [], [], [], [], [], [], [], [], [], [], [], [], [], [], [], [], [], [], [], [], [], [], [], [], [], [], [], [], [], [], [], [], [], [], [], [], [], [], [], [], [], [], [], [], [], [], [], [], [], [], [], [], [], [], [], [], [], [], [], [], [], [], [], [], [], [], [], [], [], [], [], [], [], [], [], [], [], [], [], [], [], [], [], [], [], [], [], [], [], [], [], [], [], [], [], [], [], [], [], [], [], [], [], [], [], [], [], [], [], [], [], [], [], [], [], [], [], [], [], [], [], [], [], [], [], [], [], [], [], [], [], [], [], [], [], [], [], [], [], [], [], [], [], [], [], [], [], [], [], [], [], [], [], [], [], [], [], [], [], [], [], [], [], [], [], [], [], [], [], [], [], [], [], [], [], [], [], [], [], [], [], [], [], [], [], [], [], [], [], [], [], [], [], [], [], [], [], [], [], [], [], [], [], [], [], [], [], [], [], [], [], [], [], [], [], [], [], [], [{"tid": 0, "generated": 0, "bbox": {"xmin": 83, "ymin": 325, "ymax": 419, "xmax": 286}}, {"tid": 1, "generated": 0, "bbox": {"xmin": 469, "ymin": 245, "ymax": 407, "xmax": 778}}, {"tid": 2, "generated": 0, "bbox": {"xmin": 634, "ymin": 234, "ymax": 416, "xmax": 1040}}, {"tid": 3, "generated": 0, "bbox": {"xmin": 1047, "ymin": 270, "ymax": 391, "xmax": 1230}}], [{"tid": 0, "generated": 0, "bbox": {"xmin": 85, "ymin": 325, "ymax": 419, "xmax": 289}}, {"tid": 1, "generated": 0, "bbox": {"xmin": 471, "ymin": 245, "ymax": 407, "xmax": 780}}, {"tid": 2, "generated": 0, "bbox": {"xmin": 636, "ymin": 234, "ymax": 416, "xmax": 1040}}, {"tid": 3, "generated": 0, "bbox": {"xmin": 1048, "ymin": 270, "ymax": 391, "xmax": 1232}}], [{"tid": 0, "generated": 0, "bbox": {"xmin": 88, "ymin": 325, "ymax": 419, "xmax": 293}}, {"tid": 1, "generated": 0, "bbox": {"xmin": 474, "ymin": 245, "ymax": 407, "xmax": 782}}, {"tid": 2, "generated": 0, "bbox": {"xmin": 640, "ymin": 234, "ymax": 416, "xmax": 1040}}, {"tid": 3, "generated": 0, "bbox": {"xmin": 1048, "ymin": 270, "ymax": 391, "xmax": 1232}}], [{"tid": 0, "generated": 0, "bbox": {"xmin": 90, "ymin": 325, "ymax": 419, "xmax": 296}}, {"tid": 1, "generated": 0, "bbox": {"xmin": 476, "ymin": 245, "ymax": 407, "xmax": 784}}, {"tid": 2, "generated": 0, "bbox": {"xmin": 641, "ymin": 234, "ymax": 416, "xmax": 1040}}, {"tid": 3, "generated": 0, "bbox": {"xmin": 1050, "ymin": 270, "ymax": 391, "xmax": 1232}}], [{"tid": 0, "generated": 0, "bbox": {"xmin": 94, "ymin": 325, "ymax": 419, "xmax": 300}}, {"tid": 1, "generated": 0, "bbox": {"xmin": 480, "ymin": 245, "ymax": 407, "xmax": 785}}, {"tid": 2, "generated": 0, "bbox": {"xmin": 643, "ymin": 234, "ymax": 416, "xmax": 1040}}, {"tid": 3, "generated": 0, "bbox": {"xmin": 1052, "ymin": 270, "ymax": 391, "xmax": 1232}}], [{"tid": 0, "generated": 0, "bbox": {"xmin": 97, "ymin": 325, "ymax": 419, "xmax": 304}}, {"tid": 1, "generated": 0, "bbox": {"xmin": 483, "ymin": 245, "ymax": 407, "xmax": 787}}, {"tid": 2, "generated": 0, "bbox": {"xmin": 647, "ymin": 236, "ymax": 417, "xmax": 1040}}, {"tid": 3, "generated": 0, "bbox": {"xmin": 1054, "ymin": 270, "ymax": 391, "xmax": 1232}}], [{"tid": 0, "generated": 0, "bbox": {"xmin": 101, "ymin": 325, "ymax": 419, "xmax": 307}}, {"tid": 1, "generated": 0, "bbox": {"xmin": 485, "ymin": 245, "ymax": 405, "xmax": 789}}, {"tid": 2, "generated": 0, "bbox": {"xmin": 648, "ymin": 236, "ymax": 417, "xmax": 1041}}, {"tid": 3, "generated": 0, "bbox": {"xmin": 1056, "ymin": 272, "ymax": 392, "xmax": 1232}}], [{"tid": 0, "generated": 0, "bbox": {"xmin": 104, "ymin": 325, "ymax": 419, "xmax": 311}}, {"tid": 1, "generated": 0, "bbox": {"xmin": 488, "ymin": 245, "ymax": 405, "xmax": 792}}, {"tid": 2, "generated": 0, "bbox": {"xmin": 652, "ymin": 236, "ymax": 417, "xmax": 1043}}, {"tid": 3, "generated": 0, "bbox": {"xmin": 1056, "ymin": 272, "ymax": 392, "xmax": 1232}}], [{"tid": 0, "generated": 0, "bbox": {"xmin": 108, "ymin": 325, "ymax": 419, "xmax": 314}}, {"tid": 1, "generated": 0, "bbox": {"xmin": 492, "ymin": 245, "ymax": 405, "xmax": 796}}, {"tid": 2, "generated": 0, "bbox": {"xmin": 654, "ymin": 236, "ymax": 417, "xmax": 1045}}, {"tid": 3, "generated": 0, "bbox": {"xmin": 1057, "ymin": 272, "ymax": 392, "xmax": 1232}}], [{"tid": 0, "generated": 0, "bbox": {"xmin": 112, "ymin": 325, "ymax": 419, "xmax": 318}}, {"tid": 1, "generated": 0, "bbox": {"xmin": 496, "ymin": 245, "ymax": 405, "xmax": 798}}, {"tid": 2, "generated": 0, "bbox": {"xmin": 657, "ymin": 238, "ymax": 417, "xmax": 1047}}, {"tid": 3, "generated": 0, "bbox": {"xmin": 1059, "ymin": 272, "ymax": 392, "xmax": 1232}}], [{"tid": 0, "generated": 0, "bbox": {"xmin": 115, "ymin": 325, "ymax": 419, "xmax": 321}}, {"tid": 1, "generated": 0, "bbox": {"xmin": 499, "ymin": 245, "ymax": 405, "xmax": 801}}, {"tid": 2, "generated": 0, "bbox": {"xmin": 661, "ymin": 238, "ymax": 419, "xmax": 1050}}, {"tid": 3, "generated": 0, "bbox": {"xmin": 1061, "ymin": 272, "ymax": 392, "xmax": 1232}}], [{"tid": 0, "generated": 0, "bbox": {"xmin": 119, "ymin": 325, "ymax": 419, "xmax": 325}}, {"tid": 1, "generated": 0, "bbox": {"xmin": 503, "ymin": 245, "ymax": 405, "xmax": 805}}, {"tid": 2, "generated": 0, "bbox": {"xmin": 663, "ymin": 238, "ymax": 419, "xmax": 1052}}, {"tid": 3, "generated": 0, "bbox": {"xmin": 1063, "ymin": 273, "ymax": 394, "xmax": 1232}}], [{"tid": 0, "generated": 0, "bbox": {"xmin": 122, "ymin": 325, "ymax": 419, "xmax": 328}}, {"tid": 1, "generated": 0, "bbox": {"xmin": 506, "ymin": 245, "ymax": 405, "xmax": 807}}, {"tid": 2, "generated": 0, "bbox": {"xmin": 666, "ymin": 240, "ymax": 419, "xmax": 1054}}, {"tid": 3, "generated": 0, "bbox": {"xmin": 1063, "ymin": 273, "ymax": 392, "xmax": 1232}}], [{"tid": 0, "generated": 0, "bbox": {"xmin": 126, "ymin": 325, "ymax": 419, "xmax": 332}}, {"tid": 1, "generated": 0, "bbox": {"xmin": 510, "ymin": 245, "ymax": 405, "xmax": 810}}, {"tid": 2, "generated": 0, "bbox": {"xmin": 668, "ymin": 240, "ymax": 419, "xmax": 1056}}, {"tid": 3, "generated": 0, "bbox": {"xmin": 1063, "ymin": 273, "ymax": 392, "xmax": 1232}}], [{"tid": 0, "generated": 0, "bbox": {"xmin": 129, "ymin": 325, "ymax": 419, "xmax": 336}}, {"tid": 1, "generated": 0, "bbox": {"xmin": 513, "ymin": 245, "ymax": 405, "xmax": 814}}, {"tid": 2, "generated": 0, "bbox": {"xmin": 672, "ymin": 240, "ymax": 419, "xmax": 1057}}, {"tid": 3, "generated": 0, "bbox": {"xmin": 1064, "ymin": 273, "ymax": 392, "xmax": 1232}}], [{"tid": 0, "generated": 0, "bbox": {"xmin": 133, "ymin": 325, "ymax": 419, "xmax": 339}}, {"tid": 1, "generated": 0, "bbox": {"xmin": 517, "ymin": 245, "ymax": 405, "xmax": 817}}, {"tid": 2, "generated": 0, "bbox": {"xmin": 675, "ymin": 241, "ymax": 421, "xmax": 1061}}, {"tid": 3, "generated": 0, "bbox": {"xmin": 1064, "ymin": 273, "ymax": 392, "xmax": 1233}}], [{"tid": 0, "generated": 0, "bbox": {"xmin": 136, "ymin": 325, "ymax": 419, "xmax": 343}}, {"tid": 1, "generated": 0, "bbox": {"xmin": 519, "ymin": 245, "ymax": 403, "xmax": 817}}, {"tid": 2, "generated": 0, "bbox": {"xmin": 677, "ymin": 240, "ymax": 419, "xmax": 1063}}, {"tid": 3, "generated": 0, "bbox": {"xmin": 1064, "ymin": 273, "ymax": 392, "xmax": 1233}}], [{"tid": 0, "generated": 0, "bbox": {"xmin": 140, "ymin": 325, "ymax": 419, "xmax": 346}}, {"tid": 1, "generated": 0, "bbox": {"xmin": 522, "ymin": 245, "ymax": 403, "xmax": 819}}, {"tid": 2, "generated": 0, "bbox": {"xmin": 680, "ymin": 240, "ymax": 419, "xmax": 1066}}, {"tid": 3, "generated": 0, "bbox": {"xmin": 1066, "ymin": 273, "ymax": 391, "xmax": 1233}}], [{"tid": 0, "generated": 0, "bbox": {"xmin": 144, "ymin": 325, "ymax": 419, "xmax": 350}}, {"tid": 1, "generated": 0, "bbox": {"xmin": 524, "ymin": 245, "ymax": 403, "xmax": 819}}, {"tid": 2, "generated": 0, "bbox": {"xmin": 682, "ymin": 240, "ymax": 419, "xmax": 1068}}, {"tid": 3, "generated": 0, "bbox": {"xmin": 1066, "ymin": 273, "ymax": 391, "xmax": 1235}}], [{"tid": 0, "generated": 0, "bbox": {"xmin": 147, "ymin": 327, "ymax": 421, "xmax": 353}}, {"tid": 1, "generated": 0, "bbox": {"xmin": 528, "ymin": 245, "ymax": 403, "xmax": 821}}, {"tid": 2, "generated": 0, "bbox": {"xmin": 686, "ymin": 240, "ymax": 419, "xmax": 1072}}, {"tid": 3, "generated": 0, "bbox": {"xmin": 1068, "ymin": 273, "ymax": 391, "xmax": 1235}}], [{"tid": 0, "generated": 0, "bbox": {"xmin": 152, "ymin": 327, "ymax": 421, "xmax": 359}}, {"tid": 1, "generated": 0, "bbox": {"xmin": 529, "ymin": 245, "ymax": 403, "xmax": 821}}, {"tid": 2, "generated": 0, "bbox": {"xmin": 688, "ymin": 240, "ymax": 419, "xmax": 1073}}, {"tid": 3, "generated": 0, "bbox": {"xmin": 1068, "ymin": 273, "ymax": 391, "xmax": 1235}}], [{"tid": 0, "generated": 0, "bbox": {"xmin": 156, "ymin": 327, "ymax": 421, "xmax": 362}}, {"tid": 1, "generated": 0, "bbox": {"xmin": 533, "ymin": 245, "ymax": 401, "xmax": 823}}, {"tid": 2, "generated": 0, "bbox": {"xmin": 691, "ymin": 240, "ymax": 419, "xmax": 1077}}, {"tid": 3, "generated": 0, "bbox": {"xmin": 1070, "ymin": 273, "ymax": 391, "xmax": 1237}}], [{"tid": 0, "generated": 0, "bbox": {"xmin": 160, "ymin": 328, "ymax": 423, "xmax": 366}}, {"tid": 1, "generated": 0, "bbox": {"xmin": 535, "ymin": 245, "ymax": 401, "xmax": 823}}, {"tid": 2, "generated": 0, "bbox": {"xmin": 693, "ymin": 240, "ymax": 419, "xmax": 1079}}, {"tid": 3, "generated": 0, "bbox": {"xmin": 1070, "ymin": 273, "ymax": 391, "xmax": 1237}}], [{"tid": 0, "generated": 0, "bbox": {"xmin": 163, "ymin": 328, "ymax": 423, "xmax": 369}}, {"tid": 1, "generated": 0, "bbox": {"xmin": 538, "ymin": 245, "ymax": 401, "xmax": 824}}, {"tid": 2, "generated": 0, "bbox": {"xmin": 696, "ymin": 240, "ymax": 419, "xmax": 1082}}, {"tid": 3, "generated": 0, "bbox": {"xmin": 1070, "ymin": 273, "ymax": 391, "xmax": 1237}}], [{"tid": 0, "generated": 0, "bbox": {"xmin": 167, "ymin": 328, "ymax": 423, "xmax": 373}}, {"tid": 1, "generated": 0, "bbox": {"xmin": 540, "ymin": 245, "ymax": 401, "xmax": 824}}, {"tid": 2, "generated": 0, "bbox": {"xmin": 698, "ymin": 240, "ymax": 419, "xmax": 1084}}, {"tid": 3, "generated": 0, "bbox": {"xmin": 1070, "ymin": 273, "ymax": 391, "xmax": 1237}}], [{"tid": 0, "generated": 0, "bbox": {"xmin": 172, "ymin": 330, "ymax": 424, "xmax": 378}}, {"tid": 1, "generated": 0, "bbox": {"xmin": 544, "ymin": 245, "ymax": 401, "xmax": 826}}, {"tid": 2, "generated": 0, "bbox": {"xmin": 702, "ymin": 240, "ymax": 419, "xmax": 1088}}, {"tid": 3, "generated": 0, "bbox": {"xmin": 1070, "ymin": 273, "ymax": 391, "xmax": 1237}}], [{"tid": 0, "generated": 0, "bbox": {"xmin": 176, "ymin": 330, "ymax": 424, "xmax": 382}}, {"tid": 1, "generated": 0, "bbox": {"xmin": 545, "ymin": 245, "ymax": 401, "xmax": 828}}, {"tid": 2, "generated": 0, "bbox": {"xmin": 704, "ymin": 240, "ymax": 417, "xmax": 1089}}, {"tid": 3, "generated": 0, "bbox": {"xmin": 1070, "ymin": 273, "ymax": 391, "xmax": 1237}}], [{"tid": 0, "generated": 0, "bbox": {"xmin": 181, "ymin": 330, "ymax": 424, "xmax": 387}}, {"tid": 1, "generated": 0, "bbox": {"xmin": 547, "ymin": 245, "ymax": 401, "xmax": 830}}, {"tid": 2, "generated": 0, "bbox": {"xmin": 705, "ymin": 241, "ymax": 416, "xmax": 1091}}, {"tid": 3, "generated": 0, "bbox": {"xmin": 1070, "ymin": 273, "ymax": 391, "xmax": 1237}}], [{"tid": 0, "generated": 0, "bbox": {"xmin": 184, "ymin": 330, "ymax": 424, "xmax": 391}}, {"tid": 1, "generated": 0, "bbox": {"xmin": 549, "ymin": 245, "ymax": 401, "xmax": 832}}, {"tid": 2, "generated": 0, "bbox": {"xmin": 707, "ymin": 241, "ymax": 414, "xmax": 1093}}, {"tid": 3, "generated": 0, "bbox": {"xmin": 1070, "ymin": 273, "ymax": 391, "xmax": 1237}}], [{"tid": 0, "generated": 0, "bbox": {"xmin": 190, "ymin": 330, "ymax": 424, "xmax": 396}}, {"tid": 1, "generated": 0, "bbox": {"xmin": 551, "ymin": 245, "ymax": 401, "xmax": 833}}, {"tid": 2, "generated": 0, "bbox": {"xmin": 709, "ymin": 243, "ymax": 412, "xmax": 1095}}, {"tid": 3, "generated": 0, "bbox": {"xmin": 1070, "ymin": 273, "ymax": 391, "xmax": 1237}}]], "subject/objects": [{"category": "car", "tid": 0}, {"category": "airplane", "tid": 1}, {"category": "airplane", "tid": 2}, {"category": "airplane", "tid": 3}, {"category": "airplane", "tid": 4}], "relation_instances": [{"end_fid": 30, "subject_tid": 0, "predicate": "move_right", "begin_fid": 0, "object_tid": 1}, {"end_fid": 30, "subject_tid": 0, "predicate": "move_front", "begin_fid": 0, "object_tid": 1}, {"end_fid": 30, "subject_tid": 1, "predicate": "move_behind", "begin_fid": 0, "object_tid": 0}, {"end_fid": 30, "subject_tid": 1, "predicate": "move_left", "begin_fid": 0, "object_tid": 0}, {"end_fid": 30, "subject_tid": 1, "predicate": "taller", "begin_fid": 0, "object_tid": 0}, {"end_fid": 30, "subject_tid": 1, "predicate": "larger", "begin_fid": 0, "object_tid": 0}, {"end_fid": 30, "subject_tid": 0, "predicate": "move_front", "begin_fid": 0, "object_tid": 2}, {"end_fid": 30, "subject_tid": 2, "predicate": "move_behind", "begin_fid": 0, "object_tid": 0}, {"end_fid": 30, "subject_tid": 2, "predicate": "taller", "begin_fid": 0, "object_tid": 0}, {"end_fid": 30, "subject_tid": 2, "predicate": "larger", "begin_fid": 0, "object_tid": 0}, {"end_fid": 30, "subject_tid": 0, "predicate": "move_front", "begin_fid": 0, "object_tid": 4}, {"end_fid": 30, "subject_tid": 0, "predicate": "move_left", "begin_fid": 0, "object_tid": 4}, {"end_fid": 30, "subject_tid": 4, "predicate": "move_right", "begin_fid": 0, "object_tid": 0}, {"end_fid": 30, "subject_tid": 4, "predicate": "move_behind", "begin_fid": 0, "object_tid": 0}, {"end_fid": 30, "subject_tid": 4, "predicate": "taller", "begin_fid": 0, "object_tid": 0}, {"end_fid": 30, "subject_tid": 4, "predicate": "larger", "begin_fid": 0, "object_tid": 0}, {"end_fid": 30, "subject_tid": 1, "predicate": "move_left", "begin_fid": 0, "object_tid": 2}, {"end_fid": 30, "subject_tid": 2, "predicate": "move_right", "begin_fid": 0, "object_tid": 1}, {"end_fid": 30, "subject_tid": 1, "predicate": "move_left", "begin_fid": 0, "object_tid": 4}, {"end_fid": 30, "subject_tid": 4, "predicate": "move_right", "begin_fid": 0, "object_tid": 1}, {"end_fid": 30, "subject_tid": 2, "predicate": "move_left", "begin_fid": 0, "object_tid": 4}, {"end_fid": 30, "subject_tid": 4, "predicate": "move_right", "begin_fid": 0, "object_tid": 2}, {"end_fid": 285, "subject_tid": 0, "predicate": "move_front", "begin_fid": 255, "object_tid": 1}, {"end_fid": 285, "subject_tid": 0, "predicate": "move_left", "begin_fid": 255, "object_tid": 1}, {"end_fid": 285, "subject_tid": 0, "predicate": "follow", "begin_fid": 255, "object_tid": 1}, {"end_fid": 285, "subject_tid": 1, "predicate": "move_right", "begin_fid": 255, "object_tid": 0}, {"end_fid": 285, "subject_tid": 1, "predicate": "move_behind", "begin_fid": 255, "object_tid": 0}, {"end_fid": 285, "subject_tid": 1, "predicate": "taller", "begin_fid": 255, "object_tid": 0}, {"end_fid": 285, "subject_tid": 1, "predicate": "larger", "begin_fid": 255, "object_tid": 0}, {"end_fid": 285, "subject_tid": 0, "predicate": "move_front", "begin_fid": 255, "object_tid": 2}, {"end_fid": 285, "subject_tid": 0, "predicate": "move_left", "begin_fid": 255, "object_tid": 2}, {"end_fid": 285, "subject_tid": 0, "predicate": "follow", "begin_fid": 255, "object_tid": 2}, {"end_fid": 285, "subject_tid": 2, "predicate": "move_right", "begin_fid": 255, "object_tid": 0}, {"end_fid": 285, "subject_tid": 2, "predicate": "move_behind", "begin_fid": 255, "object_tid": 0}, {"end_fid": 285, "subject_tid": 2, "predicate": "taller", "begin_fid": 255, "object_tid": 0}, {"end_fid": 285, "subject_tid": 2, "predicate": "larger", "begin_fid": 255, "object_tid": 0}, {"end_fid": 285, "subject_tid": 0, "predicate": "move_front", "begin_fid": 255, "object_tid": 3}, {"end_fid": 285, "subject_tid": 0, "predicate": "move_left", "begin_fid": 255, "object_tid": 3}, {"end_fid": 285, "subject_tid": 3, "predicate": "move_right", "begin_fid": 255, "object_tid": 0}, {"end_fid": 285, "subject_tid": 3, "predicate": "move_behind", "begin_fid": 255, "object_tid": 0}, {"end_fid": 285, "subject_tid": 3, "predicate": "taller", "begin_fid": 255, "object_tid": 0}, {"end_fid": 285, "subject_tid": 3, "predicate": "larger", "begin_fid": 255, "object_tid": 0}, {"end_fid": 285, "subject_tid": 1, "predicate": "move_next_to", "begin_fid": 255, "object_tid": 2}, {"end_fid": 285, "subject_tid": 1, "predicate": "move_with", "begin_fid": 255, "object_tid": 2}, {"end_fid": 285, "subject_tid": 1, "predicate": "move_left", "begin_fid": 255, "object_tid": 2}, {"end_fid": 285, "subject_tid": 2, "predicate": "move_right", "begin_fid": 255, "object_tid": 1}, {"end_fid": 285, "subject_tid": 2, "predicate": "move_next_to", "begin_fid": 255, "object_tid": 1}, {"end_fid": 285, "subject_tid": 2, "predicate": "move_with", "begin_fid": 255, "object_tid": 1}, {"end_fid": 285, "subject_tid": 1, "predicate": "move_front", "begin_fid": 255, "object_tid": 3}, {"end_fid": 285, "subject_tid": 1, "predicate": "move_left", "begin_fid": 255, "object_tid": 3}, {"end_fid": 285, "subject_tid": 1, "predicate": "follow", "begin_fid": 255, "object_tid": 3}, {"end_fid": 285, "subject_tid": 3, "predicate": "move_right", "begin_fid": 255, "object_tid": 1}, {"end_fid": 285, "subject_tid": 3, "predicate": "move_behind", "begin_fid": 255, "object_tid": 1}, {"end_fid": 285, "subject_tid": 2, "predicate": "move_front", "begin_fid": 255, "object_tid": 3}, {"end_fid": 285, "subject_tid": 2, "predicate": "move_left", "begin_fid": 255, "object_tid": 3}, {"end_fid": 285, "subject_tid": 2, "predicate": "follow", "begin_fid": 255, "object_tid": 3}, {"end_fid": 285, "subject_tid": 3, "predicate": "move_right", "begin_fid": 255, "object_tid": 2}, {"end_fid": 285, "subject_tid": 3, "predicate": "move_behind", "begin_fid": 255, "object_tid": 2}], "height": 720}