{"width": 1920, "frame_count": 45, "video_id": "ILSVRC2015_train_00040005", "fps": 25, "trajectories": [[{"tid": 0, "generated": 0, "bbox": {"xmin": 1469, "ymin": 517, "ymax": 1056, "xmax": 1896}}, {"tid": 2, "generated": 0, "bbox": {"xmin": 1474, "ymin": 366, "ymax": 890, "xmax": 1886}}], [{"tid": 0, "generated": 0, "bbox": {"xmin": 1261, "ymin": 706, "ymax": 1077, "xmax": 1613}}, {"tid": 2, "generated": 0, "bbox": {"xmin": 1372, "ymin": 428, "ymax": 912, "xmax": 1744}}], [{"tid": 0, "generated": 0, "bbox": {"xmin": 1128, "ymin": 741, "ymax": 1074, "xmax": 1442}}, {"tid": 2, "generated": 0, "bbox": {"xmin": 1271, "ymin": 490, "ymax": 934, "xmax": 1602}}], [{"tid": 0, "generated": 0, "bbox": {"xmin": 1021, "ymin": 797, "ymax": 1077, "xmax": 1293}}, {"tid": 2, "generated": 0, "bbox": {"xmin": 1169, "ymin": 552, "ymax": 956, "xmax": 1460}}], [{"tid": 0, "generated": 0, "bbox": {"xmin": 949, "ymin": 826, "ymax": 1077, "xmax": 1186}}, {"tid": 2, "generated": 0, "bbox": {"xmin": 1068, "ymin": 614, "ymax": 978, "xmax": 1318}}], [{"tid": 0, "generated": 0, "bbox": {"xmin": 949, "ymin": 834, "ymax": 1074, "xmax": 1186}}, {"tid": 2, "generated": 0, "bbox": {"xmin": 966, "ymin": 676, "ymax": 1000, "xmax": 1176}}], [{"tid": 0, "generated": 0, "bbox": {"xmin": 914, "ymin": 841, "ymax": 1075, "xmax": 1133}}, {"tid": 2, "generated": 0, "bbox": {"xmin": 938, "ymin": 677, "ymax": 986, "xmax": 1133}}], [{"tid": 0, "generated": 0, "bbox": {"xmin": 880, "ymin": 848, "ymax": 1077, "xmax": 1080}}, {"tid": 2, "generated": 0, "bbox": {"xmin": 911, "ymin": 678, "ymax": 973, "xmax": 1090}}], [{"tid": 0, "generated": 0, "bbox": {"xmin": 849, "ymin": 828, "ymax": 1053, "xmax": 1038}}, {"tid": 2, "generated": 0, "bbox": {"xmin": 883, "ymin": 678, "ymax": 959, "xmax": 1046}}], [{"tid": 0, "generated": 0, "bbox": {"xmin": 818, "ymin": 808, "ymax": 1029, "xmax": 997}}, {"tid": 2, "generated": 0, "bbox": {"xmin": 856, "ymin": 679, "ymax": 946, "xmax": 1003}}], [{"tid": 0, "generated": 0, "bbox": {"xmin": 800, "ymin": 778, "ymax": 997, "xmax": 968}}, {"tid": 2, "generated": 0, "bbox": {"xmin": 828, "ymin": 680, "ymax": 932, "xmax": 960}}], [{"tid": 0, "generated": 0, "bbox": {"xmin": 790, "ymin": 773, "ymax": 982, "xmax": 948}}, {"tid": 2, "generated": 0, "bbox": {"xmin": 820, "ymin": 675, "ymax": 922, "xmax": 948}}], [{"tid": 0, "generated": 0, "bbox": {"xmin": 780, "ymin": 769, "ymax": 967, "xmax": 928}}, {"tid": 2, "generated": 0, "bbox": {"xmin": 812, "ymin": 670, "ymax": 911, "xmax": 936}}], [{"tid": 0, "generated": 0, "bbox": {"xmin": 770, "ymin": 765, "ymax": 952, "xmax": 909}}, {"tid": 2, "generated": 0, "bbox": {"xmin": 804, "ymin": 666, "ymax": 901, "xmax": 924}}], [{"tid": 0, "generated": 0, "bbox": {"xmin": 762, "ymin": 749, "ymax": 932, "xmax": 901}}, {"tid": 2, "generated": 0, "bbox": {"xmin": 796, "ymin": 661, "ymax": 890, "xmax": 912}}], [{"tid": 0, "generated": 0, "bbox": {"xmin": 754, "ymin": 733, "ymax": 912, "xmax": 893}}, {"tid": 2, "generated": 0, "bbox": {"xmin": 788, "ymin": 656, "ymax": 880, "xmax": 900}}], [{"tid": 0, "generated": 0, "bbox": {"xmin": 749, "ymin": 693, "ymax": 866, "xmax": 882}}, {"tid": 2, "generated": 0, "bbox": {"xmin": 783, "ymin": 626, "ymax": 845, "xmax": 891}}], [{"tid": 0, "generated": 0, "bbox": {"xmin": 746, "ymin": 696, "ymax": 864, "xmax": 877}}, {"tid": 2, "generated": 0, "bbox": {"xmin": 778, "ymin": 596, "ymax": 810, "xmax": 882}}], [{"tid": 0, "generated": 0, "bbox": {"xmin": 741, "ymin": 649, "ymax": 814, "xmax": 866}}, {"tid": 2, "generated": 0, "bbox": {"xmin": 774, "ymin": 566, "ymax": 774, "xmax": 872}}], [{"tid": 0, "generated": 0, "bbox": {"xmin": 736, "ymin": 602, "ymax": 765, "xmax": 856}}, {"tid": 2, "generated": 0, "bbox": {"xmin": 769, "ymin": 536, "ymax": 739, "xmax": 863}}], [{"tid": 0, "generated": 0, "bbox": {"xmin": 730, "ymin": 576, "ymax": 736, "xmax": 850}}, {"tid": 2, "generated": 0, "bbox": {"xmin": 764, "ymin": 506, "ymax": 704, "xmax": 854}}], [{"tid": 0, "generated": 0, "bbox": {"xmin": 757, "ymin": 558, "ymax": 712, "xmax": 870}}, {"tid": 2, "generated": 0, "bbox": {"xmin": 776, "ymin": 502, "ymax": 693, "xmax": 866}}], [{"tid": 0, "generated": 0, "bbox": {"xmin": 784, "ymin": 541, "ymax": 688, "xmax": 890}}, {"tid": 2, "generated": 0, "bbox": {"xmin": 788, "ymin": 498, "ymax": 682, "xmax": 878}}], [{"tid": 0, "generated": 0, "bbox": {"xmin": 784, "ymin": 541, "ymax": 688, "xmax": 890}}, {"tid": 2, "generated": 0, "bbox": {"xmin": 800, "ymin": 494, "ymax": 670, "xmax": 890}}], [{"tid": 0, "generated": 0, "bbox": {"xmin": 802, "ymin": 538, "ymax": 686, "xmax": 899}}, {"tid": 2, "generated": 0, "bbox": {"xmin": 812, "ymin": 490, "ymax": 659, "xmax": 902}}], [{"tid": 0, "generated": 0, "bbox": {"xmin": 821, "ymin": 536, "ymax": 685, "xmax": 909}}, {"tid": 2, "generated": 0, "bbox": {"xmin": 824, "ymin": 486, "ymax": 648, "xmax": 914}}], [{"tid": 0, "generated": 0, "bbox": {"xmin": 829, "ymin": 549, "ymax": 689, "xmax": 913}}, {"tid": 2, "generated": 0, "bbox": {"xmin": 832, "ymin": 495, "ymax": 654, "xmax": 920}}], [{"tid": 0, "generated": 0, "bbox": {"xmin": 837, "ymin": 562, "ymax": 693, "xmax": 917}}, {"tid": 2, "generated": 0, "bbox": {"xmin": 839, "ymin": 504, "ymax": 659, "xmax": 926}}], [{"tid": 0, "generated": 0, "bbox": {"xmin": 845, "ymin": 562, "ymax": 701, "xmax": 925}}, {"tid": 2, "generated": 0, "bbox": {"xmin": 847, "ymin": 512, "ymax": 665, "xmax": 932}}], [{"tid": 0, "generated": 0, "bbox": {"xmin": 858, "ymin": 566, "ymax": 703, "xmax": 935}}, {"tid": 2, "generated": 0, "bbox": {"xmin": 854, "ymin": 521, "ymax": 670, "xmax": 938}}], [{"tid": 0, "generated": 0, "bbox": {"xmin": 871, "ymin": 571, "ymax": 706, "xmax": 946}}, {"tid": 2, "generated": 0, "bbox": {"xmin": 862, "ymin": 530, "ymax": 676, "xmax": 944}}], [{"tid": 0, "generated": 0, "bbox": {"xmin": 885, "ymin": 576, "ymax": 709, "xmax": 957}}, {"tid": 2, "generated": 0, "bbox": {"xmin": 876, "ymin": 536, "ymax": 679, "xmax": 954}}], [{"tid": 0, "generated": 0, "bbox": {"xmin": 903, "ymin": 592, "ymax": 714, "xmax": 971}}, {"tid": 2, "generated": 0, "bbox": {"xmin": 891, "ymin": 543, "ymax": 682, "xmax": 964}}], [{"tid": 0, "generated": 0, "bbox": {"xmin": 922, "ymin": 608, "ymax": 720, "xmax": 986}}, {"tid": 2, "generated": 0, "bbox": {"xmin": 905, "ymin": 549, "ymax": 684, "xmax": 974}}], [{"tid": 0, "generated": 0, "bbox": {"xmin": 925, "ymin": 602, "ymax": 728, "xmax": 984}}, {"tid": 2, "generated": 0, "bbox": {"xmin": 920, "ymin": 556, "ymax": 687, "xmax": 984}}], [{"tid": 0, "generated": 0, "bbox": {"xmin": 927, "ymin": 605, "ymax": 725, "xmax": 987}}, {"tid": 2, "generated": 0, "bbox": {"xmin": 934, "ymin": 562, "ymax": 690, "xmax": 994}}], [{"tid": 0, "generated": 0, "bbox": {"xmin": 930, "ymin": 609, "ymax": 722, "xmax": 990}}, {"tid": 2, "generated": 0, "bbox": {"xmin": 934, "ymin": 562, "ymax": 680, "xmax": 994}}], [{"tid": 0, "generated": 0, "bbox": {"xmin": 933, "ymin": 613, "ymax": 720, "xmax": 994}}, {"tid": 2, "generated": 0, "bbox": {"xmin": 933, "ymin": 562, "ymax": 669, "xmax": 994}}], [{"tid": 0, "generated": 0, "bbox": {"xmin": 934, "ymin": 609, "ymax": 699, "xmax": 991}}, {"tid": 2, "generated": 0, "bbox": {"xmin": 933, "ymin": 562, "ymax": 659, "xmax": 994}}], [{"tid": 0, "generated": 0, "bbox": {"xmin": 935, "ymin": 605, "ymax": 678, "xmax": 988}}, {"tid": 2, "generated": 0, "bbox": {"xmin": 932, "ymin": 562, "ymax": 648, "xmax": 994}}], [{"tid": 0, "generated": 0, "bbox": {"xmin": 936, "ymin": 602, "ymax": 658, "xmax": 986}}, {"tid": 2, "generated": 0, "bbox": {"xmin": 932, "ymin": 562, "ymax": 638, "xmax": 994}}], [{"tid": 0, "generated": 0, "bbox": {"xmin": 937, "ymin": 594, "ymax": 647, "xmax": 988}}, {"tid": 2, "generated": 0, "bbox": {"xmin": 932, "ymin": 554, "ymax": 628, "xmax": 992}}], [{"tid": 0, "generated": 0, "bbox": {"xmin": 939, "ymin": 586, "ymax": 636, "xmax": 990}}, {"tid": 2, "generated": 0, "bbox": {"xmin": 932, "ymin": 545, "ymax": 617, "xmax": 990}}], [{"tid": 0, "generated": 0, "bbox": {"xmin": 941, "ymin": 578, "ymax": 626, "xmax": 992}}, {"tid": 2, "generated": 0, "bbox": {"xmin": 932, "ymin": 537, "ymax": 607, "xmax": 988}}], [{"tid": 0, "generated": 0, "bbox": {"xmin": 941, "ymin": 570, "ymax": 618, "xmax": 989}}, {"tid": 2, "generated": 0, "bbox": {"xmin": 932, "ymin": 528, "ymax": 596, "xmax": 986}}]], "subject/objects": [{"category": "motorcycle", "tid": 0}, {"category": "person", "tid": 2}], "relation_instances": [{"end_fid": 30, "subject_tid": 0, "predicate": "jump_beneath", "begin_fid": 0, "object_tid": 2}, {"end_fid": 30, "subject_tid": 2, "predicate": "stand_above", "begin_fid": 0, "object_tid": 0}, {"end_fid": 30, "subject_tid": 2, "predicate": "ride", "begin_fid": 0, "object_tid": 0}, {"end_fid": 45, "subject_tid": 0, "predicate": "jump_beneath", "begin_fid": 15, "object_tid": 2}, {"end_fid": 45, "subject_tid": 2, "predicate": "stand_above", "begin_fid": 15, "object_tid": 0}, {"end_fid": 45, "subject_tid": 2, "predicate": "ride", "begin_fid": 15, "object_tid": 0}], "height": 1080}