{"width": 1280, "frame_count": 156, "video_id": "ILSVRC2015_train_00253011", "fps": 30, "trajectories": [[{"tid": 0, "generated": 0, "bbox": {"xmin": 138, "ymin": 58, "ymax": 718, "xmax": 632}}, {"tid": 1, "generated": 0, "bbox": {"xmin": 520, "ymin": 0, "ymax": 718, "xmax": 1084}}], [{"tid": 0, "generated": 0, "bbox": {"xmin": 133, "ymin": 57, "ymax": 718, "xmax": 633}}, {"tid": 1, "generated": 0, "bbox": {"xmin": 520, "ymin": 0, "ymax": 718, "xmax": 1084}}], [{"tid": 0, "generated": 0, "bbox": {"xmin": 128, "ymin": 56, "ymax": 718, "xmax": 634}}, {"tid": 1, "generated": 0, "bbox": {"xmin": 520, "ymin": 0, "ymax": 718, "xmax": 1084}}], [{"tid": 0, "generated": 0, "bbox": {"xmin": 124, "ymin": 55, "ymax": 718, "xmax": 635}}, {"tid": 1, "generated": 0, "bbox": {"xmin": 520, "ymin": 0, "ymax": 718, "xmax": 1084}}], [{"tid": 0, "generated": 0, "bbox": {"xmin": 119, "ymin": 54, "ymax": 718, "xmax": 636}}, {"tid": 1, "generated": 0, "bbox": {"xmin": 520, "ymin": 0, "ymax": 718, "xmax": 1084}}], [{"tid": 0, "generated": 0, "bbox": {"xmin": 115, "ymin": 53, "ymax": 718, "xmax": 638}}, {"tid": 1, "generated": 0, "bbox": {"xmin": 520, "ymin": 0, "ymax": 718, "xmax": 1084}}], [{"tid": 0, "generated": 0, "bbox": {"xmin": 110, "ymin": 52, "ymax": 718, "xmax": 639}}, {"tid": 1, "generated": 0, "bbox": {"xmin": 518, "ymin": 0, "ymax": 718, "xmax": 1082}}], [{"tid": 0, "generated": 0, "bbox": {"xmin": 106, "ymin": 51, "ymax": 718, "xmax": 640}}, {"tid": 1, "generated": 0, "bbox": {"xmin": 515, "ymin": 0, "ymax": 718, "xmax": 1079}}], [{"tid": 0, "generated": 0, "bbox": {"xmin": 101, "ymin": 50, "ymax": 718, "xmax": 641}}, {"tid": 1, "generated": 0, "bbox": {"xmin": 513, "ymin": 0, "ymax": 718, "xmax": 1077}}], [{"tid": 0, "generated": 0, "bbox": {"xmin": 97, "ymin": 49, "ymax": 718, "xmax": 643}}, {"tid": 1, "generated": 0, "bbox": {"xmin": 510, "ymin": 0, "ymax": 718, "xmax": 1074}}], [{"tid": 0, "generated": 0, "bbox": {"xmin": 119, "ymin": 58, "ymax": 718, "xmax": 632}}, {"tid": 1, "generated": 0, "bbox": {"xmin": 508, "ymin": 0, "ymax": 718, "xmax": 1072}}], [{"tid": 0, "generated": 0, "bbox": {"xmin": 103, "ymin": 58, "ymax": 718, "xmax": 628}}, {"tid": 1, "generated": 0, "bbox": {"xmin": 508, "ymin": 0, "ymax": 718, "xmax": 1072}}], [{"tid": 0, "generated": 0, "bbox": {"xmin": 87, "ymin": 59, "ymax": 718, "xmax": 624}}, {"tid": 1, "generated": 0, "bbox": {"xmin": 508, "ymin": 0, "ymax": 718, "xmax": 1072}}], [{"tid": 0, "generated": 0, "bbox": {"xmin": 71, "ymin": 60, "ymax": 718, "xmax": 620}}, {"tid": 1, "generated": 0, "bbox": {"xmin": 508, "ymin": 0, "ymax": 718, "xmax": 1072}}], [{"tid": 0, "generated": 0, "bbox": {"xmin": 68, "ymin": 61, "ymax": 718, "xmax": 617}}, {"tid": 1, "generated": 0, "bbox": {"xmin": 508, "ymin": 0, "ymax": 718, "xmax": 1072}}], [{"tid": 0, "generated": 0, "bbox": {"xmin": 66, "ymin": 62, "ymax": 718, "xmax": 615}}, {"tid": 1, "generated": 0, "bbox": {"xmin": 508, "ymin": 0, "ymax": 718, "xmax": 1072}}], [{"tid": 0, "generated": 0, "bbox": {"xmin": 64, "ymin": 63, "ymax": 718, "xmax": 613}}, {"tid": 1, "generated": 0, "bbox": {"xmin": 508, "ymin": 0, "ymax": 718, "xmax": 1066}}], [{"tid": 0, "generated": 0, "bbox": {"xmin": 62, "ymin": 65, "ymax": 718, "xmax": 611}}, {"tid": 1, "generated": 0, "bbox": {"xmin": 508, "ymin": 0, "ymax": 718, "xmax": 1061}}], [{"tid": 0, "generated": 0, "bbox": {"xmin": 64, "ymin": 68, "ymax": 718, "xmax": 613}}, {"tid": 1, "generated": 0, "bbox": {"xmin": 508, "ymin": 0, "ymax": 718, "xmax": 1055}}], [{"tid": 0, "generated": 0, "bbox": {"xmin": 67, "ymin": 72, "ymax": 718, "xmax": 616}}, {"tid": 1, "generated": 0, "bbox": {"xmin": 508, "ymin": 0, "ymax": 718, "xmax": 1050}}], [{"tid": 0, "generated": 0, "bbox": {"xmin": 88, "ymin": 76, "ymax": 718, "xmax": 602}}, {"tid": 1, "generated": 0, "bbox": {"xmin": 508, "ymin": 0, "ymax": 718, "xmax": 1044}}], [{"tid": 0, "generated": 0, "bbox": {"xmin": 86, "ymin": 79, "ymax": 718, "xmax": 604}}, {"tid": 1, "generated": 0, "bbox": {"xmin": 505, "ymin": 0, "ymax": 718, "xmax": 1044}}], [{"tid": 0, "generated": 0, "bbox": {"xmin": 85, "ymin": 82, "ymax": 718, "xmax": 606}}, {"tid": 1, "generated": 0, "bbox": {"xmin": 502, "ymin": 0, "ymax": 718, "xmax": 1044}}], [{"tid": 0, "generated": 0, "bbox": {"xmin": 84, "ymin": 85, "ymax": 718, "xmax": 608}}, {"tid": 1, "generated": 0, "bbox": {"xmin": 498, "ymin": 0, "ymax": 718, "xmax": 1044}}], [{"tid": 0, "generated": 0, "bbox": {"xmin": 83, "ymin": 88, "ymax": 718, "xmax": 610}}, {"tid": 1, "generated": 0, "bbox": {"xmin": 495, "ymin": 0, "ymax": 718, "xmax": 1044}}], [{"tid": 0, "generated": 0, "bbox": {"xmin": 82, "ymin": 91, "ymax": 718, "xmax": 612}}, {"tid": 1, "generated": 0, "bbox": {"xmin": 492, "ymin": 0, "ymax": 718, "xmax": 1060}}], [{"tid": 0, "generated": 0, "bbox": {"xmin": 81, "ymin": 94, "ymax": 718, "xmax": 615}}, {"tid": 1, "generated": 0, "bbox": {"xmin": 495, "ymin": 0, "ymax": 718, "xmax": 1044}}], [{"tid": 0, "generated": 0, "bbox": {"xmin": 83, "ymin": 97, "ymax": 718, "xmax": 619}}, {"tid": 1, "generated": 0, "bbox": {"xmin": 498, "ymin": 0, "ymax": 718, "xmax": 1044}}], [{"tid": 0, "generated": 0, "bbox": {"xmin": 85, "ymin": 100, "ymax": 718, "xmax": 623}}, {"tid": 1, "generated": 0, "bbox": {"xmin": 502, "ymin": 0, "ymax": 718, "xmax": 1044}}], [{"tid": 0, "generated": 0, "bbox": {"xmin": 88, "ymin": 103, "ymax": 718, "xmax": 627}}, {"tid": 1, "generated": 0, "bbox": {"xmin": 505, "ymin": 0, "ymax": 718, "xmax": 1044}}], [], [], [], [], [], [], [], [], [], [], [], [], [], [], [], [], [], [], [], [], [], [], [], [], [], [], [], [], [], [], [], [], [], [], [], [], [], [], [], [], [], [], [], [], [], [{"tid": 0, "generated": 0, "bbox": {"xmin": 129, "ymin": 85, "ymax": 716, "xmax": 735}}, {"tid": 1, "generated": 0, "bbox": {"xmin": 614, "ymin": 8, "ymax": 719, "xmax": 1168}}], [{"tid": 0, "generated": 0, "bbox": {"xmin": 124, "ymin": 85, "ymax": 716, "xmax": 737}}, {"tid": 1, "generated": 0, "bbox": {"xmin": 612, "ymin": 24, "ymax": 719, "xmax": 1166}}], [{"tid": 0, "generated": 0, "bbox": {"xmin": 124, "ymin": 87, "ymax": 716, "xmax": 735}}, {"tid": 1, "generated": 0, "bbox": {"xmin": 611, "ymin": 23, "ymax": 719, "xmax": 1165}}], [{"tid": 0, "generated": 0, "bbox": {"xmin": 125, "ymin": 89, "ymax": 717, "xmax": 733}}, {"tid": 1, "generated": 0, "bbox": {"xmin": 609, "ymin": 23, "ymax": 719, "xmax": 1163}}], [{"tid": 0, "generated": 0, "bbox": {"xmin": 126, "ymin": 92, "ymax": 718, "xmax": 732}}, {"tid": 1, "generated": 0, "bbox": {"xmin": 608, "ymin": 22, "ymax": 719, "xmax": 1162}}], [{"tid": 0, "generated": 0, "bbox": {"xmin": 168, "ymin": 94, "ymax": 718, "xmax": 682}}, {"tid": 1, "generated": 0, "bbox": {"xmin": 606, "ymin": 4, "ymax": 719, "xmax": 1160}}], [{"tid": 0, "generated": 0, "bbox": {"xmin": 158, "ymin": 93, "ymax": 718, "xmax": 697}}, {"tid": 1, "generated": 0, "bbox": {"xmin": 606, "ymin": 22, "ymax": 719, "xmax": 1160}}], [{"tid": 0, "generated": 0, "bbox": {"xmin": 148, "ymin": 92, "ymax": 718, "xmax": 712}}, {"tid": 1, "generated": 0, "bbox": {"xmin": 606, "ymin": 22, "ymax": 719, "xmax": 1160}}], [{"tid": 0, "generated": 0, "bbox": {"xmin": 138, "ymin": 92, "ymax": 718, "xmax": 728}}, {"tid": 1, "generated": 0, "bbox": {"xmin": 606, "ymin": 22, "ymax": 719, "xmax": 1160}}], [{"tid": 0, "generated": 0, "bbox": {"xmin": 135, "ymin": 93, "ymax": 718, "xmax": 731}}, {"tid": 1, "generated": 0, "bbox": {"xmin": 606, "ymin": 22, "ymax": 719, "xmax": 1160}}], [{"tid": 0, "generated": 0, "bbox": {"xmin": 133, "ymin": 94, "ymax": 718, "xmax": 735}}, {"tid": 1, "generated": 0, "bbox": {"xmin": 606, "ymin": 4, "ymax": 719, "xmax": 1160}}], [{"tid": 0, "generated": 0, "bbox": {"xmin": 131, "ymin": 96, "ymax": 718, "xmax": 739}}, {"tid": 1, "generated": 0, "bbox": {"xmin": 606, "ymin": 22, "ymax": 719, "xmax": 1160}}], [{"tid": 0, "generated": 0, "bbox": {"xmin": 132, "ymin": 97, "ymax": 718, "xmax": 743}}, {"tid": 1, "generated": 0, "bbox": {"xmin": 606, "ymin": 22, "ymax": 719, "xmax": 1160}}], [{"tid": 0, "generated": 0, "bbox": {"xmin": 134, "ymin": 98, "ymax": 718, "xmax": 748}}, {"tid": 1, "generated": 0, "bbox": {"xmin": 606, "ymin": 22, "ymax": 719, "xmax": 1160}}], [{"tid": 0, "generated": 0, "bbox": {"xmin": 136, "ymin": 99, "ymax": 718, "xmax": 753}}, {"tid": 1, "generated": 0, "bbox": {"xmin": 606, "ymin": 22, "ymax": 719, "xmax": 1160}}], [{"tid": 0, "generated": 0, "bbox": {"xmin": 168, "ymin": 99, "ymax": 718, "xmax": 680}}, {"tid": 1, "generated": 0, "bbox": {"xmin": 606, "ymin": 0, "ymax": 719, "xmax": 1160}}], [{"tid": 0, "generated": 0, "bbox": {"xmin": 161, "ymin": 96, "ymax": 718, "xmax": 688}}, {"tid": 1, "generated": 0, "bbox": {"xmin": 606, "ymin": 22, "ymax": 719, "xmax": 1160}}], [{"tid": 0, "generated": 0, "bbox": {"xmin": 155, "ymin": 93, "ymax": 718, "xmax": 697}}, {"tid": 1, "generated": 0, "bbox": {"xmin": 606, "ymin": 22, "ymax": 719, "xmax": 1160}}], [{"tid": 0, "generated": 0, "bbox": {"xmin": 149, "ymin": 91, "ymax": 718, "xmax": 706}}, {"tid": 1, "generated": 0, "bbox": {"xmin": 606, "ymin": 22, "ymax": 719, "xmax": 1160}}], [{"tid": 0, "generated": 0, "bbox": {"xmin": 143, "ymin": 88, "ymax": 718, "xmax": 714}}, {"tid": 1, "generated": 0, "bbox": {"xmin": 606, "ymin": 22, "ymax": 719, "xmax": 1160}}], [{"tid": 0, "generated": 0, "bbox": {"xmin": 137, "ymin": 85, "ymax": 718, "xmax": 723}}, {"tid": 1, "generated": 0, "bbox": {"xmin": 606, "ymin": 4, "ymax": 719, "xmax": 1160}}], [{"tid": 0, "generated": 0, "bbox": {"xmin": 131, "ymin": 83, "ymax": 718, "xmax": 732}}, {"tid": 1, "generated": 0, "bbox": {"xmin": 606, "ymin": 22, "ymax": 719, "xmax": 1160}}], [{"tid": 0, "generated": 0, "bbox": {"xmin": 130, "ymin": 83, "ymax": 718, "xmax": 733}}, {"tid": 1, "generated": 0, "bbox": {"xmin": 606, "ymin": 22, "ymax": 719, "xmax": 1160}}], [{"tid": 0, "generated": 0, "bbox": {"xmin": 129, "ymin": 84, "ymax": 718, "xmax": 735}}, {"tid": 1, "generated": 0, "bbox": {"xmin": 606, "ymin": 22, "ymax": 719, "xmax": 1160}}], [{"tid": 0, "generated": 0, "bbox": {"xmin": 129, "ymin": 85, "ymax": 718, "xmax": 737}}, {"tid": 1, "generated": 0, "bbox": {"xmin": 606, "ymin": 22, "ymax": 719, "xmax": 1160}}], [{"tid": 0, "generated": 0, "bbox": {"xmin": 154, "ymin": 90, "ymax": 718, "xmax": 682}}, {"tid": 1, "generated": 0, "bbox": {"xmin": 606, "ymin": 2, "ymax": 719, "xmax": 1160}}], [{"tid": 0, "generated": 0, "bbox": {"xmin": 147, "ymin": 90, "ymax": 718, "xmax": 704}}, {"tid": 1, "generated": 0, "bbox": {"xmin": 606, "ymin": 22, "ymax": 719, "xmax": 1160}}], [{"tid": 0, "generated": 0, "bbox": {"xmin": 140, "ymin": 90, "ymax": 718, "xmax": 727}}, {"tid": 1, "generated": 0, "bbox": {"xmin": 606, "ymin": 22, "ymax": 719, "xmax": 1160}}], [{"tid": 0, "generated": 0, "bbox": {"xmin": 133, "ymin": 90, "ymax": 718, "xmax": 750}}, {"tid": 1, "generated": 0, "bbox": {"xmin": 606, "ymin": 22, "ymax": 719, "xmax": 1160}}], [{"tid": 0, "generated": 0, "bbox": {"xmin": 137, "ymin": 90, "ymax": 718, "xmax": 754}}, {"tid": 1, "generated": 0, "bbox": {"xmin": 606, "ymin": 22, "ymax": 719, "xmax": 1160}}]], "subject/objects": [{"category": "dog", "tid": 0}, {"category": "person", "tid": 1}], "relation_instances": [{"end_fid": 30, "subject_tid": 0, "predicate": "next_to", "begin_fid": 0, "object_tid": 1}, {"end_fid": 30, "subject_tid": 0, "predicate": "left", "begin_fid": 0, "object_tid": 1}, {"end_fid": 30, "subject_tid": 1, "predicate": "right", "begin_fid": 0, "object_tid": 0}, {"end_fid": 30, "subject_tid": 1, "predicate": "next_to", "begin_fid": 0, "object_tid": 0}, {"end_fid": 30, "subject_tid": 1, "predicate": "hold", "begin_fid": 0, "object_tid": 0}, {"end_fid": 105, "subject_tid": 0, "predicate": "next_to", "begin_fid": 75, "object_tid": 1}, {"end_fid": 105, "subject_tid": 0, "predicate": "left", "begin_fid": 75, "object_tid": 1}, {"end_fid": 105, "subject_tid": 1, "predicate": "right", "begin_fid": 75, "object_tid": 0}, {"end_fid": 105, "subject_tid": 1, "predicate": "next_to", "begin_fid": 75, "object_tid": 0}, {"end_fid": 105, "subject_tid": 1, "predicate": "hold", "begin_fid": 75, "object_tid": 0}], "height": 720}