{"width": 480, "frame_count": 270, "video_id": "ILSVRC2015_train_00192000", "fps": 30, "trajectories": [[{"tid": 0, "generated": 0, "bbox": {"xmin": 139, "ymin": 206, "ymax": 341, "xmax": 217}}, {"tid": 1, "generated": 0, "bbox": {"xmin": 114, "ymin": 36, "ymax": 92, "xmax": 156}}], [{"tid": 0, "generated": 0, "bbox": {"xmin": 137, "ymin": 207, "ymax": 336, "xmax": 217}}, {"tid": 1, "generated": 0, "bbox": {"xmin": 114, "ymin": 36, "ymax": 92, "xmax": 156}}], [{"tid": 0, "generated": 0, "bbox": {"xmin": 140, "ymin": 208, "ymax": 344, "xmax": 217}}, {"tid": 1, "generated": 0, "bbox": {"xmin": 114, "ymin": 36, "ymax": 92, "xmax": 156}}], [{"tid": 0, "generated": 0, "bbox": {"xmin": 138, "ymin": 208, "ymax": 342, "xmax": 218}}, {"tid": 1, "generated": 0, "bbox": {"xmin": 114, "ymin": 36, "ymax": 92, "xmax": 156}}], [{"tid": 0, "generated": 0, "bbox": {"xmin": 141, "ymin": 208, "ymax": 342, "xmax": 218}}, {"tid": 1, "generated": 0, "bbox": {"xmin": 114, "ymin": 36, "ymax": 92, "xmax": 156}}], [{"tid": 0, "generated": 0, "bbox": {"xmin": 138, "ymin": 210, "ymax": 339, "xmax": 219}}, {"tid": 1, "generated": 0, "bbox": {"xmin": 114, "ymin": 36, "ymax": 92, "xmax": 156}}], [{"tid": 0, "generated": 0, "bbox": {"xmin": 138, "ymin": 208, "ymax": 339, "xmax": 218}}, {"tid": 1, "generated": 0, "bbox": {"xmin": 114, "ymin": 36, "ymax": 92, "xmax": 156}}], [{"tid": 0, "generated": 0, "bbox": {"xmin": 138, "ymin": 208, "ymax": 337, "xmax": 218}}, {"tid": 1, "generated": 0, "bbox": {"xmin": 114, "ymin": 36, "ymax": 92, "xmax": 156}}], [{"tid": 0, "generated": 0, "bbox": {"xmin": 134, "ymin": 208, "ymax": 338, "xmax": 216}}, {"tid": 1, "generated": 0, "bbox": {"xmin": 114, "ymin": 36, "ymax": 92, "xmax": 156}}], [{"tid": 0, "generated": 0, "bbox": {"xmin": 136, "ymin": 206, "ymax": 334, "xmax": 216}}, {"tid": 1, "generated": 0, "bbox": {"xmin": 114, "ymin": 36, "ymax": 92, "xmax": 156}}], [{"tid": 0, "generated": 0, "bbox": {"xmin": 134, "ymin": 208, "ymax": 337, "xmax": 216}}, {"tid": 1, "generated": 0, "bbox": {"xmin": 114, "ymin": 36, "ymax": 92, "xmax": 156}}], [{"tid": 0, "generated": 0, "bbox": {"xmin": 129, "ymin": 205, "ymax": 332, "xmax": 212}}, {"tid": 1, "generated": 0, "bbox": {"xmin": 114, "ymin": 36, "ymax": 92, "xmax": 156}}], [{"tid": 0, "generated": 0, "bbox": {"xmin": 129, "ymin": 206, "ymax": 336, "xmax": 212}}, {"tid": 1, "generated": 0, "bbox": {"xmin": 114, "ymin": 36, "ymax": 92, "xmax": 156}}], [{"tid": 0, "generated": 0, "bbox": {"xmin": 130, "ymin": 208, "ymax": 333, "xmax": 212}}, {"tid": 1, "generated": 0, "bbox": {"xmin": 114, "ymin": 36, "ymax": 92, "xmax": 156}}], [{"tid": 0, "generated": 0, "bbox": {"xmin": 130, "ymin": 206, "ymax": 335, "xmax": 212}}, {"tid": 1, "generated": 0, "bbox": {"xmin": 114, "ymin": 36, "ymax": 92, "xmax": 156}}], [{"tid": 0, "generated": 0, "bbox": {"xmin": 129, "ymin": 206, "ymax": 332, "xmax": 211}}, {"tid": 1, "generated": 0, "bbox": {"xmin": 114, "ymin": 36, "ymax": 92, "xmax": 156}}], [{"tid": 0, "generated": 0, "bbox": {"xmin": 129, "ymin": 206, "ymax": 335, "xmax": 211}}, {"tid": 1, "generated": 0, "bbox": {"xmin": 114, "ymin": 36, "ymax": 92, "xmax": 156}}], [{"tid": 0, "generated": 0, "bbox": {"xmin": 129, "ymin": 206, "ymax": 332, "xmax": 212}}, {"tid": 1, "generated": 0, "bbox": {"xmin": 114, "ymin": 36, "ymax": 92, "xmax": 156}}], [{"tid": 0, "generated": 0, "bbox": {"xmin": 130, "ymin": 206, "ymax": 333, "xmax": 213}}, {"tid": 1, "generated": 0, "bbox": {"xmin": 114, "ymin": 36, "ymax": 92, "xmax": 156}}], [{"tid": 0, "generated": 0, "bbox": {"xmin": 129, "ymin": 205, "ymax": 332, "xmax": 212}}, {"tid": 1, "generated": 0, "bbox": {"xmin": 114, "ymin": 36, "ymax": 92, "xmax": 156}}], [{"tid": 0, "generated": 0, "bbox": {"xmin": 130, "ymin": 207, "ymax": 338, "xmax": 212}}, {"tid": 1, "generated": 0, "bbox": {"xmin": 114, "ymin": 36, "ymax": 92, "xmax": 156}}], [{"tid": 0, "generated": 0, "bbox": {"xmin": 131, "ymin": 208, "ymax": 334, "xmax": 212}}, {"tid": 1, "generated": 0, "bbox": {"xmin": 114, "ymin": 35, "ymax": 91, "xmax": 156}}], [{"tid": 0, "generated": 0, "bbox": {"xmin": 123, "ymin": 206, "ymax": 332, "xmax": 210}}, {"tid": 1, "generated": 0, "bbox": {"xmin": 113, "ymin": 35, "ymax": 91, "xmax": 155}}], [{"tid": 0, "generated": 0, "bbox": {"xmin": 122, "ymin": 205, "ymax": 328, "xmax": 209}}, {"tid": 1, "generated": 0, "bbox": {"xmin": 113, "ymin": 34, "ymax": 90, "xmax": 155}}], [{"tid": 0, "generated": 0, "bbox": {"xmin": 122, "ymin": 206, "ymax": 334, "xmax": 209}}, {"tid": 1, "generated": 0, "bbox": {"xmin": 112, "ymin": 34, "ymax": 90, "xmax": 154}}], [{"tid": 0, "generated": 0, "bbox": {"xmin": 120, "ymin": 205, "ymax": 331, "xmax": 205}}, {"tid": 1, "generated": 0, "bbox": {"xmin": 112, "ymin": 33, "ymax": 89, "xmax": 154}}], [{"tid": 0, "generated": 0, "bbox": {"xmin": 119, "ymin": 205, "ymax": 332, "xmax": 206}}, {"tid": 1, "generated": 0, "bbox": {"xmin": 113, "ymin": 34, "ymax": 90, "xmax": 155}}], [{"tid": 0, "generated": 0, "bbox": {"xmin": 126, "ymin": 208, "ymax": 336, "xmax": 209}}, {"tid": 1, "generated": 0, "bbox": {"xmin": 113, "ymin": 36, "ymax": 92, "xmax": 155}}], [{"tid": 0, "generated": 0, "bbox": {"xmin": 131, "ymin": 212, "ymax": 340, "xmax": 210}}, {"tid": 1, "generated": 0, "bbox": {"xmin": 114, "ymin": 37, "ymax": 93, "xmax": 156}}], [{"tid": 0, "generated": 0, "bbox": {"xmin": 129, "ymin": 212, "ymax": 344, "xmax": 212}}, {"tid": 1, "generated": 0, "bbox": {"xmin": 114, "ymin": 39, "ymax": 95, "xmax": 156}}], [{"tid": 0, "generated": 0, "bbox": {"xmin": 141, "ymin": 217, "ymax": 341, "xmax": 214}}, {"tid": 1, "generated": 0, "bbox": {"xmin": 115, "ymin": 40, "ymax": 96, "xmax": 157}}], [{"tid": 0, "generated": 0, "bbox": {"xmin": 141, "ymin": 217, "ymax": 342, "xmax": 214}}, {"tid": 1, "generated": 0, "bbox": {"xmin": 116, "ymin": 41, "ymax": 97, "xmax": 158}}], [{"tid": 0, "generated": 0, "bbox": {"xmin": 141, "ymin": 218, "ymax": 342, "xmax": 214}}, {"tid": 1, "generated": 0, "bbox": {"xmin": 117, "ymin": 43, "ymax": 99, "xmax": 159}}], [{"tid": 0, "generated": 0, "bbox": {"xmin": 144, "ymin": 219, "ymax": 344, "xmax": 217}}, {"tid": 1, "generated": 0, "bbox": {"xmin": 117, "ymin": 44, "ymax": 100, "xmax": 159}}], [{"tid": 0, "generated": 0, "bbox": {"xmin": 142, "ymin": 222, "ymax": 347, "xmax": 218}}, {"tid": 1, "generated": 0, "bbox": {"xmin": 118, "ymin": 46, "ymax": 102, "xmax": 160}}], [{"tid": 0, "generated": 0, "bbox": {"xmin": 139, "ymin": 220, "ymax": 340, "xmax": 219}}, {"tid": 1, "generated": 0, "bbox": {"xmin": 119, "ymin": 47, "ymax": 103, "xmax": 161}}], [{"tid": 0, "generated": 0, "bbox": {"xmin": 138, "ymin": 220, "ymax": 340, "xmax": 221}}, {"tid": 1, "generated": 0, "bbox": {"xmin": 118, "ymin": 47, "ymax": 103, "xmax": 160}}], [{"tid": 0, "generated": 0, "bbox": {"xmin": 140, "ymin": 218, "ymax": 341, "xmax": 221}}, {"tid": 1, "generated": 0, "bbox": {"xmin": 118, "ymin": 47, "ymax": 103, "xmax": 160}}], [{"tid": 0, "generated": 0, "bbox": {"xmin": 140, "ymin": 222, "ymax": 344, "xmax": 218}}, {"tid": 1, "generated": 0, "bbox": {"xmin": 117, "ymin": 46, "ymax": 102, "xmax": 159}}], [{"tid": 0, "generated": 0, "bbox": {"xmin": 140, "ymin": 222, "ymax": 345, "xmax": 216}}, {"tid": 1, "generated": 0, "bbox": {"xmin": 117, "ymin": 46, "ymax": 102, "xmax": 159}}], [{"tid": 0, "generated": 0, "bbox": {"xmin": 134, "ymin": 222, "ymax": 346, "xmax": 217}}, {"tid": 1, "generated": 0, "bbox": {"xmin": 116, "ymin": 46, "ymax": 102, "xmax": 158}}], [{"tid": 0, "generated": 0, "bbox": {"xmin": 134, "ymin": 221, "ymax": 346, "xmax": 214}}, {"tid": 1, "generated": 0, "bbox": {"xmin": 117, "ymin": 46, "ymax": 102, "xmax": 159}}], [{"tid": 0, "generated": 0, "bbox": {"xmin": 134, "ymin": 221, "ymax": 346, "xmax": 215}}, {"tid": 1, "generated": 0, "bbox": {"xmin": 118, "ymin": 45, "ymax": 101, "xmax": 160}}], [{"tid": 0, "generated": 0, "bbox": {"xmin": 135, "ymin": 220, "ymax": 346, "xmax": 214}}, {"tid": 1, "generated": 0, "bbox": {"xmin": 119, "ymin": 45, "ymax": 101, "xmax": 161}}], [{"tid": 0, "generated": 0, "bbox": {"xmin": 141, "ymin": 222, "ymax": 345, "xmax": 218}}, {"tid": 1, "generated": 0, "bbox": {"xmin": 120, "ymin": 44, "ymax": 100, "xmax": 162}}], [{"tid": 0, "generated": 0, "bbox": {"xmin": 141, "ymin": 222, "ymax": 344, "xmax": 218}}, {"tid": 1, "generated": 0, "bbox": {"xmin": 121, "ymin": 44, "ymax": 100, "xmax": 163}}], [{"tid": 0, "generated": 0, "bbox": {"xmin": 142, "ymin": 222, "ymax": 344, "xmax": 220}}, {"tid": 1, "generated": 0, "bbox": {"xmin": 122, "ymin": 45, "ymax": 101, "xmax": 164}}], [{"tid": 0, "generated": 0, "bbox": {"xmin": 142, "ymin": 222, "ymax": 344, "xmax": 220}}, {"tid": 1, "generated": 0, "bbox": {"xmin": 123, "ymin": 46, "ymax": 102, "xmax": 165}}], [{"tid": 0, "generated": 0, "bbox": {"xmin": 142, "ymin": 223, "ymax": 343, "xmax": 221}}, {"tid": 1, "generated": 0, "bbox": {"xmin": 123, "ymin": 46, "ymax": 102, "xmax": 165}}], [{"tid": 0, "generated": 0, "bbox": {"xmin": 144, "ymin": 224, "ymax": 346, "xmax": 220}}, {"tid": 1, "generated": 0, "bbox": {"xmin": 124, "ymin": 47, "ymax": 103, "xmax": 166}}], [{"tid": 0, "generated": 0, "bbox": {"xmin": 144, "ymin": 224, "ymax": 345, "xmax": 219}}, {"tid": 1, "generated": 0, "bbox": {"xmin": 125, "ymin": 48, "ymax": 104, "xmax": 167}}], [{"tid": 0, "generated": 0, "bbox": {"xmin": 142, "ymin": 224, "ymax": 346, "xmax": 218}}, {"tid": 1, "generated": 0, "bbox": {"xmin": 124, "ymin": 49, "ymax": 105, "xmax": 166}}], [{"tid": 0, "generated": 0, "bbox": {"xmin": 141, "ymin": 226, "ymax": 350, "xmax": 216}}, {"tid": 1, "generated": 0, "bbox": {"xmin": 123, "ymin": 50, "ymax": 106, "xmax": 165}}], [{"tid": 0, "generated": 0, "bbox": {"xmin": 140, "ymin": 226, "ymax": 347, "xmax": 214}}, {"tid": 1, "generated": 0, "bbox": {"xmin": 121, "ymin": 50, "ymax": 106, "xmax": 163}}], [{"tid": 0, "generated": 0, "bbox": {"xmin": 135, "ymin": 228, "ymax": 358, "xmax": 212}}, {"tid": 1, "generated": 0, "bbox": {"xmin": 120, "ymin": 51, "ymax": 107, "xmax": 162}}], [{"tid": 0, "generated": 0, "bbox": {"xmin": 140, "ymin": 228, "ymax": 352, "xmax": 214}}, {"tid": 1, "generated": 0, "bbox": {"xmin": 119, "ymin": 52, "ymax": 108, "xmax": 161}}], [{"tid": 0, "generated": 0, "bbox": {"xmin": 138, "ymin": 228, "ymax": 353, "xmax": 212}}, {"tid": 1, "generated": 0, "bbox": {"xmin": 118, "ymin": 52, "ymax": 108, "xmax": 160}}], [{"tid": 0, "generated": 0, "bbox": {"xmin": 138, "ymin": 230, "ymax": 354, "xmax": 211}}, {"tid": 1, "generated": 0, "bbox": {"xmin": 118, "ymin": 53, "ymax": 109, "xmax": 160}}], [{"tid": 0, "generated": 0, "bbox": {"xmin": 137, "ymin": 230, "ymax": 356, "xmax": 210}}, {"tid": 1, "generated": 0, "bbox": {"xmin": 117, "ymin": 53, "ymax": 109, "xmax": 159}}], [{"tid": 0, "generated": 0, "bbox": {"xmin": 136, "ymin": 231, "ymax": 357, "xmax": 209}}, {"tid": 1, "generated": 0, "bbox": {"xmin": 117, "ymin": 54, "ymax": 110, "xmax": 159}}], [], [], [], [], [], [], [], [], [], [], [], [], [], [], [], [], [], [], [], [], [], [], [], [], [], [], [], [], [], [], [{"tid": 0, "generated": 0, "bbox": {"xmin": 141, "ymin": 226, "ymax": 342, "xmax": 224}}, {"tid": 1, "generated": 0, "bbox": {"xmin": 107, "ymin": 45, "ymax": 130, "xmax": 149}}], [{"tid": 0, "generated": 0, "bbox": {"xmin": 140, "ymin": 226, "ymax": 342, "xmax": 224}}, {"tid": 1, "generated": 0, "bbox": {"xmin": 106, "ymin": 45, "ymax": 130, "xmax": 148}}], [{"tid": 0, "generated": 0, "bbox": {"xmin": 140, "ymin": 228, "ymax": 344, "xmax": 226}}, {"tid": 1, "generated": 0, "bbox": {"xmin": 105, "ymin": 44, "ymax": 129, "xmax": 147}}], [{"tid": 0, "generated": 0, "bbox": {"xmin": 137, "ymin": 230, "ymax": 342, "xmax": 225}}, {"tid": 1, "generated": 0, "bbox": {"xmin": 105, "ymin": 44, "ymax": 129, "xmax": 147}}], [{"tid": 0, "generated": 0, "bbox": {"xmin": 134, "ymin": 233, "ymax": 348, "xmax": 226}}, {"tid": 1, "generated": 0, "bbox": {"xmin": 104, "ymin": 43, "ymax": 128, "xmax": 146}}], [{"tid": 0, "generated": 0, "bbox": {"xmin": 134, "ymin": 234, "ymax": 343, "xmax": 223}}, {"tid": 1, "generated": 0, "bbox": {"xmin": 103, "ymin": 43, "ymax": 128, "xmax": 145}}], [{"tid": 0, "generated": 0, "bbox": {"xmin": 134, "ymin": 234, "ymax": 342, "xmax": 228}}, {"tid": 1, "generated": 0, "bbox": {"xmin": 101, "ymin": 44, "ymax": 129, "xmax": 143}}], [{"tid": 0, "generated": 0, "bbox": {"xmin": 136, "ymin": 233, "ymax": 343, "xmax": 228}}, {"tid": 1, "generated": 0, "bbox": {"xmin": 100, "ymin": 45, "ymax": 130, "xmax": 142}}], [{"tid": 0, "generated": 0, "bbox": {"xmin": 136, "ymin": 234, "ymax": 344, "xmax": 225}}, {"tid": 1, "generated": 0, "bbox": {"xmin": 98, "ymin": 45, "ymax": 130, "xmax": 140}}], [{"tid": 0, "generated": 0, "bbox": {"xmin": 135, "ymin": 235, "ymax": 344, "xmax": 225}}, {"tid": 1, "generated": 0, "bbox": {"xmin": 97, "ymin": 46, "ymax": 131, "xmax": 139}}], [{"tid": 0, "generated": 0, "bbox": {"xmin": 134, "ymin": 236, "ymax": 344, "xmax": 226}}, {"tid": 1, "generated": 0, "bbox": {"xmin": 95, "ymin": 47, "ymax": 132, "xmax": 137}}], [{"tid": 0, "generated": 0, "bbox": {"xmin": 135, "ymin": 237, "ymax": 342, "xmax": 226}}, {"tid": 1, "generated": 0, "bbox": {"xmin": 94, "ymin": 48, "ymax": 134, "xmax": 136}}], [{"tid": 0, "generated": 0, "bbox": {"xmin": 134, "ymin": 237, "ymax": 342, "xmax": 227}}, {"tid": 1, "generated": 0, "bbox": {"xmin": 93, "ymin": 48, "ymax": 135, "xmax": 134}}], [{"tid": 0, "generated": 0, "bbox": {"xmin": 134, "ymin": 236, "ymax": 341, "xmax": 226}}, {"tid": 1, "generated": 0, "bbox": {"xmin": 91, "ymin": 49, "ymax": 137, "xmax": 133}}], [{"tid": 0, "generated": 0, "bbox": {"xmin": 134, "ymin": 237, "ymax": 340, "xmax": 225}}, {"tid": 1, "generated": 0, "bbox": {"xmin": 90, "ymin": 49, "ymax": 138, "xmax": 131}}], [{"tid": 0, "generated": 0, "bbox": {"xmin": 133, "ymin": 236, "ymax": 340, "xmax": 224}}, {"tid": 1, "generated": 0, "bbox": {"xmin": 89, "ymin": 50, "ymax": 140, "xmax": 130}}], [{"tid": 0, "generated": 0, "bbox": {"xmin": 132, "ymin": 236, "ymax": 341, "xmax": 223}}, {"tid": 1, "generated": 0, "bbox": {"xmin": 88, "ymin": 50, "ymax": 140, "xmax": 129}}], [{"tid": 0, "generated": 0, "bbox": {"xmin": 130, "ymin": 235, "ymax": 341, "xmax": 222}}, {"tid": 1, "generated": 0, "bbox": {"xmin": 86, "ymin": 50, "ymax": 140, "xmax": 127}}], [{"tid": 0, "generated": 0, "bbox": {"xmin": 130, "ymin": 234, "ymax": 342, "xmax": 222}}, {"tid": 1, "generated": 0, "bbox": {"xmin": 85, "ymin": 51, "ymax": 141, "xmax": 126}}], [{"tid": 0, "generated": 0, "bbox": {"xmin": 128, "ymin": 234, "ymax": 340, "xmax": 220}}, {"tid": 1, "generated": 0, "bbox": {"xmin": 83, "ymin": 51, "ymax": 141, "xmax": 124}}], [{"tid": 0, "generated": 0, "bbox": {"xmin": 126, "ymin": 234, "ymax": 344, "xmax": 221}}, {"tid": 1, "generated": 0, "bbox": {"xmin": 82, "ymin": 51, "ymax": 141, "xmax": 123}}], [{"tid": 0, "generated": 0, "bbox": {"xmin": 124, "ymin": 232, "ymax": 340, "xmax": 218}}, {"tid": 1, "generated": 0, "bbox": {"xmin": 78, "ymin": 50, "ymax": 140, "xmax": 120}}], [{"tid": 0, "generated": 0, "bbox": {"xmin": 122, "ymin": 230, "ymax": 342, "xmax": 216}}, {"tid": 1, "generated": 0, "bbox": {"xmin": 74, "ymin": 48, "ymax": 139, "xmax": 117}}], [{"tid": 0, "generated": 0, "bbox": {"xmin": 120, "ymin": 229, "ymax": 342, "xmax": 213}}, {"tid": 1, "generated": 0, "bbox": {"xmin": 69, "ymin": 47, "ymax": 138, "xmax": 113}}], [{"tid": 0, "generated": 0, "bbox": {"xmin": 118, "ymin": 227, "ymax": 341, "xmax": 210}}, {"tid": 1, "generated": 0, "bbox": {"xmin": 65, "ymin": 45, "ymax": 137, "xmax": 110}}], [{"tid": 0, "generated": 0, "bbox": {"xmin": 116, "ymin": 225, "ymax": 340, "xmax": 208}}, {"tid": 1, "generated": 0, "bbox": {"xmin": 61, "ymin": 44, "ymax": 136, "xmax": 107}}], [{"tid": 0, "generated": 0, "bbox": {"xmin": 115, "ymin": 224, "ymax": 340, "xmax": 205}}, {"tid": 1, "generated": 0, "bbox": {"xmin": 58, "ymin": 45, "ymax": 137, "xmax": 104}}], [{"tid": 0, "generated": 0, "bbox": {"xmin": 115, "ymin": 222, "ymax": 338, "xmax": 200}}, {"tid": 1, "generated": 0, "bbox": {"xmin": 55, "ymin": 45, "ymax": 137, "xmax": 101}}], [{"tid": 0, "generated": 0, "bbox": {"xmin": 112, "ymin": 223, "ymax": 338, "xmax": 197}}, {"tid": 1, "generated": 0, "bbox": {"xmin": 51, "ymin": 46, "ymax": 138, "xmax": 97}}], [{"tid": 0, "generated": 0, "bbox": {"xmin": 110, "ymin": 224, "ymax": 338, "xmax": 194}}, {"tid": 1, "generated": 0, "bbox": {"xmin": 48, "ymin": 46, "ymax": 138, "xmax": 94}}], [{"tid": 0, "generated": 0, "bbox": {"xmin": 108, "ymin": 224, "ymax": 339, "xmax": 190}}, {"tid": 1, "generated": 0, "bbox": {"xmin": 45, "ymin": 47, "ymax": 139, "xmax": 91}}], [{"tid": 0, "generated": 0, "bbox": {"xmin": 107, "ymin": 224, "ymax": 342, "xmax": 188}}, {"tid": 1, "generated": 0, "bbox": {"xmin": 43, "ymin": 47, "ymax": 139, "xmax": 89}}], [{"tid": 0, "generated": 0, "bbox": {"xmin": 107, "ymin": 223, "ymax": 342, "xmax": 187}}, {"tid": 1, "generated": 0, "bbox": {"xmin": 42, "ymin": 48, "ymax": 140, "xmax": 88}}], [{"tid": 0, "generated": 0, "bbox": {"xmin": 107, "ymin": 222, "ymax": 341, "xmax": 186}}, {"tid": 1, "generated": 0, "bbox": {"xmin": 40, "ymin": 48, "ymax": 140, "xmax": 86}}], [{"tid": 0, "generated": 0, "bbox": {"xmin": 106, "ymin": 222, "ymax": 341, "xmax": 185}}, {"tid": 1, "generated": 0, "bbox": {"xmin": 39, "ymin": 49, "ymax": 141, "xmax": 85}}], [{"tid": 0, "generated": 0, "bbox": {"xmin": 106, "ymin": 222, "ymax": 342, "xmax": 184}}, {"tid": 1, "generated": 0, "bbox": {"xmin": 37, "ymin": 49, "ymax": 141, "xmax": 83}}], [{"tid": 0, "generated": 0, "bbox": {"xmin": 106, "ymin": 221, "ymax": 342, "xmax": 183}}, {"tid": 1, "generated": 0, "bbox": {"xmin": 34, "ymin": 49, "ymax": 141, "xmax": 80}}], [{"tid": 0, "generated": 0, "bbox": {"xmin": 106, "ymin": 221, "ymax": 342, "xmax": 182}}, {"tid": 1, "generated": 0, "bbox": {"xmin": 31, "ymin": 50, "ymax": 142, "xmax": 77}}], [{"tid": 0, "generated": 0, "bbox": {"xmin": 106, "ymin": 221, "ymax": 343, "xmax": 181}}, {"tid": 1, "generated": 0, "bbox": {"xmin": 29, "ymin": 50, "ymax": 142, "xmax": 75}}], [{"tid": 0, "generated": 0, "bbox": {"xmin": 106, "ymin": 222, "ymax": 343, "xmax": 179}}, {"tid": 1, "generated": 0, "bbox": {"xmin": 26, "ymin": 51, "ymax": 143, "xmax": 72}}], [{"tid": 0, "generated": 0, "bbox": {"xmin": 109, "ymin": 218, "ymax": 343, "xmax": 180}}, {"tid": 1, "generated": 0, "bbox": {"xmin": 23, "ymin": 51, "ymax": 143, "xmax": 69}}], [{"tid": 0, "generated": 0, "bbox": {"xmin": 108, "ymin": 217, "ymax": 341, "xmax": 181}}, {"tid": 1, "generated": 0, "bbox": {"xmin": 22, "ymin": 51, "ymax": 143, "xmax": 68}}], [{"tid": 0, "generated": 0, "bbox": {"xmin": 110, "ymin": 212, "ymax": 337, "xmax": 180}}, {"tid": 1, "generated": 0, "bbox": {"xmin": 21, "ymin": 51, "ymax": 143, "xmax": 67}}], [{"tid": 0, "generated": 0, "bbox": {"xmin": 115, "ymin": 208, "ymax": 333, "xmax": 178}}, {"tid": 1, "generated": 0, "bbox": {"xmin": 20, "ymin": 50, "ymax": 142, "xmax": 66}}], [{"tid": 0, "generated": 0, "bbox": {"xmin": 115, "ymin": 204, "ymax": 330, "xmax": 181}}, {"tid": 1, "generated": 0, "bbox": {"xmin": 19, "ymin": 50, "ymax": 142, "xmax": 65}}], [{"tid": 0, "generated": 0, "bbox": {"xmin": 122, "ymin": 198, "ymax": 329, "xmax": 184}}, {"tid": 1, "generated": 0, "bbox": {"xmin": 18, "ymin": 50, "ymax": 142, "xmax": 64}}], [{"tid": 0, "generated": 0, "bbox": {"xmin": 126, "ymin": 193, "ymax": 326, "xmax": 192}}, {"tid": 1, "generated": 0, "bbox": {"xmin": 17, "ymin": 50, "ymax": 142, "xmax": 63}}], [{"tid": 0, "generated": 0, "bbox": {"xmin": 122, "ymin": 188, "ymax": 324, "xmax": 194}}, {"tid": 1, "generated": 0, "bbox": {"xmin": 17, "ymin": 51, "ymax": 143, "xmax": 63}}], [{"tid": 0, "generated": 0, "bbox": {"xmin": 120, "ymin": 183, "ymax": 323, "xmax": 198}}, {"tid": 1, "generated": 0, "bbox": {"xmin": 16, "ymin": 51, "ymax": 143, "xmax": 62}}], [{"tid": 0, "generated": 0, "bbox": {"xmin": 116, "ymin": 178, "ymax": 322, "xmax": 201}}, {"tid": 1, "generated": 0, "bbox": {"xmin": 16, "ymin": 52, "ymax": 144, "xmax": 62}}], [{"tid": 0, "generated": 0, "bbox": {"xmin": 114, "ymin": 174, "ymax": 321, "xmax": 204}}, {"tid": 1, "generated": 0, "bbox": {"xmin": 15, "ymin": 52, "ymax": 144, "xmax": 61}}], [{"tid": 0, "generated": 0, "bbox": {"xmin": 114, "ymin": 163, "ymax": 305, "xmax": 210}}, {"tid": 1, "generated": 0, "bbox": {"xmin": 15, "ymin": 52, "ymax": 144, "xmax": 60}}], [{"tid": 0, "generated": 0, "bbox": {"xmin": 114, "ymin": 153, "ymax": 289, "xmax": 216}}, {"tid": 1, "generated": 0, "bbox": {"xmin": 15, "ymin": 52, "ymax": 144, "xmax": 58}}], [{"tid": 0, "generated": 0, "bbox": {"xmin": 116, "ymin": 148, "ymax": 288, "xmax": 217}}, {"tid": 1, "generated": 0, "bbox": {"xmin": 15, "ymin": 52, "ymax": 144, "xmax": 57}}], [{"tid": 0, "generated": 0, "bbox": {"xmin": 119, "ymin": 143, "ymax": 279, "xmax": 218}}, {"tid": 1, "generated": 0, "bbox": {"xmin": 15, "ymin": 52, "ymax": 144, "xmax": 55}}], [{"tid": 0, "generated": 0, "bbox": {"xmin": 127, "ymin": 142, "ymax": 272, "xmax": 221}}, {"tid": 1, "generated": 0, "bbox": {"xmin": 15, "ymin": 52, "ymax": 144, "xmax": 54}}], [{"tid": 0, "generated": 0, "bbox": {"xmin": 141, "ymin": 140, "ymax": 269, "xmax": 226}}, {"tid": 1, "generated": 0, "bbox": {"xmin": 15, "ymin": 52, "ymax": 144, "xmax": 53}}], [{"tid": 0, "generated": 0, "bbox": {"xmin": 156, "ymin": 135, "ymax": 267, "xmax": 232}}, {"tid": 1, "generated": 0, "bbox": {"xmin": 15, "ymin": 52, "ymax": 144, "xmax": 53}}], [{"tid": 0, "generated": 0, "bbox": {"xmin": 166, "ymin": 132, "ymax": 262, "xmax": 239}}, {"tid": 1, "generated": 0, "bbox": {"xmin": 15, "ymin": 52, "ymax": 144, "xmax": 52}}], [{"tid": 0, "generated": 0, "bbox": {"xmin": 176, "ymin": 125, "ymax": 258, "xmax": 242}}, {"tid": 1, "generated": 0, "bbox": {"xmin": 15, "ymin": 52, "ymax": 144, "xmax": 52}}]], "subject/objects": [{"category": "red_panda", "tid": 0}, {"category": "person", "tid": 1}], "relation_instances": [{"end_fid": 30, "subject_tid": 0, "predicate": "stand_front", "begin_fid": 0, "object_tid": 1}, {"end_fid": 30, "subject_tid": 1, "predicate": "stand_behind", "begin_fid": 0, "object_tid": 0}, {"end_fid": 60, "subject_tid": 0, "predicate": "stand_front", "begin_fid": 30, "object_tid": 1}, {"end_fid": 60, "subject_tid": 1, "predicate": "stand_behind", "begin_fid": 30, "object_tid": 0}, {"end_fid": 120, "subject_tid": 0, "predicate": "stand_right", "begin_fid": 90, "object_tid": 1}, {"end_fid": 120, "subject_tid": 0, "predicate": "stand_front", "begin_fid": 90, "object_tid": 1}, {"end_fid": 120, "subject_tid": 1, "predicate": "walk_behind", "begin_fid": 90, "object_tid": 0}, {"end_fid": 120, "subject_tid": 1, "predicate": "walk_left", "begin_fid": 90, "object_tid": 0}, {"end_fid": 150, "subject_tid": 0, "predicate": "jump_right", "begin_fid": 120, "object_tid": 1}, {"end_fid": 150, "subject_tid": 0, "predicate": "jump_front", "begin_fid": 120, "object_tid": 1}, {"end_fid": 150, "subject_tid": 1, "predicate": "walk_behind", "begin_fid": 120, "object_tid": 0}, {"end_fid": 150, "subject_tid": 1, "predicate": "walk_left", "begin_fid": 120, "object_tid": 0}], "height": 360}