{"width": 1280, "frame_count": 754, "video_id": "ILSVRC2015_train_00274003", "fps": 29, "trajectories": [[{"tid": 0, "generated": 0, "bbox": {"xmin": 576, "ymin": 108, "ymax": 426, "xmax": 926}}, {"tid": 1, "generated": 0, "bbox": {"xmin": 76, "ymin": 119, "ymax": 716, "xmax": 1016}}, {"tid": 2, "generated": 0, "bbox": {"xmin": 0, "ymin": 0, "ymax": 310, "xmax": 247}}, {"tid": 3, "generated": 0, "bbox": {"xmin": 84, "ymin": 0, "ymax": 714, "xmax": 1273}}], [{"tid": 0, "generated": 0, "bbox": {"xmin": 576, "ymin": 106, "ymax": 430, "xmax": 917}}, {"tid": 1, "generated": 0, "bbox": {"xmin": 78, "ymin": 119, "ymax": 716, "xmax": 1017}}, {"tid": 2, "generated": 0, "bbox": {"xmin": 0, "ymin": 0, "ymax": 310, "xmax": 247}}, {"tid": 3, "generated": 0, "bbox": {"xmin": 271, "ymin": 8, "ymax": 714, "xmax": 1273}}], [{"tid": 0, "generated": 0, "bbox": {"xmin": 574, "ymin": 104, "ymax": 430, "xmax": 908}}, {"tid": 1, "generated": 0, "bbox": {"xmin": 81, "ymin": 120, "ymax": 716, "xmax": 1018}}, {"tid": 2, "generated": 0, "bbox": {"xmin": 0, "ymin": 0, "ymax": 310, "xmax": 247}}, {"tid": 3, "generated": 0, "bbox": {"xmin": 271, "ymin": 8, "ymax": 714, "xmax": 1273}}], [{"tid": 0, "generated": 0, "bbox": {"xmin": 615, "ymin": 103, "ymax": 424, "xmax": 904}}, {"tid": 1, "generated": 0, "bbox": {"xmin": 83, "ymin": 121, "ymax": 716, "xmax": 1019}}, {"tid": 2, "generated": 0, "bbox": {"xmin": 0, "ymin": 0, "ymax": 310, "xmax": 247}}, {"tid": 3, "generated": 0, "bbox": {"xmin": 271, "ymin": 8, "ymax": 714, "xmax": 1273}}], [{"tid": 0, "generated": 0, "bbox": {"xmin": 608, "ymin": 104, "ymax": 417, "xmax": 904}}, {"tid": 1, "generated": 0, "bbox": {"xmin": 86, "ymin": 121, "ymax": 716, "xmax": 1020}}, {"tid": 2, "generated": 0, "bbox": {"xmin": 0, "ymin": 0, "ymax": 310, "xmax": 247}}, {"tid": 3, "generated": 0, "bbox": {"xmin": 271, "ymin": 8, "ymax": 714, "xmax": 1273}}], [{"tid": 0, "generated": 0, "bbox": {"xmin": 606, "ymin": 103, "ymax": 417, "xmax": 899}}, {"tid": 1, "generated": 0, "bbox": {"xmin": 88, "ymin": 122, "ymax": 717, "xmax": 1021}}, {"tid": 2, "generated": 0, "bbox": {"xmin": 0, "ymin": 0, "ymax": 310, "xmax": 247}}, {"tid": 3, "generated": 0, "bbox": {"xmin": 97, "ymin": 10, "ymax": 714, "xmax": 1273}}], [{"tid": 0, "generated": 0, "bbox": {"xmin": 606, "ymin": 101, "ymax": 414, "xmax": 896}}, {"tid": 1, "generated": 0, "bbox": {"xmin": 91, "ymin": 123, "ymax": 717, "xmax": 1022}}, {"tid": 2, "generated": 0, "bbox": {"xmin": 0, "ymin": 0, "ymax": 310, "xmax": 252}}, {"tid": 3, "generated": 0, "bbox": {"xmin": 271, "ymin": 8, "ymax": 714, "xmax": 1273}}], [{"tid": 0, "generated": 0, "bbox": {"xmin": 604, "ymin": 99, "ymax": 416, "xmax": 890}}, {"tid": 1, "generated": 0, "bbox": {"xmin": 93, "ymin": 123, "ymax": 717, "xmax": 1023}}, {"tid": 2, "generated": 0, "bbox": {"xmin": 0, "ymin": 0, "ymax": 310, "xmax": 256}}, {"tid": 3, "generated": 0, "bbox": {"xmin": 271, "ymin": 8, "ymax": 714, "xmax": 1273}}], [{"tid": 0, "generated": 0, "bbox": {"xmin": 604, "ymin": 103, "ymax": 408, "xmax": 887}}, {"tid": 1, "generated": 0, "bbox": {"xmin": 96, "ymin": 124, "ymax": 717, "xmax": 1024}}, {"tid": 2, "generated": 0, "bbox": {"xmin": 0, "ymin": 0, "ymax": 311, "xmax": 261}}, {"tid": 3, "generated": 0, "bbox": {"xmin": 271, "ymin": 8, "ymax": 714, "xmax": 1273}}], [{"tid": 0, "generated": 0, "bbox": {"xmin": 604, "ymin": 97, "ymax": 401, "xmax": 885}}, {"tid": 1, "generated": 0, "bbox": {"xmin": 98, "ymin": 125, "ymax": 717, "xmax": 1025}}, {"tid": 2, "generated": 0, "bbox": {"xmin": 0, "ymin": 0, "ymax": 311, "xmax": 265}}, {"tid": 3, "generated": 0, "bbox": {"xmin": 271, "ymin": 8, "ymax": 714, "xmax": 1273}}], [{"tid": 0, "generated": 0, "bbox": {"xmin": 604, "ymin": 94, "ymax": 398, "xmax": 880}}, {"tid": 1, "generated": 0, "bbox": {"xmin": 101, "ymin": 126, "ymax": 718, "xmax": 1027}}, {"tid": 2, "generated": 0, "bbox": {"xmin": 0, "ymin": 0, "ymax": 311, "xmax": 270}}, {"tid": 3, "generated": 0, "bbox": {"xmin": 118, "ymin": 1, "ymax": 714, "xmax": 1273}}], [{"tid": 0, "generated": 0, "bbox": {"xmin": 604, "ymin": 90, "ymax": 385, "xmax": 876}}, {"tid": 1, "generated": 0, "bbox": {"xmin": 103, "ymin": 127, "ymax": 718, "xmax": 1027}}, {"tid": 2, "generated": 0, "bbox": {"xmin": 0, "ymin": 0, "ymax": 311, "xmax": 270}}, {"tid": 3, "generated": 0, "bbox": {"xmin": 279, "ymin": 7, "ymax": 714, "xmax": 1273}}], [{"tid": 0, "generated": 0, "bbox": {"xmin": 600, "ymin": 80, "ymax": 373, "xmax": 874}}, {"tid": 1, "generated": 0, "bbox": {"xmin": 106, "ymin": 128, "ymax": 718, "xmax": 1028}}, {"tid": 2, "generated": 0, "bbox": {"xmin": 0, "ymin": 0, "ymax": 311, "xmax": 270}}, {"tid": 3, "generated": 0, "bbox": {"xmin": 288, "ymin": 6, "ymax": 714, "xmax": 1273}}], [{"tid": 0, "generated": 0, "bbox": {"xmin": 595, "ymin": 74, "ymax": 376, "xmax": 872}}, {"tid": 1, "generated": 0, "bbox": {"xmin": 109, "ymin": 129, "ymax": 718, "xmax": 1028}}, {"tid": 2, "generated": 0, "bbox": {"xmin": 0, "ymin": 0, "ymax": 311, "xmax": 270}}, {"tid": 3, "generated": 0, "bbox": {"xmin": 296, "ymin": 4, "ymax": 714, "xmax": 1273}}], [{"tid": 0, "generated": 0, "bbox": {"xmin": 579, "ymin": 67, "ymax": 371, "xmax": 869}}, {"tid": 1, "generated": 0, "bbox": {"xmin": 111, "ymin": 130, "ymax": 718, "xmax": 1029}}, {"tid": 2, "generated": 0, "bbox": {"xmin": 0, "ymin": 0, "ymax": 311, "xmax": 270}}, {"tid": 3, "generated": 0, "bbox": {"xmin": 305, "ymin": 3, "ymax": 714, "xmax": 1273}}], [{"tid": 0, "generated": 0, "bbox": {"xmin": 551, "ymin": 65, "ymax": 373, "xmax": 865}}, {"tid": 1, "generated": 0, "bbox": {"xmin": 114, "ymin": 131, "ymax": 718, "xmax": 1029}}, {"tid": 2, "generated": 0, "bbox": {"xmin": 0, "ymin": 0, "ymax": 311, "xmax": 270}}, {"tid": 3, "generated": 0, "bbox": {"xmin": 103, "ymin": 5, "ymax": 714, "xmax": 1273}}], [{"tid": 0, "generated": 0, "bbox": {"xmin": 536, "ymin": 56, "ymax": 376, "xmax": 860}}, {"tid": 1, "generated": 0, "bbox": {"xmin": 117, "ymin": 132, "ymax": 718, "xmax": 1030}}, {"tid": 2, "generated": 0, "bbox": {"xmin": 0, "ymin": 0, "ymax": 311, "xmax": 270}}, {"tid": 3, "generated": 0, "bbox": {"xmin": 106, "ymin": 5, "ymax": 714, "xmax": 1273}}], [{"tid": 0, "generated": 0, "bbox": {"xmin": 524, "ymin": 53, "ymax": 366, "xmax": 858}}, {"tid": 1, "generated": 0, "bbox": {"xmin": 120, "ymin": 133, "ymax": 718, "xmax": 1031}}, {"tid": 2, "generated": 0, "bbox": {"xmin": 0, "ymin": 0, "ymax": 311, "xmax": 270}}, {"tid": 3, "generated": 0, "bbox": {"xmin": 109, "ymin": 5, "ymax": 714, "xmax": 1273}}], [{"tid": 0, "generated": 0, "bbox": {"xmin": 517, "ymin": 55, "ymax": 366, "xmax": 855}}, {"tid": 1, "generated": 0, "bbox": {"xmin": 123, "ymin": 133, "ymax": 718, "xmax": 1033}}, {"tid": 2, "generated": 0, "bbox": {"xmin": 0, "ymin": 0, "ymax": 311, "xmax": 270}}, {"tid": 3, "generated": 0, "bbox": {"xmin": 112, "ymin": 4, "ymax": 714, "xmax": 1273}}], [{"tid": 0, "generated": 0, "bbox": {"xmin": 510, "ymin": 58, "ymax": 339, "xmax": 851}}, {"tid": 1, "generated": 0, "bbox": {"xmin": 126, "ymin": 134, "ymax": 718, "xmax": 1035}}, {"tid": 2, "generated": 0, "bbox": {"xmin": 0, "ymin": 0, "ymax": 311, "xmax": 270}}, {"tid": 3, "generated": 0, "bbox": {"xmin": 115, "ymin": 4, "ymax": 714, "xmax": 1273}}], [{"tid": 0, "generated": 0, "bbox": {"xmin": 503, "ymin": 62, "ymax": 330, "xmax": 846}}, {"tid": 1, "generated": 0, "bbox": {"xmin": 129, "ymin": 135, "ymax": 718, "xmax": 1038}}, {"tid": 2, "generated": 0, "bbox": {"xmin": 0, "ymin": 0, "ymax": 311, "xmax": 270}}, {"tid": 3, "generated": 0, "bbox": {"xmin": 118, "ymin": 4, "ymax": 714, "xmax": 1273}}], [{"tid": 0, "generated": 0, "bbox": {"xmin": 492, "ymin": 76, "ymax": 316, "xmax": 842}}, {"tid": 1, "generated": 0, "bbox": {"xmin": 133, "ymin": 131, "ymax": 716, "xmax": 1038}}, {"tid": 2, "generated": 0, "bbox": {"xmin": 0, "ymin": 0, "ymax": 311, "xmax": 270}}, {"tid": 3, "generated": 0, "bbox": {"xmin": 118, "ymin": 4, "ymax": 714, "xmax": 1273}}], [{"tid": 0, "generated": 0, "bbox": {"xmin": 487, "ymin": 80, "ymax": 314, "xmax": 839}}, {"tid": 1, "generated": 0, "bbox": {"xmin": 137, "ymin": 132, "ymax": 716, "xmax": 1041}}, {"tid": 2, "generated": 0, "bbox": {"xmin": 0, "ymin": 0, "ymax": 311, "xmax": 270}}, {"tid": 3, "generated": 0, "bbox": {"xmin": 118, "ymin": 4, "ymax": 714, "xmax": 1273}}], [{"tid": 0, "generated": 0, "bbox": {"xmin": 485, "ymin": 92, "ymax": 318, "xmax": 832}}, {"tid": 1, "generated": 0, "bbox": {"xmin": 141, "ymin": 134, "ymax": 716, "xmax": 1044}}, {"tid": 2, "generated": 0, "bbox": {"xmin": 0, "ymin": 0, "ymax": 311, "xmax": 270}}, {"tid": 3, "generated": 0, "bbox": {"xmin": 118, "ymin": 4, "ymax": 714, "xmax": 1273}}], [{"tid": 0, "generated": 0, "bbox": {"xmin": 487, "ymin": 96, "ymax": 318, "xmax": 828}}, {"tid": 1, "generated": 0, "bbox": {"xmin": 145, "ymin": 135, "ymax": 717, "xmax": 1047}}, {"tid": 2, "generated": 0, "bbox": {"xmin": 0, "ymin": 0, "ymax": 311, "xmax": 270}}, {"tid": 3, "generated": 0, "bbox": {"xmin": 118, "ymin": 4, "ymax": 714, "xmax": 1273}}], [{"tid": 0, "generated": 0, "bbox": {"xmin": 488, "ymin": 97, "ymax": 321, "xmax": 824}}, {"tid": 1, "generated": 0, "bbox": {"xmin": 149, "ymin": 137, "ymax": 717, "xmax": 1050}}, {"tid": 2, "generated": 0, "bbox": {"xmin": 0, "ymin": 0, "ymax": 311, "xmax": 270}}, {"tid": 3, "generated": 0, "bbox": {"xmin": 118, "ymin": 4, "ymax": 714, "xmax": 1273}}], [{"tid": 0, "generated": 0, "bbox": {"xmin": 490, "ymin": 103, "ymax": 321, "xmax": 824}}, {"tid": 1, "generated": 0, "bbox": {"xmin": 153, "ymin": 138, "ymax": 717, "xmax": 1053}}, {"tid": 2, "generated": 0, "bbox": {"xmin": 0, "ymin": 0, "ymax": 311, "xmax": 270}}, {"tid": 3, "generated": 0, "bbox": {"xmin": 118, "ymin": 4, "ymax": 714, "xmax": 1273}}], [{"tid": 0, "generated": 0, "bbox": {"xmin": 492, "ymin": 101, "ymax": 320, "xmax": 824}}, {"tid": 1, "generated": 0, "bbox": {"xmin": 158, "ymin": 140, "ymax": 718, "xmax": 1056}}, {"tid": 2, "generated": 0, "bbox": {"xmin": 0, "ymin": 0, "ymax": 311, "xmax": 270}}, {"tid": 3, "generated": 0, "bbox": {"xmin": 118, "ymin": 4, "ymax": 714, "xmax": 1273}}], [{"tid": 0, "generated": 0, "bbox": {"xmin": 496, "ymin": 101, "ymax": 318, "xmax": 826}}, {"tid": 1, "generated": 0, "bbox": {"xmin": 162, "ymin": 141, "ymax": 717, "xmax": 1059}}, {"tid": 2, "generated": 0, "bbox": {"xmin": 0, "ymin": 0, "ymax": 311, "xmax": 270}}, {"tid": 3, "generated": 0, "bbox": {"xmin": 118, "ymin": 4, "ymax": 714, "xmax": 1273}}], [{"tid": 0, "generated": 0, "bbox": {"xmin": 499, "ymin": 99, "ymax": 323, "xmax": 826}}, {"tid": 1, "generated": 0, "bbox": {"xmin": 166, "ymin": 143, "ymax": 716, "xmax": 1062}}, {"tid": 2, "generated": 0, "bbox": {"xmin": 0, "ymin": 0, "ymax": 311, "xmax": 270}}, {"tid": 3, "generated": 0, "bbox": {"xmin": 118, "ymin": 4, "ymax": 714, "xmax": 1273}}], [], [], [], [], [], [], [], [], [], [], [], [], [], [], [], [{"tid": 0, "generated": 0, "bbox": {"xmin": 453, "ymin": 104, "ymax": 316, "xmax": 830}}, {"tid": 1, "generated": 0, "bbox": {"xmin": 229, "ymin": 153, "ymax": 716, "xmax": 1123}}, {"tid": 2, "generated": 0, "bbox": {"xmin": 0, "ymin": 0, "ymax": 322, "xmax": 298}}, {"tid": 3, "generated": 0, "bbox": {"xmin": 178, "ymin": 4, "ymax": 714, "xmax": 1273}}], [{"tid": 0, "generated": 0, "bbox": {"xmin": 560, "ymin": 106, "ymax": 321, "xmax": 833}}, {"tid": 1, "generated": 0, "bbox": {"xmin": 232, "ymin": 154, "ymax": 716, "xmax": 1131}}, {"tid": 2, "generated": 0, "bbox": {"xmin": 0, "ymin": 0, "ymax": 322, "xmax": 298}}, {"tid": 3, "generated": 0, "bbox": {"xmin": 183, "ymin": 4, "ymax": 714, "xmax": 1273}}], [{"tid": 0, "generated": 0, "bbox": {"xmin": 561, "ymin": 106, "ymax": 321, "xmax": 835}}, {"tid": 1, "generated": 0, "bbox": {"xmin": 236, "ymin": 156, "ymax": 716, "xmax": 1139}}, {"tid": 2, "generated": 0, "bbox": {"xmin": 0, "ymin": 0, "ymax": 322, "xmax": 298}}, {"tid": 3, "generated": 0, "bbox": {"xmin": 188, "ymin": 4, "ymax": 714, "xmax": 1273}}], [{"tid": 0, "generated": 0, "bbox": {"xmin": 563, "ymin": 108, "ymax": 323, "xmax": 837}}, {"tid": 1, "generated": 0, "bbox": {"xmin": 239, "ymin": 157, "ymax": 716, "xmax": 1140}}, {"tid": 2, "generated": 0, "bbox": {"xmin": 0, "ymin": 0, "ymax": 322, "xmax": 298}}, {"tid": 3, "generated": 0, "bbox": {"xmin": 192, "ymin": 4, "ymax": 714, "xmax": 1273}}], [{"tid": 0, "generated": 0, "bbox": {"xmin": 560, "ymin": 110, "ymax": 328, "xmax": 839}}, {"tid": 1, "generated": 0, "bbox": {"xmin": 243, "ymin": 159, "ymax": 717, "xmax": 1142}}, {"tid": 2, "generated": 0, "bbox": {"xmin": 0, "ymin": 0, "ymax": 322, "xmax": 298}}, {"tid": 3, "generated": 0, "bbox": {"xmin": 197, "ymin": 4, "ymax": 714, "xmax": 1273}}], [{"tid": 0, "generated": 0, "bbox": {"xmin": 558, "ymin": 112, "ymax": 334, "xmax": 842}}, {"tid": 1, "generated": 0, "bbox": {"xmin": 247, "ymin": 161, "ymax": 718, "xmax": 1144}}, {"tid": 2, "generated": 0, "bbox": {"xmin": 0, "ymin": 0, "ymax": 322, "xmax": 298}}, {"tid": 3, "generated": 0, "bbox": {"xmin": 202, "ymin": 4, "ymax": 714, "xmax": 1273}}], [{"tid": 0, "generated": 0, "bbox": {"xmin": 560, "ymin": 112, "ymax": 336, "xmax": 846}}, {"tid": 1, "generated": 0, "bbox": {"xmin": 249, "ymin": 163, "ymax": 718, "xmax": 1148}}, {"tid": 2, "generated": 0, "bbox": {"xmin": 0, "ymin": 0, "ymax": 328, "xmax": 308}}, {"tid": 3, "generated": 0, "bbox": {"xmin": 205, "ymin": 4, "ymax": 714, "xmax": 1273}}], [{"tid": 0, "generated": 0, "bbox": {"xmin": 563, "ymin": 113, "ymax": 339, "xmax": 849}}, {"tid": 1, "generated": 0, "bbox": {"xmin": 252, "ymin": 165, "ymax": 718, "xmax": 1152}}, {"tid": 2, "generated": 0, "bbox": {"xmin": 0, "ymin": 0, "ymax": 334, "xmax": 319}}, {"tid": 3, "generated": 0, "bbox": {"xmin": 209, "ymin": 4, "ymax": 714, "xmax": 1273}}], [{"tid": 0, "generated": 0, "bbox": {"xmin": 567, "ymin": 115, "ymax": 341, "xmax": 853}}, {"tid": 1, "generated": 0, "bbox": {"xmin": 255, "ymin": 168, "ymax": 718, "xmax": 1156}}, {"tid": 2, "generated": 0, "bbox": {"xmin": 0, "ymin": 0, "ymax": 339, "xmax": 329}}, {"tid": 3, "generated": 0, "bbox": {"xmin": 212, "ymin": 4, "ymax": 714, "xmax": 1273}}], [{"tid": 0, "generated": 0, "bbox": {"xmin": 568, "ymin": 117, "ymax": 344, "xmax": 856}}, {"tid": 1, "generated": 0, "bbox": {"xmin": 258, "ymin": 170, "ymax": 718, "xmax": 1160}}, {"tid": 2, "generated": 0, "bbox": {"xmin": 0, "ymin": 0, "ymax": 345, "xmax": 340}}, {"tid": 3, "generated": 0, "bbox": {"xmin": 216, "ymin": 4, "ymax": 714, "xmax": 1273}}], [{"tid": 0, "generated": 0, "bbox": {"xmin": 572, "ymin": 119, "ymax": 346, "xmax": 862}}, {"tid": 1, "generated": 0, "bbox": {"xmin": 261, "ymin": 173, "ymax": 718, "xmax": 1165}}, {"tid": 2, "generated": 0, "bbox": {"xmin": 0, "ymin": 0, "ymax": 351, "xmax": 350}}, {"tid": 3, "generated": 0, "bbox": {"xmin": 219, "ymin": 4, "ymax": 714, "xmax": 1273}}], [{"tid": 0, "generated": 0, "bbox": {"xmin": 576, "ymin": 120, "ymax": 350, "xmax": 865}}, {"tid": 1, "generated": 0, "bbox": {"xmin": 264, "ymin": 175, "ymax": 718, "xmax": 1169}}, {"tid": 2, "generated": 0, "bbox": {"xmin": 0, "ymin": 0, "ymax": 351, "xmax": 350}}, {"tid": 3, "generated": 0, "bbox": {"xmin": 219, "ymin": 4, "ymax": 714, "xmax": 1273}}], [{"tid": 0, "generated": 0, "bbox": {"xmin": 577, "ymin": 122, "ymax": 352, "xmax": 869}}, {"tid": 1, "generated": 0, "bbox": {"xmin": 267, "ymin": 178, "ymax": 718, "xmax": 1173}}, {"tid": 2, "generated": 0, "bbox": {"xmin": 0, "ymin": 0, "ymax": 351, "xmax": 350}}, {"tid": 3, "generated": 0, "bbox": {"xmin": 219, "ymin": 4, "ymax": 714, "xmax": 1273}}], [{"tid": 0, "generated": 0, "bbox": {"xmin": 581, "ymin": 124, "ymax": 355, "xmax": 872}}, {"tid": 1, "generated": 0, "bbox": {"xmin": 270, "ymin": 180, "ymax": 718, "xmax": 1177}}, {"tid": 2, "generated": 0, "bbox": {"xmin": 0, "ymin": 0, "ymax": 351, "xmax": 350}}, {"tid": 3, "generated": 0, "bbox": {"xmin": 219, "ymin": 4, "ymax": 714, "xmax": 1273}}], [{"tid": 0, "generated": 0, "bbox": {"xmin": 584, "ymin": 126, "ymax": 359, "xmax": 878}}, {"tid": 1, "generated": 0, "bbox": {"xmin": 273, "ymin": 183, "ymax": 718, "xmax": 1182}}, {"tid": 2, "generated": 0, "bbox": {"xmin": 0, "ymin": 0, "ymax": 351, "xmax": 350}}, {"tid": 3, "generated": 0, "bbox": {"xmin": 219, "ymin": 4, "ymax": 714, "xmax": 1273}}], [{"tid": 0, "generated": 0, "bbox": {"xmin": 588, "ymin": 128, "ymax": 362, "xmax": 881}}, {"tid": 1, "generated": 0, "bbox": {"xmin": 277, "ymin": 186, "ymax": 714, "xmax": 1189}}, {"tid": 2, "generated": 0, "bbox": {"xmin": 0, "ymin": 0, "ymax": 351, "xmax": 350}}, {"tid": 3, "generated": 0, "bbox": {"xmin": 219, "ymin": 4, "ymax": 714, "xmax": 1273}}], [{"tid": 0, "generated": 0, "bbox": {"xmin": 592, "ymin": 128, "ymax": 369, "xmax": 883}}, {"tid": 1, "generated": 0, "bbox": {"xmin": 279, "ymin": 186, "ymax": 718, "xmax": 1189}}, {"tid": 2, "generated": 0, "bbox": {"xmin": 0, "ymin": 4, "ymax": 355, "xmax": 350}}, {"tid": 3, "generated": 0, "bbox": {"xmin": 223, "ymin": 4, "ymax": 714, "xmax": 1273}}], [{"tid": 0, "generated": 0, "bbox": {"xmin": 595, "ymin": 128, "ymax": 368, "xmax": 888}}, {"tid": 1, "generated": 0, "bbox": {"xmin": 282, "ymin": 188, "ymax": 714, "xmax": 1194}}, {"tid": 2, "generated": 0, "bbox": {"xmin": 0, "ymin": 7, "ymax": 358, "xmax": 350}}, {"tid": 3, "generated": 0, "bbox": {"xmin": 228, "ymin": 4, "ymax": 714, "xmax": 1273}}], [{"tid": 0, "generated": 0, "bbox": {"xmin": 593, "ymin": 128, "ymax": 366, "xmax": 890}}, {"tid": 1, "generated": 0, "bbox": {"xmin": 286, "ymin": 177, "ymax": 718, "xmax": 1200}}, {"tid": 2, "generated": 0, "bbox": {"xmin": 0, "ymin": 11, "ymax": 362, "xmax": 350}}, {"tid": 3, "generated": 0, "bbox": {"xmin": 232, "ymin": 4, "ymax": 714, "xmax": 1273}}], [{"tid": 0, "generated": 0, "bbox": {"xmin": 597, "ymin": 128, "ymax": 376, "xmax": 892}}, {"tid": 1, "generated": 0, "bbox": {"xmin": 288, "ymin": 167, "ymax": 718, "xmax": 1198}}, {"tid": 2, "generated": 0, "bbox": {"xmin": 0, "ymin": 14, "ymax": 365, "xmax": 350}}, {"tid": 3, "generated": 0, "bbox": {"xmin": 237, "ymin": 4, "ymax": 714, "xmax": 1273}}], [{"tid": 0, "generated": 0, "bbox": {"xmin": 600, "ymin": 129, "ymax": 378, "xmax": 894}}, {"tid": 1, "generated": 0, "bbox": {"xmin": 289, "ymin": 167, "ymax": 718, "xmax": 1203}}, {"tid": 2, "generated": 0, "bbox": {"xmin": 0, "ymin": 18, "ymax": 369, "xmax": 350}}, {"tid": 3, "generated": 0, "bbox": {"xmin": 241, "ymin": 4, "ymax": 714, "xmax": 1273}}], [{"tid": 0, "generated": 0, "bbox": {"xmin": 602, "ymin": 131, "ymax": 391, "xmax": 897}}, {"tid": 1, "generated": 0, "bbox": {"xmin": 291, "ymin": 168, "ymax": 718, "xmax": 1214}}, {"tid": 2, "generated": 0, "bbox": {"xmin": 0, "ymin": 18, "ymax": 369, "xmax": 350}}, {"tid": 3, "generated": 0, "bbox": {"xmin": 245, "ymin": 4, "ymax": 714, "xmax": 1273}}], [{"tid": 0, "generated": 0, "bbox": {"xmin": 604, "ymin": 136, "ymax": 394, "xmax": 903}}, {"tid": 1, "generated": 0, "bbox": {"xmin": 294, "ymin": 173, "ymax": 718, "xmax": 1216}}, {"tid": 2, "generated": 0, "bbox": {"xmin": 0, "ymin": 18, "ymax": 369, "xmax": 350}}, {"tid": 3, "generated": 0, "bbox": {"xmin": 249, "ymin": 4, "ymax": 714, "xmax": 1273}}], [{"tid": 0, "generated": 0, "bbox": {"xmin": 549, "ymin": 135, "ymax": 389, "xmax": 908}}, {"tid": 1, "generated": 0, "bbox": {"xmin": 297, "ymin": 178, "ymax": 718, "xmax": 1218}}, {"tid": 2, "generated": 0, "bbox": {"xmin": 0, "ymin": 18, "ymax": 369, "xmax": 350}}, {"tid": 3, "generated": 0, "bbox": {"xmin": 254, "ymin": 4, "ymax": 714, "xmax": 1273}}], [{"tid": 0, "generated": 0, "bbox": {"xmin": 560, "ymin": 135, "ymax": 396, "xmax": 910}}, {"tid": 1, "generated": 0, "bbox": {"xmin": 300, "ymin": 184, "ymax": 718, "xmax": 1221}}, {"tid": 2, "generated": 0, "bbox": {"xmin": 0, "ymin": 18, "ymax": 369, "xmax": 350}}, {"tid": 3, "generated": 0, "bbox": {"xmin": 258, "ymin": 4, "ymax": 714, "xmax": 1273}}], [{"tid": 0, "generated": 0, "bbox": {"xmin": 563, "ymin": 136, "ymax": 398, "xmax": 917}}, {"tid": 1, "generated": 0, "bbox": {"xmin": 304, "ymin": 192, "ymax": 718, "xmax": 1228}}, {"tid": 2, "generated": 0, "bbox": {"xmin": 0, "ymin": 18, "ymax": 369, "xmax": 350}}, {"tid": 3, "generated": 0, "bbox": {"xmin": 262, "ymin": 4, "ymax": 714, "xmax": 1273}}], [{"tid": 0, "generated": 0, "bbox": {"xmin": 560, "ymin": 138, "ymax": 400, "xmax": 922}}, {"tid": 1, "generated": 0, "bbox": {"xmin": 305, "ymin": 195, "ymax": 716, "xmax": 1221}}, {"tid": 2, "generated": 0, "bbox": {"xmin": 0, "ymin": 18, "ymax": 369, "xmax": 350}}, {"tid": 3, "generated": 0, "bbox": {"xmin": 262, "ymin": 4, "ymax": 714, "xmax": 1273}}], [{"tid": 0, "generated": 0, "bbox": {"xmin": 560, "ymin": 138, "ymax": 405, "xmax": 926}}, {"tid": 1, "generated": 0, "bbox": {"xmin": 309, "ymin": 199, "ymax": 718, "xmax": 1230}}, {"tid": 2, "generated": 0, "bbox": {"xmin": 0, "ymin": 18, "ymax": 369, "xmax": 350}}, {"tid": 3, "generated": 0, "bbox": {"xmin": 262, "ymin": 4, "ymax": 714, "xmax": 1273}}], [{"tid": 0, "generated": 0, "bbox": {"xmin": 560, "ymin": 140, "ymax": 408, "xmax": 928}}, {"tid": 1, "generated": 0, "bbox": {"xmin": 312, "ymin": 202, "ymax": 718, "xmax": 1230}}, {"tid": 2, "generated": 0, "bbox": {"xmin": 0, "ymin": 18, "ymax": 369, "xmax": 350}}, {"tid": 3, "generated": 0, "bbox": {"xmin": 262, "ymin": 4, "ymax": 714, "xmax": 1273}}], [{"tid": 0, "generated": 0, "bbox": {"xmin": 572, "ymin": 140, "ymax": 403, "xmax": 929}}, {"tid": 1, "generated": 0, "bbox": {"xmin": 316, "ymin": 208, "ymax": 718, "xmax": 1232}}, {"tid": 2, "generated": 0, "bbox": {"xmin": 0, "ymin": 18, "ymax": 369, "xmax": 350}}, {"tid": 3, "generated": 0, "bbox": {"xmin": 262, "ymin": 4, "ymax": 714, "xmax": 1273}}], [], [], [], [], [], [], [], [], [], [], [], [], [], [], [], [], [], [], [], [], [], [], [], [], [], [], [], [], [], [], [], [], [], [], [], [], [], [], [], [], [], [], [], [], [], [{"tid": 0, "generated": 0, "bbox": {"xmin": 698, "ymin": 192, "ymax": 501, "xmax": 1032}}, {"tid": 1, "generated": 0, "bbox": {"xmin": 275, "ymin": 288, "ymax": 718, "xmax": 1189}}, {"tid": 2, "generated": 0, "bbox": {"xmin": 0, "ymin": 54, "ymax": 420, "xmax": 363}}, {"tid": 3, "generated": 0, "bbox": {"xmin": 238, "ymin": 4, "ymax": 714, "xmax": 1273}}], [{"tid": 0, "generated": 0, "bbox": {"xmin": 664, "ymin": 177, "ymax": 506, "xmax": 1059}}, {"tid": 1, "generated": 0, "bbox": {"xmin": 273, "ymin": 288, "ymax": 718, "xmax": 1182}}, {"tid": 2, "generated": 0, "bbox": {"xmin": 0, "ymin": 54, "ymax": 420, "xmax": 363}}, {"tid": 3, "generated": 0, "bbox": {"xmin": 238, "ymin": 4, "ymax": 714, "xmax": 1273}}], [{"tid": 0, "generated": 0, "bbox": {"xmin": 654, "ymin": 156, "ymax": 499, "xmax": 1088}}, {"tid": 1, "generated": 0, "bbox": {"xmin": 272, "ymin": 288, "ymax": 718, "xmax": 1176}}, {"tid": 2, "generated": 0, "bbox": {"xmin": 0, "ymin": 54, "ymax": 420, "xmax": 363}}, {"tid": 3, "generated": 0, "bbox": {"xmin": 238, "ymin": 4, "ymax": 714, "xmax": 1273}}], [{"tid": 0, "generated": 0, "bbox": {"xmin": 675, "ymin": 67, "ymax": 496, "xmax": 1128}}, {"tid": 1, "generated": 0, "bbox": {"xmin": 271, "ymin": 289, "ymax": 718, "xmax": 1168}}, {"tid": 2, "generated": 0, "bbox": {"xmin": 0, "ymin": 54, "ymax": 420, "xmax": 363}}, {"tid": 3, "generated": 0, "bbox": {"xmin": 238, "ymin": 4, "ymax": 714, "xmax": 1273}}], [{"tid": 0, "generated": 0, "bbox": {"xmin": 679, "ymin": 0, "ymax": 494, "xmax": 1168}}, {"tid": 1, "generated": 0, "bbox": {"xmin": 270, "ymin": 291, "ymax": 718, "xmax": 1160}}, {"tid": 2, "generated": 0, "bbox": {"xmin": 0, "ymin": 54, "ymax": 420, "xmax": 363}}, {"tid": 3, "generated": 0, "bbox": {"xmin": 238, "ymin": 4, "ymax": 714, "xmax": 1273}}], [{"tid": 0, "generated": 0, "bbox": {"xmin": 656, "ymin": 0, "ymax": 533, "xmax": 1255}}, {"tid": 1, "generated": 0, "bbox": {"xmin": 269, "ymin": 292, "ymax": 718, "xmax": 1153}}, {"tid": 2, "generated": 0, "bbox": {"xmin": 0, "ymin": 54, "ymax": 420, "xmax": 363}}, {"tid": 3, "generated": 0, "bbox": {"xmin": 238, "ymin": 4, "ymax": 714, "xmax": 1273}}], [{"tid": 0, "generated": 0, "bbox": {"xmin": 640, "ymin": 0, "ymax": 615, "xmax": 1278}}, {"tid": 1, "generated": 0, "bbox": {"xmin": 268, "ymin": 293, "ymax": 718, "xmax": 1146}}, {"tid": 2, "generated": 0, "bbox": {"xmin": 0, "ymin": 54, "ymax": 420, "xmax": 363}}, {"tid": 3, "generated": 0, "bbox": {"xmin": 238, "ymin": 4, "ymax": 714, "xmax": 1273}}], [{"tid": 0, "generated": 0, "bbox": {"xmin": 632, "ymin": 0, "ymax": 627, "xmax": 1278}}, {"tid": 1, "generated": 0, "bbox": {"xmin": 267, "ymin": 291, "ymax": 718, "xmax": 1139}}, {"tid": 2, "generated": 0, "bbox": {"xmin": 0, "ymin": 54, "ymax": 420, "xmax": 363}}, {"tid": 3, "generated": 0, "bbox": {"xmin": 238, "ymin": 4, "ymax": 714, "xmax": 1273}}], [{"tid": 0, "generated": 0, "bbox": {"xmin": 663, "ymin": 69, "ymax": 624, "xmax": 1278}}, {"tid": 1, "generated": 0, "bbox": {"xmin": 266, "ymin": 290, "ymax": 718, "xmax": 1133}}, {"tid": 2, "generated": 0, "bbox": {"xmin": 0, "ymin": 54, "ymax": 420, "xmax": 363}}, {"tid": 3, "generated": 0, "bbox": {"xmin": 238, "ymin": 4, "ymax": 714, "xmax": 1273}}], [{"tid": 0, "generated": 0, "bbox": {"xmin": 680, "ymin": 142, "ymax": 638, "xmax": 1276}}, {"tid": 1, "generated": 0, "bbox": {"xmin": 265, "ymin": 289, "ymax": 718, "xmax": 1127}}, {"tid": 2, "generated": 0, "bbox": {"xmin": 0, "ymin": 54, "ymax": 420, "xmax": 363}}, {"tid": 3, "generated": 0, "bbox": {"xmin": 238, "ymin": 4, "ymax": 714, "xmax": 1273}}], [{"tid": 0, "generated": 0, "bbox": {"xmin": 700, "ymin": 163, "ymax": 648, "xmax": 1278}}, {"tid": 1, "generated": 0, "bbox": {"xmin": 264, "ymin": 288, "ymax": 718, "xmax": 1121}}, {"tid": 2, "generated": 0, "bbox": {"xmin": 0, "ymin": 54, "ymax": 420, "xmax": 363}}, {"tid": 3, "generated": 0, "bbox": {"xmin": 238, "ymin": 4, "ymax": 714, "xmax": 1273}}], [{"tid": 0, "generated": 0, "bbox": {"xmin": 709, "ymin": 190, "ymax": 652, "xmax": 1276}}, {"tid": 1, "generated": 0, "bbox": {"xmin": 262, "ymin": 284, "ymax": 718, "xmax": 1112}}, {"tid": 2, "generated": 0, "bbox": {"xmin": 0, "ymin": 54, "ymax": 420, "xmax": 363}}, {"tid": 3, "generated": 0, "bbox": {"xmin": 234, "ymin": 5, "ymax": 715, "xmax": 1276}}], [{"tid": 0, "generated": 0, "bbox": {"xmin": 727, "ymin": 206, "ymax": 650, "xmax": 1278}}, {"tid": 1, "generated": 0, "bbox": {"xmin": 260, "ymin": 280, "ymax": 718, "xmax": 1103}}, {"tid": 2, "generated": 0, "bbox": {"xmin": 0, "ymin": 54, "ymax": 420, "xmax": 363}}, {"tid": 3, "generated": 0, "bbox": {"xmin": 230, "ymin": 6, "ymax": 716, "xmax": 1279}}], [{"tid": 0, "generated": 0, "bbox": {"xmin": 762, "ymin": 211, "ymax": 643, "xmax": 1278}}, {"tid": 1, "generated": 0, "bbox": {"xmin": 258, "ymin": 277, "ymax": 718, "xmax": 1094}}, {"tid": 2, "generated": 0, "bbox": {"xmin": 0, "ymin": 54, "ymax": 420, "xmax": 363}}, {"tid": 3, "generated": 0, "bbox": {"xmin": 225, "ymin": 7, "ymax": 717, "xmax": 1279}}], [{"tid": 0, "generated": 0, "bbox": {"xmin": 778, "ymin": 200, "ymax": 640, "xmax": 1278}}, {"tid": 1, "generated": 0, "bbox": {"xmin": 256, "ymin": 273, "ymax": 718, "xmax": 1086}}, {"tid": 2, "generated": 0, "bbox": {"xmin": 0, "ymin": 54, "ymax": 420, "xmax": 363}}, {"tid": 3, "generated": 0, "bbox": {"xmin": 221, "ymin": 8, "ymax": 718, "xmax": 1279}}], [{"tid": 0, "generated": 0, "bbox": {"xmin": 787, "ymin": 202, "ymax": 629, "xmax": 1278}}, {"tid": 1, "generated": 0, "bbox": {"xmin": 254, "ymin": 270, "ymax": 718, "xmax": 1077}}, {"tid": 2, "generated": 0, "bbox": {"xmin": 0, "ymin": 54, "ymax": 420, "xmax": 363}}, {"tid": 3, "generated": 0, "bbox": {"xmin": 217, "ymin": 9, "ymax": 719, "xmax": 1279}}], [{"tid": 0, "generated": 0, "bbox": {"xmin": 791, "ymin": 197, "ymax": 629, "xmax": 1278}}, {"tid": 1, "generated": 0, "bbox": {"xmin": 252, "ymin": 266, "ymax": 718, "xmax": 1068}}, {"tid": 2, "generated": 0, "bbox": {"xmin": 0, "ymin": 54, "ymax": 420, "xmax": 363}}, {"tid": 3, "generated": 0, "bbox": {"xmin": 217, "ymin": 9, "ymax": 719, "xmax": 1279}}], [{"tid": 0, "generated": 0, "bbox": {"xmin": 800, "ymin": 176, "ymax": 636, "xmax": 1278}}, {"tid": 1, "generated": 0, "bbox": {"xmin": 250, "ymin": 262, "ymax": 718, "xmax": 1060}}, {"tid": 2, "generated": 0, "bbox": {"xmin": 0, "ymin": 54, "ymax": 420, "xmax": 363}}, {"tid": 3, "generated": 0, "bbox": {"xmin": 217, "ymin": 9, "ymax": 719, "xmax": 1279}}], [{"tid": 0, "generated": 0, "bbox": {"xmin": 812, "ymin": 165, "ymax": 643, "xmax": 1278}}, {"tid": 1, "generated": 0, "bbox": {"xmin": 248, "ymin": 259, "ymax": 718, "xmax": 1051}}, {"tid": 2, "generated": 0, "bbox": {"xmin": 0, "ymin": 54, "ymax": 420, "xmax": 363}}, {"tid": 3, "generated": 0, "bbox": {"xmin": 217, "ymin": 9, "ymax": 719, "xmax": 1279}}], [{"tid": 0, "generated": 0, "bbox": {"xmin": 808, "ymin": 167, "ymax": 634, "xmax": 1278}}, {"tid": 1, "generated": 0, "bbox": {"xmin": 246, "ymin": 255, "ymax": 718, "xmax": 1042}}, {"tid": 2, "generated": 0, "bbox": {"xmin": 0, "ymin": 54, "ymax": 420, "xmax": 363}}, {"tid": 3, "generated": 0, "bbox": {"xmin": 217, "ymin": 9, "ymax": 719, "xmax": 1279}}], [{"tid": 0, "generated": 0, "bbox": {"xmin": 805, "ymin": 147, "ymax": 620, "xmax": 1278}}, {"tid": 1, "generated": 0, "bbox": {"xmin": 245, "ymin": 252, "ymax": 718, "xmax": 1034}}, {"tid": 2, "generated": 0, "bbox": {"xmin": 0, "ymin": 54, "ymax": 420, "xmax": 363}}, {"tid": 3, "generated": 0, "bbox": {"xmin": 217, "ymin": 9, "ymax": 719, "xmax": 1279}}], [{"tid": 0, "generated": 0, "bbox": {"xmin": 801, "ymin": 145, "ymax": 609, "xmax": 1278}}, {"tid": 1, "generated": 0, "bbox": {"xmin": 245, "ymin": 247, "ymax": 718, "xmax": 1027}}, {"tid": 2, "generated": 0, "bbox": {"xmin": 0, "ymin": 54, "ymax": 420, "xmax": 363}}, {"tid": 3, "generated": 0, "bbox": {"xmin": 213, "ymin": 9, "ymax": 719, "xmax": 1279}}], [{"tid": 0, "generated": 0, "bbox": {"xmin": 801, "ymin": 126, "ymax": 592, "xmax": 1276}}, {"tid": 1, "generated": 0, "bbox": {"xmin": 245, "ymin": 243, "ymax": 718, "xmax": 1018}}, {"tid": 2, "generated": 0, "bbox": {"xmin": 0, "ymin": 54, "ymax": 420, "xmax": 363}}, {"tid": 3, "generated": 0, "bbox": {"xmin": 209, "ymin": 9, "ymax": 719, "xmax": 1279}}], [{"tid": 0, "generated": 0, "bbox": {"xmin": 796, "ymin": 128, "ymax": 568, "xmax": 1278}}, {"tid": 1, "generated": 0, "bbox": {"xmin": 245, "ymin": 241, "ymax": 718, "xmax": 1013}}, {"tid": 2, "generated": 0, "bbox": {"xmin": 0, "ymin": 54, "ymax": 420, "xmax": 363}}, {"tid": 3, "generated": 0, "bbox": {"xmin": 204, "ymin": 9, "ymax": 719, "xmax": 1279}}], [{"tid": 0, "generated": 0, "bbox": {"xmin": 785, "ymin": 119, "ymax": 544, "xmax": 1276}}, {"tid": 1, "generated": 0, "bbox": {"xmin": 240, "ymin": 240, "ymax": 718, "xmax": 1006}}, {"tid": 2, "generated": 0, "bbox": {"xmin": 0, "ymin": 54, "ymax": 420, "xmax": 363}}, {"tid": 3, "generated": 0, "bbox": {"xmin": 200, "ymin": 9, "ymax": 719, "xmax": 1279}}], [{"tid": 0, "generated": 0, "bbox": {"xmin": 775, "ymin": 112, "ymax": 520, "xmax": 1264}}, {"tid": 1, "generated": 0, "bbox": {"xmin": 238, "ymin": 238, "ymax": 718, "xmax": 997}}, {"tid": 2, "generated": 0, "bbox": {"xmin": 0, "ymin": 54, "ymax": 420, "xmax": 363}}, {"tid": 3, "generated": 0, "bbox": {"xmin": 196, "ymin": 9, "ymax": 719, "xmax": 1279}}], [{"tid": 0, "generated": 0, "bbox": {"xmin": 764, "ymin": 176, "ymax": 503, "xmax": 1164}}, {"tid": 1, "generated": 0, "bbox": {"xmin": 231, "ymin": 234, "ymax": 718, "xmax": 993}}, {"tid": 2, "generated": 0, "bbox": {"xmin": 0, "ymin": 54, "ymax": 420, "xmax": 343}}, {"tid": 3, "generated": 0, "bbox": {"xmin": 196, "ymin": 9, "ymax": 719, "xmax": 1279}}], [{"tid": 0, "generated": 0, "bbox": {"xmin": 753, "ymin": 167, "ymax": 485, "xmax": 1144}}, {"tid": 1, "generated": 0, "bbox": {"xmin": 231, "ymin": 234, "ymax": 704, "xmax": 993}}, {"tid": 2, "generated": 0, "bbox": {"xmin": 0, "ymin": 54, "ymax": 420, "xmax": 323}}, {"tid": 3, "generated": 0, "bbox": {"xmin": 196, "ymin": 9, "ymax": 719, "xmax": 1279}}], [{"tid": 0, "generated": 0, "bbox": {"xmin": 743, "ymin": 160, "ymax": 472, "xmax": 1125}}, {"tid": 1, "generated": 0, "bbox": {"xmin": 227, "ymin": 230, "ymax": 696, "xmax": 983}}, {"tid": 2, "generated": 0, "bbox": {"xmin": 0, "ymin": 54, "ymax": 419, "xmax": 302}}, {"tid": 3, "generated": 0, "bbox": {"xmin": 196, "ymin": 9, "ymax": 719, "xmax": 1279}}], [{"tid": 0, "generated": 0, "bbox": {"xmin": 734, "ymin": 152, "ymax": 462, "xmax": 1107}}, {"tid": 1, "generated": 0, "bbox": {"xmin": 224, "ymin": 227, "ymax": 688, "xmax": 974}}, {"tid": 2, "generated": 0, "bbox": {"xmin": 0, "ymin": 54, "ymax": 419, "xmax": 282}}, {"tid": 3, "generated": 0, "bbox": {"xmin": 196, "ymin": 9, "ymax": 719, "xmax": 1279}}], [], [], [], [], [], [], [], [], [], [], [], [], [], [], [], [], [], [], [], [], [], [], [], [], [], [], [], [], [], [], [], [], [], [], [], [], [], [], [], [], [], [], [], [], [], [], [], [], [], [], [], [], [], [], [], [], [], [], [], [], [], [], [], [], [], [], [], [], [], [], [], [], [], [], [], [], [], [], [], [], [], [], [], [], [], [], [], [], [], [], [], [], [], [], [], [], [], [], [], [], [], [], [], [], [], [], [], [], [], [], [], [], [], [], [], [], [], [], [], [], [], [], [], [], [], [], [], [], [], [], [], [], [], [], [], [{"tid": 0, "generated": 0, "bbox": {"xmin": 618, "ymin": 183, "ymax": 503, "xmax": 1048}}, {"tid": 1, "generated": 0, "bbox": {"xmin": 131, "ymin": 202, "ymax": 717, "xmax": 908}}, {"tid": 2, "generated": 0, "bbox": {"xmin": 0, "ymin": 23, "ymax": 319, "xmax": 228}}, {"tid": 3, "generated": 0, "bbox": {"xmin": 101, "ymin": 4, "ymax": 714, "xmax": 1279}}], [{"tid": 0, "generated": 0, "bbox": {"xmin": 618, "ymin": 184, "ymax": 492, "xmax": 1077}}, {"tid": 1, "generated": 0, "bbox": {"xmin": 132, "ymin": 202, "ymax": 716, "xmax": 903}}, {"tid": 2, "generated": 0, "bbox": {"xmin": 0, "ymin": 23, "ymax": 319, "xmax": 228}}, {"tid": 3, "generated": 0, "bbox": {"xmin": 101, "ymin": 4, "ymax": 714, "xmax": 1279}}], [{"tid": 0, "generated": 0, "bbox": {"xmin": 618, "ymin": 186, "ymax": 488, "xmax": 1116}}, {"tid": 1, "generated": 0, "bbox": {"xmin": 133, "ymin": 202, "ymax": 715, "xmax": 899}}, {"tid": 2, "generated": 0, "bbox": {"xmin": 0, "ymin": 23, "ymax": 319, "xmax": 228}}, {"tid": 3, "generated": 0, "bbox": {"xmin": 101, "ymin": 4, "ymax": 714, "xmax": 1279}}], [{"tid": 0, "generated": 0, "bbox": {"xmin": 618, "ymin": 195, "ymax": 487, "xmax": 1114}}, {"tid": 1, "generated": 0, "bbox": {"xmin": 134, "ymin": 202, "ymax": 714, "xmax": 894}}, {"tid": 2, "generated": 0, "bbox": {"xmin": 0, "ymin": 23, "ymax": 319, "xmax": 228}}, {"tid": 3, "generated": 0, "bbox": {"xmin": 101, "ymin": 4, "ymax": 714, "xmax": 1279}}], [{"tid": 0, "generated": 0, "bbox": {"xmin": 618, "ymin": 193, "ymax": 483, "xmax": 1109}}, {"tid": 1, "generated": 0, "bbox": {"xmin": 135, "ymin": 202, "ymax": 714, "xmax": 890}}, {"tid": 2, "generated": 0, "bbox": {"xmin": 0, "ymin": 23, "ymax": 319, "xmax": 228}}, {"tid": 3, "generated": 0, "bbox": {"xmin": 101, "ymin": 4, "ymax": 714, "xmax": 1279}}], [{"tid": 0, "generated": 0, "bbox": {"xmin": 618, "ymin": 193, "ymax": 483, "xmax": 1102}}, {"tid": 1, "generated": 0, "bbox": {"xmin": 136, "ymin": 202, "ymax": 716, "xmax": 892}}, {"tid": 2, "generated": 0, "bbox": {"xmin": 0, "ymin": 23, "ymax": 319, "xmax": 228}}, {"tid": 3, "generated": 0, "bbox": {"xmin": 101, "ymin": 4, "ymax": 714, "xmax": 1279}}], [{"tid": 0, "generated": 0, "bbox": {"xmin": 620, "ymin": 192, "ymax": 480, "xmax": 1109}}, {"tid": 1, "generated": 0, "bbox": {"xmin": 136, "ymin": 202, "ymax": 716, "xmax": 894}}, {"tid": 2, "generated": 0, "bbox": {"xmin": 0, "ymin": 23, "ymax": 319, "xmax": 228}}, {"tid": 3, "generated": 0, "bbox": {"xmin": 101, "ymin": 4, "ymax": 714, "xmax": 1279}}], [{"tid": 0, "generated": 0, "bbox": {"xmin": 622, "ymin": 192, "ymax": 478, "xmax": 1118}}, {"tid": 1, "generated": 0, "bbox": {"xmin": 136, "ymin": 202, "ymax": 718, "xmax": 894}}, {"tid": 2, "generated": 0, "bbox": {"xmin": 0, "ymin": 23, "ymax": 319, "xmax": 228}}, {"tid": 3, "generated": 0, "bbox": {"xmin": 101, "ymin": 4, "ymax": 714, "xmax": 1279}}], [{"tid": 0, "generated": 0, "bbox": {"xmin": 627, "ymin": 190, "ymax": 474, "xmax": 1120}}, {"tid": 1, "generated": 0, "bbox": {"xmin": 135, "ymin": 202, "ymax": 718, "xmax": 894}}, {"tid": 2, "generated": 0, "bbox": {"xmin": 0, "ymin": 23, "ymax": 319, "xmax": 228}}, {"tid": 3, "generated": 0, "bbox": {"xmin": 101, "ymin": 4, "ymax": 714, "xmax": 1279}}], [{"tid": 0, "generated": 0, "bbox": {"xmin": 632, "ymin": 199, "ymax": 480, "xmax": 1125}}, {"tid": 1, "generated": 0, "bbox": {"xmin": 134, "ymin": 203, "ymax": 718, "xmax": 894}}, {"tid": 2, "generated": 0, "bbox": {"xmin": 0, "ymin": 23, "ymax": 319, "xmax": 228}}, {"tid": 3, "generated": 0, "bbox": {"xmin": 101, "ymin": 4, "ymax": 714, "xmax": 1279}}], [{"tid": 0, "generated": 0, "bbox": {"xmin": 632, "ymin": 197, "ymax": 476, "xmax": 1120}}, {"tid": 1, "generated": 0, "bbox": {"xmin": 133, "ymin": 204, "ymax": 718, "xmax": 894}}, {"tid": 2, "generated": 0, "bbox": {"xmin": 0, "ymin": 23, "ymax": 319, "xmax": 228}}, {"tid": 3, "generated": 0, "bbox": {"xmin": 101, "ymin": 4, "ymax": 714, "xmax": 1279}}], [{"tid": 0, "generated": 0, "bbox": {"xmin": 634, "ymin": 197, "ymax": 472, "xmax": 1114}}, {"tid": 1, "generated": 0, "bbox": {"xmin": 134, "ymin": 203, "ymax": 716, "xmax": 895}}, {"tid": 2, "generated": 0, "bbox": {"xmin": 0, "ymin": 23, "ymax": 319, "xmax": 228}}, {"tid": 3, "generated": 0, "bbox": {"xmin": 101, "ymin": 4, "ymax": 714, "xmax": 1279}}], [{"tid": 0, "generated": 0, "bbox": {"xmin": 636, "ymin": 202, "ymax": 476, "xmax": 1120}}, {"tid": 1, "generated": 0, "bbox": {"xmin": 136, "ymin": 202, "ymax": 714, "xmax": 896}}, {"tid": 2, "generated": 0, "bbox": {"xmin": 0, "ymin": 23, "ymax": 319, "xmax": 228}}, {"tid": 3, "generated": 0, "bbox": {"xmin": 101, "ymin": 4, "ymax": 714, "xmax": 1279}}], [{"tid": 0, "generated": 0, "bbox": {"xmin": 636, "ymin": 209, "ymax": 480, "xmax": 1118}}, {"tid": 1, "generated": 0, "bbox": {"xmin": 137, "ymin": 202, "ymax": 715, "xmax": 900}}, {"tid": 2, "generated": 0, "bbox": {"xmin": 0, "ymin": 23, "ymax": 319, "xmax": 228}}, {"tid": 3, "generated": 0, "bbox": {"xmin": 101, "ymin": 4, "ymax": 714, "xmax": 1279}}], [{"tid": 0, "generated": 0, "bbox": {"xmin": 632, "ymin": 209, "ymax": 476, "xmax": 1123}}, {"tid": 1, "generated": 0, "bbox": {"xmin": 138, "ymin": 202, "ymax": 716, "xmax": 904}}, {"tid": 2, "generated": 0, "bbox": {"xmin": 0, "ymin": 23, "ymax": 319, "xmax": 228}}, {"tid": 3, "generated": 0, "bbox": {"xmin": 101, "ymin": 4, "ymax": 714, "xmax": 1279}}], [{"tid": 0, "generated": 0, "bbox": {"xmin": 624, "ymin": 206, "ymax": 481, "xmax": 1116}}, {"tid": 1, "generated": 0, "bbox": {"xmin": 140, "ymin": 202, "ymax": 718, "xmax": 908}}, {"tid": 2, "generated": 0, "bbox": {"xmin": 0, "ymin": 23, "ymax": 319, "xmax": 228}}, {"tid": 3, "generated": 0, "bbox": {"xmin": 101, "ymin": 4, "ymax": 714, "xmax": 1279}}], [{"tid": 0, "generated": 0, "bbox": {"xmin": 602, "ymin": 213, "ymax": 481, "xmax": 1107}}, {"tid": 1, "generated": 0, "bbox": {"xmin": 140, "ymin": 201, "ymax": 718, "xmax": 908}}, {"tid": 2, "generated": 0, "bbox": {"xmin": 0, "ymin": 23, "ymax": 319, "xmax": 228}}, {"tid": 3, "generated": 0, "bbox": {"xmin": 101, "ymin": 4, "ymax": 714, "xmax": 1279}}], [{"tid": 0, "generated": 0, "bbox": {"xmin": 593, "ymin": 211, "ymax": 488, "xmax": 1063}}, {"tid": 1, "generated": 0, "bbox": {"xmin": 141, "ymin": 200, "ymax": 718, "xmax": 909}}, {"tid": 2, "generated": 0, "bbox": {"xmin": 0, "ymin": 23, "ymax": 319, "xmax": 228}}, {"tid": 3, "generated": 0, "bbox": {"xmin": 101, "ymin": 4, "ymax": 714, "xmax": 1279}}], [{"tid": 0, "generated": 0, "bbox": {"xmin": 620, "ymin": 211, "ymax": 503, "xmax": 1048}}, {"tid": 1, "generated": 0, "bbox": {"xmin": 141, "ymin": 199, "ymax": 718, "xmax": 910}}, {"tid": 2, "generated": 0, "bbox": {"xmin": 0, "ymin": 23, "ymax": 319, "xmax": 228}}, {"tid": 3, "generated": 0, "bbox": {"xmin": 101, "ymin": 4, "ymax": 714, "xmax": 1279}}], [{"tid": 0, "generated": 0, "bbox": {"xmin": 620, "ymin": 204, "ymax": 499, "xmax": 1054}}, {"tid": 1, "generated": 0, "bbox": {"xmin": 142, "ymin": 199, "ymax": 718, "xmax": 910}}, {"tid": 2, "generated": 0, "bbox": {"xmin": 0, "ymin": 23, "ymax": 319, "xmax": 228}}, {"tid": 3, "generated": 0, "bbox": {"xmin": 101, "ymin": 4, "ymax": 714, "xmax": 1279}}], [{"tid": 0, "generated": 0, "bbox": {"xmin": 620, "ymin": 197, "ymax": 501, "xmax": 1056}}, {"tid": 1, "generated": 0, "bbox": {"xmin": 142, "ymin": 198, "ymax": 718, "xmax": 911}}, {"tid": 2, "generated": 0, "bbox": {"xmin": 0, "ymin": 23, "ymax": 319, "xmax": 228}}, {"tid": 3, "generated": 0, "bbox": {"xmin": 101, "ymin": 4, "ymax": 714, "xmax": 1279}}], [{"tid": 0, "generated": 0, "bbox": {"xmin": 622, "ymin": 192, "ymax": 496, "xmax": 1050}}, {"tid": 1, "generated": 0, "bbox": {"xmin": 143, "ymin": 197, "ymax": 718, "xmax": 912}}, {"tid": 2, "generated": 0, "bbox": {"xmin": 0, "ymin": 23, "ymax": 319, "xmax": 228}}, {"tid": 3, "generated": 0, "bbox": {"xmin": 101, "ymin": 4, "ymax": 714, "xmax": 1279}}], [{"tid": 0, "generated": 0, "bbox": {"xmin": 624, "ymin": 186, "ymax": 503, "xmax": 1063}}, {"tid": 1, "generated": 0, "bbox": {"xmin": 143, "ymin": 197, "ymax": 718, "xmax": 912}}, {"tid": 2, "generated": 0, "bbox": {"xmin": 0, "ymin": 23, "ymax": 319, "xmax": 228}}, {"tid": 3, "generated": 0, "bbox": {"xmin": 101, "ymin": 4, "ymax": 714, "xmax": 1279}}], [{"tid": 0, "generated": 0, "bbox": {"xmin": 625, "ymin": 179, "ymax": 504, "xmax": 1063}}, {"tid": 1, "generated": 0, "bbox": {"xmin": 144, "ymin": 196, "ymax": 718, "xmax": 913}}, {"tid": 2, "generated": 0, "bbox": {"xmin": 0, "ymin": 23, "ymax": 319, "xmax": 228}}, {"tid": 3, "generated": 0, "bbox": {"xmin": 101, "ymin": 4, "ymax": 714, "xmax": 1279}}], [{"tid": 0, "generated": 0, "bbox": {"xmin": 627, "ymin": 174, "ymax": 496, "xmax": 1127}}, {"tid": 1, "generated": 0, "bbox": {"xmin": 144, "ymin": 195, "ymax": 718, "xmax": 914}}, {"tid": 2, "generated": 0, "bbox": {"xmin": 0, "ymin": 23, "ymax": 319, "xmax": 228}}, {"tid": 3, "generated": 0, "bbox": {"xmin": 101, "ymin": 4, "ymax": 714, "xmax": 1279}}], [{"tid": 0, "generated": 0, "bbox": {"xmin": 629, "ymin": 168, "ymax": 499, "xmax": 1141}}, {"tid": 1, "generated": 0, "bbox": {"xmin": 145, "ymin": 195, "ymax": 718, "xmax": 915}}, {"tid": 2, "generated": 0, "bbox": {"xmin": 0, "ymin": 23, "ymax": 319, "xmax": 228}}, {"tid": 3, "generated": 0, "bbox": {"xmin": 101, "ymin": 4, "ymax": 714, "xmax": 1279}}], [{"tid": 0, "generated": 0, "bbox": {"xmin": 629, "ymin": 165, "ymax": 496, "xmax": 1137}}, {"tid": 1, "generated": 0, "bbox": {"xmin": 145, "ymin": 194, "ymax": 718, "xmax": 918}}, {"tid": 2, "generated": 0, "bbox": {"xmin": 0, "ymin": 23, "ymax": 319, "xmax": 228}}, {"tid": 3, "generated": 0, "bbox": {"xmin": 101, "ymin": 4, "ymax": 714, "xmax": 1279}}], [{"tid": 0, "generated": 0, "bbox": {"xmin": 634, "ymin": 168, "ymax": 497, "xmax": 1150}}, {"tid": 1, "generated": 0, "bbox": {"xmin": 146, "ymin": 193, "ymax": 718, "xmax": 921}}, {"tid": 2, "generated": 0, "bbox": {"xmin": 0, "ymin": 23, "ymax": 319, "xmax": 228}}, {"tid": 3, "generated": 0, "bbox": {"xmin": 101, "ymin": 4, "ymax": 714, "xmax": 1279}}], [{"tid": 0, "generated": 0, "bbox": {"xmin": 638, "ymin": 172, "ymax": 499, "xmax": 1153}}, {"tid": 1, "generated": 0, "bbox": {"xmin": 147, "ymin": 192, "ymax": 718, "xmax": 925}}, {"tid": 2, "generated": 0, "bbox": {"xmin": 0, "ymin": 23, "ymax": 319, "xmax": 228}}, {"tid": 3, "generated": 0, "bbox": {"xmin": 101, "ymin": 4, "ymax": 714, "xmax": 1279}}], [{"tid": 0, "generated": 0, "bbox": {"xmin": 638, "ymin": 176, "ymax": 496, "xmax": 1157}}, {"tid": 1, "generated": 0, "bbox": {"xmin": 148, "ymin": 191, "ymax": 718, "xmax": 928}}, {"tid": 2, "generated": 0, "bbox": {"xmin": 0, "ymin": 23, "ymax": 319, "xmax": 228}}, {"tid": 3, "generated": 0, "bbox": {"xmin": 101, "ymin": 4, "ymax": 714, "xmax": 1279}}], [], [], [], [], [], [], [], [], [], [], [], [], [], [], [], [], [], [], [], [], [], [], [], [], [], [], [], [], [], [], [], [], [], [], [], [], [], [], [], [], [], [], [], [], [], [], [], [], [], [], [], [], [], [], [], [], [], [], [], [], [], [], [], [], [], [], [], [], [], [], [], [], [], [], [], [], [], [], [], [], [], [], [], [], [], [], [], [], [], [], [], [], [], [], [], [], [], [], [], [], [], [], [], [], [], [], [], [], [], [], [], [], [], [], [], [], [], [], [], [], [], [], [], [], [], [], [], [], [], [], [], [], [], [], [], [], [], [], [], [], [], [], [], [], [], [], [], [], [], [], [{"tid": 0, "generated": 0, "bbox": {"xmin": 714, "ymin": 234, "ymax": 469, "xmax": 968}}, {"tid": 1, "generated": 0, "bbox": {"xmin": 151, "ymin": 181, "ymax": 718, "xmax": 832}}, {"tid": 2, "generated": 0, "bbox": {"xmin": 0, "ymin": 23, "ymax": 319, "xmax": 228}}, {"tid": 3, "generated": 0, "bbox": {"xmin": 122, "ymin": 4, "ymax": 714, "xmax": 1279}}], [{"tid": 0, "generated": 0, "bbox": {"xmin": 711, "ymin": 234, "ymax": 469, "xmax": 967}}, {"tid": 1, "generated": 0, "bbox": {"xmin": 151, "ymin": 181, "ymax": 718, "xmax": 832}}, {"tid": 2, "generated": 0, "bbox": {"xmin": 0, "ymin": 23, "ymax": 319, "xmax": 228}}, {"tid": 3, "generated": 0, "bbox": {"xmin": 122, "ymin": 4, "ymax": 714, "xmax": 1279}}], [{"tid": 0, "generated": 0, "bbox": {"xmin": 709, "ymin": 232, "ymax": 467, "xmax": 970}}, {"tid": 1, "generated": 0, "bbox": {"xmin": 151, "ymin": 181, "ymax": 718, "xmax": 831}}, {"tid": 2, "generated": 0, "bbox": {"xmin": 0, "ymin": 23, "ymax": 319, "xmax": 228}}, {"tid": 3, "generated": 0, "bbox": {"xmin": 122, "ymin": 4, "ymax": 714, "xmax": 1279}}], [{"tid": 0, "generated": 0, "bbox": {"xmin": 705, "ymin": 231, "ymax": 465, "xmax": 968}}, {"tid": 1, "generated": 0, "bbox": {"xmin": 151, "ymin": 181, "ymax": 718, "xmax": 831}}, {"tid": 2, "generated": 0, "bbox": {"xmin": 0, "ymin": 23, "ymax": 319, "xmax": 228}}, {"tid": 3, "generated": 0, "bbox": {"xmin": 122, "ymin": 4, "ymax": 714, "xmax": 1279}}], [{"tid": 0, "generated": 0, "bbox": {"xmin": 704, "ymin": 231, "ymax": 465, "xmax": 968}}, {"tid": 1, "generated": 0, "bbox": {"xmin": 151, "ymin": 181, "ymax": 718, "xmax": 830}}, {"tid": 2, "generated": 0, "bbox": {"xmin": 0, "ymin": 23, "ymax": 319, "xmax": 228}}, {"tid": 3, "generated": 0, "bbox": {"xmin": 122, "ymin": 4, "ymax": 714, "xmax": 1279}}], [{"tid": 0, "generated": 0, "bbox": {"xmin": 704, "ymin": 231, "ymax": 467, "xmax": 968}}, {"tid": 1, "generated": 0, "bbox": {"xmin": 151, "ymin": 181, "ymax": 718, "xmax": 830}}, {"tid": 2, "generated": 0, "bbox": {"xmin": 0, "ymin": 23, "ymax": 319, "xmax": 228}}, {"tid": 3, "generated": 0, "bbox": {"xmin": 122, "ymin": 4, "ymax": 714, "xmax": 1279}}], [{"tid": 0, "generated": 0, "bbox": {"xmin": 702, "ymin": 225, "ymax": 467, "xmax": 967}}, {"tid": 1, "generated": 0, "bbox": {"xmin": 151, "ymin": 180, "ymax": 718, "xmax": 829}}, {"tid": 2, "generated": 0, "bbox": {"xmin": 0, "ymin": 23, "ymax": 319, "xmax": 228}}, {"tid": 3, "generated": 0, "bbox": {"xmin": 122, "ymin": 4, "ymax": 714, "xmax": 1279}}], [{"tid": 0, "generated": 0, "bbox": {"xmin": 702, "ymin": 222, "ymax": 469, "xmax": 965}}, {"tid": 1, "generated": 0, "bbox": {"xmin": 151, "ymin": 179, "ymax": 718, "xmax": 828}}, {"tid": 2, "generated": 0, "bbox": {"xmin": 0, "ymin": 23, "ymax": 319, "xmax": 228}}, {"tid": 3, "generated": 0, "bbox": {"xmin": 122, "ymin": 4, "ymax": 714, "xmax": 1279}}], [{"tid": 0, "generated": 0, "bbox": {"xmin": 702, "ymin": 220, "ymax": 469, "xmax": 963}}, {"tid": 1, "generated": 0, "bbox": {"xmin": 151, "ymin": 179, "ymax": 718, "xmax": 830}}, {"tid": 2, "generated": 0, "bbox": {"xmin": 0, "ymin": 23, "ymax": 319, "xmax": 228}}, {"tid": 3, "generated": 0, "bbox": {"xmin": 122, "ymin": 4, "ymax": 714, "xmax": 1279}}], [{"tid": 0, "generated": 0, "bbox": {"xmin": 702, "ymin": 218, "ymax": 469, "xmax": 963}}, {"tid": 1, "generated": 0, "bbox": {"xmin": 151, "ymin": 178, "ymax": 718, "xmax": 830}}, {"tid": 2, "generated": 0, "bbox": {"xmin": 0, "ymin": 23, "ymax": 319, "xmax": 228}}, {"tid": 3, "generated": 0, "bbox": {"xmin": 122, "ymin": 4, "ymax": 714, "xmax": 1279}}], [{"tid": 0, "generated": 0, "bbox": {"xmin": 702, "ymin": 218, "ymax": 469, "xmax": 961}}, {"tid": 1, "generated": 0, "bbox": {"xmin": 151, "ymin": 178, "ymax": 718, "xmax": 831}}, {"tid": 2, "generated": 0, "bbox": {"xmin": 0, "ymin": 23, "ymax": 319, "xmax": 228}}, {"tid": 3, "generated": 0, "bbox": {"xmin": 122, "ymin": 4, "ymax": 714, "xmax": 1279}}], [{"tid": 0, "generated": 0, "bbox": {"xmin": 702, "ymin": 216, "ymax": 469, "xmax": 961}}, {"tid": 1, "generated": 0, "bbox": {"xmin": 151, "ymin": 177, "ymax": 718, "xmax": 831}}, {"tid": 2, "generated": 0, "bbox": {"xmin": 0, "ymin": 23, "ymax": 319, "xmax": 228}}, {"tid": 3, "generated": 0, "bbox": {"xmin": 122, "ymin": 4, "ymax": 714, "xmax": 1279}}], [{"tid": 0, "generated": 0, "bbox": {"xmin": 704, "ymin": 216, "ymax": 471, "xmax": 961}}, {"tid": 1, "generated": 0, "bbox": {"xmin": 151, "ymin": 177, "ymax": 718, "xmax": 832}}, {"tid": 2, "generated": 0, "bbox": {"xmin": 0, "ymin": 23, "ymax": 319, "xmax": 228}}, {"tid": 3, "generated": 0, "bbox": {"xmin": 122, "ymin": 4, "ymax": 714, "xmax": 1279}}], [{"tid": 0, "generated": 0, "bbox": {"xmin": 702, "ymin": 215, "ymax": 472, "xmax": 960}}, {"tid": 1, "generated": 0, "bbox": {"xmin": 152, "ymin": 178, "ymax": 718, "xmax": 831}}, {"tid": 2, "generated": 0, "bbox": {"xmin": 0, "ymin": 23, "ymax": 319, "xmax": 228}}, {"tid": 3, "generated": 0, "bbox": {"xmin": 122, "ymin": 4, "ymax": 714, "xmax": 1279}}], [{"tid": 0, "generated": 0, "bbox": {"xmin": 700, "ymin": 215, "ymax": 474, "xmax": 960}}, {"tid": 1, "generated": 0, "bbox": {"xmin": 154, "ymin": 179, "ymax": 718, "xmax": 830}}, {"tid": 2, "generated": 0, "bbox": {"xmin": 0, "ymin": 23, "ymax": 319, "xmax": 228}}, {"tid": 3, "generated": 0, "bbox": {"xmin": 122, "ymin": 4, "ymax": 714, "xmax": 1279}}], [{"tid": 0, "generated": 0, "bbox": {"xmin": 700, "ymin": 215, "ymax": 476, "xmax": 960}}, {"tid": 1, "generated": 0, "bbox": {"xmin": 151, "ymin": 177, "ymax": 718, "xmax": 839}}, {"tid": 2, "generated": 0, "bbox": {"xmin": 0, "ymin": 23, "ymax": 319, "xmax": 228}}, {"tid": 3, "generated": 0, "bbox": {"xmin": 122, "ymin": 4, "ymax": 714, "xmax": 1279}}], [{"tid": 0, "generated": 0, "bbox": {"xmin": 696, "ymin": 215, "ymax": 474, "xmax": 958}}, {"tid": 1, "generated": 0, "bbox": {"xmin": 151, "ymin": 176, "ymax": 718, "xmax": 844}}, {"tid": 2, "generated": 0, "bbox": {"xmin": 0, "ymin": 23, "ymax": 319, "xmax": 228}}, {"tid": 3, "generated": 0, "bbox": {"xmin": 122, "ymin": 4, "ymax": 714, "xmax": 1279}}], [{"tid": 0, "generated": 0, "bbox": {"xmin": 682, "ymin": 215, "ymax": 480, "xmax": 954}}, {"tid": 1, "generated": 0, "bbox": {"xmin": 151, "ymin": 175, "ymax": 718, "xmax": 850}}, {"tid": 2, "generated": 0, "bbox": {"xmin": 0, "ymin": 23, "ymax": 319, "xmax": 228}}, {"tid": 3, "generated": 0, "bbox": {"xmin": 122, "ymin": 4, "ymax": 714, "xmax": 1279}}], [{"tid": 0, "generated": 0, "bbox": {"xmin": 656, "ymin": 215, "ymax": 483, "xmax": 956}}, {"tid": 1, "generated": 0, "bbox": {"xmin": 151, "ymin": 174, "ymax": 718, "xmax": 856}}, {"tid": 2, "generated": 0, "bbox": {"xmin": 0, "ymin": 23, "ymax": 319, "xmax": 228}}, {"tid": 3, "generated": 0, "bbox": {"xmin": 122, "ymin": 4, "ymax": 714, "xmax": 1279}}], [{"tid": 0, "generated": 0, "bbox": {"xmin": 638, "ymin": 209, "ymax": 481, "xmax": 963}}, {"tid": 1, "generated": 0, "bbox": {"xmin": 151, "ymin": 174, "ymax": 718, "xmax": 864}}, {"tid": 2, "generated": 0, "bbox": {"xmin": 0, "ymin": 23, "ymax": 319, "xmax": 228}}, {"tid": 3, "generated": 0, "bbox": {"xmin": 122, "ymin": 4, "ymax": 714, "xmax": 1279}}], [{"tid": 0, "generated": 0, "bbox": {"xmin": 643, "ymin": 209, "ymax": 480, "xmax": 963}}, {"tid": 1, "generated": 0, "bbox": {"xmin": 151, "ymin": 172, "ymax": 718, "xmax": 885}}, {"tid": 2, "generated": 0, "bbox": {"xmin": 0, "ymin": 23, "ymax": 319, "xmax": 228}}, {"tid": 3, "generated": 0, "bbox": {"xmin": 122, "ymin": 4, "ymax": 714, "xmax": 1279}}], [{"tid": 0, "generated": 0, "bbox": {"xmin": 648, "ymin": 211, "ymax": 478, "xmax": 963}}, {"tid": 1, "generated": 0, "bbox": {"xmin": 151, "ymin": 171, "ymax": 718, "xmax": 885}}, {"tid": 2, "generated": 0, "bbox": {"xmin": 0, "ymin": 23, "ymax": 319, "xmax": 228}}, {"tid": 3, "generated": 0, "bbox": {"xmin": 122, "ymin": 4, "ymax": 714, "xmax": 1279}}], [{"tid": 0, "generated": 0, "bbox": {"xmin": 659, "ymin": 211, "ymax": 474, "xmax": 963}}, {"tid": 1, "generated": 0, "bbox": {"xmin": 151, "ymin": 171, "ymax": 718, "xmax": 885}}, {"tid": 2, "generated": 0, "bbox": {"xmin": 0, "ymin": 23, "ymax": 319, "xmax": 228}}, {"tid": 3, "generated": 0, "bbox": {"xmin": 122, "ymin": 4, "ymax": 714, "xmax": 1279}}], [{"tid": 0, "generated": 0, "bbox": {"xmin": 659, "ymin": 211, "ymax": 480, "xmax": 963}}, {"tid": 1, "generated": 0, "bbox": {"xmin": 151, "ymin": 170, "ymax": 718, "xmax": 886}}, {"tid": 2, "generated": 0, "bbox": {"xmin": 0, "ymin": 23, "ymax": 319, "xmax": 228}}, {"tid": 3, "generated": 0, "bbox": {"xmin": 122, "ymin": 4, "ymax": 714, "xmax": 1279}}], [{"tid": 0, "generated": 0, "bbox": {"xmin": 659, "ymin": 213, "ymax": 487, "xmax": 965}}, {"tid": 1, "generated": 0, "bbox": {"xmin": 151, "ymin": 170, "ymax": 718, "xmax": 886}}, {"tid": 2, "generated": 0, "bbox": {"xmin": 0, "ymin": 23, "ymax": 319, "xmax": 228}}, {"tid": 3, "generated": 0, "bbox": {"xmin": 122, "ymin": 4, "ymax": 714, "xmax": 1279}}], [{"tid": 0, "generated": 0, "bbox": {"xmin": 659, "ymin": 215, "ymax": 478, "xmax": 967}}, {"tid": 1, "generated": 0, "bbox": {"xmin": 152, "ymin": 170, "ymax": 718, "xmax": 887}}, {"tid": 2, "generated": 0, "bbox": {"xmin": 0, "ymin": 23, "ymax": 319, "xmax": 228}}, {"tid": 3, "generated": 0, "bbox": {"xmin": 122, "ymin": 4, "ymax": 714, "xmax": 1279}}], [{"tid": 0, "generated": 0, "bbox": {"xmin": 659, "ymin": 215, "ymax": 474, "xmax": 967}}, {"tid": 1, "generated": 0, "bbox": {"xmin": 152, "ymin": 170, "ymax": 718, "xmax": 887}}, {"tid": 2, "generated": 0, "bbox": {"xmin": 0, "ymin": 23, "ymax": 319, "xmax": 228}}, {"tid": 3, "generated": 0, "bbox": {"xmin": 122, "ymin": 4, "ymax": 714, "xmax": 1279}}], [{"tid": 0, "generated": 0, "bbox": {"xmin": 659, "ymin": 215, "ymax": 483, "xmax": 967}}, {"tid": 1, "generated": 0, "bbox": {"xmin": 152, "ymin": 170, "ymax": 718, "xmax": 888}}, {"tid": 2, "generated": 0, "bbox": {"xmin": 0, "ymin": 23, "ymax": 319, "xmax": 228}}, {"tid": 3, "generated": 0, "bbox": {"xmin": 122, "ymin": 4, "ymax": 714, "xmax": 1279}}], [{"tid": 0, "generated": 0, "bbox": {"xmin": 659, "ymin": 215, "ymax": 481, "xmax": 967}}, {"tid": 1, "generated": 0, "bbox": {"xmin": 152, "ymin": 170, "ymax": 718, "xmax": 889}}, {"tid": 2, "generated": 0, "bbox": {"xmin": 0, "ymin": 23, "ymax": 319, "xmax": 228}}, {"tid": 3, "generated": 0, "bbox": {"xmin": 122, "ymin": 4, "ymax": 714, "xmax": 1279}}], [{"tid": 0, "generated": 0, "bbox": {"xmin": 659, "ymin": 215, "ymax": 485, "xmax": 968}}, {"tid": 1, "generated": 0, "bbox": {"xmin": 152, "ymin": 170, "ymax": 718, "xmax": 890}}, {"tid": 2, "generated": 0, "bbox": {"xmin": 0, "ymin": 23, "ymax": 319, "xmax": 228}}, {"tid": 3, "generated": 0, "bbox": {"xmin": 122, "ymin": 4, "ymax": 714, "xmax": 1279}}], [], [], [], [], [], [], [], [], [], [], [], [], [], [], [], [], [], [], [], [], [], [], [], [], [], [], [], [], [], [], [], [], [], [], [], [], [], [], [], [], [], [], [], [], [], [], [], [], [], [], [], [], [], [], [], [], [], [], [], [], [], [], [], [], [], [], [], [], [], [], [], [], [], [], [], [], [], [], [], [], [], [], [], [], [], [], [], [], [], [], [{"tid": 0, "generated": 0, "bbox": {"xmin": 602, "ymin": 172, "ymax": 487, "xmax": 970}}, {"tid": 1, "generated": 0, "bbox": {"xmin": 0, "ymin": 110, "ymax": 718, "xmax": 769}}, {"tid": 2, "generated": 0, "bbox": {"xmin": 0, "ymin": 4, "ymax": 261, "xmax": 221}}, {"tid": 3, "generated": 0, "bbox": {"xmin": 51, "ymin": 4, "ymax": 714, "xmax": 1279}}], [{"tid": 0, "generated": 0, "bbox": {"xmin": 606, "ymin": 172, "ymax": 487, "xmax": 967}}, {"tid": 1, "generated": 0, "bbox": {"xmin": 0, "ymin": 113, "ymax": 716, "xmax": 771}}, {"tid": 2, "generated": 0, "bbox": {"xmin": 0, "ymin": 4, "ymax": 261, "xmax": 221}}, {"tid": 3, "generated": 0, "bbox": {"xmin": 51, "ymin": 4, "ymax": 714, "xmax": 1279}}], [{"tid": 0, "generated": 0, "bbox": {"xmin": 602, "ymin": 172, "ymax": 487, "xmax": 970}}, {"tid": 1, "generated": 0, "bbox": {"xmin": 0, "ymin": 126, "ymax": 716, "xmax": 769}}, {"tid": 2, "generated": 0, "bbox": {"xmin": 0, "ymin": 4, "ymax": 261, "xmax": 221}}, {"tid": 3, "generated": 0, "bbox": {"xmin": 51, "ymin": 4, "ymax": 714, "xmax": 1279}}], [{"tid": 0, "generated": 0, "bbox": {"xmin": 600, "ymin": 174, "ymax": 487, "xmax": 968}}, {"tid": 1, "generated": 0, "bbox": {"xmin": 0, "ymin": 138, "ymax": 716, "xmax": 768}}, {"tid": 2, "generated": 0, "bbox": {"xmin": 0, "ymin": 4, "ymax": 261, "xmax": 221}}, {"tid": 3, "generated": 0, "bbox": {"xmin": 51, "ymin": 4, "ymax": 714, "xmax": 1279}}], [{"tid": 0, "generated": 0, "bbox": {"xmin": 595, "ymin": 173, "ymax": 491, "xmax": 964}}, {"tid": 1, "generated": 0, "bbox": {"xmin": 0, "ymin": 151, "ymax": 718, "xmax": 766}}, {"tid": 2, "generated": 0, "bbox": {"xmin": 0, "ymin": 4, "ymax": 261, "xmax": 221}}, {"tid": 3, "generated": 0, "bbox": {"xmin": 51, "ymin": 4, "ymax": 714, "xmax": 1279}}], [{"tid": 0, "generated": 0, "bbox": {"xmin": 590, "ymin": 172, "ymax": 496, "xmax": 961}}, {"tid": 1, "generated": 0, "bbox": {"xmin": 0, "ymin": 165, "ymax": 718, "xmax": 764}}, {"tid": 2, "generated": 0, "bbox": {"xmin": 0, "ymin": 4, "ymax": 261, "xmax": 221}}, {"tid": 3, "generated": 0, "bbox": {"xmin": 51, "ymin": 4, "ymax": 714, "xmax": 1279}}], [{"tid": 0, "generated": 0, "bbox": {"xmin": 589, "ymin": 171, "ymax": 495, "xmax": 957}}, {"tid": 1, "generated": 0, "bbox": {"xmin": 0, "ymin": 170, "ymax": 718, "xmax": 762}}, {"tid": 2, "generated": 0, "bbox": {"xmin": 0, "ymin": 4, "ymax": 261, "xmax": 221}}, {"tid": 3, "generated": 0, "bbox": {"xmin": 51, "ymin": 4, "ymax": 714, "xmax": 1279}}], [{"tid": 0, "generated": 0, "bbox": {"xmin": 588, "ymin": 170, "ymax": 494, "xmax": 954}}, {"tid": 1, "generated": 0, "bbox": {"xmin": 0, "ymin": 176, "ymax": 718, "xmax": 760}}, {"tid": 2, "generated": 0, "bbox": {"xmin": 0, "ymin": 4, "ymax": 261, "xmax": 221}}, {"tid": 3, "generated": 0, "bbox": {"xmin": 51, "ymin": 4, "ymax": 714, "xmax": 1279}}], [{"tid": 0, "generated": 0, "bbox": {"xmin": 586, "ymin": 168, "ymax": 499, "xmax": 952}}, {"tid": 1, "generated": 0, "bbox": {"xmin": 0, "ymin": 184, "ymax": 718, "xmax": 760}}, {"tid": 2, "generated": 0, "bbox": {"xmin": 0, "ymin": 4, "ymax": 261, "xmax": 221}}, {"tid": 3, "generated": 0, "bbox": {"xmin": 51, "ymin": 4, "ymax": 714, "xmax": 1279}}], [{"tid": 0, "generated": 0, "bbox": {"xmin": 584, "ymin": 167, "ymax": 498, "xmax": 947}}, {"tid": 1, "generated": 0, "bbox": {"xmin": 0, "ymin": 184, "ymax": 718, "xmax": 760}}, {"tid": 2, "generated": 0, "bbox": {"xmin": 0, "ymin": 4, "ymax": 261, "xmax": 221}}, {"tid": 3, "generated": 0, "bbox": {"xmin": 51, "ymin": 4, "ymax": 714, "xmax": 1279}}], [{"tid": 0, "generated": 0, "bbox": {"xmin": 583, "ymin": 167, "ymax": 497, "xmax": 942}}, {"tid": 1, "generated": 0, "bbox": {"xmin": 0, "ymin": 184, "ymax": 718, "xmax": 762}}, {"tid": 2, "generated": 0, "bbox": {"xmin": 0, "ymin": 4, "ymax": 261, "xmax": 221}}, {"tid": 3, "generated": 0, "bbox": {"xmin": 51, "ymin": 4, "ymax": 714, "xmax": 1279}}], [{"tid": 0, "generated": 0, "bbox": {"xmin": 581, "ymin": 165, "ymax": 501, "xmax": 938}}, {"tid": 1, "generated": 0, "bbox": {"xmin": 0, "ymin": 186, "ymax": 718, "xmax": 762}}, {"tid": 2, "generated": 0, "bbox": {"xmin": 0, "ymin": 4, "ymax": 256, "xmax": 226}}, {"tid": 3, "generated": 0, "bbox": {"xmin": 51, "ymin": 4, "ymax": 714, "xmax": 1279}}], [{"tid": 0, "generated": 0, "bbox": {"xmin": 579, "ymin": 165, "ymax": 502, "xmax": 935}}, {"tid": 1, "generated": 0, "bbox": {"xmin": 0, "ymin": 186, "ymax": 718, "xmax": 764}}, {"tid": 2, "generated": 0, "bbox": {"xmin": 0, "ymin": 4, "ymax": 251, "xmax": 232}}, {"tid": 3, "generated": 0, "bbox": {"xmin": 51, "ymin": 4, "ymax": 714, "xmax": 1279}}], [{"tid": 0, "generated": 0, "bbox": {"xmin": 577, "ymin": 165, "ymax": 503, "xmax": 933}}, {"tid": 1, "generated": 0, "bbox": {"xmin": 0, "ymin": 188, "ymax": 718, "xmax": 764}}, {"tid": 2, "generated": 0, "bbox": {"xmin": 0, "ymin": 4, "ymax": 246, "xmax": 237}}, {"tid": 3, "generated": 0, "bbox": {"xmin": 51, "ymin": 4, "ymax": 714, "xmax": 1279}}], [{"tid": 0, "generated": 0, "bbox": {"xmin": 576, "ymin": 165, "ymax": 499, "xmax": 928}}, {"tid": 1, "generated": 0, "bbox": {"xmin": 0, "ymin": 188, "ymax": 718, "xmax": 766}}, {"tid": 2, "generated": 0, "bbox": {"xmin": 0, "ymin": 4, "ymax": 241, "xmax": 243}}, {"tid": 3, "generated": 0, "bbox": {"xmin": 51, "ymin": 4, "ymax": 714, "xmax": 1279}}], [{"tid": 0, "generated": 0, "bbox": {"xmin": 576, "ymin": 165, "ymax": 504, "xmax": 933}}, {"tid": 1, "generated": 0, "bbox": {"xmin": 0, "ymin": 190, "ymax": 718, "xmax": 768}}, {"tid": 2, "generated": 0, "bbox": {"xmin": 0, "ymin": 4, "ymax": 236, "xmax": 248}}, {"tid": 3, "generated": 0, "bbox": {"xmin": 51, "ymin": 4, "ymax": 714, "xmax": 1279}}], [{"tid": 0, "generated": 0, "bbox": {"xmin": 579, "ymin": 165, "ymax": 508, "xmax": 932}}, {"tid": 1, "generated": 0, "bbox": {"xmin": 0, "ymin": 190, "ymax": 718, "xmax": 771}}, {"tid": 2, "generated": 0, "bbox": {"xmin": 0, "ymin": 4, "ymax": 236, "xmax": 248}}, {"tid": 3, "generated": 0, "bbox": {"xmin": 51, "ymin": 4, "ymax": 714, "xmax": 1279}}], [{"tid": 0, "generated": 0, "bbox": {"xmin": 583, "ymin": 165, "ymax": 512, "xmax": 931}}, {"tid": 1, "generated": 0, "bbox": {"xmin": 0, "ymin": 190, "ymax": 718, "xmax": 775}}, {"tid": 2, "generated": 0, "bbox": {"xmin": 0, "ymin": 4, "ymax": 236, "xmax": 248}}, {"tid": 3, "generated": 0, "bbox": {"xmin": 51, "ymin": 4, "ymax": 714, "xmax": 1279}}], [{"tid": 0, "generated": 0, "bbox": {"xmin": 581, "ymin": 165, "ymax": 517, "xmax": 929}}, {"tid": 1, "generated": 0, "bbox": {"xmin": 0, "ymin": 190, "ymax": 718, "xmax": 780}}, {"tid": 2, "generated": 0, "bbox": {"xmin": 0, "ymin": 4, "ymax": 236, "xmax": 248}}, {"tid": 3, "generated": 0, "bbox": {"xmin": 51, "ymin": 4, "ymax": 714, "xmax": 1279}}], [{"tid": 0, "generated": 0, "bbox": {"xmin": 592, "ymin": 165, "ymax": 524, "xmax": 926}}, {"tid": 1, "generated": 0, "bbox": {"xmin": 0, "ymin": 190, "ymax": 718, "xmax": 784}}, {"tid": 2, "generated": 0, "bbox": {"xmin": 0, "ymin": 4, "ymax": 236, "xmax": 248}}, {"tid": 3, "generated": 0, "bbox": {"xmin": 51, "ymin": 4, "ymax": 714, "xmax": 1279}}], [{"tid": 0, "generated": 0, "bbox": {"xmin": 599, "ymin": 165, "ymax": 526, "xmax": 926}}, {"tid": 1, "generated": 0, "bbox": {"xmin": 0, "ymin": 190, "ymax": 718, "xmax": 789}}, {"tid": 2, "generated": 0, "bbox": {"xmin": 0, "ymin": 4, "ymax": 236, "xmax": 248}}, {"tid": 3, "generated": 0, "bbox": {"xmin": 51, "ymin": 4, "ymax": 714, "xmax": 1279}}], [{"tid": 0, "generated": 0, "bbox": {"xmin": 606, "ymin": 165, "ymax": 524, "xmax": 926}}, {"tid": 1, "generated": 0, "bbox": {"xmin": 0, "ymin": 190, "ymax": 718, "xmax": 792}}, {"tid": 2, "generated": 0, "bbox": {"xmin": 0, "ymin": 4, "ymax": 236, "xmax": 248}}, {"tid": 3, "generated": 0, "bbox": {"xmin": 51, "ymin": 4, "ymax": 714, "xmax": 1279}}], [{"tid": 0, "generated": 0, "bbox": {"xmin": 609, "ymin": 163, "ymax": 531, "xmax": 928}}, {"tid": 1, "generated": 0, "bbox": {"xmin": 0, "ymin": 190, "ymax": 718, "xmax": 796}}, {"tid": 2, "generated": 0, "bbox": {"xmin": 0, "ymin": 4, "ymax": 236, "xmax": 248}}, {"tid": 3, "generated": 0, "bbox": {"xmin": 51, "ymin": 4, "ymax": 714, "xmax": 1279}}], [{"tid": 0, "generated": 0, "bbox": {"xmin": 611, "ymin": 163, "ymax": 531, "xmax": 928}}, {"tid": 1, "generated": 0, "bbox": {"xmin": 0, "ymin": 190, "ymax": 718, "xmax": 801}}, {"tid": 2, "generated": 0, "bbox": {"xmin": 0, "ymin": 4, "ymax": 236, "xmax": 248}}, {"tid": 3, "generated": 0, "bbox": {"xmin": 51, "ymin": 4, "ymax": 714, "xmax": 1279}}], [{"tid": 0, "generated": 0, "bbox": {"xmin": 611, "ymin": 164, "ymax": 530, "xmax": 929}}, {"tid": 1, "generated": 0, "bbox": {"xmin": 0, "ymin": 190, "ymax": 718, "xmax": 805}}, {"tid": 2, "generated": 0, "bbox": {"xmin": 0, "ymin": 4, "ymax": 236, "xmax": 248}}, {"tid": 3, "generated": 0, "bbox": {"xmin": 51, "ymin": 4, "ymax": 714, "xmax": 1279}}], [{"tid": 0, "generated": 0, "bbox": {"xmin": 611, "ymin": 165, "ymax": 529, "xmax": 931}}, {"tid": 1, "generated": 0, "bbox": {"xmin": 0, "ymin": 190, "ymax": 718, "xmax": 810}}, {"tid": 2, "generated": 0, "bbox": {"xmin": 0, "ymin": 4, "ymax": 236, "xmax": 248}}, {"tid": 3, "generated": 0, "bbox": {"xmin": 51, "ymin": 4, "ymax": 714, "xmax": 1279}}], [{"tid": 0, "generated": 0, "bbox": {"xmin": 613, "ymin": 165, "ymax": 524, "xmax": 931}}, {"tid": 1, "generated": 0, "bbox": {"xmin": 0, "ymin": 186, "ymax": 718, "xmax": 805}}, {"tid": 2, "generated": 0, "bbox": {"xmin": 0, "ymin": 4, "ymax": 233, "xmax": 249}}, {"tid": 3, "generated": 0, "bbox": {"xmin": 51, "ymin": 4, "ymax": 714, "xmax": 1279}}], [{"tid": 0, "generated": 0, "bbox": {"xmin": 613, "ymin": 165, "ymax": 526, "xmax": 928}}, {"tid": 1, "generated": 0, "bbox": {"xmin": 0, "ymin": 184, "ymax": 718, "xmax": 800}}, {"tid": 2, "generated": 0, "bbox": {"xmin": 0, "ymin": 4, "ymax": 230, "xmax": 250}}, {"tid": 3, "generated": 0, "bbox": {"xmin": 51, "ymin": 4, "ymax": 714, "xmax": 1279}}], [{"tid": 0, "generated": 0, "bbox": {"xmin": 620, "ymin": 167, "ymax": 526, "xmax": 928}}, {"tid": 1, "generated": 0, "bbox": {"xmin": 0, "ymin": 183, "ymax": 718, "xmax": 796}}, {"tid": 2, "generated": 0, "bbox": {"xmin": 0, "ymin": 4, "ymax": 226, "xmax": 252}}, {"tid": 3, "generated": 0, "bbox": {"xmin": 51, "ymin": 4, "ymax": 714, "xmax": 1279}}], [{"tid": 0, "generated": 0, "bbox": {"xmin": 622, "ymin": 167, "ymax": 522, "xmax": 931}}, {"tid": 1, "generated": 0, "bbox": {"xmin": 0, "ymin": 179, "ymax": 718, "xmax": 791}}, {"tid": 2, "generated": 0, "bbox": {"xmin": 0, "ymin": 4, "ymax": 223, "xmax": 253}}, {"tid": 3, "generated": 0, "bbox": {"xmin": 51, "ymin": 4, "ymax": 714, "xmax": 1279}}], [], [], [], [], [], [], [], [], [], [], [], [], [], [], [], [], [], [], [], [], [], [], [], [], [], [], [], [], [], [], [], [], [], [], [], [], [], [], [], [], [], [], [], [], [], [], [], [], [], [], [], [], [], [], [], [], [], [], [], [], [], [], [], [], [], [], [], [], [], [], [], [], [], [], [], [], [], [], [], [], [], [], [], [], [], [], [], [], [], [], [{"tid": 0, "generated": 0, "bbox": {"xmin": 384, "ymin": 53, "ymax": 574, "xmax": 1216}}, {"tid": 1, "generated": 0, "bbox": {"xmin": 51, "ymin": 71, "ymax": 718, "xmax": 912}}, {"tid": 2, "generated": 0, "bbox": {"xmin": 0, "ymin": 4, "ymax": 152, "xmax": 326}}, {"tid": 3, "generated": 0, "bbox": {"xmin": 69, "ymin": 7, "ymax": 717, "xmax": 1279}}], [{"tid": 0, "generated": 0, "bbox": {"xmin": 385, "ymin": 42, "ymax": 563, "xmax": 1205}}, {"tid": 1, "generated": 0, "bbox": {"xmin": 51, "ymin": 78, "ymax": 718, "xmax": 906}}, {"tid": 2, "generated": 0, "bbox": {"xmin": 0, "ymin": 4, "ymax": 152, "xmax": 326}}, {"tid": 3, "generated": 0, "bbox": {"xmin": 69, "ymin": 7, "ymax": 717, "xmax": 1279}}], [{"tid": 0, "generated": 0, "bbox": {"xmin": 387, "ymin": 32, "ymax": 561, "xmax": 1194}}, {"tid": 1, "generated": 0, "bbox": {"xmin": 51, "ymin": 85, "ymax": 718, "xmax": 903}}, {"tid": 2, "generated": 0, "bbox": {"xmin": 0, "ymin": 4, "ymax": 152, "xmax": 326}}, {"tid": 3, "generated": 0, "bbox": {"xmin": 69, "ymin": 7, "ymax": 717, "xmax": 1279}}], [{"tid": 0, "generated": 0, "bbox": {"xmin": 389, "ymin": 18, "ymax": 558, "xmax": 1184}}, {"tid": 1, "generated": 0, "bbox": {"xmin": 51, "ymin": 92, "ymax": 718, "xmax": 897}}, {"tid": 2, "generated": 0, "bbox": {"xmin": 0, "ymin": 4, "ymax": 152, "xmax": 326}}, {"tid": 3, "generated": 0, "bbox": {"xmin": 69, "ymin": 7, "ymax": 717, "xmax": 1279}}], [{"tid": 0, "generated": 0, "bbox": {"xmin": 392, "ymin": 5, "ymax": 556, "xmax": 1175}}, {"tid": 1, "generated": 0, "bbox": {"xmin": 51, "ymin": 99, "ymax": 718, "xmax": 892}}, {"tid": 2, "generated": 0, "bbox": {"xmin": 0, "ymin": 4, "ymax": 152, "xmax": 326}}, {"tid": 3, "generated": 0, "bbox": {"xmin": 69, "ymin": 7, "ymax": 717, "xmax": 1279}}], [{"tid": 0, "generated": 0, "bbox": {"xmin": 396, "ymin": 0, "ymax": 558, "xmax": 1171}}, {"tid": 1, "generated": 0, "bbox": {"xmin": 51, "ymin": 106, "ymax": 718, "xmax": 888}}, {"tid": 2, "generated": 0, "bbox": {"xmin": 0, "ymin": 4, "ymax": 152, "xmax": 326}}, {"tid": 3, "generated": 0, "bbox": {"xmin": 69, "ymin": 7, "ymax": 717, "xmax": 1279}}], [{"tid": 0, "generated": 0, "bbox": {"xmin": 400, "ymin": 0, "ymax": 545, "xmax": 1169}}, {"tid": 1, "generated": 0, "bbox": {"xmin": 52, "ymin": 106, "ymax": 709, "xmax": 885}}, {"tid": 2, "generated": 0, "bbox": {"xmin": 0, "ymin": 4, "ymax": 163, "xmax": 305}}, {"tid": 3, "generated": 0, "bbox": {"xmin": 73, "ymin": 7, "ymax": 717, "xmax": 1279}}], [{"tid": 0, "generated": 0, "bbox": {"xmin": 400, "ymin": 0, "ymax": 535, "xmax": 1160}}, {"tid": 1, "generated": 0, "bbox": {"xmin": 53, "ymin": 107, "ymax": 700, "xmax": 882}}, {"tid": 2, "generated": 0, "bbox": {"xmin": 0, "ymin": 4, "ymax": 174, "xmax": 284}}, {"tid": 3, "generated": 0, "bbox": {"xmin": 77, "ymin": 7, "ymax": 717, "xmax": 1279}}], [{"tid": 0, "generated": 0, "bbox": {"xmin": 398, "ymin": 0, "ymax": 522, "xmax": 1152}}, {"tid": 1, "generated": 0, "bbox": {"xmin": 55, "ymin": 108, "ymax": 691, "xmax": 880}}, {"tid": 2, "generated": 0, "bbox": {"xmin": 0, "ymin": 4, "ymax": 186, "xmax": 263}}, {"tid": 3, "generated": 0, "bbox": {"xmin": 82, "ymin": 7, "ymax": 717, "xmax": 1279}}], [{"tid": 0, "generated": 0, "bbox": {"xmin": 359, "ymin": 0, "ymax": 508, "xmax": 1155}}, {"tid": 1, "generated": 0, "bbox": {"xmin": 55, "ymin": 108, "ymax": 689, "xmax": 872}}, {"tid": 2, "generated": 0, "bbox": {"xmin": 0, "ymin": 4, "ymax": 197, "xmax": 242}}, {"tid": 3, "generated": 0, "bbox": {"xmin": 86, "ymin": 7, "ymax": 717, "xmax": 1279}}], [{"tid": 0, "generated": 0, "bbox": {"xmin": 211, "ymin": 0, "ymax": 499, "xmax": 1155}}, {"tid": 1, "generated": 0, "bbox": {"xmin": 58, "ymin": 110, "ymax": 684, "xmax": 867}}, {"tid": 2, "generated": 0, "bbox": {"xmin": 0, "ymin": 4, "ymax": 208, "xmax": 221}}, {"tid": 3, "generated": 0, "bbox": {"xmin": 90, "ymin": 7, "ymax": 717, "xmax": 1279}}], [{"tid": 0, "generated": 0, "bbox": {"xmin": 92, "ymin": 0, "ymax": 488, "xmax": 1148}}, {"tid": 1, "generated": 0, "bbox": {"xmin": 56, "ymin": 113, "ymax": 680, "xmax": 848}}, {"tid": 2, "generated": 0, "bbox": {"xmin": 0, "ymin": 4, "ymax": 212, "xmax": 216}}, {"tid": 3, "generated": 0, "bbox": {"xmin": 90, "ymin": 7, "ymax": 717, "xmax": 1279}}], [{"tid": 0, "generated": 0, "bbox": {"xmin": 48, "ymin": 0, "ymax": 444, "xmax": 1132}}, {"tid": 1, "generated": 0, "bbox": {"xmin": 55, "ymin": 120, "ymax": 673, "xmax": 876}}, {"tid": 2, "generated": 0, "bbox": {"xmin": 0, "ymin": 4, "ymax": 215, "xmax": 211}}, {"tid": 3, "generated": 0, "bbox": {"xmin": 90, "ymin": 7, "ymax": 717, "xmax": 1279}}], [{"tid": 0, "generated": 0, "bbox": {"xmin": 247, "ymin": 0, "ymax": 421, "xmax": 1128}}, {"tid": 1, "generated": 0, "bbox": {"xmin": 53, "ymin": 119, "ymax": 662, "xmax": 874}}, {"tid": 2, "generated": 0, "bbox": {"xmin": 0, "ymin": 4, "ymax": 219, "xmax": 206}}, {"tid": 3, "generated": 0, "bbox": {"xmin": 90, "ymin": 7, "ymax": 717, "xmax": 1279}}], [{"tid": 0, "generated": 0, "bbox": {"xmin": 385, "ymin": 0, "ymax": 440, "xmax": 1111}}, {"tid": 1, "generated": 0, "bbox": {"xmin": 52, "ymin": 118, "ymax": 651, "xmax": 872}}, {"tid": 2, "generated": 0, "bbox": {"xmin": 0, "ymin": 4, "ymax": 222, "xmax": 201}}, {"tid": 3, "generated": 0, "bbox": {"xmin": 90, "ymin": 7, "ymax": 717, "xmax": 1279}}], [{"tid": 0, "generated": 0, "bbox": {"xmin": 474, "ymin": 0, "ymax": 462, "xmax": 1093}}, {"tid": 1, "generated": 0, "bbox": {"xmin": 51, "ymin": 117, "ymax": 641, "xmax": 871}}, {"tid": 2, "generated": 0, "bbox": {"xmin": 0, "ymin": 4, "ymax": 226, "xmax": 196}}, {"tid": 3, "generated": 0, "bbox": {"xmin": 90, "ymin": 7, "ymax": 717, "xmax": 1279}}], [{"tid": 0, "generated": 0, "bbox": {"xmin": 636, "ymin": 0, "ymax": 437, "xmax": 1073}}, {"tid": 1, "generated": 0, "bbox": {"xmin": 53, "ymin": 112, "ymax": 634, "xmax": 864}}, {"tid": 2, "generated": 0, "bbox": {"xmin": 0, "ymin": 4, "ymax": 238, "xmax": 183}}, {"tid": 3, "generated": 0, "bbox": {"xmin": 90, "ymin": 7, "ymax": 717, "xmax": 1279}}], [{"tid": 0, "generated": 0, "bbox": {"xmin": 538, "ymin": 0, "ymax": 408, "xmax": 1034}}, {"tid": 1, "generated": 0, "bbox": {"xmin": 60, "ymin": 120, "ymax": 629, "xmax": 853}}, {"tid": 2, "generated": 0, "bbox": {"xmin": 0, "ymin": 4, "ymax": 251, "xmax": 169}}, {"tid": 3, "generated": 0, "bbox": {"xmin": 90, "ymin": 7, "ymax": 717, "xmax": 1279}}], [{"tid": 0, "generated": 0, "bbox": {"xmin": 549, "ymin": 0, "ymax": 400, "xmax": 1022}}, {"tid": 1, "generated": 0, "bbox": {"xmin": 67, "ymin": 119, "ymax": 611, "xmax": 839}}, {"tid": 2, "generated": 0, "bbox": {"xmin": 0, "ymin": 4, "ymax": 263, "xmax": 156}}, {"tid": 3, "generated": 0, "bbox": {"xmin": 90, "ymin": 7, "ymax": 717, "xmax": 1279}}], [{"tid": 0, "generated": 0, "bbox": {"xmin": 572, "ymin": 0, "ymax": 389, "xmax": 1022}}, {"tid": 1, "generated": 0, "bbox": {"xmin": 69, "ymin": 110, "ymax": 590, "xmax": 840}}, {"tid": 2, "generated": 0, "bbox": {"xmin": 0, "ymin": 4, "ymax": 276, "xmax": 142}}, {"tid": 3, "generated": 0, "bbox": {"xmin": 90, "ymin": 7, "ymax": 717, "xmax": 1279}}], [{"tid": 0, "generated": 0, "bbox": {"xmin": 588, "ymin": 0, "ymax": 375, "xmax": 1009}}, {"tid": 1, "generated": 0, "bbox": {"xmin": 71, "ymin": 103, "ymax": 570, "xmax": 828}}, {"tid": 2, "generated": 0, "bbox": {"xmin": 0, "ymin": 4, "ymax": 288, "xmax": 129}}, {"tid": 3, "generated": 0, "bbox": {"xmin": 90, "ymin": 7, "ymax": 717, "xmax": 1279}}], [{"tid": 0, "generated": 0, "bbox": {"xmin": 611, "ymin": 0, "ymax": 376, "xmax": 990}}, {"tid": 1, "generated": 0, "bbox": {"xmin": 72, "ymin": 95, "ymax": 552, "xmax": 816}}, {"tid": 2, "generated": 0, "bbox": {"xmin": 0, "ymin": 4, "ymax": 300, "xmax": 122}}, {"tid": 3, "generated": 0, "bbox": {"xmin": 90, "ymin": 7, "ymax": 717, "xmax": 1279}}], [{"tid": 0, "generated": 0, "bbox": {"xmin": 608, "ymin": 0, "ymax": 453, "xmax": 977}}, {"tid": 1, "generated": 0, "bbox": {"xmin": 74, "ymin": 88, "ymax": 535, "xmax": 805}}, {"tid": 2, "generated": 0, "bbox": {"xmin": 0, "ymin": 4, "ymax": 312, "xmax": 115}}, {"tid": 3, "generated": 0, "bbox": {"xmin": 90, "ymin": 7, "ymax": 717, "xmax": 1279}}], [{"tid": 0, "generated": 0, "bbox": {"xmin": 611, "ymin": 0, "ymax": 460, "xmax": 958}}, {"tid": 1, "generated": 0, "bbox": {"xmin": 76, "ymin": 81, "ymax": 510, "xmax": 801}}, {"tid": 2, "generated": 0, "bbox": {"xmin": 0, "ymin": 4, "ymax": 323, "xmax": 108}}, {"tid": 3, "generated": 0, "bbox": {"xmin": 90, "ymin": 7, "ymax": 717, "xmax": 1279}}], [{"tid": 0, "generated": 0, "bbox": {"xmin": 629, "ymin": 0, "ymax": 444, "xmax": 933}}, {"tid": 1, "generated": 0, "bbox": {"xmin": 78, "ymin": 74, "ymax": 496, "xmax": 753}}, {"tid": 2, "generated": 0, "bbox": {"xmin": 0, "ymin": 4, "ymax": 335, "xmax": 101}}, {"tid": 3, "generated": 0, "bbox": {"xmin": 90, "ymin": 7, "ymax": 717, "xmax": 1279}}], [{"tid": 0, "generated": 0, "bbox": {"xmin": 634, "ymin": 0, "ymax": 432, "xmax": 910}}, {"tid": 1, "generated": 0, "bbox": {"xmin": 81, "ymin": 67, "ymax": 483, "xmax": 764}}, {"tid": 2, "generated": 0, "bbox": {"xmin": 0, "ymin": 4, "ymax": 347, "xmax": 94}}, {"tid": 3, "generated": 0, "bbox": {"xmin": 90, "ymin": 7, "ymax": 717, "xmax": 1279}}], [{"tid": 0, "generated": 0, "bbox": {"xmin": 631, "ymin": 0, "ymax": 405, "xmax": 901}}, {"tid": 1, "generated": 0, "bbox": {"xmin": 81, "ymin": 69, "ymax": 478, "xmax": 792}}, {"tid": 2, "generated": 0, "bbox": {"xmin": 0, "ymin": 13, "ymax": 356, "xmax": 96}}, {"tid": 3, "generated": 0, "bbox": {"xmin": 90, "ymin": 7, "ymax": 717, "xmax": 1279}}], [{"tid": 0, "generated": 0, "bbox": {"xmin": 632, "ymin": 0, "ymax": 396, "xmax": 885}}, {"tid": 1, "generated": 0, "bbox": {"xmin": 81, "ymin": 74, "ymax": 481, "xmax": 807}}, {"tid": 2, "generated": 0, "bbox": {"xmin": 0, "ymin": 21, "ymax": 364, "xmax": 98}}, {"tid": 3, "generated": 0, "bbox": {"xmin": 90, "ymin": 7, "ymax": 717, "xmax": 1279}}], [{"tid": 0, "generated": 0, "bbox": {"xmin": 636, "ymin": 0, "ymax": 389, "xmax": 885}}, {"tid": 1, "generated": 0, "bbox": {"xmin": 81, "ymin": 74, "ymax": 469, "xmax": 810}}, {"tid": 2, "generated": 0, "bbox": {"xmin": 0, "ymin": 30, "ymax": 373, "xmax": 100}}, {"tid": 3, "generated": 0, "bbox": {"xmin": 90, "ymin": 7, "ymax": 717, "xmax": 1279}}], [{"tid": 0, "generated": 0, "bbox": {"xmin": 634, "ymin": 0, "ymax": 385, "xmax": 874}}, {"tid": 1, "generated": 0, "bbox": {"xmin": 99, "ymin": 74, "ymax": 481, "xmax": 800}}, {"tid": 2, "generated": 0, "bbox": {"xmin": 0, "ymin": 38, "ymax": 381, "xmax": 102}}, {"tid": 3, "generated": 0, "bbox": {"xmin": 90, "ymin": 7, "ymax": 717, "xmax": 1279}}]], "subject/objects": [{"category": "monkey", "tid": 0}, {"category": "domestic_cat", "tid": 1}, {"category": "sofa", "tid": 2}, {"category": "sofa", "tid": 3}], "relation_instances": [{"end_fid": 30, "subject_tid": 0, "predicate": "jump_behind", "begin_fid": 0, "object_tid": 1}, {"end_fid": 30, "subject_tid": 0, "predicate": "play", "begin_fid": 0, "object_tid": 1}, {"end_fid": 30, "subject_tid": 0, "predicate": "watch", "begin_fid": 0, "object_tid": 1}, {"end_fid": 30, "subject_tid": 1, "predicate": "lie_front", "begin_fid": 0, "object_tid": 0}, {"end_fid": 30, "subject_tid": 1, "predicate": "larger", "begin_fid": 0, "object_tid": 0}, {"end_fid": 30, "subject_tid": 1, "predicate": "play", "begin_fid": 0, "object_tid": 0}, {"end_fid": 30, "subject_tid": 1, "predicate": "watch", "begin_fid": 0, "object_tid": 0}, {"end_fid": 30, "subject_tid": 0, "predicate": "jump_right", "begin_fid": 0, "object_tid": 2}, {"end_fid": 30, "subject_tid": 0, "predicate": "jump_front", "begin_fid": 0, "object_tid": 2}, {"end_fid": 30, "subject_tid": 2, "predicate": "behind", "begin_fid": 0, "object_tid": 0}, {"end_fid": 30, "subject_tid": 2, "predicate": "left", "begin_fid": 0, "object_tid": 0}, {"end_fid": 30, "subject_tid": 2, "predicate": "larger", "begin_fid": 0, "object_tid": 0}, {"end_fid": 30, "subject_tid": 0, "predicate": "jump_above", "begin_fid": 0, "object_tid": 3}, {"end_fid": 30, "subject_tid": 0, "predicate": "touch", "begin_fid": 0, "object_tid": 3}, {"end_fid": 30, "subject_tid": 3, "predicate": "beneath", "begin_fid": 0, "object_tid": 0}, {"end_fid": 30, "subject_tid": 3, "predicate": "larger", "begin_fid": 0, "object_tid": 0}, {"end_fid": 30, "subject_tid": 1, "predicate": "lie_right", "begin_fid": 0, "object_tid": 2}, {"end_fid": 30, "subject_tid": 1, "predicate": "lie_front", "begin_fid": 0, "object_tid": 2}, {"end_fid": 30, "subject_tid": 2, "predicate": "behind", "begin_fid": 0, "object_tid": 1}, {"end_fid": 30, "subject_tid": 2, "predicate": "left", "begin_fid": 0, "object_tid": 1}, {"end_fid": 30, "subject_tid": 2, "predicate": "larger", "begin_fid": 0, "object_tid": 1}, {"end_fid": 30, "subject_tid": 1, "predicate": "lie_above", "begin_fid": 0, "object_tid": 3}, {"end_fid": 30, "subject_tid": 1, "predicate": "touch", "begin_fid": 0, "object_tid": 3}, {"end_fid": 30, "subject_tid": 3, "predicate": "beneath", "begin_fid": 0, "object_tid": 1}, {"end_fid": 30, "subject_tid": 3, "predicate": "larger", "begin_fid": 0, "object_tid": 1}, {"end_fid": 30, "subject_tid": 2, "predicate": "behind", "begin_fid": 0, "object_tid": 3}, {"end_fid": 30, "subject_tid": 2, "predicate": "left", "begin_fid": 0, "object_tid": 3}, {"end_fid": 30, "subject_tid": 3, "predicate": "front", "begin_fid": 0, "object_tid": 2}, {"end_fid": 30, "subject_tid": 3, "predicate": "right", "begin_fid": 0, "object_tid": 2}, {"end_fid": 75, "subject_tid": 0, "predicate": "sit_behind", "begin_fid": 45, "object_tid": 1}, {"end_fid": 75, "subject_tid": 0, "predicate": "play", "begin_fid": 45, "object_tid": 1}, {"end_fid": 75, "subject_tid": 0, "predicate": "watch", "begin_fid": 45, "object_tid": 1}, {"end_fid": 75, "subject_tid": 0, "predicate": "touch", "begin_fid": 45, "object_tid": 1}, {"end_fid": 75, "subject_tid": 1, "predicate": "lie_front", "begin_fid": 45, "object_tid": 0}, {"end_fid": 75, "subject_tid": 1, "predicate": "larger", "begin_fid": 45, "object_tid": 0}, {"end_fid": 75, "subject_tid": 1, "predicate": "play", "begin_fid": 45, "object_tid": 0}, {"end_fid": 75, "subject_tid": 1, "predicate": "watch", "begin_fid": 45, "object_tid": 0}, {"end_fid": 75, "subject_tid": 0, "predicate": "sit_right", "begin_fid": 45, "object_tid": 2}, {"end_fid": 75, "subject_tid": 0, "predicate": "sit_front", "begin_fid": 45, "object_tid": 2}, {"end_fid": 75, "subject_tid": 2, "predicate": "behind", "begin_fid": 45, "object_tid": 0}, {"end_fid": 75, "subject_tid": 2, "predicate": "left", "begin_fid": 45, "object_tid": 0}, {"end_fid": 75, "subject_tid": 2, "predicate": "larger", "begin_fid": 45, "object_tid": 0}, {"end_fid": 75, "subject_tid": 0, "predicate": "sit_above", "begin_fid": 45, "object_tid": 3}, {"end_fid": 75, "subject_tid": 0, "predicate": "touch", "begin_fid": 45, "object_tid": 3}, {"end_fid": 75, "subject_tid": 3, "predicate": "beneath", "begin_fid": 45, "object_tid": 0}, {"end_fid": 75, "subject_tid": 3, "predicate": "larger", "begin_fid": 45, "object_tid": 0}, {"end_fid": 75, "subject_tid": 1, "predicate": "lie_right", "begin_fid": 45, "object_tid": 2}, {"end_fid": 75, "subject_tid": 1, "predicate": "lie_front", "begin_fid": 45, "object_tid": 2}, {"end_fid": 75, "subject_tid": 2, "predicate": "behind", "begin_fid": 45, "object_tid": 1}, {"end_fid": 75, "subject_tid": 2, "predicate": "left", "begin_fid": 45, "object_tid": 1}, {"end_fid": 75, "subject_tid": 2, "predicate": "larger", "begin_fid": 45, "object_tid": 1}, {"end_fid": 75, "subject_tid": 1, "predicate": "lie_above", "begin_fid": 45, "object_tid": 3}, {"end_fid": 75, "subject_tid": 1, "predicate": "touch", "begin_fid": 45, "object_tid": 3}, {"end_fid": 75, "subject_tid": 3, "predicate": "beneath", "begin_fid": 45, "object_tid": 1}, {"end_fid": 75, "subject_tid": 3, "predicate": "larger", "begin_fid": 45, "object_tid": 1}, {"end_fid": 75, "subject_tid": 2, "predicate": "behind", "begin_fid": 45, "object_tid": 3}, {"end_fid": 75, "subject_tid": 2, "predicate": "left", "begin_fid": 45, "object_tid": 3}, {"end_fid": 75, "subject_tid": 3, "predicate": "front", "begin_fid": 45, "object_tid": 2}, {"end_fid": 75, "subject_tid": 3, "predicate": "right", "begin_fid": 45, "object_tid": 2}, {"end_fid": 150, "subject_tid": 0, "predicate": "jump_right", "begin_fid": 120, "object_tid": 1}, {"end_fid": 150, "subject_tid": 0, "predicate": "jump_behind", "begin_fid": 120, "object_tid": 1}, {"end_fid": 150, "subject_tid": 0, "predicate": "play", "begin_fid": 120, "object_tid": 1}, {"end_fid": 150, "subject_tid": 0, "predicate": "touch", "begin_fid": 120, "object_tid": 1}, {"end_fid": 150, "subject_tid": 1, "predicate": "lie_front", "begin_fid": 120, "object_tid": 0}, {"end_fid": 150, "subject_tid": 1, "predicate": "lie_left", "begin_fid": 120, "object_tid": 0}, {"end_fid": 150, "subject_tid": 1, "predicate": "larger", "begin_fid": 120, "object_tid": 0}, {"end_fid": 150, "subject_tid": 1, "predicate": "play", "begin_fid": 120, "object_tid": 0}, {"end_fid": 150, "subject_tid": 1, "predicate": "watch", "begin_fid": 120, "object_tid": 0}, {"end_fid": 150, "subject_tid": 0, "predicate": "jump_right", "begin_fid": 120, "object_tid": 2}, {"end_fid": 150, "subject_tid": 0, "predicate": "jump_front", "begin_fid": 120, "object_tid": 2}, {"end_fid": 150, "subject_tid": 2, "predicate": "behind", "begin_fid": 120, "object_tid": 0}, {"end_fid": 150, "subject_tid": 2, "predicate": "left", "begin_fid": 120, "object_tid": 0}, {"end_fid": 150, "subject_tid": 2, "predicate": "larger", "begin_fid": 120, "object_tid": 0}, {"end_fid": 150, "subject_tid": 0, "predicate": "jump_above", "begin_fid": 120, "object_tid": 3}, {"end_fid": 150, "subject_tid": 0, "predicate": "touch", "begin_fid": 120, "object_tid": 3}, {"end_fid": 150, "subject_tid": 3, "predicate": "beneath", "begin_fid": 120, "object_tid": 0}, {"end_fid": 150, "subject_tid": 3, "predicate": "larger", "begin_fid": 120, "object_tid": 0}, {"end_fid": 150, "subject_tid": 1, "predicate": "lie_right", "begin_fid": 120, "object_tid": 2}, {"end_fid": 150, "subject_tid": 1, "predicate": "lie_front", "begin_fid": 120, "object_tid": 2}, {"end_fid": 150, "subject_tid": 2, "predicate": "behind", "begin_fid": 120, "object_tid": 1}, {"end_fid": 150, "subject_tid": 2, "predicate": "left", "begin_fid": 120, "object_tid": 1}, {"end_fid": 150, "subject_tid": 2, "predicate": "larger", "begin_fid": 120, "object_tid": 1}, {"end_fid": 150, "subject_tid": 1, "predicate": "lie_above", "begin_fid": 120, "object_tid": 3}, {"end_fid": 150, "subject_tid": 1, "predicate": "touch", "begin_fid": 120, "object_tid": 3}, {"end_fid": 150, "subject_tid": 3, "predicate": "beneath", "begin_fid": 120, "object_tid": 1}, {"end_fid": 150, "subject_tid": 3, "predicate": "larger", "begin_fid": 120, "object_tid": 1}, {"end_fid": 150, "subject_tid": 2, "predicate": "behind", "begin_fid": 120, "object_tid": 3}, {"end_fid": 150, "subject_tid": 2, "predicate": "left", "begin_fid": 120, "object_tid": 3}, {"end_fid": 150, "subject_tid": 3, "predicate": "front", "begin_fid": 120, "object_tid": 2}, {"end_fid": 150, "subject_tid": 3, "predicate": "right", "begin_fid": 120, "object_tid": 2}, {"end_fid": 315, "subject_tid": 0, "predicate": "sit_right", "begin_fid": 285, "object_tid": 1}, {"end_fid": 315, "subject_tid": 0, "predicate": "sit_behind", "begin_fid": 285, "object_tid": 1}, {"end_fid": 315, "subject_tid": 0, "predicate": "play", "begin_fid": 285, "object_tid": 1}, {"end_fid": 315, "subject_tid": 1, "predicate": "lie_front", "begin_fid": 285, "object_tid": 0}, {"end_fid": 315, "subject_tid": 1, "predicate": "lie_left", "begin_fid": 285, "object_tid": 0}, {"end_fid": 315, "subject_tid": 1, "predicate": "larger", "begin_fid": 285, "object_tid": 0}, {"end_fid": 315, "subject_tid": 1, "predicate": "play", "begin_fid": 285, "object_tid": 0}, {"end_fid": 315, "subject_tid": 1, "predicate": "watch", "begin_fid": 285, "object_tid": 0}, {"end_fid": 315, "subject_tid": 0, "predicate": "sit_right", "begin_fid": 285, "object_tid": 2}, {"end_fid": 315, "subject_tid": 0, "predicate": "sit_front", "begin_fid": 285, "object_tid": 2}, {"end_fid": 315, "subject_tid": 2, "predicate": "behind", "begin_fid": 285, "object_tid": 0}, {"end_fid": 315, "subject_tid": 2, "predicate": "left", "begin_fid": 285, "object_tid": 0}, {"end_fid": 315, "subject_tid": 2, "predicate": "larger", "begin_fid": 285, "object_tid": 0}, {"end_fid": 315, "subject_tid": 0, "predicate": "sit_above", "begin_fid": 285, "object_tid": 3}, {"end_fid": 315, "subject_tid": 0, "predicate": "touch", "begin_fid": 285, "object_tid": 3}, {"end_fid": 315, "subject_tid": 3, "predicate": "beneath", "begin_fid": 285, "object_tid": 0}, {"end_fid": 315, "subject_tid": 3, "predicate": "larger", "begin_fid": 285, "object_tid": 0}, {"end_fid": 315, "subject_tid": 1, "predicate": "lie_right", "begin_fid": 285, "object_tid": 2}, {"end_fid": 315, "subject_tid": 1, "predicate": "lie_front", "begin_fid": 285, "object_tid": 2}, {"end_fid": 315, "subject_tid": 2, "predicate": "behind", "begin_fid": 285, "object_tid": 1}, {"end_fid": 315, "subject_tid": 2, "predicate": "left", "begin_fid": 285, "object_tid": 1}, {"end_fid": 315, "subject_tid": 2, "predicate": "larger", "begin_fid": 285, "object_tid": 1}, {"end_fid": 315, "subject_tid": 1, "predicate": "lie_above", "begin_fid": 285, "object_tid": 3}, {"end_fid": 315, "subject_tid": 1, "predicate": "touch", "begin_fid": 285, "object_tid": 3}, {"end_fid": 315, "subject_tid": 3, "predicate": "beneath", "begin_fid": 285, "object_tid": 1}, {"end_fid": 315, "subject_tid": 3, "predicate": "larger", "begin_fid": 285, "object_tid": 1}, {"end_fid": 315, "subject_tid": 2, "predicate": "behind", "begin_fid": 285, "object_tid": 3}, {"end_fid": 315, "subject_tid": 2, "predicate": "left", "begin_fid": 285, "object_tid": 3}, {"end_fid": 315, "subject_tid": 3, "predicate": "front", "begin_fid": 285, "object_tid": 2}, {"end_fid": 315, "subject_tid": 3, "predicate": "right", "begin_fid": 285, "object_tid": 2}, {"end_fid": 495, "subject_tid": 0, "predicate": "sit_right", "begin_fid": 465, "object_tid": 1}, {"end_fid": 495, "subject_tid": 0, "predicate": "sit_behind", "begin_fid": 465, "object_tid": 1}, {"end_fid": 495, "subject_tid": 0, "predicate": "play", "begin_fid": 465, "object_tid": 1}, {"end_fid": 495, "subject_tid": 0, "predicate": "bite", "begin_fid": 465, "object_tid": 1}, {"end_fid": 495, "subject_tid": 0, "predicate": "watch", "begin_fid": 465, "object_tid": 1}, {"end_fid": 495, "subject_tid": 0, "predicate": "touch", "begin_fid": 465, "object_tid": 1}, {"end_fid": 495, "subject_tid": 1, "predicate": "lie_front", "begin_fid": 465, "object_tid": 0}, {"end_fid": 495, "subject_tid": 1, "predicate": "lie_left", "begin_fid": 465, "object_tid": 0}, {"end_fid": 495, "subject_tid": 1, "predicate": "larger", "begin_fid": 465, "object_tid": 0}, {"end_fid": 495, "subject_tid": 1, "predicate": "watch", "begin_fid": 465, "object_tid": 0}, {"end_fid": 495, "subject_tid": 0, "predicate": "sit_right", "begin_fid": 465, "object_tid": 2}, {"end_fid": 495, "subject_tid": 0, "predicate": "sit_front", "begin_fid": 465, "object_tid": 2}, {"end_fid": 495, "subject_tid": 2, "predicate": "behind", "begin_fid": 465, "object_tid": 0}, {"end_fid": 495, "subject_tid": 2, "predicate": "left", "begin_fid": 465, "object_tid": 0}, {"end_fid": 495, "subject_tid": 2, "predicate": "larger", "begin_fid": 465, "object_tid": 0}, {"end_fid": 495, "subject_tid": 0, "predicate": "sit_above", "begin_fid": 465, "object_tid": 3}, {"end_fid": 495, "subject_tid": 0, "predicate": "touch", "begin_fid": 465, "object_tid": 3}, {"end_fid": 495, "subject_tid": 3, "predicate": "beneath", "begin_fid": 465, "object_tid": 0}, {"end_fid": 495, "subject_tid": 3, "predicate": "larger", "begin_fid": 465, "object_tid": 0}, {"end_fid": 495, "subject_tid": 1, "predicate": "lie_right", "begin_fid": 465, "object_tid": 2}, {"end_fid": 495, "subject_tid": 1, "predicate": "lie_front", "begin_fid": 465, "object_tid": 2}, {"end_fid": 495, "subject_tid": 2, "predicate": "behind", "begin_fid": 465, "object_tid": 1}, {"end_fid": 495, "subject_tid": 2, "predicate": "left", "begin_fid": 465, "object_tid": 1}, {"end_fid": 495, "subject_tid": 2, "predicate": "larger", "begin_fid": 465, "object_tid": 1}, {"end_fid": 495, "subject_tid": 1, "predicate": "lie_above", "begin_fid": 465, "object_tid": 3}, {"end_fid": 495, "subject_tid": 1, "predicate": "touch", "begin_fid": 465, "object_tid": 3}, {"end_fid": 495, "subject_tid": 3, "predicate": "beneath", "begin_fid": 465, "object_tid": 1}, {"end_fid": 495, "subject_tid": 3, "predicate": "larger", "begin_fid": 465, "object_tid": 1}, {"end_fid": 495, "subject_tid": 2, "predicate": "behind", "begin_fid": 465, "object_tid": 3}, {"end_fid": 495, "subject_tid": 2, "predicate": "left", "begin_fid": 465, "object_tid": 3}, {"end_fid": 495, "subject_tid": 3, "predicate": "front", "begin_fid": 465, "object_tid": 2}, {"end_fid": 495, "subject_tid": 3, "predicate": "right", "begin_fid": 465, "object_tid": 2}, {"end_fid": 615, "subject_tid": 0, "predicate": "sit_right", "begin_fid": 585, "object_tid": 1}, {"end_fid": 615, "subject_tid": 0, "predicate": "sit_behind", "begin_fid": 585, "object_tid": 1}, {"end_fid": 615, "subject_tid": 0, "predicate": "play", "begin_fid": 585, "object_tid": 1}, {"end_fid": 615, "subject_tid": 0, "predicate": "bite", "begin_fid": 585, "object_tid": 1}, {"end_fid": 615, "subject_tid": 0, "predicate": "watch", "begin_fid": 585, "object_tid": 1}, {"end_fid": 615, "subject_tid": 0, "predicate": "touch", "begin_fid": 585, "object_tid": 1}, {"end_fid": 615, "subject_tid": 1, "predicate": "lie_front", "begin_fid": 585, "object_tid": 0}, {"end_fid": 615, "subject_tid": 1, "predicate": "lie_left", "begin_fid": 585, "object_tid": 0}, {"end_fid": 615, "subject_tid": 1, "predicate": "larger", "begin_fid": 585, "object_tid": 0}, {"end_fid": 615, "subject_tid": 1, "predicate": "play", "begin_fid": 585, "object_tid": 0}, {"end_fid": 615, "subject_tid": 0, "predicate": "sit_right", "begin_fid": 585, "object_tid": 2}, {"end_fid": 615, "subject_tid": 0, "predicate": "sit_front", "begin_fid": 585, "object_tid": 2}, {"end_fid": 615, "subject_tid": 2, "predicate": "behind", "begin_fid": 585, "object_tid": 0}, {"end_fid": 615, "subject_tid": 2, "predicate": "left", "begin_fid": 585, "object_tid": 0}, {"end_fid": 615, "subject_tid": 2, "predicate": "larger", "begin_fid": 585, "object_tid": 0}, {"end_fid": 615, "subject_tid": 0, "predicate": "sit_above", "begin_fid": 585, "object_tid": 3}, {"end_fid": 615, "subject_tid": 0, "predicate": "touch", "begin_fid": 585, "object_tid": 3}, {"end_fid": 615, "subject_tid": 3, "predicate": "beneath", "begin_fid": 585, "object_tid": 0}, {"end_fid": 615, "subject_tid": 3, "predicate": "larger", "begin_fid": 585, "object_tid": 0}, {"end_fid": 615, "subject_tid": 1, "predicate": "lie_right", "begin_fid": 585, "object_tid": 2}, {"end_fid": 615, "subject_tid": 1, "predicate": "lie_front", "begin_fid": 585, "object_tid": 2}, {"end_fid": 615, "subject_tid": 2, "predicate": "behind", "begin_fid": 585, "object_tid": 1}, {"end_fid": 615, "subject_tid": 2, "predicate": "left", "begin_fid": 585, "object_tid": 1}, {"end_fid": 615, "subject_tid": 1, "predicate": "lie_above", "begin_fid": 585, "object_tid": 3}, {"end_fid": 615, "subject_tid": 1, "predicate": "touch", "begin_fid": 585, "object_tid": 3}, {"end_fid": 615, "subject_tid": 3, "predicate": "beneath", "begin_fid": 585, "object_tid": 1}, {"end_fid": 615, "subject_tid": 2, "predicate": "behind", "begin_fid": 585, "object_tid": 3}, {"end_fid": 615, "subject_tid": 2, "predicate": "left", "begin_fid": 585, "object_tid": 3}, {"end_fid": 615, "subject_tid": 3, "predicate": "front", "begin_fid": 585, "object_tid": 2}, {"end_fid": 615, "subject_tid": 3, "predicate": "right", "begin_fid": 585, "object_tid": 2}, {"end_fid": 735, "subject_tid": 0, "predicate": "walk_right", "begin_fid": 705, "object_tid": 1}, {"end_fid": 735, "subject_tid": 0, "predicate": "walk_above", "begin_fid": 705, "object_tid": 1}, {"end_fid": 735, "subject_tid": 0, "predicate": "touch", "begin_fid": 705, "object_tid": 1}, {"end_fid": 735, "subject_tid": 1, "predicate": "lie_beneath", "begin_fid": 705, "object_tid": 0}, {"end_fid": 735, "subject_tid": 1, "predicate": "lie_left", "begin_fid": 705, "object_tid": 0}, {"end_fid": 735, "subject_tid": 1, "predicate": "larger", "begin_fid": 705, "object_tid": 0}, {"end_fid": 735, "subject_tid": 0, "predicate": "walk_right", "begin_fid": 705, "object_tid": 2}, {"end_fid": 735, "subject_tid": 0, "predicate": "walk_front", "begin_fid": 705, "object_tid": 2}, {"end_fid": 735, "subject_tid": 2, "predicate": "behind", "begin_fid": 705, "object_tid": 0}, {"end_fid": 735, "subject_tid": 2, "predicate": "left", "begin_fid": 705, "object_tid": 0}, {"end_fid": 735, "subject_tid": 2, "predicate": "larger", "begin_fid": 705, "object_tid": 0}, {"end_fid": 735, "subject_tid": 0, "predicate": "walk_above", "begin_fid": 705, "object_tid": 3}, {"end_fid": 735, "subject_tid": 0, "predicate": "touch", "begin_fid": 705, "object_tid": 3}, {"end_fid": 735, "subject_tid": 3, "predicate": "beneath", "begin_fid": 705, "object_tid": 0}, {"end_fid": 735, "subject_tid": 3, "predicate": "larger", "begin_fid": 705, "object_tid": 0}, {"end_fid": 735, "subject_tid": 1, "predicate": "lie_right", "begin_fid": 705, "object_tid": 2}, {"end_fid": 735, "subject_tid": 1, "predicate": "lie_front", "begin_fid": 705, "object_tid": 2}, {"end_fid": 735, "subject_tid": 2, "predicate": "behind", "begin_fid": 705, "object_tid": 1}, {"end_fid": 735, "subject_tid": 2, "predicate": "left", "begin_fid": 705, "object_tid": 1}, {"end_fid": 735, "subject_tid": 2, "predicate": "larger", "begin_fid": 705, "object_tid": 1}, {"end_fid": 735, "subject_tid": 1, "predicate": "lie_above", "begin_fid": 705, "object_tid": 3}, {"end_fid": 735, "subject_tid": 1, "predicate": "touch", "begin_fid": 705, "object_tid": 3}, {"end_fid": 735, "subject_tid": 3, "predicate": "beneath", "begin_fid": 705, "object_tid": 1}, {"end_fid": 735, "subject_tid": 3, "predicate": "larger", "begin_fid": 705, "object_tid": 1}, {"end_fid": 735, "subject_tid": 2, "predicate": "behind", "begin_fid": 705, "object_tid": 3}, {"end_fid": 735, "subject_tid": 2, "predicate": "left", "begin_fid": 705, "object_tid": 3}, {"end_fid": 735, "subject_tid": 3, "predicate": "front", "begin_fid": 705, "object_tid": 2}, {"end_fid": 735, "subject_tid": 3, "predicate": "right", "begin_fid": 705, "object_tid": 2}], "height": 720}