{"width": 1280, "frame_count": 89, "video_id": "ILSVRC2015_train_00185000", "fps": 29, "trajectories": [[{"tid": 0, "generated": 0, "bbox": {"xmin": 583, "ymin": 232, "ymax": 426, "xmax": 686}}, {"tid": 1, "generated": 0, "bbox": {"xmin": 648, "ymin": 209, "ymax": 414, "xmax": 759}}, {"tid": 2, "generated": 0, "bbox": {"xmin": 744, "ymin": 240, "ymax": 408, "xmax": 835}}, {"tid": 3, "generated": 0, "bbox": {"xmin": 782, "ymin": 288, "ymax": 401, "xmax": 919}}], [{"tid": 0, "generated": 0, "bbox": {"xmin": 583, "ymin": 232, "ymax": 425, "xmax": 685}}, {"tid": 1, "generated": 0, "bbox": {"xmin": 648, "ymin": 209, "ymax": 419, "xmax": 755}}, {"tid": 2, "generated": 0, "bbox": {"xmin": 744, "ymin": 239, "ymax": 407, "xmax": 834}}, {"tid": 3, "generated": 0, "bbox": {"xmin": 782, "ymin": 288, "ymax": 400, "xmax": 919}}], [{"tid": 0, "generated": 0, "bbox": {"xmin": 583, "ymin": 232, "ymax": 425, "xmax": 685}}, {"tid": 1, "generated": 0, "bbox": {"xmin": 648, "ymin": 209, "ymax": 418, "xmax": 754}}, {"tid": 2, "generated": 0, "bbox": {"xmin": 744, "ymin": 239, "ymax": 407, "xmax": 834}}, {"tid": 3, "generated": 0, "bbox": {"xmin": 782, "ymin": 288, "ymax": 400, "xmax": 920}}], [{"tid": 0, "generated": 0, "bbox": {"xmin": 583, "ymin": 232, "ymax": 425, "xmax": 685}}, {"tid": 1, "generated": 0, "bbox": {"xmin": 648, "ymin": 209, "ymax": 418, "xmax": 753}}, {"tid": 2, "generated": 0, "bbox": {"xmin": 744, "ymin": 239, "ymax": 406, "xmax": 834}}, {"tid": 3, "generated": 0, "bbox": {"xmin": 782, "ymin": 288, "ymax": 400, "xmax": 921}}], [{"tid": 0, "generated": 0, "bbox": {"xmin": 583, "ymin": 232, "ymax": 425, "xmax": 685}}, {"tid": 1, "generated": 0, "bbox": {"xmin": 648, "ymin": 209, "ymax": 417, "xmax": 752}}, {"tid": 2, "generated": 0, "bbox": {"xmin": 744, "ymin": 239, "ymax": 406, "xmax": 834}}, {"tid": 3, "generated": 0, "bbox": {"xmin": 783, "ymin": 288, "ymax": 400, "xmax": 921}}], [{"tid": 0, "generated": 0, "bbox": {"xmin": 583, "ymin": 232, "ymax": 425, "xmax": 685}}, {"tid": 1, "generated": 0, "bbox": {"xmin": 648, "ymin": 209, "ymax": 417, "xmax": 751}}, {"tid": 2, "generated": 0, "bbox": {"xmin": 744, "ymin": 238, "ymax": 405, "xmax": 834}}, {"tid": 3, "generated": 0, "bbox": {"xmin": 783, "ymin": 288, "ymax": 400, "xmax": 922}}], [{"tid": 0, "generated": 0, "bbox": {"xmin": 583, "ymin": 232, "ymax": 425, "xmax": 685}}, {"tid": 1, "generated": 0, "bbox": {"xmin": 648, "ymin": 209, "ymax": 416, "xmax": 750}}, {"tid": 2, "generated": 0, "bbox": {"xmin": 744, "ymin": 238, "ymax": 405, "xmax": 834}}, {"tid": 3, "generated": 0, "bbox": {"xmin": 783, "ymin": 288, "ymax": 400, "xmax": 923}}], [{"tid": 0, "generated": 0, "bbox": {"xmin": 583, "ymin": 232, "ymax": 425, "xmax": 685}}, {"tid": 1, "generated": 0, "bbox": {"xmin": 648, "ymin": 209, "ymax": 416, "xmax": 750}}, {"tid": 2, "generated": 0, "bbox": {"xmin": 744, "ymin": 238, "ymax": 404, "xmax": 834}}, {"tid": 3, "generated": 0, "bbox": {"xmin": 784, "ymin": 288, "ymax": 400, "xmax": 924}}], [{"tid": 0, "generated": 0, "bbox": {"xmin": 583, "ymin": 232, "ymax": 425, "xmax": 685}}, {"tid": 1, "generated": 0, "bbox": {"xmin": 648, "ymin": 209, "ymax": 414, "xmax": 753}}, {"tid": 2, "generated": 0, "bbox": {"xmin": 744, "ymin": 238, "ymax": 404, "xmax": 834}}, {"tid": 3, "generated": 0, "bbox": {"xmin": 784, "ymin": 288, "ymax": 400, "xmax": 925}}], [{"tid": 0, "generated": 0, "bbox": {"xmin": 583, "ymin": 232, "ymax": 425, "xmax": 685}}, {"tid": 1, "generated": 0, "bbox": {"xmin": 648, "ymin": 209, "ymax": 416, "xmax": 752}}, {"tid": 2, "generated": 0, "bbox": {"xmin": 744, "ymin": 237, "ymax": 404, "xmax": 833}}, {"tid": 3, "generated": 0, "bbox": {"xmin": 784, "ymin": 289, "ymax": 400, "xmax": 927}}], [{"tid": 0, "generated": 0, "bbox": {"xmin": 583, "ymin": 232, "ymax": 425, "xmax": 685}}, {"tid": 1, "generated": 0, "bbox": {"xmin": 648, "ymin": 209, "ymax": 418, "xmax": 752}}, {"tid": 2, "generated": 0, "bbox": {"xmin": 744, "ymin": 237, "ymax": 403, "xmax": 833}}, {"tid": 3, "generated": 0, "bbox": {"xmin": 784, "ymin": 290, "ymax": 400, "xmax": 929}}], [{"tid": 0, "generated": 0, "bbox": {"xmin": 583, "ymin": 232, "ymax": 425, "xmax": 685}}, {"tid": 1, "generated": 0, "bbox": {"xmin": 648, "ymin": 209, "ymax": 420, "xmax": 752}}, {"tid": 2, "generated": 0, "bbox": {"xmin": 744, "ymin": 237, "ymax": 403, "xmax": 833}}, {"tid": 3, "generated": 0, "bbox": {"xmin": 784, "ymin": 291, "ymax": 400, "xmax": 931}}], [{"tid": 0, "generated": 0, "bbox": {"xmin": 583, "ymin": 232, "ymax": 425, "xmax": 684}}, {"tid": 1, "generated": 0, "bbox": {"xmin": 648, "ymin": 209, "ymax": 423, "xmax": 752}}, {"tid": 2, "generated": 0, "bbox": {"xmin": 744, "ymin": 237, "ymax": 402, "xmax": 833}}, {"tid": 3, "generated": 0, "bbox": {"xmin": 784, "ymin": 292, "ymax": 400, "xmax": 932}}], [{"tid": 0, "generated": 0, "bbox": {"xmin": 583, "ymin": 232, "ymax": 425, "xmax": 684}}, {"tid": 1, "generated": 0, "bbox": {"xmin": 649, "ymin": 209, "ymax": 422, "xmax": 752}}, {"tid": 2, "generated": 0, "bbox": {"xmin": 744, "ymin": 236, "ymax": 402, "xmax": 833}}, {"tid": 3, "generated": 0, "bbox": {"xmin": 784, "ymin": 293, "ymax": 400, "xmax": 934}}], [{"tid": 0, "generated": 0, "bbox": {"xmin": 583, "ymin": 232, "ymax": 425, "xmax": 684}}, {"tid": 1, "generated": 0, "bbox": {"xmin": 650, "ymin": 209, "ymax": 422, "xmax": 752}}, {"tid": 2, "generated": 0, "bbox": {"xmin": 744, "ymin": 236, "ymax": 401, "xmax": 833}}, {"tid": 3, "generated": 0, "bbox": {"xmin": 784, "ymin": 294, "ymax": 400, "xmax": 936}}], [{"tid": 0, "generated": 0, "bbox": {"xmin": 583, "ymin": 232, "ymax": 425, "xmax": 684}}, {"tid": 1, "generated": 0, "bbox": {"xmin": 651, "ymin": 209, "ymax": 422, "xmax": 752}}, {"tid": 2, "generated": 0, "bbox": {"xmin": 744, "ymin": 236, "ymax": 401, "xmax": 833}}, {"tid": 3, "generated": 0, "bbox": {"xmin": 785, "ymin": 295, "ymax": 400, "xmax": 938}}], [{"tid": 0, "generated": 0, "bbox": {"xmin": 583, "ymin": 232, "ymax": 425, "xmax": 684}}, {"tid": 1, "generated": 0, "bbox": {"xmin": 652, "ymin": 209, "ymax": 422, "xmax": 752}}, {"tid": 2, "generated": 0, "bbox": {"xmin": 744, "ymin": 236, "ymax": 401, "xmax": 833}}, {"tid": 3, "generated": 0, "bbox": {"xmin": 785, "ymin": 295, "ymax": 400, "xmax": 939}}], [{"tid": 0, "generated": 0, "bbox": {"xmin": 583, "ymin": 232, "ymax": 425, "xmax": 684}}, {"tid": 1, "generated": 0, "bbox": {"xmin": 653, "ymin": 209, "ymax": 421, "xmax": 752}}, {"tid": 2, "generated": 0, "bbox": {"xmin": 744, "ymin": 235, "ymax": 401, "xmax": 833}}, {"tid": 3, "generated": 0, "bbox": {"xmin": 785, "ymin": 295, "ymax": 400, "xmax": 941}}], [{"tid": 0, "generated": 0, "bbox": {"xmin": 583, "ymin": 232, "ymax": 425, "xmax": 684}}, {"tid": 1, "generated": 0, "bbox": {"xmin": 654, "ymin": 209, "ymax": 421, "xmax": 752}}, {"tid": 2, "generated": 0, "bbox": {"xmin": 744, "ymin": 235, "ymax": 401, "xmax": 834}}, {"tid": 3, "generated": 0, "bbox": {"xmin": 786, "ymin": 295, "ymax": 400, "xmax": 943}}], [{"tid": 0, "generated": 0, "bbox": {"xmin": 583, "ymin": 232, "ymax": 425, "xmax": 684}}, {"tid": 1, "generated": 0, "bbox": {"xmin": 655, "ymin": 209, "ymax": 421, "xmax": 752}}, {"tid": 2, "generated": 0, "bbox": {"xmin": 744, "ymin": 235, "ymax": 401, "xmax": 835}}, {"tid": 3, "generated": 0, "bbox": {"xmin": 786, "ymin": 295, "ymax": 400, "xmax": 945}}], [{"tid": 0, "generated": 0, "bbox": {"xmin": 583, "ymin": 232, "ymax": 425, "xmax": 684}}, {"tid": 1, "generated": 0, "bbox": {"xmin": 656, "ymin": 209, "ymax": 421, "xmax": 752}}, {"tid": 2, "generated": 0, "bbox": {"xmin": 744, "ymin": 235, "ymax": 401, "xmax": 836}}, {"tid": 3, "generated": 0, "bbox": {"xmin": 787, "ymin": 295, "ymax": 400, "xmax": 947}}], [{"tid": 0, "generated": 0, "bbox": {"xmin": 583, "ymin": 232, "ymax": 425, "xmax": 684}}, {"tid": 1, "generated": 0, "bbox": {"xmin": 657, "ymin": 209, "ymax": 421, "xmax": 753}}, {"tid": 2, "generated": 0, "bbox": {"xmin": 744, "ymin": 234, "ymax": 401, "xmax": 837}}, {"tid": 3, "generated": 0, "bbox": {"xmin": 787, "ymin": 293, "ymax": 400, "xmax": 949}}], [{"tid": 0, "generated": 0, "bbox": {"xmin": 583, "ymin": 232, "ymax": 425, "xmax": 684}}, {"tid": 1, "generated": 0, "bbox": {"xmin": 663, "ymin": 209, "ymax": 419, "xmax": 753}}, {"tid": 2, "generated": 0, "bbox": {"xmin": 744, "ymin": 234, "ymax": 401, "xmax": 838}}, {"tid": 3, "generated": 0, "bbox": {"xmin": 788, "ymin": 291, "ymax": 400, "xmax": 951}}], [{"tid": 0, "generated": 0, "bbox": {"xmin": 583, "ymin": 233, "ymax": 424, "xmax": 683}}, {"tid": 1, "generated": 0, "bbox": {"xmin": 668, "ymin": 209, "ymax": 417, "xmax": 752}}, {"tid": 2, "generated": 0, "bbox": {"xmin": 744, "ymin": 234, "ymax": 401, "xmax": 839}}, {"tid": 3, "generated": 0, "bbox": {"xmin": 789, "ymin": 289, "ymax": 401, "xmax": 954}}], [{"tid": 0, "generated": 0, "bbox": {"xmin": 583, "ymin": 233, "ymax": 424, "xmax": 683}}, {"tid": 1, "generated": 0, "bbox": {"xmin": 675, "ymin": 209, "ymax": 417, "xmax": 762}}, {"tid": 2, "generated": 0, "bbox": {"xmin": 744, "ymin": 234, "ymax": 401, "xmax": 840}}, {"tid": 3, "generated": 0, "bbox": {"xmin": 789, "ymin": 289, "ymax": 401, "xmax": 956}}], [{"tid": 0, "generated": 0, "bbox": {"xmin": 583, "ymin": 233, "ymax": 424, "xmax": 683}}, {"tid": 1, "generated": 0, "bbox": {"xmin": 675, "ymin": 209, "ymax": 417, "xmax": 768}}, {"tid": 2, "generated": 0, "bbox": {"xmin": 744, "ymin": 232, "ymax": 405, "xmax": 837}}, {"tid": 3, "generated": 0, "bbox": {"xmin": 789, "ymin": 289, "ymax": 402, "xmax": 959}}], [{"tid": 0, "generated": 0, "bbox": {"xmin": 583, "ymin": 233, "ymax": 424, "xmax": 683}}, {"tid": 1, "generated": 0, "bbox": {"xmin": 673, "ymin": 209, "ymax": 421, "xmax": 773}}, {"tid": 2, "generated": 0, "bbox": {"xmin": 744, "ymin": 232, "ymax": 405, "xmax": 835}}, {"tid": 3, "generated": 0, "bbox": {"xmin": 789, "ymin": 289, "ymax": 402, "xmax": 961}}], [{"tid": 0, "generated": 0, "bbox": {"xmin": 583, "ymin": 233, "ymax": 424, "xmax": 683}}, {"tid": 1, "generated": 0, "bbox": {"xmin": 672, "ymin": 209, "ymax": 421, "xmax": 774}}, {"tid": 2, "generated": 0, "bbox": {"xmin": 744, "ymin": 232, "ymax": 404, "xmax": 835}}, {"tid": 3, "generated": 0, "bbox": {"xmin": 790, "ymin": 289, "ymax": 403, "xmax": 964}}], [{"tid": 0, "generated": 0, "bbox": {"xmin": 583, "ymin": 233, "ymax": 424, "xmax": 683}}, {"tid": 1, "generated": 0, "bbox": {"xmin": 672, "ymin": 209, "ymax": 421, "xmax": 775}}, {"tid": 2, "generated": 0, "bbox": {"xmin": 744, "ymin": 232, "ymax": 404, "xmax": 836}}, {"tid": 3, "generated": 0, "bbox": {"xmin": 790, "ymin": 289, "ymax": 403, "xmax": 966}}], [{"tid": 0, "generated": 0, "bbox": {"xmin": 583, "ymin": 233, "ymax": 424, "xmax": 683}}, {"tid": 1, "generated": 0, "bbox": {"xmin": 672, "ymin": 205, "ymax": 419, "xmax": 772}}, {"tid": 2, "generated": 0, "bbox": {"xmin": 744, "ymin": 232, "ymax": 404, "xmax": 837}}, {"tid": 3, "generated": 0, "bbox": {"xmin": 790, "ymin": 289, "ymax": 404, "xmax": 969}}], [], [], [], [], [], [], [], [], [], [], [], [], [], [], [], [{"tid": 0, "generated": 0, "bbox": {"xmin": 583, "ymin": 234, "ymax": 424, "xmax": 682}}, {"tid": 1, "generated": 0, "bbox": {"xmin": 659, "ymin": 209, "ymax": 421, "xmax": 764}}, {"tid": 2, "generated": 0, "bbox": {"xmin": 744, "ymin": 232, "ymax": 407, "xmax": 828}}, {"tid": 3, "generated": 0, "bbox": {"xmin": 819, "ymin": 291, "ymax": 392, "xmax": 1004}}], [{"tid": 0, "generated": 0, "bbox": {"xmin": 583, "ymin": 233, "ymax": 424, "xmax": 682}}, {"tid": 1, "generated": 0, "bbox": {"xmin": 658, "ymin": 209, "ymax": 421, "xmax": 763}}, {"tid": 2, "generated": 0, "bbox": {"xmin": 744, "ymin": 231, "ymax": 406, "xmax": 828}}, {"tid": 3, "generated": 0, "bbox": {"xmin": 820, "ymin": 290, "ymax": 394, "xmax": 1005}}], [{"tid": 0, "generated": 0, "bbox": {"xmin": 583, "ymin": 233, "ymax": 424, "xmax": 682}}, {"tid": 1, "generated": 0, "bbox": {"xmin": 658, "ymin": 209, "ymax": 421, "xmax": 762}}, {"tid": 2, "generated": 0, "bbox": {"xmin": 744, "ymin": 231, "ymax": 406, "xmax": 828}}, {"tid": 3, "generated": 0, "bbox": {"xmin": 822, "ymin": 289, "ymax": 397, "xmax": 1006}}], [{"tid": 0, "generated": 0, "bbox": {"xmin": 583, "ymin": 233, "ymax": 424, "xmax": 682}}, {"tid": 1, "generated": 0, "bbox": {"xmin": 658, "ymin": 209, "ymax": 421, "xmax": 762}}, {"tid": 2, "generated": 0, "bbox": {"xmin": 744, "ymin": 231, "ymax": 406, "xmax": 828}}, {"tid": 3, "generated": 0, "bbox": {"xmin": 824, "ymin": 288, "ymax": 400, "xmax": 1008}}], [{"tid": 0, "generated": 0, "bbox": {"xmin": 583, "ymin": 233, "ymax": 424, "xmax": 682}}, {"tid": 1, "generated": 0, "bbox": {"xmin": 658, "ymin": 209, "ymax": 421, "xmax": 761}}, {"tid": 2, "generated": 0, "bbox": {"xmin": 744, "ymin": 231, "ymax": 406, "xmax": 828}}, {"tid": 3, "generated": 0, "bbox": {"xmin": 826, "ymin": 286, "ymax": 398, "xmax": 1008}}], [{"tid": 0, "generated": 0, "bbox": {"xmin": 583, "ymin": 233, "ymax": 424, "xmax": 682}}, {"tid": 1, "generated": 0, "bbox": {"xmin": 658, "ymin": 209, "ymax": 421, "xmax": 760}}, {"tid": 2, "generated": 0, "bbox": {"xmin": 744, "ymin": 231, "ymax": 406, "xmax": 829}}, {"tid": 3, "generated": 0, "bbox": {"xmin": 829, "ymin": 285, "ymax": 396, "xmax": 1008}}], [{"tid": 0, "generated": 0, "bbox": {"xmin": 583, "ymin": 233, "ymax": 424, "xmax": 682}}, {"tid": 1, "generated": 0, "bbox": {"xmin": 658, "ymin": 209, "ymax": 421, "xmax": 760}}, {"tid": 2, "generated": 0, "bbox": {"xmin": 744, "ymin": 231, "ymax": 406, "xmax": 829}}, {"tid": 3, "generated": 0, "bbox": {"xmin": 832, "ymin": 284, "ymax": 394, "xmax": 1008}}], [{"tid": 0, "generated": 0, "bbox": {"xmin": 583, "ymin": 233, "ymax": 424, "xmax": 682}}, {"tid": 1, "generated": 0, "bbox": {"xmin": 658, "ymin": 209, "ymax": 421, "xmax": 759}}, {"tid": 2, "generated": 0, "bbox": {"xmin": 744, "ymin": 231, "ymax": 406, "xmax": 829}}, {"tid": 3, "generated": 0, "bbox": {"xmin": 832, "ymin": 283, "ymax": 393, "xmax": 1010}}], [{"tid": 0, "generated": 0, "bbox": {"xmin": 583, "ymin": 233, "ymax": 424, "xmax": 682}}, {"tid": 1, "generated": 0, "bbox": {"xmin": 658, "ymin": 209, "ymax": 421, "xmax": 758}}, {"tid": 2, "generated": 0, "bbox": {"xmin": 744, "ymin": 231, "ymax": 406, "xmax": 829}}, {"tid": 3, "generated": 0, "bbox": {"xmin": 832, "ymin": 282, "ymax": 392, "xmax": 1013}}], [{"tid": 0, "generated": 0, "bbox": {"xmin": 583, "ymin": 232, "ymax": 424, "xmax": 682}}, {"tid": 1, "generated": 0, "bbox": {"xmin": 658, "ymin": 209, "ymax": 421, "xmax": 758}}, {"tid": 2, "generated": 0, "bbox": {"xmin": 744, "ymin": 231, "ymax": 406, "xmax": 829}}, {"tid": 3, "generated": 0, "bbox": {"xmin": 832, "ymin": 280, "ymax": 392, "xmax": 1020}}], [{"tid": 0, "generated": 0, "bbox": {"xmin": 583, "ymin": 232, "ymax": 424, "xmax": 682}}, {"tid": 1, "generated": 0, "bbox": {"xmin": 657, "ymin": 209, "ymax": 421, "xmax": 757}}, {"tid": 2, "generated": 0, "bbox": {"xmin": 744, "ymin": 231, "ymax": 406, "xmax": 830}}, {"tid": 3, "generated": 0, "bbox": {"xmin": 837, "ymin": 279, "ymax": 391, "xmax": 1022}}], [{"tid": 0, "generated": 0, "bbox": {"xmin": 583, "ymin": 232, "ymax": 424, "xmax": 682}}, {"tid": 1, "generated": 0, "bbox": {"xmin": 657, "ymin": 209, "ymax": 421, "xmax": 756}}, {"tid": 2, "generated": 0, "bbox": {"xmin": 744, "ymin": 231, "ymax": 405, "xmax": 830}}, {"tid": 3, "generated": 0, "bbox": {"xmin": 835, "ymin": 279, "ymax": 394, "xmax": 1024}}], [{"tid": 0, "generated": 0, "bbox": {"xmin": 583, "ymin": 232, "ymax": 424, "xmax": 682}}, {"tid": 1, "generated": 0, "bbox": {"xmin": 657, "ymin": 209, "ymax": 421, "xmax": 756}}, {"tid": 2, "generated": 0, "bbox": {"xmin": 744, "ymin": 231, "ymax": 405, "xmax": 830}}, {"tid": 3, "generated": 0, "bbox": {"xmin": 835, "ymin": 277, "ymax": 392, "xmax": 1022}}], [{"tid": 0, "generated": 0, "bbox": {"xmin": 583, "ymin": 232, "ymax": 424, "xmax": 682}}, {"tid": 1, "generated": 0, "bbox": {"xmin": 657, "ymin": 209, "ymax": 421, "xmax": 755}}, {"tid": 2, "generated": 0, "bbox": {"xmin": 744, "ymin": 231, "ymax": 405, "xmax": 830}}, {"tid": 3, "generated": 0, "bbox": {"xmin": 835, "ymin": 276, "ymax": 392, "xmax": 1020}}], [{"tid": 0, "generated": 0, "bbox": {"xmin": 583, "ymin": 232, "ymax": 424, "xmax": 682}}, {"tid": 1, "generated": 0, "bbox": {"xmin": 657, "ymin": 209, "ymax": 421, "xmax": 754}}, {"tid": 2, "generated": 0, "bbox": {"xmin": 744, "ymin": 231, "ymax": 405, "xmax": 830}}, {"tid": 3, "generated": 0, "bbox": {"xmin": 835, "ymin": 276, "ymax": 392, "xmax": 1019}}], [{"tid": 0, "generated": 0, "bbox": {"xmin": 583, "ymin": 232, "ymax": 424, "xmax": 682}}, {"tid": 1, "generated": 0, "bbox": {"xmin": 657, "ymin": 209, "ymax": 421, "xmax": 754}}, {"tid": 2, "generated": 0, "bbox": {"xmin": 744, "ymin": 231, "ymax": 405, "xmax": 831}}, {"tid": 3, "generated": 0, "bbox": {"xmin": 835, "ymin": 276, "ymax": 393, "xmax": 1018}}], [{"tid": 0, "generated": 0, "bbox": {"xmin": 583, "ymin": 232, "ymax": 424, "xmax": 682}}, {"tid": 1, "generated": 0, "bbox": {"xmin": 657, "ymin": 209, "ymax": 421, "xmax": 753}}, {"tid": 2, "generated": 0, "bbox": {"xmin": 744, "ymin": 231, "ymax": 405, "xmax": 831}}, {"tid": 3, "generated": 0, "bbox": {"xmin": 835, "ymin": 275, "ymax": 393, "xmax": 1017}}], [{"tid": 0, "generated": 0, "bbox": {"xmin": 583, "ymin": 232, "ymax": 424, "xmax": 682}}, {"tid": 1, "generated": 0, "bbox": {"xmin": 657, "ymin": 209, "ymax": 421, "xmax": 752}}, {"tid": 2, "generated": 0, "bbox": {"xmin": 744, "ymin": 231, "ymax": 405, "xmax": 831}}, {"tid": 3, "generated": 0, "bbox": {"xmin": 835, "ymin": 275, "ymax": 393, "xmax": 1016}}], [{"tid": 0, "generated": 0, "bbox": {"xmin": 583, "ymin": 231, "ymax": 424, "xmax": 682}}, {"tid": 1, "generated": 0, "bbox": {"xmin": 657, "ymin": 209, "ymax": 421, "xmax": 752}}, {"tid": 2, "generated": 0, "bbox": {"xmin": 744, "ymin": 231, "ymax": 405, "xmax": 831}}, {"tid": 3, "generated": 0, "bbox": {"xmin": 835, "ymin": 275, "ymax": 394, "xmax": 1015}}], [{"tid": 0, "generated": 0, "bbox": {"xmin": 583, "ymin": 231, "ymax": 424, "xmax": 682}}, {"tid": 1, "generated": 0, "bbox": {"xmin": 657, "ymin": 209, "ymax": 419, "xmax": 751}}, {"tid": 2, "generated": 0, "bbox": {"xmin": 744, "ymin": 231, "ymax": 405, "xmax": 831}}, {"tid": 3, "generated": 0, "bbox": {"xmin": 835, "ymin": 275, "ymax": 394, "xmax": 1018}}], [{"tid": 0, "generated": 0, "bbox": {"xmin": 583, "ymin": 231, "ymax": 424, "xmax": 682}}, {"tid": 1, "generated": 0, "bbox": {"xmin": 657, "ymin": 209, "ymax": 418, "xmax": 750}}, {"tid": 2, "generated": 0, "bbox": {"xmin": 744, "ymin": 231, "ymax": 405, "xmax": 832}}, {"tid": 3, "generated": 0, "bbox": {"xmin": 840, "ymin": 275, "ymax": 394, "xmax": 1018}}], [{"tid": 0, "generated": 0, "bbox": {"xmin": 583, "ymin": 231, "ymax": 424, "xmax": 682}}, {"tid": 1, "generated": 0, "bbox": {"xmin": 657, "ymin": 209, "ymax": 417, "xmax": 750}}, {"tid": 2, "generated": 0, "bbox": {"xmin": 744, "ymin": 232, "ymax": 405, "xmax": 833}}, {"tid": 3, "generated": 0, "bbox": {"xmin": 840, "ymin": 275, "ymax": 392, "xmax": 1013}}], [{"tid": 0, "generated": 0, "bbox": {"xmin": 583, "ymin": 231, "ymax": 425, "xmax": 683}}, {"tid": 1, "generated": 0, "bbox": {"xmin": 656, "ymin": 209, "ymax": 417, "xmax": 749}}, {"tid": 2, "generated": 0, "bbox": {"xmin": 744, "ymin": 232, "ymax": 405, "xmax": 832}}, {"tid": 3, "generated": 0, "bbox": {"xmin": 840, "ymin": 274, "ymax": 391, "xmax": 1011}}], [{"tid": 0, "generated": 0, "bbox": {"xmin": 583, "ymin": 231, "ymax": 425, "xmax": 683}}, {"tid": 1, "generated": 0, "bbox": {"xmin": 656, "ymin": 209, "ymax": 417, "xmax": 749}}, {"tid": 2, "generated": 0, "bbox": {"xmin": 744, "ymin": 232, "ymax": 405, "xmax": 832}}, {"tid": 3, "generated": 0, "bbox": {"xmin": 840, "ymin": 273, "ymax": 391, "xmax": 1010}}], [{"tid": 0, "generated": 0, "bbox": {"xmin": 583, "ymin": 231, "ymax": 425, "xmax": 683}}, {"tid": 1, "generated": 0, "bbox": {"xmin": 656, "ymin": 209, "ymax": 418, "xmax": 749}}, {"tid": 2, "generated": 0, "bbox": {"xmin": 744, "ymin": 232, "ymax": 405, "xmax": 832}}, {"tid": 3, "generated": 0, "bbox": {"xmin": 840, "ymin": 273, "ymax": 391, "xmax": 1009}}], [{"tid": 0, "generated": 0, "bbox": {"xmin": 583, "ymin": 231, "ymax": 425, "xmax": 683}}, {"tid": 1, "generated": 0, "bbox": {"xmin": 656, "ymin": 209, "ymax": 418, "xmax": 748}}, {"tid": 2, "generated": 0, "bbox": {"xmin": 744, "ymin": 232, "ymax": 406, "xmax": 832}}, {"tid": 3, "generated": 0, "bbox": {"xmin": 840, "ymin": 272, "ymax": 391, "xmax": 1008}}], [{"tid": 0, "generated": 0, "bbox": {"xmin": 583, "ymin": 230, "ymax": 425, "xmax": 683}}, {"tid": 1, "generated": 0, "bbox": {"xmin": 656, "ymin": 209, "ymax": 418, "xmax": 748}}, {"tid": 2, "generated": 0, "bbox": {"xmin": 744, "ymin": 232, "ymax": 406, "xmax": 832}}, {"tid": 3, "generated": 0, "bbox": {"xmin": 840, "ymin": 272, "ymax": 391, "xmax": 1008}}], [{"tid": 0, "generated": 0, "bbox": {"xmin": 583, "ymin": 230, "ymax": 425, "xmax": 683}}, {"tid": 1, "generated": 0, "bbox": {"xmin": 656, "ymin": 209, "ymax": 419, "xmax": 748}}, {"tid": 2, "generated": 0, "bbox": {"xmin": 744, "ymin": 232, "ymax": 406, "xmax": 832}}, {"tid": 3, "generated": 0, "bbox": {"xmin": 840, "ymin": 272, "ymax": 391, "xmax": 1008}}], [{"tid": 0, "generated": 0, "bbox": {"xmin": 583, "ymin": 230, "ymax": 425, "xmax": 683}}, {"tid": 1, "generated": 0, "bbox": {"xmin": 656, "ymin": 209, "ymax": 417, "xmax": 753}}, {"tid": 2, "generated": 0, "bbox": {"xmin": 744, "ymin": 232, "ymax": 407, "xmax": 832}}, {"tid": 3, "generated": 0, "bbox": {"xmin": 840, "ymin": 272, "ymax": 392, "xmax": 1008}}], [{"tid": 0, "generated": 0, "bbox": {"xmin": 583, "ymin": 230, "ymax": 425, "xmax": 683}}, {"tid": 1, "generated": 0, "bbox": {"xmin": 656, "ymin": 209, "ymax": 417, "xmax": 753}}, {"tid": 2, "generated": 0, "bbox": {"xmin": 744, "ymin": 232, "ymax": 407, "xmax": 832}}, {"tid": 3, "generated": 0, "bbox": {"xmin": 840, "ymin": 272, "ymax": 392, "xmax": 1008}}]], "subject/objects": [{"category": "sheep", "tid": 0}, {"category": "sheep", "tid": 1}, {"category": "sheep", "tid": 2}, {"category": "sheep", "tid": 3}], "relation_instances": [{"end_fid": 30, "subject_tid": 0, "predicate": "stand_next_to", "begin_fid": 0, "object_tid": 1}, {"end_fid": 30, "subject_tid": 0, "predicate": "stand_with", "begin_fid": 0, "object_tid": 1}, {"end_fid": 30, "subject_tid": 0, "predicate": "stand_left", "begin_fid": 0, "object_tid": 1}, {"end_fid": 30, "subject_tid": 1, "predicate": "stand_right", "begin_fid": 0, "object_tid": 0}, {"end_fid": 30, "subject_tid": 1, "predicate": "stand_next_to", "begin_fid": 0, "object_tid": 0}, {"end_fid": 30, "subject_tid": 1, "predicate": "stand_with", "begin_fid": 0, "object_tid": 0}, {"end_fid": 30, "subject_tid": 0, "predicate": "stand_with", "begin_fid": 0, "object_tid": 2}, {"end_fid": 30, "subject_tid": 0, "predicate": "stand_left", "begin_fid": 0, "object_tid": 2}, {"end_fid": 30, "subject_tid": 2, "predicate": "stand_right", "begin_fid": 0, "object_tid": 0}, {"end_fid": 30, "subject_tid": 2, "predicate": "stand_with", "begin_fid": 0, "object_tid": 0}, {"end_fid": 30, "subject_tid": 0, "predicate": "stand_left", "begin_fid": 0, "object_tid": 3}, {"end_fid": 30, "subject_tid": 3, "predicate": "walk_right", "begin_fid": 0, "object_tid": 0}, {"end_fid": 30, "subject_tid": 1, "predicate": "stand_next_to", "begin_fid": 0, "object_tid": 2}, {"end_fid": 30, "subject_tid": 1, "predicate": "stand_with", "begin_fid": 0, "object_tid": 2}, {"end_fid": 30, "subject_tid": 1, "predicate": "stand_left", "begin_fid": 0, "object_tid": 2}, {"end_fid": 30, "subject_tid": 2, "predicate": "stand_right", "begin_fid": 0, "object_tid": 1}, {"end_fid": 30, "subject_tid": 2, "predicate": "stand_next_to", "begin_fid": 0, "object_tid": 1}, {"end_fid": 30, "subject_tid": 2, "predicate": "stand_with", "begin_fid": 0, "object_tid": 1}, {"end_fid": 30, "subject_tid": 1, "predicate": "stand_left", "begin_fid": 0, "object_tid": 3}, {"end_fid": 30, "subject_tid": 3, "predicate": "walk_right", "begin_fid": 0, "object_tid": 1}, {"end_fid": 30, "subject_tid": 2, "predicate": "stand_next_to", "begin_fid": 0, "object_tid": 3}, {"end_fid": 30, "subject_tid": 2, "predicate": "stand_left", "begin_fid": 0, "object_tid": 3}, {"end_fid": 30, "subject_tid": 3, "predicate": "walk_right", "begin_fid": 0, "object_tid": 2}, {"end_fid": 30, "subject_tid": 3, "predicate": "walk_next_to", "begin_fid": 0, "object_tid": 2}, {"end_fid": 75, "subject_tid": 0, "predicate": "stand_next_to", "begin_fid": 45, "object_tid": 1}, {"end_fid": 75, "subject_tid": 0, "predicate": "stand_with", "begin_fid": 45, "object_tid": 1}, {"end_fid": 75, "subject_tid": 0, "predicate": "stand_left", "begin_fid": 45, "object_tid": 1}, {"end_fid": 75, "subject_tid": 1, "predicate": "stand_right", "begin_fid": 45, "object_tid": 0}, {"end_fid": 75, "subject_tid": 1, "predicate": "stand_next_to", "begin_fid": 45, "object_tid": 0}, {"end_fid": 75, "subject_tid": 1, "predicate": "stand_with", "begin_fid": 45, "object_tid": 0}, {"end_fid": 75, "subject_tid": 0, "predicate": "stand_with", "begin_fid": 45, "object_tid": 2}, {"end_fid": 75, "subject_tid": 0, "predicate": "stand_left", "begin_fid": 45, "object_tid": 2}, {"end_fid": 75, "subject_tid": 2, "predicate": "stand_right", "begin_fid": 45, "object_tid": 0}, {"end_fid": 75, "subject_tid": 2, "predicate": "stand_with", "begin_fid": 45, "object_tid": 0}, {"end_fid": 75, "subject_tid": 0, "predicate": "stand_with", "begin_fid": 45, "object_tid": 3}, {"end_fid": 75, "subject_tid": 0, "predicate": "stand_left", "begin_fid": 45, "object_tid": 3}, {"end_fid": 75, "subject_tid": 3, "predicate": "stand_right", "begin_fid": 45, "object_tid": 0}, {"end_fid": 75, "subject_tid": 3, "predicate": "stand_with", "begin_fid": 45, "object_tid": 0}, {"end_fid": 75, "subject_tid": 1, "predicate": "stand_next_to", "begin_fid": 45, "object_tid": 2}, {"end_fid": 75, "subject_tid": 1, "predicate": "stand_with", "begin_fid": 45, "object_tid": 2}, {"end_fid": 75, "subject_tid": 1, "predicate": "stand_left", "begin_fid": 45, "object_tid": 2}, {"end_fid": 75, "subject_tid": 2, "predicate": "stand_right", "begin_fid": 45, "object_tid": 1}, {"end_fid": 75, "subject_tid": 2, "predicate": "stand_next_to", "begin_fid": 45, "object_tid": 1}, {"end_fid": 75, "subject_tid": 2, "predicate": "stand_with", "begin_fid": 45, "object_tid": 1}, {"end_fid": 75, "subject_tid": 1, "predicate": "stand_with", "begin_fid": 45, "object_tid": 3}, {"end_fid": 75, "subject_tid": 1, "predicate": "stand_left", "begin_fid": 45, "object_tid": 3}, {"end_fid": 75, "subject_tid": 3, "predicate": "stand_right", "begin_fid": 45, "object_tid": 1}, {"end_fid": 75, "subject_tid": 3, "predicate": "stand_with", "begin_fid": 45, "object_tid": 1}, {"end_fid": 75, "subject_tid": 2, "predicate": "stand_next_to", "begin_fid": 45, "object_tid": 3}, {"end_fid": 75, "subject_tid": 2, "predicate": "stand_with", "begin_fid": 45, "object_tid": 3}, {"end_fid": 75, "subject_tid": 2, "predicate": "stand_left", "begin_fid": 45, "object_tid": 3}, {"end_fid": 75, "subject_tid": 3, "predicate": "stand_right", "begin_fid": 45, "object_tid": 2}, {"end_fid": 75, "subject_tid": 3, "predicate": "stand_next_to", "begin_fid": 45, "object_tid": 2}, {"end_fid": 75, "subject_tid": 3, "predicate": "stand_with", "begin_fid": 45, "object_tid": 2}], "height": 720}