{"width": 480, "frame_count": 108, "video_id": "ILSVRC2015_train_00533004", "fps": 29, "trajectories": [[{"tid": 0, "generated": 0, "bbox": {"xmin": 233, "ymin": 86, "ymax": 274, "xmax": 410}}, {"tid": 1, "generated": 0, "bbox": {"xmin": 241, "ymin": 46, "ymax": 166, "xmax": 303}}], [{"tid": 0, "generated": 0, "bbox": {"xmin": 233, "ymin": 86, "ymax": 270, "xmax": 401}}, {"tid": 1, "generated": 0, "bbox": {"xmin": 241, "ymin": 46, "ymax": 166, "xmax": 303}}], [{"tid": 0, "generated": 0, "bbox": {"xmin": 233, "ymin": 87, "ymax": 271, "xmax": 388}}, {"tid": 1, "generated": 0, "bbox": {"xmin": 241, "ymin": 46, "ymax": 166, "xmax": 303}}], [{"tid": 0, "generated": 0, "bbox": {"xmin": 233, "ymin": 87, "ymax": 270, "xmax": 387}}, {"tid": 1, "generated": 0, "bbox": {"xmin": 241, "ymin": 45, "ymax": 165, "xmax": 303}}], [{"tid": 0, "generated": 0, "bbox": {"xmin": 233, "ymin": 88, "ymax": 269, "xmax": 386}}, {"tid": 1, "generated": 0, "bbox": {"xmin": 241, "ymin": 45, "ymax": 165, "xmax": 303}}], [{"tid": 0, "generated": 0, "bbox": {"xmin": 233, "ymin": 89, "ymax": 279, "xmax": 384}}, {"tid": 1, "generated": 0, "bbox": {"xmin": 241, "ymin": 45, "ymax": 165, "xmax": 303}}], [{"tid": 0, "generated": 0, "bbox": {"xmin": 233, "ymin": 89, "ymax": 279, "xmax": 382}}, {"tid": 1, "generated": 0, "bbox": {"xmin": 239, "ymin": 45, "ymax": 168, "xmax": 302}}], [{"tid": 0, "generated": 0, "bbox": {"xmin": 233, "ymin": 90, "ymax": 280, "xmax": 381}}, {"tid": 1, "generated": 0, "bbox": {"xmin": 237, "ymin": 46, "ymax": 172, "xmax": 301}}], [{"tid": 0, "generated": 0, "bbox": {"xmin": 233, "ymin": 91, "ymax": 280, "xmax": 380}}, {"tid": 1, "generated": 0, "bbox": {"xmin": 235, "ymin": 46, "ymax": 175, "xmax": 300}}], [{"tid": 0, "generated": 0, "bbox": {"xmin": 233, "ymin": 92, "ymax": 281, "xmax": 379}}, {"tid": 1, "generated": 0, "bbox": {"xmin": 233, "ymin": 47, "ymax": 179, "xmax": 299}}], [{"tid": 0, "generated": 0, "bbox": {"xmin": 234, "ymin": 92, "ymax": 294, "xmax": 379}}, {"tid": 1, "generated": 0, "bbox": {"xmin": 231, "ymin": 47, "ymax": 182, "xmax": 298}}], [{"tid": 0, "generated": 0, "bbox": {"xmin": 236, "ymin": 98, "ymax": 294, "xmax": 383}}, {"tid": 1, "generated": 0, "bbox": {"xmin": 233, "ymin": 48, "ymax": 183, "xmax": 300}}], [{"tid": 0, "generated": 0, "bbox": {"xmin": 242, "ymin": 101, "ymax": 294, "xmax": 379}}, {"tid": 1, "generated": 0, "bbox": {"xmin": 234, "ymin": 49, "ymax": 184, "xmax": 301}}], [{"tid": 0, "generated": 0, "bbox": {"xmin": 244, "ymin": 100, "ymax": 293, "xmax": 380}}, {"tid": 1, "generated": 0, "bbox": {"xmin": 236, "ymin": 49, "ymax": 184, "xmax": 303}}], [{"tid": 0, "generated": 0, "bbox": {"xmin": 245, "ymin": 99, "ymax": 293, "xmax": 383}}, {"tid": 1, "generated": 0, "bbox": {"xmin": 237, "ymin": 50, "ymax": 185, "xmax": 304}}], [{"tid": 0, "generated": 0, "bbox": {"xmin": 246, "ymin": 100, "ymax": 295, "xmax": 383}}, {"tid": 1, "generated": 0, "bbox": {"xmin": 239, "ymin": 51, "ymax": 186, "xmax": 306}}], [{"tid": 0, "generated": 0, "bbox": {"xmin": 247, "ymin": 101, "ymax": 297, "xmax": 384}}, {"tid": 1, "generated": 0, "bbox": {"xmin": 242, "ymin": 50, "ymax": 187, "xmax": 309}}], [{"tid": 0, "generated": 0, "bbox": {"xmin": 249, "ymin": 99, "ymax": 294, "xmax": 379}}, {"tid": 1, "generated": 0, "bbox": {"xmin": 245, "ymin": 49, "ymax": 188, "xmax": 312}}], [{"tid": 0, "generated": 0, "bbox": {"xmin": 251, "ymin": 98, "ymax": 299, "xmax": 379}}, {"tid": 1, "generated": 0, "bbox": {"xmin": 248, "ymin": 48, "ymax": 188, "xmax": 315}}], [{"tid": 0, "generated": 0, "bbox": {"xmin": 255, "ymin": 96, "ymax": 300, "xmax": 371}}, {"tid": 1, "generated": 0, "bbox": {"xmin": 251, "ymin": 47, "ymax": 189, "xmax": 318}}], [{"tid": 0, "generated": 0, "bbox": {"xmin": 259, "ymin": 95, "ymax": 298, "xmax": 373}}, {"tid": 1, "generated": 0, "bbox": {"xmin": 254, "ymin": 46, "ymax": 190, "xmax": 321}}], [{"tid": 0, "generated": 0, "bbox": {"xmin": 260, "ymin": 95, "ymax": 299, "xmax": 374}}, {"tid": 1, "generated": 0, "bbox": {"xmin": 256, "ymin": 48, "ymax": 193, "xmax": 323}}], [{"tid": 0, "generated": 0, "bbox": {"xmin": 260, "ymin": 96, "ymax": 305, "xmax": 374}}, {"tid": 1, "generated": 0, "bbox": {"xmin": 259, "ymin": 50, "ymax": 195, "xmax": 326}}], [{"tid": 0, "generated": 0, "bbox": {"xmin": 264, "ymin": 100, "ymax": 302, "xmax": 378}}, {"tid": 1, "generated": 0, "bbox": {"xmin": 261, "ymin": 52, "ymax": 198, "xmax": 328}}], [{"tid": 0, "generated": 0, "bbox": {"xmin": 268, "ymin": 104, "ymax": 308, "xmax": 378}}, {"tid": 1, "generated": 0, "bbox": {"xmin": 264, "ymin": 54, "ymax": 200, "xmax": 331}}], [{"tid": 0, "generated": 0, "bbox": {"xmin": 268, "ymin": 109, "ymax": 299, "xmax": 377}}, {"tid": 1, "generated": 0, "bbox": {"xmin": 266, "ymin": 56, "ymax": 203, "xmax": 333}}], [{"tid": 0, "generated": 0, "bbox": {"xmin": 272, "ymin": 118, "ymax": 297, "xmax": 372}}, {"tid": 1, "generated": 0, "bbox": {"xmin": 265, "ymin": 61, "ymax": 206, "xmax": 331}}], [{"tid": 0, "generated": 0, "bbox": {"xmin": 270, "ymin": 122, "ymax": 298, "xmax": 374}}, {"tid": 1, "generated": 0, "bbox": {"xmin": 265, "ymin": 67, "ymax": 209, "xmax": 330}}], [{"tid": 0, "generated": 0, "bbox": {"xmin": 272, "ymin": 126, "ymax": 299, "xmax": 370}}, {"tid": 1, "generated": 0, "bbox": {"xmin": 264, "ymin": 72, "ymax": 211, "xmax": 328}}], [{"tid": 0, "generated": 0, "bbox": {"xmin": 272, "ymin": 130, "ymax": 295, "xmax": 370}}, {"tid": 1, "generated": 0, "bbox": {"xmin": 264, "ymin": 78, "ymax": 214, "xmax": 327}}], [{"tid": 0, "generated": 0, "bbox": {"xmin": 268, "ymin": 134, "ymax": 292, "xmax": 373}}, {"tid": 1, "generated": 0, "bbox": {"xmin": 263, "ymin": 83, "ymax": 217, "xmax": 325}}], [{"tid": 0, "generated": 0, "bbox": {"xmin": 266, "ymin": 136, "ymax": 290, "xmax": 366}}, {"tid": 1, "generated": 0, "bbox": {"xmin": 262, "ymin": 83, "ymax": 213, "xmax": 323}}], [{"tid": 0, "generated": 0, "bbox": {"xmin": 265, "ymin": 124, "ymax": 288, "xmax": 362}}, {"tid": 1, "generated": 0, "bbox": {"xmin": 262, "ymin": 83, "ymax": 209, "xmax": 321}}], [{"tid": 0, "generated": 0, "bbox": {"xmin": 264, "ymin": 121, "ymax": 287, "xmax": 363}}, {"tid": 1, "generated": 0, "bbox": {"xmin": 261, "ymin": 82, "ymax": 205, "xmax": 320}}], [{"tid": 0, "generated": 0, "bbox": {"xmin": 261, "ymin": 112, "ymax": 284, "xmax": 361}}, {"tid": 1, "generated": 0, "bbox": {"xmin": 261, "ymin": 82, "ymax": 201, "xmax": 318}}], [{"tid": 0, "generated": 0, "bbox": {"xmin": 260, "ymin": 103, "ymax": 284, "xmax": 364}}, {"tid": 1, "generated": 0, "bbox": {"xmin": 260, "ymin": 82, "ymax": 197, "xmax": 316}}], [{"tid": 0, "generated": 0, "bbox": {"xmin": 256, "ymin": 97, "ymax": 268, "xmax": 360}}, {"tid": 1, "generated": 0, "bbox": {"xmin": 257, "ymin": 81, "ymax": 196, "xmax": 314}}], [{"tid": 0, "generated": 0, "bbox": {"xmin": 256, "ymin": 96, "ymax": 278, "xmax": 358}}, {"tid": 1, "generated": 0, "bbox": {"xmin": 254, "ymin": 81, "ymax": 195, "xmax": 312}}], [{"tid": 0, "generated": 0, "bbox": {"xmin": 254, "ymin": 95, "ymax": 280, "xmax": 353}}, {"tid": 1, "generated": 0, "bbox": {"xmin": 251, "ymin": 80, "ymax": 193, "xmax": 311}}], [{"tid": 0, "generated": 0, "bbox": {"xmin": 252, "ymin": 95, "ymax": 280, "xmax": 352}}, {"tid": 1, "generated": 0, "bbox": {"xmin": 248, "ymin": 80, "ymax": 192, "xmax": 309}}], [{"tid": 0, "generated": 0, "bbox": {"xmin": 252, "ymin": 89, "ymax": 283, "xmax": 345}}, {"tid": 1, "generated": 0, "bbox": {"xmin": 245, "ymin": 79, "ymax": 191, "xmax": 307}}], [{"tid": 0, "generated": 0, "bbox": {"xmin": 250, "ymin": 92, "ymax": 281, "xmax": 346}}, {"tid": 1, "generated": 0, "bbox": {"xmin": 245, "ymin": 80, "ymax": 192, "xmax": 311}}], [{"tid": 0, "generated": 0, "bbox": {"xmin": 248, "ymin": 95, "ymax": 289, "xmax": 342}}, {"tid": 1, "generated": 0, "bbox": {"xmin": 245, "ymin": 81, "ymax": 193, "xmax": 315}}], [{"tid": 0, "generated": 0, "bbox": {"xmin": 248, "ymin": 98, "ymax": 291, "xmax": 342}}, {"tid": 1, "generated": 0, "bbox": {"xmin": 246, "ymin": 83, "ymax": 195, "xmax": 318}}], [{"tid": 0, "generated": 0, "bbox": {"xmin": 248, "ymin": 100, "ymax": 290, "xmax": 336}}, {"tid": 1, "generated": 0, "bbox": {"xmin": 246, "ymin": 84, "ymax": 196, "xmax": 322}}], [{"tid": 0, "generated": 0, "bbox": {"xmin": 249, "ymin": 103, "ymax": 294, "xmax": 335}}, {"tid": 1, "generated": 0, "bbox": {"xmin": 246, "ymin": 85, "ymax": 197, "xmax": 326}}], [{"tid": 0, "generated": 0, "bbox": {"xmin": 250, "ymin": 106, "ymax": 291, "xmax": 332}}, {"tid": 1, "generated": 0, "bbox": {"xmin": 249, "ymin": 87, "ymax": 194, "xmax": 327}}], [{"tid": 0, "generated": 0, "bbox": {"xmin": 250, "ymin": 110, "ymax": 276, "xmax": 333}}, {"tid": 1, "generated": 0, "bbox": {"xmin": 253, "ymin": 90, "ymax": 192, "xmax": 328}}], [{"tid": 0, "generated": 0, "bbox": {"xmin": 251, "ymin": 119, "ymax": 263, "xmax": 330}}, {"tid": 1, "generated": 0, "bbox": {"xmin": 256, "ymin": 92, "ymax": 189, "xmax": 328}}], [{"tid": 0, "generated": 0, "bbox": {"xmin": 252, "ymin": 128, "ymax": 250, "xmax": 327}}, {"tid": 1, "generated": 0, "bbox": {"xmin": 260, "ymin": 95, "ymax": 187, "xmax": 329}}], [{"tid": 0, "generated": 0, "bbox": {"xmin": 252, "ymin": 132, "ymax": 237, "xmax": 325}}, {"tid": 1, "generated": 0, "bbox": {"xmin": 263, "ymin": 97, "ymax": 184, "xmax": 330}}], [{"tid": 0, "generated": 0, "bbox": {"xmin": 252, "ymin": 133, "ymax": 238, "xmax": 326}}, {"tid": 1, "generated": 0, "bbox": {"xmin": 263, "ymin": 98, "ymax": 185, "xmax": 326}}], [{"tid": 0, "generated": 0, "bbox": {"xmin": 249, "ymin": 132, "ymax": 224, "xmax": 326}}, {"tid": 1, "generated": 0, "bbox": {"xmin": 263, "ymin": 100, "ymax": 187, "xmax": 322}}], [{"tid": 0, "generated": 0, "bbox": {"xmin": 250, "ymin": 131, "ymax": 241, "xmax": 328}}, {"tid": 1, "generated": 0, "bbox": {"xmin": 262, "ymin": 101, "ymax": 188, "xmax": 317}}], [{"tid": 0, "generated": 0, "bbox": {"xmin": 251, "ymin": 130, "ymax": 258, "xmax": 330}}, {"tid": 1, "generated": 0, "bbox": {"xmin": 262, "ymin": 103, "ymax": 190, "xmax": 313}}], [{"tid": 0, "generated": 0, "bbox": {"xmin": 252, "ymin": 130, "ymax": 276, "xmax": 330}}, {"tid": 1, "generated": 0, "bbox": {"xmin": 262, "ymin": 104, "ymax": 191, "xmax": 309}}], [{"tid": 0, "generated": 0, "bbox": {"xmin": 256, "ymin": 129, "ymax": 274, "xmax": 330}}, {"tid": 1, "generated": 0, "bbox": {"xmin": 263, "ymin": 107, "ymax": 194, "xmax": 308}}], [{"tid": 0, "generated": 0, "bbox": {"xmin": 256, "ymin": 128, "ymax": 272, "xmax": 330}}, {"tid": 1, "generated": 0, "bbox": {"xmin": 264, "ymin": 109, "ymax": 196, "xmax": 307}}], [{"tid": 0, "generated": 0, "bbox": {"xmin": 257, "ymin": 127, "ymax": 271, "xmax": 331}}, {"tid": 1, "generated": 0, "bbox": {"xmin": 265, "ymin": 112, "ymax": 199, "xmax": 306}}], [{"tid": 0, "generated": 0, "bbox": {"xmin": 257, "ymin": 126, "ymax": 269, "xmax": 332}}, {"tid": 1, "generated": 0, "bbox": {"xmin": 266, "ymin": 114, "ymax": 201, "xmax": 305}}], [], [], [], [], [], [], [], [], [], [], [], [], [], [], [], [{"tid": 0, "generated": 0, "bbox": {"xmin": 239, "ymin": 158, "ymax": 255, "xmax": 310}}, {"tid": 1, "generated": 0, "bbox": {"xmin": 254, "ymin": 124, "ymax": 195, "xmax": 293}}], [{"tid": 0, "generated": 0, "bbox": {"xmin": 237, "ymin": 156, "ymax": 252, "xmax": 320}}, {"tid": 1, "generated": 0, "bbox": {"xmin": 251, "ymin": 123, "ymax": 193, "xmax": 291}}], [{"tid": 0, "generated": 0, "bbox": {"xmin": 235, "ymin": 154, "ymax": 236, "xmax": 318}}, {"tid": 1, "generated": 0, "bbox": {"xmin": 249, "ymin": 121, "ymax": 191, "xmax": 288}}], [{"tid": 0, "generated": 0, "bbox": {"xmin": 233, "ymin": 152, "ymax": 235, "xmax": 315}}, {"tid": 1, "generated": 0, "bbox": {"xmin": 246, "ymin": 120, "ymax": 190, "xmax": 286}}], [{"tid": 0, "generated": 0, "bbox": {"xmin": 231, "ymin": 150, "ymax": 235, "xmax": 313}}, {"tid": 1, "generated": 0, "bbox": {"xmin": 244, "ymin": 118, "ymax": 188, "xmax": 283}}], [{"tid": 0, "generated": 0, "bbox": {"xmin": 229, "ymin": 148, "ymax": 235, "xmax": 311}}, {"tid": 1, "generated": 0, "bbox": {"xmin": 241, "ymin": 117, "ymax": 186, "xmax": 281}}], [{"tid": 0, "generated": 0, "bbox": {"xmin": 228, "ymin": 150, "ymax": 234, "xmax": 311}}, {"tid": 1, "generated": 0, "bbox": {"xmin": 240, "ymin": 119, "ymax": 188, "xmax": 279}}], [{"tid": 0, "generated": 0, "bbox": {"xmin": 227, "ymin": 152, "ymax": 234, "xmax": 311}}, {"tid": 1, "generated": 0, "bbox": {"xmin": 239, "ymin": 120, "ymax": 191, "xmax": 278}}], [{"tid": 0, "generated": 0, "bbox": {"xmin": 223, "ymin": 154, "ymax": 233, "xmax": 312}}, {"tid": 1, "generated": 0, "bbox": {"xmin": 237, "ymin": 122, "ymax": 193, "xmax": 276}}], [{"tid": 0, "generated": 0, "bbox": {"xmin": 223, "ymin": 157, "ymax": 234, "xmax": 312}}, {"tid": 1, "generated": 0, "bbox": {"xmin": 236, "ymin": 123, "ymax": 196, "xmax": 275}}], [{"tid": 0, "generated": 0, "bbox": {"xmin": 222, "ymin": 158, "ymax": 236, "xmax": 312}}, {"tid": 1, "generated": 0, "bbox": {"xmin": 235, "ymin": 125, "ymax": 198, "xmax": 273}}], [{"tid": 0, "generated": 0, "bbox": {"xmin": 222, "ymin": 159, "ymax": 238, "xmax": 312}}, {"tid": 1, "generated": 0, "bbox": {"xmin": 238, "ymin": 129, "ymax": 199, "xmax": 276}}], [{"tid": 0, "generated": 0, "bbox": {"xmin": 222, "ymin": 161, "ymax": 241, "xmax": 312}}, {"tid": 1, "generated": 0, "bbox": {"xmin": 241, "ymin": 132, "ymax": 201, "xmax": 279}}], [{"tid": 0, "generated": 0, "bbox": {"xmin": 225, "ymin": 164, "ymax": 244, "xmax": 316}}, {"tid": 1, "generated": 0, "bbox": {"xmin": 243, "ymin": 136, "ymax": 202, "xmax": 282}}], [{"tid": 0, "generated": 0, "bbox": {"xmin": 228, "ymin": 167, "ymax": 247, "xmax": 321}}, {"tid": 1, "generated": 0, "bbox": {"xmin": 246, "ymin": 139, "ymax": 204, "xmax": 285}}], [{"tid": 0, "generated": 0, "bbox": {"xmin": 232, "ymin": 170, "ymax": 251, "xmax": 326}}, {"tid": 1, "generated": 0, "bbox": {"xmin": 249, "ymin": 143, "ymax": 205, "xmax": 288}}], [{"tid": 0, "generated": 0, "bbox": {"xmin": 237, "ymin": 172, "ymax": 254, "xmax": 324}}, {"tid": 1, "generated": 0, "bbox": {"xmin": 251, "ymin": 141, "ymax": 206, "xmax": 291}}], [{"tid": 0, "generated": 0, "bbox": {"xmin": 238, "ymin": 174, "ymax": 260, "xmax": 338}}, {"tid": 1, "generated": 0, "bbox": {"xmin": 254, "ymin": 139, "ymax": 207, "xmax": 294}}], [{"tid": 0, "generated": 0, "bbox": {"xmin": 240, "ymin": 173, "ymax": 264, "xmax": 338}}, {"tid": 1, "generated": 0, "bbox": {"xmin": 256, "ymin": 137, "ymax": 207, "xmax": 296}}], [{"tid": 0, "generated": 0, "bbox": {"xmin": 239, "ymin": 174, "ymax": 264, "xmax": 336}}, {"tid": 1, "generated": 0, "bbox": {"xmin": 259, "ymin": 135, "ymax": 208, "xmax": 299}}], [{"tid": 0, "generated": 0, "bbox": {"xmin": 239, "ymin": 171, "ymax": 264, "xmax": 335}}, {"tid": 1, "generated": 0, "bbox": {"xmin": 261, "ymin": 133, "ymax": 209, "xmax": 302}}], [{"tid": 0, "generated": 0, "bbox": {"xmin": 239, "ymin": 165, "ymax": 264, "xmax": 334}}, {"tid": 1, "generated": 0, "bbox": {"xmin": 259, "ymin": 131, "ymax": 207, "xmax": 301}}], [{"tid": 0, "generated": 0, "bbox": {"xmin": 238, "ymin": 163, "ymax": 263, "xmax": 334}}, {"tid": 1, "generated": 0, "bbox": {"xmin": 257, "ymin": 129, "ymax": 205, "xmax": 300}}], [{"tid": 0, "generated": 0, "bbox": {"xmin": 237, "ymin": 162, "ymax": 263, "xmax": 334}}, {"tid": 1, "generated": 0, "bbox": {"xmin": 256, "ymin": 127, "ymax": 203, "xmax": 299}}], [{"tid": 0, "generated": 0, "bbox": {"xmin": 238, "ymin": 160, "ymax": 261, "xmax": 333}}, {"tid": 1, "generated": 0, "bbox": {"xmin": 254, "ymin": 125, "ymax": 201, "xmax": 298}}], [{"tid": 0, "generated": 0, "bbox": {"xmin": 239, "ymin": 158, "ymax": 260, "xmax": 333}}, {"tid": 1, "generated": 0, "bbox": {"xmin": 252, "ymin": 123, "ymax": 199, "xmax": 297}}], [{"tid": 0, "generated": 0, "bbox": {"xmin": 240, "ymin": 156, "ymax": 257, "xmax": 331}}, {"tid": 1, "generated": 0, "bbox": {"xmin": 251, "ymin": 122, "ymax": 197, "xmax": 295}}], [{"tid": 0, "generated": 0, "bbox": {"xmin": 242, "ymin": 154, "ymax": 254, "xmax": 329}}, {"tid": 1, "generated": 0, "bbox": {"xmin": 249, "ymin": 121, "ymax": 196, "xmax": 293}}], [{"tid": 0, "generated": 0, "bbox": {"xmin": 244, "ymin": 152, "ymax": 252, "xmax": 328}}, {"tid": 1, "generated": 0, "bbox": {"xmin": 248, "ymin": 119, "ymax": 194, "xmax": 292}}], [{"tid": 0, "generated": 0, "bbox": {"xmin": 246, "ymin": 153, "ymax": 248, "xmax": 326}}, {"tid": 1, "generated": 0, "bbox": {"xmin": 246, "ymin": 118, "ymax": 193, "xmax": 290}}]], "subject/objects": [{"category": "horse", "tid": 0}, {"category": "person", "tid": 1}], "relation_instances": [{"end_fid": 30, "subject_tid": 0, "predicate": "run_beneath", "begin_fid": 0, "object_tid": 1}, {"end_fid": 30, "subject_tid": 1, "predicate": "sit_above", "begin_fid": 0, "object_tid": 0}, {"end_fid": 30, "subject_tid": 1, "predicate": "ride", "begin_fid": 0, "object_tid": 0}, {"end_fid": 60, "subject_tid": 0, "predicate": "jump_beneath", "begin_fid": 30, "object_tid": 1}, {"end_fid": 60, "subject_tid": 1, "predicate": "sit_above", "begin_fid": 30, "object_tid": 0}, {"end_fid": 60, "subject_tid": 1, "predicate": "ride", "begin_fid": 30, "object_tid": 0}, {"end_fid": 105, "subject_tid": 0, "predicate": "run_beneath", "begin_fid": 75, "object_tid": 1}, {"end_fid": 105, "subject_tid": 1, "predicate": "sit_above", "begin_fid": 75, "object_tid": 0}, {"end_fid": 105, "subject_tid": 1, "predicate": "ride", "begin_fid": 75, "object_tid": 0}], "height": 360}