{"width": 1920, "frame_count": 112, "video_id": "ILSVRC2015_train_00125007", "fps": 25, "trajectories": [[{"tid": 1, "generated": 0, "bbox": {"xmin": 680, "ymin": 885, "ymax": 989, "xmax": 800}}, {"tid": 2, "generated": 0, "bbox": {"xmin": 706, "ymin": 850, "ymax": 928, "xmax": 816}}, {"tid": 3, "generated": 0, "bbox": {"xmin": 952, "ymin": 613, "ymax": 709, "xmax": 1056}}], [{"tid": 1, "generated": 0, "bbox": {"xmin": 680, "ymin": 885, "ymax": 988, "xmax": 800}}, {"tid": 2, "generated": 0, "bbox": {"xmin": 706, "ymin": 850, "ymax": 928, "xmax": 815}}, {"tid": 3, "generated": 0, "bbox": {"xmin": 951, "ymin": 612, "ymax": 708, "xmax": 1055}}], [{"tid": 1, "generated": 0, "bbox": {"xmin": 680, "ymin": 885, "ymax": 988, "xmax": 800}}, {"tid": 2, "generated": 0, "bbox": {"xmin": 706, "ymin": 850, "ymax": 928, "xmax": 815}}, {"tid": 3, "generated": 0, "bbox": {"xmin": 951, "ymin": 612, "ymax": 708, "xmax": 1055}}], [{"tid": 1, "generated": 0, "bbox": {"xmin": 680, "ymin": 885, "ymax": 988, "xmax": 800}}, {"tid": 2, "generated": 0, "bbox": {"xmin": 706, "ymin": 850, "ymax": 928, "xmax": 815}}, {"tid": 3, "generated": 0, "bbox": {"xmin": 951, "ymin": 612, "ymax": 708, "xmax": 1055}}], [{"tid": 1, "generated": 0, "bbox": {"xmin": 680, "ymin": 885, "ymax": 988, "xmax": 800}}, {"tid": 2, "generated": 0, "bbox": {"xmin": 706, "ymin": 850, "ymax": 928, "xmax": 815}}, {"tid": 3, "generated": 0, "bbox": {"xmin": 951, "ymin": 612, "ymax": 708, "xmax": 1055}}], [{"tid": 1, "generated": 0, "bbox": {"xmin": 680, "ymin": 886, "ymax": 988, "xmax": 800}}, {"tid": 2, "generated": 0, "bbox": {"xmin": 706, "ymin": 850, "ymax": 928, "xmax": 814}}, {"tid": 3, "generated": 0, "bbox": {"xmin": 951, "ymin": 612, "ymax": 708, "xmax": 1055}}], [{"tid": 1, "generated": 0, "bbox": {"xmin": 680, "ymin": 886, "ymax": 987, "xmax": 800}}, {"tid": 2, "generated": 0, "bbox": {"xmin": 706, "ymin": 850, "ymax": 928, "xmax": 814}}, {"tid": 3, "generated": 0, "bbox": {"xmin": 951, "ymin": 612, "ymax": 708, "xmax": 1055}}], [{"tid": 1, "generated": 0, "bbox": {"xmin": 680, "ymin": 886, "ymax": 987, "xmax": 800}}, {"tid": 2, "generated": 0, "bbox": {"xmin": 706, "ymin": 850, "ymax": 928, "xmax": 814}}, {"tid": 3, "generated": 0, "bbox": {"xmin": 951, "ymin": 612, "ymax": 708, "xmax": 1055}}], [{"tid": 1, "generated": 0, "bbox": {"xmin": 680, "ymin": 886, "ymax": 987, "xmax": 800}}, {"tid": 2, "generated": 0, "bbox": {"xmin": 706, "ymin": 850, "ymax": 928, "xmax": 814}}, {"tid": 3, "generated": 0, "bbox": {"xmin": 950, "ymin": 612, "ymax": 708, "xmax": 1055}}], [{"tid": 1, "generated": 0, "bbox": {"xmin": 680, "ymin": 886, "ymax": 987, "xmax": 800}}, {"tid": 2, "generated": 0, "bbox": {"xmin": 706, "ymin": 850, "ymax": 928, "xmax": 813}}, {"tid": 3, "generated": 0, "bbox": {"xmin": 950, "ymin": 612, "ymax": 708, "xmax": 1055}}], [{"tid": 1, "generated": 0, "bbox": {"xmin": 680, "ymin": 887, "ymax": 987, "xmax": 800}}, {"tid": 2, "generated": 0, "bbox": {"xmin": 706, "ymin": 850, "ymax": 928, "xmax": 813}}, {"tid": 3, "generated": 0, "bbox": {"xmin": 950, "ymin": 612, "ymax": 708, "xmax": 1055}}], [{"tid": 1, "generated": 0, "bbox": {"xmin": 680, "ymin": 887, "ymax": 986, "xmax": 800}}, {"tid": 2, "generated": 0, "bbox": {"xmin": 706, "ymin": 850, "ymax": 928, "xmax": 813}}, {"tid": 3, "generated": 0, "bbox": {"xmin": 950, "ymin": 612, "ymax": 708, "xmax": 1055}}], [{"tid": 1, "generated": 0, "bbox": {"xmin": 680, "ymin": 887, "ymax": 986, "xmax": 800}}, {"tid": 2, "generated": 0, "bbox": {"xmin": 707, "ymin": 851, "ymax": 928, "xmax": 813}}, {"tid": 3, "generated": 0, "bbox": {"xmin": 950, "ymin": 612, "ymax": 708, "xmax": 1055}}], [{"tid": 1, "generated": 0, "bbox": {"xmin": 680, "ymin": 887, "ymax": 986, "xmax": 800}}, {"tid": 2, "generated": 0, "bbox": {"xmin": 707, "ymin": 851, "ymax": 928, "xmax": 813}}, {"tid": 3, "generated": 0, "bbox": {"xmin": 950, "ymin": 612, "ymax": 708, "xmax": 1055}}], [{"tid": 1, "generated": 0, "bbox": {"xmin": 680, "ymin": 887, "ymax": 986, "xmax": 800}}, {"tid": 2, "generated": 0, "bbox": {"xmin": 707, "ymin": 851, "ymax": 928, "xmax": 812}}, {"tid": 3, "generated": 0, "bbox": {"xmin": 950, "ymin": 612, "ymax": 708, "xmax": 1055}}], [{"tid": 1, "generated": 0, "bbox": {"xmin": 680, "ymin": 888, "ymax": 986, "xmax": 800}}, {"tid": 2, "generated": 0, "bbox": {"xmin": 707, "ymin": 851, "ymax": 928, "xmax": 812}}, {"tid": 3, "generated": 0, "bbox": {"xmin": 950, "ymin": 612, "ymax": 708, "xmax": 1055}}], [{"tid": 1, "generated": 0, "bbox": {"xmin": 680, "ymin": 888, "ymax": 985, "xmax": 800}}, {"tid": 2, "generated": 0, "bbox": {"xmin": 707, "ymin": 851, "ymax": 928, "xmax": 812}}, {"tid": 3, "generated": 0, "bbox": {"xmin": 949, "ymin": 611, "ymax": 707, "xmax": 1054}}], [{"tid": 1, "generated": 0, "bbox": {"xmin": 680, "ymin": 888, "ymax": 985, "xmax": 800}}, {"tid": 2, "generated": 0, "bbox": {"xmin": 707, "ymin": 851, "ymax": 928, "xmax": 812}}, {"tid": 3, "generated": 0, "bbox": {"xmin": 949, "ymin": 611, "ymax": 707, "xmax": 1054}}], [{"tid": 1, "generated": 0, "bbox": {"xmin": 680, "ymin": 888, "ymax": 985, "xmax": 800}}, {"tid": 2, "generated": 0, "bbox": {"xmin": 707, "ymin": 851, "ymax": 929, "xmax": 811}}, {"tid": 3, "generated": 0, "bbox": {"xmin": 949, "ymin": 611, "ymax": 707, "xmax": 1054}}], [{"tid": 1, "generated": 0, "bbox": {"xmin": 680, "ymin": 888, "ymax": 985, "xmax": 800}}, {"tid": 2, "generated": 0, "bbox": {"xmin": 707, "ymin": 851, "ymax": 929, "xmax": 811}}, {"tid": 3, "generated": 0, "bbox": {"xmin": 949, "ymin": 611, "ymax": 707, "xmax": 1054}}], [{"tid": 1, "generated": 0, "bbox": {"xmin": 680, "ymin": 889, "ymax": 985, "xmax": 800}}, {"tid": 2, "generated": 0, "bbox": {"xmin": 707, "ymin": 851, "ymax": 929, "xmax": 811}}, {"tid": 3, "generated": 0, "bbox": {"xmin": 949, "ymin": 611, "ymax": 707, "xmax": 1054}}], [{"tid": 1, "generated": 0, "bbox": {"xmin": 680, "ymin": 889, "ymax": 984, "xmax": 800}}, {"tid": 2, "generated": 0, "bbox": {"xmin": 707, "ymin": 851, "ymax": 929, "xmax": 811}}, {"tid": 3, "generated": 0, "bbox": {"xmin": 949, "ymin": 611, "ymax": 707, "xmax": 1054}}], [{"tid": 1, "generated": 0, "bbox": {"xmin": 680, "ymin": 889, "ymax": 984, "xmax": 800}}, {"tid": 2, "generated": 0, "bbox": {"xmin": 707, "ymin": 851, "ymax": 929, "xmax": 810}}, {"tid": 3, "generated": 0, "bbox": {"xmin": 949, "ymin": 611, "ymax": 707, "xmax": 1054}}], [{"tid": 1, "generated": 0, "bbox": {"xmin": 680, "ymin": 889, "ymax": 984, "xmax": 800}}, {"tid": 2, "generated": 0, "bbox": {"xmin": 707, "ymin": 851, "ymax": 929, "xmax": 810}}, {"tid": 3, "generated": 0, "bbox": {"xmin": 948, "ymin": 611, "ymax": 707, "xmax": 1054}}], [{"tid": 1, "generated": 0, "bbox": {"xmin": 680, "ymin": 889, "ymax": 984, "xmax": 800}}, {"tid": 2, "generated": 0, "bbox": {"xmin": 708, "ymin": 852, "ymax": 929, "xmax": 810}}, {"tid": 3, "generated": 0, "bbox": {"xmin": 948, "ymin": 611, "ymax": 707, "xmax": 1054}}], [{"tid": 1, "generated": 0, "bbox": {"xmin": 680, "ymin": 890, "ymax": 984, "xmax": 800}}, {"tid": 2, "generated": 0, "bbox": {"xmin": 708, "ymin": 852, "ymax": 929, "xmax": 810}}, {"tid": 3, "generated": 0, "bbox": {"xmin": 948, "ymin": 611, "ymax": 707, "xmax": 1054}}], [{"tid": 1, "generated": 0, "bbox": {"xmin": 680, "ymin": 890, "ymax": 984, "xmax": 800}}, {"tid": 2, "generated": 0, "bbox": {"xmin": 708, "ymin": 852, "ymax": 929, "xmax": 810}}, {"tid": 3, "generated": 0, "bbox": {"xmin": 948, "ymin": 611, "ymax": 707, "xmax": 1054}}], [{"tid": 1, "generated": 0, "bbox": {"xmin": 680, "ymin": 890, "ymax": 984, "xmax": 800}}, {"tid": 2, "generated": 0, "bbox": {"xmin": 708, "ymin": 852, "ymax": 929, "xmax": 809}}, {"tid": 3, "generated": 0, "bbox": {"xmin": 948, "ymin": 611, "ymax": 707, "xmax": 1054}}], [{"tid": 1, "generated": 0, "bbox": {"xmin": 680, "ymin": 890, "ymax": 984, "xmax": 800}}, {"tid": 2, "generated": 0, "bbox": {"xmin": 708, "ymin": 852, "ymax": 929, "xmax": 809}}, {"tid": 3, "generated": 0, "bbox": {"xmin": 948, "ymin": 611, "ymax": 707, "xmax": 1054}}], [{"tid": 1, "generated": 0, "bbox": {"xmin": 680, "ymin": 890, "ymax": 984, "xmax": 800}}, {"tid": 2, "generated": 0, "bbox": {"xmin": 708, "ymin": 852, "ymax": 929, "xmax": 809}}, {"tid": 3, "generated": 0, "bbox": {"xmin": 948, "ymin": 611, "ymax": 707, "xmax": 1054}}], [], [], [], [], [], [], [], [], [], [], [], [], [], [], [], [{"tid": 1, "generated": 0, "bbox": {"xmin": 680, "ymin": 890, "ymax": 984, "xmax": 800}}, {"tid": 2, "generated": 0, "bbox": {"xmin": 717, "ymin": 850, "ymax": 928, "xmax": 800}}, {"tid": 3, "generated": 0, "bbox": {"xmin": 946, "ymin": 610, "ymax": 706, "xmax": 1053}}, {"tid": 4, "generated": 0, "bbox": {"xmin": 1046, "ymin": 689, "ymax": 769, "xmax": 1104}}], [{"tid": 1, "generated": 0, "bbox": {"xmin": 680, "ymin": 890, "ymax": 984, "xmax": 800}}, {"tid": 2, "generated": 0, "bbox": {"xmin": 716, "ymin": 850, "ymax": 928, "xmax": 797}}, {"tid": 3, "generated": 0, "bbox": {"xmin": 945, "ymin": 610, "ymax": 706, "xmax": 1053}}, {"tid": 4, "generated": 0, "bbox": {"xmin": 1045, "ymin": 688, "ymax": 770, "xmax": 1104}}], [{"tid": 1, "generated": 0, "bbox": {"xmin": 680, "ymin": 890, "ymax": 984, "xmax": 800}}, {"tid": 2, "generated": 0, "bbox": {"xmin": 716, "ymin": 850, "ymax": 928, "xmax": 795}}, {"tid": 3, "generated": 0, "bbox": {"xmin": 944, "ymin": 610, "ymax": 706, "xmax": 1053}}, {"tid": 4, "generated": 0, "bbox": {"xmin": 1043, "ymin": 688, "ymax": 771, "xmax": 1104}}], [{"tid": 1, "generated": 0, "bbox": {"xmin": 680, "ymin": 890, "ymax": 984, "xmax": 800}}, {"tid": 2, "generated": 0, "bbox": {"xmin": 716, "ymin": 850, "ymax": 928, "xmax": 793}}, {"tid": 3, "generated": 0, "bbox": {"xmin": 943, "ymin": 610, "ymax": 706, "xmax": 1053}}, {"tid": 4, "generated": 0, "bbox": {"xmin": 1042, "ymin": 688, "ymax": 773, "xmax": 1104}}], [{"tid": 1, "generated": 0, "bbox": {"xmin": 680, "ymin": 890, "ymax": 984, "xmax": 800}}, {"tid": 2, "generated": 0, "bbox": {"xmin": 715, "ymin": 850, "ymax": 928, "xmax": 791}}, {"tid": 3, "generated": 0, "bbox": {"xmin": 942, "ymin": 610, "ymax": 706, "xmax": 1053}}, {"tid": 4, "generated": 0, "bbox": {"xmin": 1041, "ymin": 688, "ymax": 774, "xmax": 1104}}], [{"tid": 1, "generated": 0, "bbox": {"xmin": 680, "ymin": 890, "ymax": 984, "xmax": 800}}, {"tid": 2, "generated": 0, "bbox": {"xmin": 715, "ymin": 850, "ymax": 928, "xmax": 789}}, {"tid": 3, "generated": 0, "bbox": {"xmin": 941, "ymin": 610, "ymax": 706, "xmax": 1053}}, {"tid": 4, "generated": 0, "bbox": {"xmin": 1040, "ymin": 688, "ymax": 776, "xmax": 1104}}], [{"tid": 1, "generated": 0, "bbox": {"xmin": 680, "ymin": 890, "ymax": 984, "xmax": 800}}, {"tid": 2, "generated": 0, "bbox": {"xmin": 715, "ymin": 850, "ymax": 928, "xmax": 786}}, {"tid": 3, "generated": 0, "bbox": {"xmin": 940, "ymin": 610, "ymax": 706, "xmax": 1053}}, {"tid": 4, "generated": 0, "bbox": {"xmin": 1038, "ymin": 686, "ymax": 775, "xmax": 1103}}], [{"tid": 1, "generated": 0, "bbox": {"xmin": 680, "ymin": 890, "ymax": 984, "xmax": 800}}, {"tid": 2, "generated": 0, "bbox": {"xmin": 714, "ymin": 850, "ymax": 928, "xmax": 784}}, {"tid": 3, "generated": 0, "bbox": {"xmin": 939, "ymin": 610, "ymax": 706, "xmax": 1053}}, {"tid": 4, "generated": 0, "bbox": {"xmin": 1037, "ymin": 684, "ymax": 774, "xmax": 1102}}], [{"tid": 1, "generated": 0, "bbox": {"xmin": 680, "ymin": 890, "ymax": 984, "xmax": 800}}, {"tid": 2, "generated": 0, "bbox": {"xmin": 714, "ymin": 850, "ymax": 928, "xmax": 782}}, {"tid": 3, "generated": 0, "bbox": {"xmin": 938, "ymin": 610, "ymax": 706, "xmax": 1053}}, {"tid": 4, "generated": 0, "bbox": {"xmin": 1036, "ymin": 683, "ymax": 773, "xmax": 1101}}], [{"tid": 1, "generated": 0, "bbox": {"xmin": 680, "ymin": 890, "ymax": 984, "xmax": 800}}, {"tid": 2, "generated": 0, "bbox": {"xmin": 714, "ymin": 850, "ymax": 928, "xmax": 780}}, {"tid": 3, "generated": 0, "bbox": {"xmin": 937, "ymin": 610, "ymax": 706, "xmax": 1053}}, {"tid": 4, "generated": 0, "bbox": {"xmin": 1035, "ymin": 681, "ymax": 772, "xmax": 1100}}], [{"tid": 1, "generated": 0, "bbox": {"xmin": 680, "ymin": 890, "ymax": 984, "xmax": 800}}, {"tid": 2, "generated": 0, "bbox": {"xmin": 714, "ymin": 850, "ymax": 928, "xmax": 778}}, {"tid": 3, "generated": 0, "bbox": {"xmin": 936, "ymin": 610, "ymax": 706, "xmax": 1053}}, {"tid": 4, "generated": 0, "bbox": {"xmin": 1034, "ymin": 680, "ymax": 772, "xmax": 1100}}], [{"tid": 1, "generated": 0, "bbox": {"xmin": 680, "ymin": 890, "ymax": 984, "xmax": 800}}, {"tid": 2, "generated": 0, "bbox": {"xmin": 714, "ymin": 850, "ymax": 928, "xmax": 778}}, {"tid": 3, "generated": 0, "bbox": {"xmin": 935, "ymin": 610, "ymax": 706, "xmax": 1053}}, {"tid": 4, "generated": 0, "bbox": {"xmin": 1033, "ymin": 678, "ymax": 771, "xmax": 1099}}], [{"tid": 1, "generated": 0, "bbox": {"xmin": 680, "ymin": 890, "ymax": 984, "xmax": 800}}, {"tid": 2, "generated": 0, "bbox": {"xmin": 714, "ymin": 850, "ymax": 928, "xmax": 778}}, {"tid": 3, "generated": 0, "bbox": {"xmin": 935, "ymin": 610, "ymax": 706, "xmax": 1053}}, {"tid": 4, "generated": 0, "bbox": {"xmin": 1032, "ymin": 676, "ymax": 770, "xmax": 1098}}], [{"tid": 1, "generated": 0, "bbox": {"xmin": 680, "ymin": 890, "ymax": 984, "xmax": 800}}, {"tid": 2, "generated": 0, "bbox": {"xmin": 714, "ymin": 850, "ymax": 928, "xmax": 778}}, {"tid": 3, "generated": 0, "bbox": {"xmin": 935, "ymin": 610, "ymax": 706, "xmax": 1053}}, {"tid": 4, "generated": 0, "bbox": {"xmin": 1031, "ymin": 675, "ymax": 769, "xmax": 1097}}], [{"tid": 1, "generated": 0, "bbox": {"xmin": 680, "ymin": 890, "ymax": 984, "xmax": 800}}, {"tid": 2, "generated": 0, "bbox": {"xmin": 714, "ymin": 850, "ymax": 928, "xmax": 778}}, {"tid": 3, "generated": 0, "bbox": {"xmin": 934, "ymin": 611, "ymax": 707, "xmax": 1054}}, {"tid": 4, "generated": 0, "bbox": {"xmin": 1030, "ymin": 673, "ymax": 768, "xmax": 1096}}], [{"tid": 1, "generated": 0, "bbox": {"xmin": 680, "ymin": 890, "ymax": 984, "xmax": 800}}, {"tid": 2, "generated": 0, "bbox": {"xmin": 714, "ymin": 850, "ymax": 928, "xmax": 778}}, {"tid": 3, "generated": 0, "bbox": {"xmin": 934, "ymin": 611, "ymax": 707, "xmax": 1054}}, {"tid": 4, "generated": 0, "bbox": {"xmin": 1029, "ymin": 672, "ymax": 768, "xmax": 1096}}], [{"tid": 1, "generated": 0, "bbox": {"xmin": 680, "ymin": 890, "ymax": 984, "xmax": 800}}, {"tid": 2, "generated": 0, "bbox": {"xmin": 714, "ymin": 850, "ymax": 928, "xmax": 778}}, {"tid": 3, "generated": 0, "bbox": {"xmin": 934, "ymin": 611, "ymax": 707, "xmax": 1054}}, {"tid": 4, "generated": 0, "bbox": {"xmin": 1029, "ymin": 670, "ymax": 766, "xmax": 1096}}], [{"tid": 1, "generated": 0, "bbox": {"xmin": 680, "ymin": 890, "ymax": 984, "xmax": 800}}, {"tid": 2, "generated": 0, "bbox": {"xmin": 714, "ymin": 850, "ymax": 928, "xmax": 778}}, {"tid": 3, "generated": 0, "bbox": {"xmin": 933, "ymin": 612, "ymax": 708, "xmax": 1055}}, {"tid": 4, "generated": 0, "bbox": {"xmin": 1029, "ymin": 668, "ymax": 764, "xmax": 1096}}], [{"tid": 1, "generated": 0, "bbox": {"xmin": 680, "ymin": 890, "ymax": 984, "xmax": 800}}, {"tid": 2, "generated": 0, "bbox": {"xmin": 714, "ymin": 850, "ymax": 928, "xmax": 778}}, {"tid": 3, "generated": 0, "bbox": {"xmin": 933, "ymin": 612, "ymax": 708, "xmax": 1055}}, {"tid": 4, "generated": 0, "bbox": {"xmin": 1029, "ymin": 666, "ymax": 762, "xmax": 1096}}], [{"tid": 1, "generated": 0, "bbox": {"xmin": 680, "ymin": 890, "ymax": 984, "xmax": 800}}, {"tid": 2, "generated": 0, "bbox": {"xmin": 714, "ymin": 850, "ymax": 928, "xmax": 778}}, {"tid": 3, "generated": 0, "bbox": {"xmin": 933, "ymin": 612, "ymax": 708, "xmax": 1055}}, {"tid": 4, "generated": 0, "bbox": {"xmin": 1030, "ymin": 664, "ymax": 760, "xmax": 1096}}], [{"tid": 1, "generated": 0, "bbox": {"xmin": 680, "ymin": 890, "ymax": 984, "xmax": 800}}, {"tid": 2, "generated": 0, "bbox": {"xmin": 714, "ymin": 850, "ymax": 928, "xmax": 778}}, {"tid": 3, "generated": 0, "bbox": {"xmin": 933, "ymin": 613, "ymax": 709, "xmax": 1056}}, {"tid": 4, "generated": 0, "bbox": {"xmin": 1030, "ymin": 662, "ymax": 758, "xmax": 1097}}], [{"tid": 1, "generated": 0, "bbox": {"xmin": 680, "ymin": 890, "ymax": 984, "xmax": 800}}, {"tid": 2, "generated": 0, "bbox": {"xmin": 714, "ymin": 850, "ymax": 928, "xmax": 778}}, {"tid": 3, "generated": 0, "bbox": {"xmin": 932, "ymin": 613, "ymax": 708, "xmax": 1056}}, {"tid": 4, "generated": 0, "bbox": {"xmin": 1030, "ymin": 660, "ymax": 756, "xmax": 1097}}], [{"tid": 1, "generated": 0, "bbox": {"xmin": 680, "ymin": 890, "ymax": 984, "xmax": 800}}, {"tid": 2, "generated": 0, "bbox": {"xmin": 714, "ymin": 850, "ymax": 928, "xmax": 778}}, {"tid": 3, "generated": 0, "bbox": {"xmin": 932, "ymin": 613, "ymax": 707, "xmax": 1056}}, {"tid": 4, "generated": 0, "bbox": {"xmin": 1031, "ymin": 658, "ymax": 754, "xmax": 1097}}], [{"tid": 1, "generated": 0, "bbox": {"xmin": 680, "ymin": 890, "ymax": 984, "xmax": 800}}, {"tid": 2, "generated": 0, "bbox": {"xmin": 714, "ymin": 850, "ymax": 928, "xmax": 778}}, {"tid": 3, "generated": 0, "bbox": {"xmin": 932, "ymin": 613, "ymax": 706, "xmax": 1056}}, {"tid": 4, "generated": 0, "bbox": {"xmin": 1031, "ymin": 656, "ymax": 752, "xmax": 1097}}], [{"tid": 1, "generated": 0, "bbox": {"xmin": 680, "ymin": 890, "ymax": 984, "xmax": 800}}, {"tid": 2, "generated": 0, "bbox": {"xmin": 714, "ymin": 850, "ymax": 928, "xmax": 778}}, {"tid": 3, "generated": 0, "bbox": {"xmin": 931, "ymin": 614, "ymax": 705, "xmax": 1056}}, {"tid": 4, "generated": 0, "bbox": {"xmin": 1031, "ymin": 654, "ymax": 750, "xmax": 1097}}], [{"tid": 1, "generated": 0, "bbox": {"xmin": 680, "ymin": 890, "ymax": 984, "xmax": 800}}, {"tid": 2, "generated": 0, "bbox": {"xmin": 714, "ymin": 850, "ymax": 928, "xmax": 778}}, {"tid": 3, "generated": 0, "bbox": {"xmin": 931, "ymin": 614, "ymax": 705, "xmax": 1056}}, {"tid": 4, "generated": 0, "bbox": {"xmin": 1032, "ymin": 653, "ymax": 749, "xmax": 1098}}], [{"tid": 1, "generated": 0, "bbox": {"xmin": 680, "ymin": 890, "ymax": 984, "xmax": 800}}, {"tid": 2, "generated": 0, "bbox": {"xmin": 714, "ymin": 850, "ymax": 928, "xmax": 778}}, {"tid": 3, "generated": 0, "bbox": {"xmin": 931, "ymin": 614, "ymax": 704, "xmax": 1056}}, {"tid": 4, "generated": 0, "bbox": {"xmin": 1032, "ymin": 651, "ymax": 747, "xmax": 1098}}], [{"tid": 1, "generated": 0, "bbox": {"xmin": 680, "ymin": 890, "ymax": 984, "xmax": 800}}, {"tid": 2, "generated": 0, "bbox": {"xmin": 714, "ymin": 850, "ymax": 928, "xmax": 778}}, {"tid": 3, "generated": 0, "bbox": {"xmin": 930, "ymin": 615, "ymax": 703, "xmax": 1056}}, {"tid": 4, "generated": 0, "bbox": {"xmin": 1032, "ymin": 649, "ymax": 745, "xmax": 1098}}], [{"tid": 1, "generated": 0, "bbox": {"xmin": 680, "ymin": 890, "ymax": 984, "xmax": 800}}, {"tid": 2, "generated": 0, "bbox": {"xmin": 714, "ymin": 850, "ymax": 928, "xmax": 778}}, {"tid": 3, "generated": 0, "bbox": {"xmin": 930, "ymin": 615, "ymax": 702, "xmax": 1056}}, {"tid": 4, "generated": 0, "bbox": {"xmin": 1032, "ymin": 648, "ymax": 744, "xmax": 1098}}], [{"tid": 1, "generated": 0, "bbox": {"xmin": 680, "ymin": 890, "ymax": 984, "xmax": 800}}, {"tid": 2, "generated": 0, "bbox": {"xmin": 714, "ymin": 850, "ymax": 928, "xmax": 778}}, {"tid": 3, "generated": 0, "bbox": {"xmin": 930, "ymin": 615, "ymax": 701, "xmax": 1056}}, {"tid": 4, "generated": 0, "bbox": {"xmin": 1032, "ymin": 646, "ymax": 742, "xmax": 1099}}]], "subject/objects": [{"category": "sheep", "tid": 1}, {"category": "sheep", "tid": 2}, {"category": "sheep", "tid": 3}, {"category": "sheep", "tid": 4}], "relation_instances": [{"end_fid": 30, "subject_tid": 1, "predicate": "stand_front", "begin_fid": 0, "object_tid": 2}, {"end_fid": 30, "subject_tid": 2, "predicate": "stand_behind", "begin_fid": 0, "object_tid": 1}, {"end_fid": 30, "subject_tid": 1, "predicate": "stand_beneath", "begin_fid": 0, "object_tid": 3}, {"end_fid": 30, "subject_tid": 1, "predicate": "stand_left", "begin_fid": 0, "object_tid": 3}, {"end_fid": 30, "subject_tid": 3, "predicate": "stand_above", "begin_fid": 0, "object_tid": 1}, {"end_fid": 30, "subject_tid": 3, "predicate": "stand_right", "begin_fid": 0, "object_tid": 1}, {"end_fid": 30, "subject_tid": 2, "predicate": "stand_beneath", "begin_fid": 0, "object_tid": 3}, {"end_fid": 30, "subject_tid": 2, "predicate": "stand_left", "begin_fid": 0, "object_tid": 3}, {"end_fid": 30, "subject_tid": 3, "predicate": "stand_above", "begin_fid": 0, "object_tid": 2}, {"end_fid": 30, "subject_tid": 3, "predicate": "stand_right", "begin_fid": 0, "object_tid": 2}, {"end_fid": 75, "subject_tid": 1, "predicate": "stand_front", "begin_fid": 45, "object_tid": 2}, {"end_fid": 75, "subject_tid": 2, "predicate": "walk_away", "begin_fid": 45, "object_tid": 1}, {"end_fid": 75, "subject_tid": 2, "predicate": "walk_behind", "begin_fid": 45, "object_tid": 1}, {"end_fid": 75, "subject_tid": 1, "predicate": "stand_beneath", "begin_fid": 45, "object_tid": 3}, {"end_fid": 75, "subject_tid": 1, "predicate": "stand_left", "begin_fid": 45, "object_tid": 3}, {"end_fid": 75, "subject_tid": 3, "predicate": "stand_above", "begin_fid": 45, "object_tid": 1}, {"end_fid": 75, "subject_tid": 3, "predicate": "stand_right", "begin_fid": 45, "object_tid": 1}, {"end_fid": 75, "subject_tid": 1, "predicate": "stand_beneath", "begin_fid": 45, "object_tid": 4}, {"end_fid": 75, "subject_tid": 1, "predicate": "stand_left", "begin_fid": 45, "object_tid": 4}, {"end_fid": 75, "subject_tid": 4, "predicate": "run_above", "begin_fid": 45, "object_tid": 1}, {"end_fid": 75, "subject_tid": 4, "predicate": "run_right", "begin_fid": 45, "object_tid": 1}, {"end_fid": 75, "subject_tid": 2, "predicate": "walk_beneath", "begin_fid": 45, "object_tid": 3}, {"end_fid": 75, "subject_tid": 2, "predicate": "walk_left", "begin_fid": 45, "object_tid": 3}, {"end_fid": 75, "subject_tid": 3, "predicate": "stand_above", "begin_fid": 45, "object_tid": 2}, {"end_fid": 75, "subject_tid": 3, "predicate": "stand_right", "begin_fid": 45, "object_tid": 2}, {"end_fid": 75, "subject_tid": 2, "predicate": "walk_beneath", "begin_fid": 45, "object_tid": 4}, {"end_fid": 75, "subject_tid": 2, "predicate": "walk_left", "begin_fid": 45, "object_tid": 4}, {"end_fid": 75, "subject_tid": 4, "predicate": "run_above", "begin_fid": 45, "object_tid": 2}, {"end_fid": 75, "subject_tid": 4, "predicate": "run_right", "begin_fid": 45, "object_tid": 2}, {"end_fid": 75, "subject_tid": 3, "predicate": "stand_behind", "begin_fid": 45, "object_tid": 4}, {"end_fid": 75, "subject_tid": 4, "predicate": "run_toward", "begin_fid": 45, "object_tid": 3}, {"end_fid": 75, "subject_tid": 4, "predicate": "run_front", "begin_fid": 45, "object_tid": 3}], "height": 1080}