{"width": 1920, "frame_count": 56, "video_id": "ILSVRC2015_train_00265050", "fps": 25, "trajectories": [[], [], [], [], [], [], [], [], [], [], [], [], [], [], [], [{"tid": 0, "generated": 0, "bbox": {"xmin": 1418, "ymin": 466, "ymax": 990, "xmax": 1768}}, {"tid": 1, "generated": 0, "bbox": {"xmin": 1271, "ymin": 158, "ymax": 332, "xmax": 1458}}, {"tid": 2, "generated": 0, "bbox": {"xmin": 1320, "ymin": 188, "ymax": 976, "xmax": 1833}}], [{"tid": 0, "generated": 0, "bbox": {"xmin": 1414, "ymin": 462, "ymax": 995, "xmax": 1768}}, {"tid": 1, "generated": 0, "bbox": {"xmin": 1250, "ymin": 141, "ymax": 320, "xmax": 1480}}, {"tid": 2, "generated": 0, "bbox": {"xmin": 1312, "ymin": 174, "ymax": 986, "xmax": 1824}}], [{"tid": 0, "generated": 0, "bbox": {"xmin": 1409, "ymin": 457, "ymax": 1000, "xmax": 1768}}, {"tid": 1, "generated": 0, "bbox": {"xmin": 1221, "ymin": 138, "ymax": 309, "xmax": 1520}}, {"tid": 2, "generated": 0, "bbox": {"xmin": 1312, "ymin": 167, "ymax": 986, "xmax": 1822}}], [{"tid": 0, "generated": 0, "bbox": {"xmin": 1405, "ymin": 453, "ymax": 1006, "xmax": 1768}}, {"tid": 1, "generated": 0, "bbox": {"xmin": 1194, "ymin": 184, "ymax": 301, "xmax": 1504}}, {"tid": 2, "generated": 0, "bbox": {"xmin": 1312, "ymin": 160, "ymax": 986, "xmax": 1820}}], [{"tid": 0, "generated": 0, "bbox": {"xmin": 1400, "ymin": 448, "ymax": 1011, "xmax": 1768}}, {"tid": 1, "generated": 0, "bbox": {"xmin": 1209, "ymin": 183, "ymax": 313, "xmax": 1498}}, {"tid": 2, "generated": 0, "bbox": {"xmin": 1312, "ymin": 152, "ymax": 986, "xmax": 1818}}], [{"tid": 0, "generated": 0, "bbox": {"xmin": 1395, "ymin": 443, "ymax": 1016, "xmax": 1768}}, {"tid": 1, "generated": 0, "bbox": {"xmin": 1224, "ymin": 182, "ymax": 325, "xmax": 1493}}, {"tid": 2, "generated": 0, "bbox": {"xmin": 1312, "ymin": 145, "ymax": 986, "xmax": 1816}}], [{"tid": 0, "generated": 0, "bbox": {"xmin": 1391, "ymin": 439, "ymax": 1021, "xmax": 1768}}, {"tid": 1, "generated": 0, "bbox": {"xmin": 1240, "ymin": 181, "ymax": 338, "xmax": 1488}}, {"tid": 2, "generated": 0, "bbox": {"xmin": 1312, "ymin": 138, "ymax": 986, "xmax": 1814}}], [{"tid": 0, "generated": 0, "bbox": {"xmin": 1386, "ymin": 434, "ymax": 1026, "xmax": 1768}}, {"tid": 1, "generated": 0, "bbox": {"xmin": 1265, "ymin": 173, "ymax": 339, "xmax": 1482}}, {"tid": 2, "generated": 0, "bbox": {"xmin": 1307, "ymin": 138, "ymax": 994, "xmax": 1814}}], [{"tid": 0, "generated": 0, "bbox": {"xmin": 1382, "ymin": 430, "ymax": 1031, "xmax": 1768}}, {"tid": 1, "generated": 0, "bbox": {"xmin": 1291, "ymin": 165, "ymax": 340, "xmax": 1477}}, {"tid": 2, "generated": 0, "bbox": {"xmin": 1302, "ymin": 138, "ymax": 1002, "xmax": 1814}}], [{"tid": 0, "generated": 0, "bbox": {"xmin": 1377, "ymin": 425, "ymax": 1036, "xmax": 1768}}, {"tid": 1, "generated": 0, "bbox": {"xmin": 1317, "ymin": 157, "ymax": 341, "xmax": 1472}}, {"tid": 2, "generated": 0, "bbox": {"xmin": 1296, "ymin": 138, "ymax": 1010, "xmax": 1814}}], [{"tid": 0, "generated": 0, "bbox": {"xmin": 1373, "ymin": 421, "ymax": 1042, "xmax": 1768}}, {"tid": 1, "generated": 0, "bbox": {"xmin": 1327, "ymin": 126, "ymax": 345, "xmax": 1477}}, {"tid": 2, "generated": 0, "bbox": {"xmin": 1291, "ymin": 138, "ymax": 1018, "xmax": 1814}}], [{"tid": 0, "generated": 0, "bbox": {"xmin": 1366, "ymin": 419, "ymax": 1043, "xmax": 1767}}, {"tid": 1, "generated": 0, "bbox": {"xmin": 1338, "ymin": 96, "ymax": 349, "xmax": 1482}}, {"tid": 2, "generated": 0, "bbox": {"xmin": 1286, "ymin": 138, "ymax": 1026, "xmax": 1814}}], [{"tid": 0, "generated": 0, "bbox": {"xmin": 1360, "ymin": 418, "ymax": 1044, "xmax": 1766}}, {"tid": 1, "generated": 0, "bbox": {"xmin": 1333, "ymin": 72, "ymax": 312, "xmax": 1469}}, {"tid": 2, "generated": 0, "bbox": {"xmin": 1282, "ymin": 134, "ymax": 1026, "xmax": 1814}}], [{"tid": 0, "generated": 0, "bbox": {"xmin": 1353, "ymin": 417, "ymax": 1046, "xmax": 1766}}, {"tid": 1, "generated": 0, "bbox": {"xmin": 1330, "ymin": 58, "ymax": 304, "xmax": 1440}}, {"tid": 2, "generated": 0, "bbox": {"xmin": 1279, "ymin": 130, "ymax": 1026, "xmax": 1814}}], [{"tid": 0, "generated": 0, "bbox": {"xmin": 1347, "ymin": 416, "ymax": 1047, "xmax": 1765}}, {"tid": 1, "generated": 0, "bbox": {"xmin": 1339, "ymin": 51, "ymax": 296, "xmax": 1438}}, {"tid": 2, "generated": 0, "bbox": {"xmin": 1275, "ymin": 126, "ymax": 1026, "xmax": 1814}}], [{"tid": 0, "generated": 0, "bbox": {"xmin": 1341, "ymin": 415, "ymax": 1049, "xmax": 1765}}, {"tid": 1, "generated": 0, "bbox": {"xmin": 1348, "ymin": 44, "ymax": 289, "xmax": 1436}}, {"tid": 2, "generated": 0, "bbox": {"xmin": 1272, "ymin": 122, "ymax": 1026, "xmax": 1814}}], [{"tid": 0, "generated": 0, "bbox": {"xmin": 1334, "ymin": 414, "ymax": 1050, "xmax": 1764}}, {"tid": 1, "generated": 0, "bbox": {"xmin": 1357, "ymin": 37, "ymax": 282, "xmax": 1434}}, {"tid": 2, "generated": 0, "bbox": {"xmin": 1268, "ymin": 118, "ymax": 1026, "xmax": 1814}}], [{"tid": 0, "generated": 0, "bbox": {"xmin": 1328, "ymin": 413, "ymax": 1051, "xmax": 1763}}, {"tid": 1, "generated": 0, "bbox": {"xmin": 1351, "ymin": 34, "ymax": 280, "xmax": 1429}}, {"tid": 2, "generated": 0, "bbox": {"xmin": 1268, "ymin": 118, "ymax": 1026, "xmax": 1814}}], [{"tid": 0, "generated": 0, "bbox": {"xmin": 1321, "ymin": 412, "ymax": 1053, "xmax": 1763}}, {"tid": 1, "generated": 0, "bbox": {"xmin": 1346, "ymin": 31, "ymax": 278, "xmax": 1425}}, {"tid": 2, "generated": 0, "bbox": {"xmin": 1268, "ymin": 118, "ymax": 1026, "xmax": 1814}}], [{"tid": 0, "generated": 0, "bbox": {"xmin": 1315, "ymin": 411, "ymax": 1054, "xmax": 1762}}, {"tid": 1, "generated": 0, "bbox": {"xmin": 1341, "ymin": 29, "ymax": 277, "xmax": 1421}}, {"tid": 2, "generated": 0, "bbox": {"xmin": 1268, "ymin": 118, "ymax": 1026, "xmax": 1814}}], [{"tid": 0, "generated": 0, "bbox": {"xmin": 1309, "ymin": 410, "ymax": 1056, "xmax": 1762}}, {"tid": 1, "generated": 0, "bbox": {"xmin": 1324, "ymin": 23, "ymax": 278, "xmax": 1425}}, {"tid": 2, "generated": 0, "bbox": {"xmin": 1268, "ymin": 118, "ymax": 1026, "xmax": 1814}}], [{"tid": 0, "generated": 0, "bbox": {"xmin": 1301, "ymin": 411, "ymax": 1057, "xmax": 1754}}, {"tid": 1, "generated": 0, "bbox": {"xmin": 1307, "ymin": 18, "ymax": 279, "xmax": 1429}}, {"tid": 2, "generated": 0, "bbox": {"xmin": 1268, "ymin": 118, "ymax": 1026, "xmax": 1814}}], [{"tid": 0, "generated": 0, "bbox": {"xmin": 1294, "ymin": 413, "ymax": 1059, "xmax": 1747}}, {"tid": 1, "generated": 0, "bbox": {"xmin": 1290, "ymin": 13, "ymax": 280, "xmax": 1434}}, {"tid": 2, "generated": 0, "bbox": {"xmin": 1251, "ymin": 117, "ymax": 1028, "xmax": 1804}}], [{"tid": 0, "generated": 0, "bbox": {"xmin": 1287, "ymin": 415, "ymax": 1061, "xmax": 1739}}, {"tid": 1, "generated": 0, "bbox": {"xmin": 1302, "ymin": 8, "ymax": 274, "xmax": 1446}}, {"tid": 2, "generated": 0, "bbox": {"xmin": 1234, "ymin": 116, "ymax": 1030, "xmax": 1794}}], [{"tid": 0, "generated": 0, "bbox": {"xmin": 1280, "ymin": 417, "ymax": 1063, "xmax": 1732}}, {"tid": 1, "generated": 0, "bbox": {"xmin": 1315, "ymin": 4, "ymax": 269, "xmax": 1459}}, {"tid": 2, "generated": 0, "bbox": {"xmin": 1216, "ymin": 114, "ymax": 1032, "xmax": 1784}}], [{"tid": 0, "generated": 0, "bbox": {"xmin": 1273, "ymin": 419, "ymax": 1065, "xmax": 1725}}, {"tid": 1, "generated": 0, "bbox": {"xmin": 1328, "ymin": 0, "ymax": 264, "xmax": 1472}}, {"tid": 2, "generated": 0, "bbox": {"xmin": 1199, "ymin": 113, "ymax": 1034, "xmax": 1774}}], [{"tid": 0, "generated": 0, "bbox": {"xmin": 1265, "ymin": 421, "ymax": 1066, "xmax": 1717}}, {"tid": 1, "generated": 0, "bbox": {"xmin": 1311, "ymin": 0, "ymax": 228, "xmax": 1467}}, {"tid": 2, "generated": 0, "bbox": {"xmin": 1182, "ymin": 112, "ymax": 1036, "xmax": 1764}}], [{"tid": 0, "generated": 0, "bbox": {"xmin": 1258, "ymin": 423, "ymax": 1068, "xmax": 1710}}, {"tid": 1, "generated": 0, "bbox": {"xmin": 1294, "ymin": 0, "ymax": 192, "xmax": 1462}}, {"tid": 2, "generated": 0, "bbox": {"xmin": 1170, "ymin": 113, "ymax": 1037, "xmax": 1752}}], [{"tid": 0, "generated": 0, "bbox": {"xmin": 1251, "ymin": 425, "ymax": 1070, "xmax": 1702}}, {"tid": 1, "generated": 0, "bbox": {"xmin": 1277, "ymin": 0, "ymax": 157, "xmax": 1458}}, {"tid": 2, "generated": 0, "bbox": {"xmin": 1157, "ymin": 114, "ymax": 1038, "xmax": 1739}}], [{"tid": 0, "generated": 0, "bbox": {"xmin": 1244, "ymin": 427, "ymax": 1072, "xmax": 1695}}, {"tid": 1, "generated": 0, "bbox": {"xmin": 1262, "ymin": 0, "ymax": 177, "xmax": 1451}}, {"tid": 2, "generated": 0, "bbox": {"xmin": 1145, "ymin": 114, "ymax": 1038, "xmax": 1727}}]], "subject/objects": [{"category": "bicycle", "tid": 0}, {"category": "bird", "tid": 1}, {"category": "person", "tid": 2}], "relation_instances": [{"end_fid": 45, "subject_tid": 0, "predicate": "jump_beneath", "begin_fid": 15, "object_tid": 1}, {"end_fid": 45, "subject_tid": 1, "predicate": "fly_above", "begin_fid": 15, "object_tid": 0}, {"end_fid": 45, "subject_tid": 0, "predicate": "jump_beneath", "begin_fid": 15, "object_tid": 2}, {"end_fid": 45, "subject_tid": 2, "predicate": "sit_above", "begin_fid": 15, "object_tid": 0}, {"end_fid": 45, "subject_tid": 2, "predicate": "ride", "begin_fid": 15, "object_tid": 0}, {"end_fid": 45, "subject_tid": 1, "predicate": "fly_above", "begin_fid": 15, "object_tid": 2}, {"end_fid": 45, "subject_tid": 2, "predicate": "beneath", "begin_fid": 15, "object_tid": 1}], "height": 1080}