{"width": 1920, "frame_count": 96, "video_id": "ILSVRC2015_train_00040031", "fps": 25, "trajectories": [[{"tid": 0, "generated": 0, "bbox": {"xmin": 1602, "ymin": 192, "ymax": 242, "xmax": 1688}}, {"tid": 1, "generated": 0, "bbox": {"xmin": 1593, "ymin": 185, "ymax": 236, "xmax": 1689}}], [{"tid": 0, "generated": 0, "bbox": {"xmin": 1517, "ymin": 213, "ymax": 266, "xmax": 1602}}, {"tid": 1, "generated": 0, "bbox": {"xmin": 1543, "ymin": 205, "ymax": 256, "xmax": 1639}}], [{"tid": 0, "generated": 0, "bbox": {"xmin": 1437, "ymin": 237, "ymax": 296, "xmax": 1541}}, {"tid": 1, "generated": 0, "bbox": {"xmin": 1492, "ymin": 226, "ymax": 277, "xmax": 1588}}], [{"tid": 0, "generated": 0, "bbox": {"xmin": 1432, "ymin": 240, "ymax": 304, "xmax": 1544}}, {"tid": 1, "generated": 0, "bbox": {"xmin": 1442, "ymin": 246, "ymax": 297, "xmax": 1538}}], [{"tid": 0, "generated": 0, "bbox": {"xmin": 1373, "ymin": 269, "ymax": 330, "xmax": 1493}}, {"tid": 1, "generated": 0, "bbox": {"xmin": 1391, "ymin": 267, "ymax": 318, "xmax": 1487}}], [{"tid": 0, "generated": 0, "bbox": {"xmin": 1322, "ymin": 288, "ymax": 352, "xmax": 1442}}, {"tid": 1, "generated": 0, "bbox": {"xmin": 1341, "ymin": 287, "ymax": 338, "xmax": 1437}}], [{"tid": 0, "generated": 0, "bbox": {"xmin": 1266, "ymin": 312, "ymax": 373, "xmax": 1394}}, {"tid": 1, "generated": 0, "bbox": {"xmin": 1310, "ymin": 304, "ymax": 357, "xmax": 1404}}], [{"tid": 0, "generated": 0, "bbox": {"xmin": 1224, "ymin": 333, "ymax": 400, "xmax": 1360}}, {"tid": 1, "generated": 0, "bbox": {"xmin": 1280, "ymin": 322, "ymax": 375, "xmax": 1371}}], [{"tid": 0, "generated": 0, "bbox": {"xmin": 1173, "ymin": 357, "ymax": 421, "xmax": 1314}}, {"tid": 1, "generated": 0, "bbox": {"xmin": 1249, "ymin": 339, "ymax": 394, "xmax": 1338}}], [{"tid": 0, "generated": 0, "bbox": {"xmin": 1181, "ymin": 354, "ymax": 418, "xmax": 1325}}, {"tid": 1, "generated": 0, "bbox": {"xmin": 1219, "ymin": 357, "ymax": 412, "xmax": 1305}}], [{"tid": 0, "generated": 0, "bbox": {"xmin": 1136, "ymin": 381, "ymax": 442, "xmax": 1288}}, {"tid": 1, "generated": 0, "bbox": {"xmin": 1188, "ymin": 374, "ymax": 431, "xmax": 1272}}], [{"tid": 0, "generated": 0, "bbox": {"xmin": 1098, "ymin": 410, "ymax": 469, "xmax": 1250}}, {"tid": 1, "generated": 0, "bbox": {"xmin": 1171, "ymin": 388, "ymax": 445, "xmax": 1255}}], [{"tid": 0, "generated": 0, "bbox": {"xmin": 1077, "ymin": 424, "ymax": 490, "xmax": 1229}}, {"tid": 1, "generated": 0, "bbox": {"xmin": 1153, "ymin": 402, "ymax": 459, "xmax": 1237}}], [{"tid": 0, "generated": 0, "bbox": {"xmin": 1050, "ymin": 434, "ymax": 504, "xmax": 1200}}, {"tid": 1, "generated": 0, "bbox": {"xmin": 1136, "ymin": 415, "ymax": 472, "xmax": 1220}}], [{"tid": 0, "generated": 0, "bbox": {"xmin": 1045, "ymin": 450, "ymax": 514, "xmax": 1184}}, {"tid": 1, "generated": 0, "bbox": {"xmin": 1118, "ymin": 429, "ymax": 486, "xmax": 1202}}], [{"tid": 0, "generated": 0, "bbox": {"xmin": 1048, "ymin": 453, "ymax": 509, "xmax": 1189}}, {"tid": 1, "generated": 0, "bbox": {"xmin": 1101, "ymin": 443, "ymax": 500, "xmax": 1185}}], [{"tid": 0, "generated": 0, "bbox": {"xmin": 1029, "ymin": 458, "ymax": 517, "xmax": 1167}}, {"tid": 1, "generated": 0, "bbox": {"xmin": 1086, "ymin": 441, "ymax": 498, "xmax": 1170}}], [{"tid": 0, "generated": 0, "bbox": {"xmin": 1010, "ymin": 464, "ymax": 525, "xmax": 1146}}, {"tid": 1, "generated": 0, "bbox": {"xmin": 1071, "ymin": 439, "ymax": 496, "xmax": 1155}}], [{"tid": 0, "generated": 0, "bbox": {"xmin": 994, "ymin": 454, "ymax": 522, "xmax": 1129}}, {"tid": 1, "generated": 0, "bbox": {"xmin": 1056, "ymin": 438, "ymax": 495, "xmax": 1140}}], [{"tid": 0, "generated": 0, "bbox": {"xmin": 978, "ymin": 445, "ymax": 520, "xmax": 1112}}, {"tid": 1, "generated": 0, "bbox": {"xmin": 1041, "ymin": 436, "ymax": 493, "xmax": 1125}}], [{"tid": 0, "generated": 0, "bbox": {"xmin": 968, "ymin": 434, "ymax": 514, "xmax": 1098}}, {"tid": 1, "generated": 0, "bbox": {"xmin": 1026, "ymin": 434, "ymax": 491, "xmax": 1110}}], [{"tid": 0, "generated": 0, "bbox": {"xmin": 962, "ymin": 434, "ymax": 520, "xmax": 1101}}, {"tid": 1, "generated": 0, "bbox": {"xmin": 1023, "ymin": 430, "ymax": 491, "xmax": 1104}}], [{"tid": 0, "generated": 0, "bbox": {"xmin": 957, "ymin": 434, "ymax": 514, "xmax": 1088}}, {"tid": 1, "generated": 0, "bbox": {"xmin": 1020, "ymin": 427, "ymax": 491, "xmax": 1098}}], [{"tid": 0, "generated": 0, "bbox": {"xmin": 946, "ymin": 432, "ymax": 517, "xmax": 1088}}, {"tid": 1, "generated": 0, "bbox": {"xmin": 1017, "ymin": 423, "ymax": 491, "xmax": 1092}}], [{"tid": 0, "generated": 0, "bbox": {"xmin": 930, "ymin": 429, "ymax": 512, "xmax": 1077}}, {"tid": 1, "generated": 0, "bbox": {"xmin": 1014, "ymin": 420, "ymax": 491, "xmax": 1086}}], [{"tid": 0, "generated": 0, "bbox": {"xmin": 952, "ymin": 434, "ymax": 512, "xmax": 1074}}, {"tid": 1, "generated": 0, "bbox": {"xmin": 1011, "ymin": 416, "ymax": 491, "xmax": 1080}}], [{"tid": 0, "generated": 0, "bbox": {"xmin": 941, "ymin": 429, "ymax": 514, "xmax": 1080}}, {"tid": 1, "generated": 0, "bbox": {"xmin": 1011, "ymin": 416, "ymax": 491, "xmax": 1080}}], [{"tid": 0, "generated": 0, "bbox": {"xmin": 949, "ymin": 429, "ymax": 509, "xmax": 1080}}, {"tid": 1, "generated": 0, "bbox": {"xmin": 1011, "ymin": 416, "ymax": 491, "xmax": 1080}}], [{"tid": 0, "generated": 0, "bbox": {"xmin": 945, "ymin": 429, "ymax": 515, "xmax": 1076}}, {"tid": 1, "generated": 0, "bbox": {"xmin": 1011, "ymin": 416, "ymax": 491, "xmax": 1080}}], [{"tid": 0, "generated": 0, "bbox": {"xmin": 941, "ymin": 429, "ymax": 522, "xmax": 1072}}, {"tid": 1, "generated": 0, "bbox": {"xmin": 1011, "ymin": 416, "ymax": 491, "xmax": 1080}}], [{"tid": 0, "generated": 0, "bbox": {"xmin": 947, "ymin": 431, "ymax": 525, "xmax": 1076}}, {"tid": 1, "generated": 0, "bbox": {"xmin": 1011, "ymin": 416, "ymax": 491, "xmax": 1080}}], [{"tid": 0, "generated": 0, "bbox": {"xmin": 954, "ymin": 434, "ymax": 528, "xmax": 1080}}, {"tid": 1, "generated": 0, "bbox": {"xmin": 1014, "ymin": 419, "ymax": 494, "xmax": 1083}}], [{"tid": 0, "generated": 0, "bbox": {"xmin": 958, "ymin": 435, "ymax": 530, "xmax": 1085}}, {"tid": 1, "generated": 0, "bbox": {"xmin": 1017, "ymin": 422, "ymax": 497, "xmax": 1086}}], [{"tid": 0, "generated": 0, "bbox": {"xmin": 962, "ymin": 437, "ymax": 533, "xmax": 1090}}, {"tid": 1, "generated": 0, "bbox": {"xmin": 1020, "ymin": 425, "ymax": 500, "xmax": 1089}}], [{"tid": 0, "generated": 0, "bbox": {"xmin": 971, "ymin": 442, "ymax": 539, "xmax": 1095}}, {"tid": 1, "generated": 0, "bbox": {"xmin": 1023, "ymin": 428, "ymax": 503, "xmax": 1092}}], [{"tid": 0, "generated": 0, "bbox": {"xmin": 981, "ymin": 448, "ymax": 546, "xmax": 1101}}, {"tid": 1, "generated": 0, "bbox": {"xmin": 1026, "ymin": 431, "ymax": 506, "xmax": 1095}}], [{"tid": 0, "generated": 0, "bbox": {"xmin": 987, "ymin": 449, "ymax": 547, "xmax": 1101}}, {"tid": 1, "generated": 0, "bbox": {"xmin": 1025, "ymin": 434, "ymax": 509, "xmax": 1094}}], [{"tid": 0, "generated": 0, "bbox": {"xmin": 994, "ymin": 450, "ymax": 549, "xmax": 1101}}, {"tid": 1, "generated": 0, "bbox": {"xmin": 1024, "ymin": 437, "ymax": 512, "xmax": 1093}}], [{"tid": 0, "generated": 0, "bbox": {"xmin": 998, "ymin": 450, "ymax": 551, "xmax": 1102}}, {"tid": 1, "generated": 0, "bbox": {"xmin": 1022, "ymin": 440, "ymax": 515, "xmax": 1091}}], [{"tid": 0, "generated": 0, "bbox": {"xmin": 1002, "ymin": 450, "ymax": 554, "xmax": 1104}}, {"tid": 1, "generated": 0, "bbox": {"xmin": 1021, "ymin": 443, "ymax": 518, "xmax": 1090}}], [{"tid": 0, "generated": 0, "bbox": {"xmin": 999, "ymin": 450, "ymax": 554, "xmax": 1102}}, {"tid": 1, "generated": 0, "bbox": {"xmin": 1020, "ymin": 446, "ymax": 521, "xmax": 1089}}], [{"tid": 0, "generated": 0, "bbox": {"xmin": 996, "ymin": 451, "ymax": 554, "xmax": 1100}}, {"tid": 1, "generated": 0, "bbox": {"xmin": 1018, "ymin": 445, "ymax": 522, "xmax": 1090}}], [{"tid": 0, "generated": 0, "bbox": {"xmin": 993, "ymin": 451, "ymax": 554, "xmax": 1098}}, {"tid": 1, "generated": 0, "bbox": {"xmin": 1016, "ymin": 445, "ymax": 523, "xmax": 1091}}], [{"tid": 0, "generated": 0, "bbox": {"xmin": 990, "ymin": 452, "ymax": 554, "xmax": 1096}}, {"tid": 1, "generated": 0, "bbox": {"xmin": 1015, "ymin": 444, "ymax": 525, "xmax": 1093}}], [{"tid": 0, "generated": 0, "bbox": {"xmin": 987, "ymin": 452, "ymax": 554, "xmax": 1094}}, {"tid": 1, "generated": 0, "bbox": {"xmin": 1013, "ymin": 444, "ymax": 526, "xmax": 1094}}], [{"tid": 0, "generated": 0, "bbox": {"xmin": 984, "ymin": 453, "ymax": 554, "xmax": 1093}}, {"tid": 1, "generated": 0, "bbox": {"xmin": 1011, "ymin": 443, "ymax": 527, "xmax": 1095}}], [{"tid": 0, "generated": 0, "bbox": {"xmin": 981, "ymin": 453, "ymax": 557, "xmax": 1098}}, {"tid": 1, "generated": 0, "bbox": {"xmin": 1012, "ymin": 439, "ymax": 523, "xmax": 1096}}], [{"tid": 0, "generated": 0, "bbox": {"xmin": 976, "ymin": 440, "ymax": 552, "xmax": 1093}}, {"tid": 1, "generated": 0, "bbox": {"xmin": 1013, "ymin": 435, "ymax": 519, "xmax": 1097}}], [{"tid": 0, "generated": 0, "bbox": {"xmin": 973, "ymin": 424, "ymax": 552, "xmax": 1104}}, {"tid": 1, "generated": 0, "bbox": {"xmin": 1015, "ymin": 430, "ymax": 514, "xmax": 1099}}], [{"tid": 0, "generated": 0, "bbox": {"xmin": 986, "ymin": 424, "ymax": 530, "xmax": 1104}}, {"tid": 1, "generated": 0, "bbox": {"xmin": 1016, "ymin": 426, "ymax": 510, "xmax": 1100}}], [{"tid": 0, "generated": 0, "bbox": {"xmin": 981, "ymin": 413, "ymax": 520, "xmax": 1106}}, {"tid": 1, "generated": 0, "bbox": {"xmin": 1017, "ymin": 422, "ymax": 506, "xmax": 1101}}], [{"tid": 0, "generated": 0, "bbox": {"xmin": 982, "ymin": 405, "ymax": 517, "xmax": 1110}}, {"tid": 1, "generated": 0, "bbox": {"xmin": 1017, "ymin": 432, "ymax": 516, "xmax": 1101}}], [{"tid": 0, "generated": 0, "bbox": {"xmin": 984, "ymin": 397, "ymax": 514, "xmax": 1114}}, {"tid": 1, "generated": 0, "bbox": {"xmin": 1017, "ymin": 442, "ymax": 526, "xmax": 1101}}], [{"tid": 0, "generated": 0, "bbox": {"xmin": 973, "ymin": 397, "ymax": 504, "xmax": 1130}}, {"tid": 1, "generated": 0, "bbox": {"xmin": 1017, "ymin": 453, "ymax": 537, "xmax": 1101}}], [{"tid": 0, "generated": 0, "bbox": {"xmin": 960, "ymin": 397, "ymax": 506, "xmax": 1130}}, {"tid": 1, "generated": 0, "bbox": {"xmin": 1017, "ymin": 463, "ymax": 547, "xmax": 1101}}], [{"tid": 0, "generated": 0, "bbox": {"xmin": 957, "ymin": 400, "ymax": 504, "xmax": 1141}}, {"tid": 1, "generated": 0, "bbox": {"xmin": 1017, "ymin": 473, "ymax": 557, "xmax": 1101}}], [{"tid": 0, "generated": 0, "bbox": {"xmin": 962, "ymin": 386, "ymax": 490, "xmax": 1154}}, {"tid": 1, "generated": 0, "bbox": {"xmin": 1019, "ymin": 469, "ymax": 553, "xmax": 1103}}], [{"tid": 0, "generated": 0, "bbox": {"xmin": 962, "ymin": 384, "ymax": 493, "xmax": 1141}}, {"tid": 1, "generated": 0, "bbox": {"xmin": 1022, "ymin": 465, "ymax": 549, "xmax": 1106}}], [{"tid": 0, "generated": 0, "bbox": {"xmin": 965, "ymin": 376, "ymax": 493, "xmax": 1157}}, {"tid": 1, "generated": 0, "bbox": {"xmin": 1024, "ymin": 460, "ymax": 544, "xmax": 1108}}], [{"tid": 0, "generated": 0, "bbox": {"xmin": 981, "ymin": 368, "ymax": 477, "xmax": 1165}}, {"tid": 1, "generated": 0, "bbox": {"xmin": 1027, "ymin": 456, "ymax": 540, "xmax": 1111}}], [{"tid": 0, "generated": 0, "bbox": {"xmin": 976, "ymin": 352, "ymax": 458, "xmax": 1173}}, {"tid": 1, "generated": 0, "bbox": {"xmin": 1029, "ymin": 452, "ymax": 536, "xmax": 1113}}], [{"tid": 0, "generated": 0, "bbox": {"xmin": 980, "ymin": 353, "ymax": 446, "xmax": 1182}}, {"tid": 1, "generated": 0, "bbox": {"xmin": 1027, "ymin": 438, "ymax": 533, "xmax": 1120}}], [{"tid": 0, "generated": 0, "bbox": {"xmin": 984, "ymin": 354, "ymax": 434, "xmax": 1192}}, {"tid": 1, "generated": 0, "bbox": {"xmin": 1025, "ymin": 423, "ymax": 530, "xmax": 1127}}], [{"tid": 0, "generated": 0, "bbox": {"xmin": 984, "ymin": 351, "ymax": 430, "xmax": 1192}}, {"tid": 1, "generated": 0, "bbox": {"xmin": 1024, "ymin": 409, "ymax": 527, "xmax": 1135}}], [{"tid": 0, "generated": 0, "bbox": {"xmin": 985, "ymin": 348, "ymax": 427, "xmax": 1192}}, {"tid": 1, "generated": 0, "bbox": {"xmin": 1022, "ymin": 394, "ymax": 524, "xmax": 1142}}], [{"tid": 0, "generated": 0, "bbox": {"xmin": 986, "ymin": 346, "ymax": 424, "xmax": 1192}}, {"tid": 1, "generated": 0, "bbox": {"xmin": 1020, "ymin": 380, "ymax": 521, "xmax": 1149}}], [{"tid": 0, "generated": 0, "bbox": {"xmin": 965, "ymin": 341, "ymax": 421, "xmax": 1184}}, {"tid": 1, "generated": 0, "bbox": {"xmin": 1010, "ymin": 379, "ymax": 520, "xmax": 1139}}], [{"tid": 0, "generated": 0, "bbox": {"xmin": 976, "ymin": 338, "ymax": 413, "xmax": 1173}}, {"tid": 1, "generated": 0, "bbox": {"xmin": 1001, "ymin": 378, "ymax": 519, "xmax": 1130}}], [{"tid": 0, "generated": 0, "bbox": {"xmin": 968, "ymin": 330, "ymax": 413, "xmax": 1146}}, {"tid": 1, "generated": 0, "bbox": {"xmin": 991, "ymin": 376, "ymax": 517, "xmax": 1120}}], [{"tid": 0, "generated": 0, "bbox": {"xmin": 962, "ymin": 336, "ymax": 413, "xmax": 1144}}, {"tid": 1, "generated": 0, "bbox": {"xmin": 982, "ymin": 375, "ymax": 516, "xmax": 1111}}], [{"tid": 0, "generated": 0, "bbox": {"xmin": 954, "ymin": 325, "ymax": 400, "xmax": 1133}}, {"tid": 1, "generated": 0, "bbox": {"xmin": 972, "ymin": 374, "ymax": 515, "xmax": 1101}}], [{"tid": 0, "generated": 0, "bbox": {"xmin": 941, "ymin": 312, "ymax": 392, "xmax": 1130}}, {"tid": 1, "generated": 0, "bbox": {"xmin": 966, "ymin": 374, "ymax": 515, "xmax": 1095}}], [{"tid": 0, "generated": 0, "bbox": {"xmin": 933, "ymin": 306, "ymax": 386, "xmax": 1138}}, {"tid": 1, "generated": 0, "bbox": {"xmin": 960, "ymin": 374, "ymax": 515, "xmax": 1089}}], [{"tid": 0, "generated": 0, "bbox": {"xmin": 917, "ymin": 304, "ymax": 378, "xmax": 1122}}, {"tid": 1, "generated": 0, "bbox": {"xmin": 954, "ymin": 374, "ymax": 515, "xmax": 1083}}], [{"tid": 0, "generated": 0, "bbox": {"xmin": 912, "ymin": 298, "ymax": 376, "xmax": 1125}}, {"tid": 1, "generated": 0, "bbox": {"xmin": 948, "ymin": 374, "ymax": 515, "xmax": 1077}}], [{"tid": 0, "generated": 0, "bbox": {"xmin": 912, "ymin": 296, "ymax": 370, "xmax": 1128}}, {"tid": 1, "generated": 0, "bbox": {"xmin": 942, "ymin": 374, "ymax": 515, "xmax": 1071}}], [{"tid": 0, "generated": 0, "bbox": {"xmin": 904, "ymin": 301, "ymax": 373, "xmax": 1117}}, {"tid": 1, "generated": 0, "bbox": {"xmin": 940, "ymin": 389, "ymax": 519, "xmax": 1069}}], [{"tid": 0, "generated": 0, "bbox": {"xmin": 901, "ymin": 298, "ymax": 370, "xmax": 1114}}, {"tid": 1, "generated": 0, "bbox": {"xmin": 938, "ymin": 404, "ymax": 523, "xmax": 1067}}], [{"tid": 0, "generated": 0, "bbox": {"xmin": 906, "ymin": 298, "ymax": 370, "xmax": 1104}}, {"tid": 1, "generated": 0, "bbox": {"xmin": 937, "ymin": 419, "ymax": 528, "xmax": 1066}}], [{"tid": 0, "generated": 0, "bbox": {"xmin": 898, "ymin": 293, "ymax": 362, "xmax": 1128}}, {"tid": 1, "generated": 0, "bbox": {"xmin": 935, "ymin": 434, "ymax": 532, "xmax": 1064}}], [{"tid": 0, "generated": 0, "bbox": {"xmin": 901, "ymin": 288, "ymax": 354, "xmax": 1136}}, {"tid": 1, "generated": 0, "bbox": {"xmin": 933, "ymin": 449, "ymax": 536, "xmax": 1062}}], [{"tid": 0, "generated": 0, "bbox": {"xmin": 914, "ymin": 282, "ymax": 354, "xmax": 1130}}, {"tid": 1, "generated": 0, "bbox": {"xmin": 935, "ymin": 444, "ymax": 536, "xmax": 1060}}], [{"tid": 0, "generated": 0, "bbox": {"xmin": 938, "ymin": 272, "ymax": 344, "xmax": 1130}}, {"tid": 1, "generated": 0, "bbox": {"xmin": 937, "ymin": 438, "ymax": 536, "xmax": 1058}}], [{"tid": 0, "generated": 0, "bbox": {"xmin": 938, "ymin": 269, "ymax": 344, "xmax": 1133}}, {"tid": 1, "generated": 0, "bbox": {"xmin": 938, "ymin": 433, "ymax": 536, "xmax": 1057}}], [{"tid": 0, "generated": 0, "bbox": {"xmin": 938, "ymin": 266, "ymax": 344, "xmax": 1136}}, {"tid": 1, "generated": 0, "bbox": {"xmin": 940, "ymin": 427, "ymax": 536, "xmax": 1055}}], [{"tid": 0, "generated": 0, "bbox": {"xmin": 944, "ymin": 269, "ymax": 346, "xmax": 1144}}, {"tid": 1, "generated": 0, "bbox": {"xmin": 942, "ymin": 422, "ymax": 536, "xmax": 1053}}], [{"tid": 0, "generated": 0, "bbox": {"xmin": 937, "ymin": 265, "ymax": 345, "xmax": 1142}}, {"tid": 1, "generated": 0, "bbox": {"xmin": 944, "ymin": 418, "ymax": 536, "xmax": 1056}}], [{"tid": 0, "generated": 0, "bbox": {"xmin": 930, "ymin": 261, "ymax": 344, "xmax": 1141}}, {"tid": 1, "generated": 0, "bbox": {"xmin": 946, "ymin": 414, "ymax": 536, "xmax": 1059}}], [{"tid": 0, "generated": 0, "bbox": {"xmin": 926, "ymin": 262, "ymax": 343, "xmax": 1141}}, {"tid": 1, "generated": 0, "bbox": {"xmin": 947, "ymin": 409, "ymax": 536, "xmax": 1062}}], [{"tid": 0, "generated": 0, "bbox": {"xmin": 923, "ymin": 264, "ymax": 342, "xmax": 1141}}, {"tid": 1, "generated": 0, "bbox": {"xmin": 949, "ymin": 405, "ymax": 536, "xmax": 1065}}]], "subject/objects": [{"category": "motorcycle", "tid": 0}, {"category": "person", "tid": 1}], "relation_instances": [{"end_fid": 30, "subject_tid": 0, "predicate": "move_beneath", "begin_fid": 0, "object_tid": 1}, {"end_fid": 30, "subject_tid": 1, "predicate": "sit_above", "begin_fid": 0, "object_tid": 0}, {"end_fid": 30, "subject_tid": 1, "predicate": "ride", "begin_fid": 0, "object_tid": 0}, {"end_fid": 45, "subject_tid": 0, "predicate": "move_beneath", "begin_fid": 15, "object_tid": 1}, {"end_fid": 45, "subject_tid": 1, "predicate": "sit_above", "begin_fid": 15, "object_tid": 0}, {"end_fid": 45, "subject_tid": 1, "predicate": "ride", "begin_fid": 15, "object_tid": 0}, {"end_fid": 60, "subject_tid": 1, "predicate": "away", "begin_fid": 30, "object_tid": 0}, {"end_fid": 60, "subject_tid": 1, "predicate": "fall_off", "begin_fid": 30, "object_tid": 0}, {"end_fid": 75, "subject_tid": 1, "predicate": "away", "begin_fid": 45, "object_tid": 0}, {"end_fid": 75, "subject_tid": 1, "predicate": "fall_off", "begin_fid": 45, "object_tid": 0}, {"end_fid": 90, "subject_tid": 1, "predicate": "away", "begin_fid": 60, "object_tid": 0}], "height": 1080}