{"width": 1280, "frame_count": 1470, "video_id": "ILSVRC2015_train_00237001", "fps": 25, "trajectories": [[{"tid": 0, "generated": 0, "bbox": {"xmin": 0, "ymin": 48, "ymax": 423, "xmax": 410}}, {"tid": 1, "generated": 0, "bbox": {"xmin": 572, "ymin": 0, "ymax": 712, "xmax": 1024}}], [{"tid": 0, "generated": 0, "bbox": {"xmin": 0, "ymin": 69, "ymax": 442, "xmax": 419}}, {"tid": 1, "generated": 0, "bbox": {"xmin": 574, "ymin": 0, "ymax": 712, "xmax": 1025}}], [{"tid": 0, "generated": 0, "bbox": {"xmin": 0, "ymin": 67, "ymax": 440, "xmax": 421}}, {"tid": 1, "generated": 0, "bbox": {"xmin": 577, "ymin": 0, "ymax": 712, "xmax": 1027}}], [{"tid": 0, "generated": 0, "bbox": {"xmin": 0, "ymin": 92, "ymax": 465, "xmax": 414}}, {"tid": 1, "generated": 0, "bbox": {"xmin": 581, "ymin": 0, "ymax": 714, "xmax": 1032}}], [{"tid": 0, "generated": 0, "bbox": {"xmin": 0, "ymin": 92, "ymax": 465, "xmax": 414}}, {"tid": 1, "generated": 0, "bbox": {"xmin": 581, "ymin": 0, "ymax": 714, "xmax": 1032}}], [{"tid": 0, "generated": 0, "bbox": {"xmin": 0, "ymin": 118, "ymax": 490, "xmax": 414}}, {"tid": 1, "generated": 0, "bbox": {"xmin": 590, "ymin": 21, "ymax": 716, "xmax": 1047}}], [{"tid": 0, "generated": 0, "bbox": {"xmin": 0, "ymin": 144, "ymax": 515, "xmax": 414}}, {"tid": 1, "generated": 0, "bbox": {"xmin": 613, "ymin": 53, "ymax": 712, "xmax": 1070}}], [{"tid": 0, "generated": 0, "bbox": {"xmin": 0, "ymin": 168, "ymax": 538, "xmax": 417}}, {"tid": 1, "generated": 0, "bbox": {"xmin": 638, "ymin": 85, "ymax": 714, "xmax": 1068}}], [{"tid": 0, "generated": 0, "bbox": {"xmin": 0, "ymin": 194, "ymax": 565, "xmax": 417}}, {"tid": 1, "generated": 0, "bbox": {"xmin": 646, "ymin": 122, "ymax": 715, "xmax": 1064}}], [{"tid": 0, "generated": 0, "bbox": {"xmin": 0, "ymin": 220, "ymax": 592, "xmax": 417}}, {"tid": 1, "generated": 0, "bbox": {"xmin": 654, "ymin": 160, "ymax": 716, "xmax": 1061}}], [{"tid": 0, "generated": 0, "bbox": {"xmin": 0, "ymin": 247, "ymax": 620, "xmax": 417}}, {"tid": 1, "generated": 0, "bbox": {"xmin": 652, "ymin": 199, "ymax": 714, "xmax": 1056}}], [{"tid": 0, "generated": 0, "bbox": {"xmin": 0, "ymin": 264, "ymax": 643, "xmax": 414}}, {"tid": 1, "generated": 0, "bbox": {"xmin": 654, "ymin": 218, "ymax": 714, "xmax": 1063}}], [{"tid": 0, "generated": 0, "bbox": {"xmin": 0, "ymin": 282, "ymax": 668, "xmax": 426}}, {"tid": 1, "generated": 0, "bbox": {"xmin": 657, "ymin": 236, "ymax": 716, "xmax": 1057}}], [{"tid": 0, "generated": 0, "bbox": {"xmin": 0, "ymin": 284, "ymax": 675, "xmax": 442}}, {"tid": 1, "generated": 0, "bbox": {"xmin": 679, "ymin": 246, "ymax": 716, "xmax": 1069}}], [{"tid": 0, "generated": 0, "bbox": {"xmin": 1, "ymin": 296, "ymax": 695, "xmax": 444}}, {"tid": 1, "generated": 0, "bbox": {"xmin": 702, "ymin": 257, "ymax": 716, "xmax": 1082}}], [{"tid": 0, "generated": 0, "bbox": {"xmin": 1, "ymin": 298, "ymax": 709, "xmax": 469}}, {"tid": 1, "generated": 0, "bbox": {"xmin": 735, "ymin": 264, "ymax": 715, "xmax": 1102}}], [{"tid": 0, "generated": 0, "bbox": {"xmin": 48, "ymin": 298, "ymax": 714, "xmax": 492}}, {"tid": 1, "generated": 0, "bbox": {"xmin": 768, "ymin": 272, "ymax": 714, "xmax": 1123}}], [{"tid": 0, "generated": 0, "bbox": {"xmin": 74, "ymin": 295, "ymax": 714, "xmax": 499}}, {"tid": 1, "generated": 0, "bbox": {"xmin": 773, "ymin": 274, "ymax": 714, "xmax": 1121}}], [{"tid": 0, "generated": 0, "bbox": {"xmin": 85, "ymin": 275, "ymax": 714, "xmax": 512}}, {"tid": 1, "generated": 0, "bbox": {"xmin": 778, "ymin": 277, "ymax": 715, "xmax": 1119}}], [{"tid": 0, "generated": 0, "bbox": {"xmin": 117, "ymin": 275, "ymax": 714, "xmax": 549}}, {"tid": 1, "generated": 0, "bbox": {"xmin": 783, "ymin": 279, "ymax": 715, "xmax": 1117}}], [{"tid": 0, "generated": 0, "bbox": {"xmin": 131, "ymin": 277, "ymax": 716, "xmax": 568}}, {"tid": 1, "generated": 0, "bbox": {"xmin": 789, "ymin": 282, "ymax": 716, "xmax": 1116}}], [{"tid": 0, "generated": 0, "bbox": {"xmin": 124, "ymin": 270, "ymax": 714, "xmax": 590}}, {"tid": 1, "generated": 0, "bbox": {"xmin": 796, "ymin": 280, "ymax": 716, "xmax": 1114}}], [{"tid": 0, "generated": 0, "bbox": {"xmin": 140, "ymin": 268, "ymax": 716, "xmax": 602}}, {"tid": 1, "generated": 0, "bbox": {"xmin": 805, "ymin": 291, "ymax": 714, "xmax": 1116}}], [{"tid": 0, "generated": 0, "bbox": {"xmin": 152, "ymin": 263, "ymax": 714, "xmax": 625}}, {"tid": 1, "generated": 0, "bbox": {"xmin": 814, "ymin": 282, "ymax": 716, "xmax": 1130}}], [{"tid": 0, "generated": 0, "bbox": {"xmin": 158, "ymin": 268, "ymax": 714, "xmax": 620}}, {"tid": 1, "generated": 0, "bbox": {"xmin": 808, "ymin": 285, "ymax": 715, "xmax": 1121}}], [{"tid": 0, "generated": 0, "bbox": {"xmin": 155, "ymin": 264, "ymax": 715, "xmax": 612}}, {"tid": 1, "generated": 0, "bbox": {"xmin": 803, "ymin": 288, "ymax": 714, "xmax": 1112}}], [{"tid": 0, "generated": 0, "bbox": {"xmin": 152, "ymin": 261, "ymax": 716, "xmax": 604}}, {"tid": 1, "generated": 0, "bbox": {"xmin": 802, "ymin": 282, "ymax": 712, "xmax": 1106}}], [{"tid": 0, "generated": 0, "bbox": {"xmin": 172, "ymin": 254, "ymax": 712, "xmax": 613}}, {"tid": 1, "generated": 0, "bbox": {"xmin": 801, "ymin": 277, "ymax": 710, "xmax": 1101}}], [{"tid": 0, "generated": 0, "bbox": {"xmin": 186, "ymin": 248, "ymax": 714, "xmax": 620}}, {"tid": 1, "generated": 0, "bbox": {"xmin": 800, "ymin": 272, "ymax": 709, "xmax": 1096}}], [{"tid": 0, "generated": 0, "bbox": {"xmin": 181, "ymin": 232, "ymax": 716, "xmax": 618}}, {"tid": 1, "generated": 0, "bbox": {"xmin": 800, "ymin": 268, "ymax": 711, "xmax": 1100}}], [], [], [], [], [], [], [], [], [], [], [], [], [], [], [], [], [], [], [], [], [], [], [], [], [], [], [], [], [], [], [], [], [], [], [], [], [], [], [], [], [], [], [], [], [], [{"tid": 0, "generated": 0, "bbox": {"xmin": 174, "ymin": 55, "ymax": 696, "xmax": 743}}, {"tid": 1, "generated": 0, "bbox": {"xmin": 656, "ymin": 250, "ymax": 714, "xmax": 965}}], [{"tid": 0, "generated": 0, "bbox": {"xmin": 174, "ymin": 45, "ymax": 682, "xmax": 755}}, {"tid": 1, "generated": 0, "bbox": {"xmin": 656, "ymin": 254, "ymax": 716, "xmax": 936}}], [{"tid": 0, "generated": 0, "bbox": {"xmin": 174, "ymin": 35, "ymax": 668, "xmax": 768}}, {"tid": 1, "generated": 0, "bbox": {"xmin": 643, "ymin": 259, "ymax": 714, "xmax": 924}}], [{"tid": 0, "generated": 0, "bbox": {"xmin": 174, "ymin": 30, "ymax": 666, "xmax": 778}}, {"tid": 1, "generated": 0, "bbox": {"xmin": 634, "ymin": 266, "ymax": 714, "xmax": 908}}], [{"tid": 0, "generated": 0, "bbox": {"xmin": 176, "ymin": 28, "ymax": 668, "xmax": 791}}, {"tid": 1, "generated": 0, "bbox": {"xmin": 606, "ymin": 245, "ymax": 714, "xmax": 912}}], [{"tid": 0, "generated": 0, "bbox": {"xmin": 176, "ymin": 8, "ymax": 652, "xmax": 805}}, {"tid": 1, "generated": 0, "bbox": {"xmin": 668, "ymin": 192, "ymax": 714, "xmax": 960}}], [{"tid": 0, "generated": 0, "bbox": {"xmin": 176, "ymin": 0, "ymax": 624, "xmax": 798}}, {"tid": 1, "generated": 0, "bbox": {"xmin": 668, "ymin": 154, "ymax": 640, "xmax": 1025}}], [{"tid": 0, "generated": 0, "bbox": {"xmin": 193, "ymin": 0, "ymax": 609, "xmax": 787}}, {"tid": 1, "generated": 0, "bbox": {"xmin": 689, "ymin": 131, "ymax": 570, "xmax": 1079}}], [{"tid": 0, "generated": 0, "bbox": {"xmin": 215, "ymin": 0, "ymax": 618, "xmax": 780}}, {"tid": 1, "generated": 0, "bbox": {"xmin": 720, "ymin": 126, "ymax": 515, "xmax": 1102}}], [{"tid": 0, "generated": 0, "bbox": {"xmin": 231, "ymin": 0, "ymax": 634, "xmax": 746}}, {"tid": 1, "generated": 0, "bbox": {"xmin": 737, "ymin": 108, "ymax": 460, "xmax": 1125}}], [{"tid": 0, "generated": 0, "bbox": {"xmin": 234, "ymin": 1, "ymax": 643, "xmax": 730}}, {"tid": 1, "generated": 0, "bbox": {"xmin": 744, "ymin": 104, "ymax": 471, "xmax": 1132}}], [{"tid": 0, "generated": 0, "bbox": {"xmin": 197, "ymin": 0, "ymax": 650, "xmax": 712}}, {"tid": 1, "generated": 0, "bbox": {"xmin": 775, "ymin": 174, "ymax": 448, "xmax": 1134}}], [{"tid": 0, "generated": 0, "bbox": {"xmin": 169, "ymin": 0, "ymax": 657, "xmax": 702}}, {"tid": 1, "generated": 0, "bbox": {"xmin": 789, "ymin": 181, "ymax": 458, "xmax": 1114}}], [{"tid": 0, "generated": 0, "bbox": {"xmin": 142, "ymin": 0, "ymax": 665, "xmax": 692}}, {"tid": 1, "generated": 0, "bbox": {"xmin": 805, "ymin": 190, "ymax": 481, "xmax": 1143}}], [{"tid": 0, "generated": 0, "bbox": {"xmin": 114, "ymin": 0, "ymax": 672, "xmax": 682}}, {"tid": 1, "generated": 0, "bbox": {"xmin": 819, "ymin": 197, "ymax": 499, "xmax": 1139}}], [{"tid": 0, "generated": 0, "bbox": {"xmin": 87, "ymin": 0, "ymax": 680, "xmax": 673}}, {"tid": 1, "generated": 0, "bbox": {"xmin": 837, "ymin": 202, "ymax": 581, "xmax": 1123}}], [{"tid": 0, "generated": 0, "bbox": {"xmin": 78, "ymin": 0, "ymax": 688, "xmax": 670}}, {"tid": 1, "generated": 0, "bbox": {"xmin": 855, "ymin": 213, "ymax": 657, "xmax": 1107}}], [{"tid": 0, "generated": 0, "bbox": {"xmin": 81, "ymin": 1, "ymax": 707, "xmax": 682}}, {"tid": 1, "generated": 0, "bbox": {"xmin": 835, "ymin": 220, "ymax": 686, "xmax": 1096}}], [{"tid": 0, "generated": 0, "bbox": {"xmin": 70, "ymin": 0, "ymax": 711, "xmax": 686}}, {"tid": 1, "generated": 0, "bbox": {"xmin": 821, "ymin": 227, "ymax": 714, "xmax": 1088}}], [{"tid": 0, "generated": 0, "bbox": {"xmin": 60, "ymin": 0, "ymax": 716, "xmax": 691}}, {"tid": 1, "generated": 0, "bbox": {"xmin": 794, "ymin": 250, "ymax": 716, "xmax": 1054}}], [{"tid": 0, "generated": 0, "bbox": {"xmin": 39, "ymin": 0, "ymax": 698, "xmax": 693}}, {"tid": 1, "generated": 0, "bbox": {"xmin": 787, "ymin": 254, "ymax": 714, "xmax": 1057}}], [{"tid": 0, "generated": 0, "bbox": {"xmin": 30, "ymin": 0, "ymax": 695, "xmax": 690}}, {"tid": 1, "generated": 0, "bbox": {"xmin": 771, "ymin": 245, "ymax": 707, "xmax": 1073}}], [{"tid": 0, "generated": 0, "bbox": {"xmin": 22, "ymin": 0, "ymax": 693, "xmax": 688}}, {"tid": 1, "generated": 0, "bbox": {"xmin": 762, "ymin": 240, "ymax": 693, "xmax": 1068}}], [{"tid": 0, "generated": 0, "bbox": {"xmin": 14, "ymin": 0, "ymax": 691, "xmax": 686}}, {"tid": 1, "generated": 0, "bbox": {"xmin": 755, "ymin": 236, "ymax": 684, "xmax": 1068}}], [{"tid": 0, "generated": 0, "bbox": {"xmin": 7, "ymin": 0, "ymax": 685, "xmax": 672}}, {"tid": 1, "generated": 0, "bbox": {"xmin": 734, "ymin": 241, "ymax": 677, "xmax": 1056}}], [{"tid": 0, "generated": 0, "bbox": {"xmin": 0, "ymin": 0, "ymax": 679, "xmax": 659}}, {"tid": 1, "generated": 0, "bbox": {"xmin": 712, "ymin": 247, "ymax": 673, "xmax": 1043}}], [{"tid": 0, "generated": 0, "bbox": {"xmin": 0, "ymin": 0, "ymax": 663, "xmax": 652}}, {"tid": 1, "generated": 0, "bbox": {"xmin": 703, "ymin": 249, "ymax": 656, "xmax": 1047}}], [{"tid": 0, "generated": 0, "bbox": {"xmin": 0, "ymin": 0, "ymax": 668, "xmax": 644}}, {"tid": 1, "generated": 0, "bbox": {"xmin": 695, "ymin": 252, "ymax": 639, "xmax": 1051}}], [{"tid": 0, "generated": 0, "bbox": {"xmin": 0, "ymin": 0, "ymax": 674, "xmax": 636}}, {"tid": 1, "generated": 0, "bbox": {"xmin": 686, "ymin": 255, "ymax": 623, "xmax": 1055}}], [{"tid": 0, "generated": 0, "bbox": {"xmin": 0, "ymin": 0, "ymax": 680, "xmax": 628}}, {"tid": 1, "generated": 0, "bbox": {"xmin": 678, "ymin": 258, "ymax": 606, "xmax": 1059}}], [], [], [], [], [], [], [], [], [], [], [], [], [], [], [], [], [], [], [], [], [], [], [], [], [], [], [], [], [], [], [{"tid": 0, "generated": 0, "bbox": {"xmin": 67, "ymin": 0, "ymax": 712, "xmax": 659}}, {"tid": 1, "generated": 0, "bbox": {"xmin": 562, "ymin": 265, "ymax": 495, "xmax": 964}}], [{"tid": 0, "generated": 0, "bbox": {"xmin": 71, "ymin": 0, "ymax": 712, "xmax": 661}}, {"tid": 1, "generated": 0, "bbox": {"xmin": 561, "ymin": 264, "ymax": 494, "xmax": 962}}], [{"tid": 0, "generated": 0, "bbox": {"xmin": 74, "ymin": 0, "ymax": 713, "xmax": 663}}, {"tid": 1, "generated": 0, "bbox": {"xmin": 560, "ymin": 263, "ymax": 494, "xmax": 960}}], [{"tid": 0, "generated": 0, "bbox": {"xmin": 78, "ymin": 0, "ymax": 713, "xmax": 665}}, {"tid": 1, "generated": 0, "bbox": {"xmin": 558, "ymin": 261, "ymax": 492, "xmax": 960}}], [{"tid": 0, "generated": 0, "bbox": {"xmin": 81, "ymin": 0, "ymax": 713, "xmax": 667}}, {"tid": 1, "generated": 0, "bbox": {"xmin": 557, "ymin": 260, "ymax": 491, "xmax": 960}}], [{"tid": 0, "generated": 0, "bbox": {"xmin": 85, "ymin": 0, "ymax": 714, "xmax": 670}}, {"tid": 1, "generated": 0, "bbox": {"xmin": 556, "ymin": 259, "ymax": 490, "xmax": 961}}], [{"tid": 0, "generated": 0, "bbox": {"xmin": 71, "ymin": 0, "ymax": 712, "xmax": 670}}, {"tid": 1, "generated": 0, "bbox": {"xmin": 555, "ymin": 251, "ymax": 489, "xmax": 954}}], [{"tid": 0, "generated": 0, "bbox": {"xmin": 71, "ymin": 0, "ymax": 698, "xmax": 672}}, {"tid": 1, "generated": 0, "bbox": {"xmin": 554, "ymin": 243, "ymax": 488, "xmax": 947}}], [{"tid": 0, "generated": 0, "bbox": {"xmin": 60, "ymin": 0, "ymax": 714, "xmax": 677}}, {"tid": 1, "generated": 0, "bbox": {"xmin": 552, "ymin": 259, "ymax": 485, "xmax": 951}}], [{"tid": 0, "generated": 0, "bbox": {"xmin": 51, "ymin": 0, "ymax": 714, "xmax": 684}}, {"tid": 1, "generated": 0, "bbox": {"xmin": 552, "ymin": 259, "ymax": 483, "xmax": 940}}], [{"tid": 0, "generated": 0, "bbox": {"xmin": 42, "ymin": 0, "ymax": 714, "xmax": 691}}, {"tid": 1, "generated": 0, "bbox": {"xmin": 550, "ymin": 255, "ymax": 484, "xmax": 938}}], [{"tid": 0, "generated": 0, "bbox": {"xmin": 38, "ymin": 0, "ymax": 696, "xmax": 700}}, {"tid": 1, "generated": 0, "bbox": {"xmin": 548, "ymin": 251, "ymax": 485, "xmax": 937}}], [{"tid": 0, "generated": 0, "bbox": {"xmin": 35, "ymin": 0, "ymax": 679, "xmax": 709}}, {"tid": 1, "generated": 0, "bbox": {"xmin": 547, "ymin": 248, "ymax": 487, "xmax": 936}}], [{"tid": 0, "generated": 0, "bbox": {"xmin": 23, "ymin": 0, "ymax": 658, "xmax": 715}}, {"tid": 1, "generated": 0, "bbox": {"xmin": 549, "ymin": 253, "ymax": 488, "xmax": 933}}], [{"tid": 0, "generated": 0, "bbox": {"xmin": 11, "ymin": 0, "ymax": 637, "xmax": 721}}, {"tid": 1, "generated": 0, "bbox": {"xmin": 551, "ymin": 259, "ymax": 490, "xmax": 931}}], [{"tid": 0, "generated": 0, "bbox": {"xmin": 0, "ymin": 0, "ymax": 616, "xmax": 727}}, {"tid": 1, "generated": 0, "bbox": {"xmin": 552, "ymin": 261, "ymax": 492, "xmax": 901}}], [{"tid": 0, "generated": 0, "bbox": {"xmin": 0, "ymin": 0, "ymax": 577, "xmax": 712}}, {"tid": 1, "generated": 0, "bbox": {"xmin": 535, "ymin": 266, "ymax": 496, "xmax": 933}}], [{"tid": 0, "generated": 0, "bbox": {"xmin": 0, "ymin": 0, "ymax": 517, "xmax": 716}}, {"tid": 1, "generated": 0, "bbox": {"xmin": 513, "ymin": 276, "ymax": 506, "xmax": 906}}], [{"tid": 0, "generated": 0, "bbox": {"xmin": 0, "ymin": 0, "ymax": 474, "xmax": 682}}, {"tid": 1, "generated": 0, "bbox": {"xmin": 492, "ymin": 286, "ymax": 517, "xmax": 880}}], [{"tid": 0, "generated": 0, "bbox": {"xmin": 0, "ymin": 0, "ymax": 432, "xmax": 680}}, {"tid": 1, "generated": 0, "bbox": {"xmin": 496, "ymin": 284, "ymax": 515, "xmax": 881}}], [{"tid": 0, "generated": 0, "bbox": {"xmin": 0, "ymin": 0, "ymax": 403, "xmax": 684}}, {"tid": 1, "generated": 0, "bbox": {"xmin": 501, "ymin": 282, "ymax": 513, "xmax": 883}}], [{"tid": 0, "generated": 0, "bbox": {"xmin": 0, "ymin": 0, "ymax": 375, "xmax": 691}}, {"tid": 1, "generated": 0, "bbox": {"xmin": 506, "ymin": 268, "ymax": 498, "xmax": 887}}], [{"tid": 0, "generated": 0, "bbox": {"xmin": 0, "ymin": 0, "ymax": 332, "xmax": 689}}, {"tid": 1, "generated": 0, "bbox": {"xmin": 512, "ymin": 254, "ymax": 483, "xmax": 892}}], [{"tid": 0, "generated": 0, "bbox": {"xmin": 0, "ymin": 0, "ymax": 286, "xmax": 702}}, {"tid": 1, "generated": 0, "bbox": {"xmin": 513, "ymin": 245, "ymax": 476, "xmax": 887}}], [{"tid": 0, "generated": 0, "bbox": {"xmin": 0, "ymin": 0, "ymax": 268, "xmax": 691}}, {"tid": 1, "generated": 0, "bbox": {"xmin": 517, "ymin": 247, "ymax": 476, "xmax": 883}}], [{"tid": 0, "generated": 0, "bbox": {"xmin": 0, "ymin": 0, "ymax": 264, "xmax": 752}}, {"tid": 1, "generated": 0, "bbox": {"xmin": 501, "ymin": 264, "ymax": 494, "xmax": 848}}], [{"tid": 0, "generated": 0, "bbox": {"xmin": 0, "ymin": 0, "ymax": 280, "xmax": 741}}, {"tid": 1, "generated": 0, "bbox": {"xmin": 504, "ymin": 272, "ymax": 494, "xmax": 867}}], [{"tid": 0, "generated": 0, "bbox": {"xmin": 28, "ymin": 0, "ymax": 302, "xmax": 732}}, {"tid": 1, "generated": 0, "bbox": {"xmin": 500, "ymin": 283, "ymax": 498, "xmax": 858}}], [{"tid": 0, "generated": 0, "bbox": {"xmin": 56, "ymin": 0, "ymax": 299, "xmax": 736}}, {"tid": 1, "generated": 0, "bbox": {"xmin": 497, "ymin": 295, "ymax": 503, "xmax": 849}}], [{"tid": 0, "generated": 0, "bbox": {"xmin": 85, "ymin": 0, "ymax": 296, "xmax": 741}}, {"tid": 1, "generated": 0, "bbox": {"xmin": 488, "ymin": 307, "ymax": 513, "xmax": 834}}], [], [], [], [], [], [], [], [], [], [], [], [], [], [], [], [], [], [], [], [], [], [], [], [], [], [], [], [], [], [], [], [], [], [], [], [], [], [], [], [], [], [], [], [], [], [], [], [], [], [], [], [], [], [], [], [], [], [], [], [], [], [], [], [], [], [], [], [], [], [], [], [], [], [], [], [], [], [], [], [], [], [], [], [], [], [], [], [], [], [], [], [], [], [], [], [], [], [], [], [], [], [], [], [], [], [], [], [], [], [], [], [], [], [], [], [], [], [], [], [], [{"tid": 0, "generated": 0, "bbox": {"xmin": 384, "ymin": 122, "ymax": 714, "xmax": 668}}, {"tid": 1, "generated": 0, "bbox": {"xmin": 341, "ymin": 446, "ymax": 599, "xmax": 558}}], [{"tid": 0, "generated": 0, "bbox": {"xmin": 380, "ymin": 120, "ymax": 716, "xmax": 704}}, {"tid": 1, "generated": 0, "bbox": {"xmin": 325, "ymin": 444, "ymax": 597, "xmax": 545}}], [{"tid": 0, "generated": 0, "bbox": {"xmin": 362, "ymin": 119, "ymax": 712, "xmax": 785}}, {"tid": 1, "generated": 0, "bbox": {"xmin": 316, "ymin": 439, "ymax": 592, "xmax": 563}}], [{"tid": 0, "generated": 0, "bbox": {"xmin": 360, "ymin": 115, "ymax": 624, "xmax": 872}}, {"tid": 1, "generated": 0, "bbox": {"xmin": 291, "ymin": 437, "ymax": 588, "xmax": 565}}], [{"tid": 0, "generated": 0, "bbox": {"xmin": 364, "ymin": 113, "ymax": 554, "xmax": 887}}, {"tid": 1, "generated": 0, "bbox": {"xmin": 257, "ymin": 432, "ymax": 574, "xmax": 556}}], [{"tid": 0, "generated": 0, "bbox": {"xmin": 368, "ymin": 113, "ymax": 615, "xmax": 846}}, {"tid": 1, "generated": 0, "bbox": {"xmin": 213, "ymin": 387, "ymax": 556, "xmax": 544}}], [{"tid": 0, "generated": 0, "bbox": {"xmin": 359, "ymin": 119, "ymax": 629, "xmax": 840}}, {"tid": 1, "generated": 0, "bbox": {"xmin": 200, "ymin": 368, "ymax": 540, "xmax": 526}}], [{"tid": 0, "generated": 0, "bbox": {"xmin": 352, "ymin": 113, "ymax": 631, "xmax": 846}}, {"tid": 1, "generated": 0, "bbox": {"xmin": 165, "ymin": 362, "ymax": 548, "xmax": 500}}], [{"tid": 0, "generated": 0, "bbox": {"xmin": 357, "ymin": 108, "ymax": 608, "xmax": 840}}, {"tid": 1, "generated": 0, "bbox": {"xmin": 130, "ymin": 356, "ymax": 556, "xmax": 474}}], [{"tid": 0, "generated": 0, "bbox": {"xmin": 344, "ymin": 92, "ymax": 600, "xmax": 842}}, {"tid": 1, "generated": 0, "bbox": {"xmin": 96, "ymin": 350, "ymax": 565, "xmax": 449}}], [{"tid": 0, "generated": 0, "bbox": {"xmin": 240, "ymin": 53, "ymax": 595, "xmax": 846}}, {"tid": 1, "generated": 0, "bbox": {"xmin": 33, "ymin": 337, "ymax": 554, "xmax": 400}}], [{"tid": 0, "generated": 0, "bbox": {"xmin": 181, "ymin": 0, "ymax": 609, "xmax": 828}}, {"tid": 1, "generated": 0, "bbox": {"xmin": 28, "ymin": 341, "ymax": 558, "xmax": 375}}], [{"tid": 0, "generated": 0, "bbox": {"xmin": 78, "ymin": 0, "ymax": 606, "xmax": 817}}, {"tid": 1, "generated": 0, "bbox": {"xmin": 32, "ymin": 353, "ymax": 560, "xmax": 344}}], [{"tid": 0, "generated": 0, "bbox": {"xmin": 284, "ymin": 5, "ymax": 606, "xmax": 785}}, {"tid": 1, "generated": 0, "bbox": {"xmin": 17, "ymin": 353, "ymax": 565, "xmax": 312}}], [{"tid": 0, "generated": 0, "bbox": {"xmin": 321, "ymin": 0, "ymax": 588, "xmax": 903}}, {"tid": 1, "generated": 0, "bbox": {"xmin": 8, "ymin": 344, "ymax": 563, "xmax": 300}}], [{"tid": 0, "generated": 0, "bbox": {"xmin": 279, "ymin": 0, "ymax": 592, "xmax": 620}}, {"tid": 1, "generated": 0, "bbox": {"xmin": 0, "ymin": 344, "ymax": 570, "xmax": 279}}], [{"tid": 0, "generated": 0, "bbox": {"xmin": 321, "ymin": 0, "ymax": 645, "xmax": 618}}, {"tid": 1, "generated": 0, "bbox": {"xmin": 0, "ymin": 350, "ymax": 636, "xmax": 277}}], [{"tid": 0, "generated": 0, "bbox": {"xmin": 298, "ymin": 0, "ymax": 604, "xmax": 636}}, {"tid": 1, "generated": 0, "bbox": {"xmin": 0, "ymin": 362, "ymax": 647, "xmax": 254}}], [{"tid": 0, "generated": 0, "bbox": {"xmin": 295, "ymin": 23, "ymax": 552, "xmax": 846}}, {"tid": 1, "generated": 0, "bbox": {"xmin": 0, "ymin": 371, "ymax": 670, "xmax": 238}}], [{"tid": 0, "generated": 0, "bbox": {"xmin": 428, "ymin": 76, "ymax": 526, "xmax": 904}}, {"tid": 1, "generated": 0, "bbox": {"xmin": 0, "ymin": 380, "ymax": 670, "xmax": 209}}], [{"tid": 0, "generated": 0, "bbox": {"xmin": 424, "ymin": 33, "ymax": 504, "xmax": 851}}, {"tid": 1, "generated": 0, "bbox": {"xmin": 0, "ymin": 385, "ymax": 688, "xmax": 218}}], [{"tid": 0, "generated": 0, "bbox": {"xmin": 442, "ymin": 0, "ymax": 496, "xmax": 776}}, {"tid": 1, "generated": 0, "bbox": {"xmin": 0, "ymin": 398, "ymax": 700, "xmax": 200}}], [{"tid": 0, "generated": 0, "bbox": {"xmin": 364, "ymin": 0, "ymax": 508, "xmax": 771}}, {"tid": 1, "generated": 0, "bbox": {"xmin": 28, "ymin": 403, "ymax": 705, "xmax": 213}}], [{"tid": 0, "generated": 0, "bbox": {"xmin": 387, "ymin": 0, "ymax": 444, "xmax": 791}}, {"tid": 1, "generated": 0, "bbox": {"xmin": 49, "ymin": 408, "ymax": 716, "xmax": 218}}], [{"tid": 0, "generated": 0, "bbox": {"xmin": 360, "ymin": 1, "ymax": 375, "xmax": 816}}, {"tid": 1, "generated": 0, "bbox": {"xmin": 72, "ymin": 408, "ymax": 716, "xmax": 243}}], [{"tid": 0, "generated": 0, "bbox": {"xmin": 350, "ymin": 0, "ymax": 280, "xmax": 984}}, {"tid": 1, "generated": 0, "bbox": {"xmin": 94, "ymin": 408, "ymax": 716, "xmax": 261}}], [{"tid": 0, "generated": 0, "bbox": {"xmin": 380, "ymin": 46, "ymax": 254, "xmax": 1066}}, {"tid": 1, "generated": 0, "bbox": {"xmin": 112, "ymin": 408, "ymax": 716, "xmax": 279}}], [{"tid": 0, "generated": 0, "bbox": {"xmin": 373, "ymin": 8, "ymax": 250, "xmax": 1025}}, {"tid": 1, "generated": 0, "bbox": {"xmin": 129, "ymin": 407, "ymax": 716, "xmax": 302}}], [{"tid": 0, "generated": 0, "bbox": {"xmin": 426, "ymin": 0, "ymax": 238, "xmax": 952}}, {"tid": 1, "generated": 0, "bbox": {"xmin": 149, "ymin": 407, "ymax": 709, "xmax": 327}}], [{"tid": 0, "generated": 0, "bbox": {"xmin": 501, "ymin": 0, "ymax": 232, "xmax": 876}}, {"tid": 1, "generated": 0, "bbox": {"xmin": 161, "ymin": 408, "ymax": 716, "xmax": 327}}], [], [], [], [], [], [], [], [], [], [], [], [], [], [], [], [], [], [], [], [], [], [], [], [], [], [], [], [], [], [], [], [], [], [], [], [], [], [], [], [], [], [], [], [], [], [], [], [], [], [], [], [], [], [], [], [], [], [], [], [], [{"tid": 0, "generated": 0, "bbox": {"xmin": 905, "ymin": 0, "ymax": 465, "xmax": 1277}}, {"tid": 1, "generated": 0, "bbox": {"xmin": 287, "ymin": 379, "ymax": 712, "xmax": 496}}], [{"tid": 0, "generated": 0, "bbox": {"xmin": 906, "ymin": 0, "ymax": 466, "xmax": 1276}}, {"tid": 1, "generated": 0, "bbox": {"xmin": 286, "ymin": 381, "ymax": 712, "xmax": 497}}], [{"tid": 0, "generated": 0, "bbox": {"xmin": 906, "ymin": 0, "ymax": 466, "xmax": 1276}}, {"tid": 1, "generated": 0, "bbox": {"xmin": 286, "ymin": 383, "ymax": 713, "xmax": 498}}], [{"tid": 0, "generated": 0, "bbox": {"xmin": 907, "ymin": 0, "ymax": 466, "xmax": 1276}}, {"tid": 1, "generated": 0, "bbox": {"xmin": 285, "ymin": 385, "ymax": 713, "xmax": 499}}], [{"tid": 0, "generated": 0, "bbox": {"xmin": 907, "ymin": 0, "ymax": 466, "xmax": 1276}}, {"tid": 1, "generated": 0, "bbox": {"xmin": 284, "ymin": 387, "ymax": 713, "xmax": 500}}], [{"tid": 0, "generated": 0, "bbox": {"xmin": 908, "ymin": 0, "ymax": 467, "xmax": 1276}}, {"tid": 1, "generated": 0, "bbox": {"xmin": 284, "ymin": 389, "ymax": 714, "xmax": 501}}], [{"tid": 0, "generated": 0, "bbox": {"xmin": 909, "ymin": 2, "ymax": 468, "xmax": 1276}}, {"tid": 1, "generated": 0, "bbox": {"xmin": 284, "ymin": 390, "ymax": 714, "xmax": 501}}], [{"tid": 0, "generated": 0, "bbox": {"xmin": 911, "ymin": 4, "ymax": 470, "xmax": 1276}}, {"tid": 1, "generated": 0, "bbox": {"xmin": 284, "ymin": 392, "ymax": 714, "xmax": 501}}], [{"tid": 0, "generated": 0, "bbox": {"xmin": 913, "ymin": 6, "ymax": 472, "xmax": 1276}}, {"tid": 1, "generated": 0, "bbox": {"xmin": 284, "ymin": 393, "ymax": 714, "xmax": 501}}], [{"tid": 0, "generated": 0, "bbox": {"xmin": 915, "ymin": 8, "ymax": 474, "xmax": 1276}}, {"tid": 1, "generated": 0, "bbox": {"xmin": 284, "ymin": 395, "ymax": 714, "xmax": 501}}], [{"tid": 0, "generated": 0, "bbox": {"xmin": 917, "ymin": 10, "ymax": 476, "xmax": 1276}}, {"tid": 1, "generated": 0, "bbox": {"xmin": 285, "ymin": 397, "ymax": 715, "xmax": 501}}], [{"tid": 0, "generated": 0, "bbox": {"xmin": 916, "ymin": 12, "ymax": 478, "xmax": 1276}}, {"tid": 1, "generated": 0, "bbox": {"xmin": 285, "ymin": 398, "ymax": 715, "xmax": 501}}], [{"tid": 0, "generated": 0, "bbox": {"xmin": 916, "ymin": 14, "ymax": 480, "xmax": 1276}}, {"tid": 1, "generated": 0, "bbox": {"xmin": 285, "ymin": 400, "ymax": 715, "xmax": 501}}], [{"tid": 0, "generated": 0, "bbox": {"xmin": 915, "ymin": 16, "ymax": 482, "xmax": 1276}}, {"tid": 1, "generated": 0, "bbox": {"xmin": 285, "ymin": 401, "ymax": 715, "xmax": 501}}], [{"tid": 0, "generated": 0, "bbox": {"xmin": 915, "ymin": 18, "ymax": 484, "xmax": 1276}}, {"tid": 1, "generated": 0, "bbox": {"xmin": 285, "ymin": 403, "ymax": 715, "xmax": 501}}], [{"tid": 0, "generated": 0, "bbox": {"xmin": 915, "ymin": 21, "ymax": 487, "xmax": 1276}}, {"tid": 1, "generated": 0, "bbox": {"xmin": 286, "ymin": 405, "ymax": 716, "xmax": 501}}], [{"tid": 0, "generated": 0, "bbox": {"xmin": 914, "ymin": 20, "ymax": 493, "xmax": 1276}}, {"tid": 1, "generated": 0, "bbox": {"xmin": 283, "ymin": 404, "ymax": 715, "xmax": 498}}], [{"tid": 0, "generated": 0, "bbox": {"xmin": 913, "ymin": 19, "ymax": 499, "xmax": 1276}}, {"tid": 1, "generated": 0, "bbox": {"xmin": 280, "ymin": 403, "ymax": 715, "xmax": 495}}], [{"tid": 0, "generated": 0, "bbox": {"xmin": 912, "ymin": 18, "ymax": 505, "xmax": 1276}}, {"tid": 1, "generated": 0, "bbox": {"xmin": 277, "ymin": 403, "ymax": 715, "xmax": 493}}], [{"tid": 0, "generated": 0, "bbox": {"xmin": 912, "ymin": 17, "ymax": 512, "xmax": 1276}}, {"tid": 1, "generated": 0, "bbox": {"xmin": 274, "ymin": 402, "ymax": 715, "xmax": 490}}], [{"tid": 0, "generated": 0, "bbox": {"xmin": 911, "ymin": 15, "ymax": 517, "xmax": 1276}}, {"tid": 1, "generated": 0, "bbox": {"xmin": 272, "ymin": 402, "ymax": 714, "xmax": 488}}], [{"tid": 0, "generated": 0, "bbox": {"xmin": 911, "ymin": 14, "ymax": 523, "xmax": 1276}}, {"tid": 1, "generated": 0, "bbox": {"xmin": 269, "ymin": 401, "ymax": 714, "xmax": 485}}], [{"tid": 0, "generated": 0, "bbox": {"xmin": 910, "ymin": 13, "ymax": 529, "xmax": 1276}}, {"tid": 1, "generated": 0, "bbox": {"xmin": 266, "ymin": 401, "ymax": 714, "xmax": 483}}], [{"tid": 0, "generated": 0, "bbox": {"xmin": 910, "ymin": 12, "ymax": 535, "xmax": 1276}}, {"tid": 1, "generated": 0, "bbox": {"xmin": 263, "ymin": 400, "ymax": 714, "xmax": 480}}], [{"tid": 0, "generated": 0, "bbox": {"xmin": 905, "ymin": 12, "ymax": 541, "xmax": 1276}}, {"tid": 1, "generated": 0, "bbox": {"xmin": 261, "ymin": 400, "ymax": 714, "xmax": 478}}], [{"tid": 0, "generated": 0, "bbox": {"xmin": 901, "ymin": 12, "ymax": 547, "xmax": 1276}}, {"tid": 1, "generated": 0, "bbox": {"xmin": 272, "ymin": 398, "ymax": 714, "xmax": 478}}], [{"tid": 0, "generated": 0, "bbox": {"xmin": 894, "ymin": 16, "ymax": 573, "xmax": 1275}}, {"tid": 1, "generated": 0, "bbox": {"xmin": 272, "ymin": 397, "ymax": 713, "xmax": 476}}], [{"tid": 0, "generated": 0, "bbox": {"xmin": 887, "ymin": 21, "ymax": 600, "xmax": 1274}}, {"tid": 1, "generated": 0, "bbox": {"xmin": 272, "ymin": 397, "ymax": 713, "xmax": 474}}], [{"tid": 0, "generated": 0, "bbox": {"xmin": 888, "ymin": 24, "ymax": 631, "xmax": 1276}}, {"tid": 1, "generated": 0, "bbox": {"xmin": 272, "ymin": 397, "ymax": 713, "xmax": 472}}], [{"tid": 0, "generated": 0, "bbox": {"xmin": 872, "ymin": 30, "ymax": 636, "xmax": 1276}}, {"tid": 1, "generated": 0, "bbox": {"xmin": 272, "ymin": 397, "ymax": 712, "xmax": 470}}], [], [], [], [], [], [], [], [], [], [], [], [], [], [], [], [], [], [], [], [], [], [], [], [], [], [], [], [], [], [], [], [], [], [], [], [], [], [], [], [], [], [], [], [], [], [], [], [], [], [], [], [], [], [], [], [], [], [], [], [], [], [], [], [], [], [], [], [], [], [], [], [], [], [], [], [], [], [], [], [], [], [], [], [], [], [], [], [], [], [], [{"tid": 0, "generated": 0, "bbox": {"xmin": 802, "ymin": 71, "ymax": 656, "xmax": 1142}}, {"tid": 1, "generated": 0, "bbox": {"xmin": 255, "ymin": 396, "ymax": 716, "xmax": 463}}, {"tid": 2, "generated": 0, "bbox": {"xmin": 129, "ymin": 346, "ymax": 453, "xmax": 199}}], [{"tid": 0, "generated": 0, "bbox": {"xmin": 803, "ymin": 71, "ymax": 656, "xmax": 1141}}, {"tid": 1, "generated": 0, "bbox": {"xmin": 255, "ymin": 396, "ymax": 716, "xmax": 463}}, {"tid": 2, "generated": 0, "bbox": {"xmin": 129, "ymin": 346, "ymax": 452, "xmax": 204}}], [{"tid": 0, "generated": 0, "bbox": {"xmin": 804, "ymin": 71, "ymax": 655, "xmax": 1141}}, {"tid": 1, "generated": 0, "bbox": {"xmin": 255, "ymin": 395, "ymax": 716, "xmax": 463}}, {"tid": 2, "generated": 0, "bbox": {"xmin": 129, "ymin": 346, "ymax": 451, "xmax": 209}}], [{"tid": 0, "generated": 0, "bbox": {"xmin": 805, "ymin": 71, "ymax": 655, "xmax": 1141}}, {"tid": 1, "generated": 0, "bbox": {"xmin": 255, "ymin": 394, "ymax": 716, "xmax": 463}}, {"tid": 2, "generated": 0, "bbox": {"xmin": 132, "ymin": 339, "ymax": 444, "xmax": 212}}], [{"tid": 0, "generated": 0, "bbox": {"xmin": 806, "ymin": 71, "ymax": 654, "xmax": 1141}}, {"tid": 1, "generated": 0, "bbox": {"xmin": 256, "ymin": 394, "ymax": 716, "xmax": 464}}, {"tid": 2, "generated": 0, "bbox": {"xmin": 135, "ymin": 332, "ymax": 437, "xmax": 215}}], [{"tid": 0, "generated": 0, "bbox": {"xmin": 807, "ymin": 71, "ymax": 654, "xmax": 1141}}, {"tid": 1, "generated": 0, "bbox": {"xmin": 253, "ymin": 391, "ymax": 716, "xmax": 460}}, {"tid": 2, "generated": 0, "bbox": {"xmin": 135, "ymin": 320, "ymax": 424, "xmax": 215}}], [{"tid": 0, "generated": 0, "bbox": {"xmin": 805, "ymin": 69, "ymax": 654, "xmax": 1138}}, {"tid": 1, "generated": 0, "bbox": {"xmin": 250, "ymin": 388, "ymax": 716, "xmax": 457}}, {"tid": 2, "generated": 0, "bbox": {"xmin": 133, "ymin": 295, "ymax": 400, "xmax": 213}}], [{"tid": 0, "generated": 0, "bbox": {"xmin": 803, "ymin": 68, "ymax": 655, "xmax": 1136}}, {"tid": 1, "generated": 0, "bbox": {"xmin": 248, "ymin": 386, "ymax": 716, "xmax": 453}}, {"tid": 2, "generated": 0, "bbox": {"xmin": 133, "ymin": 280, "ymax": 398, "xmax": 204}}], [{"tid": 0, "generated": 0, "bbox": {"xmin": 801, "ymin": 66, "ymax": 656, "xmax": 1134}}, {"tid": 1, "generated": 0, "bbox": {"xmin": 245, "ymin": 383, "ymax": 716, "xmax": 450}}, {"tid": 2, "generated": 0, "bbox": {"xmin": 124, "ymin": 266, "ymax": 405, "xmax": 193}}], [{"tid": 0, "generated": 0, "bbox": {"xmin": 800, "ymin": 65, "ymax": 657, "xmax": 1132}}, {"tid": 1, "generated": 0, "bbox": {"xmin": 243, "ymin": 381, "ymax": 716, "xmax": 446}}, {"tid": 2, "generated": 0, "bbox": {"xmin": 124, "ymin": 248, "ymax": 401, "xmax": 189}}], [{"tid": 0, "generated": 0, "bbox": {"xmin": 794, "ymin": 64, "ymax": 657, "xmax": 1118}}, {"tid": 1, "generated": 0, "bbox": {"xmin": 240, "ymin": 378, "ymax": 716, "xmax": 443}}, {"tid": 2, "generated": 0, "bbox": {"xmin": 124, "ymin": 231, "ymax": 398, "xmax": 186}}], [{"tid": 0, "generated": 0, "bbox": {"xmin": 794, "ymin": 67, "ymax": 660, "xmax": 1120}}, {"tid": 1, "generated": 0, "bbox": {"xmin": 238, "ymin": 376, "ymax": 716, "xmax": 440}}, {"tid": 2, "generated": 0, "bbox": {"xmin": 124, "ymin": 218, "ymax": 398, "xmax": 184}}], [{"tid": 0, "generated": 0, "bbox": {"xmin": 794, "ymin": 70, "ymax": 664, "xmax": 1122}}, {"tid": 1, "generated": 0, "bbox": {"xmin": 234, "ymin": 376, "ymax": 714, "xmax": 424}}, {"tid": 2, "generated": 0, "bbox": {"xmin": 124, "ymin": 209, "ymax": 398, "xmax": 184}}], [{"tid": 0, "generated": 0, "bbox": {"xmin": 794, "ymin": 74, "ymax": 668, "xmax": 1125}}, {"tid": 1, "generated": 0, "bbox": {"xmin": 231, "ymin": 376, "ymax": 714, "xmax": 401}}, {"tid": 2, "generated": 0, "bbox": {"xmin": 124, "ymin": 197, "ymax": 398, "xmax": 184}}], [{"tid": 0, "generated": 0, "bbox": {"xmin": 792, "ymin": 76, "ymax": 680, "xmax": 1123}}, {"tid": 1, "generated": 0, "bbox": {"xmin": 229, "ymin": 378, "ymax": 712, "xmax": 396}}, {"tid": 2, "generated": 0, "bbox": {"xmin": 122, "ymin": 177, "ymax": 380, "xmax": 183}}], [{"tid": 0, "generated": 0, "bbox": {"xmin": 792, "ymin": 80, "ymax": 661, "xmax": 1127}}, {"tid": 1, "generated": 0, "bbox": {"xmin": 227, "ymin": 380, "ymax": 714, "xmax": 398}}, {"tid": 2, "generated": 0, "bbox": {"xmin": 125, "ymin": 174, "ymax": 377, "xmax": 186}}], [{"tid": 0, "generated": 0, "bbox": {"xmin": 796, "ymin": 76, "ymax": 682, "xmax": 1130}}, {"tid": 1, "generated": 0, "bbox": {"xmin": 227, "ymin": 379, "ymax": 714, "xmax": 397}}, {"tid": 2, "generated": 0, "bbox": {"xmin": 129, "ymin": 171, "ymax": 374, "xmax": 189}}], [{"tid": 0, "generated": 0, "bbox": {"xmin": 799, "ymin": 73, "ymax": 679, "xmax": 1134}}, {"tid": 1, "generated": 0, "bbox": {"xmin": 227, "ymin": 379, "ymax": 714, "xmax": 397}}, {"tid": 2, "generated": 0, "bbox": {"xmin": 133, "ymin": 168, "ymax": 371, "xmax": 193}}], [{"tid": 0, "generated": 0, "bbox": {"xmin": 803, "ymin": 70, "ymax": 677, "xmax": 1139}}, {"tid": 1, "generated": 0, "bbox": {"xmin": 227, "ymin": 379, "ymax": 714, "xmax": 397}}, {"tid": 2, "generated": 0, "bbox": {"xmin": 127, "ymin": 161, "ymax": 364, "xmax": 188}}], [{"tid": 0, "generated": 0, "bbox": {"xmin": 807, "ymin": 67, "ymax": 675, "xmax": 1144}}, {"tid": 1, "generated": 0, "bbox": {"xmin": 227, "ymin": 379, "ymax": 714, "xmax": 397}}, {"tid": 2, "generated": 0, "bbox": {"xmin": 122, "ymin": 154, "ymax": 357, "xmax": 183}}], [{"tid": 0, "generated": 0, "bbox": {"xmin": 808, "ymin": 58, "ymax": 677, "xmax": 1146}}, {"tid": 1, "generated": 0, "bbox": {"xmin": 228, "ymin": 379, "ymax": 714, "xmax": 397}}, {"tid": 2, "generated": 0, "bbox": {"xmin": 128, "ymin": 128, "ymax": 330, "xmax": 188}}], [{"tid": 0, "generated": 0, "bbox": {"xmin": 812, "ymin": 59, "ymax": 676, "xmax": 1152}}, {"tid": 1, "generated": 0, "bbox": {"xmin": 228, "ymin": 378, "ymax": 714, "xmax": 396}}, {"tid": 2, "generated": 0, "bbox": {"xmin": 128, "ymin": 110, "ymax": 305, "xmax": 186}}], [{"tid": 0, "generated": 0, "bbox": {"xmin": 816, "ymin": 60, "ymax": 675, "xmax": 1159}}, {"tid": 1, "generated": 0, "bbox": {"xmin": 228, "ymin": 378, "ymax": 714, "xmax": 396}}, {"tid": 2, "generated": 0, "bbox": {"xmin": 129, "ymin": 100, "ymax": 295, "xmax": 187}}], [{"tid": 0, "generated": 0, "bbox": {"xmin": 815, "ymin": 61, "ymax": 681, "xmax": 1163}}, {"tid": 1, "generated": 0, "bbox": {"xmin": 228, "ymin": 378, "ymax": 714, "xmax": 396}}, {"tid": 2, "generated": 0, "bbox": {"xmin": 130, "ymin": 90, "ymax": 285, "xmax": 189}}], [{"tid": 0, "generated": 0, "bbox": {"xmin": 814, "ymin": 62, "ymax": 687, "xmax": 1168}}, {"tid": 1, "generated": 0, "bbox": {"xmin": 228, "ymin": 378, "ymax": 714, "xmax": 396}}, {"tid": 2, "generated": 0, "bbox": {"xmin": 131, "ymin": 80, "ymax": 275, "xmax": 190}}], [{"tid": 0, "generated": 0, "bbox": {"xmin": 814, "ymin": 64, "ymax": 693, "xmax": 1173}}, {"tid": 1, "generated": 0, "bbox": {"xmin": 229, "ymin": 378, "ymax": 714, "xmax": 396}}, {"tid": 2, "generated": 0, "bbox": {"xmin": 133, "ymin": 71, "ymax": 266, "xmax": 192}}], [{"tid": 0, "generated": 0, "bbox": {"xmin": 816, "ymin": 64, "ymax": 693, "xmax": 1170}}, {"tid": 1, "generated": 0, "bbox": {"xmin": 227, "ymin": 381, "ymax": 714, "xmax": 394}}, {"tid": 2, "generated": 0, "bbox": {"xmin": 130, "ymin": 63, "ymax": 259, "xmax": 189}}], [{"tid": 0, "generated": 0, "bbox": {"xmin": 819, "ymin": 64, "ymax": 693, "xmax": 1168}}, {"tid": 1, "generated": 0, "bbox": {"xmin": 225, "ymin": 385, "ymax": 714, "xmax": 392}}, {"tid": 2, "generated": 0, "bbox": {"xmin": 128, "ymin": 56, "ymax": 252, "xmax": 186}}], [{"tid": 0, "generated": 0, "bbox": {"xmin": 813, "ymin": 65, "ymax": 694, "xmax": 1167}}, {"tid": 1, "generated": 0, "bbox": {"xmin": 218, "ymin": 389, "ymax": 714, "xmax": 385}}, {"tid": 2, "generated": 0, "bbox": {"xmin": 126, "ymin": 49, "ymax": 245, "xmax": 184}}], [{"tid": 0, "generated": 0, "bbox": {"xmin": 808, "ymin": 67, "ymax": 695, "xmax": 1166}}, {"tid": 1, "generated": 0, "bbox": {"xmin": 212, "ymin": 394, "ymax": 715, "xmax": 379}}, {"tid": 2, "generated": 0, "bbox": {"xmin": 120, "ymin": 49, "ymax": 245, "xmax": 179}}]], "subject/objects": [{"category": "bird", "tid": 0}, {"category": "monkey", "tid": 1}, {"category": "monkey", "tid": 2}], "relation_instances": [{"end_fid": 30, "subject_tid": 0, "predicate": "walk_toward", "begin_fid": 0, "object_tid": 1}, {"end_fid": 30, "subject_tid": 0, "predicate": "walk_left", "begin_fid": 0, "object_tid": 1}, {"end_fid": 30, "subject_tid": 0, "predicate": "watch", "begin_fid": 0, "object_tid": 1}, {"end_fid": 30, "subject_tid": 1, "predicate": "sit_right", "begin_fid": 0, "object_tid": 0}, {"end_fid": 105, "subject_tid": 0, "predicate": "walk_above", "begin_fid": 75, "object_tid": 1}, {"end_fid": 105, "subject_tid": 0, "predicate": "walk_left", "begin_fid": 75, "object_tid": 1}, {"end_fid": 105, "subject_tid": 0, "predicate": "play", "begin_fid": 75, "object_tid": 1}, {"end_fid": 105, "subject_tid": 0, "predicate": "watch", "begin_fid": 75, "object_tid": 1}, {"end_fid": 105, "subject_tid": 1, "predicate": "jump_away", "begin_fid": 75, "object_tid": 0}, {"end_fid": 105, "subject_tid": 1, "predicate": "jump_beneath", "begin_fid": 75, "object_tid": 0}, {"end_fid": 105, "subject_tid": 1, "predicate": "jump_right", "begin_fid": 75, "object_tid": 0}, {"end_fid": 105, "subject_tid": 1, "predicate": "play", "begin_fid": 75, "object_tid": 0}, {"end_fid": 165, "subject_tid": 0, "predicate": "walk_above", "begin_fid": 135, "object_tid": 1}, {"end_fid": 165, "subject_tid": 0, "predicate": "walk_front", "begin_fid": 135, "object_tid": 1}, {"end_fid": 165, "subject_tid": 0, "predicate": "play", "begin_fid": 135, "object_tid": 1}, {"end_fid": 165, "subject_tid": 1, "predicate": "sit_beneath", "begin_fid": 135, "object_tid": 0}, {"end_fid": 165, "subject_tid": 1, "predicate": "sit_behind", "begin_fid": 135, "object_tid": 0}, {"end_fid": 165, "subject_tid": 1, "predicate": "play", "begin_fid": 135, "object_tid": 0}, {"end_fid": 315, "subject_tid": 0, "predicate": "fly_right", "begin_fid": 285, "object_tid": 1}, {"end_fid": 315, "subject_tid": 0, "predicate": "fly_above", "begin_fid": 285, "object_tid": 1}, {"end_fid": 315, "subject_tid": 0, "predicate": "fly_front", "begin_fid": 285, "object_tid": 1}, {"end_fid": 315, "subject_tid": 0, "predicate": "play", "begin_fid": 285, "object_tid": 1}, {"end_fid": 315, "subject_tid": 1, "predicate": "jump_beneath", "begin_fid": 285, "object_tid": 0}, {"end_fid": 315, "subject_tid": 1, "predicate": "jump_behind", "begin_fid": 285, "object_tid": 0}, {"end_fid": 315, "subject_tid": 1, "predicate": "jump_left", "begin_fid": 285, "object_tid": 0}, {"end_fid": 315, "subject_tid": 1, "predicate": "play", "begin_fid": 285, "object_tid": 0}, {"end_fid": 315, "subject_tid": 1, "predicate": "watch", "begin_fid": 285, "object_tid": 0}, {"end_fid": 405, "subject_tid": 0, "predicate": "stand_right", "begin_fid": 375, "object_tid": 1}, {"end_fid": 405, "subject_tid": 0, "predicate": "stand_above", "begin_fid": 375, "object_tid": 1}, {"end_fid": 405, "subject_tid": 0, "predicate": "stand_front", "begin_fid": 375, "object_tid": 1}, {"end_fid": 405, "subject_tid": 1, "predicate": "sit_beneath", "begin_fid": 375, "object_tid": 0}, {"end_fid": 405, "subject_tid": 1, "predicate": "sit_behind", "begin_fid": 375, "object_tid": 0}, {"end_fid": 405, "subject_tid": 1, "predicate": "sit_left", "begin_fid": 375, "object_tid": 0}, {"end_fid": 525, "subject_tid": 0, "predicate": "stand_right", "begin_fid": 495, "object_tid": 1}, {"end_fid": 525, "subject_tid": 0, "predicate": "stand_above", "begin_fid": 495, "object_tid": 1}, {"end_fid": 525, "subject_tid": 0, "predicate": "stand_front", "begin_fid": 495, "object_tid": 1}, {"end_fid": 525, "subject_tid": 1, "predicate": "sit_beneath", "begin_fid": 495, "object_tid": 0}, {"end_fid": 525, "subject_tid": 1, "predicate": "sit_behind", "begin_fid": 495, "object_tid": 0}, {"end_fid": 525, "subject_tid": 1, "predicate": "sit_left", "begin_fid": 495, "object_tid": 0}, {"end_fid": 525, "subject_tid": 1, "predicate": "watch", "begin_fid": 495, "object_tid": 2}], "height": 720}