{"width": 492, "frame_count": 92, "video_id": "ILSVRC2015_train_00321000", "fps": 25, "trajectories": [[{"tid": 0, "generated": 0, "bbox": {"xmin": 53, "ymin": 177, "ymax": 215, "xmax": 151}}, {"tid": 1, "generated": 0, "bbox": {"xmin": 217, "ymin": 153, "ymax": 198, "xmax": 321}}, {"tid": 2, "generated": 0, "bbox": {"xmin": 295, "ymin": 220, "ymax": 258, "xmax": 392}}], [{"tid": 0, "generated": 0, "bbox": {"xmin": 56, "ymin": 176, "ymax": 217, "xmax": 153}}, {"tid": 1, "generated": 0, "bbox": {"xmin": 218, "ymin": 153, "ymax": 196, "xmax": 321}}, {"tid": 2, "generated": 0, "bbox": {"xmin": 297, "ymin": 222, "ymax": 258, "xmax": 392}}], [{"tid": 0, "generated": 0, "bbox": {"xmin": 56, "ymin": 176, "ymax": 217, "xmax": 151}}, {"tid": 1, "generated": 0, "bbox": {"xmin": 217, "ymin": 155, "ymax": 198, "xmax": 317}}, {"tid": 2, "generated": 0, "bbox": {"xmin": 295, "ymin": 222, "ymax": 258, "xmax": 392}}], [{"tid": 0, "generated": 0, "bbox": {"xmin": 56, "ymin": 176, "ymax": 215, "xmax": 155}}, {"tid": 1, "generated": 0, "bbox": {"xmin": 218, "ymin": 155, "ymax": 198, "xmax": 319}}, {"tid": 2, "generated": 0, "bbox": {"xmin": 293, "ymin": 224, "ymax": 259, "xmax": 394}}], [{"tid": 0, "generated": 0, "bbox": {"xmin": 58, "ymin": 174, "ymax": 217, "xmax": 157}}, {"tid": 1, "generated": 0, "bbox": {"xmin": 220, "ymin": 155, "ymax": 198, "xmax": 317}}, {"tid": 2, "generated": 0, "bbox": {"xmin": 295, "ymin": 224, "ymax": 261, "xmax": 394}}], [{"tid": 0, "generated": 0, "bbox": {"xmin": 58, "ymin": 174, "ymax": 213, "xmax": 155}}, {"tid": 1, "generated": 0, "bbox": {"xmin": 222, "ymin": 157, "ymax": 200, "xmax": 319}}, {"tid": 2, "generated": 0, "bbox": {"xmin": 295, "ymin": 226, "ymax": 263, "xmax": 394}}], [{"tid": 0, "generated": 0, "bbox": {"xmin": 58, "ymin": 176, "ymax": 215, "xmax": 157}}, {"tid": 1, "generated": 0, "bbox": {"xmin": 222, "ymin": 157, "ymax": 198, "xmax": 319}}, {"tid": 2, "generated": 0, "bbox": {"xmin": 295, "ymin": 228, "ymax": 263, "xmax": 392}}], [{"tid": 0, "generated": 0, "bbox": {"xmin": 62, "ymin": 176, "ymax": 215, "xmax": 159}}, {"tid": 1, "generated": 0, "bbox": {"xmin": 224, "ymin": 159, "ymax": 200, "xmax": 319}}, {"tid": 2, "generated": 0, "bbox": {"xmin": 297, "ymin": 228, "ymax": 265, "xmax": 394}}], [{"tid": 0, "generated": 0, "bbox": {"xmin": 60, "ymin": 176, "ymax": 215, "xmax": 159}}, {"tid": 1, "generated": 0, "bbox": {"xmin": 224, "ymin": 159, "ymax": 200, "xmax": 321}}, {"tid": 2, "generated": 0, "bbox": {"xmin": 297, "ymin": 230, "ymax": 267, "xmax": 394}}], [{"tid": 0, "generated": 0, "bbox": {"xmin": 61, "ymin": 175, "ymax": 215, "xmax": 159}}, {"tid": 1, "generated": 0, "bbox": {"xmin": 224, "ymin": 159, "ymax": 202, "xmax": 321}}, {"tid": 2, "generated": 0, "bbox": {"xmin": 295, "ymin": 230, "ymax": 267, "xmax": 392}}], [{"tid": 0, "generated": 0, "bbox": {"xmin": 62, "ymin": 174, "ymax": 215, "xmax": 159}}, {"tid": 1, "generated": 0, "bbox": {"xmin": 224, "ymin": 159, "ymax": 202, "xmax": 323}}, {"tid": 2, "generated": 0, "bbox": {"xmin": 295, "ymin": 232, "ymax": 269, "xmax": 392}}], [{"tid": 0, "generated": 0, "bbox": {"xmin": 63, "ymin": 174, "ymax": 216, "xmax": 160}}, {"tid": 1, "generated": 0, "bbox": {"xmin": 225, "ymin": 159, "ymax": 203, "xmax": 322}}, {"tid": 2, "generated": 0, "bbox": {"xmin": 295, "ymin": 233, "ymax": 269, "xmax": 392}}], [{"tid": 0, "generated": 0, "bbox": {"xmin": 64, "ymin": 174, "ymax": 217, "xmax": 161}}, {"tid": 1, "generated": 0, "bbox": {"xmin": 226, "ymin": 159, "ymax": 204, "xmax": 321}}, {"tid": 2, "generated": 0, "bbox": {"xmin": 295, "ymin": 233, "ymax": 269, "xmax": 390}}], [{"tid": 0, "generated": 0, "bbox": {"xmin": 63, "ymin": 174, "ymax": 216, "xmax": 159}}, {"tid": 1, "generated": 0, "bbox": {"xmin": 226, "ymin": 161, "ymax": 204, "xmax": 321}}, {"tid": 2, "generated": 0, "bbox": {"xmin": 293, "ymin": 232, "ymax": 269, "xmax": 390}}], [{"tid": 0, "generated": 0, "bbox": {"xmin": 62, "ymin": 174, "ymax": 215, "xmax": 157}}, {"tid": 1, "generated": 0, "bbox": {"xmin": 225, "ymin": 160, "ymax": 203, "xmax": 320}}, {"tid": 2, "generated": 0, "bbox": {"xmin": 291, "ymin": 233, "ymax": 271, "xmax": 388}}], [{"tid": 0, "generated": 0, "bbox": {"xmin": 64, "ymin": 172, "ymax": 213, "xmax": 155}}, {"tid": 1, "generated": 0, "bbox": {"xmin": 224, "ymin": 159, "ymax": 202, "xmax": 319}}, {"tid": 2, "generated": 0, "bbox": {"xmin": 291, "ymin": 233, "ymax": 271, "xmax": 386}}], [{"tid": 0, "generated": 0, "bbox": {"xmin": 64, "ymin": 170, "ymax": 213, "xmax": 159}}, {"tid": 1, "generated": 0, "bbox": {"xmin": 224, "ymin": 159, "ymax": 202, "xmax": 319}}, {"tid": 2, "generated": 0, "bbox": {"xmin": 293, "ymin": 233, "ymax": 271, "xmax": 386}}], [{"tid": 0, "generated": 0, "bbox": {"xmin": 62, "ymin": 168, "ymax": 211, "xmax": 157}}, {"tid": 1, "generated": 0, "bbox": {"xmin": 226, "ymin": 159, "ymax": 202, "xmax": 321}}, {"tid": 2, "generated": 0, "bbox": {"xmin": 291, "ymin": 232, "ymax": 271, "xmax": 384}}], [{"tid": 0, "generated": 0, "bbox": {"xmin": 64, "ymin": 168, "ymax": 213, "xmax": 159}}, {"tid": 1, "generated": 0, "bbox": {"xmin": 226, "ymin": 157, "ymax": 202, "xmax": 321}}, {"tid": 2, "generated": 0, "bbox": {"xmin": 291, "ymin": 232, "ymax": 271, "xmax": 386}}], [{"tid": 0, "generated": 0, "bbox": {"xmin": 66, "ymin": 168, "ymax": 209, "xmax": 159}}, {"tid": 1, "generated": 0, "bbox": {"xmin": 228, "ymin": 157, "ymax": 200, "xmax": 321}}, {"tid": 2, "generated": 0, "bbox": {"xmin": 291, "ymin": 233, "ymax": 273, "xmax": 386}}], [{"tid": 0, "generated": 0, "bbox": {"xmin": 66, "ymin": 166, "ymax": 211, "xmax": 159}}, {"tid": 1, "generated": 0, "bbox": {"xmin": 230, "ymin": 157, "ymax": 200, "xmax": 323}}, {"tid": 2, "generated": 0, "bbox": {"xmin": 291, "ymin": 233, "ymax": 273, "xmax": 386}}], [{"tid": 0, "generated": 0, "bbox": {"xmin": 69, "ymin": 166, "ymax": 209, "xmax": 163}}, {"tid": 1, "generated": 0, "bbox": {"xmin": 233, "ymin": 159, "ymax": 202, "xmax": 325}}, {"tid": 2, "generated": 0, "bbox": {"xmin": 291, "ymin": 233, "ymax": 273, "xmax": 386}}], [{"tid": 0, "generated": 0, "bbox": {"xmin": 71, "ymin": 164, "ymax": 209, "xmax": 164}}, {"tid": 1, "generated": 0, "bbox": {"xmin": 233, "ymin": 159, "ymax": 200, "xmax": 325}}, {"tid": 2, "generated": 0, "bbox": {"xmin": 295, "ymin": 235, "ymax": 274, "xmax": 390}}], [{"tid": 0, "generated": 0, "bbox": {"xmin": 71, "ymin": 163, "ymax": 207, "xmax": 164}}, {"tid": 1, "generated": 0, "bbox": {"xmin": 237, "ymin": 157, "ymax": 200, "xmax": 328}}, {"tid": 2, "generated": 0, "bbox": {"xmin": 297, "ymin": 235, "ymax": 274, "xmax": 392}}], [{"tid": 0, "generated": 0, "bbox": {"xmin": 75, "ymin": 161, "ymax": 209, "xmax": 168}}, {"tid": 1, "generated": 0, "bbox": {"xmin": 237, "ymin": 157, "ymax": 200, "xmax": 330}}, {"tid": 2, "generated": 0, "bbox": {"xmin": 297, "ymin": 233, "ymax": 274, "xmax": 390}}], [{"tid": 0, "generated": 0, "bbox": {"xmin": 75, "ymin": 159, "ymax": 205, "xmax": 166}}, {"tid": 1, "generated": 0, "bbox": {"xmin": 239, "ymin": 155, "ymax": 200, "xmax": 330}}, {"tid": 2, "generated": 0, "bbox": {"xmin": 299, "ymin": 235, "ymax": 276, "xmax": 392}}], [{"tid": 0, "generated": 0, "bbox": {"xmin": 77, "ymin": 159, "ymax": 205, "xmax": 166}}, {"tid": 1, "generated": 0, "bbox": {"xmin": 241, "ymin": 155, "ymax": 198, "xmax": 332}}, {"tid": 2, "generated": 0, "bbox": {"xmin": 298, "ymin": 234, "ymax": 275, "xmax": 391}}], [{"tid": 0, "generated": 0, "bbox": {"xmin": 79, "ymin": 157, "ymax": 205, "xmax": 170}}, {"tid": 1, "generated": 0, "bbox": {"xmin": 242, "ymin": 154, "ymax": 198, "xmax": 333}}, {"tid": 2, "generated": 0, "bbox": {"xmin": 297, "ymin": 233, "ymax": 274, "xmax": 390}}], [{"tid": 0, "generated": 0, "bbox": {"xmin": 79, "ymin": 157, "ymax": 202, "xmax": 170}}, {"tid": 1, "generated": 0, "bbox": {"xmin": 243, "ymin": 153, "ymax": 198, "xmax": 334}}, {"tid": 2, "generated": 0, "bbox": {"xmin": 299, "ymin": 233, "ymax": 274, "xmax": 390}}], [{"tid": 0, "generated": 0, "bbox": {"xmin": 81, "ymin": 155, "ymax": 200, "xmax": 170}}, {"tid": 1, "generated": 0, "bbox": {"xmin": 243, "ymin": 151, "ymax": 196, "xmax": 336}}, {"tid": 2, "generated": 0, "bbox": {"xmin": 299, "ymin": 232, "ymax": 274, "xmax": 392}}], [], [], [], [], [], [], [], [], [], [], [], [], [], [], [], [], [], [], [], [], [], [], [], [], [], [], [], [], [], [], [{"tid": 0, "generated": 0, "bbox": {"xmin": 77, "ymin": 136, "ymax": 196, "xmax": 166}}, {"tid": 1, "generated": 0, "bbox": {"xmin": 237, "ymin": 151, "ymax": 205, "xmax": 325}}, {"tid": 2, "generated": 0, "bbox": {"xmin": 267, "ymin": 243, "ymax": 297, "xmax": 349}}], [{"tid": 0, "generated": 0, "bbox": {"xmin": 79, "ymin": 135, "ymax": 196, "xmax": 166}}, {"tid": 1, "generated": 0, "bbox": {"xmin": 239, "ymin": 151, "ymax": 205, "xmax": 327}}, {"tid": 2, "generated": 0, "bbox": {"xmin": 267, "ymin": 243, "ymax": 297, "xmax": 351}}], [{"tid": 0, "generated": 0, "bbox": {"xmin": 81, "ymin": 133, "ymax": 194, "xmax": 168}}, {"tid": 1, "generated": 0, "bbox": {"xmin": 243, "ymin": 148, "ymax": 205, "xmax": 330}}, {"tid": 2, "generated": 0, "bbox": {"xmin": 269, "ymin": 243, "ymax": 297, "xmax": 353}}], [{"tid": 0, "generated": 0, "bbox": {"xmin": 82, "ymin": 133, "ymax": 194, "xmax": 170}}, {"tid": 1, "generated": 0, "bbox": {"xmin": 245, "ymin": 146, "ymax": 205, "xmax": 332}}, {"tid": 2, "generated": 0, "bbox": {"xmin": 269, "ymin": 243, "ymax": 299, "xmax": 353}}], [{"tid": 0, "generated": 0, "bbox": {"xmin": 82, "ymin": 131, "ymax": 192, "xmax": 170}}, {"tid": 1, "generated": 0, "bbox": {"xmin": 246, "ymin": 146, "ymax": 205, "xmax": 334}}, {"tid": 2, "generated": 0, "bbox": {"xmin": 269, "ymin": 243, "ymax": 299, "xmax": 358}}], [{"tid": 0, "generated": 0, "bbox": {"xmin": 84, "ymin": 131, "ymax": 192, "xmax": 174}}, {"tid": 1, "generated": 0, "bbox": {"xmin": 248, "ymin": 146, "ymax": 205, "xmax": 338}}, {"tid": 2, "generated": 0, "bbox": {"xmin": 271, "ymin": 246, "ymax": 302, "xmax": 358}}], [{"tid": 0, "generated": 0, "bbox": {"xmin": 88, "ymin": 131, "ymax": 192, "xmax": 176}}, {"tid": 1, "generated": 0, "bbox": {"xmin": 250, "ymin": 146, "ymax": 205, "xmax": 340}}, {"tid": 2, "generated": 0, "bbox": {"xmin": 271, "ymin": 246, "ymax": 302, "xmax": 358}}], [{"tid": 0, "generated": 0, "bbox": {"xmin": 84, "ymin": 131, "ymax": 194, "xmax": 174}}, {"tid": 1, "generated": 0, "bbox": {"xmin": 250, "ymin": 144, "ymax": 205, "xmax": 338}}, {"tid": 2, "generated": 0, "bbox": {"xmin": 271, "ymin": 246, "ymax": 304, "xmax": 358}}], [{"tid": 0, "generated": 0, "bbox": {"xmin": 81, "ymin": 129, "ymax": 192, "xmax": 170}}, {"tid": 1, "generated": 0, "bbox": {"xmin": 248, "ymin": 144, "ymax": 205, "xmax": 338}}, {"tid": 2, "generated": 0, "bbox": {"xmin": 267, "ymin": 246, "ymax": 306, "xmax": 353}}], [{"tid": 0, "generated": 0, "bbox": {"xmin": 79, "ymin": 129, "ymax": 189, "xmax": 170}}, {"tid": 1, "generated": 0, "bbox": {"xmin": 246, "ymin": 142, "ymax": 205, "xmax": 336}}, {"tid": 2, "generated": 0, "bbox": {"xmin": 263, "ymin": 246, "ymax": 306, "xmax": 353}}], [{"tid": 0, "generated": 0, "bbox": {"xmin": 77, "ymin": 127, "ymax": 189, "xmax": 166}}, {"tid": 1, "generated": 0, "bbox": {"xmin": 243, "ymin": 142, "ymax": 205, "xmax": 334}}, {"tid": 2, "generated": 0, "bbox": {"xmin": 261, "ymin": 248, "ymax": 308, "xmax": 349}}], [{"tid": 0, "generated": 0, "bbox": {"xmin": 73, "ymin": 125, "ymax": 191, "xmax": 164}}, {"tid": 1, "generated": 0, "bbox": {"xmin": 239, "ymin": 140, "ymax": 205, "xmax": 334}}, {"tid": 2, "generated": 0, "bbox": {"xmin": 258, "ymin": 248, "ymax": 308, "xmax": 347}}], [{"tid": 0, "generated": 0, "bbox": {"xmin": 69, "ymin": 125, "ymax": 189, "xmax": 161}}, {"tid": 1, "generated": 0, "bbox": {"xmin": 237, "ymin": 140, "ymax": 204, "xmax": 332}}, {"tid": 2, "generated": 0, "bbox": {"xmin": 252, "ymin": 248, "ymax": 310, "xmax": 343}}], [{"tid": 0, "generated": 0, "bbox": {"xmin": 64, "ymin": 123, "ymax": 189, "xmax": 157}}, {"tid": 1, "generated": 0, "bbox": {"xmin": 233, "ymin": 140, "ymax": 204, "xmax": 332}}, {"tid": 2, "generated": 0, "bbox": {"xmin": 248, "ymin": 250, "ymax": 310, "xmax": 338}}], [{"tid": 0, "generated": 0, "bbox": {"xmin": 60, "ymin": 122, "ymax": 189, "xmax": 155}}, {"tid": 1, "generated": 0, "bbox": {"xmin": 230, "ymin": 138, "ymax": 202, "xmax": 330}}, {"tid": 2, "generated": 0, "bbox": {"xmin": 243, "ymin": 250, "ymax": 312, "xmax": 336}}], [{"tid": 0, "generated": 0, "bbox": {"xmin": 56, "ymin": 120, "ymax": 187, "xmax": 153}}, {"tid": 1, "generated": 0, "bbox": {"xmin": 228, "ymin": 135, "ymax": 202, "xmax": 323}}, {"tid": 2, "generated": 0, "bbox": {"xmin": 241, "ymin": 248, "ymax": 312, "xmax": 332}}], [{"tid": 0, "generated": 0, "bbox": {"xmin": 54, "ymin": 118, "ymax": 185, "xmax": 155}}, {"tid": 1, "generated": 0, "bbox": {"xmin": 226, "ymin": 135, "ymax": 200, "xmax": 325}}, {"tid": 2, "generated": 0, "bbox": {"xmin": 237, "ymin": 248, "ymax": 312, "xmax": 336}}], [{"tid": 0, "generated": 0, "bbox": {"xmin": 53, "ymin": 116, "ymax": 183, "xmax": 153}}, {"tid": 1, "generated": 0, "bbox": {"xmin": 224, "ymin": 133, "ymax": 200, "xmax": 323}}, {"tid": 2, "generated": 0, "bbox": {"xmin": 235, "ymin": 248, "ymax": 312, "xmax": 328}}], [{"tid": 0, "generated": 0, "bbox": {"xmin": 51, "ymin": 114, "ymax": 183, "xmax": 153}}, {"tid": 1, "generated": 0, "bbox": {"xmin": 224, "ymin": 129, "ymax": 198, "xmax": 323}}, {"tid": 2, "generated": 0, "bbox": {"xmin": 233, "ymin": 248, "ymax": 312, "xmax": 328}}], [{"tid": 0, "generated": 0, "bbox": {"xmin": 51, "ymin": 112, "ymax": 181, "xmax": 153}}, {"tid": 1, "generated": 0, "bbox": {"xmin": 224, "ymin": 127, "ymax": 196, "xmax": 325}}, {"tid": 2, "generated": 0, "bbox": {"xmin": 232, "ymin": 248, "ymax": 312, "xmax": 330}}], [{"tid": 0, "generated": 0, "bbox": {"xmin": 51, "ymin": 109, "ymax": 179, "xmax": 155}}, {"tid": 1, "generated": 0, "bbox": {"xmin": 224, "ymin": 125, "ymax": 194, "xmax": 325}}, {"tid": 2, "generated": 0, "bbox": {"xmin": 232, "ymin": 245, "ymax": 310, "xmax": 330}}], [{"tid": 0, "generated": 0, "bbox": {"xmin": 49, "ymin": 105, "ymax": 176, "xmax": 151}}, {"tid": 1, "generated": 0, "bbox": {"xmin": 224, "ymin": 123, "ymax": 192, "xmax": 328}}, {"tid": 2, "generated": 0, "bbox": {"xmin": 230, "ymin": 243, "ymax": 310, "xmax": 328}}], [{"tid": 0, "generated": 0, "bbox": {"xmin": 49, "ymin": 105, "ymax": 174, "xmax": 155}}, {"tid": 1, "generated": 0, "bbox": {"xmin": 224, "ymin": 120, "ymax": 192, "xmax": 327}}, {"tid": 2, "generated": 0, "bbox": {"xmin": 228, "ymin": 243, "ymax": 310, "xmax": 328}}], [{"tid": 0, "generated": 0, "bbox": {"xmin": 49, "ymin": 101, "ymax": 174, "xmax": 157}}, {"tid": 1, "generated": 0, "bbox": {"xmin": 224, "ymin": 118, "ymax": 191, "xmax": 330}}, {"tid": 2, "generated": 0, "bbox": {"xmin": 228, "ymin": 241, "ymax": 310, "xmax": 328}}], [{"tid": 0, "generated": 0, "bbox": {"xmin": 47, "ymin": 99, "ymax": 170, "xmax": 155}}, {"tid": 1, "generated": 0, "bbox": {"xmin": 224, "ymin": 116, "ymax": 191, "xmax": 330}}, {"tid": 2, "generated": 0, "bbox": {"xmin": 226, "ymin": 241, "ymax": 312, "xmax": 328}}], [{"tid": 0, "generated": 0, "bbox": {"xmin": 47, "ymin": 97, "ymax": 172, "xmax": 155}}, {"tid": 1, "generated": 0, "bbox": {"xmin": 224, "ymin": 116, "ymax": 189, "xmax": 332}}, {"tid": 2, "generated": 0, "bbox": {"xmin": 224, "ymin": 241, "ymax": 311, "xmax": 328}}], [{"tid": 0, "generated": 0, "bbox": {"xmin": 47, "ymin": 95, "ymax": 168, "xmax": 155}}, {"tid": 1, "generated": 0, "bbox": {"xmin": 224, "ymin": 112, "ymax": 189, "xmax": 332}}, {"tid": 2, "generated": 0, "bbox": {"xmin": 222, "ymin": 241, "ymax": 310, "xmax": 328}}], [{"tid": 0, "generated": 0, "bbox": {"xmin": 43, "ymin": 94, "ymax": 166, "xmax": 155}}, {"tid": 1, "generated": 0, "bbox": {"xmin": 222, "ymin": 112, "ymax": 187, "xmax": 332}}, {"tid": 2, "generated": 0, "bbox": {"xmin": 220, "ymin": 241, "ymax": 312, "xmax": 323}}], [{"tid": 0, "generated": 0, "bbox": {"xmin": 41, "ymin": 92, "ymax": 166, "xmax": 155}}, {"tid": 1, "generated": 0, "bbox": {"xmin": 220, "ymin": 112, "ymax": 187, "xmax": 332}}, {"tid": 2, "generated": 0, "bbox": {"xmin": 215, "ymin": 241, "ymax": 312, "xmax": 321}}], [{"tid": 0, "generated": 0, "bbox": {"xmin": 38, "ymin": 92, "ymax": 166, "xmax": 151}}, {"tid": 1, "generated": 0, "bbox": {"xmin": 217, "ymin": 112, "ymax": 187, "xmax": 330}}, {"tid": 2, "generated": 0, "bbox": {"xmin": 213, "ymin": 243, "ymax": 314, "xmax": 319}}]], "subject/objects": [{"category": "airplane", "tid": 0}, {"category": "airplane", "tid": 1}, {"category": "airplane", "tid": 2}], "relation_instances": [{"end_fid": 30, "subject_tid": 0, "predicate": "fly_with", "begin_fid": 0, "object_tid": 1}, {"end_fid": 30, "subject_tid": 1, "predicate": "fly_with", "begin_fid": 0, "object_tid": 0}, {"end_fid": 30, "subject_tid": 0, "predicate": "fly_with", "begin_fid": 0, "object_tid": 2}, {"end_fid": 30, "subject_tid": 2, "predicate": "fly_with", "begin_fid": 0, "object_tid": 0}, {"end_fid": 30, "subject_tid": 1, "predicate": "fly_with", "begin_fid": 0, "object_tid": 2}, {"end_fid": 30, "subject_tid": 2, "predicate": "fly_with", "begin_fid": 0, "object_tid": 1}, {"end_fid": 90, "subject_tid": 0, "predicate": "fly_with", "begin_fid": 60, "object_tid": 1}, {"end_fid": 90, "subject_tid": 1, "predicate": "fly_with", "begin_fid": 60, "object_tid": 0}, {"end_fid": 90, "subject_tid": 0, "predicate": "fly_with", "begin_fid": 60, "object_tid": 2}, {"end_fid": 90, "subject_tid": 2, "predicate": "fly_with", "begin_fid": 60, "object_tid": 0}, {"end_fid": 90, "subject_tid": 1, "predicate": "fly_with", "begin_fid": 60, "object_tid": 2}, {"end_fid": 90, "subject_tid": 2, "predicate": "fly_with", "begin_fid": 60, "object_tid": 1}], "height": 360}