{"width": 1280, "frame_count": 930, "video_id": "ILSVRC2015_train_00418002", "fps": 30, "trajectories": [[{"tid": 0, "generated": 0, "bbox": {"xmin": 727, "ymin": 74, "ymax": 538, "xmax": 936}}, {"tid": 1, "generated": 0, "bbox": {"xmin": 433, "ymin": 0, "ymax": 536, "xmax": 876}}], [{"tid": 0, "generated": 0, "bbox": {"xmin": 728, "ymin": 80, "ymax": 545, "xmax": 935}}, {"tid": 1, "generated": 0, "bbox": {"xmin": 433, "ymin": 0, "ymax": 544, "xmax": 878}}], [{"tid": 0, "generated": 0, "bbox": {"xmin": 744, "ymin": 85, "ymax": 547, "xmax": 931}}, {"tid": 1, "generated": 0, "bbox": {"xmin": 437, "ymin": 0, "ymax": 556, "xmax": 876}}], [{"tid": 0, "generated": 0, "bbox": {"xmin": 746, "ymin": 90, "ymax": 551, "xmax": 931}}, {"tid": 1, "generated": 0, "bbox": {"xmin": 437, "ymin": 0, "ymax": 560, "xmax": 830}}], [{"tid": 0, "generated": 0, "bbox": {"xmin": 752, "ymin": 115, "ymax": 556, "xmax": 928}}, {"tid": 1, "generated": 0, "bbox": {"xmin": 439, "ymin": 0, "ymax": 565, "xmax": 840}}], [{"tid": 0, "generated": 0, "bbox": {"xmin": 752, "ymin": 119, "ymax": 563, "xmax": 928}}, {"tid": 1, "generated": 0, "bbox": {"xmin": 442, "ymin": 0, "ymax": 570, "xmax": 846}}], [{"tid": 0, "generated": 0, "bbox": {"xmin": 759, "ymin": 122, "ymax": 567, "xmax": 924}}, {"tid": 1, "generated": 0, "bbox": {"xmin": 440, "ymin": 0, "ymax": 565, "xmax": 851}}], [{"tid": 0, "generated": 0, "bbox": {"xmin": 764, "ymin": 124, "ymax": 570, "xmax": 924}}, {"tid": 1, "generated": 0, "bbox": {"xmin": 442, "ymin": 0, "ymax": 567, "xmax": 869}}], [{"tid": 0, "generated": 0, "bbox": {"xmin": 760, "ymin": 128, "ymax": 577, "xmax": 924}}, {"tid": 1, "generated": 0, "bbox": {"xmin": 444, "ymin": 0, "ymax": 579, "xmax": 872}}], [{"tid": 0, "generated": 0, "bbox": {"xmin": 755, "ymin": 131, "ymax": 577, "xmax": 920}}, {"tid": 1, "generated": 0, "bbox": {"xmin": 444, "ymin": 0, "ymax": 576, "xmax": 880}}], [{"tid": 0, "generated": 0, "bbox": {"xmin": 775, "ymin": 129, "ymax": 561, "xmax": 919}}, {"tid": 1, "generated": 0, "bbox": {"xmin": 442, "ymin": 0, "ymax": 574, "xmax": 885}}], [{"tid": 0, "generated": 0, "bbox": {"xmin": 769, "ymin": 128, "ymax": 558, "xmax": 919}}, {"tid": 1, "generated": 0, "bbox": {"xmin": 442, "ymin": 0, "ymax": 574, "xmax": 890}}], [{"tid": 0, "generated": 0, "bbox": {"xmin": 764, "ymin": 151, "ymax": 551, "xmax": 915}}, {"tid": 1, "generated": 0, "bbox": {"xmin": 446, "ymin": 0, "ymax": 572, "xmax": 890}}], [{"tid": 0, "generated": 0, "bbox": {"xmin": 759, "ymin": 152, "ymax": 552, "xmax": 917}}, {"tid": 1, "generated": 0, "bbox": {"xmin": 444, "ymin": 0, "ymax": 572, "xmax": 890}}], [{"tid": 0, "generated": 0, "bbox": {"xmin": 753, "ymin": 149, "ymax": 556, "xmax": 924}}, {"tid": 1, "generated": 0, "bbox": {"xmin": 446, "ymin": 0, "ymax": 570, "xmax": 892}}], [{"tid": 0, "generated": 0, "bbox": {"xmin": 748, "ymin": 152, "ymax": 560, "xmax": 929}}, {"tid": 1, "generated": 0, "bbox": {"xmin": 444, "ymin": 0, "ymax": 576, "xmax": 888}}], [{"tid": 0, "generated": 0, "bbox": {"xmin": 743, "ymin": 158, "ymax": 561, "xmax": 928}}, {"tid": 1, "generated": 0, "bbox": {"xmin": 446, "ymin": 0, "ymax": 576, "xmax": 885}}], [{"tid": 0, "generated": 0, "bbox": {"xmin": 737, "ymin": 156, "ymax": 565, "xmax": 931}}, {"tid": 1, "generated": 0, "bbox": {"xmin": 444, "ymin": 0, "ymax": 576, "xmax": 887}}], [{"tid": 0, "generated": 0, "bbox": {"xmin": 732, "ymin": 151, "ymax": 572, "xmax": 935}}, {"tid": 1, "generated": 0, "bbox": {"xmin": 442, "ymin": 0, "ymax": 579, "xmax": 881}}], [{"tid": 0, "generated": 0, "bbox": {"xmin": 730, "ymin": 149, "ymax": 565, "xmax": 933}}, {"tid": 1, "generated": 0, "bbox": {"xmin": 448, "ymin": 0, "ymax": 581, "xmax": 881}}], [{"tid": 0, "generated": 0, "bbox": {"xmin": 730, "ymin": 151, "ymax": 570, "xmax": 935}}, {"tid": 1, "generated": 0, "bbox": {"xmin": 448, "ymin": 0, "ymax": 586, "xmax": 881}}], [{"tid": 0, "generated": 0, "bbox": {"xmin": 730, "ymin": 152, "ymax": 579, "xmax": 944}}, {"tid": 1, "generated": 0, "bbox": {"xmin": 453, "ymin": 0, "ymax": 584, "xmax": 887}}], [{"tid": 0, "generated": 0, "bbox": {"xmin": 739, "ymin": 152, "ymax": 577, "xmax": 947}}, {"tid": 1, "generated": 0, "bbox": {"xmin": 455, "ymin": 0, "ymax": 581, "xmax": 892}}], [{"tid": 0, "generated": 0, "bbox": {"xmin": 744, "ymin": 154, "ymax": 581, "xmax": 949}}, {"tid": 1, "generated": 0, "bbox": {"xmin": 460, "ymin": 0, "ymax": 583, "xmax": 897}}], [{"tid": 0, "generated": 0, "bbox": {"xmin": 746, "ymin": 158, "ymax": 574, "xmax": 949}}, {"tid": 1, "generated": 0, "bbox": {"xmin": 464, "ymin": 0, "ymax": 586, "xmax": 908}}], [{"tid": 0, "generated": 0, "bbox": {"xmin": 750, "ymin": 160, "ymax": 558, "xmax": 949}}, {"tid": 1, "generated": 0, "bbox": {"xmin": 460, "ymin": 0, "ymax": 584, "xmax": 912}}], [{"tid": 0, "generated": 0, "bbox": {"xmin": 750, "ymin": 163, "ymax": 552, "xmax": 947}}, {"tid": 1, "generated": 0, "bbox": {"xmin": 465, "ymin": 0, "ymax": 583, "xmax": 910}}], [{"tid": 0, "generated": 0, "bbox": {"xmin": 746, "ymin": 167, "ymax": 547, "xmax": 949}}, {"tid": 1, "generated": 0, "bbox": {"xmin": 460, "ymin": 0, "ymax": 579, "xmax": 913}}], [{"tid": 0, "generated": 0, "bbox": {"xmin": 757, "ymin": 170, "ymax": 542, "xmax": 940}}, {"tid": 1, "generated": 0, "bbox": {"xmin": 462, "ymin": 0, "ymax": 581, "xmax": 908}}], [{"tid": 0, "generated": 0, "bbox": {"xmin": 746, "ymin": 170, "ymax": 542, "xmax": 936}}, {"tid": 1, "generated": 0, "bbox": {"xmin": 456, "ymin": 0, "ymax": 581, "xmax": 904}}], [], [], [], [], [], [], [], [], [], [], [], [], [], [], [], [], [], [], [], [], [], [], [], [], [], [], [], [], [], [], [], [], [], [], [], [], [], [], [], [], [], [], [], [], [], [], [], [], [], [], [], [], [], [], [], [], [], [], [], [], [], [], [], [], [], [], [], [], [], [], [], [], [], [], [], [], [], [], [], [], [], [], [], [], [], [], [], [], [], [], [], [], [], [], [], [], [], [], [], [], [], [], [], [], [], [], [], [], [], [], [], [], [], [], [], [], [], [], [], [], [], [], [], [], [], [], [], [], [], [], [], [], [], [], [], [], [], [], [], [], [], [], [], [], [], [], [], [], [], [], [], [], [], [], [], [], [], [], [], [], [], [], [], [], [], [], [], [], [], [], [], [], [], [], [], [], [], [], [], [], [], [], [], [], [], [], [], [], [], [], [], [], [], [], [], [], [], [], [], [], [], [], [], [], [], [], [], [], [], [], [{"tid": 0, "generated": 0, "bbox": {"xmin": 551, "ymin": 380, "ymax": 664, "xmax": 849}}, {"tid": 1, "generated": 0, "bbox": {"xmin": 341, "ymin": 49, "ymax": 718, "xmax": 1080}}], [{"tid": 0, "generated": 0, "bbox": {"xmin": 552, "ymin": 376, "ymax": 663, "xmax": 858}}, {"tid": 1, "generated": 0, "bbox": {"xmin": 348, "ymin": 49, "ymax": 714, "xmax": 1080}}], [{"tid": 0, "generated": 0, "bbox": {"xmin": 554, "ymin": 380, "ymax": 666, "xmax": 869}}, {"tid": 1, "generated": 0, "bbox": {"xmin": 355, "ymin": 46, "ymax": 718, "xmax": 1077}}], [{"tid": 0, "generated": 0, "bbox": {"xmin": 554, "ymin": 380, "ymax": 679, "xmax": 874}}, {"tid": 1, "generated": 0, "bbox": {"xmin": 359, "ymin": 49, "ymax": 718, "xmax": 1080}}], [{"tid": 0, "generated": 0, "bbox": {"xmin": 556, "ymin": 382, "ymax": 680, "xmax": 883}}, {"tid": 1, "generated": 0, "bbox": {"xmin": 364, "ymin": 49, "ymax": 714, "xmax": 1075}}], [{"tid": 0, "generated": 0, "bbox": {"xmin": 563, "ymin": 380, "ymax": 688, "xmax": 896}}, {"tid": 1, "generated": 0, "bbox": {"xmin": 369, "ymin": 53, "ymax": 714, "xmax": 1075}}], [{"tid": 0, "generated": 0, "bbox": {"xmin": 558, "ymin": 405, "ymax": 716, "xmax": 897}}, {"tid": 1, "generated": 0, "bbox": {"xmin": 375, "ymin": 53, "ymax": 711, "xmax": 1077}}], [{"tid": 0, "generated": 0, "bbox": {"xmin": 560, "ymin": 396, "ymax": 718, "xmax": 906}}, {"tid": 1, "generated": 0, "bbox": {"xmin": 375, "ymin": 56, "ymax": 718, "xmax": 1082}}], [{"tid": 0, "generated": 0, "bbox": {"xmin": 556, "ymin": 385, "ymax": 711, "xmax": 912}}, {"tid": 1, "generated": 0, "bbox": {"xmin": 375, "ymin": 58, "ymax": 714, "xmax": 1088}}], [{"tid": 0, "generated": 0, "bbox": {"xmin": 552, "ymin": 391, "ymax": 688, "xmax": 919}}, {"tid": 1, "generated": 0, "bbox": {"xmin": 376, "ymin": 56, "ymax": 714, "xmax": 1102}}], [{"tid": 0, "generated": 0, "bbox": {"xmin": 563, "ymin": 380, "ymax": 680, "xmax": 929}}, {"tid": 1, "generated": 0, "bbox": {"xmin": 375, "ymin": 48, "ymax": 716, "xmax": 1104}}], [{"tid": 0, "generated": 0, "bbox": {"xmin": 556, "ymin": 373, "ymax": 682, "xmax": 920}}, {"tid": 1, "generated": 0, "bbox": {"xmin": 368, "ymin": 48, "ymax": 714, "xmax": 1114}}], [{"tid": 0, "generated": 0, "bbox": {"xmin": 574, "ymin": 362, "ymax": 673, "xmax": 940}}, {"tid": 1, "generated": 0, "bbox": {"xmin": 368, "ymin": 49, "ymax": 714, "xmax": 1127}}], [{"tid": 0, "generated": 0, "bbox": {"xmin": 586, "ymin": 359, "ymax": 673, "xmax": 952}}, {"tid": 1, "generated": 0, "bbox": {"xmin": 369, "ymin": 51, "ymax": 714, "xmax": 1141}}], [{"tid": 0, "generated": 0, "bbox": {"xmin": 595, "ymin": 366, "ymax": 684, "xmax": 963}}, {"tid": 1, "generated": 0, "bbox": {"xmin": 369, "ymin": 49, "ymax": 711, "xmax": 1146}}], [{"tid": 0, "generated": 0, "bbox": {"xmin": 602, "ymin": 366, "ymax": 672, "xmax": 968}}, {"tid": 1, "generated": 0, "bbox": {"xmin": 366, "ymin": 51, "ymax": 712, "xmax": 1152}}], [{"tid": 0, "generated": 0, "bbox": {"xmin": 613, "ymin": 382, "ymax": 679, "xmax": 979}}, {"tid": 1, "generated": 0, "bbox": {"xmin": 362, "ymin": 48, "ymax": 718, "xmax": 1148}}], [{"tid": 0, "generated": 0, "bbox": {"xmin": 608, "ymin": 382, "ymax": 689, "xmax": 977}}, {"tid": 1, "generated": 0, "bbox": {"xmin": 364, "ymin": 56, "ymax": 718, "xmax": 1153}}], [{"tid": 0, "generated": 0, "bbox": {"xmin": 609, "ymin": 403, "ymax": 716, "xmax": 981}}, {"tid": 1, "generated": 0, "bbox": {"xmin": 366, "ymin": 58, "ymax": 718, "xmax": 1157}}], [{"tid": 0, "generated": 0, "bbox": {"xmin": 627, "ymin": 364, "ymax": 702, "xmax": 999}}, {"tid": 1, "generated": 0, "bbox": {"xmin": 375, "ymin": 62, "ymax": 718, "xmax": 1168}}], [{"tid": 0, "generated": 0, "bbox": {"xmin": 627, "ymin": 376, "ymax": 712, "xmax": 1000}}, {"tid": 1, "generated": 0, "bbox": {"xmin": 369, "ymin": 69, "ymax": 716, "xmax": 1184}}], [{"tid": 0, "generated": 0, "bbox": {"xmin": 622, "ymin": 382, "ymax": 716, "xmax": 997}}, {"tid": 1, "generated": 0, "bbox": {"xmin": 353, "ymin": 74, "ymax": 714, "xmax": 1184}}], [{"tid": 0, "generated": 0, "bbox": {"xmin": 616, "ymin": 380, "ymax": 712, "xmax": 993}}, {"tid": 1, "generated": 0, "bbox": {"xmin": 344, "ymin": 71, "ymax": 718, "xmax": 1189}}], [{"tid": 0, "generated": 0, "bbox": {"xmin": 609, "ymin": 382, "ymax": 712, "xmax": 988}}, {"tid": 1, "generated": 0, "bbox": {"xmin": 325, "ymin": 69, "ymax": 718, "xmax": 1192}}], [{"tid": 0, "generated": 0, "bbox": {"xmin": 602, "ymin": 384, "ymax": 712, "xmax": 983}}, {"tid": 1, "generated": 0, "bbox": {"xmin": 312, "ymin": 72, "ymax": 718, "xmax": 1192}}], [{"tid": 0, "generated": 0, "bbox": {"xmin": 593, "ymin": 391, "ymax": 712, "xmax": 990}}, {"tid": 1, "generated": 0, "bbox": {"xmin": 296, "ymin": 76, "ymax": 718, "xmax": 1184}}], [{"tid": 0, "generated": 0, "bbox": {"xmin": 584, "ymin": 392, "ymax": 714, "xmax": 979}}, {"tid": 1, "generated": 0, "bbox": {"xmin": 282, "ymin": 87, "ymax": 716, "xmax": 1182}}], [{"tid": 0, "generated": 0, "bbox": {"xmin": 584, "ymin": 400, "ymax": 716, "xmax": 977}}, {"tid": 1, "generated": 0, "bbox": {"xmin": 236, "ymin": 92, "ymax": 714, "xmax": 1162}}], [{"tid": 0, "generated": 0, "bbox": {"xmin": 581, "ymin": 396, "ymax": 714, "xmax": 972}}, {"tid": 1, "generated": 0, "bbox": {"xmin": 236, "ymin": 94, "ymax": 712, "xmax": 1160}}], [{"tid": 0, "generated": 0, "bbox": {"xmin": 583, "ymin": 400, "ymax": 718, "xmax": 974}}, {"tid": 1, "generated": 0, "bbox": {"xmin": 245, "ymin": 97, "ymax": 714, "xmax": 1160}}], [], [], [], [], [], [], [], [], [], [], [], [], [], [], [], [], [], [], [], [], [], [], [], [], [], [], [], [], [], [], [], [], [], [], [], [], [], [], [], [], [], [], [], [], [], [], [], [], [], [], [], [], [], [], [], [], [], [], [], [], [], [], [], [], [], [], [], [], [], [], [], [], [], [], [], [], [], [], [], [], [], [], [], [], [], [], [], [], [], [], [], [], [], [], [], [], [], [], [], [], [], [], [], [], [], [], [], [], [], [], [], [], [], [], [], [], [], [], [], [], [], [], [], [], [], [], [], [], [], [], [], [], [], [], [], [], [], [], [], [], [], [], [], [], [], [], [], [], [], [], [], [], [], [], [], [], [], [], [], [], [], [], [], [], [], [], [], [], [], [], [], [], [], [], [], [], [], [], [], [], [], [], [], [], [], [], [], [], [], [], [], [], [], [], [], [], [], [], [], [], [], [], [], [], [], [], [], [], [], [], [{"tid": 0, "generated": 0, "bbox": {"xmin": 323, "ymin": 140, "ymax": 536, "xmax": 577}}, {"tid": 1, "generated": 0, "bbox": {"xmin": 446, "ymin": 21, "ymax": 552, "xmax": 1084}}], [{"tid": 0, "generated": 0, "bbox": {"xmin": 318, "ymin": 147, "ymax": 538, "xmax": 560}}, {"tid": 1, "generated": 0, "bbox": {"xmin": 444, "ymin": 16, "ymax": 551, "xmax": 1088}}], [{"tid": 0, "generated": 0, "bbox": {"xmin": 320, "ymin": 149, "ymax": 538, "xmax": 552}}, {"tid": 1, "generated": 0, "bbox": {"xmin": 432, "ymin": 14, "ymax": 552, "xmax": 1080}}], [{"tid": 0, "generated": 0, "bbox": {"xmin": 311, "ymin": 151, "ymax": 538, "xmax": 552}}, {"tid": 1, "generated": 0, "bbox": {"xmin": 421, "ymin": 14, "ymax": 554, "xmax": 1073}}], [{"tid": 0, "generated": 0, "bbox": {"xmin": 307, "ymin": 154, "ymax": 542, "xmax": 554}}, {"tid": 1, "generated": 0, "bbox": {"xmin": 412, "ymin": 14, "ymax": 549, "xmax": 1070}}], [{"tid": 0, "generated": 0, "bbox": {"xmin": 298, "ymin": 152, "ymax": 538, "xmax": 554}}, {"tid": 1, "generated": 0, "bbox": {"xmin": 410, "ymin": 14, "ymax": 554, "xmax": 1066}}], [{"tid": 0, "generated": 0, "bbox": {"xmin": 293, "ymin": 154, "ymax": 538, "xmax": 556}}, {"tid": 1, "generated": 0, "bbox": {"xmin": 412, "ymin": 14, "ymax": 545, "xmax": 1063}}], [{"tid": 0, "generated": 0, "bbox": {"xmin": 286, "ymin": 152, "ymax": 540, "xmax": 558}}, {"tid": 1, "generated": 0, "bbox": {"xmin": 417, "ymin": 14, "ymax": 552, "xmax": 1059}}], [{"tid": 0, "generated": 0, "bbox": {"xmin": 289, "ymin": 151, "ymax": 538, "xmax": 561}}, {"tid": 1, "generated": 0, "bbox": {"xmin": 426, "ymin": 14, "ymax": 542, "xmax": 1063}}], [{"tid": 0, "generated": 0, "bbox": {"xmin": 291, "ymin": 152, "ymax": 538, "xmax": 567}}, {"tid": 1, "generated": 0, "bbox": {"xmin": 440, "ymin": 14, "ymax": 536, "xmax": 1068}}], [{"tid": 0, "generated": 0, "bbox": {"xmin": 289, "ymin": 151, "ymax": 535, "xmax": 622}}, {"tid": 1, "generated": 0, "bbox": {"xmin": 456, "ymin": 12, "ymax": 540, "xmax": 1077}}], [{"tid": 0, "generated": 0, "bbox": {"xmin": 293, "ymin": 151, "ymax": 536, "xmax": 643}}, {"tid": 1, "generated": 0, "bbox": {"xmin": 456, "ymin": 10, "ymax": 544, "xmax": 1075}}], [{"tid": 0, "generated": 0, "bbox": {"xmin": 300, "ymin": 144, "ymax": 529, "xmax": 640}}, {"tid": 1, "generated": 0, "bbox": {"xmin": 469, "ymin": 8, "ymax": 542, "xmax": 1082}}], [{"tid": 0, "generated": 0, "bbox": {"xmin": 307, "ymin": 140, "ymax": 526, "xmax": 641}}, {"tid": 1, "generated": 0, "bbox": {"xmin": 471, "ymin": 7, "ymax": 538, "xmax": 1082}}], [{"tid": 0, "generated": 0, "bbox": {"xmin": 307, "ymin": 133, "ymax": 531, "xmax": 634}}, {"tid": 1, "generated": 0, "bbox": {"xmin": 467, "ymin": 5, "ymax": 536, "xmax": 1084}}], [{"tid": 0, "generated": 0, "bbox": {"xmin": 318, "ymin": 136, "ymax": 531, "xmax": 641}}, {"tid": 1, "generated": 0, "bbox": {"xmin": 465, "ymin": 3, "ymax": 538, "xmax": 1079}}], [{"tid": 0, "generated": 0, "bbox": {"xmin": 337, "ymin": 128, "ymax": 520, "xmax": 659}}, {"tid": 1, "generated": 0, "bbox": {"xmin": 464, "ymin": 0, "ymax": 528, "xmax": 1075}}], [{"tid": 0, "generated": 0, "bbox": {"xmin": 353, "ymin": 115, "ymax": 506, "xmax": 616}}, {"tid": 1, "generated": 0, "bbox": {"xmin": 462, "ymin": 0, "ymax": 515, "xmax": 1072}}], [{"tid": 0, "generated": 0, "bbox": {"xmin": 360, "ymin": 112, "ymax": 501, "xmax": 597}}, {"tid": 1, "generated": 0, "bbox": {"xmin": 455, "ymin": 0, "ymax": 506, "xmax": 1072}}], [{"tid": 0, "generated": 0, "bbox": {"xmin": 364, "ymin": 106, "ymax": 497, "xmax": 599}}, {"tid": 1, "generated": 0, "bbox": {"xmin": 456, "ymin": 0, "ymax": 503, "xmax": 1073}}], [{"tid": 0, "generated": 0, "bbox": {"xmin": 362, "ymin": 104, "ymax": 496, "xmax": 600}}, {"tid": 1, "generated": 0, "bbox": {"xmin": 455, "ymin": 0, "ymax": 504, "xmax": 1073}}], [{"tid": 0, "generated": 0, "bbox": {"xmin": 362, "ymin": 103, "ymax": 492, "xmax": 588}}, {"tid": 1, "generated": 0, "bbox": {"xmin": 451, "ymin": 0, "ymax": 503, "xmax": 1068}}], [{"tid": 0, "generated": 0, "bbox": {"xmin": 359, "ymin": 101, "ymax": 488, "xmax": 586}}, {"tid": 1, "generated": 0, "bbox": {"xmin": 456, "ymin": 0, "ymax": 499, "xmax": 1073}}], [{"tid": 0, "generated": 0, "bbox": {"xmin": 366, "ymin": 103, "ymax": 488, "xmax": 590}}, {"tid": 1, "generated": 0, "bbox": {"xmin": 467, "ymin": 0, "ymax": 497, "xmax": 1082}}], [{"tid": 0, "generated": 0, "bbox": {"xmin": 366, "ymin": 96, "ymax": 487, "xmax": 581}}, {"tid": 1, "generated": 0, "bbox": {"xmin": 485, "ymin": 1, "ymax": 496, "xmax": 1084}}], [{"tid": 0, "generated": 0, "bbox": {"xmin": 369, "ymin": 99, "ymax": 488, "xmax": 590}}, {"tid": 1, "generated": 0, "bbox": {"xmin": 490, "ymin": 0, "ymax": 490, "xmax": 1086}}], [{"tid": 0, "generated": 0, "bbox": {"xmin": 368, "ymin": 96, "ymax": 483, "xmax": 604}}, {"tid": 1, "generated": 0, "bbox": {"xmin": 490, "ymin": 0, "ymax": 488, "xmax": 1093}}], [{"tid": 0, "generated": 0, "bbox": {"xmin": 373, "ymin": 94, "ymax": 481, "xmax": 615}}, {"tid": 1, "generated": 0, "bbox": {"xmin": 487, "ymin": 0, "ymax": 487, "xmax": 1096}}], [{"tid": 0, "generated": 0, "bbox": {"xmin": 382, "ymin": 92, "ymax": 480, "xmax": 645}}, {"tid": 1, "generated": 0, "bbox": {"xmin": 487, "ymin": 0, "ymax": 487, "xmax": 1104}}], [{"tid": 0, "generated": 0, "bbox": {"xmin": 382, "ymin": 88, "ymax": 481, "xmax": 647}}, {"tid": 1, "generated": 0, "bbox": {"xmin": 492, "ymin": 0, "ymax": 480, "xmax": 1109}}], [], [], [], [], [], [], [], [], [], [], [], [], [], [], [], [], [], [], [], [], [], [], [], [], [], [], [], [], [], [], [], [], [], [], [], [], [], [], [], [], [], [], [], [], [], [], [], [], [], [], [], [], [], [], [], [], [], [], [], [], [], [], [], [], [], [], [], [], [], [], [], [], [], [], [], [], [], [], [], [], [], [], [], [], [], [], [], [], [], [], [], [], [], [], [], [], [], [], [], [], [], [], [], [], [], [], [], [], [], [], [], [], [], [], [], [], [], [], [], [], [], [], [], [], [], [], [], [], [], [], [], [], [], [], [], [], [], [], [], [], [], [], [], [], [], [], [], [], [], [], [], [], [], [], [], [], [], [], [], [], [], [], [], [], [], [], [], [], [], [], [], [], [], [], [], [], [], [], [], [], [{"tid": 0, "generated": 0, "bbox": {"xmin": 382, "ymin": 144, "ymax": 599, "xmax": 538}}, {"tid": 1, "generated": 0, "bbox": {"xmin": 520, "ymin": 35, "ymax": 606, "xmax": 775}}], [{"tid": 0, "generated": 0, "bbox": {"xmin": 385, "ymin": 140, "ymax": 597, "xmax": 540}}, {"tid": 1, "generated": 0, "bbox": {"xmin": 520, "ymin": 35, "ymax": 611, "xmax": 778}}], [{"tid": 0, "generated": 0, "bbox": {"xmin": 384, "ymin": 145, "ymax": 604, "xmax": 542}}, {"tid": 1, "generated": 0, "bbox": {"xmin": 515, "ymin": 33, "ymax": 611, "xmax": 776}}], [{"tid": 0, "generated": 0, "bbox": {"xmin": 385, "ymin": 143, "ymax": 603, "xmax": 543}}, {"tid": 1, "generated": 0, "bbox": {"xmin": 520, "ymin": 35, "ymax": 611, "xmax": 778}}], [{"tid": 0, "generated": 0, "bbox": {"xmin": 387, "ymin": 142, "ymax": 602, "xmax": 545}}, {"tid": 1, "generated": 0, "bbox": {"xmin": 515, "ymin": 35, "ymax": 613, "xmax": 778}}], [{"tid": 0, "generated": 0, "bbox": {"xmin": 384, "ymin": 147, "ymax": 608, "xmax": 542}}, {"tid": 1, "generated": 0, "bbox": {"xmin": 506, "ymin": 35, "ymax": 615, "xmax": 776}}], [{"tid": 0, "generated": 0, "bbox": {"xmin": 385, "ymin": 144, "ymax": 613, "xmax": 536}}, {"tid": 1, "generated": 0, "bbox": {"xmin": 497, "ymin": 33, "ymax": 618, "xmax": 771}}], [{"tid": 0, "generated": 0, "bbox": {"xmin": 394, "ymin": 142, "ymax": 613, "xmax": 540}}, {"tid": 1, "generated": 0, "bbox": {"xmin": 494, "ymin": 35, "ymax": 618, "xmax": 769}}], [{"tid": 0, "generated": 0, "bbox": {"xmin": 391, "ymin": 140, "ymax": 613, "xmax": 531}}, {"tid": 1, "generated": 0, "bbox": {"xmin": 494, "ymin": 32, "ymax": 622, "xmax": 768}}], [{"tid": 0, "generated": 0, "bbox": {"xmin": 394, "ymin": 144, "ymax": 615, "xmax": 536}}, {"tid": 1, "generated": 0, "bbox": {"xmin": 485, "ymin": 37, "ymax": 624, "xmax": 776}}], [{"tid": 0, "generated": 0, "bbox": {"xmin": 398, "ymin": 142, "ymax": 615, "xmax": 542}}, {"tid": 1, "generated": 0, "bbox": {"xmin": 483, "ymin": 33, "ymax": 625, "xmax": 778}}], [{"tid": 0, "generated": 0, "bbox": {"xmin": 392, "ymin": 140, "ymax": 615, "xmax": 536}}, {"tid": 1, "generated": 0, "bbox": {"xmin": 480, "ymin": 33, "ymax": 627, "xmax": 780}}], [{"tid": 0, "generated": 0, "bbox": {"xmin": 396, "ymin": 138, "ymax": 615, "xmax": 542}}, {"tid": 1, "generated": 0, "bbox": {"xmin": 478, "ymin": 33, "ymax": 629, "xmax": 784}}], [{"tid": 0, "generated": 0, "bbox": {"xmin": 394, "ymin": 136, "ymax": 615, "xmax": 540}}, {"tid": 1, "generated": 0, "bbox": {"xmin": 476, "ymin": 33, "ymax": 631, "xmax": 789}}], [{"tid": 0, "generated": 0, "bbox": {"xmin": 398, "ymin": 133, "ymax": 613, "xmax": 545}}, {"tid": 1, "generated": 0, "bbox": {"xmin": 471, "ymin": 32, "ymax": 631, "xmax": 789}}], [{"tid": 0, "generated": 0, "bbox": {"xmin": 400, "ymin": 131, "ymax": 615, "xmax": 549}}, {"tid": 1, "generated": 0, "bbox": {"xmin": 471, "ymin": 32, "ymax": 632, "xmax": 796}}], [{"tid": 0, "generated": 0, "bbox": {"xmin": 400, "ymin": 131, "ymax": 615, "xmax": 538}}, {"tid": 1, "generated": 0, "bbox": {"xmin": 465, "ymin": 16, "ymax": 632, "xmax": 796}}], [{"tid": 0, "generated": 0, "bbox": {"xmin": 401, "ymin": 133, "ymax": 616, "xmax": 540}}, {"tid": 1, "generated": 0, "bbox": {"xmin": 460, "ymin": 17, "ymax": 634, "xmax": 796}}], [{"tid": 0, "generated": 0, "bbox": {"xmin": 396, "ymin": 131, "ymax": 618, "xmax": 542}}, {"tid": 1, "generated": 0, "bbox": {"xmin": 460, "ymin": 21, "ymax": 634, "xmax": 805}}], [{"tid": 0, "generated": 0, "bbox": {"xmin": 396, "ymin": 128, "ymax": 618, "xmax": 547}}, {"tid": 1, "generated": 0, "bbox": {"xmin": 455, "ymin": 16, "ymax": 638, "xmax": 805}}], [{"tid": 0, "generated": 0, "bbox": {"xmin": 389, "ymin": 124, "ymax": 616, "xmax": 547}}, {"tid": 1, "generated": 0, "bbox": {"xmin": 458, "ymin": 12, "ymax": 636, "xmax": 812}}], [{"tid": 0, "generated": 0, "bbox": {"xmin": 391, "ymin": 122, "ymax": 618, "xmax": 549}}, {"tid": 1, "generated": 0, "bbox": {"xmin": 455, "ymin": 10, "ymax": 640, "xmax": 808}}], [{"tid": 0, "generated": 0, "bbox": {"xmin": 391, "ymin": 122, "ymax": 622, "xmax": 547}}, {"tid": 1, "generated": 0, "bbox": {"xmin": 456, "ymin": 8, "ymax": 636, "xmax": 817}}], [{"tid": 0, "generated": 0, "bbox": {"xmin": 391, "ymin": 120, "ymax": 622, "xmax": 549}}, {"tid": 1, "generated": 0, "bbox": {"xmin": 458, "ymin": 8, "ymax": 636, "xmax": 826}}], [{"tid": 0, "generated": 0, "bbox": {"xmin": 391, "ymin": 119, "ymax": 624, "xmax": 547}}, {"tid": 1, "generated": 0, "bbox": {"xmin": 455, "ymin": 5, "ymax": 634, "xmax": 826}}], [{"tid": 0, "generated": 0, "bbox": {"xmin": 387, "ymin": 117, "ymax": 625, "xmax": 545}}, {"tid": 1, "generated": 0, "bbox": {"xmin": 460, "ymin": 1, "ymax": 627, "xmax": 828}}], [{"tid": 0, "generated": 0, "bbox": {"xmin": 389, "ymin": 113, "ymax": 626, "xmax": 543}}, {"tid": 1, "generated": 0, "bbox": {"xmin": 456, "ymin": 3, "ymax": 636, "xmax": 828}}], [{"tid": 0, "generated": 0, "bbox": {"xmin": 391, "ymin": 110, "ymax": 627, "xmax": 542}}, {"tid": 1, "generated": 0, "bbox": {"xmin": 453, "ymin": 1, "ymax": 638, "xmax": 828}}], [{"tid": 0, "generated": 0, "bbox": {"xmin": 392, "ymin": 103, "ymax": 624, "xmax": 542}}, {"tid": 1, "generated": 0, "bbox": {"xmin": 449, "ymin": 3, "ymax": 640, "xmax": 830}}], [{"tid": 0, "generated": 0, "bbox": {"xmin": 391, "ymin": 101, "ymax": 625, "xmax": 538}}, {"tid": 1, "generated": 0, "bbox": {"xmin": 446, "ymin": 0, "ymax": 640, "xmax": 832}}], [], [], [], [], [], [], [], [], [], [], [], [], [], [], [], [], [], [], [], [], [], [], [], [], [], [], [], [], [], [], [], [], [], [], [], [], [], [], [], [], [], [], [], [], [], [], [], [], [], [], [], [], [], [], [], [], [], [], [], [], [{"tid": 0, "generated": 0, "bbox": {"xmin": 309, "ymin": 176, "ymax": 712, "xmax": 510}}, {"tid": 1, "generated": 0, "bbox": {"xmin": 268, "ymin": 12, "ymax": 718, "xmax": 839}}], [{"tid": 0, "generated": 0, "bbox": {"xmin": 304, "ymin": 176, "ymax": 711, "xmax": 512}}, {"tid": 1, "generated": 0, "bbox": {"xmin": 268, "ymin": 5, "ymax": 716, "xmax": 848}}], [{"tid": 0, "generated": 0, "bbox": {"xmin": 300, "ymin": 179, "ymax": 716, "xmax": 506}}, {"tid": 1, "generated": 0, "bbox": {"xmin": 270, "ymin": 10, "ymax": 718, "xmax": 848}}], [{"tid": 0, "generated": 0, "bbox": {"xmin": 300, "ymin": 183, "ymax": 718, "xmax": 504}}, {"tid": 1, "generated": 0, "bbox": {"xmin": 272, "ymin": 14, "ymax": 718, "xmax": 848}}], [{"tid": 0, "generated": 0, "bbox": {"xmin": 302, "ymin": 197, "ymax": 718, "xmax": 506}}, {"tid": 1, "generated": 0, "bbox": {"xmin": 273, "ymin": 23, "ymax": 718, "xmax": 848}}], [{"tid": 0, "generated": 0, "bbox": {"xmin": 309, "ymin": 225, "ymax": 718, "xmax": 515}}, {"tid": 1, "generated": 0, "bbox": {"xmin": 273, "ymin": 49, "ymax": 718, "xmax": 848}}], [{"tid": 0, "generated": 0, "bbox": {"xmin": 309, "ymin": 257, "ymax": 716, "xmax": 517}}, {"tid": 1, "generated": 0, "bbox": {"xmin": 277, "ymin": 81, "ymax": 718, "xmax": 851}}], [{"tid": 0, "generated": 0, "bbox": {"xmin": 309, "ymin": 273, "ymax": 716, "xmax": 517}}, {"tid": 1, "generated": 0, "bbox": {"xmin": 280, "ymin": 101, "ymax": 716, "xmax": 853}}], [{"tid": 0, "generated": 0, "bbox": {"xmin": 311, "ymin": 286, "ymax": 718, "xmax": 519}}, {"tid": 1, "generated": 0, "bbox": {"xmin": 282, "ymin": 113, "ymax": 718, "xmax": 855}}], [{"tid": 0, "generated": 0, "bbox": {"xmin": 314, "ymin": 295, "ymax": 716, "xmax": 524}}, {"tid": 1, "generated": 0, "bbox": {"xmin": 286, "ymin": 115, "ymax": 718, "xmax": 856}}], [{"tid": 0, "generated": 0, "bbox": {"xmin": 318, "ymin": 300, "ymax": 716, "xmax": 528}}, {"tid": 1, "generated": 0, "bbox": {"xmin": 293, "ymin": 124, "ymax": 718, "xmax": 860}}], [{"tid": 0, "generated": 0, "bbox": {"xmin": 323, "ymin": 307, "ymax": 718, "xmax": 533}}, {"tid": 1, "generated": 0, "bbox": {"xmin": 298, "ymin": 133, "ymax": 718, "xmax": 864}}], [{"tid": 0, "generated": 0, "bbox": {"xmin": 330, "ymin": 296, "ymax": 714, "xmax": 533}}, {"tid": 1, "generated": 0, "bbox": {"xmin": 295, "ymin": 129, "ymax": 716, "xmax": 856}}], [{"tid": 0, "generated": 0, "bbox": {"xmin": 337, "ymin": 264, "ymax": 718, "xmax": 536}}, {"tid": 1, "generated": 0, "bbox": {"xmin": 307, "ymin": 108, "ymax": 718, "xmax": 864}}], [{"tid": 0, "generated": 0, "bbox": {"xmin": 346, "ymin": 245, "ymax": 718, "xmax": 545}}, {"tid": 1, "generated": 0, "bbox": {"xmin": 320, "ymin": 76, "ymax": 718, "xmax": 872}}], [{"tid": 0, "generated": 0, "bbox": {"xmin": 359, "ymin": 213, "ymax": 718, "xmax": 558}}, {"tid": 1, "generated": 0, "bbox": {"xmin": 334, "ymin": 44, "ymax": 718, "xmax": 883}}], [{"tid": 0, "generated": 0, "bbox": {"xmin": 375, "ymin": 188, "ymax": 711, "xmax": 574}}, {"tid": 1, "generated": 0, "bbox": {"xmin": 348, "ymin": 24, "ymax": 712, "xmax": 901}}], [{"tid": 0, "generated": 0, "bbox": {"xmin": 385, "ymin": 184, "ymax": 709, "xmax": 592}}, {"tid": 1, "generated": 0, "bbox": {"xmin": 366, "ymin": 19, "ymax": 702, "xmax": 913}}], [{"tid": 0, "generated": 0, "bbox": {"xmin": 394, "ymin": 172, "ymax": 696, "xmax": 604}}, {"tid": 1, "generated": 0, "bbox": {"xmin": 378, "ymin": 10, "ymax": 698, "xmax": 920}}], [{"tid": 0, "generated": 0, "bbox": {"xmin": 396, "ymin": 167, "ymax": 695, "xmax": 609}}, {"tid": 1, "generated": 0, "bbox": {"xmin": 387, "ymin": 7, "ymax": 689, "xmax": 928}}], [{"tid": 0, "generated": 0, "bbox": {"xmin": 401, "ymin": 160, "ymax": 670, "xmax": 616}}, {"tid": 1, "generated": 0, "bbox": {"xmin": 391, "ymin": 1, "ymax": 680, "xmax": 928}}], [{"tid": 0, "generated": 0, "bbox": {"xmin": 403, "ymin": 152, "ymax": 670, "xmax": 620}}, {"tid": 1, "generated": 0, "bbox": {"xmin": 398, "ymin": 0, "ymax": 672, "xmax": 931}}], [{"tid": 0, "generated": 0, "bbox": {"xmin": 405, "ymin": 142, "ymax": 661, "xmax": 624}}, {"tid": 1, "generated": 0, "bbox": {"xmin": 407, "ymin": 0, "ymax": 668, "xmax": 936}}], [{"tid": 0, "generated": 0, "bbox": {"xmin": 414, "ymin": 136, "ymax": 659, "xmax": 629}}, {"tid": 1, "generated": 0, "bbox": {"xmin": 416, "ymin": 0, "ymax": 664, "xmax": 942}}], [{"tid": 0, "generated": 0, "bbox": {"xmin": 414, "ymin": 136, "ymax": 650, "xmax": 636}}, {"tid": 1, "generated": 0, "bbox": {"xmin": 419, "ymin": 0, "ymax": 659, "xmax": 944}}], [{"tid": 0, "generated": 0, "bbox": {"xmin": 421, "ymin": 136, "ymax": 648, "xmax": 640}}, {"tid": 1, "generated": 0, "bbox": {"xmin": 426, "ymin": 0, "ymax": 654, "xmax": 949}}], [{"tid": 0, "generated": 0, "bbox": {"xmin": 421, "ymin": 142, "ymax": 650, "xmax": 636}}, {"tid": 1, "generated": 0, "bbox": {"xmin": 430, "ymin": 0, "ymax": 652, "xmax": 947}}], [{"tid": 0, "generated": 0, "bbox": {"xmin": 426, "ymin": 145, "ymax": 647, "xmax": 640}}, {"tid": 1, "generated": 0, "bbox": {"xmin": 432, "ymin": 1, "ymax": 657, "xmax": 944}}], [{"tid": 0, "generated": 0, "bbox": {"xmin": 432, "ymin": 149, "ymax": 652, "xmax": 641}}, {"tid": 1, "generated": 0, "bbox": {"xmin": 435, "ymin": 3, "ymax": 659, "xmax": 947}}], [{"tid": 0, "generated": 0, "bbox": {"xmin": 433, "ymin": 152, "ymax": 654, "xmax": 640}}, {"tid": 1, "generated": 0, "bbox": {"xmin": 439, "ymin": 7, "ymax": 654, "xmax": 947}}]], "subject/objects": [{"category": "zebra", "tid": 0}, {"category": "zebra", "tid": 1}], "relation_instances": [{"end_fid": 30, "subject_tid": 0, "predicate": "walk_right", "begin_fid": 0, "object_tid": 1}, {"end_fid": 30, "subject_tid": 0, "predicate": "walk_next_to", "begin_fid": 0, "object_tid": 1}, {"end_fid": 30, "subject_tid": 0, "predicate": "walk_with", "begin_fid": 0, "object_tid": 1}, {"end_fid": 30, "subject_tid": 1, "predicate": "walk_next_to", "begin_fid": 0, "object_tid": 0}, {"end_fid": 30, "subject_tid": 1, "predicate": "walk_with", "begin_fid": 0, "object_tid": 0}, {"end_fid": 30, "subject_tid": 1, "predicate": "walk_left", "begin_fid": 0, "object_tid": 0}, {"end_fid": 30, "subject_tid": 1, "predicate": "taller", "begin_fid": 0, "object_tid": 0}, {"end_fid": 30, "subject_tid": 1, "predicate": "larger", "begin_fid": 0, "object_tid": 0}, {"end_fid": 270, "subject_tid": 0, "predicate": "walk_next_to", "begin_fid": 240, "object_tid": 1}, {"end_fid": 270, "subject_tid": 0, "predicate": "walk_behind", "begin_fid": 240, "object_tid": 1}, {"end_fid": 270, "subject_tid": 0, "predicate": "walk_with", "begin_fid": 240, "object_tid": 1}, {"end_fid": 270, "subject_tid": 1, "predicate": "walk_next_to", "begin_fid": 240, "object_tid": 0}, {"end_fid": 270, "subject_tid": 1, "predicate": "walk_front", "begin_fid": 240, "object_tid": 0}, {"end_fid": 270, "subject_tid": 1, "predicate": "walk_with", "begin_fid": 240, "object_tid": 0}, {"end_fid": 270, "subject_tid": 1, "predicate": "taller", "begin_fid": 240, "object_tid": 0}, {"end_fid": 270, "subject_tid": 1, "predicate": "larger", "begin_fid": 240, "object_tid": 0}, {"end_fid": 510, "subject_tid": 0, "predicate": "walk_next_to", "begin_fid": 480, "object_tid": 1}, {"end_fid": 510, "subject_tid": 0, "predicate": "walk_with", "begin_fid": 480, "object_tid": 1}, {"end_fid": 510, "subject_tid": 0, "predicate": "walk_left", "begin_fid": 480, "object_tid": 1}, {"end_fid": 510, "subject_tid": 1, "predicate": "walk_right", "begin_fid": 480, "object_tid": 0}, {"end_fid": 510, "subject_tid": 1, "predicate": "walk_next_to", "begin_fid": 480, "object_tid": 0}, {"end_fid": 510, "subject_tid": 1, "predicate": "walk_with", "begin_fid": 480, "object_tid": 0}, {"end_fid": 510, "subject_tid": 1, "predicate": "taller", "begin_fid": 480, "object_tid": 0}, {"end_fid": 510, "subject_tid": 1, "predicate": "larger", "begin_fid": 480, "object_tid": 0}, {"end_fid": 720, "subject_tid": 0, "predicate": "walk_next_to", "begin_fid": 690, "object_tid": 1}, {"end_fid": 720, "subject_tid": 0, "predicate": "walk_with", "begin_fid": 690, "object_tid": 1}, {"end_fid": 720, "subject_tid": 0, "predicate": "walk_left", "begin_fid": 690, "object_tid": 1}, {"end_fid": 720, "subject_tid": 1, "predicate": "walk_right", "begin_fid": 690, "object_tid": 0}, {"end_fid": 720, "subject_tid": 1, "predicate": "walk_next_to", "begin_fid": 690, "object_tid": 0}, {"end_fid": 720, "subject_tid": 1, "predicate": "walk_with", "begin_fid": 690, "object_tid": 0}, {"end_fid": 720, "subject_tid": 1, "predicate": "taller", "begin_fid": 690, "object_tid": 0}, {"end_fid": 720, "subject_tid": 1, "predicate": "larger", "begin_fid": 690, "object_tid": 0}, {"end_fid": 810, "subject_tid": 0, "predicate": "stand_next_to", "begin_fid": 780, "object_tid": 1}, {"end_fid": 810, "subject_tid": 0, "predicate": "stand_left", "begin_fid": 780, "object_tid": 1}, {"end_fid": 810, "subject_tid": 1, "predicate": "stand_right", "begin_fid": 780, "object_tid": 0}, {"end_fid": 810, "subject_tid": 1, "predicate": "stand_next_to", "begin_fid": 780, "object_tid": 0}, {"end_fid": 810, "subject_tid": 1, "predicate": "taller", "begin_fid": 780, "object_tid": 0}, {"end_fid": 810, "subject_tid": 1, "predicate": "larger", "begin_fid": 780, "object_tid": 0}], "height": 720}