{"width": 1280, "frame_count": 106, "video_id": "ILSVRC2015_train_00392000", "fps": 25, "trajectories": [[], [], [], [], [], [], [], [], [], [], [], [], [], [], [], [], [], [], [], [], [], [], [], [], [], [], [], [], [], [], [], [], [], [], [], [], [], [], [], [], [], [], [], [], [], [], [], [], [], [], [], [], [], [], [], [], [], [], [], [], [], [], [], [], [], [], [], [], [], [], [], [], [], [], [], [{"tid": 2, "generated": 0, "bbox": {"xmin": 371, "ymin": 245, "ymax": 272, "xmax": 423}}, {"tid": 3, "generated": 0, "bbox": {"xmin": 323, "ymin": 250, "ymax": 280, "xmax": 373}}, {"tid": 4, "generated": 0, "bbox": {"xmin": 508, "ymin": 238, "ymax": 263, "xmax": 560}}], [{"tid": 2, "generated": 0, "bbox": {"xmin": 374, "ymin": 244, "ymax": 271, "xmax": 426}}, {"tid": 3, "generated": 0, "bbox": {"xmin": 326, "ymin": 249, "ymax": 279, "xmax": 376}}, {"tid": 4, "generated": 0, "bbox": {"xmin": 511, "ymin": 238, "ymax": 262, "xmax": 562}}], [{"tid": 2, "generated": 0, "bbox": {"xmin": 378, "ymin": 244, "ymax": 271, "xmax": 430}}, {"tid": 3, "generated": 0, "bbox": {"xmin": 330, "ymin": 248, "ymax": 278, "xmax": 380}}, {"tid": 4, "generated": 0, "bbox": {"xmin": 514, "ymin": 238, "ymax": 262, "xmax": 564}}], [{"tid": 2, "generated": 0, "bbox": {"xmin": 382, "ymin": 243, "ymax": 270, "xmax": 434}}, {"tid": 3, "generated": 0, "bbox": {"xmin": 334, "ymin": 247, "ymax": 277, "xmax": 384}}, {"tid": 4, "generated": 0, "bbox": {"xmin": 517, "ymin": 238, "ymax": 261, "xmax": 566}}], [{"tid": 2, "generated": 0, "bbox": {"xmin": 385, "ymin": 243, "ymax": 270, "xmax": 437}}, {"tid": 3, "generated": 0, "bbox": {"xmin": 338, "ymin": 247, "ymax": 277, "xmax": 388}}, {"tid": 4, "generated": 0, "bbox": {"xmin": 520, "ymin": 238, "ymax": 261, "xmax": 569}}], [{"tid": 2, "generated": 0, "bbox": {"xmin": 389, "ymin": 243, "ymax": 270, "xmax": 441}}, {"tid": 3, "generated": 0, "bbox": {"xmin": 342, "ymin": 246, "ymax": 276, "xmax": 392}}, {"tid": 4, "generated": 0, "bbox": {"xmin": 523, "ymin": 238, "ymax": 261, "xmax": 571}}], [{"tid": 2, "generated": 0, "bbox": {"xmin": 393, "ymin": 242, "ymax": 269, "xmax": 445}}, {"tid": 3, "generated": 0, "bbox": {"xmin": 346, "ymin": 245, "ymax": 275, "xmax": 396}}, {"tid": 4, "generated": 0, "bbox": {"xmin": 526, "ymin": 238, "ymax": 260, "xmax": 573}}], [{"tid": 2, "generated": 0, "bbox": {"xmin": 396, "ymin": 242, "ymax": 269, "xmax": 448}}, {"tid": 3, "generated": 0, "bbox": {"xmin": 350, "ymin": 245, "ymax": 275, "xmax": 400}}, {"tid": 4, "generated": 0, "bbox": {"xmin": 529, "ymin": 238, "ymax": 260, "xmax": 576}}], [{"tid": 2, "generated": 0, "bbox": {"xmin": 400, "ymin": 241, "ymax": 268, "xmax": 452}}, {"tid": 3, "generated": 0, "bbox": {"xmin": 354, "ymin": 244, "ymax": 274, "xmax": 404}}, {"tid": 4, "generated": 0, "bbox": {"xmin": 532, "ymin": 238, "ymax": 259, "xmax": 578}}], [{"tid": 2, "generated": 0, "bbox": {"xmin": 404, "ymin": 241, "ymax": 268, "xmax": 456}}, {"tid": 3, "generated": 0, "bbox": {"xmin": 358, "ymin": 243, "ymax": 273, "xmax": 408}}, {"tid": 4, "generated": 0, "bbox": {"xmin": 535, "ymin": 238, "ymax": 259, "xmax": 580}}], [{"tid": 2, "generated": 0, "bbox": {"xmin": 408, "ymin": 241, "ymax": 268, "xmax": 460}}, {"tid": 3, "generated": 0, "bbox": {"xmin": 362, "ymin": 243, "ymax": 273, "xmax": 412}}, {"tid": 4, "generated": 0, "bbox": {"xmin": 538, "ymin": 238, "ymax": 259, "xmax": 583}}], [{"tid": 2, "generated": 0, "bbox": {"xmin": 410, "ymin": 241, "ymax": 267, "xmax": 461}}, {"tid": 3, "generated": 0, "bbox": {"xmin": 363, "ymin": 243, "ymax": 273, "xmax": 413}}, {"tid": 4, "generated": 0, "bbox": {"xmin": 539, "ymin": 238, "ymax": 259, "xmax": 584}}], [{"tid": 2, "generated": 0, "bbox": {"xmin": 412, "ymin": 241, "ymax": 267, "xmax": 462}}, {"tid": 3, "generated": 0, "bbox": {"xmin": 365, "ymin": 243, "ymax": 273, "xmax": 415}}, {"tid": 4, "generated": 0, "bbox": {"xmin": 540, "ymin": 238, "ymax": 259, "xmax": 585}}], [{"tid": 2, "generated": 0, "bbox": {"xmin": 414, "ymin": 241, "ymax": 267, "xmax": 463}}, {"tid": 3, "generated": 0, "bbox": {"xmin": 367, "ymin": 243, "ymax": 273, "xmax": 416}}, {"tid": 4, "generated": 0, "bbox": {"xmin": 541, "ymin": 238, "ymax": 259, "xmax": 586}}], [{"tid": 2, "generated": 0, "bbox": {"xmin": 416, "ymin": 241, "ymax": 267, "xmax": 464}}, {"tid": 3, "generated": 0, "bbox": {"xmin": 369, "ymin": 243, "ymax": 273, "xmax": 418}}, {"tid": 4, "generated": 0, "bbox": {"xmin": 542, "ymin": 238, "ymax": 259, "xmax": 587}}], [{"tid": 2, "generated": 0, "bbox": {"xmin": 418, "ymin": 241, "ymax": 267, "xmax": 466}}, {"tid": 3, "generated": 0, "bbox": {"xmin": 371, "ymin": 244, "ymax": 273, "xmax": 420}}, {"tid": 4, "generated": 0, "bbox": {"xmin": 543, "ymin": 238, "ymax": 259, "xmax": 588}}], [{"tid": 2, "generated": 0, "bbox": {"xmin": 420, "ymin": 241, "ymax": 266, "xmax": 467}}, {"tid": 3, "generated": 0, "bbox": {"xmin": 372, "ymin": 244, "ymax": 273, "xmax": 421}}, {"tid": 4, "generated": 0, "bbox": {"xmin": 544, "ymin": 238, "ymax": 259, "xmax": 589}}], [{"tid": 2, "generated": 0, "bbox": {"xmin": 422, "ymin": 241, "ymax": 266, "xmax": 468}}, {"tid": 3, "generated": 0, "bbox": {"xmin": 374, "ymin": 244, "ymax": 273, "xmax": 423}}, {"tid": 4, "generated": 0, "bbox": {"xmin": 545, "ymin": 238, "ymax": 259, "xmax": 590}}], [{"tid": 2, "generated": 0, "bbox": {"xmin": 424, "ymin": 241, "ymax": 266, "xmax": 469}}, {"tid": 3, "generated": 0, "bbox": {"xmin": 376, "ymin": 244, "ymax": 273, "xmax": 424}}, {"tid": 4, "generated": 0, "bbox": {"xmin": 546, "ymin": 238, "ymax": 259, "xmax": 591}}], [{"tid": 2, "generated": 0, "bbox": {"xmin": 426, "ymin": 241, "ymax": 266, "xmax": 470}}, {"tid": 3, "generated": 0, "bbox": {"xmin": 378, "ymin": 244, "ymax": 273, "xmax": 426}}, {"tid": 4, "generated": 0, "bbox": {"xmin": 547, "ymin": 238, "ymax": 259, "xmax": 592}}], [{"tid": 2, "generated": 0, "bbox": {"xmin": 428, "ymin": 241, "ymax": 266, "xmax": 472}}, {"tid": 3, "generated": 0, "bbox": {"xmin": 380, "ymin": 245, "ymax": 273, "xmax": 428}}, {"tid": 4, "generated": 0, "bbox": {"xmin": 549, "ymin": 238, "ymax": 259, "xmax": 593}}], [{"tid": 2, "generated": 0, "bbox": {"xmin": 429, "ymin": 241, "ymax": 265, "xmax": 472}}, {"tid": 3, "generated": 0, "bbox": {"xmin": 381, "ymin": 245, "ymax": 272, "xmax": 428}}, {"tid": 4, "generated": 0, "bbox": {"xmin": 549, "ymin": 237, "ymax": 258, "xmax": 593}}], [{"tid": 2, "generated": 0, "bbox": {"xmin": 430, "ymin": 241, "ymax": 265, "xmax": 473}}, {"tid": 3, "generated": 0, "bbox": {"xmin": 383, "ymin": 245, "ymax": 272, "xmax": 429}}, {"tid": 4, "generated": 0, "bbox": {"xmin": 550, "ymin": 237, "ymax": 258, "xmax": 594}}], [{"tid": 2, "generated": 0, "bbox": {"xmin": 431, "ymin": 241, "ymax": 265, "xmax": 474}}, {"tid": 3, "generated": 0, "bbox": {"xmin": 384, "ymin": 245, "ymax": 272, "xmax": 430}}, {"tid": 4, "generated": 0, "bbox": {"xmin": 550, "ymin": 236, "ymax": 258, "xmax": 594}}], [{"tid": 2, "generated": 0, "bbox": {"xmin": 432, "ymin": 241, "ymax": 265, "xmax": 475}}, {"tid": 3, "generated": 0, "bbox": {"xmin": 386, "ymin": 245, "ymax": 271, "xmax": 431}}, {"tid": 4, "generated": 0, "bbox": {"xmin": 551, "ymin": 236, "ymax": 257, "xmax": 595}}], [{"tid": 2, "generated": 0, "bbox": {"xmin": 434, "ymin": 241, "ymax": 265, "xmax": 476}}, {"tid": 3, "generated": 0, "bbox": {"xmin": 388, "ymin": 246, "ymax": 271, "xmax": 432}}, {"tid": 4, "generated": 0, "bbox": {"xmin": 551, "ymin": 236, "ymax": 257, "xmax": 596}}], [{"tid": 2, "generated": 0, "bbox": {"xmin": 435, "ymin": 241, "ymax": 264, "xmax": 477}}, {"tid": 3, "generated": 0, "bbox": {"xmin": 389, "ymin": 246, "ymax": 271, "xmax": 433}}, {"tid": 4, "generated": 0, "bbox": {"xmin": 552, "ymin": 235, "ymax": 257, "xmax": 596}}], [{"tid": 2, "generated": 0, "bbox": {"xmin": 436, "ymin": 241, "ymax": 264, "xmax": 478}}, {"tid": 3, "generated": 0, "bbox": {"xmin": 391, "ymin": 246, "ymax": 270, "xmax": 434}}, {"tid": 4, "generated": 0, "bbox": {"xmin": 552, "ymin": 235, "ymax": 256, "xmax": 597}}], [{"tid": 2, "generated": 0, "bbox": {"xmin": 437, "ymin": 241, "ymax": 264, "xmax": 479}}, {"tid": 3, "generated": 0, "bbox": {"xmin": 392, "ymin": 246, "ymax": 270, "xmax": 435}}, {"tid": 4, "generated": 0, "bbox": {"xmin": 553, "ymin": 234, "ymax": 256, "xmax": 597}}], [{"tid": 2, "generated": 0, "bbox": {"xmin": 438, "ymin": 241, "ymax": 264, "xmax": 480}}, {"tid": 3, "generated": 0, "bbox": {"xmin": 394, "ymin": 246, "ymax": 270, "xmax": 436}}, {"tid": 4, "generated": 0, "bbox": {"xmin": 553, "ymin": 234, "ymax": 256, "xmax": 598}}]], "subject/objects": [{"category": "car", "tid": 2}, {"category": "car", "tid": 3}, {"category": "car", "tid": 4}], "relation_instances": [{"end_fid": 105, "subject_tid": 2, "predicate": "stop_front", "begin_fid": 75, "object_tid": 3}, {"end_fid": 105, "subject_tid": 3, "predicate": "stop_behind", "begin_fid": 75, "object_tid": 2}, {"end_fid": 105, "subject_tid": 2, "predicate": "stop_behind", "begin_fid": 75, "object_tid": 4}, {"end_fid": 105, "subject_tid": 4, "predicate": "stop_front", "begin_fid": 75, "object_tid": 2}, {"end_fid": 105, "subject_tid": 3, "predicate": "stop_behind", "begin_fid": 75, "object_tid": 4}, {"end_fid": 105, "subject_tid": 4, "predicate": "stop_front", "begin_fid": 75, "object_tid": 3}], "height": 720}