{"width": 480, "frame_count": 450, "video_id": "ILSVRC2015_train_00759000", "fps": 30, "trajectories": [[{"tid": 0, "generated": 0, "bbox": {"xmin": 188, "ymin": 24, "ymax": 358, "xmax": 390}}, {"tid": 1, "generated": 0, "bbox": {"xmin": 277, "ymin": 3, "ymax": 357, "xmax": 478}}], [{"tid": 0, "generated": 0, "bbox": {"xmin": 187, "ymin": 24, "ymax": 358, "xmax": 388}}, {"tid": 1, "generated": 0, "bbox": {"xmin": 274, "ymin": 3, "ymax": 357, "xmax": 478}}], [{"tid": 0, "generated": 0, "bbox": {"xmin": 187, "ymin": 25, "ymax": 358, "xmax": 387}}, {"tid": 1, "generated": 0, "bbox": {"xmin": 272, "ymin": 3, "ymax": 357, "xmax": 478}}], [{"tid": 0, "generated": 0, "bbox": {"xmin": 187, "ymin": 26, "ymax": 358, "xmax": 386}}, {"tid": 1, "generated": 0, "bbox": {"xmin": 269, "ymin": 3, "ymax": 357, "xmax": 478}}], [{"tid": 0, "generated": 0, "bbox": {"xmin": 187, "ymin": 26, "ymax": 358, "xmax": 386}}, {"tid": 1, "generated": 0, "bbox": {"xmin": 267, "ymin": 3, "ymax": 357, "xmax": 478}}], [{"tid": 0, "generated": 0, "bbox": {"xmin": 187, "ymin": 27, "ymax": 358, "xmax": 387}}, {"tid": 1, "generated": 0, "bbox": {"xmin": 264, "ymin": 3, "ymax": 357, "xmax": 478}}], [{"tid": 0, "generated": 0, "bbox": {"xmin": 186, "ymin": 27, "ymax": 357, "xmax": 389}}, {"tid": 1, "generated": 0, "bbox": {"xmin": 257, "ymin": 3, "ymax": 357, "xmax": 478}}], [{"tid": 0, "generated": 0, "bbox": {"xmin": 185, "ymin": 27, "ymax": 357, "xmax": 391}}, {"tid": 1, "generated": 0, "bbox": {"xmin": 251, "ymin": 3, "ymax": 357, "xmax": 478}}], [{"tid": 0, "generated": 0, "bbox": {"xmin": 184, "ymin": 27, "ymax": 357, "xmax": 389}}, {"tid": 1, "generated": 0, "bbox": {"xmin": 244, "ymin": 3, "ymax": 357, "xmax": 478}}], [{"tid": 0, "generated": 0, "bbox": {"xmin": 183, "ymin": 27, "ymax": 358, "xmax": 387}}, {"tid": 1, "generated": 0, "bbox": {"xmin": 238, "ymin": 3, "ymax": 357, "xmax": 478}}], [{"tid": 0, "generated": 0, "bbox": {"xmin": 182, "ymin": 28, "ymax": 359, "xmax": 385}}, {"tid": 1, "generated": 0, "bbox": {"xmin": 231, "ymin": 3, "ymax": 357, "xmax": 478}}], [{"tid": 0, "generated": 0, "bbox": {"xmin": 182, "ymin": 28, "ymax": 358, "xmax": 385}}, {"tid": 1, "generated": 0, "bbox": {"xmin": 233, "ymin": 3, "ymax": 357, "xmax": 478}}], [{"tid": 0, "generated": 0, "bbox": {"xmin": 182, "ymin": 28, "ymax": 357, "xmax": 385}}, {"tid": 1, "generated": 0, "bbox": {"xmin": 236, "ymin": 3, "ymax": 357, "xmax": 478}}], [{"tid": 0, "generated": 0, "bbox": {"xmin": 183, "ymin": 28, "ymax": 356, "xmax": 385}}, {"tid": 1, "generated": 0, "bbox": {"xmin": 238, "ymin": 3, "ymax": 357, "xmax": 478}}], [{"tid": 0, "generated": 0, "bbox": {"xmin": 183, "ymin": 28, "ymax": 357, "xmax": 383}}, {"tid": 1, "generated": 0, "bbox": {"xmin": 241, "ymin": 3, "ymax": 357, "xmax": 478}}], [{"tid": 0, "generated": 0, "bbox": {"xmin": 184, "ymin": 29, "ymax": 358, "xmax": 382}}, {"tid": 1, "generated": 0, "bbox": {"xmin": 243, "ymin": 3, "ymax": 357, "xmax": 478}}], [{"tid": 0, "generated": 0, "bbox": {"xmin": 184, "ymin": 29, "ymax": 358, "xmax": 382}}, {"tid": 1, "generated": 0, "bbox": {"xmin": 246, "ymin": 3, "ymax": 357, "xmax": 478}}], [{"tid": 0, "generated": 0, "bbox": {"xmin": 185, "ymin": 29, "ymax": 358, "xmax": 382}}, {"tid": 1, "generated": 0, "bbox": {"xmin": 249, "ymin": 3, "ymax": 357, "xmax": 478}}], [{"tid": 0, "generated": 0, "bbox": {"xmin": 185, "ymin": 29, "ymax": 358, "xmax": 384}}, {"tid": 1, "generated": 0, "bbox": {"xmin": 251, "ymin": 3, "ymax": 357, "xmax": 478}}], [{"tid": 0, "generated": 0, "bbox": {"xmin": 185, "ymin": 29, "ymax": 358, "xmax": 386}}, {"tid": 1, "generated": 0, "bbox": {"xmin": 254, "ymin": 3, "ymax": 357, "xmax": 478}}], [{"tid": 0, "generated": 0, "bbox": {"xmin": 186, "ymin": 30, "ymax": 359, "xmax": 389}}, {"tid": 1, "generated": 0, "bbox": {"xmin": 257, "ymin": 3, "ymax": 357, "xmax": 478}}], [{"tid": 0, "generated": 0, "bbox": {"xmin": 186, "ymin": 30, "ymax": 358, "xmax": 387}}, {"tid": 1, "generated": 0, "bbox": {"xmin": 262, "ymin": 3, "ymax": 357, "xmax": 478}}], [{"tid": 0, "generated": 0, "bbox": {"xmin": 186, "ymin": 31, "ymax": 357, "xmax": 385}}, {"tid": 1, "generated": 0, "bbox": {"xmin": 267, "ymin": 3, "ymax": 357, "xmax": 478}}], [{"tid": 0, "generated": 0, "bbox": {"xmin": 186, "ymin": 32, "ymax": 357, "xmax": 384}}, {"tid": 1, "generated": 0, "bbox": {"xmin": 273, "ymin": 3, "ymax": 357, "xmax": 478}}], [{"tid": 0, "generated": 0, "bbox": {"xmin": 186, "ymin": 32, "ymax": 357, "xmax": 386}}, {"tid": 1, "generated": 0, "bbox": {"xmin": 278, "ymin": 3, "ymax": 357, "xmax": 478}}], [{"tid": 0, "generated": 0, "bbox": {"xmin": 186, "ymin": 33, "ymax": 357, "xmax": 388}}, {"tid": 1, "generated": 0, "bbox": {"xmin": 283, "ymin": 3, "ymax": 357, "xmax": 478}}], [{"tid": 0, "generated": 0, "bbox": {"xmin": 183, "ymin": 35, "ymax": 358, "xmax": 387}}, {"tid": 1, "generated": 0, "bbox": {"xmin": 276, "ymin": 3, "ymax": 357, "xmax": 478}}], [{"tid": 0, "generated": 0, "bbox": {"xmin": 181, "ymin": 37, "ymax": 359, "xmax": 386}}, {"tid": 1, "generated": 0, "bbox": {"xmin": 268, "ymin": 3, "ymax": 357, "xmax": 478}}], [{"tid": 0, "generated": 0, "bbox": {"xmin": 179, "ymin": 37, "ymax": 358, "xmax": 385}}, {"tid": 1, "generated": 0, "bbox": {"xmin": 261, "ymin": 3, "ymax": 357, "xmax": 478}}], [{"tid": 0, "generated": 0, "bbox": {"xmin": 177, "ymin": 37, "ymax": 358, "xmax": 384}}, {"tid": 1, "generated": 0, "bbox": {"xmin": 253, "ymin": 3, "ymax": 357, "xmax": 478}}], [], [], [], [], [], [], [], [], [], [], [], [], [], [], [], [], [], [], [], [], [], [], [], [], [], [], [], [], [], [], [], [], [], [], [], [], [], [], [], [], [], [], [], [], [], [], [], [], [], [], [], [], [], [], [], [], [], [], [], [], [], [], [], [], [], [], [], [], [], [], [], [], [], [], [], [], [], [], [], [], [], [], [], [], [], [], [], [], [], [], [{"tid": 0, "generated": 0, "bbox": {"xmin": 192, "ymin": 12, "ymax": 358, "xmax": 373}}, {"tid": 1, "generated": 0, "bbox": {"xmin": 224, "ymin": 3, "ymax": 357, "xmax": 478}}], [{"tid": 0, "generated": 0, "bbox": {"xmin": 192, "ymin": 13, "ymax": 358, "xmax": 373}}, {"tid": 1, "generated": 0, "bbox": {"xmin": 224, "ymin": 3, "ymax": 357, "xmax": 478}}], [{"tid": 0, "generated": 0, "bbox": {"xmin": 193, "ymin": 14, "ymax": 358, "xmax": 373}}, {"tid": 1, "generated": 0, "bbox": {"xmin": 224, "ymin": 3, "ymax": 357, "xmax": 478}}], [{"tid": 0, "generated": 0, "bbox": {"xmin": 194, "ymin": 15, "ymax": 358, "xmax": 373}}, {"tid": 1, "generated": 0, "bbox": {"xmin": 224, "ymin": 3, "ymax": 357, "xmax": 478}}], [{"tid": 0, "generated": 0, "bbox": {"xmin": 194, "ymin": 15, "ymax": 358, "xmax": 371}}, {"tid": 1, "generated": 0, "bbox": {"xmin": 224, "ymin": 3, "ymax": 357, "xmax": 478}}], [{"tid": 0, "generated": 0, "bbox": {"xmin": 194, "ymin": 16, "ymax": 358, "xmax": 370}}, {"tid": 1, "generated": 0, "bbox": {"xmin": 224, "ymin": 3, "ymax": 357, "xmax": 478}}], [{"tid": 0, "generated": 0, "bbox": {"xmin": 193, "ymin": 17, "ymax": 358, "xmax": 370}}, {"tid": 1, "generated": 0, "bbox": {"xmin": 231, "ymin": 3, "ymax": 357, "xmax": 478}}], [{"tid": 0, "generated": 0, "bbox": {"xmin": 193, "ymin": 18, "ymax": 358, "xmax": 370}}, {"tid": 1, "generated": 0, "bbox": {"xmin": 238, "ymin": 3, "ymax": 357, "xmax": 478}}], [{"tid": 0, "generated": 0, "bbox": {"xmin": 193, "ymin": 18, "ymax": 358, "xmax": 370}}, {"tid": 1, "generated": 0, "bbox": {"xmin": 246, "ymin": 3, "ymax": 357, "xmax": 478}}], [{"tid": 0, "generated": 0, "bbox": {"xmin": 193, "ymin": 18, "ymax": 358, "xmax": 371}}, {"tid": 1, "generated": 0, "bbox": {"xmin": 253, "ymin": 3, "ymax": 357, "xmax": 478}}], [{"tid": 0, "generated": 0, "bbox": {"xmin": 193, "ymin": 18, "ymax": 358, "xmax": 372}}, {"tid": 1, "generated": 0, "bbox": {"xmin": 260, "ymin": 3, "ymax": 357, "xmax": 478}}], [{"tid": 0, "generated": 0, "bbox": {"xmin": 193, "ymin": 18, "ymax": 357, "xmax": 372}}, {"tid": 1, "generated": 0, "bbox": {"xmin": 261, "ymin": 3, "ymax": 357, "xmax": 478}}], [{"tid": 0, "generated": 0, "bbox": {"xmin": 193, "ymin": 19, "ymax": 356, "xmax": 373}}, {"tid": 1, "generated": 0, "bbox": {"xmin": 262, "ymin": 3, "ymax": 357, "xmax": 478}}], [{"tid": 0, "generated": 0, "bbox": {"xmin": 194, "ymin": 20, "ymax": 356, "xmax": 374}}, {"tid": 1, "generated": 0, "bbox": {"xmin": 263, "ymin": 3, "ymax": 357, "xmax": 478}}], [{"tid": 0, "generated": 0, "bbox": {"xmin": 194, "ymin": 21, "ymax": 357, "xmax": 371}}, {"tid": 1, "generated": 0, "bbox": {"xmin": 264, "ymin": 3, "ymax": 357, "xmax": 478}}], [{"tid": 0, "generated": 0, "bbox": {"xmin": 195, "ymin": 22, "ymax": 358, "xmax": 368}}, {"tid": 1, "generated": 0, "bbox": {"xmin": 265, "ymin": 3, "ymax": 357, "xmax": 478}}], [{"tid": 0, "generated": 0, "bbox": {"xmin": 194, "ymin": 19, "ymax": 358, "xmax": 371}}, {"tid": 1, "generated": 0, "bbox": {"xmin": 262, "ymin": 3, "ymax": 357, "xmax": 478}}], [{"tid": 0, "generated": 0, "bbox": {"xmin": 194, "ymin": 17, "ymax": 358, "xmax": 375}}, {"tid": 1, "generated": 0, "bbox": {"xmin": 259, "ymin": 3, "ymax": 357, "xmax": 478}}], [{"tid": 0, "generated": 0, "bbox": {"xmin": 194, "ymin": 17, "ymax": 357, "xmax": 374}}, {"tid": 1, "generated": 0, "bbox": {"xmin": 257, "ymin": 3, "ymax": 357, "xmax": 478}}], [{"tid": 0, "generated": 0, "bbox": {"xmin": 194, "ymin": 17, "ymax": 356, "xmax": 373}}, {"tid": 1, "generated": 0, "bbox": {"xmin": 254, "ymin": 3, "ymax": 357, "xmax": 478}}], [{"tid": 0, "generated": 0, "bbox": {"xmin": 194, "ymin": 18, "ymax": 356, "xmax": 372}}, {"tid": 1, "generated": 0, "bbox": {"xmin": 251, "ymin": 3, "ymax": 357, "xmax": 478}}], [{"tid": 0, "generated": 0, "bbox": {"xmin": 193, "ymin": 18, "ymax": 356, "xmax": 372}}, {"tid": 1, "generated": 0, "bbox": {"xmin": 245, "ymin": 3, "ymax": 357, "xmax": 478}}], [{"tid": 0, "generated": 0, "bbox": {"xmin": 192, "ymin": 18, "ymax": 356, "xmax": 372}}, {"tid": 1, "generated": 0, "bbox": {"xmin": 238, "ymin": 3, "ymax": 357, "xmax": 478}}], [{"tid": 0, "generated": 0, "bbox": {"xmin": 192, "ymin": 18, "ymax": 357, "xmax": 373}}, {"tid": 1, "generated": 0, "bbox": {"xmin": 232, "ymin": 3, "ymax": 357, "xmax": 478}}], [{"tid": 0, "generated": 0, "bbox": {"xmin": 191, "ymin": 18, "ymax": 357, "xmax": 373}}, {"tid": 1, "generated": 0, "bbox": {"xmin": 225, "ymin": 3, "ymax": 357, "xmax": 478}}], [{"tid": 0, "generated": 0, "bbox": {"xmin": 191, "ymin": 19, "ymax": 357, "xmax": 373}}, {"tid": 1, "generated": 0, "bbox": {"xmin": 219, "ymin": 3, "ymax": 357, "xmax": 478}}], [{"tid": 0, "generated": 0, "bbox": {"xmin": 190, "ymin": 20, "ymax": 357, "xmax": 373}}, {"tid": 1, "generated": 0, "bbox": {"xmin": 219, "ymin": 3, "ymax": 357, "xmax": 478}}], [{"tid": 0, "generated": 0, "bbox": {"xmin": 190, "ymin": 21, "ymax": 358, "xmax": 374}}, {"tid": 1, "generated": 0, "bbox": {"xmin": 220, "ymin": 3, "ymax": 357, "xmax": 478}}], [{"tid": 0, "generated": 0, "bbox": {"xmin": 188, "ymin": 20, "ymax": 358, "xmax": 374}}, {"tid": 1, "generated": 0, "bbox": {"xmin": 220, "ymin": 3, "ymax": 357, "xmax": 478}}], [{"tid": 0, "generated": 0, "bbox": {"xmin": 187, "ymin": 20, "ymax": 358, "xmax": 375}}, {"tid": 1, "generated": 0, "bbox": {"xmin": 221, "ymin": 3, "ymax": 357, "xmax": 478}}], [], [], [], [], [], [], [], [], [], [], [], [], [], [], [], [], [], [], [], [], [], [], [], [], [], [], [], [], [], [], [], [], [], [], [], [], [], [], [], [], [], [], [], [], [], [], [], [], [], [], [], [], [], [], [], [], [], [], [], [], [], [], [], [], [], [], [], [], [], [], [], [], [], [], [], [], [], [], [], [], [], [], [], [], [], [], [], [], [], [], [], [], [], [], [], [], [], [], [], [], [], [], [], [], [], [], [], [], [], [], [], [], [], [], [], [], [], [], [], [], [{"tid": 0, "generated": 0, "bbox": {"xmin": 226, "ymin": 14, "ymax": 358, "xmax": 436}}, {"tid": 1, "generated": 0, "bbox": {"xmin": 282, "ymin": 2, "ymax": 356, "xmax": 479}}], [{"tid": 0, "generated": 0, "bbox": {"xmin": 219, "ymin": 13, "ymax": 358, "xmax": 428}}, {"tid": 1, "generated": 0, "bbox": {"xmin": 274, "ymin": 2, "ymax": 356, "xmax": 479}}], [{"tid": 0, "generated": 0, "bbox": {"xmin": 212, "ymin": 13, "ymax": 358, "xmax": 421}}, {"tid": 1, "generated": 0, "bbox": {"xmin": 266, "ymin": 2, "ymax": 356, "xmax": 479}}], [{"tid": 0, "generated": 0, "bbox": {"xmin": 206, "ymin": 13, "ymax": 358, "xmax": 414}}, {"tid": 1, "generated": 0, "bbox": {"xmin": 258, "ymin": 2, "ymax": 356, "xmax": 479}}], [{"tid": 0, "generated": 0, "bbox": {"xmin": 199, "ymin": 12, "ymax": 358, "xmax": 404}}, {"tid": 1, "generated": 0, "bbox": {"xmin": 250, "ymin": 2, "ymax": 356, "xmax": 479}}], [{"tid": 0, "generated": 0, "bbox": {"xmin": 192, "ymin": 11, "ymax": 358, "xmax": 394}}, {"tid": 1, "generated": 0, "bbox": {"xmin": 242, "ymin": 2, "ymax": 356, "xmax": 479}}], [{"tid": 0, "generated": 0, "bbox": {"xmin": 185, "ymin": 10, "ymax": 358, "xmax": 384}}, {"tid": 1, "generated": 0, "bbox": {"xmin": 241, "ymin": 2, "ymax": 356, "xmax": 479}}], [{"tid": 0, "generated": 0, "bbox": {"xmin": 178, "ymin": 10, "ymax": 358, "xmax": 374}}, {"tid": 1, "generated": 0, "bbox": {"xmin": 240, "ymin": 2, "ymax": 356, "xmax": 479}}], [{"tid": 0, "generated": 0, "bbox": {"xmin": 175, "ymin": 6, "ymax": 358, "xmax": 367}}, {"tid": 1, "generated": 0, "bbox": {"xmin": 238, "ymin": 2, "ymax": 356, "xmax": 479}}], [{"tid": 0, "generated": 0, "bbox": {"xmin": 172, "ymin": 3, "ymax": 358, "xmax": 360}}, {"tid": 1, "generated": 0, "bbox": {"xmin": 237, "ymin": 2, "ymax": 356, "xmax": 479}}], [{"tid": 0, "generated": 0, "bbox": {"xmin": 170, "ymin": 0, "ymax": 359, "xmax": 354}}, {"tid": 1, "generated": 0, "bbox": {"xmin": 236, "ymin": 2, "ymax": 356, "xmax": 479}}], [{"tid": 0, "generated": 0, "bbox": {"xmin": 169, "ymin": 0, "ymax": 358, "xmax": 352}}, {"tid": 1, "generated": 0, "bbox": {"xmin": 237, "ymin": 2, "ymax": 356, "xmax": 479}}], [{"tid": 0, "generated": 0, "bbox": {"xmin": 168, "ymin": 0, "ymax": 358, "xmax": 350}}, {"tid": 1, "generated": 0, "bbox": {"xmin": 237, "ymin": 2, "ymax": 356, "xmax": 479}}], [{"tid": 0, "generated": 0, "bbox": {"xmin": 168, "ymin": 0, "ymax": 358, "xmax": 349}}, {"tid": 1, "generated": 0, "bbox": {"xmin": 238, "ymin": 2, "ymax": 356, "xmax": 479}}], [{"tid": 0, "generated": 0, "bbox": {"xmin": 171, "ymin": 0, "ymax": 358, "xmax": 348}}, {"tid": 1, "generated": 0, "bbox": {"xmin": 238, "ymin": 2, "ymax": 356, "xmax": 479}}], [{"tid": 0, "generated": 0, "bbox": {"xmin": 174, "ymin": 0, "ymax": 358, "xmax": 348}}, {"tid": 1, "generated": 0, "bbox": {"xmin": 239, "ymin": 2, "ymax": 356, "xmax": 479}}], [{"tid": 0, "generated": 0, "bbox": {"xmin": 175, "ymin": 1, "ymax": 358, "xmax": 350}}, {"tid": 1, "generated": 0, "bbox": {"xmin": 237, "ymin": 2, "ymax": 356, "xmax": 479}}], [{"tid": 0, "generated": 0, "bbox": {"xmin": 177, "ymin": 2, "ymax": 358, "xmax": 352}}, {"tid": 1, "generated": 0, "bbox": {"xmin": 235, "ymin": 2, "ymax": 356, "xmax": 479}}], [{"tid": 0, "generated": 0, "bbox": {"xmin": 178, "ymin": 3, "ymax": 358, "xmax": 353}}, {"tid": 1, "generated": 0, "bbox": {"xmin": 234, "ymin": 2, "ymax": 356, "xmax": 479}}], [{"tid": 0, "generated": 0, "bbox": {"xmin": 179, "ymin": 4, "ymax": 358, "xmax": 354}}, {"tid": 1, "generated": 0, "bbox": {"xmin": 232, "ymin": 2, "ymax": 356, "xmax": 479}}], [{"tid": 0, "generated": 0, "bbox": {"xmin": 180, "ymin": 5, "ymax": 358, "xmax": 356}}, {"tid": 1, "generated": 0, "bbox": {"xmin": 230, "ymin": 2, "ymax": 356, "xmax": 479}}], [{"tid": 0, "generated": 0, "bbox": {"xmin": 180, "ymin": 5, "ymax": 358, "xmax": 356}}, {"tid": 1, "generated": 0, "bbox": {"xmin": 229, "ymin": 2, "ymax": 356, "xmax": 479}}], [{"tid": 0, "generated": 0, "bbox": {"xmin": 180, "ymin": 5, "ymax": 358, "xmax": 356}}, {"tid": 1, "generated": 0, "bbox": {"xmin": 228, "ymin": 2, "ymax": 356, "xmax": 479}}], [{"tid": 0, "generated": 0, "bbox": {"xmin": 181, "ymin": 5, "ymax": 358, "xmax": 356}}, {"tid": 1, "generated": 0, "bbox": {"xmin": 226, "ymin": 2, "ymax": 356, "xmax": 479}}], [{"tid": 0, "generated": 0, "bbox": {"xmin": 177, "ymin": 5, "ymax": 358, "xmax": 356}}, {"tid": 1, "generated": 0, "bbox": {"xmin": 225, "ymin": 2, "ymax": 356, "xmax": 479}}], [{"tid": 0, "generated": 0, "bbox": {"xmin": 174, "ymin": 6, "ymax": 359, "xmax": 356}}, {"tid": 1, "generated": 0, "bbox": {"xmin": 224, "ymin": 2, "ymax": 356, "xmax": 479}}], [{"tid": 0, "generated": 0, "bbox": {"xmin": 172, "ymin": 8, "ymax": 358, "xmax": 357}}, {"tid": 1, "generated": 0, "bbox": {"xmin": 228, "ymin": 2, "ymax": 356, "xmax": 479}}], [{"tid": 0, "generated": 0, "bbox": {"xmin": 170, "ymin": 11, "ymax": 358, "xmax": 358}}, {"tid": 1, "generated": 0, "bbox": {"xmin": 232, "ymin": 2, "ymax": 356, "xmax": 479}}], [{"tid": 0, "generated": 0, "bbox": {"xmin": 170, "ymin": 12, "ymax": 358, "xmax": 358}}, {"tid": 1, "generated": 0, "bbox": {"xmin": 235, "ymin": 2, "ymax": 356, "xmax": 479}}], [{"tid": 0, "generated": 0, "bbox": {"xmin": 170, "ymin": 14, "ymax": 358, "xmax": 359}}, {"tid": 1, "generated": 0, "bbox": {"xmin": 239, "ymin": 2, "ymax": 356, "xmax": 479}}], [], [], [], [], [], [], [], [], [], [], [], [], [], [], [], [], [], [], [], [], [], [], [], [], [], [], [], [], [], [], [], [], [], [], [], [], [], [], [], [], [], [], [], [], [], [], [], [], [], [], [], [], [], [], [], [], [], [], [], [], [], [], [], [], [], [], [], [], [], [], [], [], [], [], [], [], [], [], [], [], [], [], [], [], [], [], [], [], [], [], [], [], [], [], [], [], [], [], [], [], [], [], [], [], [], [], [], [], [], [], [], [], [], [], [], [], [], [], [], [], [{"tid": 0, "generated": 0, "bbox": {"xmin": 195, "ymin": 9, "ymax": 358, "xmax": 379}}, {"tid": 1, "generated": 0, "bbox": {"xmin": 336, "ymin": 3, "ymax": 357, "xmax": 477}}], [{"tid": 0, "generated": 0, "bbox": {"xmin": 194, "ymin": 11, "ymax": 358, "xmax": 376}}, {"tid": 1, "generated": 0, "bbox": {"xmin": 336, "ymin": 3, "ymax": 357, "xmax": 477}}], [{"tid": 0, "generated": 0, "bbox": {"xmin": 193, "ymin": 14, "ymax": 358, "xmax": 374}}, {"tid": 1, "generated": 0, "bbox": {"xmin": 336, "ymin": 3, "ymax": 357, "xmax": 477}}], [{"tid": 0, "generated": 0, "bbox": {"xmin": 192, "ymin": 16, "ymax": 358, "xmax": 372}}, {"tid": 1, "generated": 0, "bbox": {"xmin": 336, "ymin": 3, "ymax": 357, "xmax": 477}}], [{"tid": 0, "generated": 0, "bbox": {"xmin": 191, "ymin": 19, "ymax": 358, "xmax": 370}}, {"tid": 1, "generated": 0, "bbox": {"xmin": 336, "ymin": 3, "ymax": 357, "xmax": 477}}], [{"tid": 0, "generated": 0, "bbox": {"xmin": 190, "ymin": 22, "ymax": 358, "xmax": 368}}, {"tid": 1, "generated": 0, "bbox": {"xmin": 336, "ymin": 3, "ymax": 357, "xmax": 477}}], [{"tid": 0, "generated": 0, "bbox": {"xmin": 189, "ymin": 22, "ymax": 358, "xmax": 367}}, {"tid": 1, "generated": 0, "bbox": {"xmin": 336, "ymin": 3, "ymax": 357, "xmax": 477}}], [{"tid": 0, "generated": 0, "bbox": {"xmin": 189, "ymin": 23, "ymax": 358, "xmax": 366}}, {"tid": 1, "generated": 0, "bbox": {"xmin": 336, "ymin": 3, "ymax": 357, "xmax": 477}}], [{"tid": 0, "generated": 0, "bbox": {"xmin": 189, "ymin": 23, "ymax": 358, "xmax": 365}}, {"tid": 1, "generated": 0, "bbox": {"xmin": 336, "ymin": 3, "ymax": 357, "xmax": 477}}], [{"tid": 0, "generated": 0, "bbox": {"xmin": 189, "ymin": 24, "ymax": 358, "xmax": 364}}, {"tid": 1, "generated": 0, "bbox": {"xmin": 336, "ymin": 3, "ymax": 357, "xmax": 477}}], [{"tid": 0, "generated": 0, "bbox": {"xmin": 189, "ymin": 25, "ymax": 358, "xmax": 364}}, {"tid": 1, "generated": 0, "bbox": {"xmin": 336, "ymin": 3, "ymax": 357, "xmax": 477}}], [{"tid": 0, "generated": 0, "bbox": {"xmin": 188, "ymin": 24, "ymax": 358, "xmax": 364}}, {"tid": 1, "generated": 0, "bbox": {"xmin": 334, "ymin": 3, "ymax": 357, "xmax": 477}}], [{"tid": 0, "generated": 0, "bbox": {"xmin": 187, "ymin": 23, "ymax": 358, "xmax": 364}}, {"tid": 1, "generated": 0, "bbox": {"xmin": 332, "ymin": 3, "ymax": 357, "xmax": 477}}], [{"tid": 0, "generated": 0, "bbox": {"xmin": 187, "ymin": 23, "ymax": 358, "xmax": 364}}, {"tid": 1, "generated": 0, "bbox": {"xmin": 330, "ymin": 3, "ymax": 357, "xmax": 477}}], [{"tid": 0, "generated": 0, "bbox": {"xmin": 186, "ymin": 22, "ymax": 358, "xmax": 364}}, {"tid": 1, "generated": 0, "bbox": {"xmin": 328, "ymin": 3, "ymax": 357, "xmax": 477}}], [{"tid": 0, "generated": 0, "bbox": {"xmin": 186, "ymin": 22, "ymax": 358, "xmax": 364}}, {"tid": 1, "generated": 0, "bbox": {"xmin": 326, "ymin": 3, "ymax": 357, "xmax": 477}}], [{"tid": 0, "generated": 0, "bbox": {"xmin": 185, "ymin": 22, "ymax": 358, "xmax": 363}}, {"tid": 1, "generated": 0, "bbox": {"xmin": 326, "ymin": 3, "ymax": 357, "xmax": 477}}], [{"tid": 0, "generated": 0, "bbox": {"xmin": 184, "ymin": 22, "ymax": 358, "xmax": 363}}, {"tid": 1, "generated": 0, "bbox": {"xmin": 326, "ymin": 3, "ymax": 357, "xmax": 477}}], [{"tid": 0, "generated": 0, "bbox": {"xmin": 184, "ymin": 21, "ymax": 358, "xmax": 364}}, {"tid": 1, "generated": 0, "bbox": {"xmin": 326, "ymin": 3, "ymax": 357, "xmax": 477}}], [{"tid": 0, "generated": 0, "bbox": {"xmin": 184, "ymin": 20, "ymax": 358, "xmax": 365}}, {"tid": 1, "generated": 0, "bbox": {"xmin": 326, "ymin": 3, "ymax": 357, "xmax": 477}}], [{"tid": 0, "generated": 0, "bbox": {"xmin": 184, "ymin": 20, "ymax": 358, "xmax": 366}}, {"tid": 1, "generated": 0, "bbox": {"xmin": 326, "ymin": 3, "ymax": 357, "xmax": 477}}], [{"tid": 0, "generated": 0, "bbox": {"xmin": 184, "ymin": 20, "ymax": 358, "xmax": 366}}, {"tid": 1, "generated": 0, "bbox": {"xmin": 326, "ymin": 3, "ymax": 357, "xmax": 477}}], [{"tid": 0, "generated": 0, "bbox": {"xmin": 184, "ymin": 20, "ymax": 358, "xmax": 366}}, {"tid": 1, "generated": 0, "bbox": {"xmin": 326, "ymin": 3, "ymax": 357, "xmax": 477}}], [{"tid": 0, "generated": 0, "bbox": {"xmin": 184, "ymin": 20, "ymax": 358, "xmax": 367}}, {"tid": 1, "generated": 0, "bbox": {"xmin": 326, "ymin": 3, "ymax": 357, "xmax": 477}}], [{"tid": 0, "generated": 0, "bbox": {"xmin": 184, "ymin": 20, "ymax": 358, "xmax": 367}}, {"tid": 1, "generated": 0, "bbox": {"xmin": 326, "ymin": 3, "ymax": 357, "xmax": 477}}], [{"tid": 0, "generated": 0, "bbox": {"xmin": 184, "ymin": 20, "ymax": 358, "xmax": 367}}, {"tid": 1, "generated": 0, "bbox": {"xmin": 326, "ymin": 3, "ymax": 357, "xmax": 477}}], [{"tid": 0, "generated": 0, "bbox": {"xmin": 184, "ymin": 20, "ymax": 358, "xmax": 367}}, {"tid": 1, "generated": 0, "bbox": {"xmin": 326, "ymin": 3, "ymax": 357, "xmax": 477}}], [{"tid": 0, "generated": 0, "bbox": {"xmin": 184, "ymin": 20, "ymax": 358, "xmax": 367}}, {"tid": 1, "generated": 0, "bbox": {"xmin": 326, "ymin": 3, "ymax": 357, "xmax": 477}}], [{"tid": 0, "generated": 0, "bbox": {"xmin": 184, "ymin": 20, "ymax": 358, "xmax": 367}}, {"tid": 1, "generated": 0, "bbox": {"xmin": 326, "ymin": 3, "ymax": 357, "xmax": 477}}], [{"tid": 0, "generated": 0, "bbox": {"xmin": 185, "ymin": 20, "ymax": 358, "xmax": 368}}, {"tid": 1, "generated": 0, "bbox": {"xmin": 326, "ymin": 3, "ymax": 357, "xmax": 477}}]], "subject/objects": [{"category": "dog", "tid": 0}, {"category": "person", "tid": 1}], "relation_instances": [{"end_fid": 30, "subject_tid": 0, "predicate": "stand_next_to", "begin_fid": 0, "object_tid": 1}, {"end_fid": 30, "subject_tid": 0, "predicate": "stand_left", "begin_fid": 0, "object_tid": 1}, {"end_fid": 30, "subject_tid": 1, "predicate": "sit_right", "begin_fid": 0, "object_tid": 0}, {"end_fid": 30, "subject_tid": 1, "predicate": "sit_next_to", "begin_fid": 0, "object_tid": 0}, {"end_fid": 30, "subject_tid": 1, "predicate": "touch", "begin_fid": 0, "object_tid": 0}, {"end_fid": 150, "subject_tid": 0, "predicate": "stand_next_to", "begin_fid": 120, "object_tid": 1}, {"end_fid": 150, "subject_tid": 0, "predicate": "stand_left", "begin_fid": 120, "object_tid": 1}, {"end_fid": 150, "subject_tid": 1, "predicate": "sit_right", "begin_fid": 120, "object_tid": 0}, {"end_fid": 150, "subject_tid": 1, "predicate": "sit_next_to", "begin_fid": 120, "object_tid": 0}, {"end_fid": 150, "subject_tid": 1, "predicate": "touch", "begin_fid": 120, "object_tid": 0}, {"end_fid": 300, "subject_tid": 0, "predicate": "stand_next_to", "begin_fid": 270, "object_tid": 1}, {"end_fid": 300, "subject_tid": 0, "predicate": "stand_left", "begin_fid": 270, "object_tid": 1}, {"end_fid": 300, "subject_tid": 1, "predicate": "sit_right", "begin_fid": 270, "object_tid": 0}, {"end_fid": 300, "subject_tid": 1, "predicate": "sit_next_to", "begin_fid": 270, "object_tid": 0}, {"end_fid": 300, "subject_tid": 1, "predicate": "touch", "begin_fid": 270, "object_tid": 0}, {"end_fid": 450, "subject_tid": 0, "predicate": "stand_next_to", "begin_fid": 420, "object_tid": 1}, {"end_fid": 450, "subject_tid": 0, "predicate": "stand_left", "begin_fid": 420, "object_tid": 1}, {"end_fid": 450, "subject_tid": 1, "predicate": "sit_right", "begin_fid": 420, "object_tid": 0}, {"end_fid": 450, "subject_tid": 1, "predicate": "sit_next_to", "begin_fid": 420, "object_tid": 0}, {"end_fid": 450, "subject_tid": 1, "predicate": "touch", "begin_fid": 420, "object_tid": 0}], "height": 360}