{"width": 640, "frame_count": 976, "video_id": "ILSVRC2015_train_00056001", "fps": 30, "trajectories": [[{"tid": 0, "generated": 0, "bbox": {"xmin": 385, "ymin": 183, "ymax": 272, "xmax": 468}}, {"tid": 1, "generated": 0, "bbox": {"xmin": 152, "ymin": 150, "ymax": 270, "xmax": 328}}], [{"tid": 0, "generated": 0, "bbox": {"xmin": 384, "ymin": 183, "ymax": 271, "xmax": 467}}, {"tid": 1, "generated": 0, "bbox": {"xmin": 151, "ymin": 148, "ymax": 268, "xmax": 328}}], [{"tid": 0, "generated": 0, "bbox": {"xmin": 383, "ymin": 183, "ymax": 270, "xmax": 467}}, {"tid": 1, "generated": 0, "bbox": {"xmin": 150, "ymin": 146, "ymax": 267, "xmax": 328}}], [{"tid": 0, "generated": 0, "bbox": {"xmin": 382, "ymin": 183, "ymax": 269, "xmax": 466}}, {"tid": 1, "generated": 0, "bbox": {"xmin": 149, "ymin": 144, "ymax": 265, "xmax": 328}}], [{"tid": 0, "generated": 0, "bbox": {"xmin": 381, "ymin": 183, "ymax": 269, "xmax": 466}}, {"tid": 1, "generated": 0, "bbox": {"xmin": 148, "ymin": 142, "ymax": 264, "xmax": 328}}], [{"tid": 0, "generated": 0, "bbox": {"xmin": 381, "ymin": 183, "ymax": 268, "xmax": 465}}, {"tid": 1, "generated": 0, "bbox": {"xmin": 148, "ymin": 141, "ymax": 263, "xmax": 328}}], [{"tid": 0, "generated": 0, "bbox": {"xmin": 380, "ymin": 183, "ymax": 267, "xmax": 465}}, {"tid": 1, "generated": 0, "bbox": {"xmin": 147, "ymin": 139, "ymax": 261, "xmax": 328}}], [{"tid": 0, "generated": 0, "bbox": {"xmin": 379, "ymin": 183, "ymax": 267, "xmax": 464}}, {"tid": 1, "generated": 0, "bbox": {"xmin": 146, "ymin": 137, "ymax": 260, "xmax": 328}}], [{"tid": 0, "generated": 0, "bbox": {"xmin": 378, "ymin": 183, "ymax": 266, "xmax": 464}}, {"tid": 1, "generated": 0, "bbox": {"xmin": 145, "ymin": 135, "ymax": 258, "xmax": 328}}], [{"tid": 0, "generated": 0, "bbox": {"xmin": 377, "ymin": 183, "ymax": 265, "xmax": 463}}, {"tid": 1, "generated": 0, "bbox": {"xmin": 144, "ymin": 133, "ymax": 257, "xmax": 328}}], [{"tid": 0, "generated": 0, "bbox": {"xmin": 377, "ymin": 183, "ymax": 265, "xmax": 463}}, {"tid": 1, "generated": 0, "bbox": {"xmin": 144, "ymin": 132, "ymax": 256, "xmax": 328}}], [{"tid": 0, "generated": 0, "bbox": {"xmin": 375, "ymin": 182, "ymax": 264, "xmax": 461}}, {"tid": 1, "generated": 0, "bbox": {"xmin": 143, "ymin": 133, "ymax": 256, "xmax": 328}}], [{"tid": 0, "generated": 0, "bbox": {"xmin": 373, "ymin": 181, "ymax": 264, "xmax": 460}}, {"tid": 1, "generated": 0, "bbox": {"xmin": 142, "ymin": 134, "ymax": 256, "xmax": 329}}], [{"tid": 0, "generated": 0, "bbox": {"xmin": 371, "ymin": 180, "ymax": 264, "xmax": 458}}, {"tid": 1, "generated": 0, "bbox": {"xmin": 141, "ymin": 135, "ymax": 256, "xmax": 330}}], [{"tid": 0, "generated": 0, "bbox": {"xmin": 369, "ymin": 180, "ymax": 263, "xmax": 457}}, {"tid": 1, "generated": 0, "bbox": {"xmin": 140, "ymin": 136, "ymax": 256, "xmax": 331}}], [{"tid": 0, "generated": 0, "bbox": {"xmin": 367, "ymin": 179, "ymax": 263, "xmax": 456}}, {"tid": 1, "generated": 0, "bbox": {"xmin": 140, "ymin": 137, "ymax": 256, "xmax": 332}}], [{"tid": 0, "generated": 0, "bbox": {"xmin": 365, "ymin": 178, "ymax": 263, "xmax": 454}}, {"tid": 1, "generated": 0, "bbox": {"xmin": 139, "ymin": 138, "ymax": 256, "xmax": 332}}], [{"tid": 0, "generated": 0, "bbox": {"xmin": 363, "ymin": 178, "ymax": 262, "xmax": 453}}, {"tid": 1, "generated": 0, "bbox": {"xmin": 138, "ymin": 139, "ymax": 256, "xmax": 333}}], [{"tid": 0, "generated": 0, "bbox": {"xmin": 361, "ymin": 177, "ymax": 262, "xmax": 451}}, {"tid": 1, "generated": 0, "bbox": {"xmin": 137, "ymin": 140, "ymax": 256, "xmax": 334}}], [{"tid": 0, "generated": 0, "bbox": {"xmin": 359, "ymin": 176, "ymax": 262, "xmax": 450}}, {"tid": 1, "generated": 0, "bbox": {"xmin": 136, "ymin": 141, "ymax": 256, "xmax": 335}}], [{"tid": 0, "generated": 0, "bbox": {"xmin": 358, "ymin": 176, "ymax": 262, "xmax": 449}}, {"tid": 1, "generated": 0, "bbox": {"xmin": 136, "ymin": 142, "ymax": 257, "xmax": 336}}], [{"tid": 0, "generated": 0, "bbox": {"xmin": 355, "ymin": 176, "ymax": 261, "xmax": 448}}, {"tid": 1, "generated": 0, "bbox": {"xmin": 136, "ymin": 141, "ymax": 256, "xmax": 336}}], [{"tid": 0, "generated": 0, "bbox": {"xmin": 353, "ymin": 176, "ymax": 260, "xmax": 448}}, {"tid": 1, "generated": 0, "bbox": {"xmin": 137, "ymin": 141, "ymax": 256, "xmax": 337}}], [{"tid": 0, "generated": 0, "bbox": {"xmin": 351, "ymin": 176, "ymax": 260, "xmax": 448}}, {"tid": 1, "generated": 0, "bbox": {"xmin": 138, "ymin": 141, "ymax": 255, "xmax": 338}}], [{"tid": 0, "generated": 0, "bbox": {"xmin": 349, "ymin": 176, "ymax": 259, "xmax": 447}}, {"tid": 1, "generated": 0, "bbox": {"xmin": 139, "ymin": 141, "ymax": 255, "xmax": 339}}], [{"tid": 0, "generated": 0, "bbox": {"xmin": 347, "ymin": 176, "ymax": 259, "xmax": 447}}, {"tid": 1, "generated": 0, "bbox": {"xmin": 140, "ymin": 141, "ymax": 254, "xmax": 340}}], [{"tid": 0, "generated": 0, "bbox": {"xmin": 345, "ymin": 176, "ymax": 258, "xmax": 447}}, {"tid": 1, "generated": 0, "bbox": {"xmin": 140, "ymin": 141, "ymax": 254, "xmax": 340}}], [{"tid": 0, "generated": 0, "bbox": {"xmin": 343, "ymin": 176, "ymax": 257, "xmax": 446}}, {"tid": 1, "generated": 0, "bbox": {"xmin": 141, "ymin": 141, "ymax": 253, "xmax": 341}}], [{"tid": 0, "generated": 0, "bbox": {"xmin": 341, "ymin": 176, "ymax": 257, "xmax": 446}}, {"tid": 1, "generated": 0, "bbox": {"xmin": 142, "ymin": 141, "ymax": 253, "xmax": 342}}], [{"tid": 0, "generated": 0, "bbox": {"xmin": 339, "ymin": 176, "ymax": 256, "xmax": 446}}, {"tid": 1, "generated": 0, "bbox": {"xmin": 143, "ymin": 141, "ymax": 252, "xmax": 343}}], [], [], [], [], [], [], [], [], [], [], [], [], [], [], [], [], [], [], [], [], [], [], [], [], [], [], [], [], [], [], [{"tid": 0, "generated": 0, "bbox": {"xmin": 320, "ymin": 168, "ymax": 256, "xmax": 428}}, {"tid": 1, "generated": 0, "bbox": {"xmin": 183, "ymin": 141, "ymax": 246, "xmax": 375}}, {"tid": 2, "generated": 0, "bbox": {"xmin": 152, "ymin": 141, "ymax": 232, "xmax": 208}}], [{"tid": 0, "generated": 0, "bbox": {"xmin": 317, "ymin": 168, "ymax": 256, "xmax": 425}}, {"tid": 1, "generated": 0, "bbox": {"xmin": 183, "ymin": 141, "ymax": 246, "xmax": 375}}, {"tid": 2, "generated": 0, "bbox": {"xmin": 151, "ymin": 141, "ymax": 232, "xmax": 207}}], [{"tid": 0, "generated": 0, "bbox": {"xmin": 315, "ymin": 168, "ymax": 256, "xmax": 422}}, {"tid": 1, "generated": 0, "bbox": {"xmin": 184, "ymin": 141, "ymax": 246, "xmax": 376}}, {"tid": 2, "generated": 0, "bbox": {"xmin": 150, "ymin": 141, "ymax": 233, "xmax": 206}}], [{"tid": 0, "generated": 0, "bbox": {"xmin": 312, "ymin": 169, "ymax": 256, "xmax": 419}}, {"tid": 1, "generated": 0, "bbox": {"xmin": 185, "ymin": 141, "ymax": 246, "xmax": 377}}, {"tid": 2, "generated": 0, "bbox": {"xmin": 149, "ymin": 141, "ymax": 234, "xmax": 205}}], [{"tid": 0, "generated": 0, "bbox": {"xmin": 310, "ymin": 169, "ymax": 256, "xmax": 417}}, {"tid": 1, "generated": 0, "bbox": {"xmin": 186, "ymin": 141, "ymax": 246, "xmax": 378}}, {"tid": 2, "generated": 0, "bbox": {"xmin": 148, "ymin": 142, "ymax": 234, "xmax": 205}}], [{"tid": 0, "generated": 0, "bbox": {"xmin": 308, "ymin": 170, "ymax": 256, "xmax": 414}}, {"tid": 1, "generated": 0, "bbox": {"xmin": 187, "ymin": 141, "ymax": 247, "xmax": 379}}, {"tid": 2, "generated": 0, "bbox": {"xmin": 148, "ymin": 142, "ymax": 235, "xmax": 204}}], [{"tid": 0, "generated": 0, "bbox": {"xmin": 305, "ymin": 170, "ymax": 256, "xmax": 411}}, {"tid": 1, "generated": 0, "bbox": {"xmin": 187, "ymin": 141, "ymax": 247, "xmax": 379}}, {"tid": 2, "generated": 0, "bbox": {"xmin": 147, "ymin": 142, "ymax": 236, "xmax": 203}}], [{"tid": 0, "generated": 0, "bbox": {"xmin": 303, "ymin": 170, "ymax": 256, "xmax": 409}}, {"tid": 1, "generated": 0, "bbox": {"xmin": 188, "ymin": 141, "ymax": 247, "xmax": 380}}, {"tid": 2, "generated": 0, "bbox": {"xmin": 146, "ymin": 143, "ymax": 236, "xmax": 203}}], [{"tid": 0, "generated": 0, "bbox": {"xmin": 300, "ymin": 171, "ymax": 256, "xmax": 406}}, {"tid": 1, "generated": 0, "bbox": {"xmin": 189, "ymin": 141, "ymax": 247, "xmax": 381}}, {"tid": 2, "generated": 0, "bbox": {"xmin": 145, "ymin": 143, "ymax": 237, "xmax": 202}}], [{"tid": 0, "generated": 0, "bbox": {"xmin": 298, "ymin": 171, "ymax": 256, "xmax": 403}}, {"tid": 1, "generated": 0, "bbox": {"xmin": 190, "ymin": 141, "ymax": 247, "xmax": 382}}, {"tid": 2, "generated": 0, "bbox": {"xmin": 144, "ymin": 143, "ymax": 238, "xmax": 201}}], [{"tid": 0, "generated": 0, "bbox": {"xmin": 296, "ymin": 172, "ymax": 257, "xmax": 401}}, {"tid": 1, "generated": 0, "bbox": {"xmin": 191, "ymin": 142, "ymax": 248, "xmax": 383}}, {"tid": 2, "generated": 0, "bbox": {"xmin": 144, "ymin": 144, "ymax": 239, "xmax": 201}}], [{"tid": 0, "generated": 0, "bbox": {"xmin": 295, "ymin": 171, "ymax": 256, "xmax": 400}}, {"tid": 1, "generated": 0, "bbox": {"xmin": 192, "ymin": 142, "ymax": 248, "xmax": 384}}, {"tid": 2, "generated": 0, "bbox": {"xmin": 144, "ymin": 143, "ymax": 238, "xmax": 201}}], [{"tid": 0, "generated": 0, "bbox": {"xmin": 295, "ymin": 171, "ymax": 256, "xmax": 400}}, {"tid": 1, "generated": 0, "bbox": {"xmin": 193, "ymin": 142, "ymax": 248, "xmax": 385}}, {"tid": 2, "generated": 0, "bbox": {"xmin": 144, "ymin": 143, "ymax": 237, "xmax": 201}}], [{"tid": 0, "generated": 0, "bbox": {"xmin": 295, "ymin": 170, "ymax": 256, "xmax": 400}}, {"tid": 1, "generated": 0, "bbox": {"xmin": 194, "ymin": 142, "ymax": 249, "xmax": 386}}, {"tid": 2, "generated": 0, "bbox": {"xmin": 144, "ymin": 143, "ymax": 237, "xmax": 201}}], [{"tid": 0, "generated": 0, "bbox": {"xmin": 294, "ymin": 170, "ymax": 256, "xmax": 400}}, {"tid": 1, "generated": 0, "bbox": {"xmin": 196, "ymin": 142, "ymax": 249, "xmax": 388}}, {"tid": 2, "generated": 0, "bbox": {"xmin": 144, "ymin": 143, "ymax": 236, "xmax": 201}}], [{"tid": 0, "generated": 0, "bbox": {"xmin": 294, "ymin": 170, "ymax": 256, "xmax": 400}}, {"tid": 1, "generated": 0, "bbox": {"xmin": 197, "ymin": 143, "ymax": 250, "xmax": 389}}, {"tid": 2, "generated": 0, "bbox": {"xmin": 144, "ymin": 143, "ymax": 236, "xmax": 201}}], [{"tid": 0, "generated": 0, "bbox": {"xmin": 294, "ymin": 169, "ymax": 255, "xmax": 400}}, {"tid": 1, "generated": 0, "bbox": {"xmin": 198, "ymin": 143, "ymax": 250, "xmax": 390}}, {"tid": 2, "generated": 0, "bbox": {"xmin": 144, "ymin": 142, "ymax": 235, "xmax": 201}}], [{"tid": 0, "generated": 0, "bbox": {"xmin": 293, "ymin": 169, "ymax": 255, "xmax": 400}}, {"tid": 1, "generated": 0, "bbox": {"xmin": 200, "ymin": 143, "ymax": 250, "xmax": 392}}, {"tid": 2, "generated": 0, "bbox": {"xmin": 144, "ymin": 142, "ymax": 234, "xmax": 201}}], [{"tid": 0, "generated": 0, "bbox": {"xmin": 293, "ymin": 168, "ymax": 255, "xmax": 400}}, {"tid": 1, "generated": 0, "bbox": {"xmin": 201, "ymin": 143, "ymax": 251, "xmax": 393}}, {"tid": 2, "generated": 0, "bbox": {"xmin": 144, "ymin": 142, "ymax": 234, "xmax": 201}}], [{"tid": 0, "generated": 0, "bbox": {"xmin": 293, "ymin": 168, "ymax": 255, "xmax": 400}}, {"tid": 1, "generated": 0, "bbox": {"xmin": 202, "ymin": 143, "ymax": 251, "xmax": 394}}, {"tid": 2, "generated": 0, "bbox": {"xmin": 144, "ymin": 142, "ymax": 233, "xmax": 201}}], [{"tid": 0, "generated": 0, "bbox": {"xmin": 293, "ymin": 168, "ymax": 255, "xmax": 400}}, {"tid": 1, "generated": 0, "bbox": {"xmin": 204, "ymin": 144, "ymax": 252, "xmax": 396}}, {"tid": 2, "generated": 0, "bbox": {"xmin": 144, "ymin": 142, "ymax": 233, "xmax": 201}}], [{"tid": 0, "generated": 0, "bbox": {"xmin": 293, "ymin": 170, "ymax": 254, "xmax": 398}}, {"tid": 1, "generated": 0, "bbox": {"xmin": 205, "ymin": 143, "ymax": 251, "xmax": 396}}, {"tid": 2, "generated": 0, "bbox": {"xmin": 144, "ymin": 142, "ymax": 233, "xmax": 201}}], [{"tid": 0, "generated": 0, "bbox": {"xmin": 293, "ymin": 172, "ymax": 253, "xmax": 397}}, {"tid": 1, "generated": 0, "bbox": {"xmin": 207, "ymin": 143, "ymax": 251, "xmax": 396}}, {"tid": 2, "generated": 0, "bbox": {"xmin": 145, "ymin": 142, "ymax": 233, "xmax": 202}}], [{"tid": 0, "generated": 0, "bbox": {"xmin": 293, "ymin": 174, "ymax": 253, "xmax": 396}}, {"tid": 1, "generated": 0, "bbox": {"xmin": 209, "ymin": 142, "ymax": 251, "xmax": 397}}, {"tid": 2, "generated": 0, "bbox": {"xmin": 146, "ymin": 142, "ymax": 234, "xmax": 203}}], [{"tid": 0, "generated": 0, "bbox": {"xmin": 293, "ymin": 177, "ymax": 252, "xmax": 395}}, {"tid": 1, "generated": 0, "bbox": {"xmin": 211, "ymin": 142, "ymax": 250, "xmax": 397}}, {"tid": 2, "generated": 0, "bbox": {"xmin": 146, "ymin": 142, "ymax": 234, "xmax": 203}}], [{"tid": 0, "generated": 0, "bbox": {"xmin": 293, "ymin": 179, "ymax": 252, "xmax": 394}}, {"tid": 1, "generated": 0, "bbox": {"xmin": 213, "ymin": 142, "ymax": 250, "xmax": 398}}, {"tid": 2, "generated": 0, "bbox": {"xmin": 147, "ymin": 143, "ymax": 235, "xmax": 204}}], [{"tid": 0, "generated": 0, "bbox": {"xmin": 293, "ymin": 181, "ymax": 251, "xmax": 392}}, {"tid": 1, "generated": 0, "bbox": {"xmin": 215, "ymin": 141, "ymax": 250, "xmax": 398}}, {"tid": 2, "generated": 0, "bbox": {"xmin": 148, "ymin": 143, "ymax": 235, "xmax": 205}}], [{"tid": 0, "generated": 0, "bbox": {"xmin": 293, "ymin": 184, "ymax": 250, "xmax": 391}}, {"tid": 1, "generated": 0, "bbox": {"xmin": 217, "ymin": 141, "ymax": 249, "xmax": 398}}, {"tid": 2, "generated": 0, "bbox": {"xmin": 148, "ymin": 143, "ymax": 235, "xmax": 205}}], [{"tid": 0, "generated": 0, "bbox": {"xmin": 293, "ymin": 186, "ymax": 250, "xmax": 390}}, {"tid": 1, "generated": 0, "bbox": {"xmin": 219, "ymin": 140, "ymax": 249, "xmax": 399}}, {"tid": 2, "generated": 0, "bbox": {"xmin": 149, "ymin": 143, "ymax": 236, "xmax": 206}}], [{"tid": 0, "generated": 0, "bbox": {"xmin": 293, "ymin": 188, "ymax": 249, "xmax": 389}}, {"tid": 1, "generated": 0, "bbox": {"xmin": 221, "ymin": 140, "ymax": 249, "xmax": 399}}, {"tid": 2, "generated": 0, "bbox": {"xmin": 150, "ymin": 143, "ymax": 236, "xmax": 207}}], [], [], [], [], [], [], [], [], [], [], [], [], [], [], [], [], [], [], [], [], [], [], [], [], [], [], [], [], [], [], [], [], [], [], [], [], [], [], [], [], [], [], [], [], [], [{"tid": 0, "generated": 0, "bbox": {"xmin": 235, "ymin": 154, "ymax": 239, "xmax": 319}}, {"tid": 1, "generated": 0, "bbox": {"xmin": 307, "ymin": 135, "ymax": 268, "xmax": 382}}, {"tid": 2, "generated": 0, "bbox": {"xmin": 156, "ymin": 136, "ymax": 230, "xmax": 215}}, {"tid": 3, "generated": 0, "bbox": {"xmin": 408, "ymin": 223, "ymax": 265, "xmax": 450}}], [{"tid": 0, "generated": 0, "bbox": {"xmin": 235, "ymin": 153, "ymax": 239, "xmax": 321}}, {"tid": 1, "generated": 0, "bbox": {"xmin": 308, "ymin": 134, "ymax": 268, "xmax": 382}}, {"tid": 2, "generated": 0, "bbox": {"xmin": 157, "ymin": 136, "ymax": 230, "xmax": 215}}, {"tid": 3, "generated": 0, "bbox": {"xmin": 408, "ymin": 223, "ymax": 265, "xmax": 450}}], [{"tid": 0, "generated": 0, "bbox": {"xmin": 236, "ymin": 153, "ymax": 238, "xmax": 323}}, {"tid": 1, "generated": 0, "bbox": {"xmin": 308, "ymin": 132, "ymax": 269, "xmax": 383}}, {"tid": 2, "generated": 0, "bbox": {"xmin": 157, "ymin": 136, "ymax": 230, "xmax": 215}}, {"tid": 3, "generated": 0, "bbox": {"xmin": 408, "ymin": 222, "ymax": 264, "xmax": 451}}], [{"tid": 0, "generated": 0, "bbox": {"xmin": 236, "ymin": 152, "ymax": 238, "xmax": 325}}, {"tid": 1, "generated": 0, "bbox": {"xmin": 309, "ymin": 131, "ymax": 270, "xmax": 383}}, {"tid": 2, "generated": 0, "bbox": {"xmin": 158, "ymin": 136, "ymax": 230, "xmax": 215}}, {"tid": 3, "generated": 0, "bbox": {"xmin": 408, "ymin": 221, "ymax": 263, "xmax": 451}}], [{"tid": 0, "generated": 0, "bbox": {"xmin": 237, "ymin": 152, "ymax": 238, "xmax": 327}}, {"tid": 1, "generated": 0, "bbox": {"xmin": 310, "ymin": 129, "ymax": 271, "xmax": 383}}, {"tid": 2, "generated": 0, "bbox": {"xmin": 159, "ymin": 136, "ymax": 230, "xmax": 215}}, {"tid": 3, "generated": 0, "bbox": {"xmin": 409, "ymin": 221, "ymax": 263, "xmax": 452}}], [{"tid": 0, "generated": 0, "bbox": {"xmin": 238, "ymin": 152, "ymax": 238, "xmax": 329}}, {"tid": 1, "generated": 0, "bbox": {"xmin": 311, "ymin": 128, "ymax": 272, "xmax": 384}}, {"tid": 2, "generated": 0, "bbox": {"xmin": 160, "ymin": 137, "ymax": 231, "xmax": 216}}, {"tid": 3, "generated": 0, "bbox": {"xmin": 408, "ymin": 219, "ymax": 262, "xmax": 452}}], [{"tid": 0, "generated": 0, "bbox": {"xmin": 238, "ymin": 150, "ymax": 237, "xmax": 330}}, {"tid": 1, "generated": 0, "bbox": {"xmin": 311, "ymin": 128, "ymax": 271, "xmax": 384}}, {"tid": 2, "generated": 0, "bbox": {"xmin": 160, "ymin": 136, "ymax": 230, "xmax": 216}}, {"tid": 3, "generated": 0, "bbox": {"xmin": 408, "ymin": 218, "ymax": 261, "xmax": 453}}], [{"tid": 0, "generated": 0, "bbox": {"xmin": 238, "ymin": 149, "ymax": 236, "xmax": 331}}, {"tid": 1, "generated": 0, "bbox": {"xmin": 311, "ymin": 129, "ymax": 271, "xmax": 385}}, {"tid": 2, "generated": 0, "bbox": {"xmin": 161, "ymin": 136, "ymax": 229, "xmax": 217}}, {"tid": 3, "generated": 0, "bbox": {"xmin": 408, "ymin": 217, "ymax": 261, "xmax": 454}}], [{"tid": 0, "generated": 0, "bbox": {"xmin": 238, "ymin": 148, "ymax": 236, "xmax": 333}}, {"tid": 1, "generated": 0, "bbox": {"xmin": 311, "ymin": 130, "ymax": 271, "xmax": 386}}, {"tid": 2, "generated": 0, "bbox": {"xmin": 162, "ymin": 135, "ymax": 228, "xmax": 218}}, {"tid": 3, "generated": 0, "bbox": {"xmin": 408, "ymin": 215, "ymax": 260, "xmax": 455}}], [{"tid": 0, "generated": 0, "bbox": {"xmin": 238, "ymin": 147, "ymax": 235, "xmax": 334}}, {"tid": 1, "generated": 0, "bbox": {"xmin": 311, "ymin": 131, "ymax": 270, "xmax": 386}}, {"tid": 2, "generated": 0, "bbox": {"xmin": 163, "ymin": 135, "ymax": 228, "xmax": 219}}, {"tid": 3, "generated": 0, "bbox": {"xmin": 408, "ymin": 214, "ymax": 260, "xmax": 456}}], [{"tid": 0, "generated": 0, "bbox": {"xmin": 238, "ymin": 146, "ymax": 235, "xmax": 336}}, {"tid": 1, "generated": 0, "bbox": {"xmin": 311, "ymin": 132, "ymax": 270, "xmax": 387}}, {"tid": 2, "generated": 0, "bbox": {"xmin": 164, "ymin": 135, "ymax": 227, "xmax": 220}}, {"tid": 3, "generated": 0, "bbox": {"xmin": 408, "ymin": 213, "ymax": 259, "xmax": 456}}], [{"tid": 0, "generated": 0, "bbox": {"xmin": 238, "ymin": 144, "ymax": 234, "xmax": 337}}, {"tid": 1, "generated": 0, "bbox": {"xmin": 311, "ymin": 133, "ymax": 270, "xmax": 388}}, {"tid": 2, "generated": 0, "bbox": {"xmin": 164, "ymin": 134, "ymax": 226, "xmax": 220}}, {"tid": 3, "generated": 0, "bbox": {"xmin": 408, "ymin": 211, "ymax": 258, "xmax": 457}}], [{"tid": 0, "generated": 0, "bbox": {"xmin": 238, "ymin": 143, "ymax": 233, "xmax": 338}}, {"tid": 1, "generated": 0, "bbox": {"xmin": 311, "ymin": 134, "ymax": 269, "xmax": 388}}, {"tid": 2, "generated": 0, "bbox": {"xmin": 165, "ymin": 134, "ymax": 226, "xmax": 221}}, {"tid": 3, "generated": 0, "bbox": {"xmin": 408, "ymin": 210, "ymax": 258, "xmax": 458}}], [{"tid": 0, "generated": 0, "bbox": {"xmin": 238, "ymin": 142, "ymax": 233, "xmax": 340}}, {"tid": 1, "generated": 0, "bbox": {"xmin": 311, "ymin": 135, "ymax": 269, "xmax": 389}}, {"tid": 2, "generated": 0, "bbox": {"xmin": 166, "ymin": 133, "ymax": 225, "xmax": 222}}, {"tid": 3, "generated": 0, "bbox": {"xmin": 408, "ymin": 209, "ymax": 257, "xmax": 459}}], [{"tid": 0, "generated": 0, "bbox": {"xmin": 238, "ymin": 141, "ymax": 232, "xmax": 341}}, {"tid": 1, "generated": 0, "bbox": {"xmin": 312, "ymin": 136, "ymax": 269, "xmax": 390}}, {"tid": 2, "generated": 0, "bbox": {"xmin": 167, "ymin": 133, "ymax": 224, "xmax": 223}}, {"tid": 3, "generated": 0, "bbox": {"xmin": 408, "ymin": 208, "ymax": 257, "xmax": 460}}], [{"tid": 0, "generated": 0, "bbox": {"xmin": 238, "ymin": 140, "ymax": 232, "xmax": 343}}, {"tid": 1, "generated": 0, "bbox": {"xmin": 310, "ymin": 140, "ymax": 272, "xmax": 390}}, {"tid": 2, "generated": 0, "bbox": {"xmin": 168, "ymin": 133, "ymax": 224, "xmax": 224}}, {"tid": 3, "generated": 0, "bbox": {"xmin": 407, "ymin": 207, "ymax": 256, "xmax": 460}}], [{"tid": 0, "generated": 0, "bbox": {"xmin": 238, "ymin": 139, "ymax": 231, "xmax": 343}}, {"tid": 1, "generated": 0, "bbox": {"xmin": 310, "ymin": 140, "ymax": 272, "xmax": 391}}, {"tid": 2, "generated": 0, "bbox": {"xmin": 168, "ymin": 132, "ymax": 223, "xmax": 224}}, {"tid": 3, "generated": 0, "bbox": {"xmin": 407, "ymin": 206, "ymax": 256, "xmax": 461}}], [{"tid": 0, "generated": 0, "bbox": {"xmin": 238, "ymin": 139, "ymax": 230, "xmax": 343}}, {"tid": 1, "generated": 0, "bbox": {"xmin": 310, "ymin": 140, "ymax": 272, "xmax": 393}}, {"tid": 2, "generated": 0, "bbox": {"xmin": 168, "ymin": 132, "ymax": 223, "xmax": 224}}, {"tid": 3, "generated": 0, "bbox": {"xmin": 407, "ymin": 205, "ymax": 256, "xmax": 461}}], [{"tid": 0, "generated": 0, "bbox": {"xmin": 238, "ymin": 139, "ymax": 230, "xmax": 343}}, {"tid": 1, "generated": 0, "bbox": {"xmin": 311, "ymin": 140, "ymax": 272, "xmax": 394}}, {"tid": 2, "generated": 0, "bbox": {"xmin": 168, "ymin": 131, "ymax": 222, "xmax": 224}}, {"tid": 3, "generated": 0, "bbox": {"xmin": 407, "ymin": 204, "ymax": 256, "xmax": 462}}], [{"tid": 0, "generated": 0, "bbox": {"xmin": 238, "ymin": 138, "ymax": 229, "xmax": 344}}, {"tid": 1, "generated": 0, "bbox": {"xmin": 311, "ymin": 140, "ymax": 272, "xmax": 396}}, {"tid": 2, "generated": 0, "bbox": {"xmin": 168, "ymin": 131, "ymax": 222, "xmax": 224}}, {"tid": 3, "generated": 0, "bbox": {"xmin": 407, "ymin": 203, "ymax": 256, "xmax": 462}}], [{"tid": 0, "generated": 0, "bbox": {"xmin": 238, "ymin": 138, "ymax": 229, "xmax": 344}}, {"tid": 1, "generated": 0, "bbox": {"xmin": 311, "ymin": 141, "ymax": 272, "xmax": 397}}, {"tid": 2, "generated": 0, "bbox": {"xmin": 168, "ymin": 130, "ymax": 221, "xmax": 225}}, {"tid": 3, "generated": 0, "bbox": {"xmin": 407, "ymin": 202, "ymax": 255, "xmax": 463}}], [{"tid": 0, "generated": 0, "bbox": {"xmin": 238, "ymin": 138, "ymax": 228, "xmax": 344}}, {"tid": 1, "generated": 0, "bbox": {"xmin": 312, "ymin": 141, "ymax": 272, "xmax": 399}}, {"tid": 2, "generated": 0, "bbox": {"xmin": 168, "ymin": 130, "ymax": 221, "xmax": 225}}, {"tid": 3, "generated": 0, "bbox": {"xmin": 407, "ymin": 201, "ymax": 255, "xmax": 463}}], [{"tid": 0, "generated": 0, "bbox": {"xmin": 239, "ymin": 138, "ymax": 227, "xmax": 344}}, {"tid": 1, "generated": 0, "bbox": {"xmin": 312, "ymin": 141, "ymax": 272, "xmax": 400}}, {"tid": 2, "generated": 0, "bbox": {"xmin": 168, "ymin": 129, "ymax": 221, "xmax": 225}}, {"tid": 3, "generated": 0, "bbox": {"xmin": 407, "ymin": 200, "ymax": 255, "xmax": 464}}], [{"tid": 0, "generated": 0, "bbox": {"xmin": 239, "ymin": 137, "ymax": 227, "xmax": 345}}, {"tid": 1, "generated": 0, "bbox": {"xmin": 312, "ymin": 141, "ymax": 272, "xmax": 402}}, {"tid": 2, "generated": 0, "bbox": {"xmin": 168, "ymin": 129, "ymax": 220, "xmax": 225}}, {"tid": 3, "generated": 0, "bbox": {"xmin": 407, "ymin": 199, "ymax": 255, "xmax": 464}}], [{"tid": 0, "generated": 0, "bbox": {"xmin": 239, "ymin": 137, "ymax": 226, "xmax": 345}}, {"tid": 1, "generated": 0, "bbox": {"xmin": 313, "ymin": 142, "ymax": 272, "xmax": 404}}, {"tid": 2, "generated": 0, "bbox": {"xmin": 168, "ymin": 128, "ymax": 220, "xmax": 225}}, {"tid": 3, "generated": 0, "bbox": {"xmin": 407, "ymin": 198, "ymax": 255, "xmax": 465}}], [{"tid": 0, "generated": 0, "bbox": {"xmin": 239, "ymin": 137, "ymax": 226, "xmax": 345}}, {"tid": 1, "generated": 0, "bbox": {"xmin": 312, "ymin": 142, "ymax": 272, "xmax": 402}}, {"tid": 2, "generated": 0, "bbox": {"xmin": 168, "ymin": 128, "ymax": 219, "xmax": 226}}, {"tid": 3, "generated": 0, "bbox": {"xmin": 406, "ymin": 196, "ymax": 254, "xmax": 465}}], [{"tid": 0, "generated": 0, "bbox": {"xmin": 239, "ymin": 137, "ymax": 225, "xmax": 345}}, {"tid": 1, "generated": 0, "bbox": {"xmin": 311, "ymin": 142, "ymax": 272, "xmax": 401}}, {"tid": 2, "generated": 0, "bbox": {"xmin": 168, "ymin": 127, "ymax": 219, "xmax": 226}}, {"tid": 3, "generated": 0, "bbox": {"xmin": 405, "ymin": 195, "ymax": 253, "xmax": 465}}], [{"tid": 0, "generated": 0, "bbox": {"xmin": 239, "ymin": 136, "ymax": 225, "xmax": 346}}, {"tid": 1, "generated": 0, "bbox": {"xmin": 310, "ymin": 142, "ymax": 272, "xmax": 400}}, {"tid": 2, "generated": 0, "bbox": {"xmin": 168, "ymin": 127, "ymax": 218, "xmax": 226}}, {"tid": 3, "generated": 0, "bbox": {"xmin": 404, "ymin": 194, "ymax": 252, "xmax": 465}}], [{"tid": 0, "generated": 0, "bbox": {"xmin": 240, "ymin": 136, "ymax": 224, "xmax": 346}}, {"tid": 1, "generated": 0, "bbox": {"xmin": 309, "ymin": 142, "ymax": 272, "xmax": 399}}, {"tid": 2, "generated": 0, "bbox": {"xmin": 168, "ymin": 126, "ymax": 218, "xmax": 226}}, {"tid": 3, "generated": 0, "bbox": {"xmin": 404, "ymin": 192, "ymax": 252, "xmax": 465}}], [{"tid": 0, "generated": 0, "bbox": {"xmin": 240, "ymin": 136, "ymax": 223, "xmax": 346}}, {"tid": 1, "generated": 0, "bbox": {"xmin": 308, "ymin": 142, "ymax": 272, "xmax": 398}}, {"tid": 2, "generated": 0, "bbox": {"xmin": 168, "ymin": 126, "ymax": 218, "xmax": 226}}, {"tid": 3, "generated": 0, "bbox": {"xmin": 403, "ymin": 191, "ymax": 251, "xmax": 465}}], [], [], [], [], [], [], [], [], [], [], [], [], [], [], [], [], [], [], [], [], [], [], [], [], [], [], [], [], [], [], [], [], [], [], [], [], [], [], [], [], [], [], [], [], [], [], [], [], [], [], [], [], [], [], [], [], [], [], [], [], [], [], [], [], [], [], [], [], [], [], [], [], [], [], [], [], [], [], [], [], [], [], [], [], [], [], [], [], [], [], [{"tid": 0, "generated": 0, "bbox": {"xmin": 326, "ymin": 69, "ymax": 156, "xmax": 431}}, {"tid": 1, "generated": 0, "bbox": {"xmin": 219, "ymin": 96, "ymax": 303, "xmax": 377}}, {"tid": 2, "generated": 0, "bbox": {"xmin": 251, "ymin": 64, "ymax": 149, "xmax": 333}}, {"tid": 3, "generated": 0, "bbox": {"xmin": 465, "ymin": 109, "ymax": 184, "xmax": 537}}], [{"tid": 0, "generated": 0, "bbox": {"xmin": 326, "ymin": 69, "ymax": 156, "xmax": 431}}, {"tid": 1, "generated": 0, "bbox": {"xmin": 218, "ymin": 96, "ymax": 304, "xmax": 377}}, {"tid": 2, "generated": 0, "bbox": {"xmin": 251, "ymin": 64, "ymax": 148, "xmax": 333}}, {"tid": 3, "generated": 0, "bbox": {"xmin": 466, "ymin": 109, "ymax": 184, "xmax": 538}}], [{"tid": 0, "generated": 0, "bbox": {"xmin": 327, "ymin": 69, "ymax": 156, "xmax": 432}}, {"tid": 1, "generated": 0, "bbox": {"xmin": 217, "ymin": 96, "ymax": 305, "xmax": 376}}, {"tid": 2, "generated": 0, "bbox": {"xmin": 252, "ymin": 64, "ymax": 146, "xmax": 334}}, {"tid": 3, "generated": 0, "bbox": {"xmin": 468, "ymin": 109, "ymax": 184, "xmax": 540}}], [{"tid": 0, "generated": 0, "bbox": {"xmin": 327, "ymin": 69, "ymax": 156, "xmax": 432}}, {"tid": 1, "generated": 0, "bbox": {"xmin": 216, "ymin": 96, "ymax": 306, "xmax": 375}}, {"tid": 2, "generated": 0, "bbox": {"xmin": 253, "ymin": 64, "ymax": 144, "xmax": 335}}, {"tid": 3, "generated": 0, "bbox": {"xmin": 469, "ymin": 109, "ymax": 184, "xmax": 541}}], [{"tid": 0, "generated": 0, "bbox": {"xmin": 328, "ymin": 69, "ymax": 156, "xmax": 433}}, {"tid": 1, "generated": 0, "bbox": {"xmin": 216, "ymin": 97, "ymax": 308, "xmax": 375}}, {"tid": 2, "generated": 0, "bbox": {"xmin": 254, "ymin": 64, "ymax": 143, "xmax": 336}}, {"tid": 3, "generated": 0, "bbox": {"xmin": 471, "ymin": 109, "ymax": 184, "xmax": 543}}], [{"tid": 0, "generated": 0, "bbox": {"xmin": 329, "ymin": 67, "ymax": 154, "xmax": 434}}, {"tid": 1, "generated": 0, "bbox": {"xmin": 215, "ymin": 96, "ymax": 307, "xmax": 376}}, {"tid": 2, "generated": 0, "bbox": {"xmin": 255, "ymin": 62, "ymax": 141, "xmax": 337}}, {"tid": 3, "generated": 0, "bbox": {"xmin": 472, "ymin": 107, "ymax": 182, "xmax": 543}}], [{"tid": 0, "generated": 0, "bbox": {"xmin": 330, "ymin": 65, "ymax": 153, "xmax": 435}}, {"tid": 1, "generated": 0, "bbox": {"xmin": 214, "ymin": 96, "ymax": 307, "xmax": 378}}, {"tid": 2, "generated": 0, "bbox": {"xmin": 256, "ymin": 61, "ymax": 139, "xmax": 338}}, {"tid": 3, "generated": 0, "bbox": {"xmin": 474, "ymin": 105, "ymax": 180, "xmax": 544}}], [{"tid": 0, "generated": 0, "bbox": {"xmin": 332, "ymin": 64, "ymax": 152, "xmax": 437}}, {"tid": 1, "generated": 0, "bbox": {"xmin": 213, "ymin": 96, "ymax": 306, "xmax": 380}}, {"tid": 2, "generated": 0, "bbox": {"xmin": 257, "ymin": 60, "ymax": 137, "xmax": 339}}, {"tid": 3, "generated": 0, "bbox": {"xmin": 476, "ymin": 104, "ymax": 178, "xmax": 545}}], [{"tid": 0, "generated": 0, "bbox": {"xmin": 333, "ymin": 62, "ymax": 150, "xmax": 438}}, {"tid": 1, "generated": 0, "bbox": {"xmin": 212, "ymin": 95, "ymax": 306, "xmax": 381}}, {"tid": 2, "generated": 0, "bbox": {"xmin": 258, "ymin": 59, "ymax": 136, "xmax": 340}}, {"tid": 3, "generated": 0, "bbox": {"xmin": 477, "ymin": 102, "ymax": 177, "xmax": 546}}], [{"tid": 0, "generated": 0, "bbox": {"xmin": 335, "ymin": 61, "ymax": 149, "xmax": 440}}, {"tid": 1, "generated": 0, "bbox": {"xmin": 211, "ymin": 95, "ymax": 305, "xmax": 383}}, {"tid": 2, "generated": 0, "bbox": {"xmin": 259, "ymin": 58, "ymax": 134, "xmax": 342}}, {"tid": 3, "generated": 0, "bbox": {"xmin": 479, "ymin": 101, "ymax": 175, "xmax": 547}}], [{"tid": 0, "generated": 0, "bbox": {"xmin": 336, "ymin": 59, "ymax": 148, "xmax": 441}}, {"tid": 1, "generated": 0, "bbox": {"xmin": 210, "ymin": 95, "ymax": 305, "xmax": 385}}, {"tid": 2, "generated": 0, "bbox": {"xmin": 260, "ymin": 56, "ymax": 132, "xmax": 343}}, {"tid": 3, "generated": 0, "bbox": {"xmin": 481, "ymin": 99, "ymax": 173, "xmax": 547}}], [{"tid": 0, "generated": 0, "bbox": {"xmin": 337, "ymin": 57, "ymax": 146, "xmax": 442}}, {"tid": 1, "generated": 0, "bbox": {"xmin": 209, "ymin": 94, "ymax": 304, "xmax": 386}}, {"tid": 2, "generated": 0, "bbox": {"xmin": 261, "ymin": 55, "ymax": 131, "xmax": 344}}, {"tid": 3, "generated": 0, "bbox": {"xmin": 482, "ymin": 97, "ymax": 172, "xmax": 548}}], [{"tid": 0, "generated": 0, "bbox": {"xmin": 339, "ymin": 56, "ymax": 145, "xmax": 444}}, {"tid": 1, "generated": 0, "bbox": {"xmin": 208, "ymin": 94, "ymax": 304, "xmax": 388}}, {"tid": 2, "generated": 0, "bbox": {"xmin": 262, "ymin": 54, "ymax": 129, "xmax": 345}}, {"tid": 3, "generated": 0, "bbox": {"xmin": 484, "ymin": 96, "ymax": 170, "xmax": 549}}], [{"tid": 0, "generated": 0, "bbox": {"xmin": 340, "ymin": 54, "ymax": 144, "xmax": 445}}, {"tid": 1, "generated": 0, "bbox": {"xmin": 207, "ymin": 94, "ymax": 303, "xmax": 390}}, {"tid": 2, "generated": 0, "bbox": {"xmin": 263, "ymin": 53, "ymax": 127, "xmax": 346}}, {"tid": 3, "generated": 0, "bbox": {"xmin": 486, "ymin": 94, "ymax": 168, "xmax": 550}}], [{"tid": 0, "generated": 0, "bbox": {"xmin": 342, "ymin": 53, "ymax": 143, "xmax": 447}}, {"tid": 1, "generated": 0, "bbox": {"xmin": 207, "ymin": 94, "ymax": 303, "xmax": 392}}, {"tid": 2, "generated": 0, "bbox": {"xmin": 264, "ymin": 52, "ymax": 126, "xmax": 348}}, {"tid": 3, "generated": 0, "bbox": {"xmin": 488, "ymin": 93, "ymax": 167, "xmax": 551}}], [{"tid": 0, "generated": 0, "bbox": {"xmin": 343, "ymin": 52, "ymax": 142, "xmax": 448}}, {"tid": 1, "generated": 0, "bbox": {"xmin": 205, "ymin": 93, "ymax": 303, "xmax": 388}}, {"tid": 2, "generated": 0, "bbox": {"xmin": 265, "ymin": 51, "ymax": 125, "xmax": 349}}, {"tid": 3, "generated": 0, "bbox": {"xmin": 490, "ymin": 91, "ymax": 166, "xmax": 551}}], [{"tid": 0, "generated": 0, "bbox": {"xmin": 344, "ymin": 51, "ymax": 141, "xmax": 449}}, {"tid": 1, "generated": 0, "bbox": {"xmin": 203, "ymin": 93, "ymax": 303, "xmax": 385}}, {"tid": 2, "generated": 0, "bbox": {"xmin": 267, "ymin": 50, "ymax": 124, "xmax": 351}}, {"tid": 3, "generated": 0, "bbox": {"xmin": 492, "ymin": 89, "ymax": 165, "xmax": 552}}], [{"tid": 0, "generated": 0, "bbox": {"xmin": 345, "ymin": 50, "ymax": 140, "xmax": 450}}, {"tid": 1, "generated": 0, "bbox": {"xmin": 202, "ymin": 92, "ymax": 303, "xmax": 381}}, {"tid": 2, "generated": 0, "bbox": {"xmin": 268, "ymin": 49, "ymax": 123, "xmax": 352}}, {"tid": 3, "generated": 0, "bbox": {"xmin": 494, "ymin": 88, "ymax": 164, "xmax": 553}}], [{"tid": 0, "generated": 0, "bbox": {"xmin": 346, "ymin": 49, "ymax": 139, "xmax": 451}}, {"tid": 1, "generated": 0, "bbox": {"xmin": 200, "ymin": 92, "ymax": 303, "xmax": 378}}, {"tid": 2, "generated": 0, "bbox": {"xmin": 270, "ymin": 49, "ymax": 123, "xmax": 354}}, {"tid": 3, "generated": 0, "bbox": {"xmin": 496, "ymin": 86, "ymax": 163, "xmax": 554}}], [{"tid": 0, "generated": 0, "bbox": {"xmin": 347, "ymin": 49, "ymax": 138, "xmax": 452}}, {"tid": 1, "generated": 0, "bbox": {"xmin": 199, "ymin": 91, "ymax": 304, "xmax": 375}}, {"tid": 2, "generated": 0, "bbox": {"xmin": 272, "ymin": 48, "ymax": 122, "xmax": 356}}, {"tid": 3, "generated": 0, "bbox": {"xmin": 498, "ymin": 85, "ymax": 162, "xmax": 555}}], [{"tid": 0, "generated": 0, "bbox": {"xmin": 348, "ymin": 48, "ymax": 137, "xmax": 453}}, {"tid": 1, "generated": 0, "bbox": {"xmin": 197, "ymin": 91, "ymax": 304, "xmax": 371}}, {"tid": 2, "generated": 0, "bbox": {"xmin": 273, "ymin": 47, "ymax": 121, "xmax": 357}}, {"tid": 3, "generated": 0, "bbox": {"xmin": 500, "ymin": 83, "ymax": 161, "xmax": 556}}], [{"tid": 0, "generated": 0, "bbox": {"xmin": 349, "ymin": 47, "ymax": 136, "xmax": 454}}, {"tid": 1, "generated": 0, "bbox": {"xmin": 195, "ymin": 90, "ymax": 304, "xmax": 368}}, {"tid": 2, "generated": 0, "bbox": {"xmin": 275, "ymin": 47, "ymax": 121, "xmax": 359}}, {"tid": 3, "generated": 0, "bbox": {"xmin": 502, "ymin": 81, "ymax": 160, "xmax": 557}}], [{"tid": 0, "generated": 0, "bbox": {"xmin": 350, "ymin": 46, "ymax": 135, "xmax": 455}}, {"tid": 1, "generated": 0, "bbox": {"xmin": 194, "ymin": 90, "ymax": 304, "xmax": 364}}, {"tid": 2, "generated": 0, "bbox": {"xmin": 276, "ymin": 46, "ymax": 120, "xmax": 360}}, {"tid": 3, "generated": 0, "bbox": {"xmin": 504, "ymin": 80, "ymax": 159, "xmax": 558}}], [{"tid": 0, "generated": 0, "bbox": {"xmin": 351, "ymin": 45, "ymax": 134, "xmax": 456}}, {"tid": 1, "generated": 0, "bbox": {"xmin": 192, "ymin": 89, "ymax": 304, "xmax": 361}}, {"tid": 2, "generated": 0, "bbox": {"xmin": 278, "ymin": 45, "ymax": 119, "xmax": 362}}, {"tid": 3, "generated": 0, "bbox": {"xmin": 506, "ymin": 78, "ymax": 158, "xmax": 559}}], [{"tid": 0, "generated": 0, "bbox": {"xmin": 352, "ymin": 45, "ymax": 134, "xmax": 457}}, {"tid": 1, "generated": 0, "bbox": {"xmin": 191, "ymin": 89, "ymax": 305, "xmax": 358}}, {"tid": 2, "generated": 0, "bbox": {"xmin": 280, "ymin": 45, "ymax": 119, "xmax": 364}}, {"tid": 3, "generated": 0, "bbox": {"xmin": 508, "ymin": 77, "ymax": 157, "xmax": 560}}], [{"tid": 0, "generated": 0, "bbox": {"xmin": 355, "ymin": 44, "ymax": 133, "xmax": 460}}, {"tid": 1, "generated": 0, "bbox": {"xmin": 192, "ymin": 88, "ymax": 307, "xmax": 359}}, {"tid": 2, "generated": 0, "bbox": {"xmin": 282, "ymin": 44, "ymax": 118, "xmax": 366}}, {"tid": 3, "generated": 0, "bbox": {"xmin": 510, "ymin": 76, "ymax": 156, "xmax": 562}}], [{"tid": 0, "generated": 0, "bbox": {"xmin": 358, "ymin": 44, "ymax": 133, "xmax": 463}}, {"tid": 1, "generated": 0, "bbox": {"xmin": 193, "ymin": 88, "ymax": 309, "xmax": 360}}, {"tid": 2, "generated": 0, "bbox": {"xmin": 284, "ymin": 44, "ymax": 118, "xmax": 369}}, {"tid": 3, "generated": 0, "bbox": {"xmin": 513, "ymin": 75, "ymax": 155, "xmax": 565}}], [{"tid": 0, "generated": 0, "bbox": {"xmin": 361, "ymin": 43, "ymax": 132, "xmax": 466}}, {"tid": 1, "generated": 0, "bbox": {"xmin": 195, "ymin": 88, "ymax": 311, "xmax": 362}}, {"tid": 2, "generated": 0, "bbox": {"xmin": 287, "ymin": 44, "ymax": 118, "xmax": 371}}, {"tid": 3, "generated": 0, "bbox": {"xmin": 515, "ymin": 75, "ymax": 155, "xmax": 568}}], [{"tid": 0, "generated": 0, "bbox": {"xmin": 364, "ymin": 43, "ymax": 132, "xmax": 469}}, {"tid": 1, "generated": 0, "bbox": {"xmin": 196, "ymin": 88, "ymax": 313, "xmax": 363}}, {"tid": 2, "generated": 0, "bbox": {"xmin": 289, "ymin": 44, "ymax": 118, "xmax": 374}}, {"tid": 3, "generated": 0, "bbox": {"xmin": 518, "ymin": 74, "ymax": 154, "xmax": 571}}], [{"tid": 0, "generated": 0, "bbox": {"xmin": 368, "ymin": 42, "ymax": 131, "xmax": 472}}, {"tid": 1, "generated": 0, "bbox": {"xmin": 198, "ymin": 88, "ymax": 315, "xmax": 365}}, {"tid": 2, "generated": 0, "bbox": {"xmin": 292, "ymin": 44, "ymax": 118, "xmax": 377}}, {"tid": 3, "generated": 0, "bbox": {"xmin": 521, "ymin": 74, "ymax": 154, "xmax": 574}}], [], [], [], [], [], [], [], [], [], [], [], [], [], [], [], [], [], [], [], [], [], [], [], [], [], [], [], [], [], [], [], [], [], [], [], [], [], [], [], [], [], [], [], [], [], [], [], [], [], [], [], [], [], [], [], [], [], [], [], [], [], [], [], [], [], [], [], [], [], [], [], [], [], [], [], [], [], [], [], [], [], [], [], [], [], [], [], [], [], [], [], [], [], [], [], [], [], [], [], [], [], [], [], [], [], [], [], [], [], [], [], [], [], [], [], [], [], [], [], [], [], [], [], [], [], [], [], [], [], [], [], [], [], [], [], [], [], [], [], [], [], [], [], [], [], [], [], [], [], [], [], [], [], [], [], [], [], [], [], [], [], [], [], [], [], [], [], [], [], [], [], [], [], [], [], [], [], [], [], [], [], [], [], [], [], [], [], [], [], [], [], [], [], [], [], [], [], [], [], [], [], [], [], [], [], [], [], [], [], [], [], [], [], [], [], [], [], [], [], [], [], [], [], [], [], [], [], [], [], [], [], [], [], [], [], [], [], [], [], [], [], [], [], [], [], [], [], [], [], [], [], [], [], [], [], [], [], [], [], [], [], [], [], [], [], [], [], [], [], [], [], [], [], [], [], [], [], [], [], [], [], [], [], [], [], [], [], [], [], [], [], [], [], [], [], [], [], [], [], [], [], [], [], [], [], [], [], [], [], [], [], [], [], [], [], [], [], [], [], [], [], [], [], [], [], [], [], [], [], [], [], [], [], [], [], [], [], [], [], [], [], [], [], [], [], [], [], [], [], [], [], [], [], [], [], [], [], [], [], [], [], [], [], [], [], [], [], [], [], [], [], [], [], [], [], [], [], [], [], [], [], [], [], [], [], [], [], [], [], [], [], [], [], [], [], [], [], [], [], [], [], [], [], [], [], [], [], [], [], [], [], [], [], [], [], [], [], [], [], [], [], [], [], [], [], [], [], [], [], [], [], [], [], [], [], [], [], [], [], [], [], [], [], [], [], [], [], [], [], [], [], [], [], [], [], [], [], [], [], [], [], [], [], [], [], [{"tid": 1, "generated": 0, "bbox": {"xmin": 204, "ymin": 49, "ymax": 356, "xmax": 476}}, {"tid": 6, "generated": 0, "bbox": {"xmin": 444, "ymin": 63, "ymax": 304, "xmax": 576}}, {"tid": 8, "generated": 0, "bbox": {"xmin": 0, "ymin": 119, "ymax": 358, "xmax": 257}}], [{"tid": 1, "generated": 0, "bbox": {"xmin": 205, "ymin": 50, "ymax": 356, "xmax": 475}}, {"tid": 6, "generated": 0, "bbox": {"xmin": 442, "ymin": 63, "ymax": 303, "xmax": 575}}, {"tid": 8, "generated": 0, "bbox": {"xmin": 0, "ymin": 119, "ymax": 358, "xmax": 255}}], [{"tid": 1, "generated": 0, "bbox": {"xmin": 207, "ymin": 51, "ymax": 356, "xmax": 475}}, {"tid": 6, "generated": 0, "bbox": {"xmin": 440, "ymin": 63, "ymax": 302, "xmax": 574}}, {"tid": 8, "generated": 0, "bbox": {"xmin": 0, "ymin": 120, "ymax": 358, "xmax": 254}}], [{"tid": 1, "generated": 0, "bbox": {"xmin": 208, "ymin": 52, "ymax": 356, "xmax": 475}}, {"tid": 6, "generated": 0, "bbox": {"xmin": 438, "ymin": 63, "ymax": 301, "xmax": 573}}, {"tid": 8, "generated": 0, "bbox": {"xmin": 0, "ymin": 121, "ymax": 358, "xmax": 253}}], [{"tid": 1, "generated": 0, "bbox": {"xmin": 210, "ymin": 53, "ymax": 356, "xmax": 474}}, {"tid": 6, "generated": 0, "bbox": {"xmin": 436, "ymin": 63, "ymax": 300, "xmax": 572}}, {"tid": 8, "generated": 0, "bbox": {"xmin": 0, "ymin": 122, "ymax": 358, "xmax": 252}}], [{"tid": 1, "generated": 0, "bbox": {"xmin": 212, "ymin": 54, "ymax": 356, "xmax": 474}}, {"tid": 6, "generated": 0, "bbox": {"xmin": 434, "ymin": 63, "ymax": 300, "xmax": 572}}, {"tid": 8, "generated": 0, "bbox": {"xmin": 0, "ymin": 123, "ymax": 358, "xmax": 251}}], [{"tid": 1, "generated": 0, "bbox": {"xmin": 213, "ymin": 55, "ymax": 356, "xmax": 474}}, {"tid": 6, "generated": 0, "bbox": {"xmin": 432, "ymin": 63, "ymax": 299, "xmax": 571}}, {"tid": 8, "generated": 0, "bbox": {"xmin": 0, "ymin": 124, "ymax": 358, "xmax": 249}}], [{"tid": 1, "generated": 0, "bbox": {"xmin": 215, "ymin": 56, "ymax": 356, "xmax": 473}}, {"tid": 6, "generated": 0, "bbox": {"xmin": 430, "ymin": 63, "ymax": 298, "xmax": 570}}, {"tid": 8, "generated": 0, "bbox": {"xmin": 0, "ymin": 125, "ymax": 358, "xmax": 248}}], [{"tid": 1, "generated": 0, "bbox": {"xmin": 216, "ymin": 57, "ymax": 356, "xmax": 473}}, {"tid": 6, "generated": 0, "bbox": {"xmin": 428, "ymin": 63, "ymax": 297, "xmax": 569}}, {"tid": 8, "generated": 0, "bbox": {"xmin": 0, "ymin": 126, "ymax": 358, "xmax": 247}}], [{"tid": 1, "generated": 0, "bbox": {"xmin": 218, "ymin": 58, "ymax": 356, "xmax": 473}}, {"tid": 6, "generated": 0, "bbox": {"xmin": 426, "ymin": 63, "ymax": 296, "xmax": 568}}, {"tid": 8, "generated": 0, "bbox": {"xmin": 0, "ymin": 127, "ymax": 358, "xmax": 246}}], [{"tid": 1, "generated": 0, "bbox": {"xmin": 220, "ymin": 60, "ymax": 356, "xmax": 473}}, {"tid": 6, "generated": 0, "bbox": {"xmin": 424, "ymin": 63, "ymax": 296, "xmax": 568}}, {"tid": 8, "generated": 0, "bbox": {"xmin": 0, "ymin": 128, "ymax": 358, "xmax": 245}}], [{"tid": 1, "generated": 0, "bbox": {"xmin": 220, "ymin": 60, "ymax": 356, "xmax": 474}}, {"tid": 6, "generated": 0, "bbox": {"xmin": 424, "ymin": 63, "ymax": 296, "xmax": 568}}, {"tid": 8, "generated": 0, "bbox": {"xmin": 0, "ymin": 129, "ymax": 358, "xmax": 244}}], [{"tid": 1, "generated": 0, "bbox": {"xmin": 221, "ymin": 61, "ymax": 356, "xmax": 475}}, {"tid": 6, "generated": 0, "bbox": {"xmin": 424, "ymin": 64, "ymax": 296, "xmax": 568}}, {"tid": 8, "generated": 0, "bbox": {"xmin": 0, "ymin": 130, "ymax": 358, "xmax": 244}}], [{"tid": 1, "generated": 0, "bbox": {"xmin": 222, "ymin": 61, "ymax": 356, "xmax": 476}}, {"tid": 6, "generated": 0, "bbox": {"xmin": 424, "ymin": 65, "ymax": 296, "xmax": 568}}, {"tid": 8, "generated": 0, "bbox": {"xmin": 0, "ymin": 131, "ymax": 358, "xmax": 244}}], [{"tid": 1, "generated": 0, "bbox": {"xmin": 223, "ymin": 62, "ymax": 356, "xmax": 478}}, {"tid": 6, "generated": 0, "bbox": {"xmin": 424, "ymin": 66, "ymax": 296, "xmax": 568}}, {"tid": 8, "generated": 0, "bbox": {"xmin": 0, "ymin": 132, "ymax": 358, "xmax": 243}}], [{"tid": 1, "generated": 0, "bbox": {"xmin": 224, "ymin": 62, "ymax": 357, "xmax": 479}}, {"tid": 6, "generated": 0, "bbox": {"xmin": 424, "ymin": 67, "ymax": 296, "xmax": 568}}, {"tid": 8, "generated": 0, "bbox": {"xmin": 0, "ymin": 133, "ymax": 358, "xmax": 243}}], [{"tid": 1, "generated": 0, "bbox": {"xmin": 225, "ymin": 63, "ymax": 357, "xmax": 480}}, {"tid": 6, "generated": 0, "bbox": {"xmin": 424, "ymin": 68, "ymax": 296, "xmax": 568}}, {"tid": 8, "generated": 0, "bbox": {"xmin": 0, "ymin": 134, "ymax": 358, "xmax": 243}}], [{"tid": 1, "generated": 0, "bbox": {"xmin": 226, "ymin": 63, "ymax": 357, "xmax": 482}}, {"tid": 6, "generated": 0, "bbox": {"xmin": 424, "ymin": 69, "ymax": 296, "xmax": 568}}, {"tid": 8, "generated": 0, "bbox": {"xmin": 0, "ymin": 135, "ymax": 358, "xmax": 242}}], [{"tid": 1, "generated": 0, "bbox": {"xmin": 227, "ymin": 64, "ymax": 357, "xmax": 483}}, {"tid": 6, "generated": 0, "bbox": {"xmin": 424, "ymin": 70, "ymax": 296, "xmax": 568}}, {"tid": 8, "generated": 0, "bbox": {"xmin": 0, "ymin": 136, "ymax": 358, "xmax": 242}}], [{"tid": 1, "generated": 0, "bbox": {"xmin": 228, "ymin": 64, "ymax": 357, "xmax": 484}}, {"tid": 6, "generated": 0, "bbox": {"xmin": 424, "ymin": 71, "ymax": 296, "xmax": 568}}, {"tid": 8, "generated": 0, "bbox": {"xmin": 0, "ymin": 137, "ymax": 358, "xmax": 242}}], [{"tid": 1, "generated": 0, "bbox": {"xmin": 229, "ymin": 65, "ymax": 358, "xmax": 486}}, {"tid": 6, "generated": 0, "bbox": {"xmin": 424, "ymin": 72, "ymax": 296, "xmax": 568}}, {"tid": 8, "generated": 0, "bbox": {"xmin": 0, "ymin": 139, "ymax": 358, "xmax": 242}}], [{"tid": 1, "generated": 0, "bbox": {"xmin": 228, "ymin": 66, "ymax": 358, "xmax": 485}}, {"tid": 6, "generated": 0, "bbox": {"xmin": 423, "ymin": 73, "ymax": 297, "xmax": 567}}, {"tid": 8, "generated": 0, "bbox": {"xmin": 0, "ymin": 140, "ymax": 358, "xmax": 241}}], [{"tid": 1, "generated": 0, "bbox": {"xmin": 228, "ymin": 67, "ymax": 358, "xmax": 485}}, {"tid": 6, "generated": 0, "bbox": {"xmin": 423, "ymin": 75, "ymax": 299, "xmax": 567}}, {"tid": 8, "generated": 0, "bbox": {"xmin": 0, "ymin": 141, "ymax": 358, "xmax": 241}}], [{"tid": 1, "generated": 0, "bbox": {"xmin": 227, "ymin": 69, "ymax": 358, "xmax": 484}}, {"tid": 6, "generated": 0, "bbox": {"xmin": 423, "ymin": 76, "ymax": 300, "xmax": 567}}, {"tid": 8, "generated": 0, "bbox": {"xmin": 0, "ymin": 142, "ymax": 358, "xmax": 241}}], [{"tid": 1, "generated": 0, "bbox": {"xmin": 227, "ymin": 70, "ymax": 358, "xmax": 484}}, {"tid": 6, "generated": 0, "bbox": {"xmin": 423, "ymin": 78, "ymax": 302, "xmax": 567}}, {"tid": 8, "generated": 0, "bbox": {"xmin": 0, "ymin": 143, "ymax": 358, "xmax": 240}}], [{"tid": 1, "generated": 0, "bbox": {"xmin": 226, "ymin": 72, "ymax": 358, "xmax": 483}}, {"tid": 6, "generated": 0, "bbox": {"xmin": 423, "ymin": 80, "ymax": 304, "xmax": 567}}, {"tid": 8, "generated": 0, "bbox": {"xmin": 0, "ymin": 144, "ymax": 358, "xmax": 240}}], [{"tid": 1, "generated": 0, "bbox": {"xmin": 226, "ymin": 73, "ymax": 358, "xmax": 483}}, {"tid": 6, "generated": 0, "bbox": {"xmin": 423, "ymin": 81, "ymax": 305, "xmax": 566}}, {"tid": 8, "generated": 0, "bbox": {"xmin": 0, "ymin": 145, "ymax": 358, "xmax": 240}}], [{"tid": 1, "generated": 0, "bbox": {"xmin": 225, "ymin": 74, "ymax": 358, "xmax": 482}}, {"tid": 6, "generated": 0, "bbox": {"xmin": 423, "ymin": 83, "ymax": 307, "xmax": 566}}, {"tid": 8, "generated": 0, "bbox": {"xmin": 0, "ymin": 146, "ymax": 358, "xmax": 239}}], [{"tid": 1, "generated": 0, "bbox": {"xmin": 225, "ymin": 76, "ymax": 358, "xmax": 482}}, {"tid": 6, "generated": 0, "bbox": {"xmin": 423, "ymin": 84, "ymax": 308, "xmax": 566}}, {"tid": 8, "generated": 0, "bbox": {"xmin": 0, "ymin": 147, "ymax": 358, "xmax": 239}}], [{"tid": 1, "generated": 0, "bbox": {"xmin": 224, "ymin": 77, "ymax": 358, "xmax": 481}}, {"tid": 6, "generated": 0, "bbox": {"xmin": 423, "ymin": 86, "ymax": 310, "xmax": 566}}, {"tid": 8, "generated": 0, "bbox": {"xmin": 0, "ymin": 148, "ymax": 358, "xmax": 239}}]], "subject/objects": [{"category": "cattle", "tid": 0}, {"category": "cattle", "tid": 1}, {"category": "cattle", "tid": 2}, {"category": "cattle", "tid": 3}, {"category": "cattle", "tid": 6}, {"category": "cattle", "tid": 8}], "relation_instances": [{"end_fid": 30, "subject_tid": 0, "predicate": "stand_right", "begin_fid": 0, "object_tid": 1}, {"end_fid": 30, "subject_tid": 1, "predicate": "walk_left", "begin_fid": 0, "object_tid": 0}, {"end_fid": 30, "subject_tid": 1, "predicate": "larger", "begin_fid": 0, "object_tid": 0}, {"end_fid": 90, "subject_tid": 0, "predicate": "walk_next_to", "begin_fid": 60, "object_tid": 1}, {"end_fid": 90, "subject_tid": 0, "predicate": "walk_behind", "begin_fid": 60, "object_tid": 1}, {"end_fid": 90, "subject_tid": 1, "predicate": "walk_next_to", "begin_fid": 60, "object_tid": 0}, {"end_fid": 90, "subject_tid": 1, "predicate": "walk_front", "begin_fid": 60, "object_tid": 0}, {"end_fid": 90, "subject_tid": 1, "predicate": "larger", "begin_fid": 60, "object_tid": 0}, {"end_fid": 90, "subject_tid": 0, "predicate": "walk_right", "begin_fid": 60, "object_tid": 2}, {"end_fid": 90, "subject_tid": 0, "predicate": "walk_toward", "begin_fid": 60, "object_tid": 2}, {"end_fid": 90, "subject_tid": 2, "predicate": "stand_left", "begin_fid": 60, "object_tid": 0}, {"end_fid": 90, "subject_tid": 1, "predicate": "walk_right", "begin_fid": 60, "object_tid": 2}, {"end_fid": 90, "subject_tid": 1, "predicate": "walk_past", "begin_fid": 60, "object_tid": 2}, {"end_fid": 90, "subject_tid": 1, "predicate": "walk_front", "begin_fid": 60, "object_tid": 2}, {"end_fid": 90, "subject_tid": 1, "predicate": "larger", "begin_fid": 60, "object_tid": 2}, {"end_fid": 90, "subject_tid": 2, "predicate": "stand_behind", "begin_fid": 60, "object_tid": 1}, {"end_fid": 90, "subject_tid": 2, "predicate": "stand_left", "begin_fid": 60, "object_tid": 1}, {"end_fid": 165, "subject_tid": 0, "predicate": "stand_behind", "begin_fid": 135, "object_tid": 1}, {"end_fid": 165, "subject_tid": 1, "predicate": "walk_front", "begin_fid": 135, "object_tid": 0}, {"end_fid": 165, "subject_tid": 1, "predicate": "walk_away", "begin_fid": 135, "object_tid": 0}, {"end_fid": 165, "subject_tid": 1, "predicate": "larger", "begin_fid": 135, "object_tid": 0}, {"end_fid": 165, "subject_tid": 0, "predicate": "stand_right", "begin_fid": 135, "object_tid": 2}, {"end_fid": 165, "subject_tid": 2, "predicate": "stand_left", "begin_fid": 135, "object_tid": 0}, {"end_fid": 165, "subject_tid": 0, "predicate": "stand_front", "begin_fid": 135, "object_tid": 3}, {"end_fid": 165, "subject_tid": 0, "predicate": "stand_left", "begin_fid": 135, "object_tid": 3}, {"end_fid": 165, "subject_tid": 3, "predicate": "walk_right", "begin_fid": 135, "object_tid": 0}, {"end_fid": 165, "subject_tid": 3, "predicate": "walk_behind", "begin_fid": 135, "object_tid": 0}, {"end_fid": 165, "subject_tid": 3, "predicate": "walk_toward", "begin_fid": 135, "object_tid": 0}, {"end_fid": 165, "subject_tid": 1, "predicate": "walk_right", "begin_fid": 135, "object_tid": 2}, {"end_fid": 165, "subject_tid": 1, "predicate": "walk_front", "begin_fid": 135, "object_tid": 2}, {"end_fid": 165, "subject_tid": 1, "predicate": "larger", "begin_fid": 135, "object_tid": 2}, {"end_fid": 165, "subject_tid": 2, "predicate": "stand_behind", "begin_fid": 135, "object_tid": 1}, {"end_fid": 165, "subject_tid": 2, "predicate": "stand_left", "begin_fid": 135, "object_tid": 1}, {"end_fid": 165, "subject_tid": 1, "predicate": "walk_front", "begin_fid": 135, "object_tid": 3}, {"end_fid": 165, "subject_tid": 1, "predicate": "larger", "begin_fid": 135, "object_tid": 3}, {"end_fid": 165, "subject_tid": 3, "predicate": "walk_behind", "begin_fid": 135, "object_tid": 1}, {"end_fid": 165, "subject_tid": 3, "predicate": "follow", "begin_fid": 135, "object_tid": 1}, {"end_fid": 165, "subject_tid": 2, "predicate": "stand_front", "begin_fid": 135, "object_tid": 3}, {"end_fid": 165, "subject_tid": 2, "predicate": "stand_left", "begin_fid": 135, "object_tid": 3}, {"end_fid": 165, "subject_tid": 3, "predicate": "walk_right", "begin_fid": 135, "object_tid": 2}, {"end_fid": 165, "subject_tid": 3, "predicate": "walk_behind", "begin_fid": 135, "object_tid": 2}, {"end_fid": 285, "subject_tid": 0, "predicate": "stand_behind", "begin_fid": 255, "object_tid": 1}, {"end_fid": 285, "subject_tid": 1, "predicate": "walk_front", "begin_fid": 255, "object_tid": 0}, {"end_fid": 285, "subject_tid": 1, "predicate": "walk_away", "begin_fid": 255, "object_tid": 0}, {"end_fid": 285, "subject_tid": 1, "predicate": "larger", "begin_fid": 255, "object_tid": 0}, {"end_fid": 285, "subject_tid": 0, "predicate": "stand_right", "begin_fid": 255, "object_tid": 2}, {"end_fid": 285, "subject_tid": 0, "predicate": "stand_next_to", "begin_fid": 255, "object_tid": 2}, {"end_fid": 285, "subject_tid": 2, "predicate": "stand_next_to", "begin_fid": 255, "object_tid": 0}, {"end_fid": 285, "subject_tid": 2, "predicate": "stand_left", "begin_fid": 255, "object_tid": 0}, {"end_fid": 285, "subject_tid": 0, "predicate": "stand_front", "begin_fid": 255, "object_tid": 3}, {"end_fid": 285, "subject_tid": 0, "predicate": "stand_left", "begin_fid": 255, "object_tid": 3}, {"end_fid": 285, "subject_tid": 3, "predicate": "walk_right", "begin_fid": 255, "object_tid": 0}, {"end_fid": 285, "subject_tid": 3, "predicate": "walk_behind", "begin_fid": 255, "object_tid": 0}, {"end_fid": 285, "subject_tid": 1, "predicate": "walk_front", "begin_fid": 255, "object_tid": 2}, {"end_fid": 285, "subject_tid": 1, "predicate": "walk_away", "begin_fid": 255, "object_tid": 2}, {"end_fid": 285, "subject_tid": 1, "predicate": "larger", "begin_fid": 255, "object_tid": 2}, {"end_fid": 285, "subject_tid": 2, "predicate": "stand_behind", "begin_fid": 255, "object_tid": 1}, {"end_fid": 285, "subject_tid": 1, "predicate": "walk_front", "begin_fid": 255, "object_tid": 3}, {"end_fid": 285, "subject_tid": 1, "predicate": "walk_away", "begin_fid": 255, "object_tid": 3}, {"end_fid": 285, "subject_tid": 1, "predicate": "walk_left", "begin_fid": 255, "object_tid": 3}, {"end_fid": 285, "subject_tid": 1, "predicate": "larger", "begin_fid": 255, "object_tid": 3}, {"end_fid": 285, "subject_tid": 3, "predicate": "walk_right", "begin_fid": 255, "object_tid": 1}, {"end_fid": 285, "subject_tid": 3, "predicate": "walk_behind", "begin_fid": 255, "object_tid": 1}, {"end_fid": 285, "subject_tid": 2, "predicate": "stand_front", "begin_fid": 255, "object_tid": 3}, {"end_fid": 285, "subject_tid": 2, "predicate": "stand_left", "begin_fid": 255, "object_tid": 3}, {"end_fid": 285, "subject_tid": 3, "predicate": "walk_right", "begin_fid": 255, "object_tid": 2}, {"end_fid": 285, "subject_tid": 3, "predicate": "walk_behind", "begin_fid": 255, "object_tid": 2}, {"end_fid": 780, "subject_tid": 1, "predicate": "stand_next_to", "begin_fid": 750, "object_tid": 6}, {"end_fid": 780, "subject_tid": 1, "predicate": "stand_front", "begin_fid": 750, "object_tid": 6}, {"end_fid": 780, "subject_tid": 1, "predicate": "stand_left", "begin_fid": 750, "object_tid": 6}, {"end_fid": 780, "subject_tid": 1, "predicate": "larger", "begin_fid": 750, "object_tid": 6}, {"end_fid": 780, "subject_tid": 6, "predicate": "stand_right", "begin_fid": 750, "object_tid": 1}, {"end_fid": 780, "subject_tid": 6, "predicate": "stand_next_to", "begin_fid": 750, "object_tid": 1}, {"end_fid": 780, "subject_tid": 6, "predicate": "stand_behind", "begin_fid": 750, "object_tid": 1}, {"end_fid": 780, "subject_tid": 1, "predicate": "stand_right", "begin_fid": 750, "object_tid": 8}, {"end_fid": 780, "subject_tid": 1, "predicate": "stand_next_to", "begin_fid": 750, "object_tid": 8}, {"end_fid": 780, "subject_tid": 1, "predicate": "stand_front", "begin_fid": 750, "object_tid": 8}, {"end_fid": 780, "subject_tid": 1, "predicate": "larger", "begin_fid": 750, "object_tid": 8}, {"end_fid": 780, "subject_tid": 8, "predicate": "stand_next_to", "begin_fid": 750, "object_tid": 1}, {"end_fid": 780, "subject_tid": 8, "predicate": "stand_behind", "begin_fid": 750, "object_tid": 1}, {"end_fid": 780, "subject_tid": 8, "predicate": "stand_left", "begin_fid": 750, "object_tid": 1}, {"end_fid": 780, "subject_tid": 6, "predicate": "stand_right", "begin_fid": 750, "object_tid": 8}, {"end_fid": 780, "subject_tid": 6, "predicate": "stand_next_to", "begin_fid": 750, "object_tid": 8}, {"end_fid": 780, "subject_tid": 8, "predicate": "stand_next_to", "begin_fid": 750, "object_tid": 6}, {"end_fid": 780, "subject_tid": 8, "predicate": "stand_left", "begin_fid": 750, "object_tid": 6}], "height": 360}