{"width": 640, "frame_count": 401, "video_id": "ILSVRC2015_train_00679000", "fps": 30, "trajectories": [[], [], [], [], [], [], [], [], [], [], [], [], [], [], [], [], [], [], [], [], [], [], [], [], [], [], [], [], [], [], [{"tid": 0, "generated": 0, "bbox": {"xmin": 156, "ymin": 88, "ymax": 353, "xmax": 601}}, {"tid": 1, "generated": 0, "bbox": {"xmin": 0, "ymin": 0, "ymax": 342, "xmax": 205}}], [{"tid": 0, "generated": 0, "bbox": {"xmin": 160, "ymin": 88, "ymax": 356, "xmax": 610}}, {"tid": 1, "generated": 0, "bbox": {"xmin": 0, "ymin": 0, "ymax": 354, "xmax": 210}}], [{"tid": 0, "generated": 0, "bbox": {"xmin": 165, "ymin": 88, "ymax": 352, "xmax": 624}}, {"tid": 1, "generated": 0, "bbox": {"xmin": 0, "ymin": 0, "ymax": 355, "xmax": 221}}], [{"tid": 0, "generated": 0, "bbox": {"xmin": 169, "ymin": 87, "ymax": 354, "xmax": 632}}, {"tid": 1, "generated": 0, "bbox": {"xmin": 0, "ymin": 0, "ymax": 356, "xmax": 232}}], [{"tid": 0, "generated": 0, "bbox": {"xmin": 176, "ymin": 96, "ymax": 356, "xmax": 637}}, {"tid": 1, "generated": 0, "bbox": {"xmin": 0, "ymin": 0, "ymax": 355, "xmax": 240}}], [{"tid": 0, "generated": 0, "bbox": {"xmin": 181, "ymin": 94, "ymax": 354, "xmax": 639}}, {"tid": 1, "generated": 0, "bbox": {"xmin": 0, "ymin": 0, "ymax": 354, "xmax": 248}}], [{"tid": 0, "generated": 0, "bbox": {"xmin": 186, "ymin": 91, "ymax": 355, "xmax": 638}}, {"tid": 1, "generated": 0, "bbox": {"xmin": 0, "ymin": 0, "ymax": 354, "xmax": 256}}], [{"tid": 0, "generated": 0, "bbox": {"xmin": 192, "ymin": 89, "ymax": 356, "xmax": 638}}, {"tid": 1, "generated": 0, "bbox": {"xmin": 0, "ymin": 0, "ymax": 354, "xmax": 263}}], [{"tid": 0, "generated": 0, "bbox": {"xmin": 197, "ymin": 88, "ymax": 356, "xmax": 638}}, {"tid": 1, "generated": 0, "bbox": {"xmin": 0, "ymin": 0, "ymax": 354, "xmax": 270}}], [{"tid": 0, "generated": 0, "bbox": {"xmin": 201, "ymin": 98, "ymax": 354, "xmax": 638}}, {"tid": 1, "generated": 0, "bbox": {"xmin": 0, "ymin": 0, "ymax": 354, "xmax": 278}}], [{"tid": 0, "generated": 0, "bbox": {"xmin": 208, "ymin": 82, "ymax": 353, "xmax": 639}}, {"tid": 1, "generated": 0, "bbox": {"xmin": 0, "ymin": 0, "ymax": 353, "xmax": 294}}], [{"tid": 0, "generated": 0, "bbox": {"xmin": 216, "ymin": 70, "ymax": 354, "xmax": 637}}, {"tid": 1, "generated": 0, "bbox": {"xmin": 0, "ymin": 0, "ymax": 354, "xmax": 311}}], [{"tid": 0, "generated": 0, "bbox": {"xmin": 239, "ymin": 56, "ymax": 356, "xmax": 638}}, {"tid": 1, "generated": 0, "bbox": {"xmin": 0, "ymin": 0, "ymax": 356, "xmax": 326}}], [{"tid": 0, "generated": 0, "bbox": {"xmin": 249, "ymin": 49, "ymax": 354, "xmax": 639}}, {"tid": 1, "generated": 0, "bbox": {"xmin": 0, "ymin": 0, "ymax": 356, "xmax": 337}}], [{"tid": 0, "generated": 0, "bbox": {"xmin": 253, "ymin": 42, "ymax": 356, "xmax": 638}}, {"tid": 1, "generated": 0, "bbox": {"xmin": 0, "ymin": 0, "ymax": 356, "xmax": 346}}], [{"tid": 0, "generated": 0, "bbox": {"xmin": 255, "ymin": 36, "ymax": 356, "xmax": 638}}, {"tid": 1, "generated": 0, "bbox": {"xmin": 0, "ymin": 0, "ymax": 356, "xmax": 356}}], [{"tid": 0, "generated": 0, "bbox": {"xmin": 260, "ymin": 24, "ymax": 356, "xmax": 638}}, {"tid": 1, "generated": 0, "bbox": {"xmin": 0, "ymin": 0, "ymax": 356, "xmax": 359}}], [{"tid": 0, "generated": 0, "bbox": {"xmin": 254, "ymin": 14, "ymax": 354, "xmax": 639}}, {"tid": 1, "generated": 0, "bbox": {"xmin": 0, "ymin": 0, "ymax": 354, "xmax": 364}}], [{"tid": 0, "generated": 0, "bbox": {"xmin": 248, "ymin": 2, "ymax": 354, "xmax": 639}}, {"tid": 1, "generated": 0, "bbox": {"xmin": 0, "ymin": 0, "ymax": 354, "xmax": 358}}], [{"tid": 0, "generated": 0, "bbox": {"xmin": 243, "ymin": 1, "ymax": 354, "xmax": 638}}, {"tid": 1, "generated": 0, "bbox": {"xmin": 0, "ymin": 0, "ymax": 354, "xmax": 352}}], [{"tid": 0, "generated": 0, "bbox": {"xmin": 238, "ymin": 0, "ymax": 354, "xmax": 638}}, {"tid": 1, "generated": 0, "bbox": {"xmin": 0, "ymin": 0, "ymax": 354, "xmax": 346}}], [{"tid": 0, "generated": 0, "bbox": {"xmin": 228, "ymin": 0, "ymax": 353, "xmax": 639}}, {"tid": 1, "generated": 0, "bbox": {"xmin": 0, "ymin": 0, "ymax": 356, "xmax": 336}}], [{"tid": 0, "generated": 0, "bbox": {"xmin": 218, "ymin": 0, "ymax": 352, "xmax": 639}}, {"tid": 1, "generated": 0, "bbox": {"xmin": 0, "ymin": 0, "ymax": 356, "xmax": 327}}], [{"tid": 0, "generated": 0, "bbox": {"xmin": 208, "ymin": 0, "ymax": 352, "xmax": 639}}, {"tid": 1, "generated": 0, "bbox": {"xmin": 0, "ymin": 0, "ymax": 356, "xmax": 319}}], [{"tid": 0, "generated": 0, "bbox": {"xmin": 192, "ymin": 0, "ymax": 352, "xmax": 639}}, {"tid": 1, "generated": 0, "bbox": {"xmin": 0, "ymin": 0, "ymax": 354, "xmax": 300}}], [{"tid": 0, "generated": 0, "bbox": {"xmin": 177, "ymin": 0, "ymax": 354, "xmax": 638}}, {"tid": 1, "generated": 0, "bbox": {"xmin": 0, "ymin": 0, "ymax": 353, "xmax": 282}}], [{"tid": 0, "generated": 0, "bbox": {"xmin": 162, "ymin": 0, "ymax": 355, "xmax": 637}}, {"tid": 1, "generated": 0, "bbox": {"xmin": 0, "ymin": 0, "ymax": 356, "xmax": 264}}], [{"tid": 0, "generated": 0, "bbox": {"xmin": 148, "ymin": 0, "ymax": 356, "xmax": 637}}, {"tid": 1, "generated": 0, "bbox": {"xmin": 0, "ymin": 0, "ymax": 356, "xmax": 245}}], [{"tid": 0, "generated": 0, "bbox": {"xmin": 136, "ymin": 0, "ymax": 355, "xmax": 637}}, {"tid": 1, "generated": 0, "bbox": {"xmin": 0, "ymin": 0, "ymax": 356, "xmax": 224}}], [{"tid": 0, "generated": 0, "bbox": {"xmin": 124, "ymin": 0, "ymax": 354, "xmax": 637}}, {"tid": 1, "generated": 0, "bbox": {"xmin": 0, "ymin": 0, "ymax": 356, "xmax": 213}}], [], [], [], [], [], [], [], [], [], [], [], [], [], [], [], [], [], [], [], [], [], [], [], [], [], [], [], [], [], [], [], [], [], [], [], [], [], [], [], [], [], [], [], [], [], [{"tid": 0, "generated": 0, "bbox": {"xmin": 195, "ymin": 100, "ymax": 354, "xmax": 638}}, {"tid": 1, "generated": 0, "bbox": {"xmin": 25, "ymin": 40, "ymax": 352, "xmax": 408}}], [{"tid": 0, "generated": 0, "bbox": {"xmin": 196, "ymin": 102, "ymax": 354, "xmax": 638}}, {"tid": 1, "generated": 0, "bbox": {"xmin": 24, "ymin": 40, "ymax": 353, "xmax": 408}}], [{"tid": 0, "generated": 0, "bbox": {"xmin": 197, "ymin": 104, "ymax": 354, "xmax": 638}}, {"tid": 1, "generated": 0, "bbox": {"xmin": 24, "ymin": 34, "ymax": 352, "xmax": 406}}], [{"tid": 0, "generated": 0, "bbox": {"xmin": 198, "ymin": 106, "ymax": 354, "xmax": 638}}, {"tid": 1, "generated": 0, "bbox": {"xmin": 29, "ymin": 39, "ymax": 350, "xmax": 400}}], [{"tid": 0, "generated": 0, "bbox": {"xmin": 199, "ymin": 108, "ymax": 354, "xmax": 638}}, {"tid": 1, "generated": 0, "bbox": {"xmin": 26, "ymin": 40, "ymax": 349, "xmax": 399}}], [{"tid": 0, "generated": 0, "bbox": {"xmin": 200, "ymin": 111, "ymax": 354, "xmax": 638}}, {"tid": 1, "generated": 0, "bbox": {"xmin": 24, "ymin": 46, "ymax": 348, "xmax": 398}}], [{"tid": 0, "generated": 0, "bbox": {"xmin": 201, "ymin": 111, "ymax": 353, "xmax": 638}}, {"tid": 1, "generated": 0, "bbox": {"xmin": 29, "ymin": 40, "ymax": 344, "xmax": 393}}], [{"tid": 0, "generated": 0, "bbox": {"xmin": 202, "ymin": 111, "ymax": 353, "xmax": 638}}, {"tid": 1, "generated": 0, "bbox": {"xmin": 39, "ymin": 40, "ymax": 336, "xmax": 392}}], [{"tid": 0, "generated": 0, "bbox": {"xmin": 203, "ymin": 111, "ymax": 353, "xmax": 638}}, {"tid": 1, "generated": 0, "bbox": {"xmin": 48, "ymin": 40, "ymax": 334, "xmax": 391}}], [{"tid": 0, "generated": 0, "bbox": {"xmin": 204, "ymin": 111, "ymax": 353, "xmax": 638}}, {"tid": 1, "generated": 0, "bbox": {"xmin": 56, "ymin": 48, "ymax": 332, "xmax": 389}}], [{"tid": 0, "generated": 0, "bbox": {"xmin": 205, "ymin": 112, "ymax": 353, "xmax": 638}}, {"tid": 1, "generated": 0, "bbox": {"xmin": 57, "ymin": 47, "ymax": 328, "xmax": 384}}], [{"tid": 0, "generated": 0, "bbox": {"xmin": 206, "ymin": 112, "ymax": 353, "xmax": 638}}, {"tid": 1, "generated": 0, "bbox": {"xmin": 64, "ymin": 45, "ymax": 327, "xmax": 384}}], [{"tid": 0, "generated": 0, "bbox": {"xmin": 207, "ymin": 112, "ymax": 353, "xmax": 638}}, {"tid": 1, "generated": 0, "bbox": {"xmin": 71, "ymin": 44, "ymax": 326, "xmax": 384}}], [{"tid": 0, "generated": 0, "bbox": {"xmin": 208, "ymin": 112, "ymax": 353, "xmax": 638}}, {"tid": 1, "generated": 0, "bbox": {"xmin": 78, "ymin": 42, "ymax": 325, "xmax": 384}}], [{"tid": 0, "generated": 0, "bbox": {"xmin": 209, "ymin": 112, "ymax": 353, "xmax": 638}}, {"tid": 1, "generated": 0, "bbox": {"xmin": 73, "ymin": 41, "ymax": 325, "xmax": 384}}], [{"tid": 0, "generated": 0, "bbox": {"xmin": 210, "ymin": 113, "ymax": 353, "xmax": 639}}, {"tid": 1, "generated": 0, "bbox": {"xmin": 68, "ymin": 40, "ymax": 325, "xmax": 384}}], [{"tid": 0, "generated": 0, "bbox": {"xmin": 209, "ymin": 112, "ymax": 353, "xmax": 638}}, {"tid": 1, "generated": 0, "bbox": {"xmin": 68, "ymin": 40, "ymax": 324, "xmax": 381}}], [{"tid": 0, "generated": 0, "bbox": {"xmin": 209, "ymin": 111, "ymax": 353, "xmax": 637}}, {"tid": 1, "generated": 0, "bbox": {"xmin": 68, "ymin": 40, "ymax": 323, "xmax": 379}}], [{"tid": 0, "generated": 0, "bbox": {"xmin": 208, "ymin": 110, "ymax": 353, "xmax": 636}}, {"tid": 1, "generated": 0, "bbox": {"xmin": 68, "ymin": 40, "ymax": 322, "xmax": 377}}], [{"tid": 0, "generated": 0, "bbox": {"xmin": 208, "ymin": 109, "ymax": 353, "xmax": 635}}, {"tid": 1, "generated": 0, "bbox": {"xmin": 68, "ymin": 40, "ymax": 327, "xmax": 376}}], [{"tid": 0, "generated": 0, "bbox": {"xmin": 208, "ymin": 109, "ymax": 354, "xmax": 634}}, {"tid": 1, "generated": 0, "bbox": {"xmin": 68, "ymin": 39, "ymax": 326, "xmax": 372}}], [{"tid": 0, "generated": 0, "bbox": {"xmin": 206, "ymin": 106, "ymax": 353, "xmax": 633}}, {"tid": 1, "generated": 0, "bbox": {"xmin": 68, "ymin": 39, "ymax": 326, "xmax": 368}}], [{"tid": 0, "generated": 0, "bbox": {"xmin": 204, "ymin": 103, "ymax": 353, "xmax": 633}}, {"tid": 1, "generated": 0, "bbox": {"xmin": 68, "ymin": 41, "ymax": 325, "xmax": 365}}], [{"tid": 0, "generated": 0, "bbox": {"xmin": 202, "ymin": 100, "ymax": 353, "xmax": 632}}, {"tid": 1, "generated": 0, "bbox": {"xmin": 68, "ymin": 44, "ymax": 325, "xmax": 363}}], [{"tid": 0, "generated": 0, "bbox": {"xmin": 200, "ymin": 97, "ymax": 353, "xmax": 632}}, {"tid": 1, "generated": 0, "bbox": {"xmin": 68, "ymin": 47, "ymax": 325, "xmax": 361}}], [{"tid": 0, "generated": 0, "bbox": {"xmin": 204, "ymin": 96, "ymax": 354, "xmax": 638}}, {"tid": 1, "generated": 0, "bbox": {"xmin": 68, "ymin": 50, "ymax": 325, "xmax": 359}}], [{"tid": 0, "generated": 0, "bbox": {"xmin": 202, "ymin": 96, "ymax": 354, "xmax": 636}}, {"tid": 1, "generated": 0, "bbox": {"xmin": 67, "ymin": 50, "ymax": 323, "xmax": 357}}], [{"tid": 0, "generated": 0, "bbox": {"xmin": 201, "ymin": 96, "ymax": 354, "xmax": 635}}, {"tid": 1, "generated": 0, "bbox": {"xmin": 66, "ymin": 51, "ymax": 322, "xmax": 356}}], [{"tid": 0, "generated": 0, "bbox": {"xmin": 200, "ymin": 96, "ymax": 355, "xmax": 634}}, {"tid": 1, "generated": 0, "bbox": {"xmin": 66, "ymin": 51, "ymax": 321, "xmax": 355}}], [{"tid": 0, "generated": 0, "bbox": {"xmin": 199, "ymin": 96, "ymax": 355, "xmax": 633}}, {"tid": 1, "generated": 0, "bbox": {"xmin": 65, "ymin": 52, "ymax": 320, "xmax": 353}}], [], [], [], [], [], [], [], [], [], [], [], [], [], [], [], [], [], [], [], [], [], [], [], [], [], [], [], [], [], [], [], [], [], [], [], [], [], [], [], [], [], [], [], [], [], [], [], [], [], [], [], [], [], [], [], [], [], [], [], [], [], [], [], [], [], [], [], [], [], [], [], [], [], [], [], [{"tid": 0, "generated": 0, "bbox": {"xmin": 192, "ymin": 68, "ymax": 354, "xmax": 573}}, {"tid": 1, "generated": 0, "bbox": {"xmin": 52, "ymin": 16, "ymax": 317, "xmax": 225}}], [{"tid": 0, "generated": 0, "bbox": {"xmin": 192, "ymin": 68, "ymax": 354, "xmax": 573}}, {"tid": 1, "generated": 0, "bbox": {"xmin": 51, "ymin": 16, "ymax": 315, "xmax": 228}}], [{"tid": 0, "generated": 0, "bbox": {"xmin": 190, "ymin": 67, "ymax": 353, "xmax": 572}}, {"tid": 1, "generated": 0, "bbox": {"xmin": 50, "ymin": 16, "ymax": 313, "xmax": 232}}], [{"tid": 0, "generated": 0, "bbox": {"xmin": 189, "ymin": 66, "ymax": 353, "xmax": 571}}, {"tid": 1, "generated": 0, "bbox": {"xmin": 49, "ymin": 16, "ymax": 312, "xmax": 231}}], [{"tid": 0, "generated": 0, "bbox": {"xmin": 188, "ymin": 66, "ymax": 353, "xmax": 570}}, {"tid": 1, "generated": 0, "bbox": {"xmin": 49, "ymin": 16, "ymax": 312, "xmax": 230}}], [{"tid": 0, "generated": 0, "bbox": {"xmin": 187, "ymin": 65, "ymax": 353, "xmax": 570}}, {"tid": 1, "generated": 0, "bbox": {"xmin": 49, "ymin": 16, "ymax": 312, "xmax": 229}}], [{"tid": 0, "generated": 0, "bbox": {"xmin": 186, "ymin": 65, "ymax": 353, "xmax": 569}}, {"tid": 1, "generated": 0, "bbox": {"xmin": 48, "ymin": 16, "ymax": 311, "xmax": 228}}], [{"tid": 0, "generated": 0, "bbox": {"xmin": 185, "ymin": 64, "ymax": 353, "xmax": 568}}, {"tid": 1, "generated": 0, "bbox": {"xmin": 48, "ymin": 16, "ymax": 311, "xmax": 227}}], [{"tid": 0, "generated": 0, "bbox": {"xmin": 184, "ymin": 64, "ymax": 353, "xmax": 568}}, {"tid": 1, "generated": 0, "bbox": {"xmin": 48, "ymin": 16, "ymax": 311, "xmax": 226}}], [{"tid": 0, "generated": 0, "bbox": {"xmin": 184, "ymin": 64, "ymax": 352, "xmax": 570}}, {"tid": 1, "generated": 0, "bbox": {"xmin": 48, "ymin": 16, "ymax": 311, "xmax": 226}}], [{"tid": 0, "generated": 0, "bbox": {"xmin": 184, "ymin": 72, "ymax": 353, "xmax": 569}}, {"tid": 1, "generated": 0, "bbox": {"xmin": 48, "ymin": 16, "ymax": 311, "xmax": 226}}], [{"tid": 0, "generated": 0, "bbox": {"xmin": 182, "ymin": 68, "ymax": 352, "xmax": 568}}, {"tid": 1, "generated": 0, "bbox": {"xmin": 41, "ymin": 16, "ymax": 309, "xmax": 225}}], [{"tid": 0, "generated": 0, "bbox": {"xmin": 181, "ymin": 64, "ymax": 352, "xmax": 568}}, {"tid": 1, "generated": 0, "bbox": {"xmin": 41, "ymin": 16, "ymax": 308, "xmax": 232}}], [{"tid": 0, "generated": 0, "bbox": {"xmin": 186, "ymin": 64, "ymax": 352, "xmax": 568}}, {"tid": 1, "generated": 0, "bbox": {"xmin": 41, "ymin": 16, "ymax": 308, "xmax": 231}}], [{"tid": 0, "generated": 0, "bbox": {"xmin": 185, "ymin": 64, "ymax": 352, "xmax": 569}}, {"tid": 1, "generated": 0, "bbox": {"xmin": 42, "ymin": 17, "ymax": 309, "xmax": 230}}], [{"tid": 0, "generated": 0, "bbox": {"xmin": 184, "ymin": 65, "ymax": 352, "xmax": 570}}, {"tid": 1, "generated": 0, "bbox": {"xmin": 42, "ymin": 18, "ymax": 309, "xmax": 229}}], [{"tid": 0, "generated": 0, "bbox": {"xmin": 183, "ymin": 65, "ymax": 352, "xmax": 571}}, {"tid": 1, "generated": 0, "bbox": {"xmin": 43, "ymin": 19, "ymax": 310, "xmax": 228}}], [{"tid": 0, "generated": 0, "bbox": {"xmin": 183, "ymin": 66, "ymax": 352, "xmax": 572}}, {"tid": 1, "generated": 0, "bbox": {"xmin": 43, "ymin": 20, "ymax": 310, "xmax": 227}}], [{"tid": 0, "generated": 0, "bbox": {"xmin": 182, "ymin": 67, "ymax": 352, "xmax": 572}}, {"tid": 1, "generated": 0, "bbox": {"xmin": 44, "ymin": 21, "ymax": 311, "xmax": 226}}], [{"tid": 0, "generated": 0, "bbox": {"xmin": 182, "ymin": 68, "ymax": 352, "xmax": 573}}, {"tid": 1, "generated": 0, "bbox": {"xmin": 44, "ymin": 22, "ymax": 311, "xmax": 225}}], [{"tid": 0, "generated": 0, "bbox": {"xmin": 182, "ymin": 69, "ymax": 352, "xmax": 574}}, {"tid": 1, "generated": 0, "bbox": {"xmin": 45, "ymin": 23, "ymax": 312, "xmax": 224}}], [{"tid": 0, "generated": 0, "bbox": {"xmin": 182, "ymin": 68, "ymax": 352, "xmax": 573}}, {"tid": 1, "generated": 0, "bbox": {"xmin": 44, "ymin": 22, "ymax": 312, "xmax": 224}}], [{"tid": 0, "generated": 0, "bbox": {"xmin": 182, "ymin": 68, "ymax": 352, "xmax": 572}}, {"tid": 1, "generated": 0, "bbox": {"xmin": 44, "ymin": 22, "ymax": 312, "xmax": 224}}], [{"tid": 0, "generated": 0, "bbox": {"xmin": 182, "ymin": 68, "ymax": 353, "xmax": 572}}, {"tid": 1, "generated": 0, "bbox": {"xmin": 43, "ymin": 22, "ymax": 312, "xmax": 224}}], [{"tid": 0, "generated": 0, "bbox": {"xmin": 182, "ymin": 68, "ymax": 353, "xmax": 571}}, {"tid": 1, "generated": 0, "bbox": {"xmin": 43, "ymin": 22, "ymax": 312, "xmax": 224}}], [{"tid": 0, "generated": 0, "bbox": {"xmin": 183, "ymin": 68, "ymax": 354, "xmax": 571}}, {"tid": 1, "generated": 0, "bbox": {"xmin": 43, "ymin": 22, "ymax": 312, "xmax": 225}}], [{"tid": 0, "generated": 0, "bbox": {"xmin": 183, "ymin": 68, "ymax": 354, "xmax": 570}}, {"tid": 1, "generated": 0, "bbox": {"xmin": 42, "ymin": 21, "ymax": 312, "xmax": 225}}], [{"tid": 0, "generated": 0, "bbox": {"xmin": 183, "ymin": 68, "ymax": 354, "xmax": 569}}, {"tid": 1, "generated": 0, "bbox": {"xmin": 42, "ymin": 21, "ymax": 312, "xmax": 225}}], [{"tid": 0, "generated": 0, "bbox": {"xmin": 183, "ymin": 68, "ymax": 355, "xmax": 569}}, {"tid": 1, "generated": 0, "bbox": {"xmin": 41, "ymin": 21, "ymax": 312, "xmax": 225}}], [{"tid": 0, "generated": 0, "bbox": {"xmin": 183, "ymin": 68, "ymax": 355, "xmax": 568}}, {"tid": 1, "generated": 0, "bbox": {"xmin": 41, "ymin": 21, "ymax": 312, "xmax": 225}}]], "subject/objects": [{"category": "monkey", "tid": 0}, {"category": "monkey", "tid": 1}], "relation_instances": [{"end_fid": 60, "subject_tid": 0, "predicate": "sit_right", "begin_fid": 30, "object_tid": 1}, {"end_fid": 60, "subject_tid": 1, "predicate": "walk_left", "begin_fid": 30, "object_tid": 0}, {"end_fid": 60, "subject_tid": 1, "predicate": "play", "begin_fid": 30, "object_tid": 0}, {"end_fid": 60, "subject_tid": 1, "predicate": "touch", "begin_fid": 30, "object_tid": 0}, {"end_fid": 135, "subject_tid": 0, "predicate": "stand_right", "begin_fid": 105, "object_tid": 1}, {"end_fid": 135, "subject_tid": 0, "predicate": "stand_front", "begin_fid": 105, "object_tid": 1}, {"end_fid": 135, "subject_tid": 1, "predicate": "sit_behind", "begin_fid": 105, "object_tid": 0}, {"end_fid": 135, "subject_tid": 1, "predicate": "sit_left", "begin_fid": 105, "object_tid": 0}, {"end_fid": 135, "subject_tid": 1, "predicate": "play", "begin_fid": 105, "object_tid": 0}, {"end_fid": 135, "subject_tid": 1, "predicate": "watch", "begin_fid": 105, "object_tid": 0}, {"end_fid": 135, "subject_tid": 1, "predicate": "touch", "begin_fid": 105, "object_tid": 0}, {"end_fid": 240, "subject_tid": 0, "predicate": "stand_right", "begin_fid": 210, "object_tid": 1}, {"end_fid": 240, "subject_tid": 0, "predicate": "stand_front", "begin_fid": 210, "object_tid": 1}, {"end_fid": 240, "subject_tid": 1, "predicate": "sit_behind", "begin_fid": 210, "object_tid": 0}, {"end_fid": 240, "subject_tid": 1, "predicate": "sit_left", "begin_fid": 210, "object_tid": 0}, {"end_fid": 240, "subject_tid": 1, "predicate": "play", "begin_fid": 210, "object_tid": 0}], "height": 358}