{"width": 480, "frame_count": 319, "video_id": "ILSVRC2015_train_00233003", "fps": 29, "trajectories": [[{"tid": 0, "generated": 0, "bbox": {"xmin": 312, "ymin": 107, "ymax": 197, "xmax": 387}}, {"tid": 1, "generated": 0, "bbox": {"xmin": 118, "ymin": 87, "ymax": 159, "xmax": 212}}, {"tid": 2, "generated": 0, "bbox": {"xmin": 258, "ymin": 214, "ymax": 278, "xmax": 327}}, {"tid": 3, "generated": 0, "bbox": {"xmin": 122, "ymin": 227, "ymax": 302, "xmax": 170}}], [{"tid": 0, "generated": 0, "bbox": {"xmin": 313, "ymin": 106, "ymax": 196, "xmax": 390}}, {"tid": 1, "generated": 0, "bbox": {"xmin": 118, "ymin": 88, "ymax": 159, "xmax": 212}}, {"tid": 2, "generated": 0, "bbox": {"xmin": 260, "ymin": 214, "ymax": 279, "xmax": 329}}, {"tid": 3, "generated": 0, "bbox": {"xmin": 122, "ymin": 226, "ymax": 301, "xmax": 170}}], [{"tid": 0, "generated": 0, "bbox": {"xmin": 314, "ymin": 106, "ymax": 196, "xmax": 393}}, {"tid": 1, "generated": 0, "bbox": {"xmin": 119, "ymin": 90, "ymax": 158, "xmax": 212}}, {"tid": 2, "generated": 0, "bbox": {"xmin": 262, "ymin": 215, "ymax": 280, "xmax": 331}}, {"tid": 3, "generated": 0, "bbox": {"xmin": 123, "ymin": 226, "ymax": 300, "xmax": 171}}], [{"tid": 0, "generated": 0, "bbox": {"xmin": 315, "ymin": 105, "ymax": 195, "xmax": 395}}, {"tid": 1, "generated": 0, "bbox": {"xmin": 120, "ymin": 88, "ymax": 159, "xmax": 215}}, {"tid": 2, "generated": 0, "bbox": {"xmin": 264, "ymin": 216, "ymax": 282, "xmax": 332}}, {"tid": 3, "generated": 0, "bbox": {"xmin": 124, "ymin": 226, "ymax": 300, "xmax": 172}}], [{"tid": 0, "generated": 0, "bbox": {"xmin": 316, "ymin": 104, "ymax": 194, "xmax": 398}}, {"tid": 1, "generated": 0, "bbox": {"xmin": 120, "ymin": 88, "ymax": 159, "xmax": 215}}, {"tid": 2, "generated": 0, "bbox": {"xmin": 265, "ymin": 215, "ymax": 281, "xmax": 333}}, {"tid": 3, "generated": 0, "bbox": {"xmin": 125, "ymin": 225, "ymax": 298, "xmax": 174}}], [{"tid": 0, "generated": 0, "bbox": {"xmin": 317, "ymin": 104, "ymax": 194, "xmax": 401}}, {"tid": 1, "generated": 0, "bbox": {"xmin": 123, "ymin": 90, "ymax": 162, "xmax": 218}}, {"tid": 2, "generated": 0, "bbox": {"xmin": 266, "ymin": 214, "ymax": 281, "xmax": 334}}, {"tid": 3, "generated": 0, "bbox": {"xmin": 126, "ymin": 224, "ymax": 296, "xmax": 176}}], [{"tid": 0, "generated": 0, "bbox": {"xmin": 318, "ymin": 103, "ymax": 193, "xmax": 402}}, {"tid": 1, "generated": 0, "bbox": {"xmin": 123, "ymin": 89, "ymax": 161, "xmax": 218}}, {"tid": 2, "generated": 0, "bbox": {"xmin": 267, "ymin": 213, "ymax": 280, "xmax": 335}}, {"tid": 3, "generated": 0, "bbox": {"xmin": 127, "ymin": 224, "ymax": 294, "xmax": 178}}], [{"tid": 0, "generated": 0, "bbox": {"xmin": 319, "ymin": 103, "ymax": 192, "xmax": 403}}, {"tid": 1, "generated": 0, "bbox": {"xmin": 124, "ymin": 88, "ymax": 161, "xmax": 218}}, {"tid": 2, "generated": 0, "bbox": {"xmin": 268, "ymin": 212, "ymax": 280, "xmax": 336}}, {"tid": 3, "generated": 0, "bbox": {"xmin": 128, "ymin": 224, "ymax": 294, "xmax": 178}}], [{"tid": 0, "generated": 0, "bbox": {"xmin": 320, "ymin": 103, "ymax": 191, "xmax": 404}}, {"tid": 1, "generated": 0, "bbox": {"xmin": 126, "ymin": 86, "ymax": 160, "xmax": 220}}, {"tid": 2, "generated": 0, "bbox": {"xmin": 269, "ymin": 214, "ymax": 283, "xmax": 337}}, {"tid": 3, "generated": 0, "bbox": {"xmin": 128, "ymin": 223, "ymax": 293, "xmax": 178}}], [{"tid": 0, "generated": 0, "bbox": {"xmin": 321, "ymin": 103, "ymax": 191, "xmax": 405}}, {"tid": 1, "generated": 0, "bbox": {"xmin": 126, "ymin": 84, "ymax": 159, "xmax": 220}}, {"tid": 2, "generated": 0, "bbox": {"xmin": 270, "ymin": 210, "ymax": 279, "xmax": 338}}, {"tid": 3, "generated": 0, "bbox": {"xmin": 128, "ymin": 223, "ymax": 292, "xmax": 178}}], [{"tid": 0, "generated": 0, "bbox": {"xmin": 322, "ymin": 103, "ymax": 192, "xmax": 404}}, {"tid": 1, "generated": 0, "bbox": {"xmin": 125, "ymin": 83, "ymax": 159, "xmax": 219}}, {"tid": 2, "generated": 0, "bbox": {"xmin": 268, "ymin": 209, "ymax": 278, "xmax": 336}}, {"tid": 3, "generated": 0, "bbox": {"xmin": 129, "ymin": 223, "ymax": 292, "xmax": 178}}], [{"tid": 0, "generated": 0, "bbox": {"xmin": 322, "ymin": 102, "ymax": 192, "xmax": 404}}, {"tid": 1, "generated": 0, "bbox": {"xmin": 125, "ymin": 83, "ymax": 160, "xmax": 219}}, {"tid": 2, "generated": 0, "bbox": {"xmin": 268, "ymin": 208, "ymax": 277, "xmax": 338}}, {"tid": 3, "generated": 0, "bbox": {"xmin": 129, "ymin": 222, "ymax": 291, "xmax": 179}}], [{"tid": 0, "generated": 0, "bbox": {"xmin": 322, "ymin": 100, "ymax": 191, "xmax": 403}}, {"tid": 1, "generated": 0, "bbox": {"xmin": 128, "ymin": 85, "ymax": 163, "xmax": 222}}, {"tid": 2, "generated": 0, "bbox": {"xmin": 270, "ymin": 210, "ymax": 279, "xmax": 339}}, {"tid": 3, "generated": 0, "bbox": {"xmin": 129, "ymin": 221, "ymax": 290, "xmax": 179}}], [{"tid": 0, "generated": 0, "bbox": {"xmin": 322, "ymin": 100, "ymax": 190, "xmax": 404}}, {"tid": 1, "generated": 0, "bbox": {"xmin": 130, "ymin": 84, "ymax": 162, "xmax": 223}}, {"tid": 2, "generated": 0, "bbox": {"xmin": 270, "ymin": 210, "ymax": 278, "xmax": 339}}, {"tid": 3, "generated": 0, "bbox": {"xmin": 130, "ymin": 221, "ymax": 289, "xmax": 179}}], [{"tid": 0, "generated": 0, "bbox": {"xmin": 322, "ymin": 100, "ymax": 190, "xmax": 403}}, {"tid": 1, "generated": 0, "bbox": {"xmin": 130, "ymin": 82, "ymax": 161, "xmax": 223}}, {"tid": 2, "generated": 0, "bbox": {"xmin": 270, "ymin": 209, "ymax": 277, "xmax": 339}}, {"tid": 3, "generated": 0, "bbox": {"xmin": 130, "ymin": 221, "ymax": 288, "xmax": 180}}], [{"tid": 0, "generated": 0, "bbox": {"xmin": 322, "ymin": 100, "ymax": 190, "xmax": 403}}, {"tid": 1, "generated": 0, "bbox": {"xmin": 130, "ymin": 80, "ymax": 160, "xmax": 223}}, {"tid": 2, "generated": 0, "bbox": {"xmin": 270, "ymin": 209, "ymax": 277, "xmax": 339}}, {"tid": 3, "generated": 0, "bbox": {"xmin": 131, "ymin": 221, "ymax": 287, "xmax": 180}}], [{"tid": 0, "generated": 0, "bbox": {"xmin": 323, "ymin": 100, "ymax": 190, "xmax": 403}}, {"tid": 1, "generated": 0, "bbox": {"xmin": 130, "ymin": 78, "ymax": 159, "xmax": 223}}, {"tid": 2, "generated": 0, "bbox": {"xmin": 270, "ymin": 208, "ymax": 277, "xmax": 339}}, {"tid": 3, "generated": 0, "bbox": {"xmin": 131, "ymin": 221, "ymax": 286, "xmax": 181}}], [{"tid": 0, "generated": 0, "bbox": {"xmin": 323, "ymin": 100, "ymax": 190, "xmax": 402}}, {"tid": 1, "generated": 0, "bbox": {"xmin": 130, "ymin": 77, "ymax": 159, "xmax": 223}}, {"tid": 2, "generated": 0, "bbox": {"xmin": 271, "ymin": 208, "ymax": 276, "xmax": 339}}, {"tid": 3, "generated": 0, "bbox": {"xmin": 132, "ymin": 221, "ymax": 285, "xmax": 181}}], [{"tid": 0, "generated": 0, "bbox": {"xmin": 324, "ymin": 100, "ymax": 190, "xmax": 402}}, {"tid": 1, "generated": 0, "bbox": {"xmin": 130, "ymin": 75, "ymax": 158, "xmax": 223}}, {"tid": 2, "generated": 0, "bbox": {"xmin": 271, "ymin": 207, "ymax": 276, "xmax": 339}}, {"tid": 3, "generated": 0, "bbox": {"xmin": 133, "ymin": 221, "ymax": 284, "xmax": 182}}], [{"tid": 0, "generated": 0, "bbox": {"xmin": 324, "ymin": 100, "ymax": 190, "xmax": 402}}, {"tid": 1, "generated": 0, "bbox": {"xmin": 130, "ymin": 73, "ymax": 157, "xmax": 223}}, {"tid": 2, "generated": 0, "bbox": {"xmin": 271, "ymin": 207, "ymax": 276, "xmax": 339}}, {"tid": 3, "generated": 0, "bbox": {"xmin": 134, "ymin": 221, "ymax": 286, "xmax": 183}}], [{"tid": 0, "generated": 0, "bbox": {"xmin": 325, "ymin": 101, "ymax": 191, "xmax": 402}}, {"tid": 1, "generated": 0, "bbox": {"xmin": 130, "ymin": 72, "ymax": 157, "xmax": 224}}, {"tid": 2, "generated": 0, "bbox": {"xmin": 272, "ymin": 207, "ymax": 276, "xmax": 340}}, {"tid": 3, "generated": 0, "bbox": {"xmin": 134, "ymin": 221, "ymax": 284, "xmax": 184}}], [{"tid": 0, "generated": 0, "bbox": {"xmin": 324, "ymin": 100, "ymax": 190, "xmax": 400}}, {"tid": 1, "generated": 0, "bbox": {"xmin": 130, "ymin": 72, "ymax": 157, "xmax": 224}}, {"tid": 2, "generated": 0, "bbox": {"xmin": 272, "ymin": 208, "ymax": 276, "xmax": 339}}, {"tid": 3, "generated": 0, "bbox": {"xmin": 134, "ymin": 220, "ymax": 284, "xmax": 183}}], [{"tid": 0, "generated": 0, "bbox": {"xmin": 324, "ymin": 100, "ymax": 190, "xmax": 398}}, {"tid": 1, "generated": 0, "bbox": {"xmin": 131, "ymin": 73, "ymax": 157, "xmax": 224}}, {"tid": 2, "generated": 0, "bbox": {"xmin": 272, "ymin": 210, "ymax": 277, "xmax": 339}}, {"tid": 3, "generated": 0, "bbox": {"xmin": 133, "ymin": 220, "ymax": 282, "xmax": 184}}], [{"tid": 0, "generated": 0, "bbox": {"xmin": 324, "ymin": 100, "ymax": 190, "xmax": 396}}, {"tid": 1, "generated": 0, "bbox": {"xmin": 132, "ymin": 74, "ymax": 158, "xmax": 225}}, {"tid": 2, "generated": 0, "bbox": {"xmin": 271, "ymin": 208, "ymax": 278, "xmax": 339}}, {"tid": 3, "generated": 0, "bbox": {"xmin": 133, "ymin": 220, "ymax": 279, "xmax": 183}}], [{"tid": 0, "generated": 0, "bbox": {"xmin": 324, "ymin": 100, "ymax": 190, "xmax": 395}}, {"tid": 1, "generated": 0, "bbox": {"xmin": 131, "ymin": 73, "ymax": 157, "xmax": 224}}, {"tid": 2, "generated": 0, "bbox": {"xmin": 270, "ymin": 207, "ymax": 277, "xmax": 338}}, {"tid": 3, "generated": 0, "bbox": {"xmin": 132, "ymin": 219, "ymax": 279, "xmax": 184}}], [{"tid": 0, "generated": 0, "bbox": {"xmin": 324, "ymin": 100, "ymax": 190, "xmax": 393}}, {"tid": 1, "generated": 0, "bbox": {"xmin": 131, "ymin": 72, "ymax": 156, "xmax": 224}}, {"tid": 2, "generated": 0, "bbox": {"xmin": 270, "ymin": 207, "ymax": 277, "xmax": 337}}, {"tid": 3, "generated": 0, "bbox": {"xmin": 132, "ymin": 219, "ymax": 280, "xmax": 186}}], [{"tid": 0, "generated": 0, "bbox": {"xmin": 324, "ymin": 100, "ymax": 190, "xmax": 391}}, {"tid": 1, "generated": 0, "bbox": {"xmin": 130, "ymin": 72, "ymax": 155, "xmax": 223}}, {"tid": 2, "generated": 0, "bbox": {"xmin": 269, "ymin": 207, "ymax": 277, "xmax": 337}}, {"tid": 3, "generated": 0, "bbox": {"xmin": 132, "ymin": 218, "ymax": 279, "xmax": 185}}], [{"tid": 0, "generated": 0, "bbox": {"xmin": 324, "ymin": 100, "ymax": 190, "xmax": 390}}, {"tid": 1, "generated": 0, "bbox": {"xmin": 130, "ymin": 71, "ymax": 154, "xmax": 223}}, {"tid": 2, "generated": 0, "bbox": {"xmin": 269, "ymin": 206, "ymax": 276, "xmax": 336}}, {"tid": 3, "generated": 0, "bbox": {"xmin": 132, "ymin": 218, "ymax": 279, "xmax": 184}}], [{"tid": 0, "generated": 0, "bbox": {"xmin": 324, "ymin": 100, "ymax": 190, "xmax": 388}}, {"tid": 1, "generated": 0, "bbox": {"xmin": 129, "ymin": 71, "ymax": 153, "xmax": 222}}, {"tid": 2, "generated": 0, "bbox": {"xmin": 268, "ymin": 206, "ymax": 276, "xmax": 336}}, {"tid": 3, "generated": 0, "bbox": {"xmin": 131, "ymin": 218, "ymax": 277, "xmax": 183}}], [{"tid": 0, "generated": 0, "bbox": {"xmin": 324, "ymin": 100, "ymax": 190, "xmax": 386}}, {"tid": 1, "generated": 0, "bbox": {"xmin": 129, "ymin": 70, "ymax": 152, "xmax": 222}}, {"tid": 2, "generated": 0, "bbox": {"xmin": 268, "ymin": 206, "ymax": 276, "xmax": 335}}, {"tid": 3, "generated": 0, "bbox": {"xmin": 130, "ymin": 218, "ymax": 277, "xmax": 182}}], [], [], [], [], [], [], [], [], [], [], [], [], [], [], [], [], [], [], [], [], [], [], [], [], [], [], [], [], [], [], [], [], [], [], [], [], [], [], [], [], [], [], [], [], [], [], [], [], [], [], [], [], [], [], [], [], [], [], [], [], [], [], [], [], [], [], [], [], [], [], [], [], [], [], [], [], [], [], [], [], [], [], [], [], [], [], [], [], [], [], [], [], [], [], [], [], [], [], [], [], [], [], [], [], [], [], [], [], [], [], [], [], [], [], [], [], [], [], [], [], [], [], [], [], [], [], [], [], [], [], [], [], [], [], [], [], [], [], [], [], [], [], [], [], [], [], [], [], [], [], [], [], [], [], [], [], [], [], [], [], [], [], [], [], [], [], [], [], [], [], [], [], [], [], [], [], [], [], [], [], [], [], [], [], [], [], [], [], [], [], [], [], [], [], [], [], [], [], [], [], [], [], [], [], [], [], [], [], [], [], [], [], [], [], [], [], [], [], [], [], [], [], [], [], [], [], [], [], [], [], [], [], [], [], [], [], [], [], [], [], [], [], [], [], [], [], [], [], [], [], [], [], [], [], [], [{"tid": 0, "generated": 0, "bbox": {"xmin": 299, "ymin": 69, "ymax": 161, "xmax": 400}}, {"tid": 1, "generated": 0, "bbox": {"xmin": 103, "ymin": 79, "ymax": 156, "xmax": 205}}, {"tid": 2, "generated": 0, "bbox": {"xmin": 256, "ymin": 241, "ymax": 311, "xmax": 333}}, {"tid": 3, "generated": 0, "bbox": {"xmin": 101, "ymin": 252, "ymax": 331, "xmax": 206}}], [{"tid": 0, "generated": 0, "bbox": {"xmin": 298, "ymin": 69, "ymax": 161, "xmax": 401}}, {"tid": 1, "generated": 0, "bbox": {"xmin": 102, "ymin": 79, "ymax": 156, "xmax": 205}}, {"tid": 2, "generated": 0, "bbox": {"xmin": 256, "ymin": 241, "ymax": 311, "xmax": 332}}, {"tid": 3, "generated": 0, "bbox": {"xmin": 100, "ymin": 251, "ymax": 331, "xmax": 206}}], [{"tid": 0, "generated": 0, "bbox": {"xmin": 298, "ymin": 69, "ymax": 161, "xmax": 402}}, {"tid": 1, "generated": 0, "bbox": {"xmin": 101, "ymin": 79, "ymax": 157, "xmax": 205}}, {"tid": 2, "generated": 0, "bbox": {"xmin": 256, "ymin": 242, "ymax": 312, "xmax": 332}}, {"tid": 3, "generated": 0, "bbox": {"xmin": 99, "ymin": 251, "ymax": 331, "xmax": 205}}], [{"tid": 0, "generated": 0, "bbox": {"xmin": 297, "ymin": 69, "ymax": 161, "xmax": 401}}, {"tid": 1, "generated": 0, "bbox": {"xmin": 100, "ymin": 79, "ymax": 157, "xmax": 204}}, {"tid": 2, "generated": 0, "bbox": {"xmin": 256, "ymin": 242, "ymax": 312, "xmax": 332}}, {"tid": 3, "generated": 0, "bbox": {"xmin": 98, "ymin": 250, "ymax": 331, "xmax": 205}}], [{"tid": 0, "generated": 0, "bbox": {"xmin": 296, "ymin": 69, "ymax": 162, "xmax": 400}}, {"tid": 1, "generated": 0, "bbox": {"xmin": 99, "ymin": 79, "ymax": 157, "xmax": 204}}, {"tid": 2, "generated": 0, "bbox": {"xmin": 256, "ymin": 243, "ymax": 313, "xmax": 332}}, {"tid": 3, "generated": 0, "bbox": {"xmin": 97, "ymin": 250, "ymax": 331, "xmax": 205}}], [{"tid": 0, "generated": 0, "bbox": {"xmin": 296, "ymin": 69, "ymax": 163, "xmax": 398}}, {"tid": 1, "generated": 0, "bbox": {"xmin": 99, "ymin": 79, "ymax": 158, "xmax": 204}}, {"tid": 2, "generated": 0, "bbox": {"xmin": 256, "ymin": 244, "ymax": 313, "xmax": 333}}, {"tid": 3, "generated": 0, "bbox": {"xmin": 97, "ymin": 250, "ymax": 332, "xmax": 205}}], [{"tid": 0, "generated": 0, "bbox": {"xmin": 296, "ymin": 66, "ymax": 164, "xmax": 398}}, {"tid": 1, "generated": 0, "bbox": {"xmin": 99, "ymin": 79, "ymax": 157, "xmax": 204}}, {"tid": 2, "generated": 0, "bbox": {"xmin": 256, "ymin": 243, "ymax": 312, "xmax": 333}}, {"tid": 3, "generated": 0, "bbox": {"xmin": 97, "ymin": 250, "ymax": 331, "xmax": 205}}], [{"tid": 0, "generated": 0, "bbox": {"xmin": 296, "ymin": 65, "ymax": 165, "xmax": 398}}, {"tid": 1, "generated": 0, "bbox": {"xmin": 100, "ymin": 79, "ymax": 157, "xmax": 204}}, {"tid": 2, "generated": 0, "bbox": {"xmin": 256, "ymin": 243, "ymax": 312, "xmax": 333}}, {"tid": 3, "generated": 0, "bbox": {"xmin": 97, "ymin": 250, "ymax": 331, "xmax": 205}}], [{"tid": 0, "generated": 0, "bbox": {"xmin": 297, "ymin": 65, "ymax": 166, "xmax": 398}}, {"tid": 1, "generated": 0, "bbox": {"xmin": 101, "ymin": 79, "ymax": 157, "xmax": 204}}, {"tid": 2, "generated": 0, "bbox": {"xmin": 256, "ymin": 242, "ymax": 312, "xmax": 333}}, {"tid": 3, "generated": 0, "bbox": {"xmin": 97, "ymin": 250, "ymax": 330, "xmax": 205}}], [{"tid": 0, "generated": 0, "bbox": {"xmin": 297, "ymin": 67, "ymax": 166, "xmax": 399}}, {"tid": 1, "generated": 0, "bbox": {"xmin": 101, "ymin": 79, "ymax": 157, "xmax": 205}}, {"tid": 2, "generated": 0, "bbox": {"xmin": 256, "ymin": 242, "ymax": 312, "xmax": 333}}, {"tid": 3, "generated": 0, "bbox": {"xmin": 98, "ymin": 250, "ymax": 330, "xmax": 205}}], [{"tid": 0, "generated": 0, "bbox": {"xmin": 297, "ymin": 69, "ymax": 166, "xmax": 400}}, {"tid": 1, "generated": 0, "bbox": {"xmin": 102, "ymin": 79, "ymax": 157, "xmax": 205}}, {"tid": 2, "generated": 0, "bbox": {"xmin": 256, "ymin": 242, "ymax": 311, "xmax": 333}}, {"tid": 3, "generated": 0, "bbox": {"xmin": 98, "ymin": 250, "ymax": 330, "xmax": 206}}], [{"tid": 0, "generated": 0, "bbox": {"xmin": 298, "ymin": 72, "ymax": 167, "xmax": 402}}, {"tid": 1, "generated": 0, "bbox": {"xmin": 103, "ymin": 79, "ymax": 156, "xmax": 205}}, {"tid": 2, "generated": 0, "bbox": {"xmin": 256, "ymin": 241, "ymax": 311, "xmax": 333}}, {"tid": 3, "generated": 0, "bbox": {"xmin": 98, "ymin": 250, "ymax": 329, "xmax": 206}}], [{"tid": 0, "generated": 0, "bbox": {"xmin": 298, "ymin": 74, "ymax": 165, "xmax": 402}}, {"tid": 1, "generated": 0, "bbox": {"xmin": 103, "ymin": 79, "ymax": 156, "xmax": 206}}, {"tid": 2, "generated": 0, "bbox": {"xmin": 256, "ymin": 241, "ymax": 311, "xmax": 333}}, {"tid": 3, "generated": 0, "bbox": {"xmin": 99, "ymin": 250, "ymax": 329, "xmax": 206}}], [{"tid": 0, "generated": 0, "bbox": {"xmin": 298, "ymin": 77, "ymax": 164, "xmax": 404}}, {"tid": 1, "generated": 0, "bbox": {"xmin": 104, "ymin": 79, "ymax": 156, "xmax": 206}}, {"tid": 2, "generated": 0, "bbox": {"xmin": 257, "ymin": 241, "ymax": 311, "xmax": 334}}, {"tid": 3, "generated": 0, "bbox": {"xmin": 99, "ymin": 250, "ymax": 328, "xmax": 206}}], [{"tid": 0, "generated": 0, "bbox": {"xmin": 298, "ymin": 80, "ymax": 165, "xmax": 405}}, {"tid": 1, "generated": 0, "bbox": {"xmin": 105, "ymin": 79, "ymax": 156, "xmax": 206}}, {"tid": 2, "generated": 0, "bbox": {"xmin": 257, "ymin": 240, "ymax": 310, "xmax": 334}}, {"tid": 3, "generated": 0, "bbox": {"xmin": 99, "ymin": 250, "ymax": 328, "xmax": 206}}], [{"tid": 0, "generated": 0, "bbox": {"xmin": 300, "ymin": 82, "ymax": 163, "xmax": 406}}, {"tid": 1, "generated": 0, "bbox": {"xmin": 106, "ymin": 79, "ymax": 156, "xmax": 207}}, {"tid": 2, "generated": 0, "bbox": {"xmin": 258, "ymin": 240, "ymax": 311, "xmax": 337}}, {"tid": 3, "generated": 0, "bbox": {"xmin": 100, "ymin": 250, "ymax": 328, "xmax": 207}}], [{"tid": 0, "generated": 0, "bbox": {"xmin": 298, "ymin": 82, "ymax": 164, "xmax": 408}}, {"tid": 1, "generated": 0, "bbox": {"xmin": 106, "ymin": 78, "ymax": 155, "xmax": 207}}, {"tid": 2, "generated": 0, "bbox": {"xmin": 258, "ymin": 238, "ymax": 311, "xmax": 338}}, {"tid": 3, "generated": 0, "bbox": {"xmin": 101, "ymin": 249, "ymax": 327, "xmax": 208}}], [{"tid": 0, "generated": 0, "bbox": {"xmin": 299, "ymin": 81, "ymax": 161, "xmax": 407}}, {"tid": 1, "generated": 0, "bbox": {"xmin": 107, "ymin": 78, "ymax": 155, "xmax": 208}}, {"tid": 2, "generated": 0, "bbox": {"xmin": 259, "ymin": 237, "ymax": 311, "xmax": 339}}, {"tid": 3, "generated": 0, "bbox": {"xmin": 102, "ymin": 249, "ymax": 327, "xmax": 209}}], [{"tid": 0, "generated": 0, "bbox": {"xmin": 300, "ymin": 82, "ymax": 161, "xmax": 408}}, {"tid": 1, "generated": 0, "bbox": {"xmin": 108, "ymin": 78, "ymax": 155, "xmax": 208}}, {"tid": 2, "generated": 0, "bbox": {"xmin": 260, "ymin": 236, "ymax": 311, "xmax": 341}}, {"tid": 3, "generated": 0, "bbox": {"xmin": 103, "ymin": 249, "ymax": 327, "xmax": 210}}], [{"tid": 0, "generated": 0, "bbox": {"xmin": 303, "ymin": 79, "ymax": 158, "xmax": 409}}, {"tid": 1, "generated": 0, "bbox": {"xmin": 109, "ymin": 78, "ymax": 155, "xmax": 209}}, {"tid": 2, "generated": 0, "bbox": {"xmin": 261, "ymin": 235, "ymax": 311, "xmax": 342}}, {"tid": 3, "generated": 0, "bbox": {"xmin": 104, "ymin": 249, "ymax": 327, "xmax": 211}}], [{"tid": 0, "generated": 0, "bbox": {"xmin": 303, "ymin": 80, "ymax": 156, "xmax": 408}}, {"tid": 1, "generated": 0, "bbox": {"xmin": 110, "ymin": 78, "ymax": 155, "xmax": 209}}, {"tid": 2, "generated": 0, "bbox": {"xmin": 262, "ymin": 234, "ymax": 311, "xmax": 344}}, {"tid": 3, "generated": 0, "bbox": {"xmin": 105, "ymin": 249, "ymax": 327, "xmax": 213}}], [{"tid": 0, "generated": 0, "bbox": {"xmin": 304, "ymin": 78, "ymax": 158, "xmax": 410}}, {"tid": 1, "generated": 0, "bbox": {"xmin": 111, "ymin": 77, "ymax": 155, "xmax": 210}}, {"tid": 2, "generated": 0, "bbox": {"xmin": 262, "ymin": 235, "ymax": 311, "xmax": 344}}, {"tid": 3, "generated": 0, "bbox": {"xmin": 106, "ymin": 248, "ymax": 327, "xmax": 214}}], [{"tid": 0, "generated": 0, "bbox": {"xmin": 304, "ymin": 80, "ymax": 159, "xmax": 411}}, {"tid": 1, "generated": 0, "bbox": {"xmin": 112, "ymin": 77, "ymax": 155, "xmax": 210}}, {"tid": 2, "generated": 0, "bbox": {"xmin": 263, "ymin": 237, "ymax": 311, "xmax": 345}}, {"tid": 3, "generated": 0, "bbox": {"xmin": 107, "ymin": 248, "ymax": 327, "xmax": 215}}], [{"tid": 0, "generated": 0, "bbox": {"xmin": 305, "ymin": 83, "ymax": 160, "xmax": 413}}, {"tid": 1, "generated": 0, "bbox": {"xmin": 113, "ymin": 77, "ymax": 155, "xmax": 211}}, {"tid": 2, "generated": 0, "bbox": {"xmin": 264, "ymin": 238, "ymax": 311, "xmax": 345}}, {"tid": 3, "generated": 0, "bbox": {"xmin": 108, "ymin": 248, "ymax": 327, "xmax": 216}}], [{"tid": 0, "generated": 0, "bbox": {"xmin": 306, "ymin": 86, "ymax": 161, "xmax": 415}}, {"tid": 1, "generated": 0, "bbox": {"xmin": 114, "ymin": 77, "ymax": 155, "xmax": 211}}, {"tid": 2, "generated": 0, "bbox": {"xmin": 265, "ymin": 240, "ymax": 311, "xmax": 346}}, {"tid": 3, "generated": 0, "bbox": {"xmin": 109, "ymin": 248, "ymax": 327, "xmax": 217}}], [{"tid": 0, "generated": 0, "bbox": {"xmin": 306, "ymin": 94, "ymax": 160, "xmax": 417}}, {"tid": 1, "generated": 0, "bbox": {"xmin": 115, "ymin": 77, "ymax": 155, "xmax": 212}}, {"tid": 2, "generated": 0, "bbox": {"xmin": 266, "ymin": 242, "ymax": 311, "xmax": 347}}, {"tid": 3, "generated": 0, "bbox": {"xmin": 110, "ymin": 248, "ymax": 327, "xmax": 219}}], [{"tid": 0, "generated": 0, "bbox": {"xmin": 306, "ymin": 94, "ymax": 159, "xmax": 417}}, {"tid": 1, "generated": 0, "bbox": {"xmin": 114, "ymin": 76, "ymax": 155, "xmax": 212}}, {"tid": 2, "generated": 0, "bbox": {"xmin": 266, "ymin": 241, "ymax": 311, "xmax": 347}}, {"tid": 3, "generated": 0, "bbox": {"xmin": 110, "ymin": 248, "ymax": 327, "xmax": 219}}], [{"tid": 0, "generated": 0, "bbox": {"xmin": 306, "ymin": 94, "ymax": 159, "xmax": 418}}, {"tid": 1, "generated": 0, "bbox": {"xmin": 114, "ymin": 76, "ymax": 155, "xmax": 212}}, {"tid": 2, "generated": 0, "bbox": {"xmin": 267, "ymin": 241, "ymax": 311, "xmax": 347}}, {"tid": 3, "generated": 0, "bbox": {"xmin": 110, "ymin": 248, "ymax": 327, "xmax": 219}}], [{"tid": 0, "generated": 0, "bbox": {"xmin": 306, "ymin": 94, "ymax": 159, "xmax": 418}}, {"tid": 1, "generated": 0, "bbox": {"xmin": 114, "ymin": 76, "ymax": 155, "xmax": 212}}, {"tid": 2, "generated": 0, "bbox": {"xmin": 268, "ymin": 241, "ymax": 311, "xmax": 347}}, {"tid": 3, "generated": 0, "bbox": {"xmin": 110, "ymin": 248, "ymax": 327, "xmax": 219}}], [{"tid": 0, "generated": 0, "bbox": {"xmin": 307, "ymin": 95, "ymax": 159, "xmax": 419}}, {"tid": 1, "generated": 0, "bbox": {"xmin": 114, "ymin": 76, "ymax": 155, "xmax": 213}}, {"tid": 2, "generated": 0, "bbox": {"xmin": 269, "ymin": 241, "ymax": 312, "xmax": 347}}, {"tid": 3, "generated": 0, "bbox": {"xmin": 111, "ymin": 248, "ymax": 327, "xmax": 219}}]], "subject/objects": [{"category": "rabbit", "tid": 0}, {"category": "rabbit", "tid": 1}, {"category": "rabbit", "tid": 2}, {"category": "rabbit", "tid": 3}], "relation_instances": [{"end_fid": 30, "subject_tid": 0, "predicate": "sit_right", "begin_fid": 0, "object_tid": 1}, {"end_fid": 30, "subject_tid": 1, "predicate": "sit_left", "begin_fid": 0, "object_tid": 0}, {"end_fid": 30, "subject_tid": 0, "predicate": "sit_above", "begin_fid": 0, "object_tid": 2}, {"end_fid": 30, "subject_tid": 2, "predicate": "sit_beneath", "begin_fid": 0, "object_tid": 0}, {"end_fid": 30, "subject_tid": 0, "predicate": "sit_right", "begin_fid": 0, "object_tid": 3}, {"end_fid": 30, "subject_tid": 0, "predicate": "sit_above", "begin_fid": 0, "object_tid": 3}, {"end_fid": 30, "subject_tid": 3, "predicate": "sit_beneath", "begin_fid": 0, "object_tid": 0}, {"end_fid": 30, "subject_tid": 3, "predicate": "sit_left", "begin_fid": 0, "object_tid": 0}, {"end_fid": 30, "subject_tid": 1, "predicate": "sit_above", "begin_fid": 0, "object_tid": 2}, {"end_fid": 30, "subject_tid": 1, "predicate": "sit_left", "begin_fid": 0, "object_tid": 2}, {"end_fid": 30, "subject_tid": 2, "predicate": "sit_beneath", "begin_fid": 0, "object_tid": 1}, {"end_fid": 30, "subject_tid": 2, "predicate": "sit_right", "begin_fid": 0, "object_tid": 1}, {"end_fid": 30, "subject_tid": 1, "predicate": "sit_above", "begin_fid": 0, "object_tid": 3}, {"end_fid": 30, "subject_tid": 3, "predicate": "sit_beneath", "begin_fid": 0, "object_tid": 1}, {"end_fid": 30, "subject_tid": 2, "predicate": "sit_right", "begin_fid": 0, "object_tid": 3}, {"end_fid": 30, "subject_tid": 3, "predicate": "sit_left", "begin_fid": 0, "object_tid": 2}, {"end_fid": 315, "subject_tid": 0, "predicate": "stand_right", "begin_fid": 285, "object_tid": 1}, {"end_fid": 315, "subject_tid": 1, "predicate": "sit_left", "begin_fid": 285, "object_tid": 0}, {"end_fid": 315, "subject_tid": 0, "predicate": "sit_above", "begin_fid": 285, "object_tid": 2}, {"end_fid": 315, "subject_tid": 2, "predicate": "sit_beneath", "begin_fid": 285, "object_tid": 0}, {"end_fid": 315, "subject_tid": 0, "predicate": "sit_right", "begin_fid": 285, "object_tid": 3}, {"end_fid": 315, "subject_tid": 0, "predicate": "sit_above", "begin_fid": 285, "object_tid": 3}, {"end_fid": 315, "subject_tid": 3, "predicate": "sit_beneath", "begin_fid": 285, "object_tid": 0}, {"end_fid": 315, "subject_tid": 3, "predicate": "sit_left", "begin_fid": 285, "object_tid": 0}, {"end_fid": 315, "subject_tid": 1, "predicate": "sit_above", "begin_fid": 285, "object_tid": 2}, {"end_fid": 315, "subject_tid": 1, "predicate": "sit_left", "begin_fid": 285, "object_tid": 2}, {"end_fid": 315, "subject_tid": 2, "predicate": "sit_beneath", "begin_fid": 285, "object_tid": 1}, {"end_fid": 315, "subject_tid": 2, "predicate": "sit_right", "begin_fid": 285, "object_tid": 1}, {"end_fid": 315, "subject_tid": 1, "predicate": "sit_above", "begin_fid": 285, "object_tid": 3}, {"end_fid": 315, "subject_tid": 3, "predicate": "sit_beneath", "begin_fid": 285, "object_tid": 1}, {"end_fid": 315, "subject_tid": 2, "predicate": "sit_right", "begin_fid": 285, "object_tid": 3}, {"end_fid": 315, "subject_tid": 3, "predicate": "sit_left", "begin_fid": 285, "object_tid": 2}], "height": 360}