{"width": 1280, "frame_count": 338, "video_id": "ILSVRC2015_train_00201005", "fps": 25, "trajectories": [[{"tid": 0, "generated": 0, "bbox": {"xmin": 188, "ymin": 296, "ymax": 590, "xmax": 536}}, {"tid": 1, "generated": 0, "bbox": {"xmin": 714, "ymin": 202, "ymax": 465, "xmax": 906}}], [{"tid": 0, "generated": 0, "bbox": {"xmin": 179, "ymin": 296, "ymax": 584, "xmax": 533}}, {"tid": 1, "generated": 0, "bbox": {"xmin": 711, "ymin": 197, "ymax": 464, "xmax": 904}}], [{"tid": 0, "generated": 0, "bbox": {"xmin": 177, "ymin": 300, "ymax": 588, "xmax": 531}}, {"tid": 1, "generated": 0, "bbox": {"xmin": 709, "ymin": 193, "ymax": 465, "xmax": 906}}], [{"tid": 0, "generated": 0, "bbox": {"xmin": 177, "ymin": 304, "ymax": 597, "xmax": 528}}, {"tid": 1, "generated": 0, "bbox": {"xmin": 705, "ymin": 188, "ymax": 465, "xmax": 906}}], [{"tid": 0, "generated": 0, "bbox": {"xmin": 176, "ymin": 305, "ymax": 599, "xmax": 524}}, {"tid": 1, "generated": 0, "bbox": {"xmin": 704, "ymin": 184, "ymax": 467, "xmax": 908}}], [{"tid": 0, "generated": 0, "bbox": {"xmin": 172, "ymin": 309, "ymax": 602, "xmax": 522}}, {"tid": 1, "generated": 0, "bbox": {"xmin": 700, "ymin": 181, "ymax": 467, "xmax": 908}}], [{"tid": 0, "generated": 0, "bbox": {"xmin": 168, "ymin": 311, "ymax": 604, "xmax": 519}}, {"tid": 1, "generated": 0, "bbox": {"xmin": 698, "ymin": 177, "ymax": 469, "xmax": 910}}], [{"tid": 0, "generated": 0, "bbox": {"xmin": 167, "ymin": 312, "ymax": 606, "xmax": 515}}, {"tid": 1, "generated": 0, "bbox": {"xmin": 695, "ymin": 174, "ymax": 471, "xmax": 912}}], [{"tid": 0, "generated": 0, "bbox": {"xmin": 163, "ymin": 316, "ymax": 609, "xmax": 513}}, {"tid": 1, "generated": 0, "bbox": {"xmin": 693, "ymin": 170, "ymax": 471, "xmax": 912}}], [{"tid": 0, "generated": 0, "bbox": {"xmin": 160, "ymin": 318, "ymax": 611, "xmax": 510}}, {"tid": 1, "generated": 0, "bbox": {"xmin": 689, "ymin": 167, "ymax": 472, "xmax": 913}}], [{"tid": 0, "generated": 0, "bbox": {"xmin": 158, "ymin": 321, "ymax": 615, "xmax": 508}}, {"tid": 1, "generated": 0, "bbox": {"xmin": 688, "ymin": 163, "ymax": 474, "xmax": 915}}], [{"tid": 0, "generated": 0, "bbox": {"xmin": 154, "ymin": 321, "ymax": 615, "xmax": 504}}, {"tid": 1, "generated": 0, "bbox": {"xmin": 682, "ymin": 160, "ymax": 472, "xmax": 915}}], [{"tid": 0, "generated": 0, "bbox": {"xmin": 151, "ymin": 323, "ymax": 616, "xmax": 501}}, {"tid": 1, "generated": 0, "bbox": {"xmin": 677, "ymin": 158, "ymax": 471, "xmax": 917}}], [{"tid": 0, "generated": 0, "bbox": {"xmin": 147, "ymin": 325, "ymax": 618, "xmax": 497}}, {"tid": 1, "generated": 0, "bbox": {"xmin": 673, "ymin": 156, "ymax": 471, "xmax": 917}}], [{"tid": 0, "generated": 0, "bbox": {"xmin": 144, "ymin": 327, "ymax": 620, "xmax": 494}}, {"tid": 1, "generated": 0, "bbox": {"xmin": 668, "ymin": 154, "ymax": 469, "xmax": 919}}], [{"tid": 0, "generated": 0, "bbox": {"xmin": 142, "ymin": 328, "ymax": 622, "xmax": 490}}, {"tid": 1, "generated": 0, "bbox": {"xmin": 664, "ymin": 152, "ymax": 469, "xmax": 919}}], [{"tid": 0, "generated": 0, "bbox": {"xmin": 138, "ymin": 330, "ymax": 624, "xmax": 488}}, {"tid": 1, "generated": 0, "bbox": {"xmin": 661, "ymin": 151, "ymax": 467, "xmax": 922}}], [{"tid": 0, "generated": 0, "bbox": {"xmin": 135, "ymin": 332, "ymax": 625, "xmax": 485}}, {"tid": 1, "generated": 0, "bbox": {"xmin": 656, "ymin": 149, "ymax": 465, "xmax": 922}}], [{"tid": 0, "generated": 0, "bbox": {"xmin": 131, "ymin": 334, "ymax": 627, "xmax": 481}}, {"tid": 1, "generated": 0, "bbox": {"xmin": 650, "ymin": 147, "ymax": 465, "xmax": 922}}], [{"tid": 0, "generated": 0, "bbox": {"xmin": 128, "ymin": 336, "ymax": 629, "xmax": 478}}, {"tid": 1, "generated": 0, "bbox": {"xmin": 645, "ymin": 145, "ymax": 464, "xmax": 922}}], [{"tid": 0, "generated": 0, "bbox": {"xmin": 126, "ymin": 337, "ymax": 631, "xmax": 476}}, {"tid": 1, "generated": 0, "bbox": {"xmin": 641, "ymin": 144, "ymax": 464, "xmax": 924}}], [{"tid": 0, "generated": 0, "bbox": {"xmin": 124, "ymin": 339, "ymax": 631, "xmax": 472}}, {"tid": 1, "generated": 0, "bbox": {"xmin": 640, "ymin": 144, "ymax": 462, "xmax": 920}}], [{"tid": 0, "generated": 0, "bbox": {"xmin": 122, "ymin": 341, "ymax": 632, "xmax": 471}}, {"tid": 1, "generated": 0, "bbox": {"xmin": 638, "ymin": 145, "ymax": 460, "xmax": 919}}], [{"tid": 0, "generated": 0, "bbox": {"xmin": 120, "ymin": 343, "ymax": 632, "xmax": 467}}, {"tid": 1, "generated": 0, "bbox": {"xmin": 636, "ymin": 145, "ymax": 460, "xmax": 917}}], [{"tid": 0, "generated": 0, "bbox": {"xmin": 119, "ymin": 344, "ymax": 634, "xmax": 465}}, {"tid": 1, "generated": 0, "bbox": {"xmin": 636, "ymin": 147, "ymax": 464, "xmax": 913}}], [{"tid": 0, "generated": 0, "bbox": {"xmin": 117, "ymin": 348, "ymax": 634, "xmax": 464}}, {"tid": 1, "generated": 0, "bbox": {"xmin": 629, "ymin": 147, "ymax": 464, "xmax": 910}}], [{"tid": 0, "generated": 0, "bbox": {"xmin": 115, "ymin": 350, "ymax": 636, "xmax": 460}}, {"tid": 1, "generated": 0, "bbox": {"xmin": 629, "ymin": 144, "ymax": 460, "xmax": 906}}], [{"tid": 0, "generated": 0, "bbox": {"xmin": 113, "ymin": 352, "ymax": 636, "xmax": 458}}, {"tid": 1, "generated": 0, "bbox": {"xmin": 629, "ymin": 145, "ymax": 458, "xmax": 904}}], [{"tid": 0, "generated": 0, "bbox": {"xmin": 112, "ymin": 353, "ymax": 638, "xmax": 455}}, {"tid": 1, "generated": 0, "bbox": {"xmin": 629, "ymin": 142, "ymax": 455, "xmax": 903}}], [{"tid": 0, "generated": 0, "bbox": {"xmin": 110, "ymin": 355, "ymax": 638, "xmax": 453}}, {"tid": 1, "generated": 0, "bbox": {"xmin": 629, "ymin": 151, "ymax": 455, "xmax": 901}}], [], [], [], [], [], [], [], [], [], [], [], [], [], [], [], [], [], [], [], [], [], [], [], [], [], [], [], [], [], [], [], [], [], [], [], [], [], [], [], [], [], [], [], [], [], [], [], [], [], [], [], [], [], [], [], [], [], [], [], [], [], [], [], [], [], [], [], [], [], [], [], [], [], [], [], [], [], [], [], [], [], [], [], [], [], [], [], [], [], [], [], [], [], [], [], [], [], [], [], [], [], [], [], [], [], [], [], [], [], [], [], [], [], [], [], [], [], [], [], [], [], [], [], [], [], [], [], [], [], [], [], [], [], [], [], [], [], [], [], [], [], [], [], [], [], [], [], [], [], [], [], [], [], [], [], [], [], [], [], [], [], [], [], [], [], [], [], [], [], [], [], [], [], [], [], [], [], [], [], [], [{"tid": 0, "generated": 0, "bbox": {"xmin": 78, "ymin": 424, "ymax": 718, "xmax": 416}}, {"tid": 1, "generated": 0, "bbox": {"xmin": 746, "ymin": 145, "ymax": 428, "xmax": 1077}}], [{"tid": 0, "generated": 0, "bbox": {"xmin": 78, "ymin": 426, "ymax": 718, "xmax": 416}}, {"tid": 1, "generated": 0, "bbox": {"xmin": 746, "ymin": 145, "ymax": 428, "xmax": 1077}}], [{"tid": 0, "generated": 0, "bbox": {"xmin": 78, "ymin": 426, "ymax": 718, "xmax": 416}}, {"tid": 1, "generated": 0, "bbox": {"xmin": 746, "ymin": 145, "ymax": 430, "xmax": 1077}}], [{"tid": 0, "generated": 0, "bbox": {"xmin": 78, "ymin": 423, "ymax": 716, "xmax": 414}}, {"tid": 1, "generated": 0, "bbox": {"xmin": 746, "ymin": 145, "ymax": 430, "xmax": 1077}}], [{"tid": 0, "generated": 0, "bbox": {"xmin": 78, "ymin": 423, "ymax": 716, "xmax": 414}}, {"tid": 1, "generated": 0, "bbox": {"xmin": 744, "ymin": 145, "ymax": 432, "xmax": 1077}}], [{"tid": 0, "generated": 0, "bbox": {"xmin": 78, "ymin": 424, "ymax": 716, "xmax": 414}}, {"tid": 1, "generated": 0, "bbox": {"xmin": 744, "ymin": 145, "ymax": 432, "xmax": 1077}}], [{"tid": 0, "generated": 0, "bbox": {"xmin": 78, "ymin": 424, "ymax": 716, "xmax": 414}}, {"tid": 1, "generated": 0, "bbox": {"xmin": 744, "ymin": 145, "ymax": 433, "xmax": 1077}}], [{"tid": 0, "generated": 0, "bbox": {"xmin": 78, "ymin": 426, "ymax": 716, "xmax": 414}}, {"tid": 1, "generated": 0, "bbox": {"xmin": 743, "ymin": 145, "ymax": 433, "xmax": 1077}}], [{"tid": 0, "generated": 0, "bbox": {"xmin": 78, "ymin": 426, "ymax": 716, "xmax": 414}}, {"tid": 1, "generated": 0, "bbox": {"xmin": 743, "ymin": 145, "ymax": 435, "xmax": 1077}}], [{"tid": 0, "generated": 0, "bbox": {"xmin": 78, "ymin": 428, "ymax": 716, "xmax": 414}}, {"tid": 1, "generated": 0, "bbox": {"xmin": 743, "ymin": 145, "ymax": 435, "xmax": 1077}}], [{"tid": 0, "generated": 0, "bbox": {"xmin": 78, "ymin": 430, "ymax": 718, "xmax": 416}}, {"tid": 1, "generated": 0, "bbox": {"xmin": 743, "ymin": 145, "ymax": 437, "xmax": 1077}}], [{"tid": 0, "generated": 0, "bbox": {"xmin": 76, "ymin": 428, "ymax": 716, "xmax": 414}}, {"tid": 1, "generated": 0, "bbox": {"xmin": 743, "ymin": 145, "ymax": 437, "xmax": 1077}}], [{"tid": 0, "generated": 0, "bbox": {"xmin": 76, "ymin": 428, "ymax": 716, "xmax": 414}}, {"tid": 1, "generated": 0, "bbox": {"xmin": 743, "ymin": 145, "ymax": 437, "xmax": 1077}}], [{"tid": 0, "generated": 0, "bbox": {"xmin": 76, "ymin": 428, "ymax": 716, "xmax": 414}}, {"tid": 1, "generated": 0, "bbox": {"xmin": 743, "ymin": 145, "ymax": 437, "xmax": 1079}}], [{"tid": 0, "generated": 0, "bbox": {"xmin": 72, "ymin": 421, "ymax": 718, "xmax": 412}}, {"tid": 1, "generated": 0, "bbox": {"xmin": 744, "ymin": 145, "ymax": 439, "xmax": 1079}}], [{"tid": 0, "generated": 0, "bbox": {"xmin": 76, "ymin": 426, "ymax": 716, "xmax": 412}}, {"tid": 1, "generated": 0, "bbox": {"xmin": 744, "ymin": 145, "ymax": 439, "xmax": 1079}}], [{"tid": 0, "generated": 0, "bbox": {"xmin": 74, "ymin": 426, "ymax": 716, "xmax": 410}}, {"tid": 1, "generated": 0, "bbox": {"xmin": 744, "ymin": 145, "ymax": 439, "xmax": 1080}}], [{"tid": 0, "generated": 0, "bbox": {"xmin": 74, "ymin": 426, "ymax": 716, "xmax": 410}}, {"tid": 1, "generated": 0, "bbox": {"xmin": 746, "ymin": 145, "ymax": 440, "xmax": 1080}}], [{"tid": 0, "generated": 0, "bbox": {"xmin": 74, "ymin": 426, "ymax": 716, "xmax": 410}}, {"tid": 1, "generated": 0, "bbox": {"xmin": 746, "ymin": 145, "ymax": 440, "xmax": 1082}}], [{"tid": 0, "generated": 0, "bbox": {"xmin": 76, "ymin": 424, "ymax": 718, "xmax": 412}}, {"tid": 1, "generated": 0, "bbox": {"xmin": 746, "ymin": 145, "ymax": 440, "xmax": 1082}}], [{"tid": 0, "generated": 0, "bbox": {"xmin": 74, "ymin": 424, "ymax": 716, "xmax": 410}}, {"tid": 1, "generated": 0, "bbox": {"xmin": 748, "ymin": 147, "ymax": 442, "xmax": 1084}}], [{"tid": 0, "generated": 0, "bbox": {"xmin": 74, "ymin": 424, "ymax": 716, "xmax": 410}}, {"tid": 1, "generated": 0, "bbox": {"xmin": 748, "ymin": 147, "ymax": 442, "xmax": 1084}}], [{"tid": 0, "generated": 0, "bbox": {"xmin": 74, "ymin": 424, "ymax": 716, "xmax": 410}}, {"tid": 1, "generated": 0, "bbox": {"xmin": 748, "ymin": 147, "ymax": 442, "xmax": 1084}}], [{"tid": 0, "generated": 0, "bbox": {"xmin": 74, "ymin": 424, "ymax": 716, "xmax": 410}}, {"tid": 1, "generated": 0, "bbox": {"xmin": 748, "ymin": 147, "ymax": 442, "xmax": 1084}}], [{"tid": 0, "generated": 0, "bbox": {"xmin": 74, "ymin": 424, "ymax": 716, "xmax": 410}}, {"tid": 1, "generated": 0, "bbox": {"xmin": 748, "ymin": 147, "ymax": 442, "xmax": 1084}}], [{"tid": 0, "generated": 0, "bbox": {"xmin": 72, "ymin": 426, "ymax": 716, "xmax": 410}}, {"tid": 1, "generated": 0, "bbox": {"xmin": 748, "ymin": 149, "ymax": 444, "xmax": 1084}}], [{"tid": 0, "generated": 0, "bbox": {"xmin": 74, "ymin": 430, "ymax": 718, "xmax": 410}}, {"tid": 1, "generated": 0, "bbox": {"xmin": 748, "ymin": 149, "ymax": 444, "xmax": 1084}}], [{"tid": 0, "generated": 0, "bbox": {"xmin": 74, "ymin": 426, "ymax": 714, "xmax": 410}}, {"tid": 1, "generated": 0, "bbox": {"xmin": 748, "ymin": 149, "ymax": 444, "xmax": 1084}}], [{"tid": 0, "generated": 0, "bbox": {"xmin": 74, "ymin": 426, "ymax": 714, "xmax": 410}}, {"tid": 1, "generated": 0, "bbox": {"xmin": 748, "ymin": 149, "ymax": 444, "xmax": 1084}}], [{"tid": 0, "generated": 0, "bbox": {"xmin": 72, "ymin": 426, "ymax": 714, "xmax": 410}}, {"tid": 1, "generated": 0, "bbox": {"xmin": 748, "ymin": 149, "ymax": 444, "xmax": 1084}}]], "subject/objects": [{"category": "red_panda", "tid": 0}, {"category": "red_panda", "tid": 1}], "relation_instances": [{"end_fid": 30, "subject_tid": 0, "predicate": "lie_behind", "begin_fid": 0, "object_tid": 1}, {"end_fid": 30, "subject_tid": 1, "predicate": "walk_front", "begin_fid": 0, "object_tid": 0}, {"end_fid": 30, "subject_tid": 1, "predicate": "walk_toward", "begin_fid": 0, "object_tid": 0}, {"end_fid": 240, "subject_tid": 0, "predicate": "lie_behind", "begin_fid": 210, "object_tid": 1}, {"end_fid": 240, "subject_tid": 1, "predicate": "lie_front", "begin_fid": 210, "object_tid": 0}], "height": 720}