{"width": 1280, "frame_count": 149, "video_id": "ILSVRC2015_train_00069005", "fps": 25, "trajectories": [[{"tid": 0, "generated": 0, "bbox": {"xmin": 446, "ymin": 33, "ymax": 250, "xmax": 567}}, {"tid": 2, "generated": 0, "bbox": {"xmin": 219, "ymin": 14, "ymax": 707, "xmax": 710}}], [{"tid": 0, "generated": 0, "bbox": {"xmin": 430, "ymin": 32, "ymax": 264, "xmax": 581}}, {"tid": 2, "generated": 0, "bbox": {"xmin": 219, "ymin": 14, "ymax": 707, "xmax": 710}}], [{"tid": 0, "generated": 0, "bbox": {"xmin": 408, "ymin": 26, "ymax": 243, "xmax": 592}}, {"tid": 2, "generated": 0, "bbox": {"xmin": 219, "ymin": 14, "ymax": 707, "xmax": 710}}], [{"tid": 0, "generated": 0, "bbox": {"xmin": 400, "ymin": 32, "ymax": 186, "xmax": 604}}, {"tid": 2, "generated": 0, "bbox": {"xmin": 219, "ymin": 14, "ymax": 707, "xmax": 710}}], [{"tid": 0, "generated": 0, "bbox": {"xmin": 380, "ymin": 30, "ymax": 165, "xmax": 618}}, {"tid": 2, "generated": 0, "bbox": {"xmin": 219, "ymin": 14, "ymax": 707, "xmax": 710}}], [{"tid": 0, "generated": 0, "bbox": {"xmin": 360, "ymin": 30, "ymax": 163, "xmax": 618}}, {"tid": 2, "generated": 0, "bbox": {"xmin": 219, "ymin": 14, "ymax": 707, "xmax": 710}}], [{"tid": 0, "generated": 0, "bbox": {"xmin": 341, "ymin": 35, "ymax": 163, "xmax": 590}}, {"tid": 2, "generated": 0, "bbox": {"xmin": 219, "ymin": 14, "ymax": 707, "xmax": 710}}], [{"tid": 0, "generated": 0, "bbox": {"xmin": 328, "ymin": 33, "ymax": 154, "xmax": 570}}, {"tid": 2, "generated": 0, "bbox": {"xmin": 219, "ymin": 14, "ymax": 707, "xmax": 710}}], [{"tid": 0, "generated": 0, "bbox": {"xmin": 300, "ymin": 12, "ymax": 131, "xmax": 552}}, {"tid": 2, "generated": 0, "bbox": {"xmin": 219, "ymin": 14, "ymax": 707, "xmax": 710}}], [{"tid": 0, "generated": 0, "bbox": {"xmin": 279, "ymin": 1, "ymax": 147, "xmax": 528}}, {"tid": 2, "generated": 0, "bbox": {"xmin": 219, "ymin": 14, "ymax": 707, "xmax": 710}}], [{"tid": 0, "generated": 0, "bbox": {"xmin": 266, "ymin": 0, "ymax": 183, "xmax": 504}}, {"tid": 2, "generated": 0, "bbox": {"xmin": 219, "ymin": 14, "ymax": 707, "xmax": 710}}], [{"tid": 0, "generated": 0, "bbox": {"xmin": 256, "ymin": 0, "ymax": 195, "xmax": 421}}, {"tid": 2, "generated": 0, "bbox": {"xmin": 222, "ymin": 14, "ymax": 707, "xmax": 710}}], [{"tid": 0, "generated": 0, "bbox": {"xmin": 252, "ymin": 0, "ymax": 206, "xmax": 400}}, {"tid": 2, "generated": 0, "bbox": {"xmin": 225, "ymin": 14, "ymax": 707, "xmax": 710}}], [{"tid": 0, "generated": 0, "bbox": {"xmin": 241, "ymin": 12, "ymax": 200, "xmax": 401}}, {"tid": 2, "generated": 0, "bbox": {"xmin": 227, "ymin": 14, "ymax": 707, "xmax": 710}}], [{"tid": 0, "generated": 0, "bbox": {"xmin": 220, "ymin": 55, "ymax": 218, "xmax": 405}}, {"tid": 2, "generated": 0, "bbox": {"xmin": 230, "ymin": 14, "ymax": 707, "xmax": 710}}], [{"tid": 0, "generated": 0, "bbox": {"xmin": 215, "ymin": 62, "ymax": 215, "xmax": 401}}, {"tid": 2, "generated": 0, "bbox": {"xmin": 233, "ymin": 14, "ymax": 707, "xmax": 710}}], [{"tid": 0, "generated": 0, "bbox": {"xmin": 200, "ymin": 65, "ymax": 229, "xmax": 384}}, {"tid": 2, "generated": 0, "bbox": {"xmin": 240, "ymin": 14, "ymax": 707, "xmax": 710}}], [{"tid": 0, "generated": 0, "bbox": {"xmin": 179, "ymin": 74, "ymax": 236, "xmax": 341}}, {"tid": 2, "generated": 0, "bbox": {"xmin": 247, "ymin": 14, "ymax": 707, "xmax": 710}}], [{"tid": 0, "generated": 0, "bbox": {"xmin": 154, "ymin": 108, "ymax": 234, "xmax": 295}}, {"tid": 2, "generated": 0, "bbox": {"xmin": 254, "ymin": 14, "ymax": 707, "xmax": 710}}], [{"tid": 0, "generated": 0, "bbox": {"xmin": 119, "ymin": 144, "ymax": 238, "xmax": 295}}, {"tid": 2, "generated": 0, "bbox": {"xmin": 261, "ymin": 14, "ymax": 707, "xmax": 710}}], [{"tid": 0, "generated": 0, "bbox": {"xmin": 106, "ymin": 177, "ymax": 257, "xmax": 284}}, {"tid": 2, "generated": 0, "bbox": {"xmin": 268, "ymin": 14, "ymax": 707, "xmax": 710}}], [{"tid": 0, "generated": 0, "bbox": {"xmin": 104, "ymin": 197, "ymax": 270, "xmax": 286}}, {"tid": 2, "generated": 0, "bbox": {"xmin": 276, "ymin": 14, "ymax": 707, "xmax": 710}}], [{"tid": 0, "generated": 0, "bbox": {"xmin": 104, "ymin": 192, "ymax": 284, "xmax": 302}}, {"tid": 2, "generated": 0, "bbox": {"xmin": 285, "ymin": 14, "ymax": 707, "xmax": 710}}], [{"tid": 0, "generated": 0, "bbox": {"xmin": 138, "ymin": 206, "ymax": 304, "xmax": 302}}, {"tid": 2, "generated": 0, "bbox": {"xmin": 293, "ymin": 14, "ymax": 707, "xmax": 710}}], [{"tid": 0, "generated": 0, "bbox": {"xmin": 147, "ymin": 209, "ymax": 307, "xmax": 309}}, {"tid": 2, "generated": 0, "bbox": {"xmin": 302, "ymin": 14, "ymax": 707, "xmax": 710}}], [{"tid": 0, "generated": 0, "bbox": {"xmin": 158, "ymin": 211, "ymax": 307, "xmax": 316}}, {"tid": 2, "generated": 0, "bbox": {"xmin": 310, "ymin": 14, "ymax": 707, "xmax": 710}}], [{"tid": 0, "generated": 0, "bbox": {"xmin": 174, "ymin": 215, "ymax": 314, "xmax": 323}}, {"tid": 2, "generated": 0, "bbox": {"xmin": 315, "ymin": 14, "ymax": 707, "xmax": 707}}], [{"tid": 0, "generated": 0, "bbox": {"xmin": 192, "ymin": 216, "ymax": 321, "xmax": 334}}, {"tid": 2, "generated": 0, "bbox": {"xmin": 319, "ymin": 14, "ymax": 707, "xmax": 704}}], [{"tid": 0, "generated": 0, "bbox": {"xmin": 213, "ymin": 218, "ymax": 330, "xmax": 348}}, {"tid": 2, "generated": 0, "bbox": {"xmin": 324, "ymin": 14, "ymax": 707, "xmax": 700}}], [{"tid": 0, "generated": 0, "bbox": {"xmin": 227, "ymin": 222, "ymax": 327, "xmax": 366}}, {"tid": 2, "generated": 0, "bbox": {"xmin": 328, "ymin": 14, "ymax": 707, "xmax": 697}}], [], [], [], [], [], [], [], [], [], [], [], [], [], [], [], [], [], [], [], [], [], [], [], [], [], [], [], [], [], [], [], [], [], [], [], [], [], [], [], [], [], [], [], [], [], [], [], [], [], [], [], [], [], [], [], [], [], [], [], [], [{"tid": 0, "generated": 0, "bbox": {"xmin": 455, "ymin": 115, "ymax": 341, "xmax": 549}}, {"tid": 2, "generated": 0, "bbox": {"xmin": 182, "ymin": 3, "ymax": 717, "xmax": 620}}], [{"tid": 0, "generated": 0, "bbox": {"xmin": 449, "ymin": 90, "ymax": 309, "xmax": 547}}, {"tid": 2, "generated": 0, "bbox": {"xmin": 187, "ymin": 3, "ymax": 717, "xmax": 633}}], [{"tid": 0, "generated": 0, "bbox": {"xmin": 444, "ymin": 87, "ymax": 289, "xmax": 536}}, {"tid": 2, "generated": 0, "bbox": {"xmin": 192, "ymin": 3, "ymax": 717, "xmax": 646}}], [{"tid": 0, "generated": 0, "bbox": {"xmin": 426, "ymin": 87, "ymax": 273, "xmax": 533}}, {"tid": 2, "generated": 0, "bbox": {"xmin": 198, "ymin": 3, "ymax": 717, "xmax": 659}}], [{"tid": 0, "generated": 0, "bbox": {"xmin": 424, "ymin": 71, "ymax": 250, "xmax": 533}}, {"tid": 2, "generated": 0, "bbox": {"xmin": 203, "ymin": 3, "ymax": 717, "xmax": 672}}], [{"tid": 0, "generated": 0, "bbox": {"xmin": 412, "ymin": 55, "ymax": 238, "xmax": 536}}, {"tid": 2, "generated": 0, "bbox": {"xmin": 208, "ymin": 3, "ymax": 717, "xmax": 685}}], [{"tid": 0, "generated": 0, "bbox": {"xmin": 408, "ymin": 51, "ymax": 222, "xmax": 545}}, {"tid": 2, "generated": 0, "bbox": {"xmin": 208, "ymin": 3, "ymax": 717, "xmax": 689}}], [{"tid": 0, "generated": 0, "bbox": {"xmin": 407, "ymin": 53, "ymax": 211, "xmax": 547}}, {"tid": 2, "generated": 0, "bbox": {"xmin": 208, "ymin": 3, "ymax": 717, "xmax": 693}}], [{"tid": 0, "generated": 0, "bbox": {"xmin": 412, "ymin": 67, "ymax": 209, "xmax": 549}}, {"tid": 2, "generated": 0, "bbox": {"xmin": 208, "ymin": 3, "ymax": 717, "xmax": 697}}], [{"tid": 0, "generated": 0, "bbox": {"xmin": 417, "ymin": 76, "ymax": 215, "xmax": 545}}, {"tid": 2, "generated": 0, "bbox": {"xmin": 208, "ymin": 3, "ymax": 717, "xmax": 701}}], [{"tid": 0, "generated": 0, "bbox": {"xmin": 421, "ymin": 78, "ymax": 213, "xmax": 540}}, {"tid": 2, "generated": 0, "bbox": {"xmin": 208, "ymin": 3, "ymax": 717, "xmax": 705}}], [{"tid": 0, "generated": 0, "bbox": {"xmin": 423, "ymin": 76, "ymax": 202, "xmax": 535}}, {"tid": 2, "generated": 0, "bbox": {"xmin": 208, "ymin": 3, "ymax": 717, "xmax": 701}}], [{"tid": 0, "generated": 0, "bbox": {"xmin": 424, "ymin": 72, "ymax": 199, "xmax": 520}}, {"tid": 2, "generated": 0, "bbox": {"xmin": 208, "ymin": 3, "ymax": 717, "xmax": 697}}], [{"tid": 0, "generated": 0, "bbox": {"xmin": 421, "ymin": 62, "ymax": 202, "xmax": 512}}, {"tid": 2, "generated": 0, "bbox": {"xmin": 208, "ymin": 3, "ymax": 717, "xmax": 692}}], [{"tid": 0, "generated": 0, "bbox": {"xmin": 416, "ymin": 64, "ymax": 206, "xmax": 503}}, {"tid": 2, "generated": 0, "bbox": {"xmin": 208, "ymin": 3, "ymax": 717, "xmax": 688}}], [{"tid": 0, "generated": 0, "bbox": {"xmin": 405, "ymin": 80, "ymax": 193, "xmax": 512}}, {"tid": 2, "generated": 0, "bbox": {"xmin": 208, "ymin": 3, "ymax": 717, "xmax": 684}}], [{"tid": 0, "generated": 0, "bbox": {"xmin": 394, "ymin": 80, "ymax": 183, "xmax": 517}}, {"tid": 2, "generated": 0, "bbox": {"xmin": 208, "ymin": 3, "ymax": 717, "xmax": 678}}], [{"tid": 0, "generated": 0, "bbox": {"xmin": 387, "ymin": 85, "ymax": 168, "xmax": 524}}, {"tid": 2, "generated": 0, "bbox": {"xmin": 208, "ymin": 3, "ymax": 717, "xmax": 671}}], [{"tid": 0, "generated": 0, "bbox": {"xmin": 394, "ymin": 71, "ymax": 181, "xmax": 524}}, {"tid": 2, "generated": 0, "bbox": {"xmin": 208, "ymin": 3, "ymax": 717, "xmax": 665}}], [{"tid": 0, "generated": 0, "bbox": {"xmin": 371, "ymin": 60, "ymax": 208, "xmax": 517}}, {"tid": 2, "generated": 0, "bbox": {"xmin": 208, "ymin": 3, "ymax": 717, "xmax": 658}}], [{"tid": 0, "generated": 0, "bbox": {"xmin": 357, "ymin": 48, "ymax": 216, "xmax": 510}}, {"tid": 2, "generated": 0, "bbox": {"xmin": 208, "ymin": 3, "ymax": 717, "xmax": 652}}], [{"tid": 0, "generated": 0, "bbox": {"xmin": 385, "ymin": 28, "ymax": 211, "xmax": 504}}, {"tid": 2, "generated": 0, "bbox": {"xmin": 205, "ymin": 3, "ymax": 717, "xmax": 649}}], [{"tid": 0, "generated": 0, "bbox": {"xmin": 380, "ymin": 23, "ymax": 220, "xmax": 506}}, {"tid": 2, "generated": 0, "bbox": {"xmin": 203, "ymin": 3, "ymax": 717, "xmax": 647}}], [{"tid": 0, "generated": 0, "bbox": {"xmin": 373, "ymin": 0, "ymax": 224, "xmax": 506}}, {"tid": 2, "generated": 0, "bbox": {"xmin": 200, "ymin": 2, "ymax": 716, "xmax": 644}}], [{"tid": 0, "generated": 0, "bbox": {"xmin": 362, "ymin": 0, "ymax": 218, "xmax": 503}}, {"tid": 2, "generated": 0, "bbox": {"xmin": 198, "ymin": 2, "ymax": 716, "xmax": 642}}], [{"tid": 0, "generated": 0, "bbox": {"xmin": 353, "ymin": 0, "ymax": 216, "xmax": 490}}, {"tid": 2, "generated": 0, "bbox": {"xmin": 195, "ymin": 2, "ymax": 716, "xmax": 639}}], [{"tid": 0, "generated": 0, "bbox": {"xmin": 344, "ymin": 0, "ymax": 220, "xmax": 496}}, {"tid": 2, "generated": 0, "bbox": {"xmin": 191, "ymin": 2, "ymax": 716, "xmax": 635}}], [{"tid": 0, "generated": 0, "bbox": {"xmin": 336, "ymin": 0, "ymax": 220, "xmax": 492}}, {"tid": 2, "generated": 0, "bbox": {"xmin": 188, "ymin": 2, "ymax": 716, "xmax": 632}}], [{"tid": 0, "generated": 0, "bbox": {"xmin": 327, "ymin": 0, "ymax": 224, "xmax": 488}}, {"tid": 2, "generated": 0, "bbox": {"xmin": 184, "ymin": 3, "ymax": 717, "xmax": 628}}], [{"tid": 0, "generated": 0, "bbox": {"xmin": 312, "ymin": 26, "ymax": 213, "xmax": 508}}, {"tid": 2, "generated": 0, "bbox": {"xmin": 181, "ymin": 3, "ymax": 717, "xmax": 625}}]], "subject/objects": [{"category": "squirrel", "tid": 0}, {"category": "person", "tid": 2}], "relation_instances": [{"end_fid": 30, "subject_tid": 0, "predicate": "run_next_to", "begin_fid": 0, "object_tid": 2}, {"end_fid": 30, "subject_tid": 0, "predicate": "run_past", "begin_fid": 0, "object_tid": 2}, {"end_fid": 30, "subject_tid": 2, "predicate": "stand_next_to", "begin_fid": 0, "object_tid": 0}, {"end_fid": 30, "subject_tid": 2, "predicate": "taller", "begin_fid": 0, "object_tid": 0}, {"end_fid": 30, "subject_tid": 2, "predicate": "larger", "begin_fid": 0, "object_tid": 0}, {"end_fid": 120, "subject_tid": 0, "predicate": "run_next_to", "begin_fid": 90, "object_tid": 2}, {"end_fid": 120, "subject_tid": 2, "predicate": "stand_next_to", "begin_fid": 90, "object_tid": 0}], "height": 720}