{"width": 1280, "frame_count": 79, "video_id": "ILSVRC2015_train_00165008", "fps": 30, "trajectories": [[{"tid": 0, "generated": 0, "bbox": {"xmin": 1, "ymin": 359, "ymax": 718, "xmax": 140}}, {"tid": 1, "generated": 0, "bbox": {"xmin": 263, "ymin": 259, "ymax": 446, "xmax": 350}}, {"tid": 2, "generated": 0, "bbox": {"xmin": 312, "ymin": 195, "ymax": 448, "xmax": 421}}, {"tid": 3, "generated": 0, "bbox": {"xmin": 768, "ymin": 295, "ymax": 533, "xmax": 942}}, {"tid": 4, "generated": 0, "bbox": {"xmin": 910, "ymin": 343, "ymax": 529, "xmax": 995}}], [{"tid": 0, "generated": 0, "bbox": {"xmin": 0, "ymin": 355, "ymax": 716, "xmax": 136}}, {"tid": 1, "generated": 0, "bbox": {"xmin": 263, "ymin": 258, "ymax": 445, "xmax": 350}}, {"tid": 2, "generated": 0, "bbox": {"xmin": 312, "ymin": 194, "ymax": 447, "xmax": 420}}, {"tid": 3, "generated": 0, "bbox": {"xmin": 766, "ymin": 295, "ymax": 534, "xmax": 939}}, {"tid": 4, "generated": 0, "bbox": {"xmin": 908, "ymin": 344, "ymax": 529, "xmax": 992}}], [{"tid": 0, "generated": 0, "bbox": {"xmin": 0, "ymin": 355, "ymax": 717, "xmax": 135}}, {"tid": 1, "generated": 0, "bbox": {"xmin": 263, "ymin": 257, "ymax": 445, "xmax": 350}}, {"tid": 2, "generated": 0, "bbox": {"xmin": 312, "ymin": 194, "ymax": 447, "xmax": 420}}, {"tid": 3, "generated": 0, "bbox": {"xmin": 764, "ymin": 295, "ymax": 536, "xmax": 937}}, {"tid": 4, "generated": 0, "bbox": {"xmin": 912, "ymin": 344, "ymax": 528, "xmax": 990}}], [{"tid": 0, "generated": 0, "bbox": {"xmin": 0, "ymin": 355, "ymax": 718, "xmax": 135}}, {"tid": 1, "generated": 0, "bbox": {"xmin": 263, "ymin": 256, "ymax": 445, "xmax": 351}}, {"tid": 2, "generated": 0, "bbox": {"xmin": 313, "ymin": 194, "ymax": 447, "xmax": 420}}, {"tid": 3, "generated": 0, "bbox": {"xmin": 762, "ymin": 295, "ymax": 538, "xmax": 935}}, {"tid": 4, "generated": 0, "bbox": {"xmin": 908, "ymin": 344, "ymax": 528, "xmax": 983}}], [{"tid": 0, "generated": 0, "bbox": {"xmin": 0, "ymin": 355, "ymax": 716, "xmax": 135}}, {"tid": 1, "generated": 0, "bbox": {"xmin": 263, "ymin": 255, "ymax": 445, "xmax": 351}}, {"tid": 2, "generated": 0, "bbox": {"xmin": 313, "ymin": 193, "ymax": 447, "xmax": 420}}, {"tid": 3, "generated": 0, "bbox": {"xmin": 760, "ymin": 295, "ymax": 540, "xmax": 933}}, {"tid": 4, "generated": 0, "bbox": {"xmin": 908, "ymin": 344, "ymax": 526, "xmax": 981}}], [{"tid": 0, "generated": 0, "bbox": {"xmin": 0, "ymin": 355, "ymax": 714, "xmax": 136}}, {"tid": 1, "generated": 0, "bbox": {"xmin": 263, "ymin": 255, "ymax": 444, "xmax": 351}}, {"tid": 2, "generated": 0, "bbox": {"xmin": 314, "ymin": 193, "ymax": 447, "xmax": 420}}, {"tid": 3, "generated": 0, "bbox": {"xmin": 759, "ymin": 296, "ymax": 542, "xmax": 931}}, {"tid": 4, "generated": 0, "bbox": {"xmin": 910, "ymin": 350, "ymax": 535, "xmax": 976}}], [{"tid": 0, "generated": 0, "bbox": {"xmin": 0, "ymin": 355, "ymax": 714, "xmax": 136}}, {"tid": 1, "generated": 0, "bbox": {"xmin": 263, "ymin": 254, "ymax": 444, "xmax": 352}}, {"tid": 2, "generated": 0, "bbox": {"xmin": 314, "ymin": 193, "ymax": 446, "xmax": 419}}, {"tid": 3, "generated": 0, "bbox": {"xmin": 757, "ymin": 296, "ymax": 542, "xmax": 930}}, {"tid": 4, "generated": 0, "bbox": {"xmin": 906, "ymin": 348, "ymax": 528, "xmax": 979}}], [{"tid": 0, "generated": 0, "bbox": {"xmin": 0, "ymin": 355, "ymax": 714, "xmax": 136}}, {"tid": 1, "generated": 0, "bbox": {"xmin": 263, "ymin": 253, "ymax": 444, "xmax": 352}}, {"tid": 2, "generated": 0, "bbox": {"xmin": 314, "ymin": 192, "ymax": 446, "xmax": 419}}, {"tid": 3, "generated": 0, "bbox": {"xmin": 756, "ymin": 297, "ymax": 542, "xmax": 929}}, {"tid": 4, "generated": 0, "bbox": {"xmin": 906, "ymin": 346, "ymax": 524, "xmax": 979}}], [{"tid": 0, "generated": 0, "bbox": {"xmin": 0, "ymin": 355, "ymax": 715, "xmax": 136}}, {"tid": 1, "generated": 0, "bbox": {"xmin": 263, "ymin": 252, "ymax": 444, "xmax": 352}}, {"tid": 2, "generated": 0, "bbox": {"xmin": 315, "ymin": 192, "ymax": 446, "xmax": 419}}, {"tid": 3, "generated": 0, "bbox": {"xmin": 754, "ymin": 298, "ymax": 543, "xmax": 928}}, {"tid": 4, "generated": 0, "bbox": {"xmin": 901, "ymin": 344, "ymax": 531, "xmax": 977}}], [{"tid": 0, "generated": 0, "bbox": {"xmin": 0, "ymin": 355, "ymax": 715, "xmax": 136}}, {"tid": 1, "generated": 0, "bbox": {"xmin": 263, "ymin": 252, "ymax": 444, "xmax": 353}}, {"tid": 2, "generated": 0, "bbox": {"xmin": 315, "ymin": 192, "ymax": 446, "xmax": 419}}, {"tid": 3, "generated": 0, "bbox": {"xmin": 753, "ymin": 299, "ymax": 543, "xmax": 927}}, {"tid": 4, "generated": 0, "bbox": {"xmin": 896, "ymin": 344, "ymax": 529, "xmax": 977}}], [{"tid": 0, "generated": 0, "bbox": {"xmin": 0, "ymin": 355, "ymax": 716, "xmax": 136}}, {"tid": 1, "generated": 0, "bbox": {"xmin": 264, "ymin": 247, "ymax": 446, "xmax": 352}}, {"tid": 2, "generated": 0, "bbox": {"xmin": 316, "ymin": 192, "ymax": 446, "xmax": 419}}, {"tid": 3, "generated": 0, "bbox": {"xmin": 752, "ymin": 300, "ymax": 544, "xmax": 926}}, {"tid": 4, "generated": 0, "bbox": {"xmin": 892, "ymin": 344, "ymax": 529, "xmax": 979}}], [{"tid": 0, "generated": 0, "bbox": {"xmin": 0, "ymin": 354, "ymax": 716, "xmax": 136}}, {"tid": 1, "generated": 0, "bbox": {"xmin": 263, "ymin": 252, "ymax": 442, "xmax": 350}}, {"tid": 2, "generated": 0, "bbox": {"xmin": 315, "ymin": 192, "ymax": 445, "xmax": 419}}, {"tid": 3, "generated": 0, "bbox": {"xmin": 749, "ymin": 301, "ymax": 545, "xmax": 923}}, {"tid": 4, "generated": 0, "bbox": {"xmin": 896, "ymin": 344, "ymax": 528, "xmax": 977}}], [{"tid": 0, "generated": 0, "bbox": {"xmin": 0, "ymin": 354, "ymax": 716, "xmax": 136}}, {"tid": 1, "generated": 0, "bbox": {"xmin": 262, "ymin": 252, "ymax": 442, "xmax": 350}}, {"tid": 2, "generated": 0, "bbox": {"xmin": 315, "ymin": 192, "ymax": 445, "xmax": 419}}, {"tid": 3, "generated": 0, "bbox": {"xmin": 746, "ymin": 302, "ymax": 546, "xmax": 920}}, {"tid": 4, "generated": 0, "bbox": {"xmin": 894, "ymin": 350, "ymax": 528, "xmax": 974}}], [{"tid": 0, "generated": 0, "bbox": {"xmin": 0, "ymin": 354, "ymax": 716, "xmax": 136}}, {"tid": 1, "generated": 0, "bbox": {"xmin": 261, "ymin": 252, "ymax": 442, "xmax": 350}}, {"tid": 2, "generated": 0, "bbox": {"xmin": 315, "ymin": 192, "ymax": 445, "xmax": 419}}, {"tid": 3, "generated": 0, "bbox": {"xmin": 744, "ymin": 304, "ymax": 547, "xmax": 917}}, {"tid": 4, "generated": 0, "bbox": {"xmin": 895, "ymin": 350, "ymax": 528, "xmax": 972}}], [{"tid": 0, "generated": 0, "bbox": {"xmin": 0, "ymin": 354, "ymax": 716, "xmax": 136}}, {"tid": 1, "generated": 0, "bbox": {"xmin": 260, "ymin": 252, "ymax": 442, "xmax": 350}}, {"tid": 2, "generated": 0, "bbox": {"xmin": 315, "ymin": 192, "ymax": 445, "xmax": 419}}, {"tid": 3, "generated": 0, "bbox": {"xmin": 742, "ymin": 305, "ymax": 548, "xmax": 915}}, {"tid": 4, "generated": 0, "bbox": {"xmin": 897, "ymin": 350, "ymax": 529, "xmax": 970}}], [{"tid": 0, "generated": 0, "bbox": {"xmin": 0, "ymin": 354, "ymax": 716, "xmax": 136}}, {"tid": 1, "generated": 0, "bbox": {"xmin": 260, "ymin": 252, "ymax": 442, "xmax": 350}}, {"tid": 2, "generated": 0, "bbox": {"xmin": 315, "ymin": 192, "ymax": 445, "xmax": 419}}, {"tid": 3, "generated": 0, "bbox": {"xmin": 740, "ymin": 306, "ymax": 550, "xmax": 913}}, {"tid": 4, "generated": 0, "bbox": {"xmin": 893, "ymin": 350, "ymax": 528, "xmax": 971}}], [{"tid": 0, "generated": 0, "bbox": {"xmin": 0, "ymin": 354, "ymax": 716, "xmax": 136}}, {"tid": 1, "generated": 0, "bbox": {"xmin": 260, "ymin": 252, "ymax": 442, "xmax": 350}}, {"tid": 2, "generated": 0, "bbox": {"xmin": 315, "ymin": 192, "ymax": 445, "xmax": 419}}, {"tid": 3, "generated": 0, "bbox": {"xmin": 739, "ymin": 307, "ymax": 552, "xmax": 911}}, {"tid": 4, "generated": 0, "bbox": {"xmin": 890, "ymin": 350, "ymax": 528, "xmax": 972}}], [{"tid": 0, "generated": 0, "bbox": {"xmin": 0, "ymin": 354, "ymax": 716, "xmax": 136}}, {"tid": 1, "generated": 0, "bbox": {"xmin": 260, "ymin": 252, "ymax": 442, "xmax": 350}}, {"tid": 2, "generated": 0, "bbox": {"xmin": 315, "ymin": 193, "ymax": 445, "xmax": 419}}, {"tid": 3, "generated": 0, "bbox": {"xmin": 737, "ymin": 308, "ymax": 554, "xmax": 909}}, {"tid": 4, "generated": 0, "bbox": {"xmin": 887, "ymin": 350, "ymax": 529, "xmax": 970}}], [{"tid": 0, "generated": 0, "bbox": {"xmin": 0, "ymin": 354, "ymax": 716, "xmax": 136}}, {"tid": 1, "generated": 0, "bbox": {"xmin": 260, "ymin": 252, "ymax": 442, "xmax": 350}}, {"tid": 2, "generated": 0, "bbox": {"xmin": 315, "ymin": 193, "ymax": 445, "xmax": 419}}, {"tid": 3, "generated": 0, "bbox": {"xmin": 736, "ymin": 309, "ymax": 556, "xmax": 908}}, {"tid": 4, "generated": 0, "bbox": {"xmin": 883, "ymin": 355, "ymax": 529, "xmax": 965}}], [{"tid": 0, "generated": 0, "bbox": {"xmin": 0, "ymin": 354, "ymax": 716, "xmax": 136}}, {"tid": 1, "generated": 0, "bbox": {"xmin": 259, "ymin": 252, "ymax": 443, "xmax": 350}}, {"tid": 2, "generated": 0, "bbox": {"xmin": 315, "ymin": 193, "ymax": 445, "xmax": 419}}, {"tid": 3, "generated": 0, "bbox": {"xmin": 734, "ymin": 311, "ymax": 554, "xmax": 908}}, {"tid": 4, "generated": 0, "bbox": {"xmin": 888, "ymin": 353, "ymax": 528, "xmax": 967}}], [{"tid": 0, "generated": 0, "bbox": {"xmin": 0, "ymin": 354, "ymax": 716, "xmax": 136}}, {"tid": 1, "generated": 0, "bbox": {"xmin": 259, "ymin": 252, "ymax": 443, "xmax": 350}}, {"tid": 2, "generated": 0, "bbox": {"xmin": 315, "ymin": 193, "ymax": 445, "xmax": 420}}, {"tid": 3, "generated": 0, "bbox": {"xmin": 732, "ymin": 312, "ymax": 549, "xmax": 906}}, {"tid": 4, "generated": 0, "bbox": {"xmin": 888, "ymin": 352, "ymax": 528, "xmax": 967}}], [{"tid": 0, "generated": 0, "bbox": {"xmin": 0, "ymin": 354, "ymax": 716, "xmax": 136}}, {"tid": 1, "generated": 0, "bbox": {"xmin": 259, "ymin": 252, "ymax": 443, "xmax": 350}}, {"tid": 2, "generated": 0, "bbox": {"xmin": 314, "ymin": 193, "ymax": 444, "xmax": 420}}, {"tid": 3, "generated": 0, "bbox": {"xmin": 728, "ymin": 312, "ymax": 545, "xmax": 901}}, {"tid": 4, "generated": 0, "bbox": {"xmin": 892, "ymin": 352, "ymax": 526, "xmax": 965}}], [{"tid": 0, "generated": 0, "bbox": {"xmin": 0, "ymin": 354, "ymax": 716, "xmax": 136}}, {"tid": 1, "generated": 0, "bbox": {"xmin": 259, "ymin": 252, "ymax": 443, "xmax": 350}}, {"tid": 2, "generated": 0, "bbox": {"xmin": 314, "ymin": 193, "ymax": 444, "xmax": 420}}, {"tid": 3, "generated": 0, "bbox": {"xmin": 725, "ymin": 312, "ymax": 545, "xmax": 912}}, {"tid": 4, "generated": 0, "bbox": {"xmin": 890, "ymin": 352, "ymax": 535, "xmax": 968}}], [{"tid": 0, "generated": 0, "bbox": {"xmin": 0, "ymin": 354, "ymax": 716, "xmax": 136}}, {"tid": 1, "generated": 0, "bbox": {"xmin": 259, "ymin": 252, "ymax": 443, "xmax": 350}}, {"tid": 2, "generated": 0, "bbox": {"xmin": 314, "ymin": 193, "ymax": 444, "xmax": 420}}, {"tid": 3, "generated": 0, "bbox": {"xmin": 722, "ymin": 312, "ymax": 549, "xmax": 909}}, {"tid": 4, "generated": 0, "bbox": {"xmin": 889, "ymin": 352, "ymax": 535, "xmax": 966}}], [{"tid": 0, "generated": 0, "bbox": {"xmin": 0, "ymin": 354, "ymax": 716, "xmax": 136}}, {"tid": 1, "generated": 0, "bbox": {"xmin": 259, "ymin": 252, "ymax": 444, "xmax": 350}}, {"tid": 2, "generated": 0, "bbox": {"xmin": 314, "ymin": 194, "ymax": 444, "xmax": 420}}, {"tid": 3, "generated": 0, "bbox": {"xmin": 720, "ymin": 312, "ymax": 553, "xmax": 906}}, {"tid": 4, "generated": 0, "bbox": {"xmin": 888, "ymin": 352, "ymax": 535, "xmax": 965}}], [{"tid": 0, "generated": 0, "bbox": {"xmin": 0, "ymin": 354, "ymax": 716, "xmax": 136}}, {"tid": 1, "generated": 0, "bbox": {"xmin": 259, "ymin": 252, "ymax": 446, "xmax": 352}}, {"tid": 2, "generated": 0, "bbox": {"xmin": 314, "ymin": 194, "ymax": 444, "xmax": 420}}, {"tid": 3, "generated": 0, "bbox": {"xmin": 718, "ymin": 312, "ymax": 558, "xmax": 903}}, {"tid": 4, "generated": 0, "bbox": {"xmin": 887, "ymin": 352, "ymax": 535, "xmax": 963}}], [{"tid": 0, "generated": 0, "bbox": {"xmin": 0, "ymin": 354, "ymax": 716, "xmax": 136}}, {"tid": 1, "generated": 0, "bbox": {"xmin": 258, "ymin": 252, "ymax": 446, "xmax": 352}}, {"tid": 2, "generated": 0, "bbox": {"xmin": 314, "ymin": 194, "ymax": 444, "xmax": 420}}, {"tid": 3, "generated": 0, "bbox": {"xmin": 714, "ymin": 312, "ymax": 556, "xmax": 896}}, {"tid": 4, "generated": 0, "bbox": {"xmin": 886, "ymin": 352, "ymax": 535, "xmax": 962}}], [{"tid": 0, "generated": 0, "bbox": {"xmin": 0, "ymin": 354, "ymax": 716, "xmax": 136}}, {"tid": 1, "generated": 0, "bbox": {"xmin": 258, "ymin": 252, "ymax": 446, "xmax": 352}}, {"tid": 2, "generated": 0, "bbox": {"xmin": 314, "ymin": 194, "ymax": 444, "xmax": 420}}, {"tid": 3, "generated": 0, "bbox": {"xmin": 712, "ymin": 312, "ymax": 556, "xmax": 892}}, {"tid": 4, "generated": 0, "bbox": {"xmin": 885, "ymin": 352, "ymax": 535, "xmax": 961}}], [{"tid": 0, "generated": 0, "bbox": {"xmin": 0, "ymin": 354, "ymax": 716, "xmax": 136}}, {"tid": 1, "generated": 0, "bbox": {"xmin": 258, "ymin": 252, "ymax": 446, "xmax": 352}}, {"tid": 2, "generated": 0, "bbox": {"xmin": 314, "ymin": 194, "ymax": 444, "xmax": 420}}, {"tid": 3, "generated": 0, "bbox": {"xmin": 710, "ymin": 312, "ymax": 557, "xmax": 889}}, {"tid": 4, "generated": 0, "bbox": {"xmin": 883, "ymin": 357, "ymax": 531, "xmax": 961}}], [{"tid": 0, "generated": 0, "bbox": {"xmin": 0, "ymin": 354, "ymax": 716, "xmax": 136}}, {"tid": 1, "generated": 0, "bbox": {"xmin": 258, "ymin": 252, "ymax": 446, "xmax": 352}}, {"tid": 2, "generated": 0, "bbox": {"xmin": 314, "ymin": 194, "ymax": 444, "xmax": 420}}, {"tid": 3, "generated": 0, "bbox": {"xmin": 708, "ymin": 313, "ymax": 558, "xmax": 887}}, {"tid": 4, "generated": 0, "bbox": {"xmin": 883, "ymin": 355, "ymax": 536, "xmax": 961}}]], "subject/objects": [{"category": "zebra", "tid": 0}, {"category": "zebra", "tid": 1}, {"category": "zebra", "tid": 2}, {"category": "zebra", "tid": 3}, {"category": "zebra", "tid": 4}], "relation_instances": [{"end_fid": 30, "subject_tid": 0, "predicate": "stand_front", "begin_fid": 0, "object_tid": 1}, {"end_fid": 30, "subject_tid": 0, "predicate": "stand_left", "begin_fid": 0, "object_tid": 1}, {"end_fid": 30, "subject_tid": 1, "predicate": "stand_behind", "begin_fid": 0, "object_tid": 0}, {"end_fid": 30, "subject_tid": 1, "predicate": "stand_right", "begin_fid": 0, "object_tid": 0}, {"end_fid": 30, "subject_tid": 0, "predicate": "stand_front", "begin_fid": 0, "object_tid": 2}, {"end_fid": 30, "subject_tid": 0, "predicate": "stand_left", "begin_fid": 0, "object_tid": 2}, {"end_fid": 30, "subject_tid": 2, "predicate": "stand_behind", "begin_fid": 0, "object_tid": 0}, {"end_fid": 30, "subject_tid": 2, "predicate": "stand_right", "begin_fid": 0, "object_tid": 0}, {"end_fid": 30, "subject_tid": 2, "predicate": "watch", "begin_fid": 0, "object_tid": 0}, {"end_fid": 30, "subject_tid": 0, "predicate": "stand_front", "begin_fid": 0, "object_tid": 3}, {"end_fid": 30, "subject_tid": 0, "predicate": "stand_left", "begin_fid": 0, "object_tid": 3}, {"end_fid": 30, "subject_tid": 3, "predicate": "walk_toward", "begin_fid": 0, "object_tid": 0}, {"end_fid": 30, "subject_tid": 3, "predicate": "walk_behind", "begin_fid": 0, "object_tid": 0}, {"end_fid": 30, "subject_tid": 3, "predicate": "walk_right", "begin_fid": 0, "object_tid": 0}, {"end_fid": 30, "subject_tid": 3, "predicate": "watch", "begin_fid": 0, "object_tid": 0}, {"end_fid": 30, "subject_tid": 0, "predicate": "stand_front", "begin_fid": 0, "object_tid": 4}, {"end_fid": 30, "subject_tid": 0, "predicate": "stand_left", "begin_fid": 0, "object_tid": 4}, {"end_fid": 30, "subject_tid": 4, "predicate": "walk_toward", "begin_fid": 0, "object_tid": 0}, {"end_fid": 30, "subject_tid": 4, "predicate": "walk_behind", "begin_fid": 0, "object_tid": 0}, {"end_fid": 30, "subject_tid": 4, "predicate": "walk_right", "begin_fid": 0, "object_tid": 0}, {"end_fid": 30, "subject_tid": 4, "predicate": "watch", "begin_fid": 0, "object_tid": 0}, {"end_fid": 30, "subject_tid": 1, "predicate": "stand_next_to", "begin_fid": 0, "object_tid": 2}, {"end_fid": 30, "subject_tid": 1, "predicate": "stand_left", "begin_fid": 0, "object_tid": 2}, {"end_fid": 30, "subject_tid": 2, "predicate": "stand_next_to", "begin_fid": 0, "object_tid": 1}, {"end_fid": 30, "subject_tid": 2, "predicate": "stand_right", "begin_fid": 0, "object_tid": 1}, {"end_fid": 30, "subject_tid": 2, "predicate": "taller", "begin_fid": 0, "object_tid": 1}, {"end_fid": 30, "subject_tid": 2, "predicate": "larger", "begin_fid": 0, "object_tid": 1}, {"end_fid": 30, "subject_tid": 1, "predicate": "stand_behind", "begin_fid": 0, "object_tid": 3}, {"end_fid": 30, "subject_tid": 1, "predicate": "stand_left", "begin_fid": 0, "object_tid": 3}, {"end_fid": 30, "subject_tid": 3, "predicate": "walk_front", "begin_fid": 0, "object_tid": 1}, {"end_fid": 30, "subject_tid": 3, "predicate": "walk_right", "begin_fid": 0, "object_tid": 1}, {"end_fid": 30, "subject_tid": 3, "predicate": "taller", "begin_fid": 0, "object_tid": 1}, {"end_fid": 30, "subject_tid": 3, "predicate": "larger", "begin_fid": 0, "object_tid": 1}, {"end_fid": 30, "subject_tid": 1, "predicate": "stand_behind", "begin_fid": 0, "object_tid": 4}, {"end_fid": 30, "subject_tid": 1, "predicate": "stand_left", "begin_fid": 0, "object_tid": 4}, {"end_fid": 30, "subject_tid": 4, "predicate": "walk_front", "begin_fid": 0, "object_tid": 1}, {"end_fid": 30, "subject_tid": 4, "predicate": "walk_right", "begin_fid": 0, "object_tid": 1}, {"end_fid": 30, "subject_tid": 2, "predicate": "stand_behind", "begin_fid": 0, "object_tid": 3}, {"end_fid": 30, "subject_tid": 2, "predicate": "stand_left", "begin_fid": 0, "object_tid": 3}, {"end_fid": 30, "subject_tid": 3, "predicate": "walk_front", "begin_fid": 0, "object_tid": 2}, {"end_fid": 30, "subject_tid": 3, "predicate": "walk_right", "begin_fid": 0, "object_tid": 2}, {"end_fid": 30, "subject_tid": 2, "predicate": "stand_behind", "begin_fid": 0, "object_tid": 4}, {"end_fid": 30, "subject_tid": 2, "predicate": "stand_left", "begin_fid": 0, "object_tid": 4}, {"end_fid": 30, "subject_tid": 2, "predicate": "taller", "begin_fid": 0, "object_tid": 4}, {"end_fid": 30, "subject_tid": 2, "predicate": "larger", "begin_fid": 0, "object_tid": 4}, {"end_fid": 30, "subject_tid": 4, "predicate": "walk_front", "begin_fid": 0, "object_tid": 2}, {"end_fid": 30, "subject_tid": 4, "predicate": "walk_right", "begin_fid": 0, "object_tid": 2}, {"end_fid": 30, "subject_tid": 3, "predicate": "walk_next_to", "begin_fid": 0, "object_tid": 4}, {"end_fid": 30, "subject_tid": 3, "predicate": "walk_with", "begin_fid": 0, "object_tid": 4}, {"end_fid": 30, "subject_tid": 3, "predicate": "walk_left", "begin_fid": 0, "object_tid": 4}, {"end_fid": 30, "subject_tid": 3, "predicate": "taller", "begin_fid": 0, "object_tid": 4}, {"end_fid": 30, "subject_tid": 3, "predicate": "larger", "begin_fid": 0, "object_tid": 4}, {"end_fid": 30, "subject_tid": 4, "predicate": "walk_next_to", "begin_fid": 0, "object_tid": 3}, {"end_fid": 30, "subject_tid": 4, "predicate": "walk_with", "begin_fid": 0, "object_tid": 3}, {"end_fid": 30, "subject_tid": 4, "predicate": "walk_right", "begin_fid": 0, "object_tid": 3}], "height": 720}