{"width": 1280, "frame_count": 113, "video_id": "ILSVRC2015_train_00068004", "fps": 24, "trajectories": [[], [], [], [], [], [], [], [], [], [], [], [], [], [], [], [{"tid": 0, "generated": 0, "bbox": {"xmin": 151, "ymin": 442, "ymax": 718, "xmax": 352}}, {"tid": 1, "generated": 0, "bbox": {"xmin": 221, "ymin": 402, "ymax": 618, "xmax": 340}}], [{"tid": 0, "generated": 0, "bbox": {"xmin": 164, "ymin": 437, "ymax": 718, "xmax": 365}}, {"tid": 1, "generated": 0, "bbox": {"xmin": 228, "ymin": 404, "ymax": 621, "xmax": 348}}], [{"tid": 0, "generated": 0, "bbox": {"xmin": 176, "ymin": 432, "ymax": 718, "xmax": 377}}, {"tid": 1, "generated": 0, "bbox": {"xmin": 245, "ymin": 387, "ymax": 598, "xmax": 366}}], [{"tid": 0, "generated": 0, "bbox": {"xmin": 189, "ymin": 427, "ymax": 718, "xmax": 390}}, {"tid": 1, "generated": 0, "bbox": {"xmin": 261, "ymin": 382, "ymax": 590, "xmax": 388}}], [{"tid": 0, "generated": 0, "bbox": {"xmin": 201, "ymin": 422, "ymax": 718, "xmax": 402}}, {"tid": 1, "generated": 0, "bbox": {"xmin": 269, "ymin": 379, "ymax": 591, "xmax": 391}}], [{"tid": 0, "generated": 0, "bbox": {"xmin": 214, "ymin": 417, "ymax": 718, "xmax": 415}}, {"tid": 1, "generated": 0, "bbox": {"xmin": 290, "ymin": 381, "ymax": 586, "xmax": 401}}], [{"tid": 0, "generated": 0, "bbox": {"xmin": 227, "ymin": 412, "ymax": 718, "xmax": 428}}, {"tid": 1, "generated": 0, "bbox": {"xmin": 297, "ymin": 382, "ymax": 589, "xmax": 414}}], [{"tid": 0, "generated": 0, "bbox": {"xmin": 239, "ymin": 407, "ymax": 713, "xmax": 434}}, {"tid": 1, "generated": 0, "bbox": {"xmin": 304, "ymin": 383, "ymax": 589, "xmax": 413}}], [{"tid": 0, "generated": 0, "bbox": {"xmin": 252, "ymin": 402, "ymax": 708, "xmax": 440}}, {"tid": 1, "generated": 0, "bbox": {"xmin": 312, "ymin": 383, "ymax": 583, "xmax": 444}}], [{"tid": 0, "generated": 0, "bbox": {"xmin": 265, "ymin": 398, "ymax": 704, "xmax": 446}}, {"tid": 1, "generated": 0, "bbox": {"xmin": 333, "ymin": 384, "ymax": 579, "xmax": 435}}], [{"tid": 0, "generated": 0, "bbox": {"xmin": 278, "ymin": 393, "ymax": 699, "xmax": 452}}, {"tid": 1, "generated": 0, "bbox": {"xmin": 326, "ymin": 385, "ymax": 579, "xmax": 446}}], [{"tid": 0, "generated": 0, "bbox": {"xmin": 291, "ymin": 389, "ymax": 695, "xmax": 458}}, {"tid": 1, "generated": 0, "bbox": {"xmin": 344, "ymin": 363, "ymax": 559, "xmax": 468}}], [{"tid": 0, "generated": 0, "bbox": {"xmin": 303, "ymin": 384, "ymax": 690, "xmax": 464}}, {"tid": 1, "generated": 0, "bbox": {"xmin": 360, "ymin": 356, "ymax": 549, "xmax": 486}}], [{"tid": 0, "generated": 0, "bbox": {"xmin": 316, "ymin": 379, "ymax": 685, "xmax": 470}}, {"tid": 1, "generated": 0, "bbox": {"xmin": 360, "ymin": 357, "ymax": 550, "xmax": 475}}], [{"tid": 0, "generated": 0, "bbox": {"xmin": 329, "ymin": 375, "ymax": 681, "xmax": 476}}, {"tid": 1, "generated": 0, "bbox": {"xmin": 372, "ymin": 348, "ymax": 540, "xmax": 485}}], [{"tid": 0, "generated": 0, "bbox": {"xmin": 342, "ymin": 370, "ymax": 676, "xmax": 482}}, {"tid": 1, "generated": 0, "bbox": {"xmin": 383, "ymin": 339, "ymax": 530, "xmax": 495}}], [{"tid": 0, "generated": 0, "bbox": {"xmin": 355, "ymin": 366, "ymax": 672, "xmax": 488}}, {"tid": 1, "generated": 0, "bbox": {"xmin": 391, "ymin": 339, "ymax": 527, "xmax": 502}}], [{"tid": 0, "generated": 0, "bbox": {"xmin": 363, "ymin": 362, "ymax": 664, "xmax": 493}}, {"tid": 1, "generated": 0, "bbox": {"xmin": 399, "ymin": 339, "ymax": 524, "xmax": 509}}], [{"tid": 0, "generated": 0, "bbox": {"xmin": 371, "ymin": 358, "ymax": 656, "xmax": 498}}, {"tid": 1, "generated": 0, "bbox": {"xmin": 408, "ymin": 338, "ymax": 522, "xmax": 516}}], [{"tid": 0, "generated": 0, "bbox": {"xmin": 379, "ymin": 354, "ymax": 648, "xmax": 504}}, {"tid": 1, "generated": 0, "bbox": {"xmin": 416, "ymin": 338, "ymax": 519, "xmax": 514}}], [{"tid": 0, "generated": 0, "bbox": {"xmin": 387, "ymin": 350, "ymax": 640, "xmax": 509}}, {"tid": 1, "generated": 0, "bbox": {"xmin": 424, "ymin": 338, "ymax": 516, "xmax": 530}}], [{"tid": 0, "generated": 0, "bbox": {"xmin": 395, "ymin": 347, "ymax": 632, "xmax": 515}}, {"tid": 1, "generated": 0, "bbox": {"xmin": 428, "ymin": 337, "ymax": 510, "xmax": 541}}], [{"tid": 0, "generated": 0, "bbox": {"xmin": 403, "ymin": 343, "ymax": 624, "xmax": 520}}, {"tid": 1, "generated": 0, "bbox": {"xmin": 433, "ymin": 338, "ymax": 510, "xmax": 539}}], [{"tid": 0, "generated": 0, "bbox": {"xmin": 411, "ymin": 339, "ymax": 616, "xmax": 525}}, {"tid": 1, "generated": 0, "bbox": {"xmin": 446, "ymin": 318, "ymax": 499, "xmax": 551}}], [{"tid": 0, "generated": 0, "bbox": {"xmin": 419, "ymin": 335, "ymax": 608, "xmax": 531}}, {"tid": 1, "generated": 0, "bbox": {"xmin": 451, "ymin": 310, "ymax": 485, "xmax": 551}}], [{"tid": 0, "generated": 0, "bbox": {"xmin": 427, "ymin": 331, "ymax": 600, "xmax": 536}}, {"tid": 1, "generated": 0, "bbox": {"xmin": 448, "ymin": 314, "ymax": 488, "xmax": 552}}], [{"tid": 0, "generated": 0, "bbox": {"xmin": 435, "ymin": 328, "ymax": 593, "xmax": 542}}, {"tid": 1, "generated": 0, "bbox": {"xmin": 462, "ymin": 305, "ymax": 482, "xmax": 560}}], [{"tid": 0, "generated": 0, "bbox": {"xmin": 441, "ymin": 324, "ymax": 586, "xmax": 546}}, {"tid": 1, "generated": 0, "bbox": {"xmin": 468, "ymin": 295, "ymax": 469, "xmax": 566}}], [{"tid": 0, "generated": 0, "bbox": {"xmin": 448, "ymin": 320, "ymax": 579, "xmax": 550}}, {"tid": 1, "generated": 0, "bbox": {"xmin": 468, "ymin": 299, "ymax": 471, "xmax": 568}}], [{"tid": 0, "generated": 0, "bbox": {"xmin": 455, "ymin": 316, "ymax": 572, "xmax": 555}}, {"tid": 1, "generated": 0, "bbox": {"xmin": 476, "ymin": 296, "ymax": 468, "xmax": 573}}], [], [], [], [], [], [], [], [], [], [], [], [], [], [], [], [{"tid": 0, "generated": 0, "bbox": {"xmin": 526, "ymin": 254, "ymax": 479, "xmax": 602}}, {"tid": 1, "generated": 0, "bbox": {"xmin": 525, "ymin": 226, "ymax": 352, "xmax": 620}}], [{"tid": 0, "generated": 0, "bbox": {"xmin": 529, "ymin": 250, "ymax": 474, "xmax": 604}}, {"tid": 1, "generated": 0, "bbox": {"xmin": 531, "ymin": 222, "ymax": 339, "xmax": 617}}], [{"tid": 0, "generated": 0, "bbox": {"xmin": 530, "ymin": 250, "ymax": 466, "xmax": 605}}, {"tid": 1, "generated": 0, "bbox": {"xmin": 536, "ymin": 218, "ymax": 326, "xmax": 614}}], [{"tid": 0, "generated": 0, "bbox": {"xmin": 532, "ymin": 251, "ymax": 458, "xmax": 606}}, {"tid": 1, "generated": 0, "bbox": {"xmin": 542, "ymin": 213, "ymax": 314, "xmax": 612}}], [{"tid": 0, "generated": 0, "bbox": {"xmin": 533, "ymin": 252, "ymax": 451, "xmax": 608}}, {"tid": 1, "generated": 0, "bbox": {"xmin": 547, "ymin": 209, "ymax": 301, "xmax": 609}}], [{"tid": 0, "generated": 0, "bbox": {"xmin": 535, "ymin": 252, "ymax": 443, "xmax": 609}}, {"tid": 1, "generated": 0, "bbox": {"xmin": 553, "ymin": 205, "ymax": 288, "xmax": 606}}], [{"tid": 0, "generated": 0, "bbox": {"xmin": 537, "ymin": 253, "ymax": 436, "xmax": 611}}, {"tid": 1, "generated": 0, "bbox": {"xmin": 554, "ymin": 207, "ymax": 299, "xmax": 611}}], [{"tid": 0, "generated": 0, "bbox": {"xmin": 538, "ymin": 254, "ymax": 428, "xmax": 612}}, {"tid": 1, "generated": 0, "bbox": {"xmin": 555, "ymin": 209, "ymax": 311, "xmax": 616}}], [{"tid": 0, "generated": 0, "bbox": {"xmin": 540, "ymin": 254, "ymax": 420, "xmax": 613}}, {"tid": 1, "generated": 0, "bbox": {"xmin": 556, "ymin": 212, "ymax": 322, "xmax": 620}}], [{"tid": 0, "generated": 0, "bbox": {"xmin": 541, "ymin": 255, "ymax": 413, "xmax": 615}}, {"tid": 1, "generated": 0, "bbox": {"xmin": 557, "ymin": 214, "ymax": 334, "xmax": 625}}], [{"tid": 0, "generated": 0, "bbox": {"xmin": 543, "ymin": 256, "ymax": 405, "xmax": 616}}, {"tid": 1, "generated": 0, "bbox": {"xmin": 558, "ymin": 216, "ymax": 345, "xmax": 630}}], [{"tid": 0, "generated": 0, "bbox": {"xmin": 545, "ymin": 257, "ymax": 398, "xmax": 618}}, {"tid": 1, "generated": 0, "bbox": {"xmin": 562, "ymin": 220, "ymax": 343, "xmax": 630}}], [{"tid": 0, "generated": 0, "bbox": {"xmin": 547, "ymin": 257, "ymax": 399, "xmax": 620}}, {"tid": 1, "generated": 0, "bbox": {"xmin": 565, "ymin": 224, "ymax": 341, "xmax": 631}}], [{"tid": 0, "generated": 0, "bbox": {"xmin": 549, "ymin": 258, "ymax": 400, "xmax": 622}}, {"tid": 1, "generated": 0, "bbox": {"xmin": 569, "ymin": 229, "ymax": 339, "xmax": 631}}], [{"tid": 0, "generated": 0, "bbox": {"xmin": 551, "ymin": 259, "ymax": 401, "xmax": 624}}, {"tid": 1, "generated": 0, "bbox": {"xmin": 572, "ymin": 233, "ymax": 337, "xmax": 632}}], [{"tid": 0, "generated": 0, "bbox": {"xmin": 553, "ymin": 260, "ymax": 402, "xmax": 626}}, {"tid": 1, "generated": 0, "bbox": {"xmin": 576, "ymin": 237, "ymax": 335, "xmax": 632}}], [{"tid": 0, "generated": 0, "bbox": {"xmin": 555, "ymin": 261, "ymax": 403, "xmax": 629}}, {"tid": 1, "generated": 0, "bbox": {"xmin": 577, "ymin": 234, "ymax": 339, "xmax": 635}}], [{"tid": 0, "generated": 0, "bbox": {"xmin": 557, "ymin": 262, "ymax": 404, "xmax": 631}}, {"tid": 1, "generated": 0, "bbox": {"xmin": 578, "ymin": 230, "ymax": 342, "xmax": 638}}], [{"tid": 0, "generated": 0, "bbox": {"xmin": 559, "ymin": 263, "ymax": 405, "xmax": 633}}, {"tid": 1, "generated": 0, "bbox": {"xmin": 578, "ymin": 227, "ymax": 346, "xmax": 642}}], [{"tid": 0, "generated": 0, "bbox": {"xmin": 561, "ymin": 264, "ymax": 406, "xmax": 635}}, {"tid": 1, "generated": 0, "bbox": {"xmin": 579, "ymin": 223, "ymax": 349, "xmax": 645}}], [{"tid": 0, "generated": 0, "bbox": {"xmin": 563, "ymin": 265, "ymax": 407, "xmax": 637}}, {"tid": 1, "generated": 0, "bbox": {"xmin": 580, "ymin": 220, "ymax": 353, "xmax": 648}}], [{"tid": 0, "generated": 0, "bbox": {"xmin": 565, "ymin": 266, "ymax": 408, "xmax": 640}}, {"tid": 1, "generated": 0, "bbox": {"xmin": 581, "ymin": 218, "ymax": 348, "xmax": 650}}], [{"tid": 0, "generated": 0, "bbox": {"xmin": 566, "ymin": 263, "ymax": 405, "xmax": 641}}, {"tid": 1, "generated": 0, "bbox": {"xmin": 583, "ymin": 215, "ymax": 344, "xmax": 653}}], [{"tid": 0, "generated": 0, "bbox": {"xmin": 568, "ymin": 260, "ymax": 402, "xmax": 643}}, {"tid": 1, "generated": 0, "bbox": {"xmin": 584, "ymin": 213, "ymax": 339, "xmax": 655}}], [{"tid": 0, "generated": 0, "bbox": {"xmin": 570, "ymin": 258, "ymax": 399, "xmax": 645}}, {"tid": 1, "generated": 0, "bbox": {"xmin": 586, "ymin": 210, "ymax": 335, "xmax": 658}}], [{"tid": 0, "generated": 0, "bbox": {"xmin": 572, "ymin": 255, "ymax": 396, "xmax": 646}}, {"tid": 1, "generated": 0, "bbox": {"xmin": 587, "ymin": 208, "ymax": 330, "xmax": 660}}], [{"tid": 0, "generated": 0, "bbox": {"xmin": 574, "ymin": 253, "ymax": 394, "xmax": 648}}, {"tid": 1, "generated": 0, "bbox": {"xmin": 589, "ymin": 204, "ymax": 326, "xmax": 661}}], [{"tid": 0, "generated": 0, "bbox": {"xmin": 576, "ymin": 250, "ymax": 391, "xmax": 650}}, {"tid": 1, "generated": 0, "bbox": {"xmin": 591, "ymin": 201, "ymax": 322, "xmax": 661}}], [{"tid": 0, "generated": 0, "bbox": {"xmin": 578, "ymin": 247, "ymax": 388, "xmax": 651}}, {"tid": 1, "generated": 0, "bbox": {"xmin": 593, "ymin": 197, "ymax": 319, "xmax": 662}}], [{"tid": 0, "generated": 0, "bbox": {"xmin": 580, "ymin": 245, "ymax": 385, "xmax": 653}}, {"tid": 1, "generated": 0, "bbox": {"xmin": 595, "ymin": 194, "ymax": 315, "xmax": 662}}]], "subject/objects": [{"category": "horse", "tid": 0}, {"category": "person", "tid": 1}], "relation_instances": [{"end_fid": 45, "subject_tid": 0, "predicate": "run_beneath", "begin_fid": 15, "object_tid": 1}, {"end_fid": 45, "subject_tid": 1, "predicate": "stand_above", "begin_fid": 15, "object_tid": 0}, {"end_fid": 45, "subject_tid": 1, "predicate": "ride", "begin_fid": 15, "object_tid": 0}, {"end_fid": 90, "subject_tid": 0, "predicate": "jump_beneath", "begin_fid": 60, "object_tid": 1}, {"end_fid": 90, "subject_tid": 1, "predicate": "sit_above", "begin_fid": 60, "object_tid": 0}, {"end_fid": 90, "subject_tid": 1, "predicate": "ride", "begin_fid": 60, "object_tid": 0}], "height": 720}