{"width": 1280, "frame_count": 100, "video_id": "ILSVRC2015_train_00057001", "fps": 30, "trajectories": [[{"tid": 0, "generated": 0, "bbox": {"xmin": 117, "ymin": 263, "ymax": 597, "xmax": 688}}, {"tid": 1, "generated": 0, "bbox": {"xmin": 385, "ymin": 325, "ymax": 650, "xmax": 1132}}, {"tid": 2, "generated": 0, "bbox": {"xmin": 679, "ymin": 56, "ymax": 577, "xmax": 1178}}], [{"tid": 0, "generated": 0, "bbox": {"xmin": 117, "ymin": 262, "ymax": 593, "xmax": 687}}, {"tid": 1, "generated": 0, "bbox": {"xmin": 382, "ymin": 325, "ymax": 645, "xmax": 1131}}, {"tid": 2, "generated": 0, "bbox": {"xmin": 679, "ymin": 55, "ymax": 576, "xmax": 1176}}], [{"tid": 0, "generated": 0, "bbox": {"xmin": 117, "ymin": 261, "ymax": 589, "xmax": 687}}, {"tid": 1, "generated": 0, "bbox": {"xmin": 380, "ymin": 325, "ymax": 640, "xmax": 1130}}, {"tid": 2, "generated": 0, "bbox": {"xmin": 679, "ymin": 55, "ymax": 576, "xmax": 1175}}], [{"tid": 0, "generated": 0, "bbox": {"xmin": 117, "ymin": 260, "ymax": 585, "xmax": 686}}, {"tid": 1, "generated": 0, "bbox": {"xmin": 378, "ymin": 325, "ymax": 635, "xmax": 1129}}, {"tid": 2, "generated": 0, "bbox": {"xmin": 679, "ymin": 54, "ymax": 576, "xmax": 1173}}], [{"tid": 0, "generated": 0, "bbox": {"xmin": 117, "ymin": 260, "ymax": 581, "xmax": 686}}, {"tid": 1, "generated": 0, "bbox": {"xmin": 375, "ymin": 325, "ymax": 630, "xmax": 1128}}, {"tid": 2, "generated": 0, "bbox": {"xmin": 679, "ymin": 54, "ymax": 575, "xmax": 1172}}], [{"tid": 0, "generated": 0, "bbox": {"xmin": 117, "ymin": 259, "ymax": 577, "xmax": 686}}, {"tid": 1, "generated": 0, "bbox": {"xmin": 373, "ymin": 325, "ymax": 625, "xmax": 1127}}, {"tid": 2, "generated": 0, "bbox": {"xmin": 679, "ymin": 53, "ymax": 575, "xmax": 1171}}], [{"tid": 0, "generated": 0, "bbox": {"xmin": 117, "ymin": 258, "ymax": 573, "xmax": 685}}, {"tid": 1, "generated": 0, "bbox": {"xmin": 371, "ymin": 325, "ymax": 620, "xmax": 1126}}, {"tid": 2, "generated": 0, "bbox": {"xmin": 679, "ymin": 53, "ymax": 575, "xmax": 1169}}], [{"tid": 0, "generated": 0, "bbox": {"xmin": 117, "ymin": 258, "ymax": 569, "xmax": 685}}, {"tid": 1, "generated": 0, "bbox": {"xmin": 368, "ymin": 325, "ymax": 615, "xmax": 1125}}, {"tid": 2, "generated": 0, "bbox": {"xmin": 679, "ymin": 52, "ymax": 574, "xmax": 1168}}], [{"tid": 0, "generated": 0, "bbox": {"xmin": 117, "ymin": 257, "ymax": 565, "xmax": 684}}, {"tid": 1, "generated": 0, "bbox": {"xmin": 366, "ymin": 325, "ymax": 610, "xmax": 1124}}, {"tid": 2, "generated": 0, "bbox": {"xmin": 679, "ymin": 52, "ymax": 574, "xmax": 1166}}], [{"tid": 0, "generated": 0, "bbox": {"xmin": 117, "ymin": 256, "ymax": 561, "xmax": 684}}, {"tid": 1, "generated": 0, "bbox": {"xmin": 364, "ymin": 325, "ymax": 605, "xmax": 1123}}, {"tid": 2, "generated": 0, "bbox": {"xmin": 679, "ymin": 51, "ymax": 574, "xmax": 1165}}], [{"tid": 0, "generated": 0, "bbox": {"xmin": 117, "ymin": 256, "ymax": 558, "xmax": 684}}, {"tid": 1, "generated": 0, "bbox": {"xmin": 362, "ymin": 325, "ymax": 600, "xmax": 1123}}, {"tid": 2, "generated": 0, "bbox": {"xmin": 679, "ymin": 51, "ymax": 574, "xmax": 1164}}], [{"tid": 0, "generated": 0, "bbox": {"xmin": 117, "ymin": 255, "ymax": 557, "xmax": 687}}, {"tid": 1, "generated": 0, "bbox": {"xmin": 362, "ymin": 325, "ymax": 605, "xmax": 1122}}, {"tid": 2, "generated": 0, "bbox": {"xmin": 679, "ymin": 50, "ymax": 571, "xmax": 1163}}], [{"tid": 0, "generated": 0, "bbox": {"xmin": 117, "ymin": 254, "ymax": 557, "xmax": 690}}, {"tid": 1, "generated": 0, "bbox": {"xmin": 362, "ymin": 325, "ymax": 610, "xmax": 1121}}, {"tid": 2, "generated": 0, "bbox": {"xmin": 679, "ymin": 50, "ymax": 569, "xmax": 1163}}], [{"tid": 0, "generated": 0, "bbox": {"xmin": 117, "ymin": 253, "ymax": 557, "xmax": 693}}, {"tid": 1, "generated": 0, "bbox": {"xmin": 362, "ymin": 325, "ymax": 615, "xmax": 1120}}, {"tid": 2, "generated": 0, "bbox": {"xmin": 679, "ymin": 49, "ymax": 567, "xmax": 1163}}], [{"tid": 0, "generated": 0, "bbox": {"xmin": 117, "ymin": 252, "ymax": 557, "xmax": 696}}, {"tid": 1, "generated": 0, "bbox": {"xmin": 362, "ymin": 325, "ymax": 614, "xmax": 1118}}, {"tid": 2, "generated": 0, "bbox": {"xmin": 679, "ymin": 49, "ymax": 565, "xmax": 1163}}], [{"tid": 0, "generated": 0, "bbox": {"xmin": 117, "ymin": 251, "ymax": 557, "xmax": 700}}, {"tid": 1, "generated": 0, "bbox": {"xmin": 362, "ymin": 325, "ymax": 614, "xmax": 1117}}, {"tid": 2, "generated": 0, "bbox": {"xmin": 679, "ymin": 48, "ymax": 563, "xmax": 1163}}], [{"tid": 0, "generated": 0, "bbox": {"xmin": 117, "ymin": 250, "ymax": 556, "xmax": 703}}, {"tid": 1, "generated": 0, "bbox": {"xmin": 362, "ymin": 325, "ymax": 613, "xmax": 1116}}, {"tid": 2, "generated": 0, "bbox": {"xmin": 679, "ymin": 48, "ymax": 560, "xmax": 1162}}], [{"tid": 0, "generated": 0, "bbox": {"xmin": 117, "ymin": 249, "ymax": 556, "xmax": 706}}, {"tid": 1, "generated": 0, "bbox": {"xmin": 362, "ymin": 325, "ymax": 613, "xmax": 1115}}, {"tid": 2, "generated": 0, "bbox": {"xmin": 679, "ymin": 47, "ymax": 558, "xmax": 1162}}], [{"tid": 0, "generated": 0, "bbox": {"xmin": 117, "ymin": 248, "ymax": 556, "xmax": 709}}, {"tid": 1, "generated": 0, "bbox": {"xmin": 362, "ymin": 325, "ymax": 613, "xmax": 1114}}, {"tid": 2, "generated": 0, "bbox": {"xmin": 679, "ymin": 47, "ymax": 556, "xmax": 1162}}], [{"tid": 0, "generated": 0, "bbox": {"xmin": 117, "ymin": 247, "ymax": 556, "xmax": 712}}, {"tid": 1, "generated": 0, "bbox": {"xmin": 362, "ymin": 325, "ymax": 612, "xmax": 1113}}, {"tid": 2, "generated": 0, "bbox": {"xmin": 679, "ymin": 46, "ymax": 554, "xmax": 1162}}], [{"tid": 0, "generated": 0, "bbox": {"xmin": 117, "ymin": 247, "ymax": 556, "xmax": 716}}, {"tid": 1, "generated": 0, "bbox": {"xmin": 362, "ymin": 325, "ymax": 612, "xmax": 1112}}, {"tid": 2, "generated": 0, "bbox": {"xmin": 679, "ymin": 46, "ymax": 552, "xmax": 1162}}], [{"tid": 0, "generated": 0, "bbox": {"xmin": 117, "ymin": 247, "ymax": 555, "xmax": 713}}, {"tid": 1, "generated": 0, "bbox": {"xmin": 362, "ymin": 325, "ymax": 611, "xmax": 1111}}, {"tid": 2, "generated": 0, "bbox": {"xmin": 679, "ymin": 46, "ymax": 551, "xmax": 1160}}], [{"tid": 0, "generated": 0, "bbox": {"xmin": 117, "ymin": 247, "ymax": 555, "xmax": 711}}, {"tid": 1, "generated": 0, "bbox": {"xmin": 362, "ymin": 325, "ymax": 611, "xmax": 1110}}, {"tid": 2, "generated": 0, "bbox": {"xmin": 679, "ymin": 46, "ymax": 551, "xmax": 1159}}], [{"tid": 0, "generated": 0, "bbox": {"xmin": 117, "ymin": 247, "ymax": 555, "xmax": 709}}, {"tid": 1, "generated": 0, "bbox": {"xmin": 362, "ymin": 325, "ymax": 611, "xmax": 1109}}, {"tid": 2, "generated": 0, "bbox": {"xmin": 679, "ymin": 46, "ymax": 551, "xmax": 1157}}], [{"tid": 0, "generated": 0, "bbox": {"xmin": 117, "ymin": 247, "ymax": 555, "xmax": 707}}, {"tid": 1, "generated": 0, "bbox": {"xmin": 362, "ymin": 325, "ymax": 617, "xmax": 1107}}, {"tid": 2, "generated": 0, "bbox": {"xmin": 679, "ymin": 46, "ymax": 551, "xmax": 1156}}], [{"tid": 0, "generated": 0, "bbox": {"xmin": 117, "ymin": 247, "ymax": 555, "xmax": 705}}, {"tid": 1, "generated": 0, "bbox": {"xmin": 362, "ymin": 325, "ymax": 624, "xmax": 1106}}, {"tid": 2, "generated": 0, "bbox": {"xmin": 679, "ymin": 46, "ymax": 551, "xmax": 1155}}], [{"tid": 0, "generated": 0, "bbox": {"xmin": 117, "ymin": 247, "ymax": 554, "xmax": 703}}, {"tid": 1, "generated": 0, "bbox": {"xmin": 362, "ymin": 325, "ymax": 631, "xmax": 1105}}, {"tid": 2, "generated": 0, "bbox": {"xmin": 679, "ymin": 46, "ymax": 551, "xmax": 1153}}], [{"tid": 0, "generated": 0, "bbox": {"xmin": 117, "ymin": 247, "ymax": 554, "xmax": 701}}, {"tid": 1, "generated": 0, "bbox": {"xmin": 362, "ymin": 325, "ymax": 629, "xmax": 1105}}, {"tid": 2, "generated": 0, "bbox": {"xmin": 679, "ymin": 46, "ymax": 551, "xmax": 1152}}], [{"tid": 0, "generated": 0, "bbox": {"xmin": 117, "ymin": 247, "ymax": 554, "xmax": 699}}, {"tid": 1, "generated": 0, "bbox": {"xmin": 362, "ymin": 325, "ymax": 628, "xmax": 1105}}, {"tid": 2, "generated": 0, "bbox": {"xmin": 679, "ymin": 46, "ymax": 551, "xmax": 1150}}], [{"tid": 0, "generated": 0, "bbox": {"xmin": 117, "ymin": 247, "ymax": 554, "xmax": 697}}, {"tid": 1, "generated": 0, "bbox": {"xmin": 362, "ymin": 325, "ymax": 627, "xmax": 1105}}, {"tid": 2, "generated": 0, "bbox": {"xmin": 679, "ymin": 46, "ymax": 551, "xmax": 1149}}]], "subject/objects": [{"category": "red_panda", "tid": 0}, {"category": "red_panda", "tid": 1}, {"category": "red_panda", "tid": 2}], "relation_instances": [{"end_fid": 30, "subject_tid": 0, "predicate": "lie_next_to", "begin_fid": 0, "object_tid": 1}, {"end_fid": 30, "subject_tid": 0, "predicate": "lie_left", "begin_fid": 0, "object_tid": 1}, {"end_fid": 30, "subject_tid": 1, "predicate": "lie_right", "begin_fid": 0, "object_tid": 0}, {"end_fid": 30, "subject_tid": 1, "predicate": "lie_next_to", "begin_fid": 0, "object_tid": 0}, {"end_fid": 30, "subject_tid": 0, "predicate": "lie_next_to", "begin_fid": 0, "object_tid": 2}, {"end_fid": 30, "subject_tid": 0, "predicate": "lie_left", "begin_fid": 0, "object_tid": 2}, {"end_fid": 30, "subject_tid": 2, "predicate": "sit_right", "begin_fid": 0, "object_tid": 0}, {"end_fid": 30, "subject_tid": 2, "predicate": "sit_next_to", "begin_fid": 0, "object_tid": 0}, {"end_fid": 30, "subject_tid": 2, "predicate": "taller", "begin_fid": 0, "object_tid": 0}, {"end_fid": 30, "subject_tid": 1, "predicate": "lie_next_to", "begin_fid": 0, "object_tid": 2}, {"end_fid": 30, "subject_tid": 1, "predicate": "lie_left", "begin_fid": 0, "object_tid": 2}, {"end_fid": 30, "subject_tid": 2, "predicate": "sit_right", "begin_fid": 0, "object_tid": 1}, {"end_fid": 30, "subject_tid": 2, "predicate": "sit_next_to", "begin_fid": 0, "object_tid": 1}, {"end_fid": 30, "subject_tid": 2, "predicate": "taller", "begin_fid": 0, "object_tid": 1}], "height": 720}