{"width": 1280, "frame_count": 750, "video_id": "ILSVRC2015_train_00404005", "fps": 25, "trajectories": [[{"tid": 0, "generated": 0, "bbox": {"xmin": 405, "ymin": 304, "ymax": 455, "xmax": 711}}, {"tid": 1, "generated": 0, "bbox": {"xmin": 696, "ymin": 296, "ymax": 540, "xmax": 1029}}], [{"tid": 0, "generated": 0, "bbox": {"xmin": 404, "ymin": 306, "ymax": 455, "xmax": 711}}, {"tid": 1, "generated": 0, "bbox": {"xmin": 695, "ymin": 300, "ymax": 538, "xmax": 1024}}], [{"tid": 0, "generated": 0, "bbox": {"xmin": 403, "ymin": 309, "ymax": 455, "xmax": 711}}, {"tid": 1, "generated": 0, "bbox": {"xmin": 693, "ymin": 295, "ymax": 540, "xmax": 1018}}], [{"tid": 0, "generated": 0, "bbox": {"xmin": 401, "ymin": 312, "ymax": 453, "xmax": 709}}, {"tid": 1, "generated": 0, "bbox": {"xmin": 691, "ymin": 296, "ymax": 540, "xmax": 1015}}], [{"tid": 0, "generated": 0, "bbox": {"xmin": 400, "ymin": 312, "ymax": 456, "xmax": 707}}, {"tid": 1, "generated": 0, "bbox": {"xmin": 689, "ymin": 298, "ymax": 540, "xmax": 1015}}], [{"tid": 0, "generated": 0, "bbox": {"xmin": 398, "ymin": 318, "ymax": 456, "xmax": 705}}, {"tid": 1, "generated": 0, "bbox": {"xmin": 689, "ymin": 296, "ymax": 542, "xmax": 1018}}], [{"tid": 0, "generated": 0, "bbox": {"xmin": 403, "ymin": 316, "ymax": 453, "xmax": 709}}, {"tid": 1, "generated": 0, "bbox": {"xmin": 693, "ymin": 295, "ymax": 540, "xmax": 1018}}], [{"tid": 0, "generated": 0, "bbox": {"xmin": 401, "ymin": 318, "ymax": 453, "xmax": 711}}, {"tid": 1, "generated": 0, "bbox": {"xmin": 691, "ymin": 298, "ymax": 540, "xmax": 1015}}], [{"tid": 0, "generated": 0, "bbox": {"xmin": 399, "ymin": 318, "ymax": 454, "xmax": 711}}, {"tid": 1, "generated": 0, "bbox": {"xmin": 689, "ymin": 296, "ymax": 538, "xmax": 1018}}], [{"tid": 0, "generated": 0, "bbox": {"xmin": 398, "ymin": 318, "ymax": 455, "xmax": 712}}, {"tid": 1, "generated": 0, "bbox": {"xmin": 689, "ymin": 295, "ymax": 544, "xmax": 1016}}], [{"tid": 0, "generated": 0, "bbox": {"xmin": 398, "ymin": 316, "ymax": 453, "xmax": 712}}, {"tid": 1, "generated": 0, "bbox": {"xmin": 693, "ymin": 298, "ymax": 545, "xmax": 1024}}], [{"tid": 0, "generated": 0, "bbox": {"xmin": 396, "ymin": 316, "ymax": 453, "xmax": 709}}, {"tid": 1, "generated": 0, "bbox": {"xmin": 689, "ymin": 291, "ymax": 542, "xmax": 1018}}], [{"tid": 0, "generated": 0, "bbox": {"xmin": 396, "ymin": 312, "ymax": 451, "xmax": 707}}, {"tid": 1, "generated": 0, "bbox": {"xmin": 689, "ymin": 289, "ymax": 538, "xmax": 1024}}], [{"tid": 0, "generated": 0, "bbox": {"xmin": 396, "ymin": 309, "ymax": 451, "xmax": 704}}, {"tid": 1, "generated": 0, "bbox": {"xmin": 691, "ymin": 288, "ymax": 536, "xmax": 1022}}], [{"tid": 0, "generated": 0, "bbox": {"xmin": 396, "ymin": 305, "ymax": 448, "xmax": 705}}, {"tid": 1, "generated": 0, "bbox": {"xmin": 689, "ymin": 291, "ymax": 536, "xmax": 1016}}], [{"tid": 0, "generated": 0, "bbox": {"xmin": 396, "ymin": 302, "ymax": 446, "xmax": 707}}, {"tid": 1, "generated": 0, "bbox": {"xmin": 689, "ymin": 288, "ymax": 533, "xmax": 1013}}], [{"tid": 0, "generated": 0, "bbox": {"xmin": 396, "ymin": 300, "ymax": 446, "xmax": 705}}, {"tid": 1, "generated": 0, "bbox": {"xmin": 689, "ymin": 286, "ymax": 535, "xmax": 1015}}], [{"tid": 0, "generated": 0, "bbox": {"xmin": 396, "ymin": 295, "ymax": 446, "xmax": 704}}, {"tid": 1, "generated": 0, "bbox": {"xmin": 689, "ymin": 285, "ymax": 533, "xmax": 1015}}], [{"tid": 0, "generated": 0, "bbox": {"xmin": 398, "ymin": 292, "ymax": 446, "xmax": 704}}, {"tid": 1, "generated": 0, "bbox": {"xmin": 689, "ymin": 284, "ymax": 531, "xmax": 1015}}], [{"tid": 0, "generated": 0, "bbox": {"xmin": 400, "ymin": 289, "ymax": 446, "xmax": 705}}, {"tid": 1, "generated": 0, "bbox": {"xmin": 689, "ymin": 282, "ymax": 529, "xmax": 1011}}], [{"tid": 0, "generated": 0, "bbox": {"xmin": 396, "ymin": 288, "ymax": 446, "xmax": 705}}, {"tid": 1, "generated": 0, "bbox": {"xmin": 689, "ymin": 280, "ymax": 529, "xmax": 1011}}], [{"tid": 0, "generated": 0, "bbox": {"xmin": 394, "ymin": 288, "ymax": 444, "xmax": 728}}, {"tid": 1, "generated": 0, "bbox": {"xmin": 688, "ymin": 279, "ymax": 526, "xmax": 1015}}], [{"tid": 0, "generated": 0, "bbox": {"xmin": 392, "ymin": 288, "ymax": 440, "xmax": 727}}, {"tid": 1, "generated": 0, "bbox": {"xmin": 686, "ymin": 282, "ymax": 529, "xmax": 1009}}], [{"tid": 0, "generated": 0, "bbox": {"xmin": 394, "ymin": 289, "ymax": 442, "xmax": 721}}, {"tid": 1, "generated": 0, "bbox": {"xmin": 684, "ymin": 280, "ymax": 526, "xmax": 1011}}], [{"tid": 0, "generated": 0, "bbox": {"xmin": 391, "ymin": 291, "ymax": 440, "xmax": 723}}, {"tid": 1, "generated": 0, "bbox": {"xmin": 689, "ymin": 280, "ymax": 529, "xmax": 1013}}], [{"tid": 0, "generated": 0, "bbox": {"xmin": 389, "ymin": 293, "ymax": 439, "xmax": 727}}, {"tid": 1, "generated": 0, "bbox": {"xmin": 688, "ymin": 279, "ymax": 531, "xmax": 1013}}], [{"tid": 0, "generated": 0, "bbox": {"xmin": 392, "ymin": 295, "ymax": 446, "xmax": 720}}, {"tid": 1, "generated": 0, "bbox": {"xmin": 688, "ymin": 279, "ymax": 531, "xmax": 1013}}], [{"tid": 0, "generated": 0, "bbox": {"xmin": 389, "ymin": 296, "ymax": 444, "xmax": 718}}, {"tid": 1, "generated": 0, "bbox": {"xmin": 684, "ymin": 280, "ymax": 531, "xmax": 1006}}], [{"tid": 0, "generated": 0, "bbox": {"xmin": 384, "ymin": 298, "ymax": 442, "xmax": 711}}, {"tid": 1, "generated": 0, "bbox": {"xmin": 682, "ymin": 284, "ymax": 531, "xmax": 1002}}], [{"tid": 0, "generated": 0, "bbox": {"xmin": 382, "ymin": 300, "ymax": 440, "xmax": 712}}, {"tid": 1, "generated": 0, "bbox": {"xmin": 680, "ymin": 280, "ymax": 529, "xmax": 1006}}], [], [], [], [], [], [], [], [], [], [], [], [], [], [], [], [], [], [], [], [], [], [], [], [], [], [], [], [], [], [], [], [], [], [], [], [], [], [], [], [], [], [], [], [], [], [], [], [], [], [], [], [], [], [], [], [], [], [], [], [], [], [], [], [], [], [], [], [], [], [], [], [], [], [], [], [], [], [], [], [], [], [], [], [], [], [], [], [], [], [], [], [], [], [], [], [], [], [], [], [], [], [], [], [], [], [{"tid": 0, "generated": 0, "bbox": {"xmin": 364, "ymin": 236, "ymax": 460, "xmax": 725}}, {"tid": 1, "generated": 0, "bbox": {"xmin": 707, "ymin": 302, "ymax": 551, "xmax": 1016}}], [{"tid": 0, "generated": 0, "bbox": {"xmin": 366, "ymin": 236, "ymax": 460, "xmax": 727}}, {"tid": 1, "generated": 0, "bbox": {"xmin": 709, "ymin": 300, "ymax": 549, "xmax": 1024}}], [{"tid": 0, "generated": 0, "bbox": {"xmin": 369, "ymin": 236, "ymax": 462, "xmax": 725}}, {"tid": 1, "generated": 0, "bbox": {"xmin": 711, "ymin": 298, "ymax": 551, "xmax": 1022}}], [{"tid": 0, "generated": 0, "bbox": {"xmin": 371, "ymin": 236, "ymax": 462, "xmax": 725}}, {"tid": 1, "generated": 0, "bbox": {"xmin": 712, "ymin": 302, "ymax": 552, "xmax": 1018}}], [{"tid": 0, "generated": 0, "bbox": {"xmin": 375, "ymin": 236, "ymax": 458, "xmax": 739}}, {"tid": 1, "generated": 0, "bbox": {"xmin": 716, "ymin": 298, "ymax": 552, "xmax": 1025}}], [{"tid": 0, "generated": 0, "bbox": {"xmin": 378, "ymin": 236, "ymax": 456, "xmax": 736}}, {"tid": 1, "generated": 0, "bbox": {"xmin": 720, "ymin": 302, "ymax": 554, "xmax": 1029}}], [{"tid": 0, "generated": 0, "bbox": {"xmin": 380, "ymin": 236, "ymax": 460, "xmax": 734}}, {"tid": 1, "generated": 0, "bbox": {"xmin": 720, "ymin": 302, "ymax": 556, "xmax": 1034}}], [{"tid": 0, "generated": 0, "bbox": {"xmin": 382, "ymin": 236, "ymax": 458, "xmax": 737}}, {"tid": 1, "generated": 0, "bbox": {"xmin": 720, "ymin": 302, "ymax": 552, "xmax": 1036}}], [{"tid": 0, "generated": 0, "bbox": {"xmin": 384, "ymin": 241, "ymax": 462, "xmax": 736}}, {"tid": 1, "generated": 0, "bbox": {"xmin": 720, "ymin": 304, "ymax": 558, "xmax": 1034}}], [{"tid": 0, "generated": 0, "bbox": {"xmin": 385, "ymin": 241, "ymax": 460, "xmax": 741}}, {"tid": 1, "generated": 0, "bbox": {"xmin": 720, "ymin": 305, "ymax": 558, "xmax": 1038}}], [{"tid": 0, "generated": 0, "bbox": {"xmin": 387, "ymin": 241, "ymax": 464, "xmax": 739}}, {"tid": 1, "generated": 0, "bbox": {"xmin": 720, "ymin": 307, "ymax": 563, "xmax": 1036}}], [{"tid": 0, "generated": 0, "bbox": {"xmin": 389, "ymin": 241, "ymax": 467, "xmax": 737}}, {"tid": 1, "generated": 0, "bbox": {"xmin": 723, "ymin": 309, "ymax": 561, "xmax": 1038}}], [{"tid": 0, "generated": 0, "bbox": {"xmin": 391, "ymin": 243, "ymax": 467, "xmax": 741}}, {"tid": 1, "generated": 0, "bbox": {"xmin": 723, "ymin": 311, "ymax": 563, "xmax": 1036}}], [{"tid": 0, "generated": 0, "bbox": {"xmin": 387, "ymin": 245, "ymax": 467, "xmax": 743}}, {"tid": 1, "generated": 0, "bbox": {"xmin": 723, "ymin": 312, "ymax": 565, "xmax": 1038}}], [{"tid": 0, "generated": 0, "bbox": {"xmin": 394, "ymin": 247, "ymax": 472, "xmax": 744}}, {"tid": 1, "generated": 0, "bbox": {"xmin": 725, "ymin": 314, "ymax": 568, "xmax": 1043}}], [{"tid": 0, "generated": 0, "bbox": {"xmin": 401, "ymin": 248, "ymax": 474, "xmax": 746}}, {"tid": 1, "generated": 0, "bbox": {"xmin": 727, "ymin": 316, "ymax": 570, "xmax": 1050}}], [{"tid": 0, "generated": 0, "bbox": {"xmin": 391, "ymin": 250, "ymax": 474, "xmax": 744}}, {"tid": 1, "generated": 0, "bbox": {"xmin": 727, "ymin": 316, "ymax": 574, "xmax": 1048}}], [{"tid": 0, "generated": 0, "bbox": {"xmin": 391, "ymin": 252, "ymax": 476, "xmax": 748}}, {"tid": 1, "generated": 0, "bbox": {"xmin": 730, "ymin": 320, "ymax": 572, "xmax": 1047}}], [{"tid": 0, "generated": 0, "bbox": {"xmin": 391, "ymin": 252, "ymax": 476, "xmax": 746}}, {"tid": 1, "generated": 0, "bbox": {"xmin": 730, "ymin": 320, "ymax": 570, "xmax": 1041}}], [{"tid": 0, "generated": 0, "bbox": {"xmin": 391, "ymin": 256, "ymax": 474, "xmax": 755}}, {"tid": 1, "generated": 0, "bbox": {"xmin": 730, "ymin": 320, "ymax": 568, "xmax": 1045}}], [{"tid": 0, "generated": 0, "bbox": {"xmin": 391, "ymin": 256, "ymax": 476, "xmax": 750}}, {"tid": 1, "generated": 0, "bbox": {"xmin": 730, "ymin": 320, "ymax": 574, "xmax": 1043}}], [{"tid": 0, "generated": 0, "bbox": {"xmin": 391, "ymin": 257, "ymax": 476, "xmax": 752}}, {"tid": 1, "generated": 0, "bbox": {"xmin": 730, "ymin": 320, "ymax": 572, "xmax": 1045}}], [{"tid": 0, "generated": 0, "bbox": {"xmin": 391, "ymin": 261, "ymax": 476, "xmax": 748}}, {"tid": 1, "generated": 0, "bbox": {"xmin": 732, "ymin": 320, "ymax": 574, "xmax": 1045}}], [{"tid": 0, "generated": 0, "bbox": {"xmin": 391, "ymin": 266, "ymax": 478, "xmax": 746}}, {"tid": 1, "generated": 0, "bbox": {"xmin": 732, "ymin": 320, "ymax": 572, "xmax": 1047}}], [{"tid": 0, "generated": 0, "bbox": {"xmin": 392, "ymin": 273, "ymax": 478, "xmax": 752}}, {"tid": 1, "generated": 0, "bbox": {"xmin": 732, "ymin": 323, "ymax": 576, "xmax": 1045}}], [{"tid": 0, "generated": 0, "bbox": {"xmin": 394, "ymin": 279, "ymax": 476, "xmax": 750}}, {"tid": 1, "generated": 0, "bbox": {"xmin": 734, "ymin": 325, "ymax": 579, "xmax": 1045}}], [{"tid": 0, "generated": 0, "bbox": {"xmin": 391, "ymin": 280, "ymax": 480, "xmax": 746}}, {"tid": 1, "generated": 0, "bbox": {"xmin": 732, "ymin": 327, "ymax": 581, "xmax": 1041}}], [{"tid": 0, "generated": 0, "bbox": {"xmin": 387, "ymin": 286, "ymax": 490, "xmax": 748}}, {"tid": 1, "generated": 0, "bbox": {"xmin": 732, "ymin": 328, "ymax": 581, "xmax": 1045}}], [{"tid": 0, "generated": 0, "bbox": {"xmin": 390, "ymin": 295, "ymax": 491, "xmax": 746}}, {"tid": 1, "generated": 0, "bbox": {"xmin": 728, "ymin": 330, "ymax": 583, "xmax": 1041}}], [{"tid": 0, "generated": 0, "bbox": {"xmin": 394, "ymin": 304, "ymax": 492, "xmax": 744}}, {"tid": 1, "generated": 0, "bbox": {"xmin": 728, "ymin": 337, "ymax": 590, "xmax": 1036}}], [], [], [], [], [], [], [], [], [], [], [], [], [], [], [], [], [], [], [], [], [], [], [], [], [], [], [], [], [], [], [], [], [], [], [], [], [], [], [], [], [], [], [], [], [], [], [], [], [], [], [], [], [], [], [], [], [], [], [], [], [], [], [], [], [], [], [], [], [], [], [], [], [], [], [], [], [], [], [], [], [], [], [], [], [], [], [], [], [], [], [], [], [], [], [], [], [], [], [], [], [], [], [], [], [], [], [], [], [], [], [], [], [], [], [], [], [], [], [], [], [{"tid": 0, "generated": 0, "bbox": {"xmin": 424, "ymin": 284, "ymax": 471, "xmax": 736}}, {"tid": 1, "generated": 0, "bbox": {"xmin": 725, "ymin": 312, "ymax": 567, "xmax": 1047}}], [{"tid": 0, "generated": 0, "bbox": {"xmin": 423, "ymin": 284, "ymax": 474, "xmax": 743}}, {"tid": 1, "generated": 0, "bbox": {"xmin": 725, "ymin": 312, "ymax": 570, "xmax": 1045}}], [{"tid": 0, "generated": 0, "bbox": {"xmin": 421, "ymin": 284, "ymax": 472, "xmax": 746}}, {"tid": 1, "generated": 0, "bbox": {"xmin": 728, "ymin": 312, "ymax": 565, "xmax": 1043}}], [{"tid": 0, "generated": 0, "bbox": {"xmin": 424, "ymin": 284, "ymax": 471, "xmax": 744}}, {"tid": 1, "generated": 0, "bbox": {"xmin": 728, "ymin": 312, "ymax": 567, "xmax": 1040}}], [{"tid": 0, "generated": 0, "bbox": {"xmin": 421, "ymin": 284, "ymax": 474, "xmax": 746}}, {"tid": 1, "generated": 0, "bbox": {"xmin": 728, "ymin": 314, "ymax": 565, "xmax": 1048}}], [{"tid": 0, "generated": 0, "bbox": {"xmin": 421, "ymin": 284, "ymax": 472, "xmax": 739}}, {"tid": 1, "generated": 0, "bbox": {"xmin": 728, "ymin": 316, "ymax": 567, "xmax": 1043}}], [{"tid": 0, "generated": 0, "bbox": {"xmin": 423, "ymin": 283, "ymax": 473, "xmax": 740}}, {"tid": 1, "generated": 0, "bbox": {"xmin": 727, "ymin": 318, "ymax": 567, "xmax": 1040}}], [{"tid": 0, "generated": 0, "bbox": {"xmin": 426, "ymin": 282, "ymax": 474, "xmax": 741}}, {"tid": 1, "generated": 0, "bbox": {"xmin": 727, "ymin": 318, "ymax": 565, "xmax": 1038}}], [{"tid": 0, "generated": 0, "bbox": {"xmin": 426, "ymin": 281, "ymax": 474, "xmax": 741}}, {"tid": 1, "generated": 0, "bbox": {"xmin": 725, "ymin": 318, "ymax": 567, "xmax": 1034}}], [{"tid": 0, "generated": 0, "bbox": {"xmin": 426, "ymin": 281, "ymax": 474, "xmax": 742}}, {"tid": 1, "generated": 0, "bbox": {"xmin": 723, "ymin": 318, "ymax": 565, "xmax": 1038}}], [{"tid": 0, "generated": 0, "bbox": {"xmin": 426, "ymin": 280, "ymax": 475, "xmax": 742}}, {"tid": 1, "generated": 0, "bbox": {"xmin": 723, "ymin": 318, "ymax": 568, "xmax": 1036}}], [{"tid": 0, "generated": 0, "bbox": {"xmin": 426, "ymin": 280, "ymax": 475, "xmax": 743}}, {"tid": 1, "generated": 0, "bbox": {"xmin": 723, "ymin": 318, "ymax": 567, "xmax": 1040}}], [{"tid": 0, "generated": 0, "bbox": {"xmin": 426, "ymin": 280, "ymax": 476, "xmax": 744}}, {"tid": 1, "generated": 0, "bbox": {"xmin": 723, "ymin": 318, "ymax": 572, "xmax": 1038}}], [{"tid": 0, "generated": 0, "bbox": {"xmin": 421, "ymin": 280, "ymax": 474, "xmax": 741}}, {"tid": 1, "generated": 0, "bbox": {"xmin": 723, "ymin": 318, "ymax": 568, "xmax": 1041}}], [{"tid": 0, "generated": 0, "bbox": {"xmin": 417, "ymin": 280, "ymax": 478, "xmax": 746}}, {"tid": 1, "generated": 0, "bbox": {"xmin": 723, "ymin": 318, "ymax": 572, "xmax": 1038}}], [{"tid": 0, "generated": 0, "bbox": {"xmin": 417, "ymin": 282, "ymax": 480, "xmax": 752}}, {"tid": 1, "generated": 0, "bbox": {"xmin": 723, "ymin": 320, "ymax": 570, "xmax": 1041}}], [{"tid": 0, "generated": 0, "bbox": {"xmin": 416, "ymin": 280, "ymax": 478, "xmax": 746}}, {"tid": 1, "generated": 0, "bbox": {"xmin": 725, "ymin": 318, "ymax": 570, "xmax": 1041}}], [{"tid": 0, "generated": 0, "bbox": {"xmin": 419, "ymin": 279, "ymax": 476, "xmax": 746}}, {"tid": 1, "generated": 0, "bbox": {"xmin": 727, "ymin": 316, "ymax": 567, "xmax": 1040}}], [{"tid": 0, "generated": 0, "bbox": {"xmin": 423, "ymin": 279, "ymax": 474, "xmax": 744}}, {"tid": 1, "generated": 0, "bbox": {"xmin": 725, "ymin": 316, "ymax": 572, "xmax": 1036}}], [{"tid": 0, "generated": 0, "bbox": {"xmin": 421, "ymin": 279, "ymax": 476, "xmax": 744}}, {"tid": 1, "generated": 0, "bbox": {"xmin": 723, "ymin": 316, "ymax": 570, "xmax": 1040}}], [{"tid": 0, "generated": 0, "bbox": {"xmin": 422, "ymin": 279, "ymax": 475, "xmax": 742}}, {"tid": 1, "generated": 0, "bbox": {"xmin": 725, "ymin": 316, "ymax": 568, "xmax": 1038}}], [{"tid": 0, "generated": 0, "bbox": {"xmin": 423, "ymin": 279, "ymax": 474, "xmax": 741}}, {"tid": 1, "generated": 0, "bbox": {"xmin": 723, "ymin": 316, "ymax": 567, "xmax": 1038}}], [{"tid": 0, "generated": 0, "bbox": {"xmin": 421, "ymin": 279, "ymax": 478, "xmax": 744}}, {"tid": 1, "generated": 0, "bbox": {"xmin": 721, "ymin": 316, "ymax": 568, "xmax": 1034}}], [{"tid": 0, "generated": 0, "bbox": {"xmin": 419, "ymin": 279, "ymax": 477, "xmax": 741}}, {"tid": 1, "generated": 0, "bbox": {"xmin": 720, "ymin": 316, "ymax": 567, "xmax": 1036}}], [{"tid": 0, "generated": 0, "bbox": {"xmin": 417, "ymin": 279, "ymax": 476, "xmax": 739}}, {"tid": 1, "generated": 0, "bbox": {"xmin": 718, "ymin": 316, "ymax": 568, "xmax": 1032}}], [{"tid": 0, "generated": 0, "bbox": {"xmin": 415, "ymin": 279, "ymax": 476, "xmax": 737}}, {"tid": 1, "generated": 0, "bbox": {"xmin": 716, "ymin": 316, "ymax": 565, "xmax": 1032}}], [{"tid": 0, "generated": 0, "bbox": {"xmin": 413, "ymin": 279, "ymax": 477, "xmax": 735}}, {"tid": 1, "generated": 0, "bbox": {"xmin": 714, "ymin": 314, "ymax": 567, "xmax": 1025}}], [{"tid": 0, "generated": 0, "bbox": {"xmin": 412, "ymin": 279, "ymax": 478, "xmax": 734}}, {"tid": 1, "generated": 0, "bbox": {"xmin": 712, "ymin": 314, "ymax": 567, "xmax": 1024}}], [{"tid": 0, "generated": 0, "bbox": {"xmin": 410, "ymin": 277, "ymax": 478, "xmax": 732}}, {"tid": 1, "generated": 0, "bbox": {"xmin": 711, "ymin": 314, "ymax": 570, "xmax": 1024}}], [{"tid": 0, "generated": 0, "bbox": {"xmin": 408, "ymin": 275, "ymax": 478, "xmax": 728}}, {"tid": 1, "generated": 0, "bbox": {"xmin": 709, "ymin": 314, "ymax": 567, "xmax": 1025}}], [], [], [], [], [], [], [], [], [], [], [], [], [], [], [], [], [], [], [], [], [], [], [], [], [], [], [], [], [], [], [], [], [], [], [], [], [], [], [], [], [], [], [], [], [], [], [], [], [], [], [], [], [], [], [], [], [], [], [], [], [], [], [], [], [], [], [], [], [], [], [], [], [], [], [], [], [], [], [], [], [], [], [], [], [], [], [], [], [], [], [], [], [], [], [], [], [], [], [], [], [], [], [], [], [], [], [], [], [], [], [], [], [], [], [], [], [], [], [], [], [], [], [], [], [], [], [], [], [], [], [], [], [], [], [], [{"tid": 0, "generated": 0, "bbox": {"xmin": 380, "ymin": 291, "ymax": 448, "xmax": 568}}, {"tid": 1, "generated": 0, "bbox": {"xmin": 499, "ymin": 389, "ymax": 533, "xmax": 970}}], [{"tid": 0, "generated": 0, "bbox": {"xmin": 380, "ymin": 293, "ymax": 446, "xmax": 565}}, {"tid": 1, "generated": 0, "bbox": {"xmin": 499, "ymin": 387, "ymax": 531, "xmax": 970}}], [{"tid": 0, "generated": 0, "bbox": {"xmin": 380, "ymin": 289, "ymax": 444, "xmax": 570}}, {"tid": 1, "generated": 0, "bbox": {"xmin": 499, "ymin": 386, "ymax": 532, "xmax": 968}}], [{"tid": 0, "generated": 0, "bbox": {"xmin": 380, "ymin": 286, "ymax": 442, "xmax": 568}}, {"tid": 1, "generated": 0, "bbox": {"xmin": 499, "ymin": 385, "ymax": 533, "xmax": 967}}], [{"tid": 0, "generated": 0, "bbox": {"xmin": 380, "ymin": 282, "ymax": 440, "xmax": 570}}, {"tid": 1, "generated": 0, "bbox": {"xmin": 499, "ymin": 387, "ymax": 533, "xmax": 963}}], [{"tid": 0, "generated": 0, "bbox": {"xmin": 380, "ymin": 279, "ymax": 442, "xmax": 570}}, {"tid": 1, "generated": 0, "bbox": {"xmin": 499, "ymin": 384, "ymax": 529, "xmax": 968}}], [{"tid": 0, "generated": 0, "bbox": {"xmin": 384, "ymin": 275, "ymax": 439, "xmax": 567}}, {"tid": 1, "generated": 0, "bbox": {"xmin": 499, "ymin": 384, "ymax": 531, "xmax": 965}}], [{"tid": 0, "generated": 0, "bbox": {"xmin": 380, "ymin": 273, "ymax": 439, "xmax": 561}}, {"tid": 1, "generated": 0, "bbox": {"xmin": 501, "ymin": 384, "ymax": 531, "xmax": 968}}], [{"tid": 0, "generated": 0, "bbox": {"xmin": 380, "ymin": 272, "ymax": 439, "xmax": 565}}, {"tid": 1, "generated": 0, "bbox": {"xmin": 503, "ymin": 384, "ymax": 533, "xmax": 967}}], [{"tid": 0, "generated": 0, "bbox": {"xmin": 380, "ymin": 270, "ymax": 440, "xmax": 567}}, {"tid": 1, "generated": 0, "bbox": {"xmin": 504, "ymin": 384, "ymax": 528, "xmax": 972}}], [{"tid": 0, "generated": 0, "bbox": {"xmin": 382, "ymin": 268, "ymax": 444, "xmax": 563}}, {"tid": 1, "generated": 0, "bbox": {"xmin": 506, "ymin": 384, "ymax": 531, "xmax": 974}}], [{"tid": 0, "generated": 0, "bbox": {"xmin": 380, "ymin": 266, "ymax": 442, "xmax": 565}}, {"tid": 1, "generated": 0, "bbox": {"xmin": 503, "ymin": 384, "ymax": 529, "xmax": 972}}], [{"tid": 0, "generated": 0, "bbox": {"xmin": 378, "ymin": 268, "ymax": 437, "xmax": 568}}, {"tid": 1, "generated": 0, "bbox": {"xmin": 503, "ymin": 384, "ymax": 533, "xmax": 972}}], [{"tid": 0, "generated": 0, "bbox": {"xmin": 375, "ymin": 266, "ymax": 437, "xmax": 567}}, {"tid": 1, "generated": 0, "bbox": {"xmin": 503, "ymin": 384, "ymax": 531, "xmax": 976}}], [{"tid": 0, "generated": 0, "bbox": {"xmin": 373, "ymin": 264, "ymax": 440, "xmax": 563}}, {"tid": 1, "generated": 0, "bbox": {"xmin": 503, "ymin": 384, "ymax": 533, "xmax": 972}}], [{"tid": 0, "generated": 0, "bbox": {"xmin": 371, "ymin": 261, "ymax": 442, "xmax": 560}}, {"tid": 1, "generated": 0, "bbox": {"xmin": 503, "ymin": 384, "ymax": 533, "xmax": 974}}], [{"tid": 0, "generated": 0, "bbox": {"xmin": 362, "ymin": 259, "ymax": 440, "xmax": 558}}, {"tid": 1, "generated": 0, "bbox": {"xmin": 504, "ymin": 384, "ymax": 533, "xmax": 976}}], [{"tid": 0, "generated": 0, "bbox": {"xmin": 362, "ymin": 257, "ymax": 442, "xmax": 563}}, {"tid": 1, "generated": 0, "bbox": {"xmin": 512, "ymin": 387, "ymax": 531, "xmax": 970}}], [{"tid": 0, "generated": 0, "bbox": {"xmin": 352, "ymin": 256, "ymax": 442, "xmax": 558}}, {"tid": 1, "generated": 0, "bbox": {"xmin": 506, "ymin": 385, "ymax": 526, "xmax": 968}}], [{"tid": 0, "generated": 0, "bbox": {"xmin": 359, "ymin": 254, "ymax": 451, "xmax": 552}}, {"tid": 1, "generated": 0, "bbox": {"xmin": 512, "ymin": 385, "ymax": 528, "xmax": 967}}], [{"tid": 0, "generated": 0, "bbox": {"xmin": 350, "ymin": 256, "ymax": 449, "xmax": 547}}, {"tid": 1, "generated": 0, "bbox": {"xmin": 512, "ymin": 385, "ymax": 531, "xmax": 974}}], [{"tid": 0, "generated": 0, "bbox": {"xmin": 350, "ymin": 254, "ymax": 449, "xmax": 556}}, {"tid": 1, "generated": 0, "bbox": {"xmin": 510, "ymin": 385, "ymax": 536, "xmax": 972}}], [{"tid": 0, "generated": 0, "bbox": {"xmin": 352, "ymin": 256, "ymax": 446, "xmax": 560}}, {"tid": 1, "generated": 0, "bbox": {"xmin": 510, "ymin": 389, "ymax": 536, "xmax": 970}}], [{"tid": 0, "generated": 0, "bbox": {"xmin": 353, "ymin": 254, "ymax": 449, "xmax": 563}}, {"tid": 1, "generated": 0, "bbox": {"xmin": 510, "ymin": 389, "ymax": 535, "xmax": 977}}], [{"tid": 0, "generated": 0, "bbox": {"xmin": 355, "ymin": 252, "ymax": 446, "xmax": 556}}, {"tid": 1, "generated": 0, "bbox": {"xmin": 512, "ymin": 389, "ymax": 533, "xmax": 977}}], [{"tid": 0, "generated": 0, "bbox": {"xmin": 357, "ymin": 252, "ymax": 451, "xmax": 554}}, {"tid": 1, "generated": 0, "bbox": {"xmin": 512, "ymin": 389, "ymax": 540, "xmax": 976}}], [{"tid": 0, "generated": 0, "bbox": {"xmin": 359, "ymin": 259, "ymax": 451, "xmax": 552}}, {"tid": 1, "generated": 0, "bbox": {"xmin": 512, "ymin": 389, "ymax": 536, "xmax": 979}}], [{"tid": 0, "generated": 0, "bbox": {"xmin": 360, "ymin": 257, "ymax": 449, "xmax": 556}}, {"tid": 1, "generated": 0, "bbox": {"xmin": 512, "ymin": 391, "ymax": 536, "xmax": 977}}], [{"tid": 0, "generated": 0, "bbox": {"xmin": 362, "ymin": 256, "ymax": 453, "xmax": 552}}, {"tid": 1, "generated": 0, "bbox": {"xmin": 512, "ymin": 389, "ymax": 538, "xmax": 977}}], [{"tid": 0, "generated": 0, "bbox": {"xmin": 364, "ymin": 254, "ymax": 455, "xmax": 554}}, {"tid": 1, "generated": 0, "bbox": {"xmin": 512, "ymin": 389, "ymax": 540, "xmax": 974}}], [], [], [], [], [], [], [], [], [], [], [], [], [], [], [], [], [], [], [], [], [], [], [], [], [], [], [], [], [], [], [], [], [], [], [], [], [], [], [], [], [], [], [], [], [], [], [], [], [], [], [], [], [], [], [], [], [], [], [], [], [], [], [], [], [], [], [], [], [], [], [], [], [], [], [], [], [], [], [], [], [], [], [], [], [], [], [], [], [], [], [{"tid": 0, "generated": 0, "bbox": {"xmin": 403, "ymin": 302, "ymax": 455, "xmax": 567}}, {"tid": 1, "generated": 0, "bbox": {"xmin": 533, "ymin": 389, "ymax": 542, "xmax": 986}}], [{"tid": 0, "generated": 0, "bbox": {"xmin": 401, "ymin": 300, "ymax": 451, "xmax": 570}}, {"tid": 1, "generated": 0, "bbox": {"xmin": 535, "ymin": 375, "ymax": 540, "xmax": 983}}], [{"tid": 0, "generated": 0, "bbox": {"xmin": 400, "ymin": 298, "ymax": 448, "xmax": 576}}, {"tid": 1, "generated": 0, "bbox": {"xmin": 536, "ymin": 366, "ymax": 536, "xmax": 979}}], [{"tid": 0, "generated": 0, "bbox": {"xmin": 398, "ymin": 298, "ymax": 451, "xmax": 572}}, {"tid": 1, "generated": 0, "bbox": {"xmin": 552, "ymin": 359, "ymax": 536, "xmax": 981}}], [{"tid": 0, "generated": 0, "bbox": {"xmin": 396, "ymin": 298, "ymax": 449, "xmax": 574}}, {"tid": 1, "generated": 0, "bbox": {"xmin": 560, "ymin": 350, "ymax": 535, "xmax": 981}}], [{"tid": 0, "generated": 0, "bbox": {"xmin": 394, "ymin": 298, "ymax": 448, "xmax": 593}}, {"tid": 1, "generated": 0, "bbox": {"xmin": 560, "ymin": 341, "ymax": 533, "xmax": 979}}], [{"tid": 0, "generated": 0, "bbox": {"xmin": 392, "ymin": 298, "ymax": 446, "xmax": 602}}, {"tid": 1, "generated": 0, "bbox": {"xmin": 563, "ymin": 336, "ymax": 533, "xmax": 977}}], [{"tid": 0, "generated": 0, "bbox": {"xmin": 391, "ymin": 298, "ymax": 446, "xmax": 608}}, {"tid": 1, "generated": 0, "bbox": {"xmin": 561, "ymin": 332, "ymax": 535, "xmax": 977}}], [{"tid": 0, "generated": 0, "bbox": {"xmin": 389, "ymin": 298, "ymax": 446, "xmax": 600}}, {"tid": 1, "generated": 0, "bbox": {"xmin": 560, "ymin": 328, "ymax": 535, "xmax": 981}}], [{"tid": 0, "generated": 0, "bbox": {"xmin": 387, "ymin": 298, "ymax": 446, "xmax": 613}}, {"tid": 1, "generated": 0, "bbox": {"xmin": 560, "ymin": 325, "ymax": 531, "xmax": 981}}], [{"tid": 0, "generated": 0, "bbox": {"xmin": 385, "ymin": 298, "ymax": 448, "xmax": 608}}, {"tid": 1, "generated": 0, "bbox": {"xmin": 560, "ymin": 321, "ymax": 533, "xmax": 979}}], [{"tid": 0, "generated": 0, "bbox": {"xmin": 385, "ymin": 296, "ymax": 446, "xmax": 606}}, {"tid": 1, "generated": 0, "bbox": {"xmin": 558, "ymin": 320, "ymax": 533, "xmax": 979}}], [{"tid": 0, "generated": 0, "bbox": {"xmin": 385, "ymin": 294, "ymax": 446, "xmax": 605}}, {"tid": 1, "generated": 0, "bbox": {"xmin": 556, "ymin": 318, "ymax": 529, "xmax": 981}}], [{"tid": 0, "generated": 0, "bbox": {"xmin": 385, "ymin": 293, "ymax": 446, "xmax": 605}}, {"tid": 1, "generated": 0, "bbox": {"xmin": 556, "ymin": 318, "ymax": 533, "xmax": 979}}], [{"tid": 0, "generated": 0, "bbox": {"xmin": 386, "ymin": 291, "ymax": 446, "xmax": 604}}, {"tid": 1, "generated": 0, "bbox": {"xmin": 556, "ymin": 318, "ymax": 531, "xmax": 984}}], [{"tid": 0, "generated": 0, "bbox": {"xmin": 386, "ymin": 290, "ymax": 446, "xmax": 604}}, {"tid": 1, "generated": 0, "bbox": {"xmin": 556, "ymin": 318, "ymax": 533, "xmax": 981}}], [{"tid": 0, "generated": 0, "bbox": {"xmin": 387, "ymin": 289, "ymax": 446, "xmax": 604}}, {"tid": 1, "generated": 0, "bbox": {"xmin": 556, "ymin": 318, "ymax": 533, "xmax": 977}}], [{"tid": 0, "generated": 0, "bbox": {"xmin": 387, "ymin": 286, "ymax": 448, "xmax": 602}}, {"tid": 1, "generated": 0, "bbox": {"xmin": 556, "ymin": 318, "ymax": 531, "xmax": 981}}], [{"tid": 0, "generated": 0, "bbox": {"xmin": 387, "ymin": 282, "ymax": 446, "xmax": 602}}, {"tid": 1, "generated": 0, "bbox": {"xmin": 556, "ymin": 318, "ymax": 531, "xmax": 977}}], [{"tid": 0, "generated": 0, "bbox": {"xmin": 388, "ymin": 283, "ymax": 447, "xmax": 603}}, {"tid": 1, "generated": 0, "bbox": {"xmin": 556, "ymin": 318, "ymax": 529, "xmax": 979}}], [{"tid": 0, "generated": 0, "bbox": {"xmin": 389, "ymin": 284, "ymax": 449, "xmax": 604}}, {"tid": 1, "generated": 0, "bbox": {"xmin": 556, "ymin": 318, "ymax": 531, "xmax": 976}}], [{"tid": 0, "generated": 0, "bbox": {"xmin": 389, "ymin": 279, "ymax": 448, "xmax": 600}}, {"tid": 1, "generated": 0, "bbox": {"xmin": 554, "ymin": 318, "ymax": 535, "xmax": 972}}], [{"tid": 0, "generated": 0, "bbox": {"xmin": 389, "ymin": 273, "ymax": 449, "xmax": 597}}, {"tid": 1, "generated": 0, "bbox": {"xmin": 552, "ymin": 320, "ymax": 535, "xmax": 968}}], [{"tid": 0, "generated": 0, "bbox": {"xmin": 389, "ymin": 268, "ymax": 448, "xmax": 593}}, {"tid": 1, "generated": 0, "bbox": {"xmin": 551, "ymin": 320, "ymax": 533, "xmax": 972}}], [{"tid": 0, "generated": 0, "bbox": {"xmin": 391, "ymin": 264, "ymax": 446, "xmax": 597}}, {"tid": 1, "generated": 0, "bbox": {"xmin": 551, "ymin": 320, "ymax": 531, "xmax": 981}}], [{"tid": 0, "generated": 0, "bbox": {"xmin": 400, "ymin": 261, "ymax": 444, "xmax": 597}}, {"tid": 1, "generated": 0, "bbox": {"xmin": 556, "ymin": 320, "ymax": 529, "xmax": 981}}], [{"tid": 0, "generated": 0, "bbox": {"xmin": 400, "ymin": 257, "ymax": 442, "xmax": 602}}, {"tid": 1, "generated": 0, "bbox": {"xmin": 554, "ymin": 320, "ymax": 533, "xmax": 977}}], [{"tid": 0, "generated": 0, "bbox": {"xmin": 400, "ymin": 254, "ymax": 449, "xmax": 600}}, {"tid": 1, "generated": 0, "bbox": {"xmin": 552, "ymin": 321, "ymax": 533, "xmax": 972}}], [{"tid": 0, "generated": 0, "bbox": {"xmin": 397, "ymin": 250, "ymax": 447, "xmax": 599}}, {"tid": 1, "generated": 0, "bbox": {"xmin": 554, "ymin": 320, "ymax": 531, "xmax": 976}}], [{"tid": 0, "generated": 0, "bbox": {"xmin": 394, "ymin": 247, "ymax": 446, "xmax": 599}}, {"tid": 1, "generated": 0, "bbox": {"xmin": 552, "ymin": 320, "ymax": 535, "xmax": 974}}], [], [], [], [], [], [], [], [], [], [], [], [], [], [], [], [], [], [], [], [], [], [], [], [], [], [], [], [], [], [], [{"tid": 0, "generated": 0, "bbox": {"xmin": 407, "ymin": 227, "ymax": 455, "xmax": 597}}, {"tid": 1, "generated": 0, "bbox": {"xmin": 526, "ymin": 382, "ymax": 540, "xmax": 974}}], [{"tid": 0, "generated": 0, "bbox": {"xmin": 405, "ymin": 227, "ymax": 453, "xmax": 600}}, {"tid": 1, "generated": 0, "bbox": {"xmin": 526, "ymin": 389, "ymax": 542, "xmax": 970}}], [{"tid": 0, "generated": 0, "bbox": {"xmin": 403, "ymin": 224, "ymax": 453, "xmax": 599}}, {"tid": 1, "generated": 0, "bbox": {"xmin": 528, "ymin": 391, "ymax": 544, "xmax": 972}}], [{"tid": 0, "generated": 0, "bbox": {"xmin": 401, "ymin": 224, "ymax": 455, "xmax": 597}}, {"tid": 1, "generated": 0, "bbox": {"xmin": 528, "ymin": 391, "ymax": 543, "xmax": 973}}], [{"tid": 0, "generated": 0, "bbox": {"xmin": 400, "ymin": 224, "ymax": 451, "xmax": 599}}, {"tid": 1, "generated": 0, "bbox": {"xmin": 529, "ymin": 391, "ymax": 542, "xmax": 974}}], [{"tid": 0, "generated": 0, "bbox": {"xmin": 398, "ymin": 227, "ymax": 451, "xmax": 600}}, {"tid": 1, "generated": 0, "bbox": {"xmin": 527, "ymin": 391, "ymax": 541, "xmax": 972}}], [{"tid": 0, "generated": 0, "bbox": {"xmin": 396, "ymin": 227, "ymax": 449, "xmax": 599}}, {"tid": 1, "generated": 0, "bbox": {"xmin": 526, "ymin": 391, "ymax": 540, "xmax": 970}}], [{"tid": 0, "generated": 0, "bbox": {"xmin": 394, "ymin": 227, "ymax": 448, "xmax": 600}}, {"tid": 1, "generated": 0, "bbox": {"xmin": 526, "ymin": 391, "ymax": 542, "xmax": 967}}], [{"tid": 0, "generated": 0, "bbox": {"xmin": 394, "ymin": 227, "ymax": 455, "xmax": 600}}, {"tid": 1, "generated": 0, "bbox": {"xmin": 524, "ymin": 391, "ymax": 540, "xmax": 964}}], [{"tid": 0, "generated": 0, "bbox": {"xmin": 394, "ymin": 229, "ymax": 456, "xmax": 600}}, {"tid": 1, "generated": 0, "bbox": {"xmin": 522, "ymin": 392, "ymax": 538, "xmax": 961}}], [{"tid": 0, "generated": 0, "bbox": {"xmin": 394, "ymin": 231, "ymax": 456, "xmax": 599}}, {"tid": 1, "generated": 0, "bbox": {"xmin": 522, "ymin": 389, "ymax": 540, "xmax": 963}}], [{"tid": 0, "generated": 0, "bbox": {"xmin": 393, "ymin": 231, "ymax": 455, "xmax": 599}}, {"tid": 1, "generated": 0, "bbox": {"xmin": 519, "ymin": 389, "ymax": 538, "xmax": 961}}], [{"tid": 0, "generated": 0, "bbox": {"xmin": 392, "ymin": 232, "ymax": 455, "xmax": 599}}, {"tid": 1, "generated": 0, "bbox": {"xmin": 517, "ymin": 392, "ymax": 542, "xmax": 956}}], [{"tid": 0, "generated": 0, "bbox": {"xmin": 391, "ymin": 232, "ymax": 456, "xmax": 595}}, {"tid": 1, "generated": 0, "bbox": {"xmin": 515, "ymin": 392, "ymax": 541, "xmax": 953}}], [{"tid": 0, "generated": 0, "bbox": {"xmin": 389, "ymin": 232, "ymax": 453, "xmax": 595}}, {"tid": 1, "generated": 0, "bbox": {"xmin": 513, "ymin": 392, "ymax": 540, "xmax": 951}}], [{"tid": 0, "generated": 0, "bbox": {"xmin": 387, "ymin": 232, "ymax": 455, "xmax": 592}}, {"tid": 1, "generated": 0, "bbox": {"xmin": 512, "ymin": 391, "ymax": 542, "xmax": 956}}], [{"tid": 0, "generated": 0, "bbox": {"xmin": 385, "ymin": 232, "ymax": 456, "xmax": 592}}, {"tid": 1, "generated": 0, "bbox": {"xmin": 510, "ymin": 394, "ymax": 542, "xmax": 952}}], [{"tid": 0, "generated": 0, "bbox": {"xmin": 385, "ymin": 234, "ymax": 455, "xmax": 595}}, {"tid": 1, "generated": 0, "bbox": {"xmin": 508, "ymin": 392, "ymax": 538, "xmax": 954}}], [{"tid": 0, "generated": 0, "bbox": {"xmin": 385, "ymin": 238, "ymax": 455, "xmax": 592}}, {"tid": 1, "generated": 0, "bbox": {"xmin": 506, "ymin": 394, "ymax": 536, "xmax": 949}}], [{"tid": 0, "generated": 0, "bbox": {"xmin": 385, "ymin": 238, "ymax": 456, "xmax": 595}}, {"tid": 1, "generated": 0, "bbox": {"xmin": 506, "ymin": 392, "ymax": 544, "xmax": 947}}], [{"tid": 0, "generated": 0, "bbox": {"xmin": 385, "ymin": 240, "ymax": 456, "xmax": 595}}, {"tid": 1, "generated": 0, "bbox": {"xmin": 506, "ymin": 391, "ymax": 542, "xmax": 949}}], [{"tid": 0, "generated": 0, "bbox": {"xmin": 384, "ymin": 240, "ymax": 455, "xmax": 599}}, {"tid": 1, "generated": 0, "bbox": {"xmin": 504, "ymin": 394, "ymax": 542, "xmax": 945}}], [{"tid": 0, "generated": 0, "bbox": {"xmin": 382, "ymin": 238, "ymax": 460, "xmax": 590}}, {"tid": 1, "generated": 0, "bbox": {"xmin": 503, "ymin": 393, "ymax": 539, "xmax": 948}}], [{"tid": 0, "generated": 0, "bbox": {"xmin": 380, "ymin": 238, "ymax": 456, "xmax": 590}}, {"tid": 1, "generated": 0, "bbox": {"xmin": 503, "ymin": 392, "ymax": 536, "xmax": 951}}], [{"tid": 0, "generated": 0, "bbox": {"xmin": 378, "ymin": 238, "ymax": 455, "xmax": 590}}, {"tid": 1, "generated": 0, "bbox": {"xmin": 501, "ymin": 391, "ymax": 536, "xmax": 952}}], [{"tid": 0, "generated": 0, "bbox": {"xmin": 376, "ymin": 238, "ymax": 449, "xmax": 593}}, {"tid": 1, "generated": 0, "bbox": {"xmin": 499, "ymin": 394, "ymax": 536, "xmax": 945}}], [{"tid": 0, "generated": 0, "bbox": {"xmin": 376, "ymin": 238, "ymax": 453, "xmax": 588}}, {"tid": 1, "generated": 0, "bbox": {"xmin": 499, "ymin": 392, "ymax": 540, "xmax": 944}}], [{"tid": 0, "generated": 0, "bbox": {"xmin": 376, "ymin": 238, "ymax": 449, "xmax": 588}}, {"tid": 1, "generated": 0, "bbox": {"xmin": 499, "ymin": 391, "ymax": 535, "xmax": 951}}], [{"tid": 0, "generated": 0, "bbox": {"xmin": 376, "ymin": 238, "ymax": 455, "xmax": 583}}, {"tid": 1, "generated": 0, "bbox": {"xmin": 499, "ymin": 391, "ymax": 538, "xmax": 947}}], [{"tid": 0, "generated": 0, "bbox": {"xmin": 376, "ymin": 238, "ymax": 448, "xmax": 583}}, {"tid": 1, "generated": 0, "bbox": {"xmin": 497, "ymin": 391, "ymax": 535, "xmax": 945}}], [], [], [], [], [], [], [], [], [], [], [], [], [], [], [], [], [], [], [], [], [], [], [], [], [], [], [], [], [], [], [], [], [], [], [], [], [], [], [], [], [], [], [], [], [], [], [], [], [], [], [], [], [], [], [], [], [], [], [], [], [{"tid": 0, "generated": 0, "bbox": {"xmin": 368, "ymin": 316, "ymax": 501, "xmax": 586}}, {"tid": 1, "generated": 0, "bbox": {"xmin": 485, "ymin": 385, "ymax": 588, "xmax": 910}}], [{"tid": 0, "generated": 0, "bbox": {"xmin": 366, "ymin": 320, "ymax": 501, "xmax": 588}}, {"tid": 1, "generated": 0, "bbox": {"xmin": 483, "ymin": 385, "ymax": 590, "xmax": 906}}], [{"tid": 0, "generated": 0, "bbox": {"xmin": 368, "ymin": 330, "ymax": 499, "xmax": 586}}, {"tid": 1, "generated": 0, "bbox": {"xmin": 483, "ymin": 385, "ymax": 586, "xmax": 912}}], [{"tid": 0, "generated": 0, "bbox": {"xmin": 366, "ymin": 341, "ymax": 499, "xmax": 586}}, {"tid": 1, "generated": 0, "bbox": {"xmin": 492, "ymin": 392, "ymax": 584, "xmax": 910}}], [{"tid": 0, "generated": 0, "bbox": {"xmin": 364, "ymin": 341, "ymax": 499, "xmax": 590}}, {"tid": 1, "generated": 0, "bbox": {"xmin": 490, "ymin": 392, "ymax": 592, "xmax": 908}}], [{"tid": 0, "generated": 0, "bbox": {"xmin": 362, "ymin": 339, "ymax": 499, "xmax": 584}}, {"tid": 1, "generated": 0, "bbox": {"xmin": 488, "ymin": 392, "ymax": 583, "xmax": 906}}], [{"tid": 0, "generated": 0, "bbox": {"xmin": 366, "ymin": 343, "ymax": 501, "xmax": 583}}, {"tid": 1, "generated": 0, "bbox": {"xmin": 487, "ymin": 380, "ymax": 583, "xmax": 904}}], [{"tid": 0, "generated": 0, "bbox": {"xmin": 364, "ymin": 344, "ymax": 503, "xmax": 581}}, {"tid": 1, "generated": 0, "bbox": {"xmin": 485, "ymin": 380, "ymax": 590, "xmax": 899}}], [{"tid": 0, "generated": 0, "bbox": {"xmin": 362, "ymin": 344, "ymax": 504, "xmax": 576}}, {"tid": 1, "generated": 0, "bbox": {"xmin": 483, "ymin": 385, "ymax": 590, "xmax": 904}}], [{"tid": 0, "generated": 0, "bbox": {"xmin": 362, "ymin": 353, "ymax": 508, "xmax": 576}}, {"tid": 1, "generated": 0, "bbox": {"xmin": 483, "ymin": 389, "ymax": 597, "xmax": 903}}], [{"tid": 0, "generated": 0, "bbox": {"xmin": 362, "ymin": 359, "ymax": 513, "xmax": 576}}, {"tid": 1, "generated": 0, "bbox": {"xmin": 483, "ymin": 398, "ymax": 593, "xmax": 906}}], [{"tid": 0, "generated": 0, "bbox": {"xmin": 362, "ymin": 357, "ymax": 510, "xmax": 576}}, {"tid": 1, "generated": 0, "bbox": {"xmin": 481, "ymin": 384, "ymax": 592, "xmax": 903}}], [{"tid": 0, "generated": 0, "bbox": {"xmin": 360, "ymin": 355, "ymax": 504, "xmax": 570}}, {"tid": 1, "generated": 0, "bbox": {"xmin": 481, "ymin": 380, "ymax": 590, "xmax": 901}}], [{"tid": 0, "generated": 0, "bbox": {"xmin": 359, "ymin": 353, "ymax": 499, "xmax": 565}}, {"tid": 1, "generated": 0, "bbox": {"xmin": 481, "ymin": 378, "ymax": 585, "xmax": 900}}], [{"tid": 0, "generated": 0, "bbox": {"xmin": 359, "ymin": 350, "ymax": 496, "xmax": 558}}, {"tid": 1, "generated": 0, "bbox": {"xmin": 481, "ymin": 376, "ymax": 581, "xmax": 899}}], [{"tid": 0, "generated": 0, "bbox": {"xmin": 360, "ymin": 346, "ymax": 488, "xmax": 551}}, {"tid": 1, "generated": 0, "bbox": {"xmin": 481, "ymin": 374, "ymax": 582, "xmax": 899}}], [{"tid": 0, "generated": 0, "bbox": {"xmin": 362, "ymin": 348, "ymax": 488, "xmax": 547}}, {"tid": 1, "generated": 0, "bbox": {"xmin": 481, "ymin": 373, "ymax": 584, "xmax": 899}}], [{"tid": 0, "generated": 0, "bbox": {"xmin": 364, "ymin": 350, "ymax": 488, "xmax": 544}}, {"tid": 1, "generated": 0, "bbox": {"xmin": 481, "ymin": 371, "ymax": 588, "xmax": 899}}], [{"tid": 0, "generated": 0, "bbox": {"xmin": 366, "ymin": 352, "ymax": 488, "xmax": 542}}, {"tid": 1, "generated": 0, "bbox": {"xmin": 481, "ymin": 369, "ymax": 592, "xmax": 899}}], [{"tid": 0, "generated": 0, "bbox": {"xmin": 364, "ymin": 353, "ymax": 487, "xmax": 538}}, {"tid": 1, "generated": 0, "bbox": {"xmin": 481, "ymin": 375, "ymax": 586, "xmax": 899}}], [{"tid": 0, "generated": 0, "bbox": {"xmin": 369, "ymin": 348, "ymax": 488, "xmax": 538}}, {"tid": 1, "generated": 0, "bbox": {"xmin": 481, "ymin": 369, "ymax": 581, "xmax": 901}}], [{"tid": 0, "generated": 0, "bbox": {"xmin": 373, "ymin": 344, "ymax": 488, "xmax": 544}}, {"tid": 1, "generated": 0, "bbox": {"xmin": 485, "ymin": 369, "ymax": 579, "xmax": 899}}], [{"tid": 0, "generated": 0, "bbox": {"xmin": 376, "ymin": 344, "ymax": 488, "xmax": 549}}, {"tid": 1, "generated": 0, "bbox": {"xmin": 485, "ymin": 373, "ymax": 581, "xmax": 896}}], [{"tid": 0, "generated": 0, "bbox": {"xmin": 380, "ymin": 346, "ymax": 488, "xmax": 554}}, {"tid": 1, "generated": 0, "bbox": {"xmin": 485, "ymin": 373, "ymax": 584, "xmax": 899}}], [{"tid": 0, "generated": 0, "bbox": {"xmin": 389, "ymin": 346, "ymax": 487, "xmax": 561}}, {"tid": 1, "generated": 0, "bbox": {"xmin": 496, "ymin": 375, "ymax": 584, "xmax": 896}}], [{"tid": 0, "generated": 0, "bbox": {"xmin": 391, "ymin": 346, "ymax": 490, "xmax": 565}}, {"tid": 1, "generated": 0, "bbox": {"xmin": 494, "ymin": 380, "ymax": 586, "xmax": 892}}], [{"tid": 0, "generated": 0, "bbox": {"xmin": 395, "ymin": 346, "ymax": 490, "xmax": 572}}, {"tid": 1, "generated": 0, "bbox": {"xmin": 492, "ymin": 380, "ymax": 588, "xmax": 888}}], [{"tid": 0, "generated": 0, "bbox": {"xmin": 400, "ymin": 346, "ymax": 490, "xmax": 579}}, {"tid": 1, "generated": 0, "bbox": {"xmin": 492, "ymin": 380, "ymax": 588, "xmax": 888}}], [{"tid": 0, "generated": 0, "bbox": {"xmin": 401, "ymin": 346, "ymax": 487, "xmax": 586}}, {"tid": 1, "generated": 0, "bbox": {"xmin": 492, "ymin": 382, "ymax": 588, "xmax": 897}}], [{"tid": 0, "generated": 0, "bbox": {"xmin": 405, "ymin": 346, "ymax": 494, "xmax": 592}}, {"tid": 1, "generated": 0, "bbox": {"xmin": 499, "ymin": 385, "ymax": 590, "xmax": 897}}]], "subject/objects": [{"category": "monkey", "tid": 0}, {"category": "monkey", "tid": 1}], "relation_instances": [{"end_fid": 30, "subject_tid": 0, "predicate": "sit_behind", "begin_fid": 0, "object_tid": 1}, {"end_fid": 30, "subject_tid": 0, "predicate": "sit_left", "begin_fid": 0, "object_tid": 1}, {"end_fid": 30, "subject_tid": 1, "predicate": "sit_front", "begin_fid": 0, "object_tid": 0}, {"end_fid": 30, "subject_tid": 1, "predicate": "sit_right", "begin_fid": 0, "object_tid": 0}, {"end_fid": 165, "subject_tid": 0, "predicate": "sit_behind", "begin_fid": 135, "object_tid": 1}, {"end_fid": 165, "subject_tid": 0, "predicate": "sit_left", "begin_fid": 135, "object_tid": 1}, {"end_fid": 165, "subject_tid": 1, "predicate": "sit_front", "begin_fid": 135, "object_tid": 0}, {"end_fid": 165, "subject_tid": 1, "predicate": "sit_right", "begin_fid": 135, "object_tid": 0}, {"end_fid": 165, "subject_tid": 1, "predicate": "watch", "begin_fid": 135, "object_tid": 0}, {"end_fid": 315, "subject_tid": 0, "predicate": "sit_behind", "begin_fid": 285, "object_tid": 1}, {"end_fid": 315, "subject_tid": 0, "predicate": "sit_left", "begin_fid": 285, "object_tid": 1}, {"end_fid": 315, "subject_tid": 1, "predicate": "sit_front", "begin_fid": 285, "object_tid": 0}, {"end_fid": 315, "subject_tid": 1, "predicate": "sit_right", "begin_fid": 285, "object_tid": 0}, {"end_fid": 480, "subject_tid": 0, "predicate": "sit_behind", "begin_fid": 450, "object_tid": 1}, {"end_fid": 480, "subject_tid": 0, "predicate": "sit_left", "begin_fid": 450, "object_tid": 1}, {"end_fid": 480, "subject_tid": 1, "predicate": "lie_front", "begin_fid": 450, "object_tid": 0}, {"end_fid": 480, "subject_tid": 1, "predicate": "lie_right", "begin_fid": 450, "object_tid": 0}, {"end_fid": 600, "subject_tid": 0, "predicate": "sit_behind", "begin_fid": 570, "object_tid": 1}, {"end_fid": 600, "subject_tid": 0, "predicate": "sit_left", "begin_fid": 570, "object_tid": 1}, {"end_fid": 600, "subject_tid": 1, "predicate": "sit_front", "begin_fid": 570, "object_tid": 0}, {"end_fid": 600, "subject_tid": 1, "predicate": "sit_right", "begin_fid": 570, "object_tid": 0}, {"end_fid": 660, "subject_tid": 0, "predicate": "stand_behind", "begin_fid": 630, "object_tid": 1}, {"end_fid": 660, "subject_tid": 0, "predicate": "stand_left", "begin_fid": 630, "object_tid": 1}, {"end_fid": 660, "subject_tid": 1, "predicate": "lie_front", "begin_fid": 630, "object_tid": 0}, {"end_fid": 660, "subject_tid": 1, "predicate": "lie_right", "begin_fid": 630, "object_tid": 0}, {"end_fid": 750, "subject_tid": 0, "predicate": "sit_behind", "begin_fid": 720, "object_tid": 1}, {"end_fid": 750, "subject_tid": 0, "predicate": "sit_left", "begin_fid": 720, "object_tid": 1}, {"end_fid": 750, "subject_tid": 1, "predicate": "sit_front", "begin_fid": 720, "object_tid": 0}, {"end_fid": 750, "subject_tid": 1, "predicate": "sit_right", "begin_fid": 720, "object_tid": 0}, {"end_fid": 750, "subject_tid": 1, "predicate": "watch", "begin_fid": 720, "object_tid": 0}], "height": 720}