{"width": 1280, "frame_count": 306, "video_id": "ILSVRC2015_train_00255000", "fps": 29, "trajectories": [[{"tid": 0, "generated": 0, "bbox": {"xmin": 448, "ymin": 0, "ymax": 718, "xmax": 1002}}, {"tid": 1, "generated": 0, "bbox": {"xmin": 348, "ymin": 355, "ymax": 584, "xmax": 579}}], [{"tid": 0, "generated": 0, "bbox": {"xmin": 446, "ymin": 0, "ymax": 718, "xmax": 1000}}, {"tid": 1, "generated": 0, "bbox": {"xmin": 344, "ymin": 357, "ymax": 583, "xmax": 578}}], [{"tid": 0, "generated": 0, "bbox": {"xmin": 444, "ymin": 0, "ymax": 718, "xmax": 999}}, {"tid": 1, "generated": 0, "bbox": {"xmin": 341, "ymin": 359, "ymax": 583, "xmax": 577}}], [{"tid": 0, "generated": 0, "bbox": {"xmin": 442, "ymin": 0, "ymax": 718, "xmax": 997}}, {"tid": 1, "generated": 0, "bbox": {"xmin": 339, "ymin": 360, "ymax": 587, "xmax": 576}}], [{"tid": 0, "generated": 0, "bbox": {"xmin": 440, "ymin": 0, "ymax": 718, "xmax": 995}}, {"tid": 1, "generated": 0, "bbox": {"xmin": 338, "ymin": 362, "ymax": 592, "xmax": 576}}], [{"tid": 0, "generated": 0, "bbox": {"xmin": 439, "ymin": 0, "ymax": 718, "xmax": 994}}, {"tid": 1, "generated": 0, "bbox": {"xmin": 337, "ymin": 364, "ymax": 597, "xmax": 576}}], [{"tid": 0, "generated": 0, "bbox": {"xmin": 439, "ymin": 1, "ymax": 718, "xmax": 993}}, {"tid": 1, "generated": 0, "bbox": {"xmin": 336, "ymin": 366, "ymax": 599, "xmax": 575}}], [{"tid": 0, "generated": 0, "bbox": {"xmin": 437, "ymin": 1, "ymax": 718, "xmax": 992}}, {"tid": 1, "generated": 0, "bbox": {"xmin": 336, "ymin": 368, "ymax": 602, "xmax": 574}}], [{"tid": 0, "generated": 0, "bbox": {"xmin": 435, "ymin": 3, "ymax": 716, "xmax": 995}}, {"tid": 1, "generated": 0, "bbox": {"xmin": 334, "ymin": 369, "ymax": 602, "xmax": 577}}], [{"tid": 0, "generated": 0, "bbox": {"xmin": 435, "ymin": 5, "ymax": 718, "xmax": 995}}, {"tid": 1, "generated": 0, "bbox": {"xmin": 334, "ymin": 371, "ymax": 597, "xmax": 579}}], [{"tid": 0, "generated": 0, "bbox": {"xmin": 435, "ymin": 7, "ymax": 718, "xmax": 995}}, {"tid": 1, "generated": 0, "bbox": {"xmin": 337, "ymin": 375, "ymax": 592, "xmax": 579}}], [{"tid": 0, "generated": 0, "bbox": {"xmin": 433, "ymin": 7, "ymax": 716, "xmax": 999}}, {"tid": 1, "generated": 0, "bbox": {"xmin": 337, "ymin": 375, "ymax": 595, "xmax": 580}}], [{"tid": 0, "generated": 0, "bbox": {"xmin": 437, "ymin": 7, "ymax": 716, "xmax": 995}}, {"tid": 1, "generated": 0, "bbox": {"xmin": 337, "ymin": 375, "ymax": 599, "xmax": 582}}], [{"tid": 0, "generated": 0, "bbox": {"xmin": 435, "ymin": 7, "ymax": 716, "xmax": 997}}, {"tid": 1, "generated": 0, "bbox": {"xmin": 337, "ymin": 375, "ymax": 602, "xmax": 584}}], [{"tid": 0, "generated": 0, "bbox": {"xmin": 433, "ymin": 7, "ymax": 718, "xmax": 993}}, {"tid": 1, "generated": 0, "bbox": {"xmin": 337, "ymin": 376, "ymax": 606, "xmax": 586}}], [{"tid": 0, "generated": 0, "bbox": {"xmin": 435, "ymin": 7, "ymax": 718, "xmax": 997}}, {"tid": 1, "generated": 0, "bbox": {"xmin": 337, "ymin": 376, "ymax": 608, "xmax": 585}}], [{"tid": 0, "generated": 0, "bbox": {"xmin": 433, "ymin": 7, "ymax": 718, "xmax": 993}}, {"tid": 1, "generated": 0, "bbox": {"xmin": 337, "ymin": 376, "ymax": 611, "xmax": 584}}], [{"tid": 0, "generated": 0, "bbox": {"xmin": 432, "ymin": 7, "ymax": 716, "xmax": 999}}, {"tid": 1, "generated": 0, "bbox": {"xmin": 337, "ymin": 376, "ymax": 612, "xmax": 586}}], [{"tid": 0, "generated": 0, "bbox": {"xmin": 432, "ymin": 7, "ymax": 718, "xmax": 997}}, {"tid": 1, "generated": 0, "bbox": {"xmin": 338, "ymin": 377, "ymax": 614, "xmax": 588}}], [{"tid": 0, "generated": 0, "bbox": {"xmin": 432, "ymin": 7, "ymax": 718, "xmax": 995}}, {"tid": 1, "generated": 0, "bbox": {"xmin": 339, "ymin": 378, "ymax": 616, "xmax": 590}}], [{"tid": 0, "generated": 0, "bbox": {"xmin": 432, "ymin": 7, "ymax": 718, "xmax": 995}}, {"tid": 1, "generated": 0, "bbox": {"xmin": 339, "ymin": 380, "ymax": 616, "xmax": 592}}], [{"tid": 0, "generated": 0, "bbox": {"xmin": 432, "ymin": 5, "ymax": 718, "xmax": 992}}, {"tid": 1, "generated": 0, "bbox": {"xmin": 340, "ymin": 380, "ymax": 619, "xmax": 592}}], [{"tid": 0, "generated": 0, "bbox": {"xmin": 432, "ymin": 8, "ymax": 718, "xmax": 988}}, {"tid": 1, "generated": 0, "bbox": {"xmin": 341, "ymin": 380, "ymax": 622, "xmax": 592}}], [{"tid": 0, "generated": 0, "bbox": {"xmin": 432, "ymin": 7, "ymax": 718, "xmax": 986}}, {"tid": 1, "generated": 0, "bbox": {"xmin": 343, "ymin": 380, "ymax": 625, "xmax": 593}}], [{"tid": 0, "generated": 0, "bbox": {"xmin": 432, "ymin": 5, "ymax": 711, "xmax": 981}}, {"tid": 1, "generated": 0, "bbox": {"xmin": 343, "ymin": 380, "ymax": 629, "xmax": 595}}], [{"tid": 0, "generated": 0, "bbox": {"xmin": 432, "ymin": 3, "ymax": 705, "xmax": 981}}, {"tid": 1, "generated": 0, "bbox": {"xmin": 350, "ymin": 380, "ymax": 629, "xmax": 597}}], [{"tid": 0, "generated": 0, "bbox": {"xmin": 432, "ymin": 1, "ymax": 695, "xmax": 979}}, {"tid": 1, "generated": 0, "bbox": {"xmin": 351, "ymin": 380, "ymax": 629, "xmax": 600}}], [{"tid": 0, "generated": 0, "bbox": {"xmin": 432, "ymin": 1, "ymax": 693, "xmax": 983}}, {"tid": 1, "generated": 0, "bbox": {"xmin": 352, "ymin": 380, "ymax": 629, "xmax": 604}}], [{"tid": 0, "generated": 0, "bbox": {"xmin": 432, "ymin": 1, "ymax": 688, "xmax": 984}}, {"tid": 1, "generated": 0, "bbox": {"xmin": 353, "ymin": 380, "ymax": 630, "xmax": 605}}], [{"tid": 0, "generated": 0, "bbox": {"xmin": 432, "ymin": 1, "ymax": 687, "xmax": 985}}, {"tid": 1, "generated": 0, "bbox": {"xmin": 354, "ymin": 380, "ymax": 632, "xmax": 606}}], [], [], [], [], [], [], [], [], [], [], [], [], [], [], [], [], [], [], [], [], [], [], [], [], [], [], [], [], [], [], [], [], [], [], [], [], [], [], [], [], [], [], [], [], [], [], [], [], [], [], [], [], [], [], [], [], [], [], [], [], [], [], [], [], [], [], [], [], [], [], [], [], [], [], [], [], [], [], [], [], [], [], [], [], [], [], [], [], [], [], [], [], [], [], [], [], [], [], [], [], [], [], [], [], [], [], [], [], [], [], [], [], [], [], [], [], [], [], [], [], [], [], [], [], [], [], [], [], [], [], [], [], [], [], [], [{"tid": 0, "generated": 0, "bbox": {"xmin": 438, "ymin": 4, "ymax": 672, "xmax": 908}}, {"tid": 1, "generated": 0, "bbox": {"xmin": 354, "ymin": 373, "ymax": 618, "xmax": 608}}], [{"tid": 0, "generated": 0, "bbox": {"xmin": 439, "ymin": 2, "ymax": 671, "xmax": 905}}, {"tid": 1, "generated": 0, "bbox": {"xmin": 354, "ymin": 373, "ymax": 618, "xmax": 608}}], [{"tid": 0, "generated": 0, "bbox": {"xmin": 440, "ymin": 1, "ymax": 670, "xmax": 903}}, {"tid": 1, "generated": 0, "bbox": {"xmin": 355, "ymin": 373, "ymax": 618, "xmax": 608}}], [{"tid": 0, "generated": 0, "bbox": {"xmin": 440, "ymin": 0, "ymax": 671, "xmax": 903}}, {"tid": 1, "generated": 0, "bbox": {"xmin": 357, "ymin": 371, "ymax": 616, "xmax": 606}}], [{"tid": 0, "generated": 0, "bbox": {"xmin": 440, "ymin": 0, "ymax": 672, "xmax": 903}}, {"tid": 1, "generated": 0, "bbox": {"xmin": 352, "ymin": 371, "ymax": 618, "xmax": 606}}], [{"tid": 0, "generated": 0, "bbox": {"xmin": 442, "ymin": 0, "ymax": 675, "xmax": 910}}, {"tid": 1, "generated": 0, "bbox": {"xmin": 355, "ymin": 376, "ymax": 616, "xmax": 611}}], [{"tid": 0, "generated": 0, "bbox": {"xmin": 442, "ymin": 0, "ymax": 674, "xmax": 912}}, {"tid": 1, "generated": 0, "bbox": {"xmin": 353, "ymin": 375, "ymax": 616, "xmax": 611}}], [{"tid": 0, "generated": 0, "bbox": {"xmin": 442, "ymin": 0, "ymax": 673, "xmax": 915}}, {"tid": 1, "generated": 0, "bbox": {"xmin": 354, "ymin": 374, "ymax": 615, "xmax": 612}}], [{"tid": 0, "generated": 0, "bbox": {"xmin": 446, "ymin": 0, "ymax": 670, "xmax": 919}}, {"tid": 1, "generated": 0, "bbox": {"xmin": 355, "ymin": 373, "ymax": 615, "xmax": 613}}], [{"tid": 0, "generated": 0, "bbox": {"xmin": 448, "ymin": 0, "ymax": 668, "xmax": 922}}, {"tid": 1, "generated": 0, "bbox": {"xmin": 355, "ymin": 373, "ymax": 615, "xmax": 613}}], [{"tid": 0, "generated": 0, "bbox": {"xmin": 447, "ymin": 0, "ymax": 668, "xmax": 923}}, {"tid": 1, "generated": 0, "bbox": {"xmin": 355, "ymin": 371, "ymax": 614, "xmax": 613}}], [{"tid": 0, "generated": 0, "bbox": {"xmin": 446, "ymin": 0, "ymax": 668, "xmax": 924}}, {"tid": 1, "generated": 0, "bbox": {"xmin": 355, "ymin": 370, "ymax": 613, "xmax": 614}}], [{"tid": 0, "generated": 0, "bbox": {"xmin": 446, "ymin": 0, "ymax": 670, "xmax": 923}}, {"tid": 1, "generated": 0, "bbox": {"xmin": 355, "ymin": 369, "ymax": 613, "xmax": 615}}], [{"tid": 0, "generated": 0, "bbox": {"xmin": 446, "ymin": 0, "ymax": 672, "xmax": 922}}, {"tid": 1, "generated": 0, "bbox": {"xmin": 355, "ymin": 368, "ymax": 613, "xmax": 615}}], [{"tid": 0, "generated": 0, "bbox": {"xmin": 447, "ymin": 0, "ymax": 674, "xmax": 922}}, {"tid": 1, "generated": 0, "bbox": {"xmin": 355, "ymin": 368, "ymax": 614, "xmax": 615}}], [{"tid": 0, "generated": 0, "bbox": {"xmin": 448, "ymin": 0, "ymax": 677, "xmax": 922}}, {"tid": 1, "generated": 0, "bbox": {"xmin": 355, "ymin": 368, "ymax": 615, "xmax": 616}}], [{"tid": 0, "generated": 0, "bbox": {"xmin": 451, "ymin": 0, "ymax": 673, "xmax": 924}}, {"tid": 1, "generated": 0, "bbox": {"xmin": 355, "ymin": 368, "ymax": 611, "xmax": 615}}], [{"tid": 0, "generated": 0, "bbox": {"xmin": 451, "ymin": 0, "ymax": 673, "xmax": 922}}, {"tid": 1, "generated": 0, "bbox": {"xmin": 355, "ymin": 368, "ymax": 611, "xmax": 615}}], [{"tid": 0, "generated": 0, "bbox": {"xmin": 451, "ymin": 0, "ymax": 673, "xmax": 920}}, {"tid": 1, "generated": 0, "bbox": {"xmin": 355, "ymin": 368, "ymax": 612, "xmax": 616}}], [{"tid": 0, "generated": 0, "bbox": {"xmin": 452, "ymin": 0, "ymax": 673, "xmax": 918}}, {"tid": 1, "generated": 0, "bbox": {"xmin": 355, "ymin": 368, "ymax": 612, "xmax": 616}}], [{"tid": 0, "generated": 0, "bbox": {"xmin": 452, "ymin": 0, "ymax": 673, "xmax": 916}}, {"tid": 1, "generated": 0, "bbox": {"xmin": 355, "ymin": 368, "ymax": 613, "xmax": 617}}], [{"tid": 0, "generated": 0, "bbox": {"xmin": 453, "ymin": 0, "ymax": 673, "xmax": 915}}, {"tid": 1, "generated": 0, "bbox": {"xmin": 356, "ymin": 368, "ymax": 613, "xmax": 617}}], [{"tid": 0, "generated": 0, "bbox": {"xmin": 453, "ymin": 0, "ymax": 673, "xmax": 913}}, {"tid": 1, "generated": 0, "bbox": {"xmin": 356, "ymin": 368, "ymax": 614, "xmax": 618}}], [{"tid": 0, "generated": 0, "bbox": {"xmin": 454, "ymin": 0, "ymax": 673, "xmax": 911}}, {"tid": 1, "generated": 0, "bbox": {"xmin": 356, "ymin": 368, "ymax": 614, "xmax": 618}}], [{"tid": 0, "generated": 0, "bbox": {"xmin": 454, "ymin": 0, "ymax": 673, "xmax": 909}}, {"tid": 1, "generated": 0, "bbox": {"xmin": 356, "ymin": 368, "ymax": 615, "xmax": 619}}], [{"tid": 0, "generated": 0, "bbox": {"xmin": 455, "ymin": 0, "ymax": 673, "xmax": 908}}, {"tid": 1, "generated": 0, "bbox": {"xmin": 357, "ymin": 368, "ymax": 616, "xmax": 620}}], [{"tid": 0, "generated": 0, "bbox": {"xmin": 455, "ymin": 0, "ymax": 677, "xmax": 906}}, {"tid": 1, "generated": 0, "bbox": {"xmin": 357, "ymin": 368, "ymax": 615, "xmax": 620}}], [{"tid": 0, "generated": 0, "bbox": {"xmin": 455, "ymin": 0, "ymax": 681, "xmax": 905}}, {"tid": 1, "generated": 0, "bbox": {"xmin": 357, "ymin": 368, "ymax": 615, "xmax": 620}}], [{"tid": 0, "generated": 0, "bbox": {"xmin": 455, "ymin": 0, "ymax": 685, "xmax": 903}}, {"tid": 1, "generated": 0, "bbox": {"xmin": 357, "ymin": 368, "ymax": 615, "xmax": 620}}], [{"tid": 0, "generated": 0, "bbox": {"xmin": 455, "ymin": 0, "ymax": 689, "xmax": 902}}, {"tid": 1, "generated": 0, "bbox": {"xmin": 357, "ymin": 368, "ymax": 615, "xmax": 620}}], [], [], [], [], [], [], [], [], [], [], [], [], [], [], [], [], [], [], [], [], [], [], [], [], [], [], [], [], [], [], [], [], [], [], [], [], [], [], [], [], [], [], [], [], [], [], [], [], [], [], [], [], [], [], [], [], [], [], [], [], [], [], [], [], [], [], [], [], [], [], [], [], [], [], [], [{"tid": 0, "generated": 0, "bbox": {"xmin": 462, "ymin": 8, "ymax": 718, "xmax": 888}}, {"tid": 1, "generated": 0, "bbox": {"xmin": 368, "ymin": 368, "ymax": 611, "xmax": 624}}], [{"tid": 0, "generated": 0, "bbox": {"xmin": 461, "ymin": 8, "ymax": 718, "xmax": 887}}, {"tid": 1, "generated": 0, "bbox": {"xmin": 368, "ymin": 368, "ymax": 610, "xmax": 624}}], [{"tid": 0, "generated": 0, "bbox": {"xmin": 460, "ymin": 8, "ymax": 718, "xmax": 886}}, {"tid": 1, "generated": 0, "bbox": {"xmin": 368, "ymin": 368, "ymax": 610, "xmax": 624}}], [{"tid": 0, "generated": 0, "bbox": {"xmin": 459, "ymin": 8, "ymax": 718, "xmax": 885}}, {"tid": 1, "generated": 0, "bbox": {"xmin": 368, "ymin": 368, "ymax": 610, "xmax": 624}}], [{"tid": 0, "generated": 0, "bbox": {"xmin": 458, "ymin": 8, "ymax": 718, "xmax": 884}}, {"tid": 1, "generated": 0, "bbox": {"xmin": 368, "ymin": 368, "ymax": 610, "xmax": 625}}], [{"tid": 0, "generated": 0, "bbox": {"xmin": 458, "ymin": 8, "ymax": 718, "xmax": 883}}, {"tid": 1, "generated": 0, "bbox": {"xmin": 368, "ymin": 368, "ymax": 610, "xmax": 625}}], [{"tid": 0, "generated": 0, "bbox": {"xmin": 458, "ymin": 8, "ymax": 717, "xmax": 884}}, {"tid": 1, "generated": 0, "bbox": {"xmin": 368, "ymin": 368, "ymax": 609, "xmax": 625}}], [{"tid": 0, "generated": 0, "bbox": {"xmin": 458, "ymin": 8, "ymax": 717, "xmax": 885}}, {"tid": 1, "generated": 0, "bbox": {"xmin": 368, "ymin": 368, "ymax": 609, "xmax": 626}}], [{"tid": 0, "generated": 0, "bbox": {"xmin": 458, "ymin": 8, "ymax": 716, "xmax": 886}}, {"tid": 1, "generated": 0, "bbox": {"xmin": 368, "ymin": 368, "ymax": 609, "xmax": 626}}], [{"tid": 0, "generated": 0, "bbox": {"xmin": 458, "ymin": 8, "ymax": 716, "xmax": 887}}, {"tid": 1, "generated": 0, "bbox": {"xmin": 368, "ymin": 368, "ymax": 609, "xmax": 626}}], [{"tid": 0, "generated": 0, "bbox": {"xmin": 458, "ymin": 8, "ymax": 716, "xmax": 888}}, {"tid": 1, "generated": 0, "bbox": {"xmin": 368, "ymin": 368, "ymax": 609, "xmax": 627}}], [{"tid": 0, "generated": 0, "bbox": {"xmin": 457, "ymin": 8, "ymax": 716, "xmax": 888}}, {"tid": 1, "generated": 0, "bbox": {"xmin": 366, "ymin": 368, "ymax": 608, "xmax": 627}}], [{"tid": 0, "generated": 0, "bbox": {"xmin": 457, "ymin": 8, "ymax": 716, "xmax": 888}}, {"tid": 1, "generated": 0, "bbox": {"xmin": 364, "ymin": 368, "ymax": 608, "xmax": 627}}], [{"tid": 0, "generated": 0, "bbox": {"xmin": 456, "ymin": 8, "ymax": 716, "xmax": 888}}, {"tid": 1, "generated": 0, "bbox": {"xmin": 363, "ymin": 368, "ymax": 608, "xmax": 627}}], [{"tid": 0, "generated": 0, "bbox": {"xmin": 456, "ymin": 8, "ymax": 716, "xmax": 888}}, {"tid": 1, "generated": 0, "bbox": {"xmin": 361, "ymin": 368, "ymax": 608, "xmax": 627}}], [{"tid": 0, "generated": 0, "bbox": {"xmin": 455, "ymin": 8, "ymax": 717, "xmax": 888}}, {"tid": 1, "generated": 0, "bbox": {"xmin": 360, "ymin": 368, "ymax": 608, "xmax": 627}}], [{"tid": 0, "generated": 0, "bbox": {"xmin": 455, "ymin": 8, "ymax": 717, "xmax": 888}}, {"tid": 1, "generated": 0, "bbox": {"xmin": 360, "ymin": 368, "ymax": 607, "xmax": 626}}], [{"tid": 0, "generated": 0, "bbox": {"xmin": 454, "ymin": 8, "ymax": 717, "xmax": 888}}, {"tid": 1, "generated": 0, "bbox": {"xmin": 361, "ymin": 368, "ymax": 607, "xmax": 626}}], [{"tid": 0, "generated": 0, "bbox": {"xmin": 454, "ymin": 8, "ymax": 717, "xmax": 888}}, {"tid": 1, "generated": 0, "bbox": {"xmin": 361, "ymin": 368, "ymax": 606, "xmax": 625}}], [{"tid": 0, "generated": 0, "bbox": {"xmin": 453, "ymin": 8, "ymax": 717, "xmax": 888}}, {"tid": 1, "generated": 0, "bbox": {"xmin": 362, "ymin": 368, "ymax": 606, "xmax": 625}}], [{"tid": 0, "generated": 0, "bbox": {"xmin": 453, "ymin": 8, "ymax": 718, "xmax": 888}}, {"tid": 1, "generated": 0, "bbox": {"xmin": 360, "ymin": 368, "ymax": 604, "xmax": 625}}], [{"tid": 0, "generated": 0, "bbox": {"xmin": 452, "ymin": 8, "ymax": 718, "xmax": 887}}, {"tid": 1, "generated": 0, "bbox": {"xmin": 360, "ymin": 368, "ymax": 604, "xmax": 625}}], [{"tid": 0, "generated": 0, "bbox": {"xmin": 452, "ymin": 8, "ymax": 718, "xmax": 887}}, {"tid": 1, "generated": 0, "bbox": {"xmin": 361, "ymin": 368, "ymax": 604, "xmax": 625}}], [{"tid": 0, "generated": 0, "bbox": {"xmin": 451, "ymin": 8, "ymax": 718, "xmax": 887}}, {"tid": 1, "generated": 0, "bbox": {"xmin": 362, "ymin": 368, "ymax": 605, "xmax": 625}}], [{"tid": 0, "generated": 0, "bbox": {"xmin": 451, "ymin": 8, "ymax": 718, "xmax": 886}}, {"tid": 1, "generated": 0, "bbox": {"xmin": 363, "ymin": 368, "ymax": 605, "xmax": 625}}], [{"tid": 0, "generated": 0, "bbox": {"xmin": 450, "ymin": 8, "ymax": 718, "xmax": 886}}, {"tid": 1, "generated": 0, "bbox": {"xmin": 364, "ymin": 368, "ymax": 605, "xmax": 625}}], [{"tid": 0, "generated": 0, "bbox": {"xmin": 450, "ymin": 8, "ymax": 718, "xmax": 886}}, {"tid": 1, "generated": 0, "bbox": {"xmin": 365, "ymin": 368, "ymax": 606, "xmax": 625}}], [{"tid": 0, "generated": 0, "bbox": {"xmin": 449, "ymin": 8, "ymax": 718, "xmax": 885}}, {"tid": 1, "generated": 0, "bbox": {"xmin": 366, "ymin": 368, "ymax": 606, "xmax": 625}}], [{"tid": 0, "generated": 0, "bbox": {"xmin": 449, "ymin": 8, "ymax": 718, "xmax": 885}}, {"tid": 1, "generated": 0, "bbox": {"xmin": 366, "ymin": 368, "ymax": 606, "xmax": 625}}], [{"tid": 0, "generated": 0, "bbox": {"xmin": 448, "ymin": 8, "ymax": 718, "xmax": 885}}, {"tid": 1, "generated": 0, "bbox": {"xmin": 367, "ymin": 368, "ymax": 607, "xmax": 625}}]], "subject/objects": [{"category": "elephant", "tid": 0}, {"category": "elephant", "tid": 1}], "relation_instances": [{"end_fid": 30, "subject_tid": 0, "predicate": "walk_next_to", "begin_fid": 0, "object_tid": 1}, {"end_fid": 30, "subject_tid": 0, "predicate": "walk_with", "begin_fid": 0, "object_tid": 1}, {"end_fid": 30, "subject_tid": 0, "predicate": "walk_left", "begin_fid": 0, "object_tid": 1}, {"end_fid": 30, "subject_tid": 0, "predicate": "taller", "begin_fid": 0, "object_tid": 1}, {"end_fid": 30, "subject_tid": 0, "predicate": "larger", "begin_fid": 0, "object_tid": 1}, {"end_fid": 30, "subject_tid": 0, "predicate": "feed", "begin_fid": 0, "object_tid": 1}, {"end_fid": 30, "subject_tid": 1, "predicate": "walk_right", "begin_fid": 0, "object_tid": 0}, {"end_fid": 30, "subject_tid": 1, "predicate": "walk_next_to", "begin_fid": 0, "object_tid": 0}, {"end_fid": 30, "subject_tid": 1, "predicate": "walk_with", "begin_fid": 0, "object_tid": 0}, {"end_fid": 195, "subject_tid": 0, "predicate": "stand_left", "begin_fid": 165, "object_tid": 1}, {"end_fid": 195, "subject_tid": 0, "predicate": "taller", "begin_fid": 165, "object_tid": 1}, {"end_fid": 195, "subject_tid": 0, "predicate": "larger", "begin_fid": 165, "object_tid": 1}, {"end_fid": 195, "subject_tid": 0, "predicate": "feed", "begin_fid": 165, "object_tid": 1}, {"end_fid": 195, "subject_tid": 1, "predicate": "stand_right", "begin_fid": 165, "object_tid": 0}, {"end_fid": 300, "subject_tid": 0, "predicate": "stand_left", "begin_fid": 270, "object_tid": 1}, {"end_fid": 300, "subject_tid": 0, "predicate": "taller", "begin_fid": 270, "object_tid": 1}, {"end_fid": 300, "subject_tid": 0, "predicate": "larger", "begin_fid": 270, "object_tid": 1}, {"end_fid": 300, "subject_tid": 0, "predicate": "feed", "begin_fid": 270, "object_tid": 1}, {"end_fid": 300, "subject_tid": 1, "predicate": "stand_right", "begin_fid": 270, "object_tid": 0}], "height": 720}