{"width": 1280, "frame_count": 135, "video_id": "ILSVRC2015_train_00800002", "fps": 25, "trajectories": [[{"tid": 0, "generated": 0, "bbox": {"xmin": 279, "ymin": 90, "ymax": 707, "xmax": 1278}}, {"tid": 1, "generated": 0, "bbox": {"xmin": 2, "ymin": 379, "ymax": 715, "xmax": 205}}], [{"tid": 0, "generated": 0, "bbox": {"xmin": 280, "ymin": 93, "ymax": 708, "xmax": 1278}}, {"tid": 1, "generated": 0, "bbox": {"xmin": 2, "ymin": 372, "ymax": 715, "xmax": 205}}], [{"tid": 0, "generated": 0, "bbox": {"xmin": 281, "ymin": 96, "ymax": 709, "xmax": 1278}}, {"tid": 1, "generated": 0, "bbox": {"xmin": 2, "ymin": 365, "ymax": 715, "xmax": 205}}], [{"tid": 0, "generated": 0, "bbox": {"xmin": 282, "ymin": 99, "ymax": 710, "xmax": 1278}}, {"tid": 1, "generated": 0, "bbox": {"xmin": 2, "ymin": 359, "ymax": 715, "xmax": 205}}], [{"tid": 0, "generated": 0, "bbox": {"xmin": 283, "ymin": 102, "ymax": 711, "xmax": 1278}}, {"tid": 1, "generated": 0, "bbox": {"xmin": 2, "ymin": 352, "ymax": 715, "xmax": 205}}], [{"tid": 0, "generated": 0, "bbox": {"xmin": 284, "ymin": 106, "ymax": 712, "xmax": 1278}}, {"tid": 1, "generated": 0, "bbox": {"xmin": 2, "ymin": 345, "ymax": 715, "xmax": 205}}], [{"tid": 0, "generated": 0, "bbox": {"xmin": 285, "ymin": 109, "ymax": 713, "xmax": 1278}}, {"tid": 1, "generated": 0, "bbox": {"xmin": 2, "ymin": 341, "ymax": 715, "xmax": 214}}], [{"tid": 0, "generated": 0, "bbox": {"xmin": 286, "ymin": 112, "ymax": 714, "xmax": 1278}}, {"tid": 1, "generated": 0, "bbox": {"xmin": 2, "ymin": 338, "ymax": 715, "xmax": 223}}], [{"tid": 0, "generated": 0, "bbox": {"xmin": 287, "ymin": 115, "ymax": 715, "xmax": 1278}}, {"tid": 1, "generated": 0, "bbox": {"xmin": 2, "ymin": 334, "ymax": 715, "xmax": 232}}], [{"tid": 0, "generated": 0, "bbox": {"xmin": 288, "ymin": 118, "ymax": 716, "xmax": 1278}}, {"tid": 1, "generated": 0, "bbox": {"xmin": 2, "ymin": 331, "ymax": 715, "xmax": 241}}], [{"tid": 0, "generated": 0, "bbox": {"xmin": 289, "ymin": 122, "ymax": 718, "xmax": 1278}}, {"tid": 1, "generated": 0, "bbox": {"xmin": 2, "ymin": 327, "ymax": 715, "xmax": 250}}], [{"tid": 0, "generated": 0, "bbox": {"xmin": 264, "ymin": 103, "ymax": 716, "xmax": 1276}}, {"tid": 1, "generated": 0, "bbox": {"xmin": 2, "ymin": 322, "ymax": 715, "xmax": 250}}], [{"tid": 0, "generated": 0, "bbox": {"xmin": 239, "ymin": 85, "ymax": 715, "xmax": 1275}}, {"tid": 1, "generated": 0, "bbox": {"xmin": 2, "ymin": 317, "ymax": 715, "xmax": 251}}], [{"tid": 0, "generated": 0, "bbox": {"xmin": 215, "ymin": 67, "ymax": 714, "xmax": 1274}}, {"tid": 1, "generated": 0, "bbox": {"xmin": 2, "ymin": 313, "ymax": 715, "xmax": 251}}], [{"tid": 0, "generated": 0, "bbox": {"xmin": 213, "ymin": 49, "ymax": 714, "xmax": 1274}}, {"tid": 1, "generated": 0, "bbox": {"xmin": 2, "ymin": 308, "ymax": 715, "xmax": 252}}], [{"tid": 0, "generated": 0, "bbox": {"xmin": 211, "ymin": 32, "ymax": 714, "xmax": 1274}}, {"tid": 1, "generated": 0, "bbox": {"xmin": 2, "ymin": 303, "ymax": 715, "xmax": 252}}], [{"tid": 0, "generated": 0, "bbox": {"xmin": 220, "ymin": 18, "ymax": 713, "xmax": 1272}}, {"tid": 1, "generated": 0, "bbox": {"xmin": 2, "ymin": 301, "ymax": 715, "xmax": 251}}], [{"tid": 0, "generated": 0, "bbox": {"xmin": 229, "ymin": 5, "ymax": 712, "xmax": 1271}}, {"tid": 1, "generated": 0, "bbox": {"xmin": 2, "ymin": 299, "ymax": 715, "xmax": 250}}], [{"tid": 0, "generated": 0, "bbox": {"xmin": 239, "ymin": 3, "ymax": 713, "xmax": 1272}}, {"tid": 1, "generated": 0, "bbox": {"xmin": 2, "ymin": 297, "ymax": 715, "xmax": 250}}], [{"tid": 0, "generated": 0, "bbox": {"xmin": 249, "ymin": 1, "ymax": 714, "xmax": 1274}}, {"tid": 1, "generated": 0, "bbox": {"xmin": 2, "ymin": 295, "ymax": 715, "xmax": 249}}], [{"tid": 0, "generated": 0, "bbox": {"xmin": 259, "ymin": 0, "ymax": 716, "xmax": 1276}}, {"tid": 1, "generated": 0, "bbox": {"xmin": 2, "ymin": 293, "ymax": 715, "xmax": 248}}], [{"tid": 0, "generated": 0, "bbox": {"xmin": 258, "ymin": 0, "ymax": 715, "xmax": 1276}}, {"tid": 1, "generated": 0, "bbox": {"xmin": 2, "ymin": 291, "ymax": 715, "xmax": 247}}], [{"tid": 0, "generated": 0, "bbox": {"xmin": 257, "ymin": 0, "ymax": 714, "xmax": 1277}}, {"tid": 1, "generated": 0, "bbox": {"xmin": 2, "ymin": 289, "ymax": 715, "xmax": 247}}], [{"tid": 0, "generated": 0, "bbox": {"xmin": 257, "ymin": 0, "ymax": 714, "xmax": 1278}}, {"tid": 1, "generated": 0, "bbox": {"xmin": 2, "ymin": 287, "ymax": 715, "xmax": 246}}], [{"tid": 0, "generated": 0, "bbox": {"xmin": 251, "ymin": 0, "ymax": 714, "xmax": 1277}}, {"tid": 1, "generated": 0, "bbox": {"xmin": 2, "ymin": 285, "ymax": 715, "xmax": 246}}], [{"tid": 0, "generated": 0, "bbox": {"xmin": 245, "ymin": 0, "ymax": 714, "xmax": 1276}}, {"tid": 1, "generated": 0, "bbox": {"xmin": 2, "ymin": 283, "ymax": 715, "xmax": 245}}], [{"tid": 0, "generated": 0, "bbox": {"xmin": 242, "ymin": 1, "ymax": 714, "xmax": 1276}}, {"tid": 1, "generated": 0, "bbox": {"xmin": 2, "ymin": 281, "ymax": 715, "xmax": 245}}], [{"tid": 0, "generated": 0, "bbox": {"xmin": 239, "ymin": 3, "ymax": 714, "xmax": 1276}}, {"tid": 1, "generated": 0, "bbox": {"xmin": 2, "ymin": 280, "ymax": 715, "xmax": 245}}], [{"tid": 0, "generated": 0, "bbox": {"xmin": 236, "ymin": 4, "ymax": 715, "xmax": 1277}}, {"tid": 1, "generated": 0, "bbox": {"xmin": 2, "ymin": 278, "ymax": 715, "xmax": 245}}], [{"tid": 0, "generated": 0, "bbox": {"xmin": 233, "ymin": 6, "ymax": 715, "xmax": 1277}}, {"tid": 1, "generated": 0, "bbox": {"xmin": 2, "ymin": 277, "ymax": 715, "xmax": 245}}], [], [], [], [], [], [], [], [], [], [], [], [], [], [], [], [{"tid": 0, "generated": 0, "bbox": {"xmin": 214, "ymin": 23, "ymax": 716, "xmax": 1278}}, {"tid": 1, "generated": 0, "bbox": {"xmin": 2, "ymin": 260, "ymax": 715, "xmax": 202}}], [{"tid": 0, "generated": 0, "bbox": {"xmin": 214, "ymin": 26, "ymax": 716, "xmax": 1278}}, {"tid": 1, "generated": 0, "bbox": {"xmin": 2, "ymin": 260, "ymax": 715, "xmax": 203}}], [{"tid": 0, "generated": 0, "bbox": {"xmin": 214, "ymin": 29, "ymax": 716, "xmax": 1278}}, {"tid": 1, "generated": 0, "bbox": {"xmin": 2, "ymin": 260, "ymax": 715, "xmax": 204}}], [{"tid": 0, "generated": 0, "bbox": {"xmin": 214, "ymin": 32, "ymax": 717, "xmax": 1278}}, {"tid": 1, "generated": 0, "bbox": {"xmin": 2, "ymin": 259, "ymax": 715, "xmax": 204}}], [{"tid": 0, "generated": 0, "bbox": {"xmin": 214, "ymin": 35, "ymax": 717, "xmax": 1278}}, {"tid": 1, "generated": 0, "bbox": {"xmin": 2, "ymin": 259, "ymax": 715, "xmax": 205}}], [{"tid": 0, "generated": 0, "bbox": {"xmin": 215, "ymin": 39, "ymax": 718, "xmax": 1278}}, {"tid": 1, "generated": 0, "bbox": {"xmin": 2, "ymin": 259, "ymax": 715, "xmax": 206}}], [{"tid": 0, "generated": 0, "bbox": {"xmin": 215, "ymin": 40, "ymax": 717, "xmax": 1273}}, {"tid": 1, "generated": 0, "bbox": {"xmin": 2, "ymin": 258, "ymax": 715, "xmax": 207}}], [{"tid": 0, "generated": 0, "bbox": {"xmin": 216, "ymin": 42, "ymax": 717, "xmax": 1268}}, {"tid": 1, "generated": 0, "bbox": {"xmin": 2, "ymin": 257, "ymax": 715, "xmax": 207}}], [{"tid": 0, "generated": 0, "bbox": {"xmin": 217, "ymin": 43, "ymax": 717, "xmax": 1263}}, {"tid": 1, "generated": 0, "bbox": {"xmin": 2, "ymin": 257, "ymax": 715, "xmax": 208}}], [{"tid": 0, "generated": 0, "bbox": {"xmin": 218, "ymin": 45, "ymax": 717, "xmax": 1258}}, {"tid": 1, "generated": 0, "bbox": {"xmin": 2, "ymin": 256, "ymax": 715, "xmax": 208}}], [{"tid": 0, "generated": 0, "bbox": {"xmin": 219, "ymin": 47, "ymax": 717, "xmax": 1253}}, {"tid": 1, "generated": 0, "bbox": {"xmin": 2, "ymin": 255, "ymax": 715, "xmax": 209}}], [{"tid": 0, "generated": 0, "bbox": {"xmin": 220, "ymin": 48, "ymax": 716, "xmax": 1248}}, {"tid": 1, "generated": 0, "bbox": {"xmin": 2, "ymin": 253, "ymax": 715, "xmax": 211}}], [{"tid": 0, "generated": 0, "bbox": {"xmin": 221, "ymin": 50, "ymax": 716, "xmax": 1243}}, {"tid": 1, "generated": 0, "bbox": {"xmin": 2, "ymin": 250, "ymax": 715, "xmax": 213}}], [{"tid": 0, "generated": 0, "bbox": {"xmin": 222, "ymin": 51, "ymax": 716, "xmax": 1238}}, {"tid": 1, "generated": 0, "bbox": {"xmin": 2, "ymin": 248, "ymax": 715, "xmax": 215}}], [{"tid": 0, "generated": 0, "bbox": {"xmin": 223, "ymin": 53, "ymax": 716, "xmax": 1233}}, {"tid": 1, "generated": 0, "bbox": {"xmin": 2, "ymin": 245, "ymax": 715, "xmax": 217}}], [{"tid": 0, "generated": 0, "bbox": {"xmin": 224, "ymin": 55, "ymax": 716, "xmax": 1228}}, {"tid": 1, "generated": 0, "bbox": {"xmin": 2, "ymin": 243, "ymax": 715, "xmax": 219}}], [{"tid": 0, "generated": 0, "bbox": {"xmin": 224, "ymin": 55, "ymax": 715, "xmax": 1219}}, {"tid": 1, "generated": 0, "bbox": {"xmin": 2, "ymin": 241, "ymax": 715, "xmax": 218}}], [{"tid": 0, "generated": 0, "bbox": {"xmin": 224, "ymin": 55, "ymax": 714, "xmax": 1210}}, {"tid": 1, "generated": 0, "bbox": {"xmin": 2, "ymin": 238, "ymax": 715, "xmax": 218}}], [{"tid": 0, "generated": 0, "bbox": {"xmin": 224, "ymin": 55, "ymax": 714, "xmax": 1201}}, {"tid": 1, "generated": 0, "bbox": {"xmin": 2, "ymin": 236, "ymax": 715, "xmax": 217}}], [{"tid": 0, "generated": 0, "bbox": {"xmin": 224, "ymin": 51, "ymax": 714, "xmax": 1192}}, {"tid": 1, "generated": 0, "bbox": {"xmin": 2, "ymin": 233, "ymax": 715, "xmax": 217}}], [{"tid": 0, "generated": 0, "bbox": {"xmin": 224, "ymin": 47, "ymax": 714, "xmax": 1184}}, {"tid": 1, "generated": 0, "bbox": {"xmin": 2, "ymin": 231, "ymax": 715, "xmax": 216}}], [{"tid": 0, "generated": 0, "bbox": {"xmin": 224, "ymin": 43, "ymax": 714, "xmax": 1176}}, {"tid": 1, "generated": 0, "bbox": {"xmin": 7, "ymin": 227, "ymax": 715, "xmax": 220}}], [{"tid": 0, "generated": 0, "bbox": {"xmin": 224, "ymin": 39, "ymax": 714, "xmax": 1167}}, {"tid": 1, "generated": 0, "bbox": {"xmin": 11, "ymin": 223, "ymax": 715, "xmax": 225}}], [{"tid": 0, "generated": 0, "bbox": {"xmin": 224, "ymin": 35, "ymax": 714, "xmax": 1159}}, {"tid": 1, "generated": 0, "bbox": {"xmin": 16, "ymin": 219, "ymax": 715, "xmax": 229}}], [{"tid": 0, "generated": 0, "bbox": {"xmin": 224, "ymin": 31, "ymax": 714, "xmax": 1151}}, {"tid": 1, "generated": 0, "bbox": {"xmin": 20, "ymin": 215, "ymax": 715, "xmax": 234}}], [{"tid": 0, "generated": 0, "bbox": {"xmin": 224, "ymin": 28, "ymax": 714, "xmax": 1143}}, {"tid": 1, "generated": 0, "bbox": {"xmin": 25, "ymin": 211, "ymax": 715, "xmax": 238}}], [{"tid": 0, "generated": 0, "bbox": {"xmin": 227, "ymin": 27, "ymax": 714, "xmax": 1136}}, {"tid": 1, "generated": 0, "bbox": {"xmin": 31, "ymin": 209, "ymax": 715, "xmax": 239}}], [{"tid": 0, "generated": 0, "bbox": {"xmin": 231, "ymin": 27, "ymax": 714, "xmax": 1130}}, {"tid": 1, "generated": 0, "bbox": {"xmin": 37, "ymin": 207, "ymax": 716, "xmax": 240}}], [{"tid": 0, "generated": 0, "bbox": {"xmin": 234, "ymin": 27, "ymax": 714, "xmax": 1123}}, {"tid": 1, "generated": 0, "bbox": {"xmin": 42, "ymin": 206, "ymax": 716, "xmax": 240}}], [{"tid": 0, "generated": 0, "bbox": {"xmin": 238, "ymin": 27, "ymax": 714, "xmax": 1117}}, {"tid": 1, "generated": 0, "bbox": {"xmin": 48, "ymin": 204, "ymax": 717, "xmax": 241}}], [], [], [], [], [], [], [], [], [], [], [], [], [], [], [], [{"tid": 0, "generated": 0, "bbox": {"xmin": 280, "ymin": 24, "ymax": 712, "xmax": 1047}}, {"tid": 1, "generated": 0, "bbox": {"xmin": 108, "ymin": 173, "ymax": 650, "xmax": 283}}], [{"tid": 0, "generated": 0, "bbox": {"xmin": 282, "ymin": 25, "ymax": 707, "xmax": 1041}}, {"tid": 1, "generated": 0, "bbox": {"xmin": 114, "ymin": 174, "ymax": 647, "xmax": 283}}], [{"tid": 0, "generated": 0, "bbox": {"xmin": 284, "ymin": 27, "ymax": 702, "xmax": 1036}}, {"tid": 1, "generated": 0, "bbox": {"xmin": 120, "ymin": 174, "ymax": 643, "xmax": 283}}], [{"tid": 0, "generated": 0, "bbox": {"xmin": 286, "ymin": 28, "ymax": 697, "xmax": 1030}}, {"tid": 1, "generated": 0, "bbox": {"xmin": 125, "ymin": 175, "ymax": 640, "xmax": 282}}], [{"tid": 0, "generated": 0, "bbox": {"xmin": 288, "ymin": 30, "ymax": 692, "xmax": 1025}}, {"tid": 1, "generated": 0, "bbox": {"xmin": 131, "ymin": 175, "ymax": 636, "xmax": 282}}], [{"tid": 0, "generated": 0, "bbox": {"xmin": 291, "ymin": 32, "ymax": 688, "xmax": 1020}}, {"tid": 1, "generated": 0, "bbox": {"xmin": 137, "ymin": 176, "ymax": 633, "xmax": 282}}], [{"tid": 0, "generated": 0, "bbox": {"xmin": 293, "ymin": 32, "ymax": 686, "xmax": 1017}}, {"tid": 1, "generated": 0, "bbox": {"xmin": 137, "ymin": 176, "ymax": 633, "xmax": 284}}], [{"tid": 0, "generated": 0, "bbox": {"xmin": 295, "ymin": 32, "ymax": 684, "xmax": 1015}}, {"tid": 1, "generated": 0, "bbox": {"xmin": 137, "ymin": 176, "ymax": 633, "xmax": 286}}], [{"tid": 0, "generated": 0, "bbox": {"xmin": 297, "ymin": 32, "ymax": 683, "xmax": 1013}}, {"tid": 1, "generated": 0, "bbox": {"xmin": 137, "ymin": 176, "ymax": 633, "xmax": 289}}], [{"tid": 0, "generated": 0, "bbox": {"xmin": 299, "ymin": 32, "ymax": 681, "xmax": 1011}}, {"tid": 1, "generated": 0, "bbox": {"xmin": 137, "ymin": 176, "ymax": 633, "xmax": 291}}], [{"tid": 0, "generated": 0, "bbox": {"xmin": 302, "ymin": 32, "ymax": 680, "xmax": 1009}}, {"tid": 1, "generated": 0, "bbox": {"xmin": 137, "ymin": 176, "ymax": 633, "xmax": 293}}], [{"tid": 0, "generated": 0, "bbox": {"xmin": 301, "ymin": 32, "ymax": 677, "xmax": 1007}}, {"tid": 1, "generated": 0, "bbox": {"xmin": 137, "ymin": 176, "ymax": 630, "xmax": 293}}], [{"tid": 0, "generated": 0, "bbox": {"xmin": 300, "ymin": 32, "ymax": 674, "xmax": 1005}}, {"tid": 1, "generated": 0, "bbox": {"xmin": 137, "ymin": 176, "ymax": 626, "xmax": 293}}], [{"tid": 0, "generated": 0, "bbox": {"xmin": 300, "ymin": 32, "ymax": 672, "xmax": 1004}}, {"tid": 1, "generated": 0, "bbox": {"xmin": 137, "ymin": 176, "ymax": 623, "xmax": 293}}], [{"tid": 0, "generated": 0, "bbox": {"xmin": 302, "ymin": 32, "ymax": 671, "xmax": 1005}}, {"tid": 1, "generated": 0, "bbox": {"xmin": 137, "ymin": 176, "ymax": 619, "xmax": 293}}], [{"tid": 0, "generated": 0, "bbox": {"xmin": 305, "ymin": 33, "ymax": 670, "xmax": 1006}}, {"tid": 1, "generated": 0, "bbox": {"xmin": 137, "ymin": 176, "ymax": 616, "xmax": 293}}], [{"tid": 0, "generated": 0, "bbox": {"xmin": 304, "ymin": 33, "ymax": 669, "xmax": 1006}}, {"tid": 1, "generated": 0, "bbox": {"xmin": 137, "ymin": 176, "ymax": 616, "xmax": 293}}], [{"tid": 0, "generated": 0, "bbox": {"xmin": 303, "ymin": 34, "ymax": 668, "xmax": 1006}}, {"tid": 1, "generated": 0, "bbox": {"xmin": 137, "ymin": 176, "ymax": 616, "xmax": 293}}], [{"tid": 0, "generated": 0, "bbox": {"xmin": 302, "ymin": 35, "ymax": 667, "xmax": 1006}}, {"tid": 1, "generated": 0, "bbox": {"xmin": 137, "ymin": 176, "ymax": 616, "xmax": 293}}], [{"tid": 0, "generated": 0, "bbox": {"xmin": 301, "ymin": 36, "ymax": 666, "xmax": 1006}}, {"tid": 1, "generated": 0, "bbox": {"xmin": 137, "ymin": 176, "ymax": 616, "xmax": 293}}], [{"tid": 0, "generated": 0, "bbox": {"xmin": 300, "ymin": 37, "ymax": 666, "xmax": 1006}}, {"tid": 1, "generated": 0, "bbox": {"xmin": 137, "ymin": 176, "ymax": 616, "xmax": 293}}], [{"tid": 0, "generated": 0, "bbox": {"xmin": 300, "ymin": 36, "ymax": 665, "xmax": 1003}}, {"tid": 1, "generated": 0, "bbox": {"xmin": 138, "ymin": 176, "ymax": 616, "xmax": 293}}], [{"tid": 0, "generated": 0, "bbox": {"xmin": 300, "ymin": 35, "ymax": 665, "xmax": 1001}}, {"tid": 1, "generated": 0, "bbox": {"xmin": 140, "ymin": 176, "ymax": 615, "xmax": 293}}], [{"tid": 0, "generated": 0, "bbox": {"xmin": 301, "ymin": 34, "ymax": 664, "xmax": 999}}, {"tid": 1, "generated": 0, "bbox": {"xmin": 141, "ymin": 176, "ymax": 615, "xmax": 293}}], [{"tid": 0, "generated": 0, "bbox": {"xmin": 301, "ymin": 33, "ymax": 664, "xmax": 997}}, {"tid": 1, "generated": 0, "bbox": {"xmin": 143, "ymin": 176, "ymax": 614, "xmax": 293}}], [{"tid": 0, "generated": 0, "bbox": {"xmin": 302, "ymin": 33, "ymax": 664, "xmax": 995}}, {"tid": 1, "generated": 0, "bbox": {"xmin": 144, "ymin": 176, "ymax": 614, "xmax": 293}}], [{"tid": 0, "generated": 0, "bbox": {"xmin": 298, "ymin": 32, "ymax": 664, "xmax": 994}}, {"tid": 1, "generated": 0, "bbox": {"xmin": 144, "ymin": 176, "ymax": 614, "xmax": 293}}], [{"tid": 0, "generated": 0, "bbox": {"xmin": 295, "ymin": 32, "ymax": 665, "xmax": 994}}, {"tid": 1, "generated": 0, "bbox": {"xmin": 144, "ymin": 176, "ymax": 614, "xmax": 293}}], [{"tid": 0, "generated": 0, "bbox": {"xmin": 292, "ymin": 32, "ymax": 666, "xmax": 993}}, {"tid": 1, "generated": 0, "bbox": {"xmin": 144, "ymin": 176, "ymax": 614, "xmax": 293}}], [{"tid": 0, "generated": 0, "bbox": {"xmin": 289, "ymin": 32, "ymax": 667, "xmax": 993}}, {"tid": 1, "generated": 0, "bbox": {"xmin": 144, "ymin": 176, "ymax": 614, "xmax": 293}}]], "subject/objects": [{"category": "horse", "tid": 0}, {"category": "person", "tid": 1}], "relation_instances": [{"end_fid": 30, "subject_tid": 0, "predicate": "stand_right", "begin_fid": 0, "object_tid": 1}, {"end_fid": 30, "subject_tid": 0, "predicate": "stand_next_to", "begin_fid": 0, "object_tid": 1}, {"end_fid": 30, "subject_tid": 0, "predicate": "taller", "begin_fid": 0, "object_tid": 1}, {"end_fid": 30, "subject_tid": 0, "predicate": "larger", "begin_fid": 0, "object_tid": 1}, {"end_fid": 30, "subject_tid": 1, "predicate": "stand_next_to", "begin_fid": 0, "object_tid": 0}, {"end_fid": 30, "subject_tid": 1, "predicate": "stand_left", "begin_fid": 0, "object_tid": 0}, {"end_fid": 30, "subject_tid": 1, "predicate": "pull", "begin_fid": 0, "object_tid": 0}, {"end_fid": 75, "subject_tid": 0, "predicate": "stand_right", "begin_fid": 45, "object_tid": 1}, {"end_fid": 75, "subject_tid": 0, "predicate": "stand_next_to", "begin_fid": 45, "object_tid": 1}, {"end_fid": 75, "subject_tid": 0, "predicate": "taller", "begin_fid": 45, "object_tid": 1}, {"end_fid": 75, "subject_tid": 0, "predicate": "larger", "begin_fid": 45, "object_tid": 1}, {"end_fid": 75, "subject_tid": 1, "predicate": "stand_next_to", "begin_fid": 45, "object_tid": 0}, {"end_fid": 75, "subject_tid": 1, "predicate": "stand_left", "begin_fid": 45, "object_tid": 0}, {"end_fid": 75, "subject_tid": 1, "predicate": "pull", "begin_fid": 45, "object_tid": 0}, {"end_fid": 120, "subject_tid": 0, "predicate": "stand_right", "begin_fid": 90, "object_tid": 1}, {"end_fid": 120, "subject_tid": 0, "predicate": "stand_next_to", "begin_fid": 90, "object_tid": 1}, {"end_fid": 120, "subject_tid": 0, "predicate": "taller", "begin_fid": 90, "object_tid": 1}, {"end_fid": 120, "subject_tid": 0, "predicate": "larger", "begin_fid": 90, "object_tid": 1}, {"end_fid": 120, "subject_tid": 1, "predicate": "stand_next_to", "begin_fid": 90, "object_tid": 0}, {"end_fid": 120, "subject_tid": 1, "predicate": "stand_left", "begin_fid": 90, "object_tid": 0}, {"end_fid": 120, "subject_tid": 1, "predicate": "pull", "begin_fid": 90, "object_tid": 0}], "height": 720}