{"width": 1280, "frame_count": 107, "video_id": "ILSVRC2015_train_00069010", "fps": 25, "trajectories": [[], [], [], [], [], [], [], [], [], [], [], [], [], [], [], [{"tid": 0, "generated": 0, "bbox": {"xmin": 736, "ymin": 181, "ymax": 664, "xmax": 1180}}, {"tid": 1, "generated": 0, "bbox": {"xmin": 0, "ymin": 48, "ymax": 321, "xmax": 147}}], [{"tid": 0, "generated": 0, "bbox": {"xmin": 741, "ymin": 183, "ymax": 606, "xmax": 1182}}, {"tid": 1, "generated": 0, "bbox": {"xmin": 0, "ymin": 119, "ymax": 323, "xmax": 161}}], [{"tid": 0, "generated": 0, "bbox": {"xmin": 746, "ymin": 172, "ymax": 606, "xmax": 1201}}, {"tid": 1, "generated": 0, "bbox": {"xmin": 0, "ymin": 124, "ymax": 320, "xmax": 195}}], [{"tid": 0, "generated": 0, "bbox": {"xmin": 750, "ymin": 181, "ymax": 595, "xmax": 1194}}, {"tid": 1, "generated": 0, "bbox": {"xmin": 0, "ymin": 117, "ymax": 318, "xmax": 229}}], [{"tid": 0, "generated": 0, "bbox": {"xmin": 755, "ymin": 173, "ymax": 586, "xmax": 1204}}, {"tid": 1, "generated": 0, "bbox": {"xmin": 0, "ymin": 133, "ymax": 316, "xmax": 252}}], [{"tid": 0, "generated": 0, "bbox": {"xmin": 760, "ymin": 165, "ymax": 577, "xmax": 1214}}, {"tid": 1, "generated": 0, "bbox": {"xmin": 0, "ymin": 215, "ymax": 320, "xmax": 279}}], [{"tid": 0, "generated": 0, "bbox": {"xmin": 758, "ymin": 154, "ymax": 581, "xmax": 1212}}, {"tid": 1, "generated": 0, "bbox": {"xmin": 0, "ymin": 10, "ymax": 318, "xmax": 304}}], [{"tid": 0, "generated": 0, "bbox": {"xmin": 757, "ymin": 144, "ymax": 586, "xmax": 1210}}, {"tid": 1, "generated": 0, "bbox": {"xmin": 0, "ymin": 0, "ymax": 316, "xmax": 316}}], [{"tid": 0, "generated": 0, "bbox": {"xmin": 756, "ymin": 134, "ymax": 590, "xmax": 1208}}, {"tid": 1, "generated": 0, "bbox": {"xmin": 0, "ymin": 0, "ymax": 316, "xmax": 314}}], [{"tid": 0, "generated": 0, "bbox": {"xmin": 755, "ymin": 124, "ymax": 595, "xmax": 1207}}, {"tid": 1, "generated": 0, "bbox": {"xmin": 0, "ymin": 0, "ymax": 316, "xmax": 321}}], [{"tid": 0, "generated": 0, "bbox": {"xmin": 766, "ymin": 108, "ymax": 600, "xmax": 1201}}, {"tid": 1, "generated": 0, "bbox": {"xmin": 0, "ymin": 35, "ymax": 318, "xmax": 328}}], [{"tid": 0, "generated": 0, "bbox": {"xmin": 776, "ymin": 101, "ymax": 608, "xmax": 1201}}, {"tid": 1, "generated": 0, "bbox": {"xmin": 0, "ymin": 60, "ymax": 321, "xmax": 323}}], [{"tid": 0, "generated": 0, "bbox": {"xmin": 779, "ymin": 92, "ymax": 609, "xmax": 1198}}, {"tid": 1, "generated": 0, "bbox": {"xmin": 0, "ymin": 72, "ymax": 314, "xmax": 336}}], [{"tid": 0, "generated": 0, "bbox": {"xmin": 782, "ymin": 83, "ymax": 611, "xmax": 1196}}, {"tid": 1, "generated": 0, "bbox": {"xmin": 0, "ymin": 80, "ymax": 316, "xmax": 350}}], [{"tid": 0, "generated": 0, "bbox": {"xmin": 784, "ymin": 81, "ymax": 612, "xmax": 1181}}, {"tid": 1, "generated": 0, "bbox": {"xmin": 0, "ymin": 80, "ymax": 320, "xmax": 366}}], [{"tid": 0, "generated": 0, "bbox": {"xmin": 787, "ymin": 80, "ymax": 613, "xmax": 1166}}, {"tid": 1, "generated": 0, "bbox": {"xmin": 0, "ymin": 80, "ymax": 323, "xmax": 366}}], [{"tid": 0, "generated": 0, "bbox": {"xmin": 790, "ymin": 75, "ymax": 567, "xmax": 1165}}, {"tid": 1, "generated": 0, "bbox": {"xmin": 0, "ymin": 83, "ymax": 324, "xmax": 370}}], [{"tid": 0, "generated": 0, "bbox": {"xmin": 794, "ymin": 71, "ymax": 522, "xmax": 1164}}, {"tid": 1, "generated": 0, "bbox": {"xmin": 0, "ymin": 87, "ymax": 325, "xmax": 374}}], [{"tid": 0, "generated": 0, "bbox": {"xmin": 798, "ymin": 66, "ymax": 525, "xmax": 1156}}, {"tid": 1, "generated": 0, "bbox": {"xmin": 0, "ymin": 90, "ymax": 326, "xmax": 378}}], [{"tid": 0, "generated": 0, "bbox": {"xmin": 803, "ymin": 62, "ymax": 529, "xmax": 1149}}, {"tid": 1, "generated": 0, "bbox": {"xmin": 0, "ymin": 94, "ymax": 328, "xmax": 382}}], [{"tid": 0, "generated": 0, "bbox": {"xmin": 807, "ymin": 57, "ymax": 532, "xmax": 1141}}, {"tid": 1, "generated": 0, "bbox": {"xmin": 0, "ymin": 97, "ymax": 330, "xmax": 392}}], [{"tid": 0, "generated": 0, "bbox": {"xmin": 812, "ymin": 53, "ymax": 536, "xmax": 1134}}, {"tid": 1, "generated": 0, "bbox": {"xmin": 0, "ymin": 101, "ymax": 332, "xmax": 391}}], [{"tid": 0, "generated": 0, "bbox": {"xmin": 819, "ymin": 48, "ymax": 534, "xmax": 1130}}, {"tid": 1, "generated": 0, "bbox": {"xmin": 0, "ymin": 99, "ymax": 328, "xmax": 398}}], [{"tid": 0, "generated": 0, "bbox": {"xmin": 826, "ymin": 44, "ymax": 533, "xmax": 1127}}, {"tid": 1, "generated": 0, "bbox": {"xmin": 0, "ymin": 99, "ymax": 330, "xmax": 392}}], [{"tid": 0, "generated": 0, "bbox": {"xmin": 835, "ymin": 39, "ymax": 535, "xmax": 1116}}, {"tid": 1, "generated": 0, "bbox": {"xmin": 0, "ymin": 99, "ymax": 337, "xmax": 366}}], [{"tid": 0, "generated": 0, "bbox": {"xmin": 844, "ymin": 35, "ymax": 538, "xmax": 1105}}, {"tid": 1, "generated": 0, "bbox": {"xmin": 0, "ymin": 99, "ymax": 337, "xmax": 357}}], [{"tid": 0, "generated": 0, "bbox": {"xmin": 848, "ymin": 34, "ymax": 533, "xmax": 1111}}, {"tid": 1, "generated": 0, "bbox": {"xmin": 0, "ymin": 102, "ymax": 338, "xmax": 360}}], [{"tid": 0, "generated": 0, "bbox": {"xmin": 853, "ymin": 33, "ymax": 528, "xmax": 1117}}, {"tid": 1, "generated": 0, "bbox": {"xmin": 0, "ymin": 106, "ymax": 339, "xmax": 363}}], [{"tid": 0, "generated": 0, "bbox": {"xmin": 857, "ymin": 32, "ymax": 523, "xmax": 1123}}, {"tid": 1, "generated": 0, "bbox": {"xmin": 0, "ymin": 109, "ymax": 341, "xmax": 366}}], [{"tid": 0, "generated": 0, "bbox": {"xmin": 862, "ymin": 31, "ymax": 518, "xmax": 1129}}, {"tid": 1, "generated": 0, "bbox": {"xmin": 0, "ymin": 113, "ymax": 342, "xmax": 369}}], [{"tid": 0, "generated": 0, "bbox": {"xmin": 866, "ymin": 30, "ymax": 513, "xmax": 1135}}, {"tid": 1, "generated": 0, "bbox": {"xmin": 0, "ymin": 117, "ymax": 344, "xmax": 373}}], [{"tid": 0, "generated": 0, "bbox": {"xmin": 871, "ymin": 30, "ymax": 508, "xmax": 1141}}, {"tid": 1, "generated": 0, "bbox": {"xmin": 0, "ymin": 122, "ymax": 341, "xmax": 378}}], [{"tid": 0, "generated": 0, "bbox": {"xmin": 881, "ymin": 26, "ymax": 502, "xmax": 1145}}, {"tid": 1, "generated": 0, "bbox": {"xmin": 0, "ymin": 124, "ymax": 343, "xmax": 391}}], [{"tid": 0, "generated": 0, "bbox": {"xmin": 892, "ymin": 23, "ymax": 497, "xmax": 1150}}, {"tid": 1, "generated": 0, "bbox": {"xmin": 0, "ymin": 126, "ymax": 344, "xmax": 391}}], [{"tid": 0, "generated": 0, "bbox": {"xmin": 903, "ymin": 24, "ymax": 496, "xmax": 1158}}, {"tid": 1, "generated": 0, "bbox": {"xmin": 0, "ymin": 128, "ymax": 348, "xmax": 368}}], [{"tid": 0, "generated": 0, "bbox": {"xmin": 915, "ymin": 26, "ymax": 496, "xmax": 1166}}, {"tid": 1, "generated": 0, "bbox": {"xmin": 0, "ymin": 129, "ymax": 352, "xmax": 318}}], [{"tid": 0, "generated": 0, "bbox": {"xmin": 925, "ymin": 21, "ymax": 491, "xmax": 1180}}, {"tid": 1, "generated": 0, "bbox": {"xmin": 0, "ymin": 122, "ymax": 355, "xmax": 309}}], [{"tid": 0, "generated": 0, "bbox": {"xmin": 936, "ymin": 16, "ymax": 487, "xmax": 1194}}, {"tid": 1, "generated": 0, "bbox": {"xmin": 0, "ymin": 115, "ymax": 359, "xmax": 300}}], [{"tid": 0, "generated": 0, "bbox": {"xmin": 947, "ymin": 12, "ymax": 483, "xmax": 1208}}, {"tid": 1, "generated": 0, "bbox": {"xmin": 35, "ymin": 117, "ymax": 357, "xmax": 272}}], [{"tid": 0, "generated": 0, "bbox": {"xmin": 957, "ymin": 13, "ymax": 480, "xmax": 1223}}, {"tid": 1, "generated": 0, "bbox": {"xmin": 56, "ymin": 110, "ymax": 360, "xmax": 264}}], [{"tid": 0, "generated": 0, "bbox": {"xmin": 968, "ymin": 15, "ymax": 477, "xmax": 1239}}, {"tid": 1, "generated": 0, "bbox": {"xmin": 28, "ymin": 98, "ymax": 369, "xmax": 293}}], [{"tid": 0, "generated": 0, "bbox": {"xmin": 979, "ymin": 17, "ymax": 474, "xmax": 1255}}, {"tid": 1, "generated": 0, "bbox": {"xmin": 0, "ymin": 87, "ymax": 378, "xmax": 323}}], [{"tid": 0, "generated": 0, "bbox": {"xmin": 996, "ymin": 16, "ymax": 482, "xmax": 1266}}, {"tid": 1, "generated": 0, "bbox": {"xmin": 0, "ymin": 40, "ymax": 384, "xmax": 332}}], [{"tid": 0, "generated": 0, "bbox": {"xmin": 1013, "ymin": 16, "ymax": 490, "xmax": 1278}}, {"tid": 1, "generated": 0, "bbox": {"xmin": 0, "ymin": 7, "ymax": 394, "xmax": 332}}], [{"tid": 0, "generated": 0, "bbox": {"xmin": 1030, "ymin": 15, "ymax": 479, "xmax": 1278}}, {"tid": 1, "generated": 0, "bbox": {"xmin": 0, "ymin": 3, "ymax": 396, "xmax": 332}}]], "subject/objects": [{"category": "squirrel", "tid": 0}, {"category": "squirrel", "tid": 1}], "relation_instances": [{"end_fid": 45, "subject_tid": 0, "predicate": "walk_right", "begin_fid": 15, "object_tid": 1}, {"end_fid": 45, "subject_tid": 0, "predicate": "walk_beneath", "begin_fid": 15, "object_tid": 1}, {"end_fid": 45, "subject_tid": 0, "predicate": "walk_away", "begin_fid": 15, "object_tid": 1}, {"end_fid": 45, "subject_tid": 1, "predicate": "walk_above", "begin_fid": 15, "object_tid": 0}, {"end_fid": 45, "subject_tid": 1, "predicate": "walk_left", "begin_fid": 15, "object_tid": 0}, {"end_fid": 60, "subject_tid": 0, "predicate": "walk_right", "begin_fid": 30, "object_tid": 1}, {"end_fid": 60, "subject_tid": 0, "predicate": "walk_beneath", "begin_fid": 30, "object_tid": 1}, {"end_fid": 60, "subject_tid": 0, "predicate": "walk_away", "begin_fid": 30, "object_tid": 1}, {"end_fid": 60, "subject_tid": 1, "predicate": "jump_away", "begin_fid": 30, "object_tid": 0}, {"end_fid": 60, "subject_tid": 1, "predicate": "jump_above", "begin_fid": 30, "object_tid": 0}, {"end_fid": 60, "subject_tid": 1, "predicate": "jump_left", "begin_fid": 30, "object_tid": 0}], "height": 720}