{"width": 1280, "frame_count": 40, "video_id": "ILSVRC2015_train_00240003", "fps": 24, "trajectories": [[{"tid": 0, "generated": 0, "bbox": {"xmin": 192, "ymin": 272, "ymax": 568, "xmax": 577}}, {"tid": 1, "generated": 0, "bbox": {"xmin": 240, "ymin": 140, "ymax": 482, "xmax": 506}}], [{"tid": 0, "generated": 0, "bbox": {"xmin": 190, "ymin": 274, "ymax": 571, "xmax": 574}}, {"tid": 1, "generated": 0, "bbox": {"xmin": 240, "ymin": 146, "ymax": 482, "xmax": 502}}], [{"tid": 0, "generated": 0, "bbox": {"xmin": 189, "ymin": 277, "ymax": 574, "xmax": 571}}, {"tid": 1, "generated": 0, "bbox": {"xmin": 240, "ymin": 151, "ymax": 482, "xmax": 499}}], [{"tid": 0, "generated": 0, "bbox": {"xmin": 188, "ymin": 280, "ymax": 577, "xmax": 568}}, {"tid": 1, "generated": 0, "bbox": {"xmin": 240, "ymin": 157, "ymax": 482, "xmax": 495}}], [{"tid": 0, "generated": 0, "bbox": {"xmin": 186, "ymin": 282, "ymax": 579, "xmax": 562}}, {"tid": 1, "generated": 0, "bbox": {"xmin": 240, "ymin": 162, "ymax": 482, "xmax": 492}}], [{"tid": 0, "generated": 0, "bbox": {"xmin": 185, "ymin": 285, "ymax": 582, "xmax": 556}}, {"tid": 1, "generated": 0, "bbox": {"xmin": 240, "ymin": 168, "ymax": 482, "xmax": 488}}], [{"tid": 0, "generated": 0, "bbox": {"xmin": 184, "ymin": 288, "ymax": 585, "xmax": 550}}, {"tid": 1, "generated": 0, "bbox": {"xmin": 238, "ymin": 170, "ymax": 484, "xmax": 484}}], [{"tid": 0, "generated": 0, "bbox": {"xmin": 183, "ymin": 290, "ymax": 587, "xmax": 544}}, {"tid": 1, "generated": 0, "bbox": {"xmin": 236, "ymin": 172, "ymax": 486, "xmax": 480}}], [{"tid": 0, "generated": 0, "bbox": {"xmin": 182, "ymin": 293, "ymax": 590, "xmax": 538}}, {"tid": 1, "generated": 0, "bbox": {"xmin": 234, "ymin": 174, "ymax": 488, "xmax": 476}}], [{"tid": 0, "generated": 0, "bbox": {"xmin": 181, "ymin": 296, "ymax": 593, "xmax": 533}}, {"tid": 1, "generated": 0, "bbox": {"xmin": 232, "ymin": 176, "ymax": 490, "xmax": 472}}], [{"tid": 0, "generated": 0, "bbox": {"xmin": 177, "ymin": 293, "ymax": 590, "xmax": 529}}, {"tid": 1, "generated": 0, "bbox": {"xmin": 230, "ymin": 178, "ymax": 492, "xmax": 468}}], [{"tid": 0, "generated": 0, "bbox": {"xmin": 174, "ymin": 291, "ymax": 588, "xmax": 525}}, {"tid": 1, "generated": 0, "bbox": {"xmin": 223, "ymin": 178, "ymax": 492, "xmax": 461}}], [{"tid": 0, "generated": 0, "bbox": {"xmin": 171, "ymin": 289, "ymax": 586, "xmax": 522}}, {"tid": 1, "generated": 0, "bbox": {"xmin": 216, "ymin": 177, "ymax": 491, "xmax": 454}}], [{"tid": 0, "generated": 0, "bbox": {"xmin": 168, "ymin": 286, "ymax": 583, "xmax": 518}}, {"tid": 1, "generated": 0, "bbox": {"xmin": 208, "ymin": 177, "ymax": 491, "xmax": 446}}], [{"tid": 0, "generated": 0, "bbox": {"xmin": 165, "ymin": 284, "ymax": 581, "xmax": 515}}, {"tid": 1, "generated": 0, "bbox": {"xmin": 201, "ymin": 176, "ymax": 490, "xmax": 439}}], [{"tid": 0, "generated": 0, "bbox": {"xmin": 161, "ymin": 282, "ymax": 579, "xmax": 511}}, {"tid": 1, "generated": 0, "bbox": {"xmin": 194, "ymin": 176, "ymax": 490, "xmax": 432}}], [{"tid": 0, "generated": 0, "bbox": {"xmin": 158, "ymin": 279, "ymax": 576, "xmax": 507}}, {"tid": 1, "generated": 0, "bbox": {"xmin": 194, "ymin": 171, "ymax": 485, "xmax": 432}}], [{"tid": 0, "generated": 0, "bbox": {"xmin": 155, "ymin": 277, "ymax": 574, "xmax": 504}}, {"tid": 1, "generated": 0, "bbox": {"xmin": 193, "ymin": 166, "ymax": 480, "xmax": 431}}], [{"tid": 0, "generated": 0, "bbox": {"xmin": 152, "ymin": 275, "ymax": 572, "xmax": 500}}, {"tid": 1, "generated": 0, "bbox": {"xmin": 193, "ymin": 162, "ymax": 476, "xmax": 431}}], [{"tid": 0, "generated": 0, "bbox": {"xmin": 149, "ymin": 273, "ymax": 570, "xmax": 497}}, {"tid": 1, "generated": 0, "bbox": {"xmin": 192, "ymin": 157, "ymax": 471, "xmax": 430}}], [{"tid": 0, "generated": 0, "bbox": {"xmin": 152, "ymin": 273, "ymax": 573, "xmax": 506}}, {"tid": 1, "generated": 0, "bbox": {"xmin": 192, "ymin": 152, "ymax": 466, "xmax": 430}}], [{"tid": 0, "generated": 0, "bbox": {"xmin": 156, "ymin": 274, "ymax": 576, "xmax": 516}}, {"tid": 1, "generated": 0, "bbox": {"xmin": 196, "ymin": 152, "ymax": 466, "xmax": 438}}], [{"tid": 0, "generated": 0, "bbox": {"xmin": 160, "ymin": 275, "ymax": 579, "xmax": 525}}, {"tid": 1, "generated": 0, "bbox": {"xmin": 200, "ymin": 152, "ymax": 466, "xmax": 446}}], [{"tid": 0, "generated": 0, "bbox": {"xmin": 163, "ymin": 275, "ymax": 582, "xmax": 535}}, {"tid": 1, "generated": 0, "bbox": {"xmin": 204, "ymin": 152, "ymax": 466, "xmax": 454}}], [{"tid": 0, "generated": 0, "bbox": {"xmin": 167, "ymin": 276, "ymax": 585, "xmax": 545}}, {"tid": 1, "generated": 0, "bbox": {"xmin": 208, "ymin": 152, "ymax": 466, "xmax": 462}}], [{"tid": 0, "generated": 0, "bbox": {"xmin": 171, "ymin": 277, "ymax": 588, "xmax": 554}}, {"tid": 1, "generated": 0, "bbox": {"xmin": 212, "ymin": 152, "ymax": 466, "xmax": 470}}], [{"tid": 0, "generated": 0, "bbox": {"xmin": 174, "ymin": 277, "ymax": 591, "xmax": 564}}, {"tid": 1, "generated": 0, "bbox": {"xmin": 217, "ymin": 152, "ymax": 475, "xmax": 475}}], [{"tid": 0, "generated": 0, "bbox": {"xmin": 178, "ymin": 278, "ymax": 594, "xmax": 573}}, {"tid": 1, "generated": 0, "bbox": {"xmin": 222, "ymin": 153, "ymax": 484, "xmax": 480}}], [{"tid": 0, "generated": 0, "bbox": {"xmin": 182, "ymin": 279, "ymax": 597, "xmax": 583}}, {"tid": 1, "generated": 0, "bbox": {"xmin": 226, "ymin": 153, "ymax": 492, "xmax": 484}}], [{"tid": 0, "generated": 0, "bbox": {"xmin": 186, "ymin": 280, "ymax": 600, "xmax": 593}}, {"tid": 1, "generated": 0, "bbox": {"xmin": 231, "ymin": 154, "ymax": 501, "xmax": 489}}]], "subject/objects": [{"category": "motorcycle", "tid": 0}, {"category": "person", "tid": 1}], "relation_instances": [{"end_fid": 30, "subject_tid": 0, "predicate": "move_beneath", "begin_fid": 0, "object_tid": 1}, {"end_fid": 30, "subject_tid": 1, "predicate": "sit_above", "begin_fid": 0, "object_tid": 0}, {"end_fid": 30, "subject_tid": 1, "predicate": "ride", "begin_fid": 0, "object_tid": 0}], "height": 720}