{"width": 1280, "frame_count": 110, "video_id": "ILSVRC2015_train_01141005", "fps": 30, "trajectories": [[{"tid": 0, "generated": 0, "bbox": {"xmin": 359, "ymin": 186, "ymax": 641, "xmax": 803}}, {"tid": 1, "generated": 0, "bbox": {"xmin": 789, "ymin": 174, "ymax": 496, "xmax": 968}}, {"tid": 2, "generated": 0, "bbox": {"xmin": 476, "ymin": 353, "ymax": 592, "xmax": 579}}, {"tid": 3, "generated": 0, "bbox": {"xmin": 832, "ymin": 94, "ymax": 190, "xmax": 932}}, {"tid": 4, "generated": 0, "bbox": {"xmin": 570, "ymin": 52, "ymax": 280, "xmax": 678}}, {"tid": 5, "generated": 0, "bbox": {"xmin": 636, "ymin": 62, "ymax": 298, "xmax": 718}}], [{"tid": 0, "generated": 0, "bbox": {"xmin": 353, "ymin": 184, "ymax": 638, "xmax": 798}}, {"tid": 1, "generated": 0, "bbox": {"xmin": 789, "ymin": 174, "ymax": 496, "xmax": 966}}, {"tid": 2, "generated": 0, "bbox": {"xmin": 472, "ymin": 357, "ymax": 593, "xmax": 572}}, {"tid": 3, "generated": 0, "bbox": {"xmin": 830, "ymin": 94, "ymax": 190, "xmax": 930}}, {"tid": 4, "generated": 0, "bbox": {"xmin": 566, "ymin": 50, "ymax": 281, "xmax": 677}}, {"tid": 5, "generated": 0, "bbox": {"xmin": 636, "ymin": 62, "ymax": 298, "xmax": 718}}], [{"tid": 0, "generated": 0, "bbox": {"xmin": 348, "ymin": 184, "ymax": 638, "xmax": 800}}, {"tid": 1, "generated": 0, "bbox": {"xmin": 789, "ymin": 174, "ymax": 497, "xmax": 964}}, {"tid": 2, "generated": 0, "bbox": {"xmin": 462, "ymin": 360, "ymax": 600, "xmax": 561}}, {"tid": 3, "generated": 0, "bbox": {"xmin": 827, "ymin": 94, "ymax": 190, "xmax": 927}}, {"tid": 4, "generated": 0, "bbox": {"xmin": 563, "ymin": 47, "ymax": 282, "xmax": 676}}, {"tid": 5, "generated": 0, "bbox": {"xmin": 636, "ymin": 62, "ymax": 298, "xmax": 718}}], [{"tid": 0, "generated": 0, "bbox": {"xmin": 348, "ymin": 184, "ymax": 640, "xmax": 800}}, {"tid": 1, "generated": 0, "bbox": {"xmin": 789, "ymin": 174, "ymax": 498, "xmax": 962}}, {"tid": 2, "generated": 0, "bbox": {"xmin": 455, "ymin": 360, "ymax": 604, "xmax": 551}}, {"tid": 3, "generated": 0, "bbox": {"xmin": 825, "ymin": 94, "ymax": 190, "xmax": 925}}, {"tid": 4, "generated": 0, "bbox": {"xmin": 559, "ymin": 45, "ymax": 282, "xmax": 676}}, {"tid": 5, "generated": 0, "bbox": {"xmin": 636, "ymin": 62, "ymax": 298, "xmax": 718}}], [{"tid": 0, "generated": 0, "bbox": {"xmin": 348, "ymin": 183, "ymax": 634, "xmax": 796}}, {"tid": 1, "generated": 0, "bbox": {"xmin": 789, "ymin": 174, "ymax": 499, "xmax": 961}}, {"tid": 2, "generated": 0, "bbox": {"xmin": 447, "ymin": 360, "ymax": 609, "xmax": 540}}, {"tid": 3, "generated": 0, "bbox": {"xmin": 822, "ymin": 94, "ymax": 190, "xmax": 922}}, {"tid": 4, "generated": 0, "bbox": {"xmin": 556, "ymin": 42, "ymax": 283, "xmax": 675}}, {"tid": 5, "generated": 0, "bbox": {"xmin": 636, "ymin": 62, "ymax": 298, "xmax": 718}}], [{"tid": 0, "generated": 0, "bbox": {"xmin": 348, "ymin": 181, "ymax": 640, "xmax": 792}}, {"tid": 1, "generated": 0, "bbox": {"xmin": 788, "ymin": 174, "ymax": 501, "xmax": 959}}, {"tid": 2, "generated": 0, "bbox": {"xmin": 440, "ymin": 360, "ymax": 615, "xmax": 529}}, {"tid": 3, "generated": 0, "bbox": {"xmin": 820, "ymin": 94, "ymax": 190, "xmax": 920}}, {"tid": 4, "generated": 0, "bbox": {"xmin": 552, "ymin": 40, "ymax": 284, "xmax": 674}}, {"tid": 5, "generated": 0, "bbox": {"xmin": 636, "ymin": 62, "ymax": 298, "xmax": 718}}], [{"tid": 0, "generated": 0, "bbox": {"xmin": 346, "ymin": 177, "ymax": 640, "xmax": 794}}, {"tid": 1, "generated": 0, "bbox": {"xmin": 788, "ymin": 174, "ymax": 503, "xmax": 958}}, {"tid": 2, "generated": 0, "bbox": {"xmin": 435, "ymin": 360, "ymax": 615, "xmax": 520}}, {"tid": 3, "generated": 0, "bbox": {"xmin": 820, "ymin": 94, "ymax": 190, "xmax": 920}}, {"tid": 4, "generated": 0, "bbox": {"xmin": 548, "ymin": 40, "ymax": 284, "xmax": 670}}, {"tid": 5, "generated": 0, "bbox": {"xmin": 628, "ymin": 60, "ymax": 298, "xmax": 718}}], [{"tid": 0, "generated": 0, "bbox": {"xmin": 350, "ymin": 179, "ymax": 645, "xmax": 794}}, {"tid": 1, "generated": 0, "bbox": {"xmin": 788, "ymin": 175, "ymax": 505, "xmax": 957}}, {"tid": 2, "generated": 0, "bbox": {"xmin": 428, "ymin": 362, "ymax": 616, "xmax": 517}}, {"tid": 3, "generated": 0, "bbox": {"xmin": 820, "ymin": 94, "ymax": 190, "xmax": 920}}, {"tid": 4, "generated": 0, "bbox": {"xmin": 544, "ymin": 39, "ymax": 283, "xmax": 666}}, {"tid": 5, "generated": 0, "bbox": {"xmin": 621, "ymin": 59, "ymax": 298, "xmax": 718}}], [{"tid": 0, "generated": 0, "bbox": {"xmin": 346, "ymin": 183, "ymax": 640, "xmax": 792}}, {"tid": 1, "generated": 0, "bbox": {"xmin": 787, "ymin": 175, "ymax": 507, "xmax": 956}}, {"tid": 2, "generated": 0, "bbox": {"xmin": 419, "ymin": 366, "ymax": 613, "xmax": 515}}, {"tid": 3, "generated": 0, "bbox": {"xmin": 820, "ymin": 94, "ymax": 190, "xmax": 920}}, {"tid": 4, "generated": 0, "bbox": {"xmin": 540, "ymin": 39, "ymax": 283, "xmax": 662}}, {"tid": 5, "generated": 0, "bbox": {"xmin": 613, "ymin": 57, "ymax": 298, "xmax": 718}}], [{"tid": 0, "generated": 0, "bbox": {"xmin": 353, "ymin": 183, "ymax": 654, "xmax": 791}}, {"tid": 1, "generated": 0, "bbox": {"xmin": 787, "ymin": 175, "ymax": 509, "xmax": 955}}, {"tid": 2, "generated": 0, "bbox": {"xmin": 410, "ymin": 368, "ymax": 615, "xmax": 510}}, {"tid": 3, "generated": 0, "bbox": {"xmin": 820, "ymin": 94, "ymax": 190, "xmax": 920}}, {"tid": 4, "generated": 0, "bbox": {"xmin": 536, "ymin": 38, "ymax": 282, "xmax": 658}}, {"tid": 5, "generated": 0, "bbox": {"xmin": 606, "ymin": 56, "ymax": 298, "xmax": 718}}], [{"tid": 0, "generated": 0, "bbox": {"xmin": 353, "ymin": 181, "ymax": 663, "xmax": 789}}, {"tid": 1, "generated": 0, "bbox": {"xmin": 787, "ymin": 176, "ymax": 512, "xmax": 954}}, {"tid": 2, "generated": 0, "bbox": {"xmin": 407, "ymin": 362, "ymax": 622, "xmax": 503}}, {"tid": 3, "generated": 0, "bbox": {"xmin": 820, "ymin": 94, "ymax": 190, "xmax": 920}}, {"tid": 4, "generated": 0, "bbox": {"xmin": 532, "ymin": 38, "ymax": 282, "xmax": 654}}, {"tid": 5, "generated": 0, "bbox": {"xmin": 598, "ymin": 54, "ymax": 298, "xmax": 718}}], [{"tid": 0, "generated": 0, "bbox": {"xmin": 352, "ymin": 179, "ymax": 659, "xmax": 782}}, {"tid": 1, "generated": 0, "bbox": {"xmin": 787, "ymin": 177, "ymax": 512, "xmax": 952}}, {"tid": 2, "generated": 0, "bbox": {"xmin": 403, "ymin": 359, "ymax": 618, "xmax": 561}}, {"tid": 3, "generated": 0, "bbox": {"xmin": 820, "ymin": 94, "ymax": 190, "xmax": 920}}, {"tid": 4, "generated": 0, "bbox": {"xmin": 529, "ymin": 38, "ymax": 282, "xmax": 648}}, {"tid": 5, "generated": 0, "bbox": {"xmin": 595, "ymin": 53, "ymax": 297, "xmax": 715}}], [{"tid": 0, "generated": 0, "bbox": {"xmin": 346, "ymin": 181, "ymax": 664, "xmax": 784}}, {"tid": 1, "generated": 0, "bbox": {"xmin": 787, "ymin": 177, "ymax": 512, "xmax": 951}}, {"tid": 2, "generated": 0, "bbox": {"xmin": 400, "ymin": 358, "ymax": 619, "xmax": 567}}, {"tid": 3, "generated": 0, "bbox": {"xmin": 820, "ymin": 94, "ymax": 190, "xmax": 920}}, {"tid": 4, "generated": 0, "bbox": {"xmin": 526, "ymin": 39, "ymax": 283, "xmax": 641}}, {"tid": 5, "generated": 0, "bbox": {"xmin": 592, "ymin": 52, "ymax": 296, "xmax": 712}}], [{"tid": 0, "generated": 0, "bbox": {"xmin": 339, "ymin": 179, "ymax": 670, "xmax": 775}}, {"tid": 1, "generated": 0, "bbox": {"xmin": 788, "ymin": 177, "ymax": 512, "xmax": 951}}, {"tid": 2, "generated": 0, "bbox": {"xmin": 397, "ymin": 358, "ymax": 620, "xmax": 573}}, {"tid": 3, "generated": 0, "bbox": {"xmin": 820, "ymin": 94, "ymax": 190, "xmax": 920}}, {"tid": 4, "generated": 0, "bbox": {"xmin": 524, "ymin": 39, "ymax": 283, "xmax": 635}}, {"tid": 5, "generated": 0, "bbox": {"xmin": 588, "ymin": 52, "ymax": 296, "xmax": 708}}], [{"tid": 0, "generated": 0, "bbox": {"xmin": 334, "ymin": 184, "ymax": 672, "xmax": 776}}, {"tid": 1, "generated": 0, "bbox": {"xmin": 788, "ymin": 177, "ymax": 512, "xmax": 951}}, {"tid": 2, "generated": 0, "bbox": {"xmin": 394, "ymin": 357, "ymax": 621, "xmax": 579}}, {"tid": 3, "generated": 0, "bbox": {"xmin": 820, "ymin": 94, "ymax": 190, "xmax": 920}}, {"tid": 4, "generated": 0, "bbox": {"xmin": 521, "ymin": 40, "ymax": 284, "xmax": 628}}, {"tid": 5, "generated": 0, "bbox": {"xmin": 585, "ymin": 51, "ymax": 295, "xmax": 705}}], [{"tid": 0, "generated": 0, "bbox": {"xmin": 328, "ymin": 183, "ymax": 670, "xmax": 782}}, {"tid": 1, "generated": 0, "bbox": {"xmin": 789, "ymin": 177, "ymax": 513, "xmax": 951}}, {"tid": 2, "generated": 0, "bbox": {"xmin": 391, "ymin": 357, "ymax": 622, "xmax": 586}}, {"tid": 3, "generated": 0, "bbox": {"xmin": 820, "ymin": 94, "ymax": 190, "xmax": 920}}, {"tid": 4, "generated": 0, "bbox": {"xmin": 518, "ymin": 40, "ymax": 284, "xmax": 622}}, {"tid": 5, "generated": 0, "bbox": {"xmin": 582, "ymin": 50, "ymax": 294, "xmax": 702}}], [{"tid": 0, "generated": 0, "bbox": {"xmin": 328, "ymin": 183, "ymax": 672, "xmax": 787}}, {"tid": 1, "generated": 0, "bbox": {"xmin": 792, "ymin": 176, "ymax": 512, "xmax": 951}}, {"tid": 2, "generated": 0, "bbox": {"xmin": 376, "ymin": 380, "ymax": 624, "xmax": 592}}, {"tid": 3, "generated": 0, "bbox": {"xmin": 818, "ymin": 93, "ymax": 189, "xmax": 918}}, {"tid": 4, "generated": 0, "bbox": {"xmin": 516, "ymin": 40, "ymax": 284, "xmax": 620}}, {"tid": 5, "generated": 0, "bbox": {"xmin": 580, "ymin": 50, "ymax": 294, "xmax": 700}}], [{"tid": 0, "generated": 0, "bbox": {"xmin": 328, "ymin": 183, "ymax": 672, "xmax": 796}}, {"tid": 1, "generated": 0, "bbox": {"xmin": 791, "ymin": 176, "ymax": 512, "xmax": 949}}, {"tid": 2, "generated": 0, "bbox": {"xmin": 376, "ymin": 391, "ymax": 620, "xmax": 581}}, {"tid": 3, "generated": 0, "bbox": {"xmin": 816, "ymin": 92, "ymax": 188, "xmax": 916}}, {"tid": 4, "generated": 0, "bbox": {"xmin": 513, "ymin": 40, "ymax": 284, "xmax": 617}}, {"tid": 5, "generated": 0, "bbox": {"xmin": 577, "ymin": 50, "ymax": 294, "xmax": 697}}], [{"tid": 0, "generated": 0, "bbox": {"xmin": 328, "ymin": 183, "ymax": 673, "xmax": 796}}, {"tid": 1, "generated": 0, "bbox": {"xmin": 787, "ymin": 176, "ymax": 512, "xmax": 949}}, {"tid": 2, "generated": 0, "bbox": {"xmin": 378, "ymin": 396, "ymax": 620, "xmax": 581}}, {"tid": 3, "generated": 0, "bbox": {"xmin": 814, "ymin": 92, "ymax": 188, "xmax": 914}}, {"tid": 4, "generated": 0, "bbox": {"xmin": 511, "ymin": 40, "ymax": 284, "xmax": 615}}, {"tid": 5, "generated": 0, "bbox": {"xmin": 575, "ymin": 50, "ymax": 294, "xmax": 695}}], [{"tid": 0, "generated": 0, "bbox": {"xmin": 328, "ymin": 183, "ymax": 670, "xmax": 798}}, {"tid": 1, "generated": 0, "bbox": {"xmin": 791, "ymin": 181, "ymax": 513, "xmax": 949}}, {"tid": 2, "generated": 0, "bbox": {"xmin": 384, "ymin": 419, "ymax": 636, "xmax": 572}}, {"tid": 3, "generated": 0, "bbox": {"xmin": 812, "ymin": 91, "ymax": 187, "xmax": 912}}, {"tid": 4, "generated": 0, "bbox": {"xmin": 508, "ymin": 40, "ymax": 284, "xmax": 612}}, {"tid": 5, "generated": 0, "bbox": {"xmin": 572, "ymin": 50, "ymax": 294, "xmax": 692}}], [{"tid": 0, "generated": 0, "bbox": {"xmin": 320, "ymin": 184, "ymax": 679, "xmax": 800}}, {"tid": 1, "generated": 0, "bbox": {"xmin": 792, "ymin": 179, "ymax": 515, "xmax": 947}}, {"tid": 2, "generated": 0, "bbox": {"xmin": 396, "ymin": 444, "ymax": 638, "xmax": 577}}, {"tid": 3, "generated": 0, "bbox": {"xmin": 810, "ymin": 90, "ymax": 186, "xmax": 910}}, {"tid": 4, "generated": 0, "bbox": {"xmin": 506, "ymin": 40, "ymax": 284, "xmax": 610}}, {"tid": 5, "generated": 0, "bbox": {"xmin": 570, "ymin": 50, "ymax": 294, "xmax": 690}}], [{"tid": 0, "generated": 0, "bbox": {"xmin": 316, "ymin": 184, "ymax": 682, "xmax": 803}}, {"tid": 1, "generated": 0, "bbox": {"xmin": 789, "ymin": 182, "ymax": 517, "xmax": 945}}, {"tid": 2, "generated": 0, "bbox": {"xmin": 328, "ymin": 410, "ymax": 640, "xmax": 581}}, {"tid": 3, "generated": 0, "bbox": {"xmin": 809, "ymin": 90, "ymax": 186, "xmax": 909}}, {"tid": 4, "generated": 0, "bbox": {"xmin": 506, "ymin": 40, "ymax": 284, "xmax": 605}}, {"tid": 5, "generated": 0, "bbox": {"xmin": 564, "ymin": 48, "ymax": 296, "xmax": 684}}], [{"tid": 0, "generated": 0, "bbox": {"xmin": 309, "ymin": 181, "ymax": 682, "xmax": 798}}, {"tid": 1, "generated": 0, "bbox": {"xmin": 787, "ymin": 186, "ymax": 519, "xmax": 944}}, {"tid": 2, "generated": 0, "bbox": {"xmin": 311, "ymin": 403, "ymax": 632, "xmax": 576}}, {"tid": 3, "generated": 0, "bbox": {"xmin": 808, "ymin": 90, "ymax": 186, "xmax": 908}}, {"tid": 4, "generated": 0, "bbox": {"xmin": 506, "ymin": 40, "ymax": 284, "xmax": 600}}, {"tid": 5, "generated": 0, "bbox": {"xmin": 559, "ymin": 47, "ymax": 298, "xmax": 677}}], [{"tid": 0, "generated": 0, "bbox": {"xmin": 298, "ymin": 183, "ymax": 684, "xmax": 792}}, {"tid": 1, "generated": 0, "bbox": {"xmin": 785, "ymin": 186, "ymax": 520, "xmax": 943}}, {"tid": 2, "generated": 0, "bbox": {"xmin": 293, "ymin": 364, "ymax": 645, "xmax": 567}}, {"tid": 3, "generated": 0, "bbox": {"xmin": 808, "ymin": 90, "ymax": 186, "xmax": 908}}, {"tid": 4, "generated": 0, "bbox": {"xmin": 506, "ymin": 40, "ymax": 284, "xmax": 596}}, {"tid": 5, "generated": 0, "bbox": {"xmin": 553, "ymin": 45, "ymax": 300, "xmax": 671}}], [{"tid": 0, "generated": 0, "bbox": {"xmin": 293, "ymin": 190, "ymax": 682, "xmax": 791}}, {"tid": 1, "generated": 0, "bbox": {"xmin": 783, "ymin": 186, "ymax": 521, "xmax": 943}}, {"tid": 2, "generated": 0, "bbox": {"xmin": 289, "ymin": 362, "ymax": 643, "xmax": 570}}, {"tid": 3, "generated": 0, "bbox": {"xmin": 807, "ymin": 90, "ymax": 186, "xmax": 907}}, {"tid": 4, "generated": 0, "bbox": {"xmin": 506, "ymin": 40, "ymax": 284, "xmax": 591}}, {"tid": 5, "generated": 0, "bbox": {"xmin": 548, "ymin": 44, "ymax": 302, "xmax": 664}}], [{"tid": 0, "generated": 0, "bbox": {"xmin": 288, "ymin": 183, "ymax": 680, "xmax": 789}}, {"tid": 1, "generated": 0, "bbox": {"xmin": 781, "ymin": 186, "ymax": 522, "xmax": 942}}, {"tid": 2, "generated": 0, "bbox": {"xmin": 277, "ymin": 295, "ymax": 648, "xmax": 572}}, {"tid": 3, "generated": 0, "bbox": {"xmin": 806, "ymin": 90, "ymax": 186, "xmax": 906}}, {"tid": 4, "generated": 0, "bbox": {"xmin": 506, "ymin": 40, "ymax": 284, "xmax": 586}}, {"tid": 5, "generated": 0, "bbox": {"xmin": 542, "ymin": 42, "ymax": 304, "xmax": 658}}], [{"tid": 0, "generated": 0, "bbox": {"xmin": 298, "ymin": 181, "ymax": 686, "xmax": 787}}, {"tid": 1, "generated": 0, "bbox": {"xmin": 780, "ymin": 186, "ymax": 524, "xmax": 942}}, {"tid": 2, "generated": 0, "bbox": {"xmin": 268, "ymin": 289, "ymax": 648, "xmax": 583}}, {"tid": 3, "generated": 0, "bbox": {"xmin": 805, "ymin": 90, "ymax": 186, "xmax": 905}}, {"tid": 4, "generated": 0, "bbox": {"xmin": 498, "ymin": 38, "ymax": 281, "xmax": 582}}, {"tid": 5, "generated": 0, "bbox": {"xmin": 537, "ymin": 41, "ymax": 303, "xmax": 653}}], [{"tid": 0, "generated": 0, "bbox": {"xmin": 296, "ymin": 183, "ymax": 693, "xmax": 782}}, {"tid": 1, "generated": 0, "bbox": {"xmin": 778, "ymin": 186, "ymax": 525, "xmax": 941}}, {"tid": 2, "generated": 0, "bbox": {"xmin": 247, "ymin": 304, "ymax": 652, "xmax": 599}}, {"tid": 3, "generated": 0, "bbox": {"xmin": 804, "ymin": 90, "ymax": 186, "xmax": 904}}, {"tid": 4, "generated": 0, "bbox": {"xmin": 491, "ymin": 35, "ymax": 278, "xmax": 579}}, {"tid": 5, "generated": 0, "bbox": {"xmin": 532, "ymin": 40, "ymax": 302, "xmax": 648}}], [{"tid": 0, "generated": 0, "bbox": {"xmin": 296, "ymin": 183, "ymax": 704, "xmax": 776}}, {"tid": 1, "generated": 0, "bbox": {"xmin": 776, "ymin": 186, "ymax": 526, "xmax": 941}}, {"tid": 2, "generated": 0, "bbox": {"xmin": 231, "ymin": 307, "ymax": 652, "xmax": 615}}, {"tid": 3, "generated": 0, "bbox": {"xmin": 804, "ymin": 90, "ymax": 186, "xmax": 904}}, {"tid": 4, "generated": 0, "bbox": {"xmin": 483, "ymin": 33, "ymax": 276, "xmax": 575}}, {"tid": 5, "generated": 0, "bbox": {"xmin": 528, "ymin": 40, "ymax": 302, "xmax": 644}}], [{"tid": 0, "generated": 0, "bbox": {"xmin": 295, "ymin": 184, "ymax": 714, "xmax": 760}}, {"tid": 1, "generated": 0, "bbox": {"xmin": 774, "ymin": 186, "ymax": 527, "xmax": 940}}, {"tid": 2, "generated": 0, "bbox": {"xmin": 216, "ymin": 307, "ymax": 666, "xmax": 625}}, {"tid": 3, "generated": 0, "bbox": {"xmin": 803, "ymin": 90, "ymax": 186, "xmax": 903}}, {"tid": 4, "generated": 0, "bbox": {"xmin": 476, "ymin": 30, "ymax": 273, "xmax": 572}}, {"tid": 5, "generated": 0, "bbox": {"xmin": 523, "ymin": 39, "ymax": 301, "xmax": 639}}], [], [], [], [], [], [], [], [], [], [], [], [], [], [], [], [], [], [], [], [], [], [], [], [], [], [], [], [], [], [], [], [], [], [], [], [], [], [], [], [], [], [], [], [], [], [{"tid": 0, "generated": 0, "bbox": {"xmin": 83, "ymin": 174, "ymax": 711, "xmax": 688}}, {"tid": 1, "generated": 0, "bbox": {"xmin": 673, "ymin": 172, "ymax": 547, "xmax": 933}}, {"tid": 2, "generated": 0, "bbox": {"xmin": 1, "ymin": 336, "ymax": 707, "xmax": 490}}, {"tid": 3, "generated": 0, "bbox": {"xmin": 780, "ymin": 64, "ymax": 184, "xmax": 888}}, {"tid": 4, "generated": 0, "bbox": {"xmin": 310, "ymin": 6, "ymax": 332, "xmax": 418}}, {"tid": 5, "generated": 0, "bbox": {"xmin": 368, "ymin": 18, "ymax": 300, "xmax": 484}}], [{"tid": 0, "generated": 0, "bbox": {"xmin": 81, "ymin": 174, "ymax": 711, "xmax": 685}}, {"tid": 1, "generated": 0, "bbox": {"xmin": 676, "ymin": 171, "ymax": 547, "xmax": 933}}, {"tid": 2, "generated": 0, "bbox": {"xmin": 3, "ymin": 336, "ymax": 716, "xmax": 480}}, {"tid": 3, "generated": 0, "bbox": {"xmin": 777, "ymin": 63, "ymax": 183, "xmax": 888}}, {"tid": 4, "generated": 0, "bbox": {"xmin": 310, "ymin": 7, "ymax": 333, "xmax": 418}}, {"tid": 5, "generated": 0, "bbox": {"xmin": 366, "ymin": 18, "ymax": 300, "xmax": 482}}], [{"tid": 0, "generated": 0, "bbox": {"xmin": 79, "ymin": 175, "ymax": 711, "xmax": 682}}, {"tid": 1, "generated": 0, "bbox": {"xmin": 679, "ymin": 170, "ymax": 548, "xmax": 934}}, {"tid": 2, "generated": 0, "bbox": {"xmin": 3, "ymin": 334, "ymax": 711, "xmax": 465}}, {"tid": 3, "generated": 0, "bbox": {"xmin": 774, "ymin": 62, "ymax": 182, "xmax": 888}}, {"tid": 4, "generated": 0, "bbox": {"xmin": 309, "ymin": 8, "ymax": 334, "xmax": 417}}, {"tid": 5, "generated": 0, "bbox": {"xmin": 364, "ymin": 17, "ymax": 299, "xmax": 480}}], [{"tid": 0, "generated": 0, "bbox": {"xmin": 78, "ymin": 176, "ymax": 711, "xmax": 680}}, {"tid": 1, "generated": 0, "bbox": {"xmin": 682, "ymin": 170, "ymax": 549, "xmax": 935}}, {"tid": 2, "generated": 0, "bbox": {"xmin": 3, "ymin": 330, "ymax": 712, "xmax": 469}}, {"tid": 3, "generated": 0, "bbox": {"xmin": 772, "ymin": 60, "ymax": 180, "xmax": 888}}, {"tid": 4, "generated": 0, "bbox": {"xmin": 309, "ymin": 10, "ymax": 336, "xmax": 417}}, {"tid": 5, "generated": 0, "bbox": {"xmin": 362, "ymin": 17, "ymax": 299, "xmax": 478}}], [{"tid": 0, "generated": 0, "bbox": {"xmin": 72, "ymin": 174, "ymax": 711, "xmax": 680}}, {"tid": 1, "generated": 0, "bbox": {"xmin": 686, "ymin": 170, "ymax": 549, "xmax": 933}}, {"tid": 2, "generated": 0, "bbox": {"xmin": 3, "ymin": 336, "ymax": 714, "xmax": 455}}, {"tid": 3, "generated": 0, "bbox": {"xmin": 769, "ymin": 59, "ymax": 179, "xmax": 888}}, {"tid": 4, "generated": 0, "bbox": {"xmin": 308, "ymin": 11, "ymax": 337, "xmax": 416}}, {"tid": 5, "generated": 0, "bbox": {"xmin": 360, "ymin": 16, "ymax": 298, "xmax": 476}}], [{"tid": 0, "generated": 0, "bbox": {"xmin": 69, "ymin": 174, "ymax": 712, "xmax": 679}}, {"tid": 1, "generated": 0, "bbox": {"xmin": 695, "ymin": 170, "ymax": 552, "xmax": 935}}, {"tid": 2, "generated": 0, "bbox": {"xmin": 3, "ymin": 334, "ymax": 718, "xmax": 439}}, {"tid": 3, "generated": 0, "bbox": {"xmin": 766, "ymin": 58, "ymax": 178, "xmax": 888}}, {"tid": 4, "generated": 0, "bbox": {"xmin": 308, "ymin": 12, "ymax": 338, "xmax": 416}}, {"tid": 5, "generated": 0, "bbox": {"xmin": 358, "ymin": 16, "ymax": 298, "xmax": 474}}], [{"tid": 0, "generated": 0, "bbox": {"xmin": 65, "ymin": 173, "ymax": 714, "xmax": 677}}, {"tid": 1, "generated": 0, "bbox": {"xmin": 694, "ymin": 168, "ymax": 552, "xmax": 934}}, {"tid": 2, "generated": 0, "bbox": {"xmin": 3, "ymin": 327, "ymax": 718, "xmax": 423}}, {"tid": 3, "generated": 0, "bbox": {"xmin": 765, "ymin": 57, "ymax": 177, "xmax": 887}}, {"tid": 4, "generated": 0, "bbox": {"xmin": 304, "ymin": 12, "ymax": 338, "xmax": 412}}, {"tid": 5, "generated": 0, "bbox": {"xmin": 356, "ymin": 16, "ymax": 298, "xmax": 472}}], [{"tid": 0, "generated": 0, "bbox": {"xmin": 62, "ymin": 172, "ymax": 716, "xmax": 675}}, {"tid": 1, "generated": 0, "bbox": {"xmin": 693, "ymin": 166, "ymax": 552, "xmax": 933}}, {"tid": 2, "generated": 0, "bbox": {"xmin": 1, "ymin": 327, "ymax": 712, "xmax": 410}}, {"tid": 3, "generated": 0, "bbox": {"xmin": 764, "ymin": 56, "ymax": 176, "xmax": 886}}, {"tid": 4, "generated": 0, "bbox": {"xmin": 300, "ymin": 12, "ymax": 338, "xmax": 408}}, {"tid": 5, "generated": 0, "bbox": {"xmin": 354, "ymin": 16, "ymax": 298, "xmax": 470}}], [{"tid": 0, "generated": 0, "bbox": {"xmin": 62, "ymin": 174, "ymax": 714, "xmax": 675}}, {"tid": 1, "generated": 0, "bbox": {"xmin": 692, "ymin": 165, "ymax": 552, "xmax": 932}}, {"tid": 2, "generated": 0, "bbox": {"xmin": 1, "ymin": 320, "ymax": 709, "xmax": 394}}, {"tid": 3, "generated": 0, "bbox": {"xmin": 764, "ymin": 54, "ymax": 174, "xmax": 886}}, {"tid": 4, "generated": 0, "bbox": {"xmin": 296, "ymin": 12, "ymax": 338, "xmax": 404}}, {"tid": 5, "generated": 0, "bbox": {"xmin": 352, "ymin": 16, "ymax": 298, "xmax": 468}}], [{"tid": 0, "generated": 0, "bbox": {"xmin": 60, "ymin": 174, "ymax": 716, "xmax": 675}}, {"tid": 1, "generated": 0, "bbox": {"xmin": 691, "ymin": 163, "ymax": 552, "xmax": 932}}, {"tid": 2, "generated": 0, "bbox": {"xmin": 1, "ymin": 320, "ymax": 714, "xmax": 392}}, {"tid": 3, "generated": 0, "bbox": {"xmin": 763, "ymin": 53, "ymax": 173, "xmax": 885}}, {"tid": 4, "generated": 0, "bbox": {"xmin": 292, "ymin": 12, "ymax": 338, "xmax": 400}}, {"tid": 5, "generated": 0, "bbox": {"xmin": 350, "ymin": 16, "ymax": 298, "xmax": 466}}], [{"tid": 0, "generated": 0, "bbox": {"xmin": 56, "ymin": 174, "ymax": 716, "xmax": 673}}, {"tid": 1, "generated": 0, "bbox": {"xmin": 690, "ymin": 162, "ymax": 552, "xmax": 931}}, {"tid": 2, "generated": 0, "bbox": {"xmin": 0, "ymin": 320, "ymax": 707, "xmax": 385}}, {"tid": 3, "generated": 0, "bbox": {"xmin": 762, "ymin": 52, "ymax": 172, "xmax": 884}}, {"tid": 4, "generated": 0, "bbox": {"xmin": 288, "ymin": 12, "ymax": 338, "xmax": 396}}, {"tid": 5, "generated": 0, "bbox": {"xmin": 348, "ymin": 16, "ymax": 298, "xmax": 464}}], [{"tid": 0, "generated": 0, "bbox": {"xmin": 53, "ymin": 174, "ymax": 714, "xmax": 671}}, {"tid": 1, "generated": 0, "bbox": {"xmin": 689, "ymin": 160, "ymax": 552, "xmax": 930}}, {"tid": 2, "generated": 0, "bbox": {"xmin": 3, "ymin": 321, "ymax": 712, "xmax": 408}}, {"tid": 3, "generated": 0, "bbox": {"xmin": 760, "ymin": 52, "ymax": 172, "xmax": 882}}, {"tid": 4, "generated": 0, "bbox": {"xmin": 286, "ymin": 12, "ymax": 338, "xmax": 394}}, {"tid": 5, "generated": 0, "bbox": {"xmin": 346, "ymin": 16, "ymax": 298, "xmax": 462}}], [{"tid": 0, "generated": 0, "bbox": {"xmin": 51, "ymin": 174, "ymax": 712, "xmax": 670}}, {"tid": 1, "generated": 0, "bbox": {"xmin": 688, "ymin": 158, "ymax": 552, "xmax": 930}}, {"tid": 2, "generated": 0, "bbox": {"xmin": 3, "ymin": 321, "ymax": 711, "xmax": 396}}, {"tid": 3, "generated": 0, "bbox": {"xmin": 759, "ymin": 52, "ymax": 172, "xmax": 881}}, {"tid": 4, "generated": 0, "bbox": {"xmin": 284, "ymin": 12, "ymax": 338, "xmax": 392}}, {"tid": 5, "generated": 0, "bbox": {"xmin": 343, "ymin": 16, "ymax": 298, "xmax": 459}}], [{"tid": 0, "generated": 0, "bbox": {"xmin": 49, "ymin": 176, "ymax": 714, "xmax": 664}}, {"tid": 1, "generated": 0, "bbox": {"xmin": 687, "ymin": 157, "ymax": 552, "xmax": 929}}, {"tid": 2, "generated": 0, "bbox": {"xmin": 3, "ymin": 321, "ymax": 705, "xmax": 282}}, {"tid": 3, "generated": 0, "bbox": {"xmin": 757, "ymin": 52, "ymax": 172, "xmax": 879}}, {"tid": 4, "generated": 0, "bbox": {"xmin": 282, "ymin": 12, "ymax": 338, "xmax": 390}}, {"tid": 5, "generated": 0, "bbox": {"xmin": 341, "ymin": 16, "ymax": 298, "xmax": 457}}], [{"tid": 0, "generated": 0, "bbox": {"xmin": 49, "ymin": 176, "ymax": 711, "xmax": 656}}, {"tid": 1, "generated": 0, "bbox": {"xmin": 686, "ymin": 155, "ymax": 552, "xmax": 928}}, {"tid": 2, "generated": 0, "bbox": {"xmin": 3, "ymin": 321, "ymax": 709, "xmax": 279}}, {"tid": 3, "generated": 0, "bbox": {"xmin": 756, "ymin": 52, "ymax": 172, "xmax": 878}}, {"tid": 4, "generated": 0, "bbox": {"xmin": 280, "ymin": 12, "ymax": 338, "xmax": 388}}, {"tid": 5, "generated": 0, "bbox": {"xmin": 338, "ymin": 16, "ymax": 298, "xmax": 454}}], [{"tid": 0, "generated": 0, "bbox": {"xmin": 48, "ymin": 177, "ymax": 714, "xmax": 656}}, {"tid": 1, "generated": 0, "bbox": {"xmin": 686, "ymin": 154, "ymax": 552, "xmax": 928}}, {"tid": 2, "generated": 0, "bbox": {"xmin": 3, "ymin": 321, "ymax": 714, "xmax": 275}}, {"tid": 3, "generated": 0, "bbox": {"xmin": 754, "ymin": 52, "ymax": 172, "xmax": 876}}, {"tid": 4, "generated": 0, "bbox": {"xmin": 278, "ymin": 12, "ymax": 338, "xmax": 386}}, {"tid": 5, "generated": 0, "bbox": {"xmin": 336, "ymin": 16, "ymax": 298, "xmax": 452}}], [{"tid": 0, "generated": 0, "bbox": {"xmin": 48, "ymin": 177, "ymax": 714, "xmax": 656}}, {"tid": 1, "generated": 0, "bbox": {"xmin": 683, "ymin": 154, "ymax": 553, "xmax": 926}}, {"tid": 2, "generated": 0, "bbox": {"xmin": 1, "ymin": 321, "ymax": 712, "xmax": 268}}, {"tid": 3, "generated": 0, "bbox": {"xmin": 752, "ymin": 52, "ymax": 172, "xmax": 874}}, {"tid": 4, "generated": 0, "bbox": {"xmin": 276, "ymin": 12, "ymax": 338, "xmax": 384}}, {"tid": 5, "generated": 0, "bbox": {"xmin": 336, "ymin": 16, "ymax": 304, "xmax": 452}}], [{"tid": 0, "generated": 0, "bbox": {"xmin": 48, "ymin": 177, "ymax": 714, "xmax": 656}}, {"tid": 1, "generated": 0, "bbox": {"xmin": 680, "ymin": 154, "ymax": 554, "xmax": 925}}, {"tid": 2, "generated": 0, "bbox": {"xmin": 0, "ymin": 321, "ymax": 709, "xmax": 264}}, {"tid": 3, "generated": 0, "bbox": {"xmin": 751, "ymin": 51, "ymax": 171, "xmax": 873}}, {"tid": 4, "generated": 0, "bbox": {"xmin": 275, "ymin": 12, "ymax": 338, "xmax": 383}}, {"tid": 5, "generated": 0, "bbox": {"xmin": 336, "ymin": 16, "ymax": 311, "xmax": 452}}], [{"tid": 0, "generated": 0, "bbox": {"xmin": 43, "ymin": 177, "ymax": 713, "xmax": 655}}, {"tid": 1, "generated": 0, "bbox": {"xmin": 677, "ymin": 154, "ymax": 556, "xmax": 924}}, {"tid": 2, "generated": 0, "bbox": {"xmin": 0, "ymin": 320, "ymax": 708, "xmax": 255}}, {"tid": 3, "generated": 0, "bbox": {"xmin": 749, "ymin": 51, "ymax": 171, "xmax": 871}}, {"tid": 4, "generated": 0, "bbox": {"xmin": 273, "ymin": 12, "ymax": 338, "xmax": 381}}, {"tid": 5, "generated": 0, "bbox": {"xmin": 336, "ymin": 16, "ymax": 317, "xmax": 452}}], [{"tid": 0, "generated": 0, "bbox": {"xmin": 39, "ymin": 177, "ymax": 712, "xmax": 654}}, {"tid": 1, "generated": 0, "bbox": {"xmin": 676, "ymin": 154, "ymax": 555, "xmax": 923}}, {"tid": 2, "generated": 0, "bbox": {"xmin": 0, "ymin": 320, "ymax": 707, "xmax": 247}}, {"tid": 3, "generated": 0, "bbox": {"xmin": 748, "ymin": 50, "ymax": 170, "xmax": 870}}, {"tid": 4, "generated": 0, "bbox": {"xmin": 272, "ymin": 12, "ymax": 338, "xmax": 380}}, {"tid": 5, "generated": 0, "bbox": {"xmin": 336, "ymin": 16, "ymax": 324, "xmax": 452}}], [{"tid": 0, "generated": 0, "bbox": {"xmin": 37, "ymin": 176, "ymax": 716, "xmax": 650}}, {"tid": 1, "generated": 0, "bbox": {"xmin": 675, "ymin": 154, "ymax": 554, "xmax": 922}}, {"tid": 2, "generated": 0, "bbox": {"xmin": 0, "ymin": 320, "ymax": 708, "xmax": 242}}, {"tid": 3, "generated": 0, "bbox": {"xmin": 746, "ymin": 50, "ymax": 170, "xmax": 868}}, {"tid": 4, "generated": 0, "bbox": {"xmin": 270, "ymin": 12, "ymax": 338, "xmax": 378}}, {"tid": 5, "generated": 0, "bbox": {"xmin": 336, "ymin": 16, "ymax": 330, "xmax": 452}}], [{"tid": 0, "generated": 0, "bbox": {"xmin": 35, "ymin": 176, "ymax": 716, "xmax": 648}}, {"tid": 1, "generated": 0, "bbox": {"xmin": 673, "ymin": 154, "ymax": 556, "xmax": 922}}, {"tid": 2, "generated": 0, "bbox": {"xmin": 0, "ymin": 321, "ymax": 709, "xmax": 238}}, {"tid": 3, "generated": 0, "bbox": {"xmin": 744, "ymin": 50, "ymax": 170, "xmax": 866}}, {"tid": 4, "generated": 0, "bbox": {"xmin": 270, "ymin": 12, "ymax": 338, "xmax": 378}}, {"tid": 5, "generated": 0, "bbox": {"xmin": 334, "ymin": 16, "ymax": 330, "xmax": 450}}], [{"tid": 0, "generated": 0, "bbox": {"xmin": 33, "ymin": 176, "ymax": 714, "xmax": 648}}, {"tid": 1, "generated": 0, "bbox": {"xmin": 672, "ymin": 154, "ymax": 559, "xmax": 922}}, {"tid": 2, "generated": 0, "bbox": {"xmin": 0, "ymin": 321, "ymax": 711, "xmax": 215}}, {"tid": 3, "generated": 0, "bbox": {"xmin": 742, "ymin": 49, "ymax": 169, "xmax": 864}}, {"tid": 4, "generated": 0, "bbox": {"xmin": 270, "ymin": 12, "ymax": 338, "xmax": 378}}, {"tid": 5, "generated": 0, "bbox": {"xmin": 331, "ymin": 16, "ymax": 330, "xmax": 447}}], [{"tid": 0, "generated": 0, "bbox": {"xmin": 30, "ymin": 176, "ymax": 714, "xmax": 648}}, {"tid": 1, "generated": 0, "bbox": {"xmin": 670, "ymin": 154, "ymax": 561, "xmax": 922}}, {"tid": 2, "generated": 0, "bbox": {"xmin": 0, "ymin": 321, "ymax": 712, "xmax": 184}}, {"tid": 3, "generated": 0, "bbox": {"xmin": 740, "ymin": 49, "ymax": 169, "xmax": 862}}, {"tid": 4, "generated": 0, "bbox": {"xmin": 270, "ymin": 12, "ymax": 338, "xmax": 378}}, {"tid": 5, "generated": 0, "bbox": {"xmin": 329, "ymin": 16, "ymax": 330, "xmax": 445}}], [{"tid": 0, "generated": 0, "bbox": {"xmin": 28, "ymin": 176, "ymax": 711, "xmax": 654}}, {"tid": 1, "generated": 0, "bbox": {"xmin": 669, "ymin": 154, "ymax": 564, "xmax": 922}}, {"tid": 2, "generated": 0, "bbox": {"xmin": 0, "ymin": 322, "ymax": 714, "xmax": 169}}, {"tid": 3, "generated": 0, "bbox": {"xmin": 738, "ymin": 48, "ymax": 168, "xmax": 860}}, {"tid": 4, "generated": 0, "bbox": {"xmin": 270, "ymin": 12, "ymax": 338, "xmax": 378}}, {"tid": 5, "generated": 0, "bbox": {"xmin": 326, "ymin": 16, "ymax": 330, "xmax": 442}}], [{"tid": 0, "generated": 0, "bbox": {"xmin": 23, "ymin": 181, "ymax": 716, "xmax": 654}}, {"tid": 1, "generated": 0, "bbox": {"xmin": 668, "ymin": 154, "ymax": 567, "xmax": 922}}, {"tid": 2, "generated": 0, "bbox": {"xmin": 0, "ymin": 323, "ymax": 716, "xmax": 154}}, {"tid": 3, "generated": 0, "bbox": {"xmin": 736, "ymin": 48, "ymax": 168, "xmax": 858}}, {"tid": 4, "generated": 0, "bbox": {"xmin": 270, "ymin": 12, "ymax": 338, "xmax": 378}}, {"tid": 5, "generated": 0, "bbox": {"xmin": 324, "ymin": 16, "ymax": 330, "xmax": 440}}], [{"tid": 0, "generated": 0, "bbox": {"xmin": 19, "ymin": 179, "ymax": 714, "xmax": 656}}, {"tid": 1, "generated": 0, "bbox": {"xmin": 664, "ymin": 152, "ymax": 565, "xmax": 920}}, {"tid": 2, "generated": 0, "bbox": {"xmin": 0, "ymin": 327, "ymax": 714, "xmax": 151}}, {"tid": 3, "generated": 0, "bbox": {"xmin": 736, "ymin": 46, "ymax": 166, "xmax": 858}}, {"tid": 4, "generated": 0, "bbox": {"xmin": 267, "ymin": 12, "ymax": 338, "xmax": 375}}, {"tid": 5, "generated": 0, "bbox": {"xmin": 324, "ymin": 16, "ymax": 330, "xmax": 440}}], [{"tid": 0, "generated": 0, "bbox": {"xmin": 21, "ymin": 177, "ymax": 716, "xmax": 656}}, {"tid": 1, "generated": 0, "bbox": {"xmin": 663, "ymin": 149, "ymax": 569, "xmax": 918}}, {"tid": 2, "generated": 0, "bbox": {"xmin": 0, "ymin": 332, "ymax": 714, "xmax": 150}}, {"tid": 3, "generated": 0, "bbox": {"xmin": 736, "ymin": 45, "ymax": 165, "xmax": 858}}, {"tid": 4, "generated": 0, "bbox": {"xmin": 264, "ymin": 12, "ymax": 338, "xmax": 372}}, {"tid": 5, "generated": 0, "bbox": {"xmin": 324, "ymin": 16, "ymax": 330, "xmax": 440}}], [{"tid": 0, "generated": 0, "bbox": {"xmin": 14, "ymin": 179, "ymax": 716, "xmax": 656}}, {"tid": 1, "generated": 0, "bbox": {"xmin": 663, "ymin": 147, "ymax": 573, "xmax": 916}}, {"tid": 2, "generated": 0, "bbox": {"xmin": 0, "ymin": 337, "ymax": 714, "xmax": 149}}, {"tid": 3, "generated": 0, "bbox": {"xmin": 736, "ymin": 43, "ymax": 163, "xmax": 858}}, {"tid": 4, "generated": 0, "bbox": {"xmin": 260, "ymin": 12, "ymax": 338, "xmax": 368}}, {"tid": 5, "generated": 0, "bbox": {"xmin": 324, "ymin": 16, "ymax": 330, "xmax": 440}}], [{"tid": 0, "generated": 0, "bbox": {"xmin": 14, "ymin": 179, "ymax": 716, "xmax": 656}}, {"tid": 1, "generated": 0, "bbox": {"xmin": 663, "ymin": 145, "ymax": 577, "xmax": 915}}, {"tid": 2, "generated": 0, "bbox": {"xmin": 0, "ymin": 342, "ymax": 714, "xmax": 149}}, {"tid": 3, "generated": 0, "bbox": {"xmin": 736, "ymin": 42, "ymax": 162, "xmax": 858}}, {"tid": 4, "generated": 0, "bbox": {"xmin": 257, "ymin": 12, "ymax": 338, "xmax": 365}}, {"tid": 5, "generated": 0, "bbox": {"xmin": 324, "ymin": 16, "ymax": 330, "xmax": 440}}]], "subject/objects": [{"category": "elephant", "tid": 0}, {"category": "elephant", "tid": 1}, {"category": "elephant", "tid": 2}, {"category": "person", "tid": 3}, {"category": "person", "tid": 4}, {"category": "person", "tid": 5}], "relation_instances": [{"end_fid": 30, "subject_tid": 0, "predicate": "walk_front", "begin_fid": 0, "object_tid": 1}, {"end_fid": 30, "subject_tid": 1, "predicate": "walk_behind", "begin_fid": 0, "object_tid": 0}, {"end_fid": 30, "subject_tid": 1, "predicate": "follow", "begin_fid": 0, "object_tid": 0}, {"end_fid": 30, "subject_tid": 0, "predicate": "walk_front", "begin_fid": 0, "object_tid": 2}, {"end_fid": 30, "subject_tid": 0, "predicate": "walk_with", "begin_fid": 0, "object_tid": 2}, {"end_fid": 30, "subject_tid": 2, "predicate": "walk_behind", "begin_fid": 0, "object_tid": 0}, {"end_fid": 30, "subject_tid": 2, "predicate": "walk_with", "begin_fid": 0, "object_tid": 0}, {"end_fid": 30, "subject_tid": 0, "predicate": "walk_front", "begin_fid": 0, "object_tid": 3}, {"end_fid": 30, "subject_tid": 3, "predicate": "sit_behind", "begin_fid": 0, "object_tid": 0}, {"end_fid": 30, "subject_tid": 0, "predicate": "walk_beneath", "begin_fid": 0, "object_tid": 4}, {"end_fid": 30, "subject_tid": 4, "predicate": "above", "begin_fid": 0, "object_tid": 0}, {"end_fid": 30, "subject_tid": 4, "predicate": "ride", "begin_fid": 0, "object_tid": 0}, {"end_fid": 30, "subject_tid": 0, "predicate": "walk_beneath", "begin_fid": 0, "object_tid": 5}, {"end_fid": 30, "subject_tid": 5, "predicate": "above", "begin_fid": 0, "object_tid": 0}, {"end_fid": 30, "subject_tid": 5, "predicate": "ride", "begin_fid": 0, "object_tid": 0}, {"end_fid": 30, "subject_tid": 1, "predicate": "walk_behind", "begin_fid": 0, "object_tid": 2}, {"end_fid": 30, "subject_tid": 1, "predicate": "follow", "begin_fid": 0, "object_tid": 2}, {"end_fid": 30, "subject_tid": 2, "predicate": "walk_front", "begin_fid": 0, "object_tid": 1}, {"end_fid": 30, "subject_tid": 1, "predicate": "walk_beneath", "begin_fid": 0, "object_tid": 3}, {"end_fid": 30, "subject_tid": 3, "predicate": "above", "begin_fid": 0, "object_tid": 1}, {"end_fid": 30, "subject_tid": 3, "predicate": "ride", "begin_fid": 0, "object_tid": 1}, {"end_fid": 30, "subject_tid": 1, "predicate": "walk_behind", "begin_fid": 0, "object_tid": 4}, {"end_fid": 30, "subject_tid": 4, "predicate": "front", "begin_fid": 0, "object_tid": 1}, {"end_fid": 30, "subject_tid": 1, "predicate": "walk_behind", "begin_fid": 0, "object_tid": 5}, {"end_fid": 30, "subject_tid": 5, "predicate": "front", "begin_fid": 0, "object_tid": 1}, {"end_fid": 30, "subject_tid": 2, "predicate": "walk_front", "begin_fid": 0, "object_tid": 3}, {"end_fid": 30, "subject_tid": 3, "predicate": "behind", "begin_fid": 0, "object_tid": 2}, {"end_fid": 30, "subject_tid": 2, "predicate": "walk_next_to", "begin_fid": 0, "object_tid": 4}, {"end_fid": 30, "subject_tid": 2, "predicate": "walk_beneath", "begin_fid": 0, "object_tid": 4}, {"end_fid": 30, "subject_tid": 4, "predicate": "next_to", "begin_fid": 0, "object_tid": 2}, {"end_fid": 30, "subject_tid": 4, "predicate": "above", "begin_fid": 0, "object_tid": 2}, {"end_fid": 30, "subject_tid": 2, "predicate": "walk_next_to", "begin_fid": 0, "object_tid": 5}, {"end_fid": 30, "subject_tid": 2, "predicate": "walk_beneath", "begin_fid": 0, "object_tid": 5}, {"end_fid": 30, "subject_tid": 5, "predicate": "next_to", "begin_fid": 0, "object_tid": 2}, {"end_fid": 30, "subject_tid": 5, "predicate": "above", "begin_fid": 0, "object_tid": 2}, {"end_fid": 30, "subject_tid": 3, "predicate": "behind", "begin_fid": 0, "object_tid": 4}, {"end_fid": 30, "subject_tid": 4, "predicate": "front", "begin_fid": 0, "object_tid": 3}, {"end_fid": 30, "subject_tid": 3, "predicate": "behind", "begin_fid": 0, "object_tid": 5}, {"end_fid": 30, "subject_tid": 5, "predicate": "front", "begin_fid": 0, "object_tid": 3}, {"end_fid": 30, "subject_tid": 4, "predicate": "sit_next_to", "begin_fid": 0, "object_tid": 5}, {"end_fid": 30, "subject_tid": 4, "predicate": "sit_front", "begin_fid": 0, "object_tid": 5}, {"end_fid": 30, "subject_tid": 5, "predicate": "sit_next_to", "begin_fid": 0, "object_tid": 4}, {"end_fid": 30, "subject_tid": 5, "predicate": "sit_behind", "begin_fid": 0, "object_tid": 4}, {"end_fid": 105, "subject_tid": 0, "predicate": "walk_front", "begin_fid": 75, "object_tid": 1}, {"end_fid": 105, "subject_tid": 0, "predicate": "walk_left", "begin_fid": 75, "object_tid": 1}, {"end_fid": 105, "subject_tid": 1, "predicate": "walk_right", "begin_fid": 75, "object_tid": 0}, {"end_fid": 105, "subject_tid": 1, "predicate": "walk_behind", "begin_fid": 75, "object_tid": 0}, {"end_fid": 105, "subject_tid": 1, "predicate": "follow", "begin_fid": 75, "object_tid": 0}, {"end_fid": 105, "subject_tid": 0, "predicate": "walk_next_to", "begin_fid": 75, "object_tid": 2}, {"end_fid": 105, "subject_tid": 0, "predicate": "walk_behind", "begin_fid": 75, "object_tid": 2}, {"end_fid": 105, "subject_tid": 0, "predicate": "walk_with", "begin_fid": 75, "object_tid": 2}, {"end_fid": 105, "subject_tid": 2, "predicate": "walk_next_to", "begin_fid": 75, "object_tid": 0}, {"end_fid": 105, "subject_tid": 2, "predicate": "walk_front", "begin_fid": 75, "object_tid": 0}, {"end_fid": 105, "subject_tid": 2, "predicate": "walk_with", "begin_fid": 75, "object_tid": 0}, {"end_fid": 105, "subject_tid": 0, "predicate": "front", "begin_fid": 75, "object_tid": 3}, {"end_fid": 105, "subject_tid": 3, "predicate": "behind", "begin_fid": 75, "object_tid": 0}, {"end_fid": 105, "subject_tid": 0, "predicate": "walk_beneath", "begin_fid": 75, "object_tid": 4}, {"end_fid": 105, "subject_tid": 4, "predicate": "above", "begin_fid": 75, "object_tid": 0}, {"end_fid": 105, "subject_tid": 4, "predicate": "ride", "begin_fid": 75, "object_tid": 0}, {"end_fid": 105, "subject_tid": 0, "predicate": "walk_beneath", "begin_fid": 75, "object_tid": 5}, {"end_fid": 105, "subject_tid": 5, "predicate": "above", "begin_fid": 75, "object_tid": 0}, {"end_fid": 105, "subject_tid": 5, "predicate": "ride", "begin_fid": 75, "object_tid": 0}, {"end_fid": 105, "subject_tid": 1, "predicate": "walk_behind", "begin_fid": 75, "object_tid": 2}, {"end_fid": 105, "subject_tid": 2, "predicate": "walk_front", "begin_fid": 75, "object_tid": 1}, {"end_fid": 105, "subject_tid": 1, "predicate": "walk_beneath", "begin_fid": 75, "object_tid": 3}, {"end_fid": 105, "subject_tid": 3, "predicate": "above", "begin_fid": 75, "object_tid": 1}, {"end_fid": 105, "subject_tid": 3, "predicate": "ride", "begin_fid": 75, "object_tid": 1}, {"end_fid": 105, "subject_tid": 1, "predicate": "walk_behind", "begin_fid": 75, "object_tid": 4}, {"end_fid": 105, "subject_tid": 4, "predicate": "front", "begin_fid": 75, "object_tid": 1}, {"end_fid": 105, "subject_tid": 1, "predicate": "walk_behind", "begin_fid": 75, "object_tid": 5}, {"end_fid": 105, "subject_tid": 5, "predicate": "front", "begin_fid": 75, "object_tid": 1}, {"end_fid": 105, "subject_tid": 2, "predicate": "walk_front", "begin_fid": 75, "object_tid": 3}, {"end_fid": 105, "subject_tid": 3, "predicate": "behind", "begin_fid": 75, "object_tid": 2}, {"end_fid": 105, "subject_tid": 2, "predicate": "walk_front", "begin_fid": 75, "object_tid": 4}, {"end_fid": 105, "subject_tid": 2, "predicate": "walk_beneath", "begin_fid": 75, "object_tid": 4}, {"end_fid": 105, "subject_tid": 4, "predicate": "behind", "begin_fid": 75, "object_tid": 2}, {"end_fid": 105, "subject_tid": 4, "predicate": "above", "begin_fid": 75, "object_tid": 2}, {"end_fid": 105, "subject_tid": 2, "predicate": "walk_front", "begin_fid": 75, "object_tid": 5}, {"end_fid": 105, "subject_tid": 2, "predicate": "walk_beneath", "begin_fid": 75, "object_tid": 5}, {"end_fid": 105, "subject_tid": 5, "predicate": "behind", "begin_fid": 75, "object_tid": 2}, {"end_fid": 105, "subject_tid": 5, "predicate": "above", "begin_fid": 75, "object_tid": 2}, {"end_fid": 105, "subject_tid": 3, "predicate": "behind", "begin_fid": 75, "object_tid": 4}, {"end_fid": 105, "subject_tid": 4, "predicate": "front", "begin_fid": 75, "object_tid": 3}, {"end_fid": 105, "subject_tid": 3, "predicate": "behind", "begin_fid": 75, "object_tid": 5}, {"end_fid": 105, "subject_tid": 5, "predicate": "front", "begin_fid": 75, "object_tid": 3}, {"end_fid": 105, "subject_tid": 4, "predicate": "sit_next_to", "begin_fid": 75, "object_tid": 5}, {"end_fid": 105, "subject_tid": 4, "predicate": "sit_front", "begin_fid": 75, "object_tid": 5}, {"end_fid": 105, "subject_tid": 5, "predicate": "sit_next_to", "begin_fid": 75, "object_tid": 4}, {"end_fid": 105, "subject_tid": 5, "predicate": "sit_behind", "begin_fid": 75, "object_tid": 4}], "height": 720}